index,energy
0,-12.53486651768694
1,-11.5012911166679
2,-11.47690702950892
3,-11.403418627477842
