method,variant_label,variant_hash,metric_definition_hash,tame,seed,step,t,n_fee,n_fee_per_particle,n_force_per_particle,n_extra_potential_equivalent_per_particle,CV_SW2,CV_MMD2_biased,CV_MMD2_unbiased,latent_z1_KS,CV_KDE_Hellinger,basin_outside_mass,basin_JS,basin_TV,tamed,tame_cap,boundary_rule,score_evaluation,splitting,jump_mode,bank_size,bank_refresh_policy,bank_shared_between_score_and_noise,m_clip_fraction,jump_count_mean,max_log_magnitude,jump_count_applied_cumulative,score_clip_fraction_cumulative,jump_rate_per_particle_time_cumulative,boundary_reject_fraction_cumulative,nonfinite_proposal_fraction_cumulative
LSC-CP-RA,"LSC-CP-RA (A=8), tamed",44d6ecf1abcc7ab097c151f5d67417fb,c87203a12406cc5114b7ffa2d8877465,True,0,0,0.0,0.0,0.0,0.0,0.0,0.737586164494588,0.518280861160171,0.5177822771446605,0.795,0.5312652962468645,0.0,0.36550095012754413,0.7311477216369078,True,0.12012712206063299,reject,pre_step,drift_diffusion_then_jump,iid_bank,8,every_step,True,,,,,,,,
LSC-CP-RA,"LSC-CP-RA (A=8), tamed",44d6ecf1abcc7ab097c151f5d67417fb,c87203a12406cc5114b7ffa2d8877465,True,1,0,0.0,0.0,0.0,0.0,0.0,0.7363971650569312,0.5170655927850246,0.5165666593260999,0.7987500000000001,0.5325983194160443,0.0,0.36550095012754413,0.7311477216369078,True,0.12012712206063299,reject,pre_step,drift_diffusion_then_jump,iid_bank,8,every_step,True,,,,,,,,
LSC-CP-RA,"LSC-CP-RA (A=8), tamed",44d6ecf1abcc7ab097c151f5d67417fb,c87203a12406cc5114b7ffa2d8877465,True,2,0,0.0,0.0,0.0,0.0,0.0,0.737450310232412,0.5182029564778866,0.5177042618537692,0.8,0.5313629085504212,0.0,0.36550095012754413,0.7311477216369078,True,0.12012712206063299,reject,pre_step,drift_diffusion_then_jump,iid_bank,8,every_step,True,,,,,,,,
LSC-CP-RA,"LSC-CP-RA (A=8), tamed",44d6ecf1abcc7ab097c151f5d67417fb,c87203a12406cc5114b7ffa2d8877465,True,3,0,0.0,0.0,0.0,0.0,0.0,0.7360177411298788,0.5171460930078633,0.5166470002279283,0.79625,0.5322216680741242,0.0,0.36550095012754413,0.7311477216369078,True,0.12012712206063299,reject,pre_step,drift_diffusion_then_jump,iid_bank,8,every_step,True,,,,,,,,
LSC-CP-RA,"LSC-CP-RA (A=8), tamed",44d6ecf1abcc7ab097c151f5d67417fb,c87203a12406cc5114b7ffa2d8877465,True,0,8,0.04,4986875.372282264,1558.3985538382074,8.0,2048.0,0.7139735786604454,0.4882755158495786,0.4877406178946385,0.74875,0.4424662554499791,0.0,0.32767947714092516,0.7136477216369079,True,0.12012712206063299,reject,pre_step,drift_diffusion_then_jump,iid_bank,8,every_step,True,0.0,0.0048828125,125.78567551036356,125,0.0,0.9765625,0.0,0.0
LSC-CP-RA,"LSC-CP-RA (A=8), tamed",44d6ecf1abcc7ab097c151f5d67417fb,c87203a12406cc5114b7ffa2d8877465,True,1,8,0.04,4986875.372282264,1558.3985538382074,8.0,2048.0,0.7134806277793128,0.4871048903931837,0.48657235911997,0.745,0.4503445684529076,0.0,0.32440411580000983,0.712397721636908,True,0.12012712206063299,reject,pre_step,drift_diffusion_then_jump,iid_bank,8,every_step,True,0.0,0.0048828125,125.78567551036356,125,0.0,0.9765625,0.0,0.0
LSC-CP-RA,"LSC-CP-RA (A=8), tamed",44d6ecf1abcc7ab097c151f5d67417fb,c87203a12406cc5114b7ffa2d8877465,True,2,8,0.04,4986875.372282264,1558.3985538382074,8.0,2048.0,0.7178654516102323,0.49320742014822616,0.492677420024929,0.75125,0.46922739681550685,0.0,0.3377951444882765,0.7198977216369078,True,0.12012712206063299,reject,pre_step,drift_diffusion_then_jump,iid_bank,8,every_step,True,0.0,0.0048828125,125.78567551036356,125,0.0,0.9765625,0.0,0.0
LSC-CP-RA,"LSC-CP-RA (A=8), tamed",44d6ecf1abcc7ab097c151f5d67417fb,c87203a12406cc5114b7ffa2d8877465,True,3,8,0.04,4986875.372282264,1558.3985538382074,8.0,2048.0,0.7149442088099587,0.4882828927985491,0.4877507002059438,0.7462500000000001,0.44171002413024596,0.0,0.3296601720922019,0.7148977216369079,True,0.12012712206063299,reject,pre_step,drift_diffusion_then_jump,iid_bank,8,every_step,True,0.0,0.0048828125,125.78567551036356,125,0.0,0.9765625,0.0,0.0
LSC-CP-RA,"LSC-CP-RA (A=8), tamed",44d6ecf1abcc7ab097c151f5d67417fb,c87203a12406cc5114b7ffa2d8877465,True,0,17,0.085,10597110.166099811,3311.596926906191,17.0,4352.0,0.6945883084548985,0.461931326396229,0.46138030856808376,0.7250000000000001,0.3972392124557632,0.0,0.29786036298167606,0.6936477216369079,True,0.12012712206063299,reject,pre_step,drift_diffusion_then_jump,iid_bank,8,every_step,True,0.0,0.005243055555555554,142.85019388358992,276,0.0,1.0147058823529411,0.0,0.0
LSC-CP-RA,"LSC-CP-RA (A=8), tamed",44d6ecf1abcc7ab097c151f5d67417fb,c87203a12406cc5114b7ffa2d8877465,True,1,17,0.085,10597110.166099811,3311.596926906191,17.0,4352.0,0.6914670676397418,0.4568213769776768,0.45625505834101576,0.7175,0.4088844074907425,0.0,0.29561896992605574,0.6923977216369078,True,0.12012712206063299,reject,pre_step,drift_diffusion_then_jump,iid_bank,8,every_step,True,0.0,0.005243055555555554,142.85019388358992,276,0.0,1.0147058823529411,0.0,0.0
LSC-CP-RA,"LSC-CP-RA (A=8), tamed",44d6ecf1abcc7ab097c151f5d67417fb,c87203a12406cc5114b7ffa2d8877465,True,2,17,0.085,10597110.166099811,3311.596926906191,17.0,4352.0,0.6940486069961147,0.46318487216890225,0.46263294515815423,0.72,0.4088929159442579,0.0,0.29938832642616153,0.6948977216369079,True,0.12012712206063299,reject,pre_step,drift_diffusion_then_jump,iid_bank,8,every_step,True,0.0,0.005243055555555554,142.85019388358992,276,0.0,1.0147058823529411,0.0,0.0
LSC-CP-RA,"LSC-CP-RA (A=8), tamed",44d6ecf1abcc7ab097c151f5d67417fb,c87203a12406cc5114b7ffa2d8877465,True,3,17,0.085,10597110.166099811,3311.596926906191,17.0,4352.0,0.6910935057119973,0.45951203774607163,0.4589583741229537,0.7175,0.3922325155348676,0.0,0.29685794258142245,0.6911477216369077,True,0.12012712206063299,reject,pre_step,drift_diffusion_then_jump,iid_bank,8,every_step,True,0.0,0.005243055555555554,142.85019388358992,276,0.0,1.0147058823529411,0.0,0.0
LSC-CP-RA,"LSC-CP-RA (A=8), tamed",44d6ecf1abcc7ab097c151f5d67417fb,c87203a12406cc5114b7ffa2d8877465,True,0,25,0.125,15583985.538382074,4869.995480744398,25.0,6400.0,0.683755727493415,0.4484234739566354,0.44785665190489776,0.71,0.37751588333654373,0.0,0.28617564394247386,0.6848977216369079,True,0.12012712206063299,reject,pre_step,drift_diffusion_then_jump,iid_bank,8,every_step,True,0.0,0.0050390625,137.76898307393998,405,0.0,1.0125,0.0,0.0
LSC-CP-RA,"LSC-CP-RA (A=8), tamed",44d6ecf1abcc7ab097c151f5d67417fb,c87203a12406cc5114b7ffa2d8877465,True,1,25,0.125,15583985.538382074,4869.995480744398,25.0,6400.0,0.6742595651474277,0.4359605689284334,0.4353819249416292,0.70125,0.371016217361558,0.0,0.276661347981614,0.6773977216369078,True,0.12012712206063299,reject,pre_step,drift_diffusion_then_jump,iid_bank,8,every_step,True,0.0,0.0050390625,137.76898307393998,405,0.0,1.0125,0.0,0.0
LSC-CP-RA,"LSC-CP-RA (A=8), tamed",44d6ecf1abcc7ab097c151f5d67417fb,c87203a12406cc5114b7ffa2d8877465,True,2,25,0.125,15583985.538382074,4869.995480744398,25.0,6400.0,0.6720416570256892,0.432370083995429,0.4317874041248506,0.6937500000000001,0.3517414732431323,0.0,0.26897239834883135,0.671147721636908,True,0.12012712206063299,reject,pre_step,drift_diffusion_then_jump,iid_bank,8,every_step,True,0.0,0.0050390625,137.76898307393998,405,0.0,1.0125,0.0,0.0
LSC-CP-RA,"LSC-CP-RA (A=8), tamed",44d6ecf1abcc7ab097c151f5d67417fb,c87203a12406cc5114b7ffa2d8877465,True,3,25,0.125,15583985.538382074,4869.995480744398,25.0,6400.0,0.6795433540868379,0.4438322916523366,0.4432651603709963,0.70375,0.36446479539491217,0.0,0.2828228343233227,0.6811477216369078,True,0.12012712206063299,reject,pre_step,drift_diffusion_then_jump,iid_bank,8,every_step,True,0.0,0.0050390625,137.76898307393998,405,0.0,1.0125,0.0,0.0
LSC-CP-RA,"LSC-CP-RA (A=8), tamed",44d6ecf1abcc7ab097c151f5d67417fb,c87203a12406cc5114b7ffa2d8877465,True,0,33,0.165,20570860.91066434,6428.394034582606,33.0,8448.0,0.6666160827101706,0.4259298655813195,0.4253445310851568,0.6900000000000001,0.35518383667094877,0.0,0.26525517406267285,0.6661477216369078,True,0.12012712206063299,reject,pre_step,drift_diffusion_then_jump,iid_bank,8,every_step,True,0.0,0.00515625,293.2581390555052,537,0.0,1.0170454545454546,0.0,0.0
LSC-CP-RA,"LSC-CP-RA (A=8), tamed",44d6ecf1abcc7ab097c151f5d67417fb,c87203a12406cc5114b7ffa2d8877465,True,1,33,0.165,20570860.91066434,6428.394034582606,33.0,8448.0,0.6520018757574345,0.4067929678741554,0.40619035302494855,0.67,0.3394648995169275,0.0,0.24985931515778886,0.6523977216369079,True,0.12012712206063299,reject,pre_step,drift_diffusion_then_jump,iid_bank,8,every_step,True,0.0,0.00515625,293.2581390555052,537,0.0,1.0170454545454546,0.0,0.0
LSC-CP-RA,"LSC-CP-RA (A=8), tamed",44d6ecf1abcc7ab097c151f5d67417fb,c87203a12406cc5114b7ffa2d8877465,True,2,33,0.165,20570860.91066434,6428.394034582606,33.0,8448.0,0.6575222255617774,0.4141454484800985,0.41354663042094475,0.6787500000000001,0.34060186267004233,0.0,0.2542264581456196,0.6586477216369078,True,0.12012712206063299,reject,pre_step,drift_diffusion_then_jump,iid_bank,8,every_step,True,0.0,0.00515625,293.2581390555052,537,0.0,1.0170454545454546,0.0,0.0
LSC-CP-RA,"LSC-CP-RA (A=8), tamed",44d6ecf1abcc7ab097c151f5d67417fb,c87203a12406cc5114b7ffa2d8877465,True,3,33,0.165,20570860.91066434,6428.394034582606,33.0,8448.0,0.6599027370732184,0.41496046327533476,0.41436374857765446,0.67375,0.3381733590310204,0.0,0.25159801543865673,0.6536477216369079,True,0.12012712206063299,reject,pre_step,drift_diffusion_then_jump,iid_bank,8,every_step,True,0.0,0.00515625,293.2581390555052,537,0.0,1.0170454545454546,0.0,0.0
LSC-CP-RA,"LSC-CP-RA (A=8), tamed",44d6ecf1abcc7ab097c151f5d67417fb,c87203a12406cc5114b7ffa2d8877465,True,0,42,0.21,26181095.704481885,8181.592407650589,42.0,10752.0,0.6553092390678935,0.4115345547063254,0.4109405492503543,0.6737500000000001,0.3358534191065753,0.0,0.2466120536004216,0.6461477216369078,True,0.12012712206063299,reject,pre_step,drift_diffusion_then_jump,iid_bank,8,every_step,True,0.0,0.005590277777777777,133.2428644129521,698,0.0,1.0386904761904763,7.4404761904761905e-06,0.0
LSC-CP-RA,"LSC-CP-RA (A=8), tamed",44d6ecf1abcc7ab097c151f5d67417fb,c87203a12406cc5114b7ffa2d8877465,True,1,42,0.21,26181095.704481885,8181.592407650589,42.0,10752.0,0.6352479358559714,0.3821161207032687,0.3814877440321457,0.6525000000000001,0.3074976370591479,0.0,0.22761168634110762,0.6298977216369079,True,0.12012712206063299,reject,pre_step,drift_diffusion_then_jump,iid_bank,8,every_step,True,0.0,0.005590277777777777,133.2428644129521,698,0.0,1.0386904761904763,7.4404761904761905e-06,0.0
LSC-CP-RA,"LSC-CP-RA (A=8), tamed",44d6ecf1abcc7ab097c151f5d67417fb,c87203a12406cc5114b7ffa2d8877465,True,2,42,0.21,26181095.704481885,8181.592407650589,42.0,10752.0,0.6376715275605641,0.38652324543350425,0.38589559529715456,0.64875,0.29771353673209744,0.0,0.22661634911074174,0.6286477216369077,True,0.12012712206063299,reject,pre_step,drift_diffusion_then_jump,iid_bank,8,every_step,True,0.0,0.005590277777777777,133.2428644129521,698,0.0,1.0386904761904763,7.4404761904761905e-06,0.0
LSC-CP-RA,"LSC-CP-RA (A=8), tamed",44d6ecf1abcc7ab097c151f5d67417fb,c87203a12406cc5114b7ffa2d8877465,True,3,42,0.21,26181095.704481885,8181.592407650589,42.0,10752.0,0.6472664734480611,0.39620257861357555,0.39558627625133524,0.65875,0.3110809203428707,0.0,0.23617463803107663,0.6361477216369078,True,0.12012712206063299,reject,pre_step,drift_diffusion_then_jump,iid_bank,8,every_step,True,0.0,0.005590277777777777,133.2428644129521,698,0.0,1.0386904761904763,7.4404761904761905e-06,0.0
LSC-CP-RA,"LSC-CP-RA (A=8), tamed",44d6ecf1abcc7ab097c151f5d67417fb,c87203a12406cc5114b7ffa2d8877465,True,0,50,0.25,31167971.076764148,9739.990961488797,50.0,12800.0,0.6370197686782637,0.3861150984851144,0.3854975148847596,0.6475000000000001,0.3171989606153722,0.0,0.22757371548144473,0.6248977216369078,True,0.12012712206063299,reject,pre_step,drift_diffusion_then_jump,iid_bank,8,every_step,True,0.0,0.0055078125,148.30237511971762,839,0.0,1.04875,6.25e-06,0.0
LSC-CP-RA,"LSC-CP-RA (A=8), tamed",44d6ecf1abcc7ab097c151f5d67417fb,c87203a12406cc5114b7ffa2d8877465,True,1,50,0.25,31167971.076764148,9739.990961488797,50.0,12800.0,0.6258952272041587,0.3698959986732464,0.3692568069867932,0.6362500000000001,0.29142796359949097,0.0,0.21563901661325222,0.6148977216369078,True,0.12012712206063299,reject,pre_step,drift_diffusion_then_jump,iid_bank,8,every_step,True,0.0,0.0055078125,148.30237511971762,839,0.0,1.04875,6.25e-06,0.0
LSC-CP-RA,"LSC-CP-RA (A=8), tamed",44d6ecf1abcc7ab097c151f5d67417fb,c87203a12406cc5114b7ffa2d8877465,True,2,50,0.25,31167971.076764148,9739.990961488797,50.0,12800.0,0.6227663831194992,0.3626990634607091,0.36204855064461416,0.62875,0.2805484940767361,0.0,0.20869170500410733,0.6073977216369078,True,0.12012712206063299,reject,pre_step,drift_diffusion_then_jump,iid_bank,8,every_step,True,0.0,0.0055078125,148.30237511971762,839,0.0,1.04875,6.25e-06,0.0
LSC-CP-RA,"LSC-CP-RA (A=8), tamed",44d6ecf1abcc7ab097c151f5d67417fb,c87203a12406cc5114b7ffa2d8877465,True,3,50,0.25,31167971.076764148,9739.990961488797,50.0,12800.0,0.6160439284984096,0.3602296408629325,0.3595926117752821,0.62375,0.28311362770730686,0.0,0.20568086371927827,0.5986477216369079,True,0.12012712206063299,reject,pre_step,drift_diffusion_then_jump,iid_bank,8,every_step,True,0.0,0.0055078125,148.30237511971762,839,0.0,1.04875,6.25e-06,0.0
LSC-CP-RA,"LSC-CP-RA (A=8), tamed",44d6ecf1abcc7ab097c151f5d67417fb,c87203a12406cc5114b7ffa2d8877465,True,0,58,0.29,36154846.44904641,11298.389515327004,58.0,14848.0,0.6268998690882154,0.3722764676671215,0.3716468726076221,0.63,0.29076493410505433,0.0,0.21208826143868953,0.6061477216369078,True,0.12012712206063299,reject,pre_step,drift_diffusion_then_jump,iid_bank,8,every_step,True,0.0,0.004804687500000001,154.44040728572554,962,0.0,1.0366379310344827,1.0775862068965516e-05,0.0
LSC-CP-RA,"LSC-CP-RA (A=8), tamed",44d6ecf1abcc7ab097c151f5d67417fb,c87203a12406cc5114b7ffa2d8877465,True,1,58,0.29,36154846.44904641,11298.389515327004,58.0,14848.0,0.6098394465163083,0.35212327446330693,0.3514762810706987,0.61375,0.27337458159086336,0.0,0.19986351237016597,0.5936477216369078,True,0.12012712206063299,reject,pre_step,drift_diffusion_then_jump,iid_bank,8,every_step,True,0.0,0.004804687500000001,154.44040728572554,962,0.0,1.0366379310344827,1.0775862068965516e-05,0.0
LSC-CP-RA,"LSC-CP-RA (A=8), tamed",44d6ecf1abcc7ab097c151f5d67417fb,c87203a12406cc5114b7ffa2d8877465,True,2,58,0.29,36154846.44904641,11298.389515327004,58.0,14848.0,0.5978130526701153,0.33613383838806465,0.33546077279780584,0.60375,0.2600896218352555,0.0,0.18621536887919965,0.5798977216369078,True,0.12012712206063299,reject,pre_step,drift_diffusion_then_jump,iid_bank,8,every_step,True,0.0,0.004804687500000001,154.44040728572554,962,0.0,1.0366379310344827,1.0775862068965516e-05,0.0
LSC-CP-RA,"LSC-CP-RA (A=8), tamed",44d6ecf1abcc7ab097c151f5d67417fb,c87203a12406cc5114b7ffa2d8877465,True,3,58,0.29,36154846.44904641,11298.389515327004,58.0,14848.0,0.6034239625432932,0.3443388311566308,0.34368642668050386,0.60375,0.2628741405513052,0.0,0.1891104001782131,0.5773977216369078,True,0.12012712206063299,reject,pre_step,drift_diffusion_then_jump,iid_bank,8,every_step,True,0.0,0.004804687500000001,154.44040728572554,962,0.0,1.0366379310344827,1.0775862068965516e-05,0.0
LSC-CP-RA,"LSC-CP-RA (A=8), tamed",44d6ecf1abcc7ab097c151f5d67417fb,c87203a12406cc5114b7ffa2d8877465,True,0,67,0.335,41765081.24286396,13051.587888394988,67.0,17152.0,0.6002072967292365,0.3412167733719651,0.34056474996957753,0.6000000000000001,0.26855871912759777,0.0,0.1897461366412609,0.5773977216369078,True,0.12012712206063299,reject,pre_step,drift_diffusion_then_jump,iid_bank,8,every_step,True,0.0,0.005243055555555555,137.50368185419308,1113,0.0,1.0382462686567164,9.328358208955224e-06,0.0
LSC-CP-RA,"LSC-CP-RA (A=8), tamed",44d6ecf1abcc7ab097c151f5d67417fb,c87203a12406cc5114b7ffa2d8877465,True,1,67,0.335,41765081.24286396,13051.587888394988,67.0,17152.0,0.5911501085692482,0.3277802218336934,0.3271108263708349,0.59125,0.2547197159001455,0.0,0.18436374020348217,0.5723977216369078,True,0.12012712206063299,reject,pre_step,drift_diffusion_then_jump,iid_bank,8,every_step,True,0.0,0.005243055555555555,137.50368185419308,1113,0.0,1.0382462686567164,9.328358208955224e-06,0.0
LSC-CP-RA,"LSC-CP-RA (A=8), tamed",44d6ecf1abcc7ab097c151f5d67417fb,c87203a12406cc5114b7ffa2d8877465,True,2,67,0.335,41765081.24286396,13051.587888394988,67.0,17152.0,0.5758803629079241,0.3109275779824464,0.3102323071371407,0.5725,0.23527500302410675,0.0,0.16448403113482402,0.546147721636908,True,0.12012712206063299,reject,pre_step,drift_diffusion_then_jump,iid_bank,8,every_step,True,0.0,0.005243055555555555,137.50368185419308,1113,0.0,1.0382462686567164,9.328358208955224e-06,0.0
LSC-CP-RA,"LSC-CP-RA (A=8), tamed",44d6ecf1abcc7ab097c151f5d67417fb,c87203a12406cc5114b7ffa2d8877465,True,3,67,0.335,41765081.24286396,13051.587888394988,67.0,17152.0,0.5896990782906026,0.32808709087120025,0.3274169076874227,0.5900000000000001,0.25033402833455753,0.0,0.1792800386754575,0.5636477216369078,True,0.12012712206063299,reject,pre_step,drift_diffusion_then_jump,iid_bank,8,every_step,True,0.0,0.005243055555555555,137.50368185419308,1113,0.0,1.0382462686567164,9.328358208955224e-06,0.0
LSC-CP-RA,"LSC-CP-RA (A=8), tamed",44d6ecf1abcc7ab097c151f5d67417fb,c87203a12406cc5114b7ffa2d8877465,True,0,75,0.375,46751956.61514622,14609.986442233194,75.0,19200.0,0.590589304412965,0.3252186497895314,0.3245436909366639,0.5787500000000001,0.2547148402281446,0.0,0.17978029554983466,0.5611477216369076,True,0.12012712206063299,reject,pre_step,drift_diffusion_then_jump,iid_bank,8,every_step,True,0.0,0.0051171875,184.26085018116032,1244,0.0,1.0366666666666666,8.333333333333334e-06,0.0
LSC-CP-RA,"LSC-CP-RA (A=8), tamed",44d6ecf1abcc7ab097c151f5d67417fb,c87203a12406cc5114b7ffa2d8877465,True,1,75,0.375,46751956.61514622,14609.986442233194,75.0,19200.0,0.5800357340436815,0.31597381459276974,0.31529583525115834,0.58125,0.2393790509453545,0.0,0.17519204356344575,0.5573977216369079,True,0.12012712206063299,reject,pre_step,drift_diffusion_then_jump,iid_bank,8,every_step,True,0.0,0.0051171875,184.26085018116032,1244,0.0,1.0366666666666666,8.333333333333334e-06,0.0
LSC-CP-RA,"LSC-CP-RA (A=8), tamed",44d6ecf1abcc7ab097c151f5d67417fb,c87203a12406cc5114b7ffa2d8877465,True,2,75,0.375,46751956.61514622,14609.986442233194,75.0,19200.0,0.5614131767365774,0.2940530220580585,0.2933376922370564,0.55,0.22998964095262842,0.0,0.15584126162373013,0.5323977216369078,True,0.12012712206063299,reject,pre_step,drift_diffusion_then_jump,iid_bank,8,every_step,True,0.0,0.0051171875,184.26085018116032,1244,0.0,1.0366666666666666,8.333333333333334e-06,0.0
LSC-CP-RA,"LSC-CP-RA (A=8), tamed",44d6ecf1abcc7ab097c151f5d67417fb,c87203a12406cc5114b7ffa2d8877465,True,3,75,0.375,46751956.61514622,14609.986442233194,75.0,19200.0,0.5722731849275118,0.30867004143925225,0.30798733471065265,0.5675000000000001,0.2363172126510037,0.0,0.16592583580616044,0.5398977216369079,True,0.12012712206063299,reject,pre_step,drift_diffusion_then_jump,iid_bank,8,every_step,True,0.0,0.0051171875,184.26085018116032,1244,0.0,1.0366666666666666,8.333333333333334e-06,0.0
LSC-CP-RA,"LSC-CP-RA (A=8), tamed",44d6ecf1abcc7ab097c151f5d67417fb,c87203a12406cc5114b7ffa2d8877465,True,0,83,0.41500000000000004,51738831.98742849,16168.384996071401,83.0,21248.0,0.5748907614506945,0.30967748256639627,0.3089954584713248,0.56,0.23977676326529374,0.0,0.1680652465596328,0.5386477216369078,True,0.12012712206063299,reject,pre_step,drift_diffusion_then_jump,iid_bank,8,every_step,True,0.0,0.005546875,144.30476469212743,1386,0.0,1.0436746987951808,7.5301204819277105e-06,0.0
LSC-CP-RA,"LSC-CP-RA (A=8), tamed",44d6ecf1abcc7ab097c151f5d67417fb,c87203a12406cc5114b7ffa2d8877465,True,1,83,0.41500000000000004,51738831.98742849,16168.384996071401,83.0,21248.0,0.5697035911323611,0.3040735488321574,0.3033796199183071,0.5675000000000001,0.2374599800536047,0.0,0.167433706639083,0.5498977216369079,True,0.12012712206063299,reject,pre_step,drift_diffusion_then_jump,iid_bank,8,every_step,True,0.0,0.005546875,144.30476469212743,1386,0.0,1.0436746987951808,7.5301204819277105e-06,0.0
LSC-CP-RA,"LSC-CP-RA (A=8), tamed",44d6ecf1abcc7ab097c151f5d67417fb,c87203a12406cc5114b7ffa2d8877465,True,2,83,0.41500000000000004,51738831.98742849,16168.384996071401,83.0,21248.0,0.5469872021968248,0.27605433155165005,0.27532486205662443,0.53,0.20999395228750806,0.0,0.1421474053189564,0.5073977216369079,True,0.12012712206063299,reject,pre_step,drift_diffusion_then_jump,iid_bank,8,every_step,True,0.0,0.005546875,144.30476469212743,1386,0.0,1.0436746987951808,7.5301204819277105e-06,0.0
LSC-CP-RA,"LSC-CP-RA (A=8), tamed",44d6ecf1abcc7ab097c151f5d67417fb,c87203a12406cc5114b7ffa2d8877465,True,3,83,0.41500000000000004,51738831.98742849,16168.384996071401,83.0,21248.0,0.568914361194534,0.30246148847180954,0.30176711512183085,0.56125,0.23035662122048683,0.0,0.16094416924275412,0.5336477216369078,True,0.12012712206063299,reject,pre_step,drift_diffusion_then_jump,iid_bank,8,every_step,True,0.0,0.005546875,144.30476469212743,1386,0.0,1.0436746987951808,7.5301204819277105e-06,0.0
LSC-CP-RA,"LSC-CP-RA (A=8), tamed",44d6ecf1abcc7ab097c151f5d67417fb,c87203a12406cc5114b7ffa2d8877465,True,0,92,0.46,57349066.78124603,17921.583369139385,92.0,23552.0,0.5610434659174108,0.29573940763825834,0.2950422769542237,0.545,0.21727468768949632,0.0,0.15546549430957587,0.5223977216369078,True,0.12012712206063299,reject,pre_step,drift_diffusion_then_jump,iid_bank,8,every_step,True,0.0,0.005138888888888888,446.0795000491107,1534,0.0,1.0421195652173914,1.0190217391304349e-05,0.0
LSC-CP-RA,"LSC-CP-RA (A=8), tamed",44d6ecf1abcc7ab097c151f5d67417fb,c87203a12406cc5114b7ffa2d8877465,True,1,92,0.46,57349066.78124603,17921.583369139385,92.0,23552.0,0.5537844973317728,0.2866593051428691,0.2859508609613899,0.5462500000000001,0.21516102360859357,0.0,0.15165145041629144,0.5223977216369078,True,0.12012712206063299,reject,pre_step,drift_diffusion_then_jump,iid_bank,8,every_step,True,0.0,0.005138888888888888,446.0795000491107,1534,0.0,1.0421195652173914,1.0190217391304349e-05,0.0
LSC-CP-RA,"LSC-CP-RA (A=8), tamed",44d6ecf1abcc7ab097c151f5d67417fb,c87203a12406cc5114b7ffa2d8877465,True,2,92,0.46,57349066.78124603,17921.583369139385,92.0,23552.0,0.5234062388278372,0.2532701890014585,0.25252356521587893,0.5075000000000001,0.20022127765825415,0.0,0.13014697062342512,0.4836477216369078,True,0.12012712206063299,reject,pre_step,drift_diffusion_then_jump,iid_bank,8,every_step,True,0.0,0.005138888888888888,446.0795000491107,1534,0.0,1.0421195652173914,1.0190217391304349e-05,0.0
LSC-CP-RA,"LSC-CP-RA (A=8), tamed",44d6ecf1abcc7ab097c151f5d67417fb,c87203a12406cc5114b7ffa2d8877465,True,3,92,0.46,57349066.78124603,17921.583369139385,92.0,23552.0,0.5505687677450575,0.28362344260474104,0.28291976079721026,0.5375000000000001,0.2123898712393485,0.0,0.150183069710132,0.5161477216369078,True,0.12012712206063299,reject,pre_step,drift_diffusion_then_jump,iid_bank,8,every_step,True,0.0,0.005138888888888888,446.0795000491107,1534,0.0,1.0421195652173914,1.0190217391304349e-05,0.0
LSC-CP-RA,"LSC-CP-RA (A=8), tamed",44d6ecf1abcc7ab097c151f5d67417fb,c87203a12406cc5114b7ffa2d8877465,True,0,100,0.5,62335942.153528295,19479.981922977593,100.0,25600.0,0.5426289118654806,0.27449325075297804,0.2737751530876924,0.52125,0.2114589055625894,0.0,0.14119806367847898,0.49614772163690785,True,0.12012712206063299,reject,pre_step,drift_diffusion_then_jump,iid_bank,8,every_step,True,0.0,0.0049609375,126.27335154152755,1661,0.0,1.038125,9.375e-06,0.0
LSC-CP-RA,"LSC-CP-RA (A=8), tamed",44d6ecf1abcc7ab097c151f5d67417fb,c87203a12406cc5114b7ffa2d8877465,True,1,100,0.5,62335942.153528295,19479.981922977593,100.0,25600.0,0.5368473374746778,0.2652447659575098,0.2645096017321772,0.5275000000000001,0.20699071057574725,0.0,0.14039438241545793,0.5036477216369077,True,0.12012712206063299,reject,pre_step,drift_diffusion_then_jump,iid_bank,8,every_step,True,0.0,0.0049609375,126.27335154152755,1661,0.0,1.038125,9.375e-06,0.0
LSC-CP-RA,"LSC-CP-RA (A=8), tamed",44d6ecf1abcc7ab097c151f5d67417fb,c87203a12406cc5114b7ffa2d8877465,True,2,100,0.5,62335942.153528295,19479.981922977593,100.0,25600.0,0.518811097914312,0.25068690449777975,0.24994335425101732,0.5075000000000001,0.19371967216887498,0.0,0.12661659517339563,0.47739772163690775,True,0.12012712206063299,reject,pre_step,drift_diffusion_then_jump,iid_bank,8,every_step,True,0.0,0.0049609375,126.27335154152755,1661,0.0,1.038125,9.375e-06,0.0
LSC-CP-RA,"LSC-CP-RA (A=8), tamed",44d6ecf1abcc7ab097c151f5d67417fb,c87203a12406cc5114b7ffa2d8877465,True,3,100,0.5,62335942.153528295,19479.981922977593,100.0,25600.0,0.5386097116759708,0.27137581941362443,0.2706567468330475,0.5162500000000001,0.20600772318681337,0.0,0.1406608390683517,0.5011477216369078,True,0.12012712206063299,reject,pre_step,drift_diffusion_then_jump,iid_bank,8,every_step,True,0.0,0.0049609375,126.27335154152755,1661,0.0,1.038125,9.375e-06,0.0
LSC-CP-RA,"LSC-CP-RA (A=8), tamed",44d6ecf1abcc7ab097c151f5d67417fb,c87203a12406cc5114b7ffa2d8877465,True,0,108,0.54,67322817.52581055,21038.380476815797,108.0,27648.0,0.526509999115661,0.25874745478126093,0.25801828964440865,0.5062500000000001,0.2021171222568965,0.0,0.13001854031331528,0.4761477216369078,True,0.12012712206063299,reject,pre_step,drift_diffusion_then_jump,iid_bank,8,every_step,True,0.0,0.0045312500000000006,130.5680000849175,1777,0.0,1.0283564814814814,8.680555555555556e-06,0.0
LSC-CP-RA,"LSC-CP-RA (A=8), tamed",44d6ecf1abcc7ab097c151f5d67417fb,c87203a12406cc5114b7ffa2d8877465,True,1,108,0.54,67322817.52581055,21038.380476815797,108.0,27648.0,0.5267395955544125,0.2582183689559525,0.2574824928536462,0.5125000000000001,0.19766721522632458,0.0,0.1348550684676616,0.49239772163690776,True,0.12012712206063299,reject,pre_step,drift_diffusion_then_jump,iid_bank,8,every_step,True,0.0,0.0045312500000000006,130.5680000849175,1777,0.0,1.0283564814814814,8.680555555555556e-06,0.0
LSC-CP-RA,"LSC-CP-RA (A=8), tamed",44d6ecf1abcc7ab097c151f5d67417fb,c87203a12406cc5114b7ffa2d8877465,True,2,108,0.54,67322817.52581055,21038.380476815797,108.0,27648.0,0.5051368844202216,0.23681978963218908,0.23606580150395196,0.48625000000000007,0.1869923297761411,0.0,0.11956222891248786,0.4611477216369078,True,0.12012712206063299,reject,pre_step,drift_diffusion_then_jump,iid_bank,8,every_step,True,0.0,0.0045312500000000006,130.5680000849175,1777,0.0,1.0283564814814814,8.680555555555556e-06,0.0
LSC-CP-RA,"LSC-CP-RA (A=8), tamed",44d6ecf1abcc7ab097c151f5d67417fb,c87203a12406cc5114b7ffa2d8877465,True,3,108,0.54,67322817.52581055,21038.380476815797,108.0,27648.0,0.5261517769639878,0.25840256568793885,0.2576715283694342,0.49875,0.196313453098368,0.0,0.12996631819593887,0.4786477216369078,True,0.12012712206063299,reject,pre_step,drift_diffusion_then_jump,iid_bank,8,every_step,True,0.0,0.0045312500000000006,130.5680000849175,1777,0.0,1.0283564814814814,8.680555555555556e-06,0.0
LSC-CP-RA,"LSC-CP-RA (A=8), tamed",44d6ecf1abcc7ab097c151f5d67417fb,c87203a12406cc5114b7ffa2d8877465,True,0,117,0.585,72933052.3196281,22791.578849883783,117.0,29952.0,0.5144826196766545,0.24749566387786837,0.24675756775459434,0.49000000000000005,0.19110823889655004,0.0,0.122787758177298,0.45739772163690784,True,0.12012712206063299,reject,pre_step,drift_diffusion_then_jump,iid_bank,8,every_step,True,0.0,0.00392361111111111,128.68527613911908,1890,0.0,1.0096153846153846,8.012820512820513e-06,0.0
LSC-CP-RA,"LSC-CP-RA (A=8), tamed",44d6ecf1abcc7ab097c151f5d67417fb,c87203a12406cc5114b7ffa2d8877465,True,1,117,0.585,72933052.3196281,22791.578849883783,117.0,29952.0,0.5160240192010778,0.24698144334531613,0.24623443127789946,0.4912500000000001,0.19020126577019758,0.0,0.12396347071366352,0.46989772163690785,True,0.12012712206063299,reject,pre_step,drift_diffusion_then_jump,iid_bank,8,every_step,True,0.0,0.00392361111111111,128.68527613911908,1890,0.0,1.0096153846153846,8.012820512820513e-06,0.0
LSC-CP-RA,"LSC-CP-RA (A=8), tamed",44d6ecf1abcc7ab097c151f5d67417fb,c87203a12406cc5114b7ffa2d8877465,True,2,117,0.585,72933052.3196281,22791.578849883783,117.0,29952.0,0.4899348528018215,0.221176192201331,0.22040663665427862,0.47250000000000003,0.16908480671873494,0.0,0.1098731708559645,0.4436477216369078,True,0.12012712206063299,reject,pre_step,drift_diffusion_then_jump,iid_bank,8,every_step,True,0.0,0.00392361111111111,128.68527613911908,1890,0.0,1.0096153846153846,8.012820512820513e-06,0.0
LSC-CP-RA,"LSC-CP-RA (A=8), tamed",44d6ecf1abcc7ab097c151f5d67417fb,c87203a12406cc5114b7ffa2d8877465,True,3,117,0.585,72933052.3196281,22791.578849883783,117.0,29952.0,0.5087001702352874,0.24091846194039457,0.24017644663641047,0.485,0.18496533804384607,0.0,0.12103059956408804,0.4586477216369078,True,0.12012712206063299,reject,pre_step,drift_diffusion_then_jump,iid_bank,8,every_step,True,0.0,0.00392361111111111,128.68527613911908,1890,0.0,1.0096153846153846,8.012820512820513e-06,0.0
LSC-CP-RA,"LSC-CP-RA (A=8), tamed",44d6ecf1abcc7ab097c151f5d67417fb,c87203a12406cc5114b7ffa2d8877465,True,0,125,0.625,77919927.69191037,24349.97740372199,125.0,32000.0,0.5013040932020443,0.23390594079177607,0.233153586779286,0.47250000000000003,0.18634114120036316,0.0,0.11622183097837206,0.4423977216369078,True,0.12012712206063299,reject,pre_step,drift_diffusion_then_jump,iid_bank,8,every_step,True,0.0,0.004765625000000001,136.55045881589146,2012,0.0,1.006,7.5e-06,0.0
LSC-CP-RA,"LSC-CP-RA (A=8), tamed",44d6ecf1abcc7ab097c151f5d67417fb,c87203a12406cc5114b7ffa2d8877465,True,1,125,0.625,77919927.69191037,24349.97740372199,125.0,32000.0,0.5106915509254614,0.24290357176650856,0.24215420506936847,0.48875,0.18069006082634564,0.0,0.12050924970659496,0.46239772163690784,True,0.12012712206063299,reject,pre_step,drift_diffusion_then_jump,iid_bank,8,every_step,True,0.0,0.004765625000000001,136.55045881589146,2012,0.0,1.006,7.5e-06,0.0
LSC-CP-RA,"LSC-CP-RA (A=8), tamed",44d6ecf1abcc7ab097c151f5d67417fb,c87203a12406cc5114b7ffa2d8877465,True,2,125,0.625,77919927.69191037,24349.97740372199,125.0,32000.0,0.4757361606412065,0.20879475636154288,0.20801486341269626,0.45500000000000007,0.1670382371539325,0.0,0.1023622731040836,0.4273977216369078,True,0.12012712206063299,reject,pre_step,drift_diffusion_then_jump,iid_bank,8,every_step,True,0.0,0.004765625000000001,136.55045881589146,2012,0.0,1.006,7.5e-06,0.0
LSC-CP-RA,"LSC-CP-RA (A=8), tamed",44d6ecf1abcc7ab097c151f5d67417fb,c87203a12406cc5114b7ffa2d8877465,True,3,125,0.625,77919927.69191037,24349.97740372199,125.0,32000.0,0.4961811672407579,0.23027104991532055,0.22951563098303662,0.4675,0.17979275863917654,0.0,0.11339926680560355,0.4448977216369078,True,0.12012712206063299,reject,pre_step,drift_diffusion_then_jump,iid_bank,8,every_step,True,0.0,0.004765625000000001,136.55045881589146,2012,0.0,1.006,7.5e-06,0.0
LSC-CP-RA,"LSC-CP-RA (A=8), tamed",44d6ecf1abcc7ab097c151f5d67417fb,c87203a12406cc5114b7ffa2d8877465,True,0,133,0.665,82906803.06419264,25908.375957560198,133.0,34048.0,0.48882173904272763,0.22208514136252144,0.22132117658147898,0.4600000000000001,0.17182465460785157,0.0,0.10766696062900344,0.4286477216369078,True,0.12012712206063299,reject,pre_step,drift_diffusion_then_jump,iid_bank,8,every_step,True,0.0,0.004921875,169.0223867985918,2138,0.0,1.0046992481203008,7.048872180451128e-06,0.0
LSC-CP-RA,"LSC-CP-RA (A=8), tamed",44d6ecf1abcc7ab097c151f5d67417fb,c87203a12406cc5114b7ffa2d8877465,True,1,133,0.665,82906803.06419264,25908.375957560198,133.0,34048.0,0.4886258674992384,0.22079375923093092,0.22002300000082964,0.4575,0.1770433656096525,0.0,0.10929542824570188,0.4361477216369078,True,0.12012712206063299,reject,pre_step,drift_diffusion_then_jump,iid_bank,8,every_step,True,0.0,0.004921875,169.0223867985918,2138,0.0,1.0046992481203008,7.048872180451128e-06,0.0
LSC-CP-RA,"LSC-CP-RA (A=8), tamed",44d6ecf1abcc7ab097c151f5d67417fb,c87203a12406cc5114b7ffa2d8877465,True,2,133,0.665,82906803.06419264,25908.375957560198,133.0,34048.0,0.4665644718290562,0.2008269112387705,0.20003701782930594,0.44250000000000006,0.15916134532100212,0.0,0.09887236739498068,0.4173977216369078,True,0.12012712206063299,reject,pre_step,drift_diffusion_then_jump,iid_bank,8,every_step,True,0.0,0.004921875,169.0223867985918,2138,0.0,1.0046992481203008,7.048872180451128e-06,0.0
LSC-CP-RA,"LSC-CP-RA (A=8), tamed",44d6ecf1abcc7ab097c151f5d67417fb,c87203a12406cc5114b7ffa2d8877465,True,3,133,0.665,82906803.06419264,25908.375957560198,133.0,34048.0,0.48602592613445994,0.21986579304245923,0.21909816676892502,0.46375,0.16784605277906672,0.0,0.108379844925857,0.4361477216369078,True,0.12012712206063299,reject,pre_step,drift_diffusion_then_jump,iid_bank,8,every_step,True,0.0,0.004921875,169.0223867985918,2138,0.0,1.0046992481203008,7.048872180451128e-06,0.0
LSC-CP-RA,"LSC-CP-RA (A=8), tamed",44d6ecf1abcc7ab097c151f5d67417fb,c87203a12406cc5114b7ffa2d8877465,True,0,142,0.71,88517037.85801017,27661.57433062818,142.0,36352.0,0.4759858007176132,0.21047131182180978,0.20969674537231553,0.44750000000000006,0.16869164602368947,0.0,0.10200247517583558,0.41614772163690783,True,0.12012712206063299,reject,pre_step,drift_diffusion_then_jump,iid_bank,8,every_step,True,0.0,0.005243055555555555,132.13669390648212,2289,0.0,1.0074823943661972,6.602112676056338e-06,0.0
LSC-CP-RA,"LSC-CP-RA (A=8), tamed",44d6ecf1abcc7ab097c151f5d67417fb,c87203a12406cc5114b7ffa2d8877465,True,1,142,0.71,88517037.85801017,27661.57433062818,142.0,36352.0,0.4710505752663424,0.2061289862756326,0.20535071904057434,0.44250000000000006,0.16207042431030894,0.0,0.09930686410442122,0.4136477216369078,True,0.12012712206063299,reject,pre_step,drift_diffusion_then_jump,iid_bank,8,every_step,True,0.0,0.005243055555555555,132.13669390648212,2289,0.0,1.0074823943661972,6.602112676056338e-06,0.0
LSC-CP-RA,"LSC-CP-RA (A=8), tamed",44d6ecf1abcc7ab097c151f5d67417fb,c87203a12406cc5114b7ffa2d8877465,True,2,142,0.71,88517037.85801017,27661.57433062818,142.0,36352.0,0.45175119305261535,0.18698557589633436,0.18618319615424317,0.42500000000000004,0.15420132254842733,0.0,0.08875034389147454,0.3911477216369078,True,0.12012712206063299,reject,pre_step,drift_diffusion_then_jump,iid_bank,8,every_step,True,0.0,0.005243055555555555,132.13669390648212,2289,0.0,1.0074823943661972,6.602112676056338e-06,0.0
LSC-CP-RA,"LSC-CP-RA (A=8), tamed",44d6ecf1abcc7ab097c151f5d67417fb,c87203a12406cc5114b7ffa2d8877465,True,3,142,0.71,88517037.85801017,27661.57433062818,142.0,36352.0,0.47276382578973813,0.2058254336957558,0.2050393603153643,0.44375000000000003,0.1642054251341215,0.0,0.09772533589264418,0.4173977216369078,True,0.12012712206063299,reject,pre_step,drift_diffusion_then_jump,iid_bank,8,every_step,True,0.0,0.005243055555555555,132.13669390648212,2289,0.0,1.0074823943661972,6.602112676056338e-06,0.0
LSC-CP-RA,"LSC-CP-RA (A=8), tamed",44d6ecf1abcc7ab097c151f5d67417fb,c87203a12406cc5114b7ffa2d8877465,True,0,150,0.75,93503913.23029244,29219.972884466388,150.0,38400.0,0.4664541065165986,0.20101315051074375,0.20022999864801116,0.435,0.16737732868154254,0.0,0.09752921752257387,0.40364772163690776,True,0.12012712206063299,reject,pre_step,drift_diffusion_then_jump,iid_bank,8,every_step,True,0.0,0.004921875,147.65836596160665,2415,0.0,1.00625,8.333333333333334e-06,0.0
LSC-CP-RA,"LSC-CP-RA (A=8), tamed",44d6ecf1abcc7ab097c151f5d67417fb,c87203a12406cc5114b7ffa2d8877465,True,1,150,0.75,93503913.23029244,29219.972884466388,150.0,38400.0,0.4641292106160829,0.19996052373178097,0.19917787776351337,0.43125,0.15714367517321648,0.0,0.09608824236133229,0.40364772163690776,True,0.12012712206063299,reject,pre_step,drift_diffusion_then_jump,iid_bank,8,every_step,True,0.0,0.004921875,147.65836596160665,2415,0.0,1.00625,8.333333333333334e-06,0.0
LSC-CP-RA,"LSC-CP-RA (A=8), tamed",44d6ecf1abcc7ab097c151f5d67417fb,c87203a12406cc5114b7ffa2d8877465,True,2,150,0.75,93503913.23029244,29219.972884466388,150.0,38400.0,0.44303866817529536,0.17847805632434377,0.17766655606230908,0.41000000000000003,0.14940189724380815,0.0,0.0845833831359015,0.37864772163690774,True,0.12012712206063299,reject,pre_step,drift_diffusion_then_jump,iid_bank,8,every_step,True,0.0,0.004921875,147.65836596160665,2415,0.0,1.00625,8.333333333333334e-06,0.0
LSC-CP-RA,"LSC-CP-RA (A=8), tamed",44d6ecf1abcc7ab097c151f5d67417fb,c87203a12406cc5114b7ffa2d8877465,True,3,150,0.75,93503913.23029244,29219.972884466388,150.0,38400.0,0.46155735695858163,0.19756307128480421,0.1967728187211477,0.43125,0.1524066013380455,0.0,0.0935033174942026,0.40364772163690776,True,0.12012712206063299,reject,pre_step,drift_diffusion_then_jump,iid_bank,8,every_step,True,0.0,0.004921875,147.65836596160665,2415,0.0,1.00625,8.333333333333334e-06,0.0
LSC-CP-RA,"LSC-CP-RA (A=8), tamed",44d6ecf1abcc7ab097c151f5d67417fb,c87203a12406cc5114b7ffa2d8877465,True,0,158,0.79,98490788.6025747,30778.371438304595,158.0,40448.0,0.4549990114522722,0.19141829229249874,0.19063024393533656,0.41375000000000006,0.15777728028387528,0.0,0.09201323625484456,0.3886477216369078,True,0.12012712206063299,reject,pre_step,drift_diffusion_then_jump,iid_bank,8,every_step,True,0.0,0.0044140625,124.46970367855211,2528,0.0,1.0,7.911392405063292e-06,0.0
LSC-CP-RA,"LSC-CP-RA (A=8), tamed",44d6ecf1abcc7ab097c151f5d67417fb,c87203a12406cc5114b7ffa2d8877465,True,1,158,0.79,98490788.6025747,30778.371438304595,158.0,40448.0,0.45721685873513734,0.1943668805759129,0.1935857960074081,0.42375000000000007,0.15186260259343232,0.0,0.09322557755166111,0.3973977216369078,True,0.12012712206063299,reject,pre_step,drift_diffusion_then_jump,iid_bank,8,every_step,True,0.0,0.0044140625,124.46970367855211,2528,0.0,1.0,7.911392405063292e-06,0.0
LSC-CP-RA,"LSC-CP-RA (A=8), tamed",44d6ecf1abcc7ab097c151f5d67417fb,c87203a12406cc5114b7ffa2d8877465,True,2,158,0.79,98490788.6025747,30778.371438304595,158.0,40448.0,0.4331484043044387,0.1717055014544343,0.1708982552127043,0.405,0.14761841736138615,0.0,0.08049698075726572,0.36864772163690784,True,0.12012712206063299,reject,pre_step,drift_diffusion_then_jump,iid_bank,8,every_step,True,0.0,0.0044140625,124.46970367855211,2528,0.0,1.0,7.911392405063292e-06,0.0
LSC-CP-RA,"LSC-CP-RA (A=8), tamed",44d6ecf1abcc7ab097c151f5d67417fb,c87203a12406cc5114b7ffa2d8877465,True,3,158,0.79,98490788.6025747,30778.371438304595,158.0,40448.0,0.4470071678634443,0.18147008360530792,0.18066251991758298,0.40875000000000006,0.1496950160820525,0.0,0.0857005761472319,0.3873977216369078,True,0.12012712206063299,reject,pre_step,drift_diffusion_then_jump,iid_bank,8,every_step,True,0.0,0.0044140625,124.46970367855211,2528,0.0,1.0,7.911392405063292e-06,0.0
LSC-CP-RA,"LSC-CP-RA (A=8), tamed",44d6ecf1abcc7ab097c151f5d67417fb,c87203a12406cc5114b7ffa2d8877465,True,0,167,0.835,104101023.39639226,32531.56981137258,167.0,42752.0,0.45054600265913086,0.18704659549525393,0.1862546950068158,0.40875000000000006,0.1519809331955757,0.0,0.08935325830789931,0.3811477216369078,True,0.12012712206063299,reject,pre_step,drift_diffusion_then_jump,iid_bank,8,every_step,True,0.0,0.004548611111111111,146.1648373395341,2659,0.0,0.9951347305389222,7.48502994011976e-06,0.0
LSC-CP-RA,"LSC-CP-RA (A=8), tamed",44d6ecf1abcc7ab097c151f5d67417fb,c87203a12406cc5114b7ffa2d8877465,True,1,167,0.835,104101023.39639226,32531.56981137258,167.0,42752.0,0.45510649133137104,0.19157386680581612,0.1907907715058721,0.42250000000000004,0.1500000354836709,0.0,0.09079144942484166,0.3861477216369078,True,0.12012712206063299,reject,pre_step,drift_diffusion_then_jump,iid_bank,8,every_step,True,0.0,0.004548611111111111,146.1648373395341,2659,0.0,0.9951347305389222,7.48502994011976e-06,0.0
LSC-CP-RA,"LSC-CP-RA (A=8), tamed",44d6ecf1abcc7ab097c151f5d67417fb,c87203a12406cc5114b7ffa2d8877465,True,2,167,0.835,104101023.39639226,32531.56981137258,167.0,42752.0,0.41607810099320924,0.156454001552234,0.15563796091973126,0.3762500000000001,0.13162226182198666,0.0,0.07271477141119594,0.3486477216369078,True,0.12012712206063299,reject,pre_step,drift_diffusion_then_jump,iid_bank,8,every_step,True,0.0,0.004548611111111111,146.1648373395341,2659,0.0,0.9951347305389222,7.48502994011976e-06,0.0
LSC-CP-RA,"LSC-CP-RA (A=8), tamed",44d6ecf1abcc7ab097c151f5d67417fb,c87203a12406cc5114b7ffa2d8877465,True,3,167,0.835,104101023.39639226,32531.56981137258,167.0,42752.0,0.43276171591366186,0.1686149763077316,0.16779659833589922,0.39749999999999996,0.1387009102477631,0.0,0.07972071260086022,0.3698977216369078,True,0.12012712206063299,reject,pre_step,drift_diffusion_then_jump,iid_bank,8,every_step,True,0.0,0.004548611111111111,146.1648373395341,2659,0.0,0.9951347305389222,7.48502994011976e-06,0.0
LSC-CP-RA,"LSC-CP-RA (A=8), tamed",44d6ecf1abcc7ab097c151f5d67417fb,c87203a12406cc5114b7ffa2d8877465,True,0,175,0.875,109087898.76867452,34089.968365210785,175.0,44800.0,0.43381587171316094,0.17242638048047265,0.1716264240664349,0.39625000000000005,0.14688671429201194,0.0,0.08336609690759128,0.3698977216369078,True,0.12012712206063299,reject,pre_step,drift_diffusion_then_jump,iid_bank,8,every_step,True,0.0,0.0048046875,547.7555567620838,2782,0.0,0.9935714285714285,7.142857142857143e-06,0.0
LSC-CP-RA,"LSC-CP-RA (A=8), tamed",44d6ecf1abcc7ab097c151f5d67417fb,c87203a12406cc5114b7ffa2d8877465,True,1,175,0.875,109087898.76867452,34089.968365210785,175.0,44800.0,0.44531795225617016,0.18013454665382467,0.17933355007421725,0.40750000000000003,0.1529749656124183,0.0,0.08557208170265287,0.3761477216369078,True,0.12012712206063299,reject,pre_step,drift_diffusion_then_jump,iid_bank,8,every_step,True,0.0,0.0048046875,547.7555567620838,2782,0.0,0.9935714285714285,7.142857142857143e-06,0.0
LSC-CP-RA,"LSC-CP-RA (A=8), tamed",44d6ecf1abcc7ab097c151f5d67417fb,c87203a12406cc5114b7ffa2d8877465,True,2,175,0.875,109087898.76867452,34089.968365210785,175.0,44800.0,0.4115339711937824,0.15129770992603087,0.15046877176114437,0.37500000000000006,0.1400120808538753,0.0,0.07030174450318148,0.3448977216369078,True,0.12012712206063299,reject,pre_step,drift_diffusion_then_jump,iid_bank,8,every_step,True,0.0,0.0048046875,547.7555567620838,2782,0.0,0.9935714285714285,7.142857142857143e-06,0.0
LSC-CP-RA,"LSC-CP-RA (A=8), tamed",44d6ecf1abcc7ab097c151f5d67417fb,c87203a12406cc5114b7ffa2d8877465,True,3,175,0.875,109087898.76867452,34089.968365210785,175.0,44800.0,0.42104848049204335,0.15665360851018828,0.15582329276078277,0.38375000000000004,0.13125290103371456,0.0,0.07316054993041063,0.35864772163690783,True,0.12012712206063299,reject,pre_step,drift_diffusion_then_jump,iid_bank,8,every_step,True,0.0,0.0048046875,547.7555567620838,2782,0.0,0.9935714285714285,7.142857142857143e-06,0.0
LSC-CP-RA,"LSC-CP-RA (A=8), tamed",44d6ecf1abcc7ab097c151f5d67417fb,c87203a12406cc5114b7ffa2d8877465,True,0,183,0.915,114074774.14095677,35648.36691904899,183.0,46848.0,0.4229662223363931,0.16280995155133848,0.16200173641507964,0.38375,0.14104731400141413,0.0,0.07671105816712169,0.3548977216369078,True,0.12012712206063299,reject,pre_step,drift_diffusion_then_jump,iid_bank,8,every_step,True,0.0,0.005039062499999999,369.17810927371664,2911,0.0,0.9941939890710383,6.830601092896175e-06,0.0
LSC-CP-RA,"LSC-CP-RA (A=8), tamed",44d6ecf1abcc7ab097c151f5d67417fb,c87203a12406cc5114b7ffa2d8877465,True,1,183,0.915,114074774.14095677,35648.36691904899,183.0,46848.0,0.4399995846025512,0.1772780954572758,0.17647879399826993,0.405,0.14451820581215602,0.0,0.08267542406183234,0.36739772163690776,True,0.12012712206063299,reject,pre_step,drift_diffusion_then_jump,iid_bank,8,every_step,True,0.0,0.005039062499999999,369.17810927371664,2911,0.0,0.9941939890710383,6.830601092896175e-06,0.0
LSC-CP-RA,"LSC-CP-RA (A=8), tamed",44d6ecf1abcc7ab097c151f5d67417fb,c87203a12406cc5114b7ffa2d8877465,True,2,183,0.915,114074774.14095677,35648.36691904899,183.0,46848.0,0.4018993115202698,0.14297031377719127,0.14213301076651574,0.36500000000000005,0.13057858903470898,0.0,0.06442717021327868,0.3286477216369078,True,0.12012712206063299,reject,pre_step,drift_diffusion_then_jump,iid_bank,8,every_step,True,0.0,0.005039062499999999,369.17810927371664,2911,0.0,0.9941939890710383,6.830601092896175e-06,0.0
LSC-CP-RA,"LSC-CP-RA (A=8), tamed",44d6ecf1abcc7ab097c151f5d67417fb,c87203a12406cc5114b7ffa2d8877465,True,3,183,0.915,114074774.14095677,35648.36691904899,183.0,46848.0,0.41408574318203917,0.15167904350080352,0.1508432312579081,0.3825,0.12561151117510416,0.0,0.07149523582416967,0.3548977216369078,True,0.12012712206063299,reject,pre_step,drift_diffusion_then_jump,iid_bank,8,every_step,True,0.0,0.005039062499999999,369.17810927371664,2911,0.0,0.9941939890710383,6.830601092896175e-06,0.0
LSC-CP-RA,"LSC-CP-RA (A=8), tamed",44d6ecf1abcc7ab097c151f5d67417fb,c87203a12406cc5114b7ffa2d8877465,True,0,192,0.96,119685008.93477432,37401.565292116975,192.0,49152.0,0.4042704616413456,0.14463745615919332,0.143813020438735,0.35875000000000007,0.1313014706011828,0.0,0.06717400039234792,0.32989772163690784,True,0.12012712206063299,reject,pre_step,drift_diffusion_then_jump,iid_bank,8,every_step,True,0.0,0.004479166666666667,127.09238986003086,3040,0.0,0.9895833333333334,6.510416666666667e-06,0.0
LSC-CP-RA,"LSC-CP-RA (A=8), tamed",44d6ecf1abcc7ab097c151f5d67417fb,c87203a12406cc5114b7ffa2d8877465,True,1,192,0.96,119685008.93477432,37401.565292116975,192.0,49152.0,0.4342710897842236,0.1714204219742378,0.1706136928622971,0.395,0.15174577789448374,0.0,0.08008517275110448,0.3611477216369078,True,0.12012712206063299,reject,pre_step,drift_diffusion_then_jump,iid_bank,8,every_step,True,0.0,0.004479166666666667,127.09238986003086,3040,0.0,0.9895833333333334,6.510416666666667e-06,0.0
LSC-CP-RA,"LSC-CP-RA (A=8), tamed",44d6ecf1abcc7ab097c151f5d67417fb,c87203a12406cc5114b7ffa2d8877465,True,2,192,0.96,119685008.93477432,37401.565292116975,192.0,49152.0,0.39546182409595293,0.13398766732794487,0.1331283144654014,0.35500000000000004,0.1264572163831965,0.0,0.0591742763156948,0.31614772163690774,True,0.12012712206063299,reject,pre_step,drift_diffusion_then_jump,iid_bank,8,every_step,True,0.0,0.004479166666666667,127.09238986003086,3040,0.0,0.9895833333333334,6.510416666666667e-06,0.0
LSC-CP-RA,"LSC-CP-RA (A=8), tamed",44d6ecf1abcc7ab097c151f5d67417fb,c87203a12406cc5114b7ffa2d8877465,True,3,192,0.96,119685008.93477432,37401.565292116975,192.0,49152.0,0.40509557792639544,0.14579846604140156,0.1449596356712315,0.37125,0.12701276456631938,0.0,0.06776445513338145,0.3436477216369078,True,0.12012712206063299,reject,pre_step,drift_diffusion_then_jump,iid_bank,8,every_step,True,0.0,0.004479166666666667,127.09238986003086,3040,0.0,0.9895833333333334,6.510416666666667e-06,0.0
LSC-CP-RA,"LSC-CP-RA (A=8), tamed",44d6ecf1abcc7ab097c151f5d67417fb,c87203a12406cc5114b7ffa2d8877465,True,0,200,1.0,124671884.30705659,38959.963845955186,200.0,51200.0,0.39769963051838086,0.13647765999833406,0.13564090702728948,0.35250000000000004,0.12282072283286305,0.0,0.061180104980415054,0.3123977216369078,True,0.12012712206063299,reject,pre_step,drift_diffusion_then_jump,iid_bank,8,every_step,True,0.0,0.005156249999999999,164.2420553854098,3172,0.0,0.99125,7.8125e-06,0.0
LSC-CP-RA,"LSC-CP-RA (A=8), tamed",44d6ecf1abcc7ab097c151f5d67417fb,c87203a12406cc5114b7ffa2d8877465,True,1,200,1.0,124671884.30705659,38959.963845955186,200.0,51200.0,0.42471513421663065,0.1623057582284967,0.16149450135349797,0.37625000000000003,0.14035020819699373,0.0,0.07497031890228659,0.3448977216369078,True,0.12012712206063299,reject,pre_step,drift_diffusion_then_jump,iid_bank,8,every_step,True,0.0,0.005156249999999999,164.2420553854098,3172,0.0,0.99125,7.8125e-06,0.0
LSC-CP-RA,"LSC-CP-RA (A=8), tamed",44d6ecf1abcc7ab097c151f5d67417fb,c87203a12406cc5114b7ffa2d8877465,True,2,200,1.0,124671884.30705659,38959.963845955186,200.0,51200.0,0.3874238591400736,0.12768256692166313,0.12682121492646592,0.34625000000000006,0.12069834243508859,0.0,0.05710579364607131,0.31114772163690785,True,0.12012712206063299,reject,pre_step,drift_diffusion_then_jump,iid_bank,8,every_step,True,0.0,0.005156249999999999,164.2420553854098,3172,0.0,0.99125,7.8125e-06,0.0
LSC-CP-RA,"LSC-CP-RA (A=8), tamed",44d6ecf1abcc7ab097c151f5d67417fb,c87203a12406cc5114b7ffa2d8877465,True,3,200,1.0,124671884.30705659,38959.963845955186,200.0,51200.0,0.3982908955276701,0.13997701044395694,0.1391317255001916,0.3775,0.12886394531340284,0.0,0.06226017697770245,0.3261477216369078,True,0.12012712206063299,reject,pre_step,drift_diffusion_then_jump,iid_bank,8,every_step,True,0.0,0.005156249999999999,164.2420553854098,3172,0.0,0.99125,7.8125e-06,0.0
LSC-CP-RA,"LSC-CP-RA (A=8), tamed",44d6ecf1abcc7ab097c151f5d67417fb,c87203a12406cc5114b7ffa2d8877465,True,0,208,1.04,129658759.67933886,40518.36239979339,208.0,53248.0,0.39100083497302385,0.1299488972201488,0.12910719110973357,0.34750000000000003,0.12066760806166454,0.0,0.05811518331526045,0.2986477216369078,True,0.12012712206063299,reject,pre_step,drift_diffusion_then_jump,iid_bank,8,every_step,True,0.0,0.0044921875,153.65525062743177,3287,0.0,0.9876802884615384,7.512019230769231e-06,0.0
LSC-CP-RA,"LSC-CP-RA (A=8), tamed",44d6ecf1abcc7ab097c151f5d67417fb,c87203a12406cc5114b7ffa2d8877465,True,1,208,1.04,129658759.67933886,40518.36239979339,208.0,53248.0,0.42059293201446857,0.1575306309552138,0.15671445570826747,0.37500000000000006,0.13408073377912577,0.0,0.07359331939445826,0.3411477216369078,True,0.12012712206063299,reject,pre_step,drift_diffusion_then_jump,iid_bank,8,every_step,True,0.0,0.0044921875,153.65525062743177,3287,0.0,0.9876802884615384,7.512019230769231e-06,0.0
LSC-CP-RA,"LSC-CP-RA (A=8), tamed",44d6ecf1abcc7ab097c151f5d67417fb,c87203a12406cc5114b7ffa2d8877465,True,2,208,1.04,129658759.67933886,40518.36239979339,208.0,53248.0,0.3861048554859686,0.12757236947239292,0.1267192834144677,0.34500000000000003,0.11858014576872355,0.0,0.05589749831788051,0.3036477216369078,True,0.12012712206063299,reject,pre_step,drift_diffusion_then_jump,iid_bank,8,every_step,True,0.0,0.0044921875,153.65525062743177,3287,0.0,0.9876802884615384,7.512019230769231e-06,0.0
LSC-CP-RA,"LSC-CP-RA (A=8), tamed",44d6ecf1abcc7ab097c151f5d67417fb,c87203a12406cc5114b7ffa2d8877465,True,3,208,1.04,129658759.67933886,40518.36239979339,208.0,53248.0,0.39033186430975575,0.1309943316588288,0.13014157816908245,0.35750000000000004,0.12446475373164578,0.0,0.058563884249939434,0.3136477216369078,True,0.12012712206063299,reject,pre_step,drift_diffusion_then_jump,iid_bank,8,every_step,True,0.0,0.0044921875,153.65525062743177,3287,0.0,0.9876802884615384,7.512019230769231e-06,0.0
LSC-CP-RA,"LSC-CP-RA (A=8), tamed",44d6ecf1abcc7ab097c151f5d67417fb,c87203a12406cc5114b7ffa2d8877465,True,0,217,1.085,135268994.4731564,42271.560772861376,217.0,55552.0,0.3877946851064239,0.12763662106226603,0.12679270378604834,0.34125,0.12249589527443372,0.0,0.0552717325920547,0.2886477216369078,True,0.12012712206063299,reject,pre_step,drift_diffusion_then_jump,iid_bank,8,every_step,True,0.0,0.004999999999999998,115.63613588680741,3431,0.0,0.9881912442396313,7.2004608294930876e-06,0.0
LSC-CP-RA,"LSC-CP-RA (A=8), tamed",44d6ecf1abcc7ab097c151f5d67417fb,c87203a12406cc5114b7ffa2d8877465,True,1,217,1.085,135268994.4731564,42271.560772861376,217.0,55552.0,0.40966882574653,0.14827368349599923,0.1474502460302045,0.36750000000000005,0.12883926985248495,0.0,0.06852714771120336,0.3236477216369078,True,0.12012712206063299,reject,pre_step,drift_diffusion_then_jump,iid_bank,8,every_step,True,0.0,0.004999999999999998,115.63613588680741,3431,0.0,0.9881912442396313,7.2004608294930876e-06,0.0
LSC-CP-RA,"LSC-CP-RA (A=8), tamed",44d6ecf1abcc7ab097c151f5d67417fb,c87203a12406cc5114b7ffa2d8877465,True,2,217,1.085,135268994.4731564,42271.560772861376,217.0,55552.0,0.38351529911594723,0.1260436007610921,0.1251910306456009,0.34375000000000006,0.11440849337144765,0.0,0.0533336441621131,0.2936477216369078,True,0.12012712206063299,reject,pre_step,drift_diffusion_then_jump,iid_bank,8,every_step,True,0.0,0.004999999999999998,115.63613588680741,3431,0.0,0.9881912442396313,7.2004608294930876e-06,0.0
LSC-CP-RA,"LSC-CP-RA (A=8), tamed",44d6ecf1abcc7ab097c151f5d67417fb,c87203a12406cc5114b7ffa2d8877465,True,3,217,1.085,135268994.4731564,42271.560772861376,217.0,55552.0,0.38687772573039847,0.12822288586658315,0.12736402527009105,0.35124999999999995,0.11553596700194069,0.0,0.057687764199864336,0.3123977216369078,True,0.12012712206063299,reject,pre_step,drift_diffusion_then_jump,iid_bank,8,every_step,True,0.0,0.004999999999999998,115.63613588680741,3431,0.0,0.9881912442396313,7.2004608294930876e-06,0.0
LSC-CP-RA,"LSC-CP-RA (A=8), tamed",44d6ecf1abcc7ab097c151f5d67417fb,c87203a12406cc5114b7ffa2d8877465,True,0,225,1.125,140255869.84543866,43829.95932669958,225.0,57600.0,0.3768154614900645,0.11939288936238301,0.11854335439964092,0.32375000000000004,0.11603845811885005,0.0,0.05137861903198356,0.2798977216369078,True,0.12012712206063299,reject,pre_step,drift_diffusion_then_jump,iid_bank,8,every_step,True,0.0,0.004687500000000001,140.68197459770846,3551,0.0,0.9863888888888889,8.333333333333334e-06,0.0
LSC-CP-RA,"LSC-CP-RA (A=8), tamed",44d6ecf1abcc7ab097c151f5d67417fb,c87203a12406cc5114b7ffa2d8877465,True,1,225,1.125,140255869.84543866,43829.95932669958,225.0,57600.0,0.4024681510252137,0.14116839656313362,0.14033647991231402,0.35000000000000003,0.13081405907744503,0.0,0.0641425103981131,0.30989772163690776,True,0.12012712206063299,reject,pre_step,drift_diffusion_then_jump,iid_bank,8,every_step,True,0.0,0.004687500000000001,140.68197459770846,3551,0.0,0.9863888888888889,8.333333333333334e-06,0.0
LSC-CP-RA,"LSC-CP-RA (A=8), tamed",44d6ecf1abcc7ab097c151f5d67417fb,c87203a12406cc5114b7ffa2d8877465,True,2,225,1.125,140255869.84543866,43829.95932669958,225.0,57600.0,0.3787578297585351,0.11913517121766626,0.11827654082517025,0.32499999999999996,0.10972680213394881,0.0,0.05144262704130207,0.28489772163690774,True,0.12012712206063299,reject,pre_step,drift_diffusion_then_jump,iid_bank,8,every_step,True,0.0,0.004687500000000001,140.68197459770846,3551,0.0,0.9863888888888889,8.333333333333334e-06,0.0
LSC-CP-RA,"LSC-CP-RA (A=8), tamed",44d6ecf1abcc7ab097c151f5d67417fb,c87203a12406cc5114b7ffa2d8877465,True,3,225,1.125,140255869.84543866,43829.95932669958,225.0,57600.0,0.3828319915841774,0.12310716284924006,0.12224482369711176,0.3350000000000001,0.11547574473026179,0.0,0.054173761737453405,0.30114772163690784,True,0.12012712206063299,reject,pre_step,drift_diffusion_then_jump,iid_bank,8,every_step,True,0.0,0.004687500000000001,140.68197459770846,3551,0.0,0.9863888888888889,8.333333333333334e-06,0.0
LSC-CP-RA,"LSC-CP-RA (A=8), tamed",44d6ecf1abcc7ab097c151f5d67417fb,c87203a12406cc5114b7ffa2d8877465,True,0,233,1.165,145242745.21772093,45388.35788053779,233.0,59648.0,0.3721490382022041,0.11439918529924897,0.11354706368731693,0.31250000000000006,0.11432872015113993,0.0,0.05083155525146367,0.27364772163690776,True,0.12012712206063299,reject,pre_step,drift_diffusion_then_jump,iid_bank,8,every_step,True,0.0,0.00546875,153.70805758094127,3691,0.0,0.9900751072961373,8.047210300429185e-06,0.0
LSC-CP-RA,"LSC-CP-RA (A=8), tamed",44d6ecf1abcc7ab097c151f5d67417fb,c87203a12406cc5114b7ffa2d8877465,True,1,233,1.165,145242745.21772093,45388.35788053779,233.0,59648.0,0.3932932059717157,0.13091111778200726,0.13006466675522843,0.33874999999999994,0.12325118645833899,0.0,0.05743349577591406,0.29364772163690783,True,0.12012712206063299,reject,pre_step,drift_diffusion_then_jump,iid_bank,8,every_step,True,0.0,0.00546875,153.70805758094127,3691,0.0,0.9900751072961373,8.047210300429185e-06,0.0
LSC-CP-RA,"LSC-CP-RA (A=8), tamed",44d6ecf1abcc7ab097c151f5d67417fb,c87203a12406cc5114b7ffa2d8877465,True,2,233,1.165,145242745.21772093,45388.35788053779,233.0,59648.0,0.3677145369061278,0.1121921788791097,0.11133119854545859,0.31000000000000005,0.10928010153526602,0.0,0.04863510434838589,0.27864772163690776,True,0.12012712206063299,reject,pre_step,drift_diffusion_then_jump,iid_bank,8,every_step,True,0.0,0.00546875,153.70805758094127,3691,0.0,0.9900751072961373,8.047210300429185e-06,0.0
LSC-CP-RA,"LSC-CP-RA (A=8), tamed",44d6ecf1abcc7ab097c151f5d67417fb,c87203a12406cc5114b7ffa2d8877465,True,3,233,1.165,145242745.21772093,45388.35788053779,233.0,59648.0,0.36568151748091987,0.10971525538026461,0.1088373918727027,0.31625000000000003,0.10921430674190946,0.0,0.04871366104453247,0.2873977216369078,True,0.12012712206063299,reject,pre_step,drift_diffusion_then_jump,iid_bank,8,every_step,True,0.0,0.00546875,153.70805758094127,3691,0.0,0.9900751072961373,8.047210300429185e-06,0.0
LSC-CP-RA,"LSC-CP-RA (A=8), tamed",44d6ecf1abcc7ab097c151f5d67417fb,c87203a12406cc5114b7ffa2d8877465,True,0,242,1.21,150852980.01153848,47141.55625360578,242.0,61952.0,0.366815748819199,0.10907614774418861,0.10821576951038292,0.31500000000000006,0.11632051086471296,0.0,0.048827693221506846,0.26864772163690775,True,0.12012712206063299,reject,pre_step,drift_diffusion_then_jump,iid_bank,8,every_step,True,0.0,0.005312499999999999,141.65957921494578,3844,0.0,0.9927685950413223,7.74793388429752e-06,0.0
LSC-CP-RA,"LSC-CP-RA (A=8), tamed",44d6ecf1abcc7ab097c151f5d67417fb,c87203a12406cc5114b7ffa2d8877465,True,1,242,1.21,150852980.01153848,47141.55625360578,242.0,61952.0,0.37758544494806334,0.1170963651987883,0.11623439116654499,0.31125,0.12025414154032599,0.0,0.05181302399826293,0.27864772163690776,True,0.12012712206063299,reject,pre_step,drift_diffusion_then_jump,iid_bank,8,every_step,True,0.0,0.005312499999999999,141.65957921494578,3844,0.0,0.9927685950413223,7.74793388429752e-06,0.0
LSC-CP-RA,"LSC-CP-RA (A=8), tamed",44d6ecf1abcc7ab097c151f5d67417fb,c87203a12406cc5114b7ffa2d8877465,True,2,242,1.21,150852980.01153848,47141.55625360578,242.0,61952.0,0.3628450197693543,0.10660541673119317,0.10573324507866866,0.31,0.1028479600936425,0.0,0.045441957255834796,0.26989772163690784,True,0.12012712206063299,reject,pre_step,drift_diffusion_then_jump,iid_bank,8,every_step,True,0.0,0.005312499999999999,141.65957921494578,3844,0.0,0.9927685950413223,7.74793388429752e-06,0.0
LSC-CP-RA,"LSC-CP-RA (A=8), tamed",44d6ecf1abcc7ab097c151f5d67417fb,c87203a12406cc5114b7ffa2d8877465,True,3,242,1.21,150852980.01153848,47141.55625360578,242.0,61952.0,0.3620938117085265,0.10700331734432444,0.10613101301746419,0.31125,0.11048889073200274,0.0,0.047007925339982506,0.2773977216369078,True,0.12012712206063299,reject,pre_step,drift_diffusion_then_jump,iid_bank,8,every_step,True,0.0,0.005312499999999999,141.65957921494578,3844,0.0,0.9927685950413223,7.74793388429752e-06,0.0
LSC-CP-RA,"LSC-CP-RA (A=8), tamed",44d6ecf1abcc7ab097c151f5d67417fb,c87203a12406cc5114b7ffa2d8877465,True,0,250,1.25,155839855.38382074,48699.95480744398,250.0,64000.0,0.3620906747712122,0.1059569219095089,0.10509435210388807,0.30749999999999994,0.11495572976682888,0.0,0.04628427595024473,0.25864772163690775,True,0.12012712206063299,reject,pre_step,drift_diffusion_then_jump,iid_bank,8,every_step,True,0.0,0.004843750000000001,132.05246083138,3968,0.0,0.992,8.75e-06,0.0
LSC-CP-RA,"LSC-CP-RA (A=8), tamed",44d6ecf1abcc7ab097c151f5d67417fb,c87203a12406cc5114b7ffa2d8877465,True,1,250,1.25,155839855.38382074,48699.95480744398,250.0,64000.0,0.3717884884224327,0.11302586312914198,0.11216902188983124,0.29875000000000007,0.10662257852397128,0.0,0.04999708175424343,0.2711477216369078,True,0.12012712206063299,reject,pre_step,drift_diffusion_then_jump,iid_bank,8,every_step,True,0.0,0.004843750000000001,132.05246083138,3968,0.0,0.992,8.75e-06,0.0
LSC-CP-RA,"LSC-CP-RA (A=8), tamed",44d6ecf1abcc7ab097c151f5d67417fb,c87203a12406cc5114b7ffa2d8877465,True,2,250,1.25,155839855.38382074,48699.95480744398,250.0,64000.0,0.35553142973514573,0.10161113656264542,0.10073378982472092,0.30874999999999997,0.103805979685472,0.0,0.043645885935397304,0.2661477216369078,True,0.12012712206063299,reject,pre_step,drift_diffusion_then_jump,iid_bank,8,every_step,True,0.0,0.004843750000000001,132.05246083138,3968,0.0,0.992,8.75e-06,0.0
LSC-CP-RA,"LSC-CP-RA (A=8), tamed",44d6ecf1abcc7ab097c151f5d67417fb,c87203a12406cc5114b7ffa2d8877465,True,3,250,1.25,155839855.38382074,48699.95480744398,250.0,64000.0,0.3590117100351322,0.10408591950802915,0.10321042296628335,0.30625,0.1070957627887349,0.0,0.04440708707277928,0.2673977216369078,True,0.12012712206063299,reject,pre_step,drift_diffusion_then_jump,iid_bank,8,every_step,True,0.0,0.004843750000000001,132.05246083138,3968,0.0,0.992,8.75e-06,0.0
LSC-CP-RA,"LSC-CP-RA (A=8), tamed",44d6ecf1abcc7ab097c151f5d67417fb,c87203a12406cc5114b7ffa2d8877465,True,0,258,1.29,160826730.756103,50258.35336128219,258.0,66048.0,0.3568719519591965,0.10147570151331042,0.10061060401755095,0.29625,0.10749741985792083,0.0,0.0432871040519157,0.2473977216369078,True,0.12012712206063299,reject,pre_step,drift_diffusion_then_jump,iid_bank,8,every_step,True,0.0,0.0051171874999999985,134.1717146795153,4099,0.0,0.9929748062015504,8.478682170542635e-06,0.0
LSC-CP-RA,"LSC-CP-RA (A=8), tamed",44d6ecf1abcc7ab097c151f5d67417fb,c87203a12406cc5114b7ffa2d8877465,True,1,258,1.29,160826730.756103,50258.35336128219,258.0,66048.0,0.36680736721903556,0.10858230218709986,0.10771586221404117,0.29500000000000004,0.10795948621241391,0.0,0.04857082011833608,0.2723977216369078,True,0.12012712206063299,reject,pre_step,drift_diffusion_then_jump,iid_bank,8,every_step,True,0.0,0.0051171874999999985,134.1717146795153,4099,0.0,0.9929748062015504,8.478682170542635e-06,0.0
LSC-CP-RA,"LSC-CP-RA (A=8), tamed",44d6ecf1abcc7ab097c151f5d67417fb,c87203a12406cc5114b7ffa2d8877465,True,2,258,1.29,160826730.756103,50258.35336128219,258.0,66048.0,0.3582364511361783,0.10389132544618063,0.10301615730145686,0.3125,0.1019064856873706,0.0,0.043645885935397304,0.2661477216369078,True,0.12012712206063299,reject,pre_step,drift_diffusion_then_jump,iid_bank,8,every_step,True,0.0,0.0051171874999999985,134.1717146795153,4099,0.0,0.9929748062015504,8.478682170542635e-06,0.0
LSC-CP-RA,"LSC-CP-RA (A=8), tamed",44d6ecf1abcc7ab097c151f5d67417fb,c87203a12406cc5114b7ffa2d8877465,True,3,258,1.29,160826730.756103,50258.35336128219,258.0,66048.0,0.34346388364690594,0.0928619888008958,0.09197459333663249,0.29125000000000006,0.10352899754590461,0.0,0.03875227796523003,0.24989772163690782,True,0.12012712206063299,reject,pre_step,drift_diffusion_then_jump,iid_bank,8,every_step,True,0.0,0.0051171874999999985,134.1717146795153,4099,0.0,0.9929748062015504,8.478682170542635e-06,0.0
LSC-CP-RA,"LSC-CP-RA (A=8), tamed",44d6ecf1abcc7ab097c151f5d67417fb,c87203a12406cc5114b7ffa2d8877465,True,0,267,1.335,166436965.54992056,52011.55173435018,267.0,68352.0,0.3493157589339583,0.09577697089653248,0.0949104104719547,0.27375,0.10187233411482022,0.0,0.041479979081542995,0.2386477216369078,True,0.12012712206063299,reject,pre_step,drift_diffusion_then_jump,iid_bank,8,every_step,True,0.0,0.005555555555555555,176.4220074536773,4259,0.0,0.9969569288389513,8.192883895131086e-06,0.0
LSC-CP-RA,"LSC-CP-RA (A=8), tamed",44d6ecf1abcc7ab097c151f5d67417fb,c87203a12406cc5114b7ffa2d8877465,True,1,267,1.335,166436965.54992056,52011.55173435018,267.0,68352.0,0.35679168566519237,0.10054636047395582,0.09967566415970752,0.27875000000000005,0.10330125099266352,0.0,0.04444197946975739,0.2573977216369078,True,0.12012712206063299,reject,pre_step,drift_diffusion_then_jump,iid_bank,8,every_step,True,0.0,0.005555555555555555,176.4220074536773,4259,0.0,0.9969569288389513,8.192883895131086e-06,0.0
LSC-CP-RA,"LSC-CP-RA (A=8), tamed",44d6ecf1abcc7ab097c151f5d67417fb,c87203a12406cc5114b7ffa2d8877465,True,2,267,1.335,166436965.54992056,52011.55173435018,267.0,68352.0,0.3517291762689044,0.09835749646861391,0.09747565626899823,0.30125,0.10072280813976198,0.0,0.04017934065921083,0.25364772163690774,True,0.12012712206063299,reject,pre_step,drift_diffusion_then_jump,iid_bank,8,every_step,True,0.0,0.005555555555555555,176.4220074536773,4259,0.0,0.9969569288389513,8.192883895131086e-06,0.0
LSC-CP-RA,"LSC-CP-RA (A=8), tamed",44d6ecf1abcc7ab097c151f5d67417fb,c87203a12406cc5114b7ffa2d8877465,True,3,267,1.335,166436965.54992056,52011.55173435018,267.0,68352.0,0.33881435646047725,0.08982651183479518,0.08893433083397717,0.29000000000000004,0.10527055533494445,0.0,0.03951135553564051,0.2548977216369078,True,0.12012712206063299,reject,pre_step,drift_diffusion_then_jump,iid_bank,8,every_step,True,0.0,0.005555555555555555,176.4220074536773,4259,0.0,0.9969569288389513,8.192883895131086e-06,0.0
LSC-CP-RA,"LSC-CP-RA (A=8), tamed",44d6ecf1abcc7ab097c151f5d67417fb,c87203a12406cc5114b7ffa2d8877465,True,0,275,1.375,171423840.9222028,53569.950288188375,275.0,70400.0,0.3466767658792076,0.09367820663924653,0.09280846684958222,0.27125,0.10164661326729874,0.0,0.04001027822522443,0.2336477216369078,True,0.12012712206063299,reject,pre_step,drift_diffusion_then_jump,iid_bank,8,every_step,True,0.0,0.004765625000000001,127.7284385458839,4381,0.0,0.9956818181818182,7.954545454545455e-06,0.0
LSC-CP-RA,"LSC-CP-RA (A=8), tamed",44d6ecf1abcc7ab097c151f5d67417fb,c87203a12406cc5114b7ffa2d8877465,True,1,275,1.375,171423840.9222028,53569.950288188375,275.0,70400.0,0.3444125093560496,0.09217029509404906,0.09129369164907986,0.2725,0.10328099957518799,0.0,0.04078543285197867,0.2486477216369078,True,0.12012712206063299,reject,pre_step,drift_diffusion_then_jump,iid_bank,8,every_step,True,0.0,0.004765625000000001,127.7284385458839,4381,0.0,0.9956818181818182,7.954545454545455e-06,0.0
LSC-CP-RA,"LSC-CP-RA (A=8), tamed",44d6ecf1abcc7ab097c151f5d67417fb,c87203a12406cc5114b7ffa2d8877465,True,2,275,1.375,171423840.9222028,53569.950288188375,275.0,70400.0,0.33906220468635206,0.0906844603264475,0.08980135020204738,0.29750000000000004,0.09666389238246142,0.0,0.03758345396040923,0.2461477216369078,True,0.12012712206063299,reject,pre_step,drift_diffusion_then_jump,iid_bank,8,every_step,True,0.0,0.004765625000000001,127.7284385458839,4381,0.0,0.9956818181818182,7.954545454545455e-06,0.0
LSC-CP-RA,"LSC-CP-RA (A=8), tamed",44d6ecf1abcc7ab097c151f5d67417fb,c87203a12406cc5114b7ffa2d8877465,True,3,275,1.375,171423840.9222028,53569.950288188375,275.0,70400.0,0.33490719398607516,0.08694467255434046,0.08605113217357951,0.27625000000000005,0.0994008135160036,0.0,0.03760503740682053,0.2473977216369078,True,0.12012712206063299,reject,pre_step,drift_diffusion_then_jump,iid_bank,8,every_step,True,0.0,0.004765625000000001,127.7284385458839,4381,0.0,0.9956818181818182,7.954545454545455e-06,0.0
LSC-CP-RA,"LSC-CP-RA (A=8), tamed",44d6ecf1abcc7ab097c151f5d67417fb,c87203a12406cc5114b7ffa2d8877465,True,0,283,1.415,176410716.29448506,55128.34884202658,283.0,72448.0,0.344230025365852,0.09069308153860256,0.08981677505600871,0.27375,0.10139420106667218,0.0,0.03654073265121039,0.21739772163690782,True,0.12012712206063299,reject,pre_step,drift_diffusion_then_jump,iid_bank,8,every_step,True,0.0,0.004726562500000001,129.82395094801583,4502,0.0,0.9942579505300353,7.729681978798586e-06,0.0
LSC-CP-RA,"LSC-CP-RA (A=8), tamed",44d6ecf1abcc7ab097c151f5d67417fb,c87203a12406cc5114b7ffa2d8877465,True,1,283,1.415,176410716.29448506,55128.34884202658,283.0,72448.0,0.3421104741908515,0.09170467173577734,0.09082467278311501,0.275,0.10061590991933578,0.0,0.03948965580522876,0.2473977216369078,True,0.12012712206063299,reject,pre_step,drift_diffusion_then_jump,iid_bank,8,every_step,True,0.0,0.004726562500000001,129.82395094801583,4502,0.0,0.9942579505300353,7.729681978798586e-06,0.0
LSC-CP-RA,"LSC-CP-RA (A=8), tamed",44d6ecf1abcc7ab097c151f5d67417fb,c87203a12406cc5114b7ffa2d8877465,True,2,283,1.415,176410716.29448506,55128.34884202658,283.0,72448.0,0.3344927243618807,0.0859870822201565,0.08509842836150872,0.28,0.09387201126511391,0.0,0.0357325375782373,0.2361477216369078,True,0.12012712206063299,reject,pre_step,drift_diffusion_then_jump,iid_bank,8,every_step,True,0.0,0.004726562500000001,129.82395094801583,4502,0.0,0.9942579505300353,7.729681978798586e-06,0.0
LSC-CP-RA,"LSC-CP-RA (A=8), tamed",44d6ecf1abcc7ab097c151f5d67417fb,c87203a12406cc5114b7ffa2d8877465,True,3,283,1.415,176410716.29448506,55128.34884202658,283.0,72448.0,0.3269592613990707,0.08086647500175526,0.07997087294316452,0.26500000000000007,0.09585163784463857,0.0,0.03350688083334222,0.22989772163690783,True,0.12012712206063299,reject,pre_step,drift_diffusion_then_jump,iid_bank,8,every_step,True,0.0,0.004726562500000001,129.82395094801583,4502,0.0,0.9942579505300353,7.729681978798586e-06,0.0
LSC-CP-RA,"LSC-CP-RA (A=8), tamed",44d6ecf1abcc7ab097c151f5d67417fb,c87203a12406cc5114b7ffa2d8877465,True,0,292,1.46,182020951.0883026,56881.547215094564,292.0,74752.0,0.33667407340347877,0.08537384848820428,0.0844945408059452,0.26125,0.0974278077157138,0.0,0.0333086471312039,0.2098977216369078,True,0.12012712206063299,reject,pre_step,drift_diffusion_then_jump,iid_bank,8,every_step,True,0.0,0.004027777777777778,148.63395843719866,4618,0.0,0.9884417808219178,7.4914383561643835e-06,0.0
LSC-CP-RA,"LSC-CP-RA (A=8), tamed",44d6ecf1abcc7ab097c151f5d67417fb,c87203a12406cc5114b7ffa2d8877465,True,1,292,1.46,182020951.0883026,56881.547215094564,292.0,74752.0,0.33285037047868726,0.08342892821465575,0.08253725997455064,0.26375000000000004,0.09364622285650381,0.0,0.036698063890648884,0.2361477216369078,True,0.12012712206063299,reject,pre_step,drift_diffusion_then_jump,iid_bank,8,every_step,True,0.0,0.004027777777777778,148.63395843719866,4618,0.0,0.9884417808219178,7.4914383561643835e-06,0.0
LSC-CP-RA,"LSC-CP-RA (A=8), tamed",44d6ecf1abcc7ab097c151f5d67417fb,c87203a12406cc5114b7ffa2d8877465,True,2,292,1.46,182020951.0883026,56881.547215094564,292.0,74752.0,0.3263343467570125,0.08032986853748558,0.0794372530113523,0.27,0.09452331322870633,0.0,0.03183683143053547,0.21739772163690782,True,0.12012712206063299,reject,pre_step,drift_diffusion_then_jump,iid_bank,8,every_step,True,0.0,0.004027777777777778,148.63395843719866,4618,0.0,0.9884417808219178,7.4914383561643835e-06,0.0
LSC-CP-RA,"LSC-CP-RA (A=8), tamed",44d6ecf1abcc7ab097c151f5d67417fb,c87203a12406cc5114b7ffa2d8877465,True,3,292,1.46,182020951.0883026,56881.547215094564,292.0,74752.0,0.3202457513049873,0.07511258779528807,0.07421152531730957,0.25250000000000006,0.09264365286683818,0.0,0.029926011277254576,0.2111477216369078,True,0.12012712206063299,reject,pre_step,drift_diffusion_then_jump,iid_bank,8,every_step,True,0.0,0.004027777777777778,148.63395843719866,4618,0.0,0.9884417808219178,7.4914383561643835e-06,0.0
LSC-CP-RA,"LSC-CP-RA (A=8), tamed",44d6ecf1abcc7ab097c151f5d67417fb,c87203a12406cc5114b7ffa2d8877465,True,0,300,1.5,187007826.46058488,58439.945768932776,300.0,76800.0,0.33003432996487186,0.08030391040903029,0.0794248738098371,0.24125000000000008,0.09555923730874394,0.0,0.032854945649291235,0.2023977216369078,True,0.12012712206063299,reject,pre_step,drift_diffusion_then_jump,iid_bank,8,every_step,True,0.0,0.0055078125000000006,166.241087335114,4759,0.0,0.9914583333333333,7.291666666666667e-06,0.0
LSC-CP-RA,"LSC-CP-RA (A=8), tamed",44d6ecf1abcc7ab097c151f5d67417fb,c87203a12406cc5114b7ffa2d8877465,True,1,300,1.5,187007826.46058488,58439.945768932776,300.0,76800.0,0.32540774792182514,0.07925645536649062,0.0783607183163495,0.26,0.09514762664793419,0.0,0.033127558995501606,0.2223977216369078,True,0.12012712206063299,reject,pre_step,drift_diffusion_then_jump,iid_bank,8,every_step,True,0.0,0.0055078125000000006,166.241087335114,4759,0.0,0.9914583333333333,7.291666666666667e-06,0.0
LSC-CP-RA,"LSC-CP-RA (A=8), tamed",44d6ecf1abcc7ab097c151f5d67417fb,c87203a12406cc5114b7ffa2d8877465,True,2,300,1.5,187007826.46058488,58439.945768932776,300.0,76800.0,0.31829509681821766,0.07361389202700408,0.07270806188665513,0.25500000000000006,0.09867229646498754,0.0,0.028297512033948227,0.2048977216369078,True,0.12012712206063299,reject,pre_step,drift_diffusion_then_jump,iid_bank,8,every_step,True,0.0,0.0055078125000000006,166.241087335114,4759,0.0,0.9914583333333333,7.291666666666667e-06,0.0
LSC-CP-RA,"LSC-CP-RA (A=8), tamed",44d6ecf1abcc7ab097c151f5d67417fb,c87203a12406cc5114b7ffa2d8877465,True,3,300,1.5,187007826.46058488,58439.945768932776,300.0,76800.0,0.3190989073552541,0.0737835593583468,0.07287804301822709,0.25250000000000006,0.09409127782434079,0.0,0.030307455296086756,0.2161477216369078,True,0.12012712206063299,reject,pre_step,drift_diffusion_then_jump,iid_bank,8,every_step,True,0.0,0.0055078125000000006,166.241087335114,4759,0.0,0.9914583333333333,7.291666666666667e-06,0.0
LSC-CP-RA,"LSC-CP-RA (A=8), tamed",44d6ecf1abcc7ab097c151f5d67417fb,c87203a12406cc5114b7ffa2d8877465,True,0,308,1.54,191994701.83286715,59998.34432277098,308.0,78848.0,0.3312444347787988,0.08010949058394745,0.07922408659745528,0.245,0.09688196343120159,0.0,0.032996892563118246,0.2011477216369078,True,0.12012712206063299,reject,pre_step,drift_diffusion_then_jump,iid_bank,8,every_step,True,0.0,0.0053515625,146.33359835761985,4896,0.0,0.9935064935064936,7.102272727272727e-06,0.0
LSC-CP-RA,"LSC-CP-RA (A=8), tamed",44d6ecf1abcc7ab097c151f5d67417fb,c87203a12406cc5114b7ffa2d8877465,True,1,308,1.54,191994701.83286715,59998.34432277098,308.0,78848.0,0.3202364008030688,0.07600553300701651,0.07510809673129015,0.25749999999999995,0.09148169419400365,0.0,0.032220981665638596,0.2261477216369078,True,0.12012712206063299,reject,pre_step,drift_diffusion_then_jump,iid_bank,8,every_step,True,0.0,0.0053515625,146.33359835761985,4896,0.0,0.9935064935064936,7.102272727272727e-06,0.0
LSC-CP-RA,"LSC-CP-RA (A=8), tamed",44d6ecf1abcc7ab097c151f5d67417fb,c87203a12406cc5114b7ffa2d8877465,True,2,308,1.54,191994701.83286715,59998.34432277098,308.0,78848.0,0.3150865092028189,0.0714364124667296,0.07052471004220162,0.25000000000000006,0.08623092758941209,0.0,0.02728665816866039,0.2048977216369078,True,0.12012712206063299,reject,pre_step,drift_diffusion_then_jump,iid_bank,8,every_step,True,0.0,0.0053515625,146.33359835761985,4896,0.0,0.9935064935064936,7.102272727272727e-06,0.0
LSC-CP-RA,"LSC-CP-RA (A=8), tamed",44d6ecf1abcc7ab097c151f5d67417fb,c87203a12406cc5114b7ffa2d8877465,True,3,308,1.54,191994701.83286715,59998.34432277098,308.0,78848.0,0.31686661317301845,0.0724388365035773,0.07153221796953424,0.24500000000000005,0.08920561425570861,0.0,0.02949554884628141,0.2148977216369078,True,0.12012712206063299,reject,pre_step,drift_diffusion_then_jump,iid_bank,8,every_step,True,0.0,0.0053515625,146.33359835761985,4896,0.0,0.9935064935064936,7.102272727272727e-06,0.0
LSC-CP-RA,"LSC-CP-RA (A=8), tamed",44d6ecf1abcc7ab097c151f5d67417fb,c87203a12406cc5114b7ffa2d8877465,True,0,317,1.585,197604936.6266847,61751.542695838965,317.0,81152.0,0.3251312698713489,0.07788564929826469,0.07700519246843529,0.23125,0.09263691503080207,0.0,0.03155828852657097,0.1948977216369078,True,0.12012712206063299,reject,pre_step,drift_diffusion_then_jump,iid_bank,8,every_step,True,0.0,0.0038541666666666668,151.83661633734621,5007,0.0,0.9871845425867508,6.900630914826498e-06,0.0
LSC-CP-RA,"LSC-CP-RA (A=8), tamed",44d6ecf1abcc7ab097c151f5d67417fb,c87203a12406cc5114b7ffa2d8877465,True,1,317,1.585,197604936.6266847,61751.542695838965,317.0,81152.0,0.3215815150891096,0.07643035800529929,0.07553075683651977,0.24125000000000002,0.0922175403936979,0.0,0.03220854615313348,0.22239772163690782,True,0.12012712206063299,reject,pre_step,drift_diffusion_then_jump,iid_bank,8,every_step,True,0.0,0.0038541666666666668,151.83661633734621,5007,0.0,0.9871845425867508,6.900630914826498e-06,0.0
LSC-CP-RA,"LSC-CP-RA (A=8), tamed",44d6ecf1abcc7ab097c151f5d67417fb,c87203a12406cc5114b7ffa2d8877465,True,2,317,1.585,197604936.6266847,61751.542695838965,317.0,81152.0,0.3122548772226701,0.06924064772676664,0.06832815228700828,0.24125000000000002,0.08815211479858454,0.0,0.02616381725691172,0.1948977216369078,True,0.12012712206063299,reject,pre_step,drift_diffusion_then_jump,iid_bank,8,every_step,True,0.0,0.0038541666666666668,151.83661633734621,5007,0.0,0.9871845425867508,6.900630914826498e-06,0.0
LSC-CP-RA,"LSC-CP-RA (A=8), tamed",44d6ecf1abcc7ab097c151f5d67417fb,c87203a12406cc5114b7ffa2d8877465,True,3,317,1.585,197604936.6266847,61751.542695838965,317.0,81152.0,0.3107835135823248,0.06906646874933764,0.0681532369515444,0.24750000000000005,0.08794957215143784,0.0,0.029302648292992516,0.21489772163690782,True,0.12012712206063299,reject,pre_step,drift_diffusion_then_jump,iid_bank,8,every_step,True,0.0,0.0038541666666666668,151.83661633734621,5007,0.0,0.9871845425867508,6.900630914826498e-06,0.0
LSC-CP-RA,"LSC-CP-RA (A=8), tamed",44d6ecf1abcc7ab097c151f5d67417fb,c87203a12406cc5114b7ffa2d8877465,True,0,325,1.625,202591811.99896696,63309.94124967718,325.0,83200.0,0.31678523819146603,0.07259465578607971,0.07170416678783975,0.22875,0.09074350546139143,0.0,0.029149854789409714,0.1898977216369078,True,0.12012712206063299,reject,pre_step,drift_diffusion_then_jump,iid_bank,8,every_step,True,0.0,0.005117187499999999,141.92501271506362,5138,0.0,0.9880769230769231,7.692307692307692e-06,0.0
LSC-CP-RA,"LSC-CP-RA (A=8), tamed",44d6ecf1abcc7ab097c151f5d67417fb,c87203a12406cc5114b7ffa2d8877465,True,1,325,1.625,202591811.99896696,63309.94124967718,325.0,83200.0,0.3191660799466256,0.07400327257412598,0.07310668075356808,0.24499999999999994,0.08954227308141893,0.0,0.031529655427841294,0.2123977216369078,True,0.12012712206063299,reject,pre_step,drift_diffusion_then_jump,iid_bank,8,every_step,True,0.0,0.005117187499999999,141.92501271506362,5138,0.0,0.9880769230769231,7.692307692307692e-06,0.0
LSC-CP-RA,"LSC-CP-RA (A=8), tamed",44d6ecf1abcc7ab097c151f5d67417fb,c87203a12406cc5114b7ffa2d8877465,True,2,325,1.625,202591811.99896696,63309.94124967718,325.0,83200.0,0.31058893221481676,0.06896222505269356,0.0680504243052259,0.24750000000000005,0.0925361293753677,0.0,0.026506870722186528,0.1998977216369078,True,0.12012712206063299,reject,pre_step,drift_diffusion_then_jump,iid_bank,8,every_step,True,0.0,0.005117187499999999,141.92501271506362,5138,0.0,0.9880769230769231,7.692307692307692e-06,0.0
LSC-CP-RA,"LSC-CP-RA (A=8), tamed",44d6ecf1abcc7ab097c151f5d67417fb,c87203a12406cc5114b7ffa2d8877465,True,3,325,1.625,202591811.99896696,63309.94124967718,325.0,83200.0,0.30677818746199814,0.0661823056781834,0.0652714372746187,0.24750000000000005,0.08545567972933699,0.0,0.027500254988166092,0.2073977216369078,True,0.12012712206063299,reject,pre_step,drift_diffusion_then_jump,iid_bank,8,every_step,True,0.0,0.005117187499999999,141.92501271506362,5138,0.0,0.9880769230769231,7.692307692307692e-06,0.0
LSC-CP-RA,"LSC-CP-RA (A=8), tamed",44d6ecf1abcc7ab097c151f5d67417fb,c87203a12406cc5114b7ffa2d8877465,True,0,333,1.665,207578687.37124923,64868.33980351538,333.0,85248.0,0.3152590337272907,0.07225785368801063,0.07137499533541214,0.23625000000000002,0.08959277091510875,0.0,0.02927572587677103,0.18864772163690782,True,0.12012712206063299,reject,pre_step,drift_diffusion_then_jump,iid_bank,8,every_step,True,0.0,0.004921875,114.58434628262995,5264,0.0,0.987987987987988,7.507507507507507e-06,0.0
LSC-CP-RA,"LSC-CP-RA (A=8), tamed",44d6ecf1abcc7ab097c151f5d67417fb,c87203a12406cc5114b7ffa2d8877465,True,1,333,1.665,207578687.37124923,64868.33980351538,333.0,85248.0,0.3075965720896079,0.06913597422835893,0.0682384294839723,0.24124999999999996,0.09744291851626863,0.0,0.028582066896656464,0.2023977216369078,True,0.12012712206063299,reject,pre_step,drift_diffusion_then_jump,iid_bank,8,every_step,True,0.0,0.004921875,114.58434628262995,5264,0.0,0.987987987987988,7.507507507507507e-06,0.0
LSC-CP-RA,"LSC-CP-RA (A=8), tamed",44d6ecf1abcc7ab097c151f5d67417fb,c87203a12406cc5114b7ffa2d8877465,True,2,333,1.665,207578687.37124923,64868.33980351538,333.0,85248.0,0.3015891033087851,0.06362229927440288,0.06270527323823794,0.23375000000000007,0.08753200470936229,0.0,0.02482194182601622,0.1961477216369078,True,0.12012712206063299,reject,pre_step,drift_diffusion_then_jump,iid_bank,8,every_step,True,0.0,0.004921875,114.58434628262995,5264,0.0,0.987987987987988,7.507507507507507e-06,0.0
LSC-CP-RA,"LSC-CP-RA (A=8), tamed",44d6ecf1abcc7ab097c151f5d67417fb,c87203a12406cc5114b7ffa2d8877465,True,3,333,1.665,207578687.37124923,64868.33980351538,333.0,85248.0,0.298612766914372,0.06259492781169951,0.061680573163731434,0.23625000000000007,0.08936671120547435,0.0,0.025744879016961222,0.19864772163690783,True,0.12012712206063299,reject,pre_step,drift_diffusion_then_jump,iid_bank,8,every_step,True,0.0,0.004921875,114.58434628262995,5264,0.0,0.987987987987988,7.507507507507507e-06,0.0
LSC-CP-RA,"LSC-CP-RA (A=8), tamed",44d6ecf1abcc7ab097c151f5d67417fb,c87203a12406cc5114b7ffa2d8877465,True,0,342,1.71,213188922.16506678,66621.53817658337,342.0,87552.0,0.3097296243065525,0.06849340781809854,0.06760292268779333,0.23374999999999996,0.08963755952744468,0.0,0.027844448742633338,0.1861477216369078,True,0.12012712206063299,reject,pre_step,drift_diffusion_then_jump,iid_bank,8,every_step,True,0.0,0.004895833333333333,124.08719012943291,5405,0.0,0.9877558479532164,7.3099415204678366e-06,0.0
LSC-CP-RA,"LSC-CP-RA (A=8), tamed",44d6ecf1abcc7ab097c151f5d67417fb,c87203a12406cc5114b7ffa2d8877465,True,1,342,1.71,213188922.16506678,66621.53817658337,342.0,87552.0,0.29906771600946985,0.0623319769993157,0.06142905439620294,0.21250000000000002,0.08868157588037173,0.0,0.024861342626519352,0.1786477216369078,True,0.12012712206063299,reject,pre_step,drift_diffusion_then_jump,iid_bank,8,every_step,True,0.0,0.004895833333333333,124.08719012943291,5405,0.0,0.9877558479532164,7.3099415204678366e-06,0.0
LSC-CP-RA,"LSC-CP-RA (A=8), tamed",44d6ecf1abcc7ab097c151f5d67417fb,c87203a12406cc5114b7ffa2d8877465,True,2,342,1.71,213188922.16506678,66621.53817658337,342.0,87552.0,0.2941415825233103,0.058904647971202206,0.05798584222661718,0.22374999999999995,0.08714938340376621,0.0,0.022795816889774057,0.1848977216369078,True,0.12012712206063299,reject,pre_step,drift_diffusion_then_jump,iid_bank,8,every_step,True,0.0,0.004895833333333333,124.08719012943291,5405,0.0,0.9877558479532164,7.3099415204678366e-06,0.0
LSC-CP-RA,"LSC-CP-RA (A=8), tamed",44d6ecf1abcc7ab097c151f5d67417fb,c87203a12406cc5114b7ffa2d8877465,True,3,342,1.71,213188922.16506678,66621.53817658337,342.0,87552.0,0.29330092414272746,0.05920663404812465,0.05828863675371376,0.22875000000000006,0.08738547020261245,0.0,0.024288118063154854,0.1948977216369078,True,0.12012712206063299,reject,pre_step,drift_diffusion_then_jump,iid_bank,8,every_step,True,0.0,0.004895833333333333,124.08719012943291,5405,0.0,0.9877558479532164,7.3099415204678366e-06,0.0
LSC-CP-RA,"LSC-CP-RA (A=8), tamed",44d6ecf1abcc7ab097c151f5d67417fb,c87203a12406cc5114b7ffa2d8877465,True,0,350,1.75,218175797.53734905,68179.93673042157,350.0,89600.0,0.3058075685242809,0.06652152414125001,0.06562777015412713,0.21750000000000003,0.08778987707617958,0.0,0.026532704110193664,0.1798977216369078,True,0.12012712206063299,reject,pre_step,drift_diffusion_then_jump,iid_bank,8,every_step,True,0.0,0.0051953125,148.43930484737538,5538,0.0,0.9889285714285714,7.142857142857143e-06,0.0
LSC-CP-RA,"LSC-CP-RA (A=8), tamed",44d6ecf1abcc7ab097c151f5d67417fb,c87203a12406cc5114b7ffa2d8877465,True,1,350,1.75,218175797.53734905,68179.93673042157,350.0,89600.0,0.29799371961646176,0.06028819871358104,0.059382435042246384,0.21250000000000002,0.08673661801128651,0.0,0.023770266173428416,0.1736477216369078,True,0.12012712206063299,reject,pre_step,drift_diffusion_then_jump,iid_bank,8,every_step,True,0.0,0.0051953125,148.43930484737538,5538,0.0,0.9889285714285714,7.142857142857143e-06,0.0
LSC-CP-RA,"LSC-CP-RA (A=8), tamed",44d6ecf1abcc7ab097c151f5d67417fb,c87203a12406cc5114b7ffa2d8877465,True,2,350,1.75,218175797.53734905,68179.93673042157,350.0,89600.0,0.29395695315049575,0.05958918827698234,0.058669856715889646,0.22500000000000003,0.08167544541125471,0.0,0.022442342088723498,0.1836477216369078,True,0.12012712206063299,reject,pre_step,drift_diffusion_then_jump,iid_bank,8,every_step,True,0.0,0.0051953125,148.43930484737538,5538,0.0,0.9889285714285714,7.142857142857143e-06,0.0
LSC-CP-RA,"LSC-CP-RA (A=8), tamed",44d6ecf1abcc7ab097c151f5d67417fb,c87203a12406cc5114b7ffa2d8877465,True,3,350,1.75,218175797.53734905,68179.93673042157,350.0,89600.0,0.2875401222462247,0.056295074201036965,0.055372463396421656,0.21750000000000003,0.0890892974369516,0.0,0.023193498519894953,0.1898977216369078,True,0.12012712206063299,reject,pre_step,drift_diffusion_then_jump,iid_bank,8,every_step,True,0.0,0.0051953125,148.43930484737538,5538,0.0,0.9889285714285714,7.142857142857143e-06,0.0
LSC-CP-RA,"LSC-CP-RA (A=8), tamed",44d6ecf1abcc7ab097c151f5d67417fb,c87203a12406cc5114b7ffa2d8877465,True,0,358,1.79,223162672.90963128,69738.33528425978,358.0,91648.0,0.30060318377063117,0.06220018551411355,0.06129269532953752,0.22000000000000003,0.09803596535304004,0.0,0.024941527428540063,0.1811477216369078,True,0.12012712206063299,reject,pre_step,drift_diffusion_then_jump,iid_bank,8,every_step,True,0.0,0.0062890624999999995,168.47221224258345,5699,0.0,0.9949371508379888,6.983240223463687e-06,0.0
LSC-CP-RA,"LSC-CP-RA (A=8), tamed",44d6ecf1abcc7ab097c151f5d67417fb,c87203a12406cc5114b7ffa2d8877465,True,1,358,1.79,223162672.90963128,69738.33528425978,358.0,91648.0,0.29855083537018734,0.06073360691943708,0.05982895081867923,0.21749999999999997,0.09175707803936806,0.0,0.024467109163955232,0.17739772163690784,True,0.12012712206063299,reject,pre_step,drift_diffusion_then_jump,iid_bank,8,every_step,True,0.0,0.0062890624999999995,168.47221224258345,5699,0.0,0.9949371508379888,6.983240223463687e-06,0.0
LSC-CP-RA,"LSC-CP-RA (A=8), tamed",44d6ecf1abcc7ab097c151f5d67417fb,c87203a12406cc5114b7ffa2d8877465,True,2,358,1.79,223162672.90963128,69738.33528425978,358.0,91648.0,0.29304851511476143,0.058018296250027857,0.0570980771493077,0.22375,0.08149673739274654,0.0,0.022103020150209762,0.1786477216369078,True,0.12012712206063299,reject,pre_step,drift_diffusion_then_jump,iid_bank,8,every_step,True,0.0,0.0062890624999999995,168.47221224258345,5699,0.0,0.9949371508379888,6.983240223463687e-06,0.0
LSC-CP-RA,"LSC-CP-RA (A=8), tamed",44d6ecf1abcc7ab097c151f5d67417fb,c87203a12406cc5114b7ffa2d8877465,True,3,358,1.79,223162672.90963128,69738.33528425978,358.0,91648.0,0.2770136188772818,0.049193564360706876,0.04826340740110957,0.1975,0.08419714664959,0.0,0.019099010324225386,0.1711477216369078,True,0.12012712206063299,reject,pre_step,drift_diffusion_then_jump,iid_bank,8,every_step,True,0.0,0.0062890624999999995,168.47221224258345,5699,0.0,0.9949371508379888,6.983240223463687e-06,0.0
LSC-CP-RA,"LSC-CP-RA (A=8), tamed",44d6ecf1abcc7ab097c151f5d67417fb,c87203a12406cc5114b7ffa2d8877465,True,0,367,1.835,228772907.70344883,71491.53365732776,367.0,93952.0,0.2912223763911752,0.05762201026399061,0.05671818638200721,0.2,0.08545257257668437,0.0,0.023133560329999168,0.16614772163690777,True,0.12012712206063299,reject,pre_step,drift_diffusion_then_jump,iid_bank,8,every_step,True,0.0,0.004409722222222222,124.25492296035826,5826,0.0,0.9921662125340599,6.8119891008174385e-06,0.0
LSC-CP-RA,"LSC-CP-RA (A=8), tamed",44d6ecf1abcc7ab097c151f5d67417fb,c87203a12406cc5114b7ffa2d8877465,True,1,367,1.835,228772907.70344883,71491.53365732776,367.0,93952.0,0.29529645413725136,0.06078530209648991,0.05987962286482962,0.22125000000000006,0.0898159597465168,0.0,0.02415915491876275,0.1748977216369078,True,0.12012712206063299,reject,pre_step,drift_diffusion_then_jump,iid_bank,8,every_step,True,0.0,0.004409722222222222,124.25492296035826,5826,0.0,0.9921662125340599,6.8119891008174385e-06,0.0
LSC-CP-RA,"LSC-CP-RA (A=8), tamed",44d6ecf1abcc7ab097c151f5d67417fb,c87203a12406cc5114b7ffa2d8877465,True,2,367,1.835,228772907.70344883,71491.53365732776,367.0,93952.0,0.29306941780302553,0.057922726528856994,0.05700739878714123,0.21624999999999994,0.0830572483663069,0.0,0.02251113095134302,0.1773977216369078,True,0.12012712206063299,reject,pre_step,drift_diffusion_then_jump,iid_bank,8,every_step,True,0.0,0.004409722222222222,124.25492296035826,5826,0.0,0.9921662125340599,6.8119891008174385e-06,0.0
LSC-CP-RA,"LSC-CP-RA (A=8), tamed",44d6ecf1abcc7ab097c151f5d67417fb,c87203a12406cc5114b7ffa2d8877465,True,3,367,1.835,228772907.70344883,71491.53365732776,367.0,93952.0,0.27514714089183623,0.047994116313268664,0.047067881440263526,0.1925,0.08045371912298904,0.0,0.01859231522967808,0.16114772163690783,True,0.12012712206063299,reject,pre_step,drift_diffusion_then_jump,iid_bank,8,every_step,True,0.0,0.004409722222222222,124.25492296035826,5826,0.0,0.9921662125340599,6.8119891008174385e-06,0.0
LSC-CP-RA,"LSC-CP-RA (A=8), tamed",44d6ecf1abcc7ab097c151f5d67417fb,c87203a12406cc5114b7ffa2d8877465,True,0,375,1.875,233759783.0757311,73049.93221116597,375.0,96000.0,0.28622871180554166,0.053595753587243,0.052686983916931385,0.1987500000000001,0.079720460027903,0.0,0.021348329262127437,0.1586477216369078,True,0.12012712206063299,reject,pre_step,drift_diffusion_then_jump,iid_bank,8,every_step,True,0.0,0.0051171875,257.4360384128989,5957,0.0,0.9928333333333333,6.666666666666667e-06,0.0
LSC-CP-RA,"LSC-CP-RA (A=8), tamed",44d6ecf1abcc7ab097c151f5d67417fb,c87203a12406cc5114b7ffa2d8877465,True,1,375,1.875,233759783.0757311,73049.93221116597,375.0,96000.0,0.2900359709506692,0.05629465479251794,0.05538119990143864,0.22125000000000006,0.08969469761881366,0.0,0.022478630068666003,0.1686477216369078,True,0.12012712206063299,reject,pre_step,drift_diffusion_then_jump,iid_bank,8,every_step,True,0.0,0.0051171875,257.4360384128989,5957,0.0,0.9928333333333333,6.666666666666667e-06,0.0
LSC-CP-RA,"LSC-CP-RA (A=8), tamed",44d6ecf1abcc7ab097c151f5d67417fb,c87203a12406cc5114b7ffa2d8877465,True,2,375,1.875,233759783.0757311,73049.93221116597,375.0,96000.0,0.2804104779292834,0.05237013091532683,0.05144849189489331,0.21125000000000005,0.0817055207434958,0.0,0.020207300429447524,0.17114772163690778,True,0.12012712206063299,reject,pre_step,drift_diffusion_then_jump,iid_bank,8,every_step,True,0.0,0.0051171875,257.4360384128989,5957,0.0,0.9928333333333333,6.666666666666667e-06,0.0
LSC-CP-RA,"LSC-CP-RA (A=8), tamed",44d6ecf1abcc7ab097c151f5d67417fb,c87203a12406cc5114b7ffa2d8877465,True,3,375,1.875,233759783.0757311,73049.93221116597,375.0,96000.0,0.2716243014794608,0.047131155733957986,0.04620721784010573,0.1925,0.07607878742664154,0.0,0.016875662668669415,0.1523977216369078,True,0.12012712206063299,reject,pre_step,drift_diffusion_then_jump,iid_bank,8,every_step,True,0.0,0.0051171875,257.4360384128989,5957,0.0,0.9928333333333333,6.666666666666667e-06,0.0
LSC-CP-RA,"LSC-CP-RA (A=8), tamed",44d6ecf1abcc7ab097c151f5d67417fb,c87203a12406cc5114b7ffa2d8877465,True,0,383,1.915,238746658.44801337,74608.33076500418,383.0,98048.0,0.28497222250775134,0.053904819591660824,0.05299483994480758,0.19625000000000004,0.07763607642409043,0.0,0.020724953371999193,0.16114772163690777,True,0.12012712206063299,reject,pre_step,drift_diffusion_then_jump,iid_bank,8,every_step,True,0.0,0.004296875,116.54961239742696,6067,0.0,0.9900456919060052,7.343342036553525e-06,0.0
LSC-CP-RA,"LSC-CP-RA (A=8), tamed",44d6ecf1abcc7ab097c151f5d67417fb,c87203a12406cc5114b7ffa2d8877465,True,1,383,1.915,238746658.44801337,74608.33076500418,383.0,98048.0,0.28374557690469526,0.05459995056152778,0.05369636842616965,0.21250000000000002,0.08228510021817725,0.0,0.02066437726378307,0.1586477216369078,True,0.12012712206063299,reject,pre_step,drift_diffusion_then_jump,iid_bank,8,every_step,True,0.0,0.004296875,116.54961239742696,6067,0.0,0.9900456919060052,7.343342036553525e-06,0.0
LSC-CP-RA,"LSC-CP-RA (A=8), tamed",44d6ecf1abcc7ab097c151f5d67417fb,c87203a12406cc5114b7ffa2d8877465,True,2,383,1.915,238746658.44801337,74608.33076500418,383.0,98048.0,0.28123250701962554,0.05219537983141431,0.05127717800448284,0.19875000000000004,0.08381931298349632,0.0,0.019894192949098617,0.16114772163690777,True,0.12012712206063299,reject,pre_step,drift_diffusion_then_jump,iid_bank,8,every_step,True,0.0,0.004296875,116.54961239742696,6067,0.0,0.9900456919060052,7.343342036553525e-06,0.0
LSC-CP-RA,"LSC-CP-RA (A=8), tamed",44d6ecf1abcc7ab097c151f5d67417fb,c87203a12406cc5114b7ffa2d8877465,True,3,383,1.915,238746658.44801337,74608.33076500418,383.0,98048.0,0.27186080151550185,0.04700211135845678,0.04607553795072683,0.19625000000000004,0.07509341263841118,0.0,0.01702142235344455,0.1536477216369078,True,0.12012712206063299,reject,pre_step,drift_diffusion_then_jump,iid_bank,8,every_step,True,0.0,0.004296875,116.54961239742696,6067,0.0,0.9900456919060052,7.343342036553525e-06,0.0
LSC-CP-RA,"LSC-CP-RA (A=8), tamed",44d6ecf1abcc7ab097c151f5d67417fb,c87203a12406cc5114b7ffa2d8877465,True,0,392,1.96,244356893.24183092,76361.52913807216,392.0,100352.0,0.27942538033128794,0.05147306320660916,0.050560925581297544,0.19000000000000006,0.08905154239133595,0.0,0.019739744944961807,0.1561477216369078,True,0.12012712206063299,reject,pre_step,drift_diffusion_then_jump,iid_bank,8,every_step,True,0.0,0.005034722222222222,118.9683673201574,6212,0.0,0.9904336734693877,7.174744897959183e-06,0.0
LSC-CP-RA,"LSC-CP-RA (A=8), tamed",44d6ecf1abcc7ab097c151f5d67417fb,c87203a12406cc5114b7ffa2d8877465,True,1,392,1.96,244356893.24183092,76361.52913807216,392.0,100352.0,0.27606346964086037,0.049772372657963526,0.04886124808494019,0.2025,0.08113038001389261,0.0,0.018576361336159336,0.1511477216369078,True,0.12012712206063299,reject,pre_step,drift_diffusion_then_jump,iid_bank,8,every_step,True,0.0,0.005034722222222222,118.9683673201574,6212,0.0,0.9904336734693877,7.174744897959183e-06,0.0
LSC-CP-RA,"LSC-CP-RA (A=8), tamed",44d6ecf1abcc7ab097c151f5d67417fb,c87203a12406cc5114b7ffa2d8877465,True,2,392,1.96,244356893.24183092,76361.52913807216,392.0,100352.0,0.276039515053015,0.04877143503362269,0.047852130012911775,0.19500000000000006,0.07939803703433612,0.0,0.017128588075417398,0.14489772163690778,True,0.12012712206063299,reject,pre_step,drift_diffusion_then_jump,iid_bank,8,every_step,True,0.0,0.005034722222222222,118.9683673201574,6212,0.0,0.9904336734693877,7.174744897959183e-06,0.0
LSC-CP-RA,"LSC-CP-RA (A=8), tamed",44d6ecf1abcc7ab097c151f5d67417fb,c87203a12406cc5114b7ffa2d8877465,True,3,392,1.96,244356893.24183092,76361.52913807216,392.0,100352.0,0.27119251349113377,0.04734661976216725,0.04641632211529001,0.20500000000000007,0.07553347546938483,0.0,0.01700412510227048,0.15739772163690782,True,0.12012712206063299,reject,pre_step,drift_diffusion_then_jump,iid_bank,8,every_step,True,0.0,0.005034722222222222,118.9683673201574,6212,0.0,0.9904336734693877,7.174744897959183e-06,0.0
LSC-CP-RA,"LSC-CP-RA (A=8), tamed",44d6ecf1abcc7ab097c151f5d67417fb,c87203a12406cc5114b7ffa2d8877465,True,0,400,2.0,249343768.61411318,77919.92769191037,400.0,102400.0,0.2743092786054876,0.04799915792666998,0.04707742243656543,0.19249999999999995,0.08482255985748621,0.0,0.017396520763409997,0.1436477216369078,True,0.12012712206063299,reject,pre_step,drift_diffusion_then_jump,iid_bank,8,every_step,True,0.0,0.0045703125,235.6925197012512,6329,0.0,0.98890625,7.03125e-06,0.0
LSC-CP-RA,"LSC-CP-RA (A=8), tamed",44d6ecf1abcc7ab097c151f5d67417fb,c87203a12406cc5114b7ffa2d8877465,True,1,400,2.0,249343768.61411318,77919.92769191037,400.0,102400.0,0.2725045223550301,0.04803756664597736,0.0471208138518856,0.20375,0.0774254211496006,0.0,0.017656592528446827,0.1498977216369078,True,0.12012712206063299,reject,pre_step,drift_diffusion_then_jump,iid_bank,8,every_step,True,0.0,0.0045703125,235.6925197012512,6329,0.0,0.98890625,7.03125e-06,0.0
LSC-CP-RA,"LSC-CP-RA (A=8), tamed",44d6ecf1abcc7ab097c151f5d67417fb,c87203a12406cc5114b7ffa2d8877465,True,2,400,2.0,249343768.61411318,77919.92769191037,400.0,102400.0,0.2728570718327962,0.048286376281729715,0.04736758693157339,0.19874999999999998,0.07833867769294611,0.0,0.017258023617746268,0.14614772163690784,True,0.12012712206063299,reject,pre_step,drift_diffusion_then_jump,iid_bank,8,every_step,True,0.0,0.0045703125,235.6925197012512,6329,0.0,0.98890625,7.03125e-06,0.0
LSC-CP-RA,"LSC-CP-RA (A=8), tamed",44d6ecf1abcc7ab097c151f5d67417fb,c87203a12406cc5114b7ffa2d8877465,True,3,400,2.0,249343768.61411318,77919.92769191037,400.0,102400.0,0.26916924343939175,0.047652493701463516,0.04672942651626644,0.20375000000000004,0.07969630420875562,0.0,0.017158436499597328,0.1561477216369078,True,0.12012712206063299,reject,pre_step,drift_diffusion_then_jump,iid_bank,8,every_step,True,0.0,0.0045703125,235.6925197012512,6329,0.0,0.98890625,7.03125e-06,0.0
LSC-CP-RA,"LSC-CP-RA (A=8), tamed",44d6ecf1abcc7ab097c151f5d67417fb,c87203a12406cc5114b7ffa2d8877465,True,0,408,2.04,254330643.98639545,79478.32624574858,408.0,104448.0,0.2705892753006728,0.04486396480210364,0.04393412091083304,0.1825,0.07767953707323771,0.0,0.016881394011700822,0.1461477216369078,True,0.12012712206063299,reject,pre_step,drift_diffusion_then_jump,iid_bank,8,every_step,True,0.0,0.0045312500000000006,124.5387718297996,6445,0.0,0.9872855392156863,6.893382352941177e-06,0.0
LSC-CP-RA,"LSC-CP-RA (A=8), tamed",44d6ecf1abcc7ab097c151f5d67417fb,c87203a12406cc5114b7ffa2d8877465,True,1,408,2.04,254330643.98639545,79478.32624574858,408.0,104448.0,0.2610713770470546,0.042919468110054315,0.042001163428743826,0.19124999999999998,0.07283015438935103,0.0,0.015138971455346973,0.1361477216369078,True,0.12012712206063299,reject,pre_step,drift_diffusion_then_jump,iid_bank,8,every_step,True,0.0,0.0045312500000000006,124.5387718297996,6445,0.0,0.9872855392156863,6.893382352941177e-06,0.0
LSC-CP-RA,"LSC-CP-RA (A=8), tamed",44d6ecf1abcc7ab097c151f5d67417fb,c87203a12406cc5114b7ffa2d8877465,True,2,408,2.04,254330643.98639545,79478.32624574858,408.0,104448.0,0.26860865576089343,0.04595608385893912,0.045039803345327756,0.19625000000000004,0.07829676048957801,0.0,0.01679295642164065,0.1373977216369078,True,0.12012712206063299,reject,pre_step,drift_diffusion_then_jump,iid_bank,8,every_step,True,0.0,0.0045312500000000006,124.5387718297996,6445,0.0,0.9872855392156863,6.893382352941177e-06,0.0
LSC-CP-RA,"LSC-CP-RA (A=8), tamed",44d6ecf1abcc7ab097c151f5d67417fb,c87203a12406cc5114b7ffa2d8877465,True,3,408,2.04,254330643.98639545,79478.32624574858,408.0,104448.0,0.263113742575768,0.043293835041188555,0.04236207331917741,0.20124999999999998,0.07857561694063986,0.0,0.01581226949284057,0.15239772163690782,True,0.12012712206063299,reject,pre_step,drift_diffusion_then_jump,iid_bank,8,every_step,True,0.0,0.0045312500000000006,124.5387718297996,6445,0.0,0.9872855392156863,6.893382352941177e-06,0.0
LSC-CP-RA,"LSC-CP-RA (A=8), tamed",44d6ecf1abcc7ab097c151f5d67417fb,c87203a12406cc5114b7ffa2d8877465,True,0,417,2.085,259940878.780213,81231.52461881656,417.0,106752.0,0.2729291998571325,0.04645432815971584,0.04552527205289303,0.18375000000000002,0.07640539756008013,0.0,0.016930164674825214,0.1498977216369078,True,0.12012712206063299,reject,pre_step,drift_diffusion_then_jump,iid_bank,8,every_step,True,0.0,0.0046875,132.17658712914607,6580,0.0,0.9862110311750599,7.49400479616307e-06,0.0
LSC-CP-RA,"LSC-CP-RA (A=8), tamed",44d6ecf1abcc7ab097c151f5d67417fb,c87203a12406cc5114b7ffa2d8877465,True,1,417,2.085,259940878.780213,81231.52461881656,417.0,106752.0,0.2596189105985197,0.04143396070306993,0.040510457371492614,0.17499999999999993,0.0796982272419956,0.0,0.015138971455346973,0.1361477216369078,True,0.12012712206063299,reject,pre_step,drift_diffusion_then_jump,iid_bank,8,every_step,True,0.0,0.0046875,132.17658712914607,6580,0.0,0.9862110311750599,7.49400479616307e-06,0.0
LSC-CP-RA,"LSC-CP-RA (A=8), tamed",44d6ecf1abcc7ab097c151f5d67417fb,c87203a12406cc5114b7ffa2d8877465,True,2,417,2.085,259940878.780213,81231.52461881656,417.0,106752.0,0.2661155328305707,0.045689589453067,0.044769542569797816,0.18875000000000008,0.0774827420427151,0.0,0.015996764131179238,0.14114772163690784,True,0.12012712206063299,reject,pre_step,drift_diffusion_then_jump,iid_bank,8,every_step,True,0.0,0.0046875,132.17658712914607,6580,0.0,0.9862110311750599,7.49400479616307e-06,0.0
LSC-CP-RA,"LSC-CP-RA (A=8), tamed",44d6ecf1abcc7ab097c151f5d67417fb,c87203a12406cc5114b7ffa2d8877465,True,3,417,2.085,259940878.780213,81231.52461881656,417.0,106752.0,0.2599172269785348,0.04243232094553062,0.04150447323799211,0.19124999999999998,0.07582566861646256,0.0,0.015073704635537803,0.1461477216369078,True,0.12012712206063299,reject,pre_step,drift_diffusion_then_jump,iid_bank,8,every_step,True,0.0,0.0046875,132.17658712914607,6580,0.0,0.9862110311750599,7.49400479616307e-06,0.0
LSC-CP-RA,"LSC-CP-RA (A=8), tamed",44d6ecf1abcc7ab097c151f5d67417fb,c87203a12406cc5114b7ffa2d8877465,True,0,425,2.125,264927754.15249527,82789.92317265477,425.0,108800.0,0.2715855544311553,0.04622363986770062,0.04529588985480704,0.1925,0.0757454557910181,0.0,0.016566359664262592,0.1448977216369078,True,0.12012712206063299,reject,pre_step,drift_diffusion_then_jump,iid_bank,8,every_step,True,0.0,0.0043749999999999995,125.97708442043677,6692,0.0,0.9841176470588235,7.3529411764705884e-06,0.0
LSC-CP-RA,"LSC-CP-RA (A=8), tamed",44d6ecf1abcc7ab097c151f5d67417fb,c87203a12406cc5114b7ffa2d8877465,True,1,425,2.125,264927754.15249527,82789.92317265477,425.0,108800.0,0.25235787569471235,0.038441848588088634,0.03751502014551289,0.16500000000000004,0.07636072963656182,0.0,0.013966807543760784,0.1311477216369078,True,0.12012712206063299,reject,pre_step,drift_diffusion_then_jump,iid_bank,8,every_step,True,0.0,0.0043749999999999995,125.97708442043677,6692,0.0,0.9841176470588235,7.3529411764705884e-06,0.0
LSC-CP-RA,"LSC-CP-RA (A=8), tamed",44d6ecf1abcc7ab097c151f5d67417fb,c87203a12406cc5114b7ffa2d8877465,True,2,425,2.125,264927754.15249527,82789.92317265477,425.0,108800.0,0.2684353615677008,0.046065983935100974,0.04514650558218447,0.18500000000000005,0.07529160767289012,0.0,0.017149309758291924,0.1486477216369078,True,0.12012712206063299,reject,pre_step,drift_diffusion_then_jump,iid_bank,8,every_step,True,0.0,0.0043749999999999995,125.97708442043677,6692,0.0,0.9841176470588235,7.3529411764705884e-06,0.0
LSC-CP-RA,"LSC-CP-RA (A=8), tamed",44d6ecf1abcc7ab097c151f5d67417fb,c87203a12406cc5114b7ffa2d8877465,True,3,425,2.125,264927754.15249527,82789.92317265477,425.0,108800.0,0.2517851617111732,0.03952096753202505,0.03858633145029877,0.19374999999999998,0.07999631852951539,0.0,0.013674865926947635,0.1398977216369078,True,0.12012712206063299,reject,pre_step,drift_diffusion_then_jump,iid_bank,8,every_step,True,0.0,0.0043749999999999995,125.97708442043677,6692,0.0,0.9841176470588235,7.3529411764705884e-06,0.0
LSC-CP-RA,"LSC-CP-RA (A=8), tamed",44d6ecf1abcc7ab097c151f5d67417fb,c87203a12406cc5114b7ffa2d8877465,True,0,433,2.165,269914629.52477753,84348.32172649298,433.0,110848.0,0.2636132896520785,0.04226979641302486,0.04134043975628865,0.195,0.07876466975776253,0.0,0.01519783345170755,0.1348977216369078,True,0.12012712206063299,reject,pre_step,drift_diffusion_then_jump,iid_bank,8,every_step,True,0.0,0.0053125,162.42361357145276,6828,0.0,0.9855658198614319,7.2170900692840645e-06,0.0
LSC-CP-RA,"LSC-CP-RA (A=8), tamed",44d6ecf1abcc7ab097c151f5d67417fb,c87203a12406cc5114b7ffa2d8877465,True,1,433,2.165,269914629.52477753,84348.32172649298,433.0,110848.0,0.2472368179723906,0.035308539072978484,0.03437681038794371,0.16875,0.07036280662816152,0.0,0.012693156130012914,0.1261477216369078,True,0.12012712206063299,reject,pre_step,drift_diffusion_then_jump,iid_bank,8,every_step,True,0.0,0.0053125,162.42361357145276,6828,0.0,0.9855658198614319,7.2170900692840645e-06,0.0
LSC-CP-RA,"LSC-CP-RA (A=8), tamed",44d6ecf1abcc7ab097c151f5d67417fb,c87203a12406cc5114b7ffa2d8877465,True,2,433,2.165,269914629.52477753,84348.32172649298,433.0,110848.0,0.2637765204898582,0.04411575224261044,0.043196561622226404,0.19,0.07815650390284123,0.0,0.014733085078816523,0.1298977216369078,True,0.12012712206063299,reject,pre_step,drift_diffusion_then_jump,iid_bank,8,every_step,True,0.0,0.0053125,162.42361357145276,6828,0.0,0.9855658198614319,7.2170900692840645e-06,0.0
LSC-CP-RA,"LSC-CP-RA (A=8), tamed",44d6ecf1abcc7ab097c151f5d67417fb,c87203a12406cc5114b7ffa2d8877465,True,3,433,2.165,269914629.52477753,84348.32172649298,433.0,110848.0,0.24682328161849157,0.03680960849183834,0.03586746905016591,0.195,0.0811006885876634,0.0,0.012209811028370852,0.1298977216369078,True,0.12012712206063299,reject,pre_step,drift_diffusion_then_jump,iid_bank,8,every_step,True,0.0,0.0053125,162.42361357145276,6828,0.0,0.9855658198614319,7.2170900692840645e-06,0.0
LSC-CP-RA,"LSC-CP-RA (A=8), tamed",44d6ecf1abcc7ab097c151f5d67417fb,c87203a12406cc5114b7ffa2d8877465,True,0,442,2.21,275524864.31859505,86101.52009956095,442.0,113152.0,0.2622187775672744,0.04217304904157171,0.04124217780526718,0.18499999999999994,0.07777117836992509,0.0,0.014916242062027518,0.1373977216369078,True,0.12012712206063299,reject,pre_step,drift_diffusion_then_jump,iid_bank,8,every_step,True,0.0,0.0043055555555555555,122.70888078668911,6952,0.0,0.9830316742081447,7.070135746606335e-06,0.0
LSC-CP-RA,"LSC-CP-RA (A=8), tamed",44d6ecf1abcc7ab097c151f5d67417fb,c87203a12406cc5114b7ffa2d8877465,True,1,442,2.21,275524864.31859505,86101.52009956095,442.0,113152.0,0.24731835059203322,0.036305481924600924,0.03538183786290572,0.16749999999999998,0.06777492974954591,0.0,0.012515981136310481,0.11897475870879366,True,0.12012712206063299,reject,pre_step,drift_diffusion_then_jump,iid_bank,8,every_step,True,0.0,0.0043055555555555555,122.70888078668911,6952,0.0,0.9830316742081447,7.070135746606335e-06,0.0
LSC-CP-RA,"LSC-CP-RA (A=8), tamed",44d6ecf1abcc7ab097c151f5d67417fb,c87203a12406cc5114b7ffa2d8877465,True,2,442,2.21,275524864.31859505,86101.52009956095,442.0,113152.0,0.2647249612110962,0.04407953356040539,0.04316192815916131,0.19374999999999998,0.07458241486122275,0.0,0.015223935809441948,0.13114772163690783,True,0.12012712206063299,reject,pre_step,drift_diffusion_then_jump,iid_bank,8,every_step,True,0.0,0.0043055555555555555,122.70888078668911,6952,0.0,0.9830316742081447,7.070135746606335e-06,0.0
LSC-CP-RA,"LSC-CP-RA (A=8), tamed",44d6ecf1abcc7ab097c151f5d67417fb,c87203a12406cc5114b7ffa2d8877465,True,3,442,2.21,275524864.31859505,86101.52009956095,442.0,113152.0,0.2437976291078095,0.03494333962589624,0.03399739020550363,0.18375000000000002,0.07484155704363804,0.0,0.011449245919207159,0.1248977216369078,True,0.12012712206063299,reject,pre_step,drift_diffusion_then_jump,iid_bank,8,every_step,True,0.0,0.0043055555555555555,122.70888078668911,6952,0.0,0.9830316742081447,7.070135746606335e-06,0.0
LSC-CP-RA,"LSC-CP-RA (A=8), tamed",44d6ecf1abcc7ab097c151f5d67417fb,c87203a12406cc5114b7ffa2d8877465,True,0,450,2.25,280511739.6908773,87659.91865339916,450.0,115200.0,0.25230395607723405,0.038812041600201796,0.03787902455769121,0.1875,0.08388056758792217,0.0,0.01351946844407357,0.12989772163690777,True,0.12012712206063299,reject,pre_step,drift_diffusion_then_jump,iid_bank,8,every_step,True,0.0,0.0049609375,139.10562281895494,7079,0.0,0.9831944444444445,6.944444444444445e-06,0.0
LSC-CP-RA,"LSC-CP-RA (A=8), tamed",44d6ecf1abcc7ab097c151f5d67417fb,c87203a12406cc5114b7ffa2d8877465,True,1,450,2.25,280511739.6908773,87659.91865339916,450.0,115200.0,0.2410403288958431,0.03245159550352439,0.031510954094637555,0.15750000000000008,0.07268832535990333,0.0,0.011380963593941511,0.11989772163690778,True,0.12012712206063299,reject,pre_step,drift_diffusion_then_jump,iid_bank,8,every_step,True,0.0,0.0049609375,139.10562281895494,7079,0.0,0.9831944444444445,6.944444444444445e-06,0.0
LSC-CP-RA,"LSC-CP-RA (A=8), tamed",44d6ecf1abcc7ab097c151f5d67417fb,c87203a12406cc5114b7ffa2d8877465,True,2,450,2.25,280511739.6908773,87659.91865339916,450.0,115200.0,0.25806364728923215,0.04093947786304142,0.04001237268391411,0.18874999999999997,0.07261313710769957,0.0,0.013848467752565525,0.1298977216369078,True,0.12012712206063299,reject,pre_step,drift_diffusion_then_jump,iid_bank,8,every_step,True,0.0,0.0049609375,139.10562281895494,7079,0.0,0.9831944444444445,6.944444444444445e-06,0.0
LSC-CP-RA,"LSC-CP-RA (A=8), tamed",44d6ecf1abcc7ab097c151f5d67417fb,c87203a12406cc5114b7ffa2d8877465,True,3,450,2.25,280511739.6908773,87659.91865339916,450.0,115200.0,0.24318142231252082,0.03426457821439799,0.03331989745947617,0.1725,0.0718232940707747,0.0,0.011573214063053935,0.1261477216369078,True,0.12012712206063299,reject,pre_step,drift_diffusion_then_jump,iid_bank,8,every_step,True,0.0,0.0049609375,139.10562281895494,7079,0.0,0.9831944444444445,6.944444444444445e-06,0.0
LSC-CP-RA,"LSC-CP-RA (A=8), tamed",44d6ecf1abcc7ab097c151f5d67417fb,c87203a12406cc5114b7ffa2d8877465,True,0,458,2.29,285498615.0631596,89218.31720723737,458.0,117248.0,0.24634677259080695,0.036254799339156873,0.03531811119088102,0.17875000000000002,0.07606295648841443,0.0,0.012274898212595503,0.1248977216369078,True,0.12012712206063299,reject,pre_step,drift_diffusion_then_jump,iid_bank,8,every_step,True,0.0,0.00546875,137.84909844348434,7219,0.0,0.9851255458515283,7.505458515283843e-06,0.0
LSC-CP-RA,"LSC-CP-RA (A=8), tamed",44d6ecf1abcc7ab097c151f5d67417fb,c87203a12406cc5114b7ffa2d8877465,True,1,458,2.29,285498615.0631596,89218.31720723737,458.0,117248.0,0.2337658249733618,0.030904006391107575,0.029970483695408445,0.15249999999999997,0.07011409003310987,0.0,0.010436798846950745,0.10897475870879365,True,0.12012712206063299,reject,pre_step,drift_diffusion_then_jump,iid_bank,8,every_step,True,0.0,0.00546875,137.84909844348434,7219,0.0,0.9851255458515283,7.505458515283843e-06,0.0
LSC-CP-RA,"LSC-CP-RA (A=8), tamed",44d6ecf1abcc7ab097c151f5d67417fb,c87203a12406cc5114b7ffa2d8877465,True,2,458,2.29,285498615.0631596,89218.31720723737,458.0,117248.0,0.2579037261645287,0.04093404906454934,0.04001154131078899,0.18375000000000002,0.07329856490961772,0.0,0.013817061193907684,0.12522475870879365,True,0.12012712206063299,reject,pre_step,drift_diffusion_then_jump,iid_bank,8,every_step,True,0.0,0.00546875,137.84909844348434,7219,0.0,0.9851255458515283,7.505458515283843e-06,0.0
LSC-CP-RA,"LSC-CP-RA (A=8), tamed",44d6ecf1abcc7ab097c151f5d67417fb,c87203a12406cc5114b7ffa2d8877465,True,3,458,2.29,285498615.0631596,89218.31720723737,458.0,117248.0,0.24254392969868238,0.03354329126568312,0.032592846879998305,0.1725,0.0739627464106436,0.0,0.011448216812166775,0.1261477216369078,True,0.12012712206063299,reject,pre_step,drift_diffusion_then_jump,iid_bank,8,every_step,True,0.0,0.00546875,137.84909844348434,7219,0.0,0.9851255458515283,7.505458515283843e-06,0.0
LSC-CP-RA,"LSC-CP-RA (A=8), tamed",44d6ecf1abcc7ab097c151f5d67417fb,c87203a12406cc5114b7ffa2d8877465,True,0,467,2.335,291108849.85697716,90971.51558030536,467.0,119552.0,0.24081031336950087,0.032765085562230234,0.031826704502149195,0.16125,0.0723398469457025,0.0,0.011268909456761355,0.1186477216369078,True,0.12012712206063299,reject,pre_step,drift_diffusion_then_jump,iid_bank,8,every_step,True,0.0,0.0051041666666666674,136.34627703772728,7366,0.0,0.985813704496788,8.029978586723769e-06,0.0
LSC-CP-RA,"LSC-CP-RA (A=8), tamed",44d6ecf1abcc7ab097c151f5d67417fb,c87203a12406cc5114b7ffa2d8877465,True,1,467,2.335,291108849.85697716,90971.51558030536,467.0,119552.0,0.23149865419114246,0.028576660276470545,0.027639312322134346,0.15374999999999994,0.0700667175295191,0.0,0.009166123010748574,0.10647475870879365,True,0.12012712206063299,reject,pre_step,drift_diffusion_then_jump,iid_bank,8,every_step,True,0.0,0.0051041666666666674,136.34627703772728,7366,0.0,0.985813704496788,8.029978586723769e-06,0.0
LSC-CP-RA,"LSC-CP-RA (A=8), tamed",44d6ecf1abcc7ab097c151f5d67417fb,c87203a12406cc5114b7ffa2d8877465,True,2,467,2.335,291108849.85697716,90971.51558030536,467.0,119552.0,0.24860562660937877,0.03643569329530427,0.03550575536835909,0.17250000000000004,0.0708463939727636,0.0,0.012130209967718164,0.11989772163690779,True,0.12012712206063299,reject,pre_step,drift_diffusion_then_jump,iid_bank,8,every_step,True,0.0,0.0051041666666666674,136.34627703772728,7366,0.0,0.985813704496788,8.029978586723769e-06,0.0
LSC-CP-RA,"LSC-CP-RA (A=8), tamed",44d6ecf1abcc7ab097c151f5d67417fb,c87203a12406cc5114b7ffa2d8877465,True,3,467,2.335,291108849.85697716,90971.51558030536,467.0,119552.0,0.2433634532541981,0.033941812268873384,0.03299226072075867,0.17375000000000002,0.07498765428913634,0.0,0.01107636067166352,0.12364772163690779,True,0.12012712206063299,reject,pre_step,drift_diffusion_then_jump,iid_bank,8,every_step,True,0.0,0.0051041666666666674,136.34627703772728,7366,0.0,0.985813704496788,8.029978586723769e-06,0.0
LSC-CP-RA,"LSC-CP-RA (A=8), tamed",44d6ecf1abcc7ab097c151f5d67417fb,c87203a12406cc5114b7ffa2d8877465,True,0,475,2.375,296095725.2292594,92529.91413414356,475.0,121600.0,0.23716389209134325,0.03229037466467077,0.03135660190778544,0.16500000000000004,0.07662592599375873,0.0,0.011137684846239036,0.1136477216369078,True,0.12012712206063299,reject,pre_step,drift_diffusion_then_jump,iid_bank,8,every_step,True,0.0,0.0050390625,205.43624006008005,7495,0.0,0.9861842105263158,7.894736842105263e-06,0.0
LSC-CP-RA,"LSC-CP-RA (A=8), tamed",44d6ecf1abcc7ab097c151f5d67417fb,c87203a12406cc5114b7ffa2d8877465,True,1,475,2.375,296095725.2292594,92529.91413414356,475.0,121600.0,0.2287673423239302,0.028571926427431005,0.027636632782855663,0.14500000000000002,0.07085944460378646,0.0,0.009094951007683108,0.10522475870879364,True,0.12012712206063299,reject,pre_step,drift_diffusion_then_jump,iid_bank,8,every_step,True,0.0,0.0050390625,205.43624006008005,7495,0.0,0.9861842105263158,7.894736842105263e-06,0.0
LSC-CP-RA,"LSC-CP-RA (A=8), tamed",44d6ecf1abcc7ab097c151f5d67417fb,c87203a12406cc5114b7ffa2d8877465,True,2,475,2.375,296095725.2292594,92529.91413414356,475.0,121600.0,0.244456708413745,0.034871339889824604,0.033944947101322454,0.16375000000000006,0.0717274256303777,0.0,0.012312265474564207,0.11897475870879366,True,0.12012712206063299,reject,pre_step,drift_diffusion_then_jump,iid_bank,8,every_step,True,0.0,0.0050390625,205.43624006008005,7495,0.0,0.9861842105263158,7.894736842105263e-06,0.0
LSC-CP-RA,"LSC-CP-RA (A=8), tamed",44d6ecf1abcc7ab097c151f5d67417fb,c87203a12406cc5114b7ffa2d8877465,True,3,475,2.375,296095725.2292594,92529.91413414356,475.0,121600.0,0.24530556258897823,0.034708670110295325,0.03375848411075988,0.17000000000000004,0.0792651914397473,0.0,0.01195284417617572,0.1286477216369078,True,0.12012712206063299,reject,pre_step,drift_diffusion_then_jump,iid_bank,8,every_step,True,0.0,0.0050390625,205.43624006008005,7495,0.0,0.9861842105263158,7.894736842105263e-06,0.0
LSC-CP-RA,"LSC-CP-RA (A=8), tamed",44d6ecf1abcc7ab097c151f5d67417fb,c87203a12406cc5114b7ffa2d8877465,True,0,483,2.415,301082600.60154164,94088.31268798176,483.0,123648.0,0.23181245645222212,0.029021253665960756,0.028078098158529352,0.14875000000000005,0.0778975330398628,0.0,0.010414569389854982,0.11364772163690778,True,0.12012712206063299,reject,pre_step,drift_diffusion_then_jump,iid_bank,8,every_step,True,0.0,0.0044921875,130.04767722024047,7610,0.0,0.9847308488612836,7.763975155279503e-06,0.0
LSC-CP-RA,"LSC-CP-RA (A=8), tamed",44d6ecf1abcc7ab097c151f5d67417fb,c87203a12406cc5114b7ffa2d8877465,True,1,483,2.415,301082600.60154164,94088.31268798176,483.0,123648.0,0.22694852129642387,0.028207144566255837,0.027273169529061114,0.14750000000000008,0.06676986373527083,0.0,0.008631482369747494,0.10397475870879365,True,0.12012712206063299,reject,pre_step,drift_diffusion_then_jump,iid_bank,8,every_step,True,0.0,0.0044921875,130.04767722024047,7610,0.0,0.9847308488612836,7.763975155279503e-06,0.0
LSC-CP-RA,"LSC-CP-RA (A=8), tamed",44d6ecf1abcc7ab097c151f5d67417fb,c87203a12406cc5114b7ffa2d8877465,True,2,483,2.415,301082600.60154164,94088.31268798176,483.0,123648.0,0.24851561618648854,0.03653288319413117,0.035607896116476634,0.16125,0.07648389157572011,0.0,0.012661889739305581,0.12147475870879366,True,0.12012712206063299,reject,pre_step,drift_diffusion_then_jump,iid_bank,8,every_step,True,0.0,0.0044921875,130.04767722024047,7610,0.0,0.9847308488612836,7.763975155279503e-06,0.0
LSC-CP-RA,"LSC-CP-RA (A=8), tamed",44d6ecf1abcc7ab097c151f5d67417fb,c87203a12406cc5114b7ffa2d8877465,True,3,483,2.415,301082600.60154164,94088.31268798176,483.0,123648.0,0.2392081606539807,0.032598472882586216,0.03164860521919355,0.16749999999999998,0.07150178632390825,0.0,0.011715302057687792,0.1298977216369078,True,0.12012712206063299,reject,pre_step,drift_diffusion_then_jump,iid_bank,8,every_step,True,0.0,0.0044921875,130.04767722024047,7610,0.0,0.9847308488612836,7.763975155279503e-06,0.0
LSC-CP-RA,"LSC-CP-RA (A=8), tamed",44d6ecf1abcc7ab097c151f5d67417fb,c87203a12406cc5114b7ffa2d8877465,True,0,492,2.46,306692835.3953592,95841.51106104975,492.0,125952.0,0.2308258445200285,0.029392110110292635,0.02845197668659538,0.15124999999999994,0.07085543474030986,0.0,0.009862902126246355,0.10864772163690779,True,0.12012712206063299,reject,pre_step,drift_diffusion_then_jump,iid_bank,8,every_step,True,0.0,0.004930555555555555,125.14937911852516,7752,0.0,0.9847560975609756,7.621951219512195e-06,0.0
LSC-CP-RA,"LSC-CP-RA (A=8), tamed",44d6ecf1abcc7ab097c151f5d67417fb,c87203a12406cc5114b7ffa2d8877465,True,1,492,2.46,306692835.3953592,95841.51106104975,492.0,125952.0,0.22437619297116648,0.02740556670806049,0.026475330905210592,0.14750000000000002,0.06857518009156993,0.0,0.008797957872270702,0.10897475870879365,True,0.12012712206063299,reject,pre_step,drift_diffusion_then_jump,iid_bank,8,every_step,True,0.0,0.004930555555555555,125.14937911852516,7752,0.0,0.9847560975609756,7.621951219512195e-06,0.0
LSC-CP-RA,"LSC-CP-RA (A=8), tamed",44d6ecf1abcc7ab097c151f5d67417fb,c87203a12406cc5114b7ffa2d8877465,True,2,492,2.46,306692835.3953592,95841.51106104975,492.0,125952.0,0.2441394198103241,0.03369261116934319,0.03276057261140186,0.15875000000000006,0.07350506295743053,0.0,0.011659474427910314,0.11772475870879368,True,0.12012712206063299,reject,pre_step,drift_diffusion_then_jump,iid_bank,8,every_step,True,0.0,0.004930555555555555,125.14937911852516,7752,0.0,0.9847560975609756,7.621951219512195e-06,0.0
LSC-CP-RA,"LSC-CP-RA (A=8), tamed",44d6ecf1abcc7ab097c151f5d67417fb,c87203a12406cc5114b7ffa2d8877465,True,3,492,2.46,306692835.3953592,95841.51106104975,492.0,125952.0,0.2382305465583504,0.03248105579468474,0.031532634241535296,0.16375000000000006,0.07807994605882296,0.0,0.011578536111816976,0.12489772163690778,True,0.12012712206063299,reject,pre_step,drift_diffusion_then_jump,iid_bank,8,every_step,True,0.0,0.004930555555555555,125.14937911852516,7752,0.0,0.9847560975609756,7.621951219512195e-06,0.0
LSC-CP-RA,"LSC-CP-RA (A=8), tamed",44d6ecf1abcc7ab097c151f5d67417fb,c87203a12406cc5114b7ffa2d8877465,True,0,500,2.5,311679710.7676415,97399.90961488796,500.0,128000.0,0.2285482928456955,0.028688935311189545,0.0277494992891818,0.14874999999999994,0.07032123353899622,0.0,0.009528026725931074,0.1061477216369078,True,0.12012712206063299,reject,pre_step,drift_diffusion_then_jump,iid_bank,8,every_step,True,0.0,0.006015624999999999,138.43791103655641,7906,0.0,0.98825,7.5e-06,0.0
LSC-CP-RA,"LSC-CP-RA (A=8), tamed",44d6ecf1abcc7ab097c151f5d67417fb,c87203a12406cc5114b7ffa2d8877465,True,1,500,2.5,311679710.7676415,97399.90961488796,500.0,128000.0,0.21845954676311807,0.025063421330721702,0.024123280491340493,0.14874999999999994,0.07601879031814074,0.0,0.007408295163134798,0.09772475870879367,True,0.12012712206063299,reject,pre_step,drift_diffusion_then_jump,iid_bank,8,every_step,True,0.0,0.006015624999999999,138.43791103655641,7906,0.0,0.98825,7.5e-06,0.0
LSC-CP-RA,"LSC-CP-RA (A=8), tamed",44d6ecf1abcc7ab097c151f5d67417fb,c87203a12406cc5114b7ffa2d8877465,True,2,500,2.5,311679710.7676415,97399.90961488796,500.0,128000.0,0.2389707321564423,0.031873336576352385,0.03094133738864613,0.15875000000000006,0.07321786115341289,0.0,0.010368984583486004,0.11272475870879364,True,0.12012712206063299,reject,pre_step,drift_diffusion_then_jump,iid_bank,8,every_step,True,0.0,0.006015624999999999,138.43791103655641,7906,0.0,0.98825,7.5e-06,0.0
LSC-CP-RA,"LSC-CP-RA (A=8), tamed",44d6ecf1abcc7ab097c151f5d67417fb,c87203a12406cc5114b7ffa2d8877465,True,3,500,2.5,311679710.7676415,97399.90961488796,500.0,128000.0,0.24324751868970257,0.03336945985754758,0.032422870869128206,0.16375000000000006,0.07236807435027137,0.0,0.01172784831405458,0.1236477216369078,True,0.12012712206063299,reject,pre_step,drift_diffusion_then_jump,iid_bank,8,every_step,True,0.0,0.006015624999999999,138.43791103655641,7906,0.0,0.98825,7.5e-06,0.0
LSC-CP-RA,"LSC-CP-RA (A=8), tamed",44d6ecf1abcc7ab097c151f5d67417fb,c87203a12406cc5114b7ffa2d8877465,True,0,559,2.795,348457916.6382232,108893.09894944474,559.0,143104.0,0.20924927949062597,0.022292819814386022,0.021349649988960384,0.12750000000000006,0.06512432521024525,0.0,0.006605159143038004,0.09147475870879365,True,0.12012712206063299,reject,pre_step,drift_diffusion_then_jump,iid_bank,8,every_step,True,0.0,0.005158898305084746,215.84391766446723,8880,0.0,0.9928443649373881,7.267441860465117e-06,0.0
LSC-CP-RA,"LSC-CP-RA (A=8), tamed",44d6ecf1abcc7ab097c151f5d67417fb,c87203a12406cc5114b7ffa2d8877465,True,1,559,2.795,348457916.6382232,108893.09894944474,559.0,143104.0,0.1989406123454083,0.019810989780368216,0.018868231299807303,0.135,0.07053098275850178,0.0,0.00584930570688256,0.08772475870879366,True,0.12012712206063299,reject,pre_step,drift_diffusion_then_jump,iid_bank,8,every_step,True,0.0,0.005158898305084746,215.84391766446723,8880,0.0,0.9928443649373881,7.267441860465117e-06,0.0
LSC-CP-RA,"LSC-CP-RA (A=8), tamed",44d6ecf1abcc7ab097c151f5d67417fb,c87203a12406cc5114b7ffa2d8877465,True,2,559,2.795,348457916.6382232,108893.09894944474,559.0,143104.0,0.22162510733578744,0.026343152949818482,0.02540396533384426,0.14249999999999996,0.0749606447894463,0.0,0.007843427574514377,0.10147475870879366,True,0.12012712206063299,reject,pre_step,drift_diffusion_then_jump,iid_bank,8,every_step,True,0.0,0.005158898305084746,215.84391766446723,8880,0.0,0.9928443649373881,7.267441860465117e-06,0.0
LSC-CP-RA,"LSC-CP-RA (A=8), tamed",44d6ecf1abcc7ab097c151f5d67417fb,c87203a12406cc5114b7ffa2d8877465,True,3,559,2.795,348457916.6382232,108893.09894944474,559.0,143104.0,0.22445501291508288,0.026402488428285076,0.025456818436439765,0.14624999999999994,0.06992618694098329,0.0,0.008398779579397976,0.09989772163690783,True,0.12012712206063299,reject,pre_step,drift_diffusion_then_jump,iid_bank,8,every_step,True,0.0,0.005158898305084746,215.84391766446723,8880,0.0,0.9928443649373881,7.267441860465117e-06,0.0
LSC-CP-RA,"LSC-CP-RA (A=8), tamed",44d6ecf1abcc7ab097c151f5d67417fb,c87203a12406cc5114b7ffa2d8877465,True,0,619,3.095,385859481.9303402,120581.0881032313,619.0,158464.0,0.19163432762848975,0.01825582770365841,0.01730090134276341,0.13499999999999995,0.07215267611455078,0.0,0.004691157798975265,0.07522475870879365,True,0.12012712206063299,reject,pre_step,drift_diffusion_then_jump,iid_bank,8,every_step,True,0.0,0.004979166666666666,290.3003774197742,9836,0.0,0.9931340872374798,8.582390953150242e-06,0.0
LSC-CP-RA,"LSC-CP-RA (A=8), tamed",44d6ecf1abcc7ab097c151f5d67417fb,c87203a12406cc5114b7ffa2d8877465,True,1,619,3.095,385859481.9303402,120581.0881032313,619.0,158464.0,0.1875767285902587,0.015146746273470346,0.014191434002752912,0.11000000000000001,0.06792842993616277,0.0,0.004127271128194366,0.07522475870879365,True,0.12012712206063299,reject,pre_step,drift_diffusion_then_jump,iid_bank,8,every_step,True,0.0,0.004979166666666666,290.3003774197742,9836,0.0,0.9931340872374798,8.582390953150242e-06,0.0
LSC-CP-RA,"LSC-CP-RA (A=8), tamed",44d6ecf1abcc7ab097c151f5d67417fb,c87203a12406cc5114b7ffa2d8877465,True,2,619,3.095,385859481.9303402,120581.0881032313,619.0,158464.0,0.208607262678856,0.022327666261909074,0.021373999829568335,0.13250000000000006,0.062084241825708375,0.0,0.006715719136957486,0.09364772163690778,True,0.12012712206063299,reject,pre_step,drift_diffusion_then_jump,iid_bank,8,every_step,True,0.0,0.004979166666666666,290.3003774197742,9836,0.0,0.9931340872374798,8.582390953150242e-06,0.0
LSC-CP-RA,"LSC-CP-RA (A=8), tamed",44d6ecf1abcc7ab097c151f5d67417fb,c87203a12406cc5114b7ffa2d8877465,True,3,619,3.095,385859481.9303402,120581.0881032313,619.0,158464.0,0.19437690859140488,0.018307701203832738,0.01736142419797093,0.12499999999999994,0.06920893767676739,0.0,0.005490315839285947,0.08522475870879366,True,0.12012712206063299,reject,pre_step,drift_diffusion_then_jump,iid_bank,8,every_step,True,0.0,0.004979166666666666,290.3003774197742,9836,0.0,0.9931340872374798,8.582390953150242e-06,0.0
LSC-CP-RA,"LSC-CP-RA (A=8), tamed",44d6ecf1abcc7ab097c151f5d67417fb,c87203a12406cc5114b7ffa2d8877465,True,0,678,3.39,422637687.80092186,132074.27743778809,678.0,173568.0,0.15117514118427514,0.008720332838535017,0.007751258740228195,0.09375,0.06734234719136745,0.0,0.0018083925023945342,0.04647475870879367,True,0.12012712206063299,reject,pre_step,drift_diffusion_then_jump,iid_bank,8,every_step,True,0.0,0.004941737288135594,173.0777253274371,10769,0.0,0.9927175516224189,8.757374631268437e-06,0.0
LSC-CP-RA,"LSC-CP-RA (A=8), tamed",44d6ecf1abcc7ab097c151f5d67417fb,c87203a12406cc5114b7ffa2d8877465,True,1,678,3.39,422637687.80092186,132074.27743778809,678.0,173568.0,0.1710340817540235,0.011990341872818,0.011037687063535029,0.10000000000000003,0.06255988377850041,0.0,0.002970896694522682,0.06772475870879366,True,0.12012712206063299,reject,pre_step,drift_diffusion_then_jump,iid_bank,8,every_step,True,0.0,0.004941737288135594,173.0777253274371,10769,0.0,0.9927175516224189,8.757374631268437e-06,0.0
LSC-CP-RA,"LSC-CP-RA (A=8), tamed",44d6ecf1abcc7ab097c151f5d67417fb,c87203a12406cc5114b7ffa2d8877465,True,2,678,3.39,422637687.80092186,132074.27743778809,678.0,173568.0,0.1894131383912751,0.016413329053565184,0.015450338375900152,0.12249999999999994,0.06695501216856992,0.0,0.004237825288072535,0.07364772163690782,True,0.12012712206063299,reject,pre_step,drift_diffusion_then_jump,iid_bank,8,every_step,True,0.0,0.004941737288135594,173.0777253274371,10769,0.0,0.9927175516224189,8.757374631268437e-06,0.0
LSC-CP-RA,"LSC-CP-RA (A=8), tamed",44d6ecf1abcc7ab097c151f5d67417fb,c87203a12406cc5114b7ffa2d8877465,True,3,678,3.39,422637687.80092186,132074.27743778809,678.0,173568.0,0.17569866803885179,0.013606043474788332,0.012661711204766335,0.10625000000000001,0.06754831864311572,0.0,0.0038742458902074634,0.07772475870879365,True,0.12012712206063299,reject,pre_step,drift_diffusion_then_jump,iid_bank,8,every_step,True,0.0,0.004941737288135594,173.0777253274371,10769,0.0,0.9927175516224189,8.757374631268437e-06,0.0
LSC-CP-RA,"LSC-CP-RA (A=8), tamed",44d6ecf1abcc7ab097c151f5d67417fb,c87203a12406cc5114b7ffa2d8877465,True,0,738,3.69,460039253.0930388,143762.26659157462,738.0,188928.0,0.12290998174708201,0.004707511979200607,0.0037407655943074714,0.07624999999999998,0.06560296256497589,0.0,0.0006952740397840826,0.030224758708793625,True,0.12012712206063299,reject,pre_step,drift_diffusion_then_jump,iid_bank,8,every_step,True,0.0,0.0048177083333333336,257.8780373377511,11694,0.0,0.9903455284552846,8.892276422764228e-06,0.0
LSC-CP-RA,"LSC-CP-RA (A=8), tamed",44d6ecf1abcc7ab097c151f5d67417fb,c87203a12406cc5114b7ffa2d8877465,True,1,738,3.69,460039253.0930388,143762.26659157462,738.0,188928.0,0.14478992302559612,0.007719017142770901,0.006760621794762112,0.08875,0.057439228006798126,0.0,0.0013988552319508102,0.04772475870879364,True,0.12012712206063299,reject,pre_step,drift_diffusion_then_jump,iid_bank,8,every_step,True,0.0,0.0048177083333333336,257.8780373377511,11694,0.0,0.9903455284552846,8.892276422764228e-06,0.0
LSC-CP-RA,"LSC-CP-RA (A=8), tamed",44d6ecf1abcc7ab097c151f5d67417fb,c87203a12406cc5114b7ffa2d8877465,True,2,738,3.69,460039253.0930388,143762.26659157462,738.0,188928.0,0.170722365999284,0.012369348866876573,0.011409396596503862,0.09875,0.06080541705226805,0.0,0.0030311634526271006,0.06147475870879367,True,0.12012712206063299,reject,pre_step,drift_diffusion_then_jump,iid_bank,8,every_step,True,0.0,0.0048177083333333336,257.8780373377511,11694,0.0,0.9903455284552846,8.892276422764228e-06,0.0
LSC-CP-RA,"LSC-CP-RA (A=8), tamed",44d6ecf1abcc7ab097c151f5d67417fb,c87203a12406cc5114b7ffa2d8877465,True,3,738,3.69,460039253.0930388,143762.26659157462,738.0,188928.0,0.1583458178946821,0.008925000376507897,0.007965653077964374,0.09000000000000002,0.0686021124574192,0.0,0.0020830405160664747,0.05647475870879365,True,0.12012712206063299,reject,pre_step,drift_diffusion_then_jump,iid_bank,8,every_step,True,0.0,0.0048177083333333336,257.8780373377511,11694,0.0,0.9903455284552846,8.892276422764228e-06,0.0
LSC-CP-RA,"LSC-CP-RA (A=8), tamed",44d6ecf1abcc7ab097c151f5d67417fb,c87203a12406cc5114b7ffa2d8877465,True,0,797,3.985,496817458.9636205,155255.4559261314,797.0,204032.0,0.11853649606667721,0.00414470668880651,0.0031627829276524855,0.06999999999999998,0.06992358640665142,0.0,0.0005022914468067183,0.02614772163690779,True,0.12012712206063299,reject,pre_step,drift_diffusion_then_jump,iid_bank,8,every_step,True,0.0,0.004941737288135594,293.7163291631505,12627,0.0,0.9901976160602258,8.626097867001255e-06,0.0
LSC-CP-RA,"LSC-CP-RA (A=8), tamed",44d6ecf1abcc7ab097c151f5d67417fb,c87203a12406cc5114b7ffa2d8877465,True,1,797,3.985,496817458.9636205,155255.4559261314,797.0,204032.0,0.11778003658022441,0.003770370726131289,0.002805145523144814,0.06875000000000003,0.06625899085711395,0.0,0.000821148614111809,0.03782703707188581,True,0.12012712206063299,reject,pre_step,drift_diffusion_then_jump,iid_bank,8,every_step,True,0.0,0.004941737288135594,293.7163291631505,12627,0.0,0.9901976160602258,8.626097867001255e-06,0.0
LSC-CP-RA,"LSC-CP-RA (A=8), tamed",44d6ecf1abcc7ab097c151f5d67417fb,c87203a12406cc5114b7ffa2d8877465,True,2,797,3.985,496817458.9636205,155255.4559261314,797.0,204032.0,0.15793306299426746,0.009221797825434641,0.008249304922079648,0.08875,0.06827120781031548,0.0,0.0021113864844858423,0.04989772163690784,True,0.12012712206063299,reject,pre_step,drift_diffusion_then_jump,iid_bank,8,every_step,True,0.0,0.004941737288135594,293.7163291631505,12627,0.0,0.9901976160602258,8.626097867001255e-06,0.0
LSC-CP-RA,"LSC-CP-RA (A=8), tamed",44d6ecf1abcc7ab097c151f5d67417fb,c87203a12406cc5114b7ffa2d8877465,True,3,797,3.985,496817458.9636205,155255.4559261314,797.0,204032.0,0.15473550325655722,0.008465364573959855,0.0075097615960532105,0.09125000000000003,0.0666547928137392,0.0,0.0022673471588320233,0.06022475870879368,True,0.12012712206063299,reject,pre_step,drift_diffusion_then_jump,iid_bank,8,every_step,True,0.0,0.004941737288135594,293.7163291631505,12627,0.0,0.9901976160602258,8.626097867001255e-06,0.0
LSC-CP-RA,"LSC-CP-RA (A=8), tamed",44d6ecf1abcc7ab097c151f5d67417fb,c87203a12406cc5114b7ffa2d8877465,True,0,856,4.28,533595664.83420223,166748.6452606882,856.0,219136.0,0.12158423943456093,0.004685674141218343,0.0037153007081319744,0.06750000000000003,0.06376897015882887,0.0,0.0006069360072766699,0.03147475870879368,True,0.12012712206063299,reject,pre_step,drift_diffusion_then_jump,iid_bank,8,every_step,True,0.0,0.004872881355932203,259.0018072080877,13547,0.0,0.9891209112149533,8.396612149532711e-06,0.0
LSC-CP-RA,"LSC-CP-RA (A=8), tamed",44d6ecf1abcc7ab097c151f5d67417fb,c87203a12406cc5114b7ffa2d8877465,True,1,856,4.28,533595664.83420223,166748.6452606882,856.0,219136.0,0.08287131594935915,0.0010077553334066902,2.9214224454121585e-05,0.05000000000000002,0.06458868003479745,0.0,8.647940970815064e-05,0.012827037071885844,True,0.12012712206063299,reject,pre_step,drift_diffusion_then_jump,iid_bank,8,every_step,True,0.0,0.004872881355932203,259.0018072080877,13547,0.0,0.9891209112149533,8.396612149532711e-06,0.0
LSC-CP-RA,"LSC-CP-RA (A=8), tamed",44d6ecf1abcc7ab097c151f5d67417fb,c87203a12406cc5114b7ffa2d8877465,True,2,856,4.28,533595664.83420223,166748.6452606882,856.0,219136.0,0.13715221977053335,0.0067779191779760994,0.005816526139532541,0.08250000000000002,0.06391338195694618,0.0,0.0012109409214459549,0.042724758708793636,True,0.12012712206063299,reject,pre_step,drift_diffusion_then_jump,iid_bank,8,every_step,True,0.0,0.004872881355932203,259.0018072080877,13547,0.0,0.9891209112149533,8.396612149532711e-06,0.0
LSC-CP-RA,"LSC-CP-RA (A=8), tamed",44d6ecf1abcc7ab097c151f5d67417fb,c87203a12406cc5114b7ffa2d8877465,True,3,856,4.28,533595664.83420223,166748.6452606882,856.0,219136.0,0.1491606364326483,0.008406685818731163,0.007459748814070077,0.09000000000000002,0.063125902998729,0.0,0.0023544994426351936,0.06022475870879368,True,0.12012712206063299,reject,pre_step,drift_diffusion_then_jump,iid_bank,8,every_step,True,0.0,0.004872881355932203,259.0018072080877,13547,0.0,0.9891209112149533,8.396612149532711e-06,0.0
LSC-CP-RA,"LSC-CP-RA (A=8), tamed",44d6ecf1abcc7ab097c151f5d67417fb,c87203a12406cc5114b7ffa2d8877465,True,0,916,4.58,570997230.1263192,178436.63441447474,916.0,234496.0,0.120130060888129,0.004120175916836555,0.0031507887761833553,0.06624999999999998,0.06582015361824933,0.0,0.0005561513046668512,0.030224758708793653,True,0.12012712206063299,reject,pre_step,drift_diffusion_then_jump,iid_bank,8,every_step,True,0.0,0.004734375000000001,175.6051350800117,14456,0.0,0.986353711790393,7.846615720524018e-06,0.0
LSC-CP-RA,"LSC-CP-RA (A=8), tamed",44d6ecf1abcc7ab097c151f5d67417fb,c87203a12406cc5114b7ffa2d8877465,True,1,916,4.58,570997230.1263192,178436.63441447474,916.0,234496.0,0.09358107195153048,0.001695642121808949,0.0007263396057164417,0.056249999999999994,0.06521577522422972,0.0,0.00043759755552901305,0.02907703707188583,True,0.12012712206063299,reject,pre_step,drift_diffusion_then_jump,iid_bank,8,every_step,True,0.0,0.004734375000000001,175.6051350800117,14456,0.0,0.986353711790393,7.846615720524018e-06,0.0
LSC-CP-RA,"LSC-CP-RA (A=8), tamed",44d6ecf1abcc7ab097c151f5d67417fb,c87203a12406cc5114b7ffa2d8877465,True,2,916,4.58,570997230.1263192,178436.63441447474,916.0,234496.0,0.10823623316583643,0.0032563841183222975,0.0022899746737414794,0.06125000000000003,0.05607601870447554,0.0,0.00032787848728207687,0.022724758708793646,True,0.12012712206063299,reject,pre_step,drift_diffusion_then_jump,iid_bank,8,every_step,True,0.0,0.004734375000000001,175.6051350800117,14456,0.0,0.986353711790393,7.846615720524018e-06,0.0
LSC-CP-RA,"LSC-CP-RA (A=8), tamed",44d6ecf1abcc7ab097c151f5d67417fb,c87203a12406cc5114b7ffa2d8877465,True,3,916,4.58,570997230.1263192,178436.63441447474,916.0,234496.0,0.12537330860492718,0.004363830346016284,0.0033941806240354033,0.06999999999999995,0.062156887902021896,0.0,0.0005959486087094537,0.030224758708793653,True,0.12012712206063299,reject,pre_step,drift_diffusion_then_jump,iid_bank,8,every_step,True,0.0,0.004734375000000001,175.6051350800117,14456,0.0,0.986353711790393,7.846615720524018e-06,0.0
LSC-CP-RA,"LSC-CP-RA (A=8), tamed",44d6ecf1abcc7ab097c151f5d67417fb,c87203a12406cc5114b7ffa2d8877465,True,0,975,4.875,607775435.9969009,189929.82374903152,975.0,249600.0,0.0969669386218779,0.0023313757359877396,0.0013651348205944158,0.05624999999999997,0.06362203096186403,0.0,0.00025939758495431217,0.021577037071885824,True,0.12012712206063299,reject,pre_step,drift_diffusion_then_jump,iid_bank,8,every_step,True,0.0,0.005005296610169494,483.9184474506486,15401,0.0,0.9872435897435897,8.012820512820513e-06,0.0
LSC-CP-RA,"LSC-CP-RA (A=8), tamed",44d6ecf1abcc7ab097c151f5d67417fb,c87203a12406cc5114b7ffa2d8877465,True,1,975,4.875,607775435.9969009,189929.82374903152,975.0,249600.0,0.09688973520528496,0.0022452706405110545,0.0012776607834350528,0.05125000000000002,0.06557856656442895,0.0,0.00027209670986412006,0.021577037071885824,True,0.12012712206063299,reject,pre_step,drift_diffusion_then_jump,iid_bank,8,every_step,True,0.0,0.005005296610169494,483.9184474506486,15401,0.0,0.9872435897435897,8.012820512820513e-06,0.0
LSC-CP-RA,"LSC-CP-RA (A=8), tamed",44d6ecf1abcc7ab097c151f5d67417fb,c87203a12406cc5114b7ffa2d8877465,True,2,975,4.875,607775435.9969009,189929.82374903152,975.0,249600.0,0.11026612276453532,0.0037338677838384404,0.0027738606224096962,0.06999999999999995,0.05888148242497204,0.0,0.0004806728914207659,0.026474758708793678,True,0.12012712206063299,reject,pre_step,drift_diffusion_then_jump,iid_bank,8,every_step,True,0.0,0.005005296610169494,483.9184474506486,15401,0.0,0.9872435897435897,8.012820512820513e-06,0.0
LSC-CP-RA,"LSC-CP-RA (A=8), tamed",44d6ecf1abcc7ab097c151f5d67417fb,c87203a12406cc5114b7ffa2d8877465,True,3,975,4.875,607775435.9969009,189929.82374903152,975.0,249600.0,0.10289848091982273,0.0025439824325601545,0.001558545413252066,0.06124999999999997,0.06312470667033265,0.0,0.00020947459053432464,0.01739772163690781,True,0.12012712206063299,reject,pre_step,drift_diffusion_then_jump,iid_bank,8,every_step,True,0.0,0.005005296610169494,483.9184474506486,15401,0.0,0.9872435897435897,8.012820512820513e-06,0.0
LSC-CP-RA,"LSC-CP-RA (A=8), tamed",44d6ecf1abcc7ab097c151f5d67417fb,c87203a12406cc5114b7ffa2d8877465,True,0,1034,5.17,644553641.8674825,201423.0130835883,1034.0,264704.0,0.09285097227031848,0.00172192114605918,0.0007490295350796039,0.05125000000000002,0.06322114180186489,0.0,0.00016546934561004374,0.01782703707188582,True,0.12012712206063299,reject,pre_step,drift_diffusion_then_jump,iid_bank,8,every_step,True,0.0,0.004756355932203392,125.35558874791828,16299,0.0,0.9851910058027079,8.46228239845261e-06,0.0
LSC-CP-RA,"LSC-CP-RA (A=8), tamed",44d6ecf1abcc7ab097c151f5d67417fb,c87203a12406cc5114b7ffa2d8877465,True,1,1034,5.17,644553641.8674825,201423.0130835883,1034.0,264704.0,0.09369099806660965,0.002157358129500464,0.0011930031881395298,0.053749999999999964,0.06011697242036662,0.0,0.0004093541464088241,0.027827037071885802,True,0.12012712206063299,reject,pre_step,drift_diffusion_then_jump,iid_bank,8,every_step,True,0.0,0.004756355932203392,125.35558874791828,16299,0.0,0.9851910058027079,8.46228239845261e-06,0.0
LSC-CP-RA,"LSC-CP-RA (A=8), tamed",44d6ecf1abcc7ab097c151f5d67417fb,c87203a12406cc5114b7ffa2d8877465,True,2,1034,5.17,644553641.8674825,201423.0130835883,1034.0,264704.0,0.0984811815530362,0.0022814582162127284,0.0013115843665508775,0.04500000000000004,0.05825993168850896,0.0,0.0002227612582964807,0.01782703707188585,True,0.12012712206063299,reject,pre_step,drift_diffusion_then_jump,iid_bank,8,every_step,True,0.0,0.004756355932203392,125.35558874791828,16299,0.0,0.9851910058027079,8.46228239845261e-06,0.0
LSC-CP-RA,"LSC-CP-RA (A=8), tamed",44d6ecf1abcc7ab097c151f5d67417fb,c87203a12406cc5114b7ffa2d8877465,True,3,1034,5.17,644553641.8674825,201423.0130835883,1034.0,264704.0,0.08694900093222274,0.001548706119219534,0.0005715224334150726,0.05124999999999996,0.0639755815904055,0.0,3.538287659946211e-05,0.007724758708793661,True,0.12012712206063299,reject,pre_step,drift_diffusion_then_jump,iid_bank,8,every_step,True,0.0,0.004756355932203392,125.35558874791828,16299,0.0,0.9851910058027079,8.46228239845261e-06,0.0
LSC-CP-RA,"LSC-CP-RA (A=8), tamed",44d6ecf1abcc7ab097c151f5d67417fb,c87203a12406cc5114b7ffa2d8877465,True,0,1094,5.47,681955207.1595995,213111.00223737487,1094.0,280064.0,0.0851584998992374,0.0013509781011016297,0.0003832763908213632,0.05625000000000002,0.06462932238144281,0.0,0.0003744479471419343,0.02657703707188583,True,0.12012712206063299,reject,pre_step,drift_diffusion_then_jump,iid_bank,8,every_step,True,0.0,0.0049583333333333346,439.14437077978823,17251,0.0,0.9855461608775137,8.569469835466179e-06,0.0
LSC-CP-RA,"LSC-CP-RA (A=8), tamed",44d6ecf1abcc7ab097c151f5d67417fb,c87203a12406cc5114b7ffa2d8877465,True,1,1094,5.47,681955207.1595995,213111.00223737487,1094.0,280064.0,0.11232410675439398,0.0029376105228811067,0.0019715134817294144,0.05250000000000005,0.06600368831143677,0.0,0.00046515581385089214,0.02647475870879365,True,0.12012712206063299,reject,pre_step,drift_diffusion_then_jump,iid_bank,8,every_step,True,0.0,0.0049583333333333346,439.14437077978823,17251,0.0,0.9855461608775137,8.569469835466179e-06,0.0
LSC-CP-RA,"LSC-CP-RA (A=8), tamed",44d6ecf1abcc7ab097c151f5d67417fb,c87203a12406cc5114b7ffa2d8877465,True,2,1094,5.47,681955207.1595995,213111.00223737487,1094.0,280064.0,0.11303047147231313,0.00369203727836398,0.002727226952736639,0.0625,0.06124535711807333,0.0,0.0006304645367713243,0.030224758708793653,True,0.12012712206063299,reject,pre_step,drift_diffusion_then_jump,iid_bank,8,every_step,True,0.0,0.0049583333333333346,439.14437077978823,17251,0.0,0.9855461608775137,8.569469835466179e-06,0.0
LSC-CP-RA,"LSC-CP-RA (A=8), tamed",44d6ecf1abcc7ab097c151f5d67417fb,c87203a12406cc5114b7ffa2d8877465,True,3,1094,5.47,681955207.1595995,213111.00223737487,1094.0,280064.0,0.08308235623396756,0.0012456850491195937,0.00027083430084307025,0.03375,0.058331136449247034,0.0,0.0001279732483866051,0.015327037071885846,True,0.12012712206063299,reject,pre_step,drift_diffusion_then_jump,iid_bank,8,every_step,True,0.0,0.0049583333333333346,439.14437077978823,17251,0.0,0.9855461608775137,8.569469835466179e-06,0.0
LSC-CP-RA,"LSC-CP-RA (A=8), tamed",44d6ecf1abcc7ab097c151f5d67417fb,c87203a12406cc5114b7ffa2d8877465,True,0,1153,5.765,718733413.0301813,224604.19157193165,1153.0,295168.0,0.04352318062984058,0.00017654830776780983,-0.000806509599116878,0.03375,0.06104415824777876,0.0,0.000193872852793356,0.016025241291206332,True,0.12012712206063299,reject,pre_step,drift_diffusion_then_jump,iid_bank,8,every_step,True,0.0,0.005190677966101696,320.43059803210804,18231,0.0,0.9882372072853426,8.401994796183868e-06,0.0
LSC-CP-RA,"LSC-CP-RA (A=8), tamed",44d6ecf1abcc7ab097c151f5d67417fb,c87203a12406cc5114b7ffa2d8877465,True,1,1153,5.765,718733413.0301813,224604.19157193165,1153.0,295168.0,0.09121977915852898,0.0018457667317142157,0.0008859098656108788,0.04125000000000001,0.05928168943489509,0.0,0.000784632332536634,0.03907703707188584,True,0.12012712206063299,reject,pre_step,drift_diffusion_then_jump,iid_bank,8,every_step,True,0.0,0.005190677966101696,320.43059803210804,18231,0.0,0.9882372072853426,8.401994796183868e-06,0.0
LSC-CP-RA,"LSC-CP-RA (A=8), tamed",44d6ecf1abcc7ab097c151f5d67417fb,c87203a12406cc5114b7ffa2d8877465,True,2,1153,5.765,718733413.0301813,224604.19157193165,1153.0,295168.0,0.11398463620595173,0.0035002618240292938,0.002527335697603217,0.065,0.06424557699839639,0.0,0.00038181885689822764,0.02522475870879365,True,0.12012712206063299,reject,pre_step,drift_diffusion_then_jump,iid_bank,8,every_step,True,0.0,0.005190677966101696,320.43059803210804,18231,0.0,0.9882372072853426,8.401994796183868e-06,0.0
LSC-CP-RA,"LSC-CP-RA (A=8), tamed",44d6ecf1abcc7ab097c151f5d67417fb,c87203a12406cc5114b7ffa2d8877465,True,3,1153,5.765,718733413.0301813,224604.19157193165,1153.0,295168.0,0.06613149758138748,0.0007747540596676483,-0.00020430248174141408,0.03875000000000001,0.06339404940383975,0.0,8.750131128347017e-05,0.011352278363092189,True,0.12012712206063299,reject,pre_step,drift_diffusion_then_jump,iid_bank,8,every_step,True,0.0,0.005190677966101696,320.43059803210804,18231,0.0,0.9882372072853426,8.401994796183868e-06,0.0
LSC-CP-RA,"LSC-CP-RA (A=8), tamed",44d6ecf1abcc7ab097c151f5d67417fb,c87203a12406cc5114b7ffa2d8877465,True,0,1212,6.0600000000000005,755511618.9007629,236097.3809064884,1212.0,310272.0,0.059213495223623444,0.0002920541392665843,-0.0006839676644299075,0.03250000000000003,0.06734973926762244,0.0,0.0006183039294865491,0.030102278363092205,True,0.12012712206063299,reject,pre_step,drift_diffusion_then_jump,iid_bank,8,every_step,True,0.0,0.004947033898305084,348.5729904058127,19165,0.0,0.9882941419141914,8.766501650165017e-06,0.0
LSC-CP-RA,"LSC-CP-RA (A=8), tamed",44d6ecf1abcc7ab097c151f5d67417fb,c87203a12406cc5114b7ffa2d8877465,True,1,1212,6.0600000000000005,755511618.9007629,236097.3809064884,1212.0,310272.0,0.08931368184997973,0.0016500838813239271,0.0006867572130441202,0.05500000000000005,0.07056760517420635,0.0,0.0007808310062010354,0.037827037071885825,True,0.12012712206063299,reject,pre_step,drift_diffusion_then_jump,iid_bank,8,every_step,True,0.0,0.004947033898305084,348.5729904058127,19165,0.0,0.9882941419141914,8.766501650165017e-06,0.0
LSC-CP-RA,"LSC-CP-RA (A=8), tamed",44d6ecf1abcc7ab097c151f5d67417fb,c87203a12406cc5114b7ffa2d8877465,True,2,1212,6.0600000000000005,755511618.9007629,236097.3809064884,1212.0,310272.0,0.11891203610110643,0.004371796440886699,0.0034024745059036965,0.07125000000000004,0.06290684965846094,0.0,0.0005132933413733256,0.028974758708793652,True,0.12012712206063299,reject,pre_step,drift_diffusion_then_jump,iid_bank,8,every_step,True,0.0,0.004947033898305084,348.5729904058127,19165,0.0,0.9882941419141914,8.766501650165017e-06,0.0
LSC-CP-RA,"LSC-CP-RA (A=8), tamed",44d6ecf1abcc7ab097c151f5d67417fb,c87203a12406cc5114b7ffa2d8877465,True,3,1212,6.0600000000000005,755511618.9007629,236097.3809064884,1212.0,310272.0,0.07186491172095782,0.0006844129107256292,-0.00029674850095562366,0.04250000000000001,0.06644919842863029,0.0,3.714889322043824e-05,0.007602278363092213,True,0.12012712206063299,reject,pre_step,drift_diffusion_then_jump,iid_bank,8,every_step,True,0.0,0.004947033898305084,348.5729904058127,19165,0.0,0.9882941419141914,8.766501650165017e-06,0.0
LSC-CP-RA,"LSC-CP-RA (A=8), tamed",44d6ecf1abcc7ab097c151f5d67417fb,c87203a12406cc5114b7ffa2d8877465,True,0,1272,6.36,792913184.1928799,247785.37006027496,1272.0,325632.0,0.05672769702027103,0.0005906662276302654,-0.0003781092452801449,0.036250000000000004,0.06359544327417233,0.0,0.0010088087050531885,0.0388522783630922,True,0.12012712206063299,reject,pre_step,drift_diffusion_then_jump,iid_bank,8,every_step,True,0.0,0.004916666666666669,192.213824150973,20109,0.0,0.988060141509434,8.84433962264151e-06,0.0
LSC-CP-RA,"LSC-CP-RA (A=8), tamed",44d6ecf1abcc7ab097c151f5d67417fb,c87203a12406cc5114b7ffa2d8877465,True,1,1272,6.36,792913184.1928799,247785.37006027496,1272.0,325632.0,0.1005455533737335,0.0027042874896887614,0.0017500480160449472,0.048750000000000016,0.06588923545806658,0.0,0.0013700450922712378,0.05157703707188582,True,0.12012712206063299,reject,pre_step,drift_diffusion_then_jump,iid_bank,8,every_step,True,0.0,0.004916666666666669,192.213824150973,20109,0.0,0.988060141509434,8.84433962264151e-06,0.0
LSC-CP-RA,"LSC-CP-RA (A=8), tamed",44d6ecf1abcc7ab097c151f5d67417fb,c87203a12406cc5114b7ffa2d8877465,True,2,1272,6.36,792913184.1928799,247785.37006027496,1272.0,325632.0,0.12258524440717143,0.004153431378259853,0.003183535093144396,0.06624999999999992,0.06254027191969691,0.0,0.0005230386018804456,0.02897475870879368,True,0.12012712206063299,reject,pre_step,drift_diffusion_then_jump,iid_bank,8,every_step,True,0.0,0.004916666666666669,192.213824150973,20109,0.0,0.988060141509434,8.84433962264151e-06,0.0
LSC-CP-RA,"LSC-CP-RA (A=8), tamed",44d6ecf1abcc7ab097c151f5d67417fb,c87203a12406cc5114b7ffa2d8877465,True,3,1272,6.36,792913184.1928799,247785.37006027496,1272.0,325632.0,0.06386179995520519,0.00053845853671175,-0.0004420722670150923,0.04000000000000001,0.06650949714110976,0.0,5.107600370263363e-05,0.008852278363092186,True,0.12012712206063299,reject,pre_step,drift_diffusion_then_jump,iid_bank,8,every_step,True,0.0,0.004916666666666669,192.213824150973,20109,0.0,0.988060141509434,8.84433962264151e-06,0.0
LSC-CP-RA,"LSC-CP-RA (A=8), tamed",44d6ecf1abcc7ab097c151f5d67417fb,c87203a12406cc5114b7ffa2d8877465,True,0,1331,6.655,829691390.0634615,259278.55939483174,1331.0,340736.0,0.06168994237236472,0.0006536626825056624,-0.00031384763179354014,0.04249999999999998,0.06108613716836708,0.0,0.0017423204275737424,0.050102278363092195,True,0.12012712206063299,reject,pre_step,drift_diffusion_then_jump,iid_bank,8,every_step,True,0.0,0.005095338983050848,308.38160276679577,21071,0.0,0.9894346356123216,9.156649135987979e-06,0.0
LSC-CP-RA,"LSC-CP-RA (A=8), tamed",44d6ecf1abcc7ab097c151f5d67417fb,c87203a12406cc5114b7ffa2d8877465,True,1,1331,6.655,829691390.0634615,259278.55939483174,1331.0,340736.0,0.10035803397422718,0.0024762580099975118,0.0015083945940960186,0.05375000000000002,0.06481928617019161,0.0,0.00043428567793397325,0.02907703707188583,True,0.12012712206063299,reject,pre_step,drift_diffusion_then_jump,iid_bank,8,every_step,True,0.0,0.005095338983050848,308.38160276679577,21071,0.0,0.9894346356123216,9.156649135987979e-06,0.0
LSC-CP-RA,"LSC-CP-RA (A=8), tamed",44d6ecf1abcc7ab097c151f5d67417fb,c87203a12406cc5114b7ffa2d8877465,True,2,1331,6.655,829691390.0634615,259278.55939483174,1331.0,340736.0,0.11036053388037158,0.002765261480954906,0.0017916246050091456,0.062499999999999944,0.062304516576383806,0.0,0.0003844263814327788,0.025327037071885827,True,0.12012712206063299,reject,pre_step,drift_diffusion_then_jump,iid_bank,8,every_step,True,0.0,0.005095338983050848,308.38160276679577,21071,0.0,0.9894346356123216,9.156649135987979e-06,0.0
LSC-CP-RA,"LSC-CP-RA (A=8), tamed",44d6ecf1abcc7ab097c151f5d67417fb,c87203a12406cc5114b7ffa2d8877465,True,3,1331,6.655,829691390.0634615,259278.55939483174,1331.0,340736.0,0.0657711887712685,0.000696155382575836,-0.0002804797086922717,0.04250000000000001,0.05650809794203837,0.0,1.7936333599578814e-05,0.005102278363092211,True,0.12012712206063299,reject,pre_step,drift_diffusion_then_jump,iid_bank,8,every_step,True,0.0,0.005095338983050848,308.38160276679577,21071,0.0,0.9894346356123216,9.156649135987979e-06,0.0
LSC-CP-RA,"LSC-CP-RA (A=8), tamed",44d6ecf1abcc7ab097c151f5d67417fb,c87203a12406cc5114b7ffa2d8877465,True,0,1391,6.955,867092955.3555785,270966.5485486183,1391.0,356096.0,0.09027431997865937,0.0017877155335209727,0.0008334406495994484,0.048750000000000016,0.06760233373702962,0.0,0.002851280058276756,0.06657703707188581,True,0.12012712206063299,reject,pre_step,drift_diffusion_then_jump,iid_bank,8,every_step,True,0.0,0.004963541666666668,185.11212019287942,22024,0.0,0.9895758447160317,9.21099928109274e-06,0.0
LSC-CP-RA,"LSC-CP-RA (A=8), tamed",44d6ecf1abcc7ab097c151f5d67417fb,c87203a12406cc5114b7ffa2d8877465,True,1,1391,6.955,867092955.3555785,270966.5485486183,1391.0,356096.0,0.0961808809476778,0.0018046840746243076,0.0008306264796564822,0.048750000000000016,0.06244351590348307,0.0,0.00010648793500484758,0.012724758708793665,True,0.12012712206063299,reject,pre_step,drift_diffusion_then_jump,iid_bank,8,every_step,True,0.0,0.004963541666666668,185.11212019287942,22024,0.0,0.9895758447160317,9.21099928109274e-06,0.0
LSC-CP-RA,"LSC-CP-RA (A=8), tamed",44d6ecf1abcc7ab097c151f5d67417fb,c87203a12406cc5114b7ffa2d8877465,True,2,1391,6.955,867092955.3555785,270966.5485486183,1391.0,356096.0,0.11272047724747784,0.0029661884683930273,0.0020041338566463285,0.07624999999999998,0.06543946119787336,0.0,0.0006579757611065232,0.03532703707188581,True,0.12012712206063299,reject,pre_step,drift_diffusion_then_jump,iid_bank,8,every_step,True,0.0,0.004963541666666668,185.11212019287942,22024,0.0,0.9895758447160317,9.21099928109274e-06,0.0
LSC-CP-RA,"LSC-CP-RA (A=8), tamed",44d6ecf1abcc7ab097c151f5d67417fb,c87203a12406cc5114b7ffa2d8877465,True,3,1391,6.955,867092955.3555785,270966.5485486183,1391.0,356096.0,0.09747449366206457,0.0022254039893705446,0.00124910422620772,0.05125000000000002,0.062036696587504436,0.0,0.00012310570986560757,0.013974758708793666,True,0.12012712206063299,reject,pre_step,drift_diffusion_then_jump,iid_bank,8,every_step,True,0.0,0.004963541666666668,185.11212019287942,22024,0.0,0.9895758447160317,9.21099928109274e-06,0.0
LSC-CP-RA,"LSC-CP-RA (A=8), tamed",44d6ecf1abcc7ab097c151f5d67417fb,c87203a12406cc5114b7ffa2d8877465,True,0,1450,7.25,903871161.2261603,282459.7378831751,1450.0,371200.0,0.09527077105928787,0.0020092935700842807,0.0010521675631076643,0.04500000000000001,0.06217269764460143,0.0,0.0015327951292606699,0.05157703707188582,True,0.12012712206063299,reject,pre_step,drift_diffusion_then_jump,iid_bank,8,every_step,True,0.0,0.00507415254237288,237.44080442536233,22982,0.0,0.9906034482758621,9.267241379310345e-06,0.0
LSC-CP-RA,"LSC-CP-RA (A=8), tamed",44d6ecf1abcc7ab097c151f5d67417fb,c87203a12406cc5114b7ffa2d8877465,True,1,1450,7.25,903871161.2261603,282459.7378831751,1450.0,371200.0,0.08860027510979593,0.0011003739288651948,0.00012659072153053952,0.04625000000000001,0.06864353890665764,0.0,0.00042685175077569835,0.027827037071885802,True,0.12012712206063299,reject,pre_step,drift_diffusion_then_jump,iid_bank,8,every_step,True,0.0,0.00507415254237288,237.44080442536233,22982,0.0,0.9906034482758621,9.267241379310345e-06,0.0
LSC-CP-RA,"LSC-CP-RA (A=8), tamed",44d6ecf1abcc7ab097c151f5d67417fb,c87203a12406cc5114b7ffa2d8877465,True,2,1450,7.25,903871161.2261603,282459.7378831751,1450.0,371200.0,0.11033670442845957,0.003084016819735358,0.0021209118937232097,0.05625000000000002,0.06025806323344429,0.0,0.0007794646549644409,0.03782703707188581,True,0.12012712206063299,reject,pre_step,drift_diffusion_then_jump,iid_bank,8,every_step,True,0.0,0.00507415254237288,237.44080442536233,22982,0.0,0.9906034482758621,9.267241379310345e-06,0.0
LSC-CP-RA,"LSC-CP-RA (A=8), tamed",44d6ecf1abcc7ab097c151f5d67417fb,c87203a12406cc5114b7ffa2d8877465,True,3,1450,7.25,903871161.2261603,282459.7378831751,1450.0,371200.0,0.11463748131399035,0.003579395434956556,0.002621068822348027,0.06374999999999997,0.05820479115766597,0.0,0.0008576577312244069,0.03907703707188581,True,0.12012712206063299,reject,pre_step,drift_diffusion_then_jump,iid_bank,8,every_step,True,0.0,0.00507415254237288,237.44080442536233,22982,0.0,0.9906034482758621,9.267241379310345e-06,0.0
LSC-CP-RA,"LSC-CP-RA (A=8), tamed",44d6ecf1abcc7ab097c151f5d67417fb,c87203a12406cc5114b7ffa2d8877465,True,0,1509,7.545,940649367.0967419,293952.92721773183,1509.0,386304.0,0.09665717770599311,0.0021499479267512722,0.0011869987767475498,0.05500000000000005,0.06734272644934869,0.0,0.00036409304039627596,0.02657703707188583,True,0.12012712206063299,reject,pre_step,drift_diffusion_then_jump,iid_bank,8,every_step,True,0.0,0.004883474576271186,327.82241339477054,23904,0.0,0.9900596421471173,9.526176275679258e-06,0.0
LSC-CP-RA,"LSC-CP-RA (A=8), tamed",44d6ecf1abcc7ab097c151f5d67417fb,c87203a12406cc5114b7ffa2d8877465,True,1,1509,7.545,940649367.0967419,293952.92721773183,1509.0,386304.0,0.10569093105660991,0.0028763681635901595,0.0019184053902933096,0.06625000000000003,0.06876755826663872,0.0,0.0012907467536136773,0.05032703707188582,True,0.12012712206063299,reject,pre_step,drift_diffusion_then_jump,iid_bank,8,every_step,True,0.0,0.004883474576271186,327.82241339477054,23904,0.0,0.9900596421471173,9.526176275679258e-06,0.0
LSC-CP-RA,"LSC-CP-RA (A=8), tamed",44d6ecf1abcc7ab097c151f5d67417fb,c87203a12406cc5114b7ffa2d8877465,True,2,1509,7.545,940649367.0967419,293952.92721773183,1509.0,386304.0,0.10424328582334766,0.002922213137631524,0.0019579575721901943,0.05500000000000002,0.05984504135418711,0.0,0.0005432318917343425,0.030327037071885804,True,0.12012712206063299,reject,pre_step,drift_diffusion_then_jump,iid_bank,8,every_step,True,0.0,0.004883474576271186,327.82241339477054,23904,0.0,0.9900596421471173,9.526176275679258e-06,0.0
LSC-CP-RA,"LSC-CP-RA (A=8), tamed",44d6ecf1abcc7ab097c151f5d67417fb,c87203a12406cc5114b7ffa2d8877465,True,3,1509,7.545,940649367.0967419,293952.92721773183,1509.0,386304.0,0.08858607226660578,0.0015687539082185342,0.000600155905234212,0.053749999999999964,0.06935879571648751,0.0,0.00029521693372572873,0.024077037071885826,True,0.12012712206063299,reject,pre_step,drift_diffusion_then_jump,iid_bank,8,every_step,True,0.0,0.004883474576271186,327.82241339477054,23904,0.0,0.9900596421471173,9.526176275679258e-06,0.0
LSC-CP-RA,"LSC-CP-RA (A=8), tamed",44d6ecf1abcc7ab097c151f5d67417fb,c87203a12406cc5114b7ffa2d8877465,True,0,1569,7.845,978050932.3888589,305640.9163715184,1569.0,401664.0,0.0796837632228807,0.0008172019514838258,-0.00016017266582335488,0.04125000000000001,0.06975105624752576,0.0,0.00025552903034135963,0.019077037071885794,True,0.12012712206063299,reject,pre_step,drift_diffusion_then_jump,iid_bank,8,every_step,True,0.0,0.0050989583333333355,136.13748887407655,24883,0.0,0.9911966220522626,9.560229445506692e-06,0.0
LSC-CP-RA,"LSC-CP-RA (A=8), tamed",44d6ecf1abcc7ab097c151f5d67417fb,c87203a12406cc5114b7ffa2d8877465,True,1,1569,7.845,978050932.3888589,305640.9163715184,1569.0,401664.0,0.10625067264731192,0.00254748231811186,0.0015909619745182457,0.05499999999999999,0.06644541014863248,0.0,0.0019327814228610827,0.0603270370718858,True,0.12012712206063299,reject,pre_step,drift_diffusion_then_jump,iid_bank,8,every_step,True,0.0,0.0050989583333333355,136.13748887407655,24883,0.0,0.9911966220522626,9.560229445506692e-06,0.0
LSC-CP-RA,"LSC-CP-RA (A=8), tamed",44d6ecf1abcc7ab097c151f5d67417fb,c87203a12406cc5114b7ffa2d8877465,True,2,1569,7.845,978050932.3888589,305640.9163715184,1569.0,401664.0,0.09346244867030942,0.001698811364778563,0.0007234304028218563,0.04500000000000004,0.06598373734949203,0.0,7.822755995011074e-05,0.011474758708793664,True,0.12012712206063299,reject,pre_step,drift_diffusion_then_jump,iid_bank,8,every_step,True,0.0,0.0050989583333333355,136.13748887407655,24883,0.0,0.9911966220522626,9.560229445506692e-06,0.0
LSC-CP-RA,"LSC-CP-RA (A=8), tamed",44d6ecf1abcc7ab097c151f5d67417fb,c87203a12406cc5114b7ffa2d8877465,True,3,1569,7.845,978050932.3888589,305640.9163715184,1569.0,401664.0,0.0939463078111741,0.0019486916045390323,0.0009750033949468273,0.048750000000000016,0.06604791059483472,0.0,0.00026823016503242734,0.022827037071885825,True,0.12012712206063299,reject,pre_step,drift_diffusion_then_jump,iid_bank,8,every_step,True,0.0,0.0050989583333333355,136.13748887407655,24883,0.0,0.9911966220522626,9.560229445506692e-06,0.0
LSC-CP-RA,"LSC-CP-RA (A=8), tamed",44d6ecf1abcc7ab097c151f5d67417fb,c87203a12406cc5114b7ffa2d8877465,True,0,1628,8.14,1014829138.2594407,317134.1057060752,1628.0,416768.0,0.06388288348788415,0.0006485792444096417,-0.0003244887261905083,0.034999999999999976,0.06091720199821926,0.0,0.00032857169191135346,0.021352278363092198,True,0.12012712206063299,reject,pre_step,drift_diffusion_then_jump,iid_bank,8,every_step,True,0.0,0.004888771186440679,144.9262520541134,25806,0.0,0.9907094594594594,9.597665847665847e-06,0.0
LSC-CP-RA,"LSC-CP-RA (A=8), tamed",44d6ecf1abcc7ab097c151f5d67417fb,c87203a12406cc5114b7ffa2d8877465,True,1,1628,8.14,1014829138.2594407,317134.1057060752,1628.0,416768.0,0.10290162024206298,0.0025218250856264834,0.001561358899815679,0.04750000000000004,0.06942611321430525,0.0,0.0011589922982504271,0.04782703707188582,True,0.12012712206063299,reject,pre_step,drift_diffusion_then_jump,iid_bank,8,every_step,True,0.0,0.004888771186440679,144.9262520541134,25806,0.0,0.9907094594594594,9.597665847665847e-06,0.0
LSC-CP-RA,"LSC-CP-RA (A=8), tamed",44d6ecf1abcc7ab097c151f5d67417fb,c87203a12406cc5114b7ffa2d8877465,True,2,1628,8.14,1014829138.2594407,317134.1057060752,1628.0,416768.0,0.11004110567474631,0.003133595000028966,0.0021559285833203656,0.06000000000000005,0.06596277941595774,0.0,0.00032747495930202406,0.01989772163690781,True,0.12012712206063299,reject,pre_step,drift_diffusion_then_jump,iid_bank,8,every_step,True,0.0,0.004888771186440679,144.9262520541134,25806,0.0,0.9907094594594594,9.597665847665847e-06,0.0
LSC-CP-RA,"LSC-CP-RA (A=8), tamed",44d6ecf1abcc7ab097c151f5d67417fb,c87203a12406cc5114b7ffa2d8877465,True,3,1628,8.14,1014829138.2594407,317134.1057060752,1628.0,416768.0,0.06555075423222612,0.00041661220525346376,-0.000563028368312124,0.040000000000000036,0.06668473641271344,0.0,0.00014952818509782586,0.015102278363092192,True,0.12012712206063299,reject,pre_step,drift_diffusion_then_jump,iid_bank,8,every_step,True,0.0,0.004888771186440679,144.9262520541134,25806,0.0,0.9907094594594594,9.597665847665847e-06,0.0
LSC-CP-RA,"LSC-CP-RA (A=8), tamed",44d6ecf1abcc7ab097c151f5d67417fb,c87203a12406cc5114b7ffa2d8877465,True,0,1688,8.44,1052230703.5515577,328822.09485986177,1688.0,432128.0,0.0527471424592217,0.00010368865055754295,-0.0008869090544953995,0.03500000000000003,0.072259280223688,0.0,0.00048466569098511007,0.025102278363092187,True,0.12012712206063299,reject,pre_step,drift_diffusion_then_jump,iid_bank,8,every_step,True,0.0,0.005005208333333332,141.67246561748738,26767,0.0,0.9910767180094787,9.44164691943128e-06,0.0
LSC-CP-RA,"LSC-CP-RA (A=8), tamed",44d6ecf1abcc7ab097c151f5d67417fb,c87203a12406cc5114b7ffa2d8877465,True,1,1688,8.44,1052230703.5515577,328822.09485986177,1688.0,432128.0,0.09705275821240422,0.002149858155561679,0.0011923627709858886,0.048750000000000016,0.06049787585191102,0.0,0.0012199612723365512,0.04782703707188582,True,0.12012712206063299,reject,pre_step,drift_diffusion_then_jump,iid_bank,8,every_step,True,0.0,0.005005208333333332,141.67246561748738,26767,0.0,0.9910767180094787,9.44164691943128e-06,0.0
LSC-CP-RA,"LSC-CP-RA (A=8), tamed",44d6ecf1abcc7ab097c151f5d67417fb,c87203a12406cc5114b7ffa2d8877465,True,2,1688,8.44,1052230703.5515577,328822.09485986177,1688.0,432128.0,0.08062226130463801,0.0009418362283869497,-3.609080729582992e-05,0.03375000000000006,0.06393952877159137,0.0,1.6119438157456158e-05,0.005224758708793659,True,0.12012712206063299,reject,pre_step,drift_diffusion_then_jump,iid_bank,8,every_step,True,0.0,0.005005208333333332,141.67246561748738,26767,0.0,0.9910767180094787,9.44164691943128e-06,0.0
LSC-CP-RA,"LSC-CP-RA (A=8), tamed",44d6ecf1abcc7ab097c151f5d67417fb,c87203a12406cc5114b7ffa2d8877465,True,3,1688,8.44,1052230703.5515577,328822.09485986177,1688.0,432128.0,0.06615351553469859,0.0007615094026828251,-0.0002174743171682314,0.05500000000000005,0.06146271851745222,0.0,2.6960724194269195e-05,0.006025241291206379,True,0.12012712206063299,reject,pre_step,drift_diffusion_then_jump,iid_bank,8,every_step,True,0.0,0.005005208333333332,141.67246561748738,26767,0.0,0.9910767180094787,9.44164691943128e-06,0.0
LSC-CP-RA,"LSC-CP-RA (A=8), tamed",44d6ecf1abcc7ab097c151f5d67417fb,c87203a12406cc5114b7ffa2d8877465,True,0,1747,8.735,1089008909.4221394,340315.2841944186,1747.0,447232.0,0.04967500726792832,0.00022422014724121642,-0.0007512224968965198,0.0325,0.06131874056401598,0.0,0.0007633937550764565,0.033852278363092195,True,0.12012712206063299,reject,pre_step,drift_diffusion_then_jump,iid_bank,8,every_step,True,0.0,0.004904661016949152,333.702669073067,27693,0.0,0.9907341156267888,9.122781911848884e-06,0.0
LSC-CP-RA,"LSC-CP-RA (A=8), tamed",44d6ecf1abcc7ab097c151f5d67417fb,c87203a12406cc5114b7ffa2d8877465,True,1,1747,8.735,1089008909.4221394,340315.2841944186,1747.0,447232.0,0.09270866142702236,0.002199019236407973,0.0012404917643771274,0.05625000000000002,0.06505005691951327,0.0,0.0007505568895530921,0.037827037071885825,True,0.12012712206063299,reject,pre_step,drift_diffusion_then_jump,iid_bank,8,every_step,True,0.0,0.004904661016949152,333.702669073067,27693,0.0,0.9907341156267888,9.122781911848884e-06,0.0
LSC-CP-RA,"LSC-CP-RA (A=8), tamed",44d6ecf1abcc7ab097c151f5d67417fb,c87203a12406cc5114b7ffa2d8877465,True,2,1747,8.735,1089008909.4221394,340315.2841944186,1747.0,447232.0,0.08667728399054574,0.0013895811473653152,0.0004098608677803872,0.043749999999999956,0.061404891784731075,0.0,2.871999627852823e-05,0.006147721636907827,True,0.12012712206063299,reject,pre_step,drift_diffusion_then_jump,iid_bank,8,every_step,True,0.0,0.004904661016949152,333.702669073067,27693,0.0,0.9907341156267888,9.122781911848884e-06,0.0
LSC-CP-RA,"LSC-CP-RA (A=8), tamed",44d6ecf1abcc7ab097c151f5d67417fb,c87203a12406cc5114b7ffa2d8877465,True,3,1747,8.735,1089008909.4221394,340315.2841944186,1747.0,447232.0,0.07691737593535111,0.0014161676697392878,0.00042663087663208366,0.04875000000000007,0.06811929020144147,0.0,0.0002633222414244827,0.022172962928114215,True,0.12012712206063299,reject,pre_step,drift_diffusion_then_jump,iid_bank,8,every_step,True,0.0,0.004904661016949152,333.702669073067,27693,0.0,0.9907341156267888,9.122781911848884e-06,0.0
LSC-CP-RA,"LSC-CP-RA (A=8), tamed",44d6ecf1abcc7ab097c151f5d67417fb,c87203a12406cc5114b7ffa2d8877465,True,0,1806,9.03,1125787115.292721,351808.47352897533,1806.0,462336.0,0.038530008161218834,0.0001442087729967012,-0.0008336454300015284,0.022499999999999964,0.060370847800434,0.0,0.0008675571766252402,0.03510227836309218,True,0.12012712206063299,reject,pre_step,drift_diffusion_then_jump,iid_bank,8,every_step,True,0.0,0.004899364406779661,516.2068192889,28618,0.0,0.9903792912513842,9.170819490586932e-06,0.0
LSC-CP-RA,"LSC-CP-RA (A=8), tamed",44d6ecf1abcc7ab097c151f5d67417fb,c87203a12406cc5114b7ffa2d8877465,True,1,1806,9.03,1125787115.292721,351808.47352897533,1806.0,462336.0,0.09645879603937466,0.0016834496883002537,0.0007129416537207112,0.0625,0.06628873880407238,0.0,0.0005149365841417095,0.031577037071885805,True,0.12012712206063299,reject,pre_step,drift_diffusion_then_jump,iid_bank,8,every_step,True,0.0,0.004899364406779661,516.2068192889,28618,0.0,0.9903792912513842,9.170819490586932e-06,0.0
LSC-CP-RA,"LSC-CP-RA (A=8), tamed",44d6ecf1abcc7ab097c151f5d67417fb,c87203a12406cc5114b7ffa2d8877465,True,2,1806,9.03,1125787115.292721,351808.47352897533,1806.0,462336.0,0.0788534626180298,0.0012436333666674404,0.00026418341559386604,0.04625000000000001,0.06347008476441174,0.0,3.325030523082832e-05,0.00782703707188584,True,0.12012712206063299,reject,pre_step,drift_diffusion_then_jump,iid_bank,8,every_step,True,0.0,0.004899364406779661,516.2068192889,28618,0.0,0.9903792912513842,9.170819490586932e-06,0.0
LSC-CP-RA,"LSC-CP-RA (A=8), tamed",44d6ecf1abcc7ab097c151f5d67417fb,c87203a12406cc5114b7ffa2d8877465,True,3,1806,9.03,1125787115.292721,351808.47352897533,1806.0,462336.0,0.04286624974339838,0.000443876280436184,-0.0005390204493566086,0.050000000000000044,0.06029263497522541,0.0,0.0003053580802898498,0.022172962928114187,True,0.12012712206063299,reject,pre_step,drift_diffusion_then_jump,iid_bank,8,every_step,True,0.0,0.004899364406779661,516.2068192889,28618,0.0,0.9903792912513842,9.170819490586932e-06,0.0
LSC-CP-RA,"LSC-CP-RA (A=8), tamed",44d6ecf1abcc7ab097c151f5d67417fb,c87203a12406cc5114b7ffa2d8877465,True,0,1866,9.33,1163188680.584838,363496.46268276183,1866.0,477696.0,0.046259913504898914,0.000209760922325275,-0.0007745019375344775,0.030000000000000027,0.062481658818352104,0.0,0.0002659985282283895,0.017602278363092194,True,0.12012712206063299,reject,pre_step,drift_diffusion_then_jump,iid_bank,8,every_step,True,0.0,0.005187499999999999,135.21252862553058,29614,0.0,0.9918944265809218,8.875937834941051e-06,0.0
LSC-CP-RA,"LSC-CP-RA (A=8), tamed",44d6ecf1abcc7ab097c151f5d67417fb,c87203a12406cc5114b7ffa2d8877465,True,1,1866,9.33,1163188680.584838,363496.46268276183,1866.0,477696.0,0.08363972696954261,0.0009045954427086,-7.069520880376157e-05,0.048750000000000016,0.06253419537658156,0.0,0.0007844750301827658,0.03407703707188581,True,0.12012712206063299,reject,pre_step,drift_diffusion_then_jump,iid_bank,8,every_step,True,0.0,0.005187499999999999,135.21252862553058,29614,0.0,0.9918944265809218,8.875937834941051e-06,0.0
LSC-CP-RA,"LSC-CP-RA (A=8), tamed",44d6ecf1abcc7ab097c151f5d67417fb,c87203a12406cc5114b7ffa2d8877465,True,2,1866,9.33,1163188680.584838,363496.46268276183,1866.0,477696.0,0.07101104527622092,0.0010644996129161033,8.878849293925128e-05,0.050000000000000044,0.06100112654168599,0.0,3.175261861580649e-05,0.006577037071885811,True,0.12012712206063299,reject,pre_step,drift_diffusion_then_jump,iid_bank,8,every_step,True,0.0,0.005187499999999999,135.21252862553058,29614,0.0,0.9918944265809218,8.875937834941051e-06,0.0
LSC-CP-RA,"LSC-CP-RA (A=8), tamed",44d6ecf1abcc7ab097c151f5d67417fb,c87203a12406cc5114b7ffa2d8877465,True,3,1866,9.33,1163188680.584838,363496.46268276183,1866.0,477696.0,0.033192149197873846,0.00010333063565370892,-0.0008800025607115236,0.03375000000000006,0.0656528784914856,0.0,0.0002793096627199019,0.021025241291206337,True,0.12012712206063299,reject,pre_step,drift_diffusion_then_jump,iid_bank,8,every_step,True,0.0,0.005187499999999999,135.21252862553058,29614,0.0,0.9918944265809218,8.875937834941051e-06,0.0
LSC-CP-RA,"LSC-CP-RA (A=8), tamed",44d6ecf1abcc7ab097c151f5d67417fb,c87203a12406cc5114b7ffa2d8877465,True,0,1925,9.625,1199966886.4554198,374989.6520173187,1925.0,492800.0,0.027552631472789378,7.320777801311795e-05,-0.0009152132405920721,0.022500000000000075,0.06485082378418905,0.0,0.0005643262185701294,0.02977524129120636,True,0.12012712206063299,reject,pre_step,drift_diffusion_then_jump,iid_bank,8,every_step,True,0.0,0.0049470338983050866,141.5837878751333,30548,0.0,0.9918181818181818,8.766233766233766e-06,0.0
LSC-CP-RA,"LSC-CP-RA (A=8), tamed",44d6ecf1abcc7ab097c151f5d67417fb,c87203a12406cc5114b7ffa2d8877465,True,1,1925,9.625,1199966886.4554198,374989.6520173187,1925.0,492800.0,0.0662846240059416,0.0005986364167822611,-0.00037077719870770576,0.04625000000000001,0.06570742368505778,0.0,0.0005991390810751989,0.028852278363092232,True,0.12012712206063299,reject,pre_step,drift_diffusion_then_jump,iid_bank,8,every_step,True,0.0,0.0049470338983050866,141.5837878751333,30548,0.0,0.9918181818181818,8.766233766233766e-06,0.0
LSC-CP-RA,"LSC-CP-RA (A=8), tamed",44d6ecf1abcc7ab097c151f5d67417fb,c87203a12406cc5114b7ffa2d8877465,True,2,1925,9.625,1199966886.4554198,374989.6520173187,1925.0,492800.0,0.06728912856690282,0.0005289448729528523,-0.0004554280284804202,0.03500000000000003,0.06669420404390969,0.0,2.8840880411707217e-05,0.006352278363092184,True,0.12012712206063299,reject,pre_step,drift_diffusion_then_jump,iid_bank,8,every_step,True,0.0,0.0049470338983050866,141.5837878751333,30548,0.0,0.9918181818181818,8.766233766233766e-06,0.0
LSC-CP-RA,"LSC-CP-RA (A=8), tamed",44d6ecf1abcc7ab097c151f5d67417fb,c87203a12406cc5114b7ffa2d8877465,True,3,1925,9.625,1199966886.4554198,374989.6520173187,1925.0,492800.0,0.0541100535525291,0.0003647113649929423,-0.0006150905026303111,0.03249999999999997,0.06286841694020529,0.0,8.629989763947048e-05,0.010102278363092215,True,0.12012712206063299,reject,pre_step,drift_diffusion_then_jump,iid_bank,8,every_step,True,0.0,0.0049470338983050866,141.5837878751333,30548,0.0,0.9918181818181818,8.766233766233766e-06,0.0
LSC-CP-RA,"LSC-CP-RA (A=8), tamed",44d6ecf1abcc7ab097c151f5d67417fb,c87203a12406cc5114b7ffa2d8877465,True,0,1984,9.92,1236745092.3260014,386482.84135187545,1984.0,507904.0,0.05321132812830821,0.00029225491021345196,-0.0007002498435737525,0.030000000000000027,0.06642763607420388,0.0,0.0008600942949787086,0.03852524129120635,True,0.12012712206063299,reject,pre_step,drift_diffusion_then_jump,iid_bank,8,every_step,True,0.0,0.00488877118644068,397.4304221160294,31471,0.0,0.9913999495967742,8.663054435483871e-06,0.0
LSC-CP-RA,"LSC-CP-RA (A=8), tamed",44d6ecf1abcc7ab097c151f5d67417fb,c87203a12406cc5114b7ffa2d8877465,True,1,1984,9.92,1236745092.3260014,386482.84135187545,1984.0,507904.0,0.06957277833637476,0.0004753506279494557,-0.0005004292260358811,0.046249999999999986,0.06462315832227472,0.0,0.0008061578378482656,0.033852278363092195,True,0.12012712206063299,reject,pre_step,drift_diffusion_then_jump,iid_bank,8,every_step,True,0.0,0.00488877118644068,397.4304221160294,31471,0.0,0.9913999495967742,8.663054435483871e-06,0.0
LSC-CP-RA,"LSC-CP-RA (A=8), tamed",44d6ecf1abcc7ab097c151f5d67417fb,c87203a12406cc5114b7ffa2d8877465,True,2,1984,9.92,1236745092.3260014,386482.84135187545,1984.0,507904.0,0.06057460429809911,0.00046139323820415523,-0.0005155192687792409,0.04125000000000001,0.058990718487543004,0.0,0.0002675986532834143,0.02010227836309221,True,0.12012712206063299,reject,pre_step,drift_diffusion_then_jump,iid_bank,8,every_step,True,0.0,0.00488877118644068,397.4304221160294,31471,0.0,0.9913999495967742,8.663054435483871e-06,0.0
LSC-CP-RA,"LSC-CP-RA (A=8), tamed",44d6ecf1abcc7ab097c151f5d67417fb,c87203a12406cc5114b7ffa2d8877465,True,3,1984,9.92,1236745092.3260014,386482.84135187545,1984.0,507904.0,0.04855669735526069,0.00020920634385346304,-0.0007726370793256221,0.03875000000000006,0.059544641783205954,0.0,0.00021490629976444813,0.016352278363092193,True,0.12012712206063299,reject,pre_step,drift_diffusion_then_jump,iid_bank,8,every_step,True,0.0,0.00488877118644068,397.4304221160294,31471,0.0,0.9913999495967742,8.663054435483871e-06,0.0
LSC-CP-RA,"LSC-CP-RA (A=8), tamed",44d6ecf1abcc7ab097c151f5d67417fb,c87203a12406cc5114b7ffa2d8877465,True,0,2044,10.22,1274146657.6181183,398170.83050566196,2044.0,523264.0,0.03830711677629578,0.00010858950178527227,-0.0008740199827576012,0.02750000000000008,0.06564783948264197,0.0,0.00032476831752748945,0.021025241291206337,True,0.12012712206063299,reject,pre_step,drift_diffusion_then_jump,iid_bank,8,every_step,True,0.0,0.004885416666666668,150.8078009405944,32409,0.0,0.9909796966731899,8.714530332681018e-06,0.0
LSC-CP-RA,"LSC-CP-RA (A=8), tamed",44d6ecf1abcc7ab097c151f5d67417fb,c87203a12406cc5114b7ffa2d8877465,True,1,2044,10.22,1274146657.6181183,398170.83050566196,2044.0,523264.0,0.0622821690194658,0.0005839110109727708,-0.0003844159865711294,0.04624999999999996,0.06434400894239944,0.0,0.0008376998783060094,0.033852278363092195,True,0.12012712206063299,reject,pre_step,drift_diffusion_then_jump,iid_bank,8,every_step,True,0.0,0.004885416666666668,150.8078009405944,32409,0.0,0.9909796966731899,8.714530332681018e-06,0.0
LSC-CP-RA,"LSC-CP-RA (A=8), tamed",44d6ecf1abcc7ab097c151f5d67417fb,c87203a12406cc5114b7ffa2d8877465,True,2,2044,10.22,1274146657.6181183,398170.83050566196,2044.0,523264.0,0.06916794857708751,0.00045823925228305473,-0.0005190191043291659,0.03875000000000001,0.05993767821283802,0.0,0.00021182243055899207,0.017602278363092194,True,0.12012712206063299,reject,pre_step,drift_diffusion_then_jump,iid_bank,8,every_step,True,0.0,0.004885416666666668,150.8078009405944,32409,0.0,0.9909796966731899,8.714530332681018e-06,0.0
LSC-CP-RA,"LSC-CP-RA (A=8), tamed",44d6ecf1abcc7ab097c151f5d67417fb,c87203a12406cc5114b7ffa2d8877465,True,3,2044,10.22,1274146657.6181183,398170.83050566196,2044.0,523264.0,0.051641444914027036,0.0001585880415627683,-0.0008229944936057887,0.028750000000000026,0.0645292750075449,0.0,0.00028952813464828,0.02010227836309221,True,0.12012712206063299,reject,pre_step,drift_diffusion_then_jump,iid_bank,8,every_step,True,0.0,0.004885416666666668,150.8078009405944,32409,0.0,0.9909796966731899,8.714530332681018e-06,0.0
LSC-CP-RA,"LSC-CP-RA (A=8), tamed",44d6ecf1abcc7ab097c151f5d67417fb,c87203a12406cc5114b7ffa2d8877465,True,0,2103,10.515,1310924863.4887002,409664.0198402188,2103.0,538368.0,0.038954172096690595,0.00010331492825421673,-0.0008837348930977873,0.028750000000000053,0.06755018077762232,0.0,0.0003585544548552861,0.02352524129120634,True,0.12012712206063299,reject,pre_step,drift_diffusion_then_jump,iid_bank,8,every_step,True,0.0,0.004851694915254238,140.0442628990528,33325,0.0,0.9904006181645268,9.064431764146458e-06,0.0
LSC-CP-RA,"LSC-CP-RA (A=8), tamed",44d6ecf1abcc7ab097c151f5d67417fb,c87203a12406cc5114b7ffa2d8877465,True,1,2103,10.515,1310924863.4887002,409664.0198402188,2103.0,538368.0,0.024542138383940558,3.9771755552364674e-05,-0.0009396815690766447,0.023749999999999993,0.05989911112158375,0.0,0.00055864136940861,0.02760227836309219,True,0.12012712206063299,reject,pre_step,drift_diffusion_then_jump,iid_bank,8,every_step,True,0.0,0.004851694915254238,140.0442628990528,33325,0.0,0.9904006181645268,9.064431764146458e-06,0.0
LSC-CP-RA,"LSC-CP-RA (A=8), tamed",44d6ecf1abcc7ab097c151f5d67417fb,c87203a12406cc5114b7ffa2d8877465,True,2,2103,10.515,1310924863.4887002,409664.0198402188,2103.0,538368.0,0.051910087789359814,0.00023350485850959224,-0.0007462461072722526,0.04375000000000001,0.06393248173948118,0.0,0.00021687546940186357,0.017602278363092194,True,0.12012712206063299,reject,pre_step,drift_diffusion_then_jump,iid_bank,8,every_step,True,0.0,0.004851694915254238,140.0442628990528,33325,0.0,0.9904006181645268,9.064431764146458e-06,0.0
LSC-CP-RA,"LSC-CP-RA (A=8), tamed",44d6ecf1abcc7ab097c151f5d67417fb,c87203a12406cc5114b7ffa2d8877465,True,3,2103,10.515,1310924863.4887002,409664.0198402188,2103.0,538368.0,0.05907613177871821,0.00038122119271688515,-0.0005976537570666629,0.03500000000000003,0.06526677825629568,0.0,0.0001735313569924046,0.016352278363092193,True,0.12012712206063299,reject,pre_step,drift_diffusion_then_jump,iid_bank,8,every_step,True,0.0,0.004851694915254238,140.0442628990528,33325,0.0,0.9904006181645268,9.064431764146458e-06,0.0
LSC-CP-RA,"LSC-CP-RA (A=8), tamed",44d6ecf1abcc7ab097c151f5d67417fb,c87203a12406cc5114b7ffa2d8877465,True,0,2162,10.81,1347703069.3592818,421157.2091747756,2162.0,553472.0,0.047781552926781864,0.00016653590940207685,-0.0008126563643221507,0.03250000000000003,0.06751062255032836,0.0,0.00030102319991029696,0.020102278363092183,True,0.12012712206063299,reject,pre_step,drift_diffusion_then_jump,iid_bank,8,every_step,True,0.0,0.0047616525423728835,146.86703657259028,34224,0.0,0.9893617021276596,9.395235892691952e-06,0.0
LSC-CP-RA,"LSC-CP-RA (A=8), tamed",44d6ecf1abcc7ab097c151f5d67417fb,c87203a12406cc5114b7ffa2d8877465,True,1,2162,10.81,1347703069.3592818,421157.2091747756,2162.0,553472.0,0.04815455249020975,0.00026470404790479574,-0.0007207583462152112,0.02375000000000005,0.06319201892085224,0.0,0.0011389476698697362,0.03852524129120634,True,0.12012712206063299,reject,pre_step,drift_diffusion_then_jump,iid_bank,8,every_step,True,0.0,0.0047616525423728835,146.86703657259028,34224,0.0,0.9893617021276596,9.395235892691952e-06,0.0
LSC-CP-RA,"LSC-CP-RA (A=8), tamed",44d6ecf1abcc7ab097c151f5d67417fb,c87203a12406cc5114b7ffa2d8877465,True,2,2162,10.81,1347703069.3592818,421157.2091747756,2162.0,553472.0,0.040072196274458106,0.0002761055239809407,-0.0007172090685820809,0.025000000000000022,0.05944973693894284,0.0,0.00032641785462430217,0.02352524129120634,True,0.12012712206063299,reject,pre_step,drift_diffusion_then_jump,iid_bank,8,every_step,True,0.0,0.0047616525423728835,146.86703657259028,34224,0.0,0.9893617021276596,9.395235892691952e-06,0.0
LSC-CP-RA,"LSC-CP-RA (A=8), tamed",44d6ecf1abcc7ab097c151f5d67417fb,c87203a12406cc5114b7ffa2d8877465,True,3,2162,10.81,1347703069.3592818,421157.2091747756,2162.0,553472.0,0.020971187199639064,6.786120931356887e-05,-0.0009153323454350604,0.02749999999999997,0.05592596371472669,0.0,0.00037511954370829294,0.02477524129120634,True,0.12012712206063299,reject,pre_step,drift_diffusion_then_jump,iid_bank,8,every_step,True,0.0,0.0047616525423728835,146.86703657259028,34224,0.0,0.9893617021276596,9.395235892691952e-06,0.0
LSC-CP-RA,"LSC-CP-RA (A=8), tamed",44d6ecf1abcc7ab097c151f5d67417fb,c87203a12406cc5114b7ffa2d8877465,True,0,2222,11.11,1385104634.6513987,432845.1983285621,2222.0,568832.0,0.042411492800070345,0.00018794241125574818,-0.0007898539382994452,0.03374999999999995,0.06336954557353247,0.0,0.0008545633743134622,0.03510227836309221,True,0.12012712206063299,reject,pre_step,drift_diffusion_then_jump,iid_bank,8,every_step,True,0.0,0.004776041666666667,291.66491533020786,35141,0.0,0.9884394689468947,9.422817281728173e-06,0.0
LSC-CP-RA,"LSC-CP-RA (A=8), tamed",44d6ecf1abcc7ab097c151f5d67417fb,c87203a12406cc5114b7ffa2d8877465,True,1,2222,11.11,1385104634.6513987,432845.1983285621,2222.0,568832.0,0.04215922116892948,0.00018588692174470456,-0.0007967909087635006,0.03125,0.061479273449312255,0.0,0.00106138076682626,0.03727524129120635,True,0.12012712206063299,reject,pre_step,drift_diffusion_then_jump,iid_bank,8,every_step,True,0.0,0.004776041666666667,291.66491533020786,35141,0.0,0.9884394689468947,9.422817281728173e-06,0.0
LSC-CP-RA,"LSC-CP-RA (A=8), tamed",44d6ecf1abcc7ab097c151f5d67417fb,c87203a12406cc5114b7ffa2d8877465,True,2,2222,11.11,1385104634.6513987,432845.1983285621,2222.0,568832.0,0.05052883743601082,0.0005347089951696082,-0.0004609679510841902,0.04125000000000001,0.06829684335516728,0.0,0.0004892274258681559,0.029672962928114194,True,0.12012712206063299,reject,pre_step,drift_diffusion_then_jump,iid_bank,8,every_step,True,0.0,0.004776041666666667,291.66491533020786,35141,0.0,0.9884394689468947,9.422817281728173e-06,0.0
LSC-CP-RA,"LSC-CP-RA (A=8), tamed",44d6ecf1abcc7ab097c151f5d67417fb,c87203a12406cc5114b7ffa2d8877465,True,3,2222,11.11,1385104634.6513987,432845.1983285621,2222.0,568832.0,0.05410392861746306,0.0003306127277334925,-0.0006559164153735475,0.03749999999999998,0.06007528124493411,0.0,0.00014942130420768883,0.016025241291206332,True,0.12012712206063299,reject,pre_step,drift_diffusion_then_jump,iid_bank,8,every_step,True,0.0,0.004776041666666667,291.66491533020786,35141,0.0,0.9884394689468947,9.422817281728173e-06,0.0
LSC-CP-RA,"LSC-CP-RA (A=8), tamed",44d6ecf1abcc7ab097c151f5d67417fb,c87203a12406cc5114b7ffa2d8877465,True,0,2281,11.405,1421882840.5219803,444338.38766311883,2281.0,583936.0,0.03601454525798061,0.00026312289110275167,-0.0007097287571391497,0.028750000000000053,0.06549174744473996,0.0,0.0007186246096364526,0.03260227836309218,True,0.12012712206063299,reject,pre_step,drift_diffusion_then_jump,iid_bank,8,every_step,True,5.296610169491526e-06,0.005519067796610173,726.0525411730669,36183,1.3700131521262605e-07,0.9914237176676897,9.590092064883823e-06,0.0
LSC-CP-RA,"LSC-CP-RA (A=8), tamed",44d6ecf1abcc7ab097c151f5d67417fb,c87203a12406cc5114b7ffa2d8877465,True,1,2281,11.405,1421882840.5219803,444338.38766311883,2281.0,583936.0,0.05050284937048789,0.0002084592576623301,-0.000788125528918493,0.030000000000000027,0.06891423057074109,0.0,0.0005236072873473197,0.029775241291206345,True,0.12012712206063299,reject,pre_step,drift_diffusion_then_jump,iid_bank,8,every_step,True,5.296610169491526e-06,0.005519067796610173,726.0525411730669,36183,1.3700131521262605e-07,0.9914237176676897,9.590092064883823e-06,0.0
LSC-CP-RA,"LSC-CP-RA (A=8), tamed",44d6ecf1abcc7ab097c151f5d67417fb,c87203a12406cc5114b7ffa2d8877465,True,2,2281,11.405,1421882840.5219803,444338.38766311883,2281.0,583936.0,0.031051424623375557,0.0002591189927590998,-0.0007272807576674811,0.03875000000000006,0.0632343690500855,0.0,0.0002539467014768741,0.021025241291206337,True,0.12012712206063299,reject,pre_step,drift_diffusion_then_jump,iid_bank,8,every_step,True,5.296610169491526e-06,0.005519067796610173,726.0525411730669,36183,1.3700131521262605e-07,0.9914237176676897,9.590092064883823e-06,0.0
LSC-CP-RA,"LSC-CP-RA (A=8), tamed",44d6ecf1abcc7ab097c151f5d67417fb,c87203a12406cc5114b7ffa2d8877465,True,3,2281,11.405,1421882840.5219803,444338.38766311883,2281.0,583936.0,0.04523092192426004,0.0001003712668318224,-0.0008808081883268093,0.026249999999999996,0.06288534200077311,0.0,0.0005203512738872109,0.026352278363092202,True,0.12012712206063299,reject,pre_step,drift_diffusion_then_jump,iid_bank,8,every_step,True,5.296610169491526e-06,0.005519067796610173,726.0525411730669,36183,1.3700131521262605e-07,0.9914237176676897,9.590092064883823e-06,0.0
LSC-CP-RA,"LSC-CP-RA (A=8), tamed",44d6ecf1abcc7ab097c151f5d67417fb,c87203a12406cc5114b7ffa2d8877465,True,0,2341,11.705,1459284405.8140974,456026.37681690545,2341.0,599296.0,0.040729277610012146,8.067948295853444e-05,-0.0008996401540738441,0.03125,0.06029463393656398,0.0,0.0006201033416985994,0.030102278363092178,True,0.12012712206063299,reject,pre_step,drift_diffusion_then_jump,iid_bank,8,every_step,True,0.0,0.004713541666666667,284.33471325036544,37088,1.3348996155489108e-07,0.99017513882956,1.0145237078171722e-05,0.0
LSC-CP-RA,"LSC-CP-RA (A=8), tamed",44d6ecf1abcc7ab097c151f5d67417fb,c87203a12406cc5114b7ffa2d8877465,True,1,2341,11.705,1459284405.8140974,456026.37681690545,2341.0,599296.0,0.048645806171530144,0.00017633931806571024,-0.0008147052935836285,0.03125,0.0685903013905732,0.0,0.0003743524999465617,0.02352524129120631,True,0.12012712206063299,reject,pre_step,drift_diffusion_then_jump,iid_bank,8,every_step,True,0.0,0.004713541666666667,284.33471325036544,37088,1.3348996155489108e-07,0.99017513882956,1.0145237078171722e-05,0.0
LSC-CP-RA,"LSC-CP-RA (A=8), tamed",44d6ecf1abcc7ab097c151f5d67417fb,c87203a12406cc5114b7ffa2d8877465,True,2,2341,11.705,1459284405.8140974,456026.37681690545,2341.0,599296.0,0.06195788408639666,0.0009823489644315009,-3.3722475020203646e-06,0.06624999999999998,0.06067717199360778,0.0,0.0002270921550218425,0.020922962928114186,True,0.12012712206063299,reject,pre_step,drift_diffusion_then_jump,iid_bank,8,every_step,True,0.0,0.004713541666666667,284.33471325036544,37088,1.3348996155489108e-07,0.99017513882956,1.0145237078171722e-05,0.0
LSC-CP-RA,"LSC-CP-RA (A=8), tamed",44d6ecf1abcc7ab097c151f5d67417fb,c87203a12406cc5114b7ffa2d8877465,True,3,2341,11.705,1459284405.8140974,456026.37681690545,2341.0,599296.0,0.0359809261540277,5.259985538352829e-05,-0.0009336376183541883,0.022499999999999964,0.059189615093862225,0.0,0.0003450047853987479,0.021025241291206337,True,0.12012712206063299,reject,pre_step,drift_diffusion_then_jump,iid_bank,8,every_step,True,0.0,0.004713541666666667,284.33471325036544,37088,1.3348996155489108e-07,0.99017513882956,1.0145237078171722e-05,0.0
LSC-CP-RA,"LSC-CP-RA (A=8), tamed",44d6ecf1abcc7ab097c151f5d67417fb,c87203a12406cc5114b7ffa2d8877465,True,0,2400,12.0,1496062611.684679,467519.5661514622,2400.0,614400.0,0.04761817223046033,0.00012745779222123055,-0.000852890942405593,0.03125,0.06636170690177545,0.0,0.0003870291053571454,0.0238522783630922,True,0.12012712206063299,reject,pre_step,drift_diffusion_then_jump,iid_bank,8,every_step,True,0.0,0.005105932203389832,170.41404400367477,38052,1.3020833333333334e-07,0.9909375,1.0286458333333334e-05,0.0
LSC-CP-RA,"LSC-CP-RA (A=8), tamed",44d6ecf1abcc7ab097c151f5d67417fb,c87203a12406cc5114b7ffa2d8877465,True,1,2400,12.0,1496062611.684679,467519.5661514622,2400.0,614400.0,0.044511502349439486,8.68976337509153e-05,-0.0009021152098368512,0.023750000000000007,0.06846059228573476,0.0,0.000505259408818801,0.029775241291206345,True,0.12012712206063299,reject,pre_step,drift_diffusion_then_jump,iid_bank,8,every_step,True,0.0,0.005105932203389832,170.41404400367477,38052,1.3020833333333334e-07,0.9909375,1.0286458333333334e-05,0.0
LSC-CP-RA,"LSC-CP-RA (A=8), tamed",44d6ecf1abcc7ab097c151f5d67417fb,c87203a12406cc5114b7ffa2d8877465,True,2,2400,12.0,1496062611.684679,467519.5661514622,2400.0,614400.0,0.04213930509860324,0.00037696697897682263,-0.0006156593796282639,0.04250000000000009,0.06681904387620063,0.0,0.0002887749056625917,0.022275241291206338,True,0.12012712206063299,reject,pre_step,drift_diffusion_then_jump,iid_bank,8,every_step,True,0.0,0.005105932203389832,170.41404400367477,38052,1.3020833333333334e-07,0.9909375,1.0286458333333334e-05,0.0
LSC-CP-RA,"LSC-CP-RA (A=8), tamed",44d6ecf1abcc7ab097c151f5d67417fb,c87203a12406cc5114b7ffa2d8877465,True,3,2400,12.0,1496062611.684679,467519.5661514622,2400.0,614400.0,0.026186951692951946,3.0626964323099415e-05,-0.0009530223225654444,0.022500000000000075,0.06510241063701117,0.0,0.00043963710091684725,0.024775241291206354,True,0.12012712206063299,reject,pre_step,drift_diffusion_then_jump,iid_bank,8,every_step,True,0.0,0.005105932203389832,170.41404400367477,38052,1.3020833333333334e-07,0.9909375,1.0286458333333334e-05,0.0
LSC-CP-RA,"LSC-CP-RA (A=8), tamed",44d6ecf1abcc7ab097c151f5d67417fb,c87203a12406cc5114b7ffa2d8877465,True,0,2459,12.295,1532840817.5552607,479012.75548601896,2459.0,629504.0,0.056589531473491175,0.00037871992550964073,-0.0005945867900396529,0.04000000000000001,0.06427048612491504,0.0,0.0009589861575000106,0.037602278363092184,True,0.12012712206063299,reject,pre_step,drift_diffusion_then_jump,iid_bank,8,every_step,True,0.0,0.005021186440677965,186.83581582446945,39000,1.2708418056120374e-07,0.9912566083773892,1.0166734444896299e-05,0.0
LSC-CP-RA,"LSC-CP-RA (A=8), tamed",44d6ecf1abcc7ab097c151f5d67417fb,c87203a12406cc5114b7ffa2d8877465,True,1,2459,12.295,1532840817.5552607,479012.75548601896,2459.0,629504.0,0.046778921418358876,0.00010539196857384248,-0.0008787877781479825,0.03125,0.06653423815418946,0.0,0.0003896742878818028,0.022275241291206352,True,0.12012712206063299,reject,pre_step,drift_diffusion_then_jump,iid_bank,8,every_step,True,0.0,0.005021186440677965,186.83581582446945,39000,1.2708418056120374e-07,0.9912566083773892,1.0166734444896299e-05,0.0
LSC-CP-RA,"LSC-CP-RA (A=8), tamed",44d6ecf1abcc7ab097c151f5d67417fb,c87203a12406cc5114b7ffa2d8877465,True,2,2459,12.295,1532840817.5552607,479012.75548601896,2459.0,629504.0,0.050439576915522616,0.00019001740274793288,-0.0007940859532939992,0.04249999999999998,0.06646079524032433,0.0,0.00028902827311747556,0.018852278363092195,True,0.12012712206063299,reject,pre_step,drift_diffusion_then_jump,iid_bank,8,every_step,True,0.0,0.005021186440677965,186.83581582446945,39000,1.2708418056120374e-07,0.9912566083773892,1.0166734444896299e-05,0.0
LSC-CP-RA,"LSC-CP-RA (A=8), tamed",44d6ecf1abcc7ab097c151f5d67417fb,c87203a12406cc5114b7ffa2d8877465,True,3,2459,12.295,1532840817.5552607,479012.75548601896,2459.0,629504.0,0.045559486426401855,7.913373522339118e-05,-0.0009061258214495549,0.02124999999999999,0.06520847201989144,0.0,0.0005203512738872109,0.026352278363092202,True,0.12012712206063299,reject,pre_step,drift_diffusion_then_jump,iid_bank,8,every_step,True,0.0,0.005021186440677965,186.83581582446945,39000,1.2708418056120374e-07,0.9912566083773892,1.0166734444896299e-05,0.0
LSC-CP-RA,"LSC-CP-RA (A=8), tamed",44d6ecf1abcc7ab097c151f5d67417fb,c87203a12406cc5114b7ffa2d8877465,True,0,2519,12.595,1570242382.8473778,490700.7446398056,2519.0,644864.0,0.06182462176278084,0.00037396537673439756,-0.0005982047115967726,0.02749999999999997,0.06576216530865697,0.0,0.0015135796863510811,0.046352278363092206,True,0.12012712206063299,reject,pre_step,drift_diffusion_then_jump,iid_bank,8,every_step,True,0.0,0.005161458333333333,146.83543121871145,39991,1.240571655418817e-07,0.9922340214370782,1.0420801905518063e-05,0.0
LSC-CP-RA,"LSC-CP-RA (A=8), tamed",44d6ecf1abcc7ab097c151f5d67417fb,c87203a12406cc5114b7ffa2d8877465,True,1,2519,12.595,1570242382.8473778,490700.7446398056,2519.0,644864.0,0.03964899577811466,0.00020331578397669858,-0.0007855190573343718,0.026249999999999996,0.06784618369752737,0.0,0.0002539467014768741,0.021025241291206337,True,0.12012712206063299,reject,pre_step,drift_diffusion_then_jump,iid_bank,8,every_step,True,0.0,0.005161458333333333,146.83543121871145,39991,1.240571655418817e-07,0.9922340214370782,1.0420801905518063e-05,0.0
LSC-CP-RA,"LSC-CP-RA (A=8), tamed",44d6ecf1abcc7ab097c151f5d67417fb,c87203a12406cc5114b7ffa2d8877465,True,2,2519,12.595,1570242382.8473778,490700.7446398056,2519.0,644864.0,0.046869890025885805,0.0003577102553008471,-0.0006282242309544328,0.04625000000000001,0.06626479985544598,0.0,0.0001799955912024754,0.01602524129120636,True,0.12012712206063299,reject,pre_step,drift_diffusion_then_jump,iid_bank,8,every_step,True,0.0,0.005161458333333333,146.83543121871145,39991,1.240571655418817e-07,0.9922340214370782,1.0420801905518063e-05,0.0
LSC-CP-RA,"LSC-CP-RA (A=8), tamed",44d6ecf1abcc7ab097c151f5d67417fb,c87203a12406cc5114b7ffa2d8877465,True,3,2519,12.595,1570242382.8473778,490700.7446398056,2519.0,644864.0,0.048353060821693605,0.00022640861265821322,-0.0007488637387450536,0.03500000000000003,0.059004941206854844,0.0,0.0005036059605671157,0.02760227836309219,True,0.12012712206063299,reject,pre_step,drift_diffusion_then_jump,iid_bank,8,every_step,True,0.0,0.005161458333333333,146.83543121871145,39991,1.240571655418817e-07,0.9922340214370782,1.0420801905518063e-05,0.0
LSC-CP-RA,"LSC-CP-RA (A=8), tamed",44d6ecf1abcc7ab097c151f5d67417fb,c87203a12406cc5114b7ffa2d8877465,True,0,2578,12.89,1607020588.7179594,502193.9339743623,2578.0,659968.0,0.06360172436438866,0.000975088226535803,2.9206192623254523e-06,0.053749999999999964,0.06548552581438016,0.0,0.002712885970914257,0.06260227836309219,True,0.12012712206063299,reject,pre_step,drift_diffusion_then_jump,iid_bank,8,every_step,True,0.0,0.004947033898305085,172.76367072611689,40925,1.2121799844840962e-07,0.9921693173002327,1.0303529868114818e-05,0.0
LSC-CP-RA,"LSC-CP-RA (A=8), tamed",44d6ecf1abcc7ab097c151f5d67417fb,c87203a12406cc5114b7ffa2d8877465,True,1,2578,12.89,1607020588.7179594,502193.9339743623,2578.0,659968.0,0.05625945792292335,0.00023118920312747981,-0.0007468598237782009,0.029999999999999985,0.06468644867793771,0.0,0.0003002176551693838,0.021352278363092198,True,0.12012712206063299,reject,pre_step,drift_diffusion_then_jump,iid_bank,8,every_step,True,0.0,0.004947033898305085,172.76367072611689,40925,1.2121799844840962e-07,0.9921693173002327,1.0303529868114818e-05,0.0
LSC-CP-RA,"LSC-CP-RA (A=8), tamed",44d6ecf1abcc7ab097c151f5d67417fb,c87203a12406cc5114b7ffa2d8877465,True,2,2578,12.89,1607020588.7179594,502193.9339743623,2578.0,659968.0,0.052315823918970786,0.0001948688918717023,-0.0007856289909983216,0.027500000000000024,0.06185632476553515,0.0,0.00010937378754132643,0.011352278363092189,True,0.12012712206063299,reject,pre_step,drift_diffusion_then_jump,iid_bank,8,every_step,True,0.0,0.004947033898305085,172.76367072611689,40925,1.2121799844840962e-07,0.9921693173002327,1.0303529868114818e-05,0.0
LSC-CP-RA,"LSC-CP-RA (A=8), tamed",44d6ecf1abcc7ab097c151f5d67417fb,c87203a12406cc5114b7ffa2d8877465,True,3,2578,12.89,1607020588.7179594,502193.9339743623,2578.0,659968.0,0.0626882765330244,0.0005855862090026198,-0.00038249212803154187,0.027499999999999997,0.06096380731761408,0.0,0.0005991390810751989,0.028852278363092232,True,0.12012712206063299,reject,pre_step,drift_diffusion_then_jump,iid_bank,8,every_step,True,0.0,0.004947033898305085,172.76367072611689,40925,1.2121799844840962e-07,0.9921693173002327,1.0303529868114818e-05,0.0
LSC-CP-RA,"LSC-CP-RA (A=8), tamed",44d6ecf1abcc7ab097c151f5d67417fb,c87203a12406cc5114b7ffa2d8877465,True,0,2638,13.19,1644422154.0100765,513881.9231281489,2638.0,675328.0,0.04260610601994959,0.000406351578285169,-0.000566534429499721,0.03500000000000003,0.06223163843028989,0.0,0.0013835465577039128,0.04510227836309219,True,0.12012712206063299,reject,pre_step,drift_diffusion_then_jump,iid_bank,8,every_step,True,0.0,0.004911458333333334,545.4186708762197,41868,1.1846095526914329e-07,0.9919446550416983,1.0187642153146324e-05,0.0
LSC-CP-RA,"LSC-CP-RA (A=8), tamed",44d6ecf1abcc7ab097c151f5d67417fb,c87203a12406cc5114b7ffa2d8877465,True,1,2638,13.19,1644422154.0100765,513881.9231281489,2638.0,675328.0,0.06408538403412087,0.00047148241010641634,-0.000510926211961138,0.035,0.0633674242290706,0.0,4.46027574314609e-05,0.008525241291206381,True,0.12012712206063299,reject,pre_step,drift_diffusion_then_jump,iid_bank,8,every_step,True,0.0,0.004911458333333334,545.4186708762197,41868,1.1846095526914329e-07,0.9919446550416983,1.0187642153146324e-05,0.0
LSC-CP-RA,"LSC-CP-RA (A=8), tamed",44d6ecf1abcc7ab097c151f5d67417fb,c87203a12406cc5114b7ffa2d8877465,True,2,2638,13.19,1644422154.0100765,513881.9231281489,2638.0,675328.0,0.08093787215191345,0.0013096384183133303,0.00033983709492280134,0.05000000000000002,0.06251672376969275,0.0,0.0002544720518915522,0.020327037071885823,True,0.12012712206063299,reject,pre_step,drift_diffusion_then_jump,iid_bank,8,every_step,True,0.0,0.004911458333333334,545.4186708762197,41868,1.1846095526914329e-07,0.9919446550416983,1.0187642153146324e-05,0.0
LSC-CP-RA,"LSC-CP-RA (A=8), tamed",44d6ecf1abcc7ab097c151f5d67417fb,c87203a12406cc5114b7ffa2d8877465,True,3,2638,13.19,1644422154.0100765,513881.9231281489,2638.0,675328.0,0.05735412304682909,0.0003198716118832934,-0.0006533989855188604,0.034999999999999976,0.062114698071074836,0.0,0.0002978219315112967,0.021352278363092225,True,0.12012712206063299,reject,pre_step,drift_diffusion_then_jump,iid_bank,8,every_step,True,0.0,0.004911458333333334,545.4186708762197,41868,1.1846095526914329e-07,0.9919446550416983,1.0187642153146324e-05,0.0
LSC-CP-RA,"LSC-CP-RA (A=8), tamed",44d6ecf1abcc7ab097c151f5d67417fb,c87203a12406cc5114b7ffa2d8877465,True,0,2697,13.485,1681200359.8806581,525375.1124627057,2697.0,690432.0,0.044111719272097755,0.0001236485269451304,-0.0008533198097543382,0.028749999999999942,0.05669772496014047,0.0,0.00046485154675577484,0.026352278363092202,True,0.12012712206063299,reject,pre_step,drift_diffusion_then_jump,iid_bank,8,every_step,True,0.0,0.005015889830508476,162.007672317435,42815,1.1586948461253244e-07,0.9921903967371153,9.96477567667779e-06,0.0
LSC-CP-RA,"LSC-CP-RA (A=8), tamed",44d6ecf1abcc7ab097c151f5d67417fb,c87203a12406cc5114b7ffa2d8877465,True,1,2697,13.485,1681200359.8806581,525375.1124627057,2697.0,690432.0,0.03958546484478828,0.00011669705140926467,-0.0008671337977400606,0.030000000000000027,0.062233912781097356,0.0,0.0003927058376845978,0.02352524129120634,True,0.12012712206063299,reject,pre_step,drift_diffusion_then_jump,iid_bank,8,every_step,True,0.0,0.005015889830508476,162.007672317435,42815,1.1586948461253244e-07,0.9921903967371153,9.96477567667779e-06,0.0
LSC-CP-RA,"LSC-CP-RA (A=8), tamed",44d6ecf1abcc7ab097c151f5d67417fb,c87203a12406cc5114b7ffa2d8877465,True,2,2697,13.485,1681200359.8806581,525375.1124627057,2697.0,690432.0,0.07516722386843613,0.0012860091460842327,0.0003095269660915445,0.05500000000000005,0.06038620079262058,0.0,5.697595183860513e-08,0.00032703707188583286,True,0.12012712206063299,reject,pre_step,drift_diffusion_then_jump,iid_bank,8,every_step,True,0.0,0.005015889830508476,162.007672317435,42815,1.1586948461253244e-07,0.9921903967371153,9.96477567667779e-06,0.0
LSC-CP-RA,"LSC-CP-RA (A=8), tamed",44d6ecf1abcc7ab097c151f5d67417fb,c87203a12406cc5114b7ffa2d8877465,True,3,2697,13.485,1681200359.8806581,525375.1124627057,2697.0,690432.0,0.06253897773706543,0.0005300161506728296,-0.0004417971174519586,0.030000000000000027,0.0649068626327497,0.0,0.0004137919796850303,0.0238522783630922,True,0.12012712206063299,reject,pre_step,drift_diffusion_then_jump,iid_bank,8,every_step,True,0.0,0.005015889830508476,162.007672317435,42815,1.1586948461253244e-07,0.9921903967371153,9.96477567667779e-06,0.0
LSC-CP-RA,"LSC-CP-RA (A=8), tamed",44d6ecf1abcc7ab097c151f5d67417fb,c87203a12406cc5114b7ffa2d8877465,True,0,2756,13.780000000000001,1717978565.7512398,536868.3017972624,2756.0,705536.0,0.04757658015455825,0.00022309076325865984,-0.0007508337482805549,0.025000000000000022,0.0639561904993251,0.0,0.000548780914621909,0.028852278363092204,True,0.12012712206063299,reject,pre_step,drift_diffusion_then_jump,iid_bank,8,every_step,True,0.0,0.0050794491525423735,162.49864739440898,43774,1.1338896952104499e-07,0.9926977503628447,1.0091618287373005e-05,0.0
LSC-CP-RA,"LSC-CP-RA (A=8), tamed",44d6ecf1abcc7ab097c151f5d67417fb,c87203a12406cc5114b7ffa2d8877465,True,1,2756,13.780000000000001,1717978565.7512398,536868.3017972624,2756.0,705536.0,0.03458930555957433,7.249547884768948e-05,-0.0009162371582963624,0.025,0.05971918164322321,0.0,0.0005093222979785784,0.029775241291206345,True,0.12012712206063299,reject,pre_step,drift_diffusion_then_jump,iid_bank,8,every_step,True,0.0,0.0050794491525423735,162.49864739440898,43774,1.1338896952104499e-07,0.9926977503628447,1.0091618287373005e-05,0.0
LSC-CP-RA,"LSC-CP-RA (A=8), tamed",44d6ecf1abcc7ab097c151f5d67417fb,c87203a12406cc5114b7ffa2d8877465,True,2,2756,13.780000000000001,1717978565.7512398,536868.3017972624,2756.0,705536.0,0.06623861596722258,0.0007289523428460898,-0.00025704255006986365,0.04125000000000001,0.059882575840663366,0.0,7.968588233625996e-05,0.012172962928114206,True,0.12012712206063299,reject,pre_step,drift_diffusion_then_jump,iid_bank,8,every_step,True,0.0,0.0050794491525423735,162.49864739440898,43774,1.1338896952104499e-07,0.9926977503628447,1.0091618287373005e-05,0.0
LSC-CP-RA,"LSC-CP-RA (A=8), tamed",44d6ecf1abcc7ab097c151f5d67417fb,c87203a12406cc5114b7ffa2d8877465,True,3,2756,13.780000000000001,1717978565.7512398,536868.3017972624,2756.0,705536.0,0.061627102149324986,0.0003977849492562413,-0.000582414148190491,0.04125000000000001,0.06504365007611368,0.0,0.00023146190733175538,0.018852278363092223,True,0.12012712206063299,reject,pre_step,drift_diffusion_then_jump,iid_bank,8,every_step,True,0.0,0.0050794491525423735,162.49864739440898,43774,1.1338896952104499e-07,0.9926977503628447,1.0091618287373005e-05,0.0
LSC-CP-RA,"LSC-CP-RA (A=8), tamed",44d6ecf1abcc7ab097c151f5d67417fb,c87203a12406cc5114b7ffa2d8877465,True,0,2816,14.08,1755380131.0433567,548556.290951049,2816.0,720896.0,0.04653906370194157,0.0002642224973555818,-0.0007120518430058231,0.03125,0.06073713813970938,0.0,0.0003002176551693838,0.021352278363092198,True,0.12012712206063299,reject,pre_step,drift_diffusion_then_jump,iid_bank,8,every_step,True,0.0,0.005072916666666669,133.1107780576507,44748,1.1097301136363636e-07,0.9931640625,1.009854403409091e-05,0.0
LSC-CP-RA,"LSC-CP-RA (A=8), tamed",44d6ecf1abcc7ab097c151f5d67417fb,c87203a12406cc5114b7ffa2d8877465,True,1,2816,14.08,1755380131.0433567,548556.290951049,2816.0,720896.0,0.04838786990171794,0.00031788629649043276,-0.0006774850533228793,0.02749999999999997,0.06354595131408225,0.0,0.0006531583302676657,0.03352524129120635,True,0.12012712206063299,reject,pre_step,drift_diffusion_then_jump,iid_bank,8,every_step,True,0.0,0.005072916666666669,133.1107780576507,44748,1.1097301136363636e-07,0.9931640625,1.009854403409091e-05,0.0
LSC-CP-RA,"LSC-CP-RA (A=8), tamed",44d6ecf1abcc7ab097c151f5d67417fb,c87203a12406cc5114b7ffa2d8877465,True,2,2816,14.08,1755380131.0433567,548556.290951049,2816.0,720896.0,0.04362560067352486,0.00017889556011285723,-0.0008072949730049128,0.030000000000000027,0.07058460456701465,0.0,0.00025480544407004797,0.019775241291206336,True,0.12012712206063299,reject,pre_step,drift_diffusion_then_jump,iid_bank,8,every_step,True,0.0,0.005072916666666669,133.1107780576507,44748,1.1097301136363636e-07,0.9931640625,1.009854403409091e-05,0.0
LSC-CP-RA,"LSC-CP-RA (A=8), tamed",44d6ecf1abcc7ab097c151f5d67417fb,c87203a12406cc5114b7ffa2d8877465,True,3,2816,14.08,1755380131.0433567,548556.290951049,2816.0,720896.0,0.04072076053738716,8.446911562964843e-05,-0.000895182853080545,0.022499999999999992,0.06535736453386953,0.0,0.00028902827311747556,0.018852278363092195,True,0.12012712206063299,reject,pre_step,drift_diffusion_then_jump,iid_bank,8,every_step,True,0.0,0.005072916666666669,133.1107780576507,44748,1.1097301136363636e-07,0.9931640625,1.009854403409091e-05,0.0
LSC-CP-RA,"LSC-CP-RA (A=8), tamed",44d6ecf1abcc7ab097c151f5d67417fb,c87203a12406cc5114b7ffa2d8877465,True,0,2875,14.375,1792158336.9139385,560049.4802856058,2875.0,736000.0,0.038876809156112205,6.461013858882758e-05,-0.0009161829473972594,0.027499999999999997,0.06230278566877223,0.0,0.00055864136940861,0.02760227836309219,True,0.12012712206063299,reject,pre_step,drift_diffusion_then_jump,iid_bank,8,every_step,True,0.0,0.005227754237288136,223.41789254213936,45735,1.0869565217391305e-07,0.9942391304347826,1e-05,0.0
LSC-CP-RA,"LSC-CP-RA (A=8), tamed",44d6ecf1abcc7ab097c151f5d67417fb,c87203a12406cc5114b7ffa2d8877465,True,1,2875,14.375,1792158336.9139385,560049.4802856058,2875.0,736000.0,0.057474596069156794,0.00044648464441821023,-0.0005330382133205136,0.03375,0.06365457947339392,0.0,7.18070495089666e-05,0.010102278363092215,True,0.12012712206063299,reject,pre_step,drift_diffusion_then_jump,iid_bank,8,every_step,True,0.0,0.005227754237288136,223.41789254213936,45735,1.0869565217391305e-07,0.9942391304347826,1e-05,0.0
LSC-CP-RA,"LSC-CP-RA (A=8), tamed",44d6ecf1abcc7ab097c151f5d67417fb,c87203a12406cc5114b7ffa2d8877465,True,2,2875,14.375,1792158336.9139385,560049.4802856058,2875.0,736000.0,0.05071774894607553,0.0002658221150968476,-0.0007258802395526676,0.03874999999999999,0.06578562404722788,0.0,0.00029192823805094777,0.02102524129120631,True,0.12012712206063299,reject,pre_step,drift_diffusion_then_jump,iid_bank,8,every_step,True,0.0,0.005227754237288136,223.41789254213936,45735,1.0869565217391305e-07,0.9942391304347826,1e-05,0.0
LSC-CP-RA,"LSC-CP-RA (A=8), tamed",44d6ecf1abcc7ab097c151f5d67417fb,c87203a12406cc5114b7ffa2d8877465,True,3,2875,14.375,1792158336.9139385,560049.4802856058,2875.0,736000.0,0.054284851312871404,0.00023871792107188483,-0.0007404343388460743,0.03374999999999995,0.06519240895826439,0.0,0.0004563085328202492,0.026352278363092202,True,0.12012712206063299,reject,pre_step,drift_diffusion_then_jump,iid_bank,8,every_step,True,0.0,0.005227754237288136,223.41789254213936,45735,1.0869565217391305e-07,0.9942391304347826,1e-05,0.0
LSC-CP-RA,"LSC-CP-RA (A=8), tamed",44d6ecf1abcc7ab097c151f5d67417fb,c87203a12406cc5114b7ffa2d8877465,True,0,2934,14.67,1828936542.7845201,571542.6696201626,2934.0,751104.0,0.03388324447113041,0.00017286930675408652,-0.0008192612626276574,0.028749999999999942,0.06882564236588473,0.0,0.0005151835408404954,0.029775241291206345,True,0.12012712206063299,reject,pre_step,drift_diffusion_then_jump,iid_bank,8,every_step,True,0.0,0.004973516949152542,213.03987552688392,46674,1.0650988411724608e-07,0.9942484662576687,1.0118438991138378e-05,0.0
LSC-CP-RA,"LSC-CP-RA (A=8), tamed",44d6ecf1abcc7ab097c151f5d67417fb,c87203a12406cc5114b7ffa2d8877465,True,1,2934,14.67,1828936542.7845201,571542.6696201626,2934.0,751104.0,0.06773222565340772,0.0008427414324686522,-0.00013407993983272082,0.05250000000000005,0.06008051822140703,0.0,2.597644294544273e-05,0.006352278363092184,True,0.12012712206063299,reject,pre_step,drift_diffusion_then_jump,iid_bank,8,every_step,True,0.0,0.004973516949152542,213.03987552688392,46674,1.0650988411724608e-07,0.9942484662576687,1.0118438991138378e-05,0.0
LSC-CP-RA,"LSC-CP-RA (A=8), tamed",44d6ecf1abcc7ab097c151f5d67417fb,c87203a12406cc5114b7ffa2d8877465,True,2,2934,14.67,1828936542.7845201,571542.6696201626,2934.0,751104.0,0.05993279739923643,0.0007615321451641677,-0.000234065256684568,0.04500000000000004,0.06562312627418343,0.0,0.00029040359522046564,0.022172962928114187,True,0.12012712206063299,reject,pre_step,drift_diffusion_then_jump,iid_bank,8,every_step,True,0.0,0.004973516949152542,213.03987552688392,46674,1.0650988411724608e-07,0.9942484662576687,1.0118438991138378e-05,0.0
LSC-CP-RA,"LSC-CP-RA (A=8), tamed",44d6ecf1abcc7ab097c151f5d67417fb,c87203a12406cc5114b7ffa2d8877465,True,3,2934,14.67,1828936542.7845201,571542.6696201626,2934.0,751104.0,0.050006124075667714,0.00014701593664423473,-0.0008374788817172574,0.025000000000000022,0.06851111995906167,0.0,0.00034437189275321597,0.022602278363092185,True,0.12012712206063299,reject,pre_step,drift_diffusion_then_jump,iid_bank,8,every_step,True,0.0,0.004973516949152542,213.03987552688392,46674,1.0650988411724608e-07,0.9942484662576687,1.0118438991138378e-05,0.0
LSC-CP-RA,"LSC-CP-RA (A=8), tamed",44d6ecf1abcc7ab097c151f5d67417fb,c87203a12406cc5114b7ffa2d8877465,True,0,2994,14.97,1866338108.076637,583230.658773949,2994.0,766464.0,0.04333434342878157,0.0002503828297496513,-0.000743730651944774,0.026249999999999996,0.06598160842928591,0.0,0.0005113644077723344,0.029775241291206345,True,0.12012712206063299,reject,pre_step,drift_diffusion_then_jump,iid_bank,8,every_step,True,0.0,0.004822916666666666,192.75697089694629,47600,1.0437541750167e-07,0.9936539746158984,1.033316633266533e-05,0.0
LSC-CP-RA,"LSC-CP-RA (A=8), tamed",44d6ecf1abcc7ab097c151f5d67417fb,c87203a12406cc5114b7ffa2d8877465,True,1,2994,14.97,1866338108.076637,583230.658773949,2994.0,766464.0,0.05955745736610136,0.0002665887074220219,-0.0007164851581691334,0.03875000000000001,0.0666119272121235,0.0,0.0001420767088058365,0.01385227836309219,True,0.12012712206063299,reject,pre_step,drift_diffusion_then_jump,iid_bank,8,every_step,True,0.0,0.004822916666666666,192.75697089694629,47600,1.0437541750167e-07,0.9936539746158984,1.033316633266533e-05,0.0
LSC-CP-RA,"LSC-CP-RA (A=8), tamed",44d6ecf1abcc7ab097c151f5d67417fb,c87203a12406cc5114b7ffa2d8877465,True,2,2994,14.97,1866338108.076637,583230.658773949,2994.0,766464.0,0.05813977032191157,0.0003788331471155093,-0.0006061886945680772,0.03875000000000001,0.06438543530327356,0.0,7.887724904892459e-05,0.011025241291206356,True,0.12012712206063299,reject,pre_step,drift_diffusion_then_jump,iid_bank,8,every_step,True,0.0,0.004822916666666666,192.75697089694629,47600,1.0437541750167e-07,0.9936539746158984,1.033316633266533e-05,0.0
LSC-CP-RA,"LSC-CP-RA (A=8), tamed",44d6ecf1abcc7ab097c151f5d67417fb,c87203a12406cc5114b7ffa2d8877465,True,3,2994,14.97,1866338108.076637,583230.658773949,2994.0,766464.0,0.046259178289017794,0.00014222566174149076,-0.0008335986671875739,0.02124999999999999,0.06070431935397469,0.0,0.00048087652388246766,0.026352278363092202,True,0.12012712206063299,reject,pre_step,drift_diffusion_then_jump,iid_bank,8,every_step,True,0.0,0.004822916666666666,192.75697089694629,47600,1.0437541750167e-07,0.9936539746158984,1.033316633266533e-05,0.0
LSC-CP-RA,"LSC-CP-RA (A=8), tamed",44d6ecf1abcc7ab097c151f5d67417fb,c87203a12406cc5114b7ffa2d8877465,True,0,3053,15.265,1903116313.947219,594723.848108506,3053.0,781568.0,0.03490506774732177,0.00010111790461209136,-0.0008793007327088098,0.03874999999999995,0.05902540056748351,0.0,0.00032476831752748945,0.021025241291206337,True,0.12012712206063299,reject,pre_step,drift_diffusion_then_jump,iid_bank,8,every_step,True,0.0,0.00493114406779661,209.10087120513037,48531,1.0235833606288896e-07,0.9935104814936129,1.0440550278414674e-05,0.0
LSC-CP-RA,"LSC-CP-RA (A=8), tamed",44d6ecf1abcc7ab097c151f5d67417fb,c87203a12406cc5114b7ffa2d8877465,True,1,3053,15.265,1903116313.947219,594723.848108506,3053.0,781568.0,0.04569551704735931,0.00028133812667685554,-0.0007056242048977257,0.043749999999999956,0.06495805448459158,0.0,0.00012625493055409918,0.014775241291206359,True,0.12012712206063299,reject,pre_step,drift_diffusion_then_jump,iid_bank,8,every_step,True,0.0,0.00493114406779661,209.10087120513037,48531,1.0235833606288896e-07,0.9935104814936129,1.0440550278414674e-05,0.0
LSC-CP-RA,"LSC-CP-RA (A=8), tamed",44d6ecf1abcc7ab097c151f5d67417fb,c87203a12406cc5114b7ffa2d8877465,True,2,3053,15.265,1903116313.947219,594723.848108506,3053.0,781568.0,0.0668405564582546,0.0005839630974175947,-0.00040400362072745555,0.03500000000000003,0.06761883887568376,0.0,2.1860774183445715e-05,0.006025241291206351,True,0.12012712206063299,reject,pre_step,drift_diffusion_then_jump,iid_bank,8,every_step,True,0.0,0.00493114406779661,209.10087120513037,48531,1.0235833606288896e-07,0.9935104814936129,1.0440550278414674e-05,0.0
LSC-CP-RA,"LSC-CP-RA (A=8), tamed",44d6ecf1abcc7ab097c151f5d67417fb,c87203a12406cc5114b7ffa2d8877465,True,3,3053,15.265,1903116313.947219,594723.848108506,3053.0,781568.0,0.036736459722961516,8.156747016430099e-05,-0.0009022625692598485,0.02250000000000002,0.06073314067334534,0.0,0.0008470964769366578,0.03227524129120635,True,0.12012712206063299,reject,pre_step,drift_diffusion_then_jump,iid_bank,8,every_step,True,0.0,0.00493114406779661,209.10087120513037,48531,1.0235833606288896e-07,0.9935104814936129,1.0440550278414674e-05,0.0
LSC-CP-RA,"LSC-CP-RA (A=8), tamed",44d6ecf1abcc7ab097c151f5d67417fb,c87203a12406cc5114b7ffa2d8877465,True,0,3112,15.56,1939894519.8178005,606217.0374430626,3112.0,796672.0,0.0478889499285792,0.000357212027741749,-0.0006249793087095279,0.03125,0.055920544077413314,0.0,0.0001072016822271705,0.01352524129120633,True,0.12012712206063299,reject,pre_step,drift_diffusion_then_jump,iid_bank,8,every_step,True,0.0,0.004804025423728812,163.57589547639228,49438,1.0041773778920309e-07,0.9928904241645244,1.074469794344473e-05,0.0
LSC-CP-RA,"LSC-CP-RA (A=8), tamed",44d6ecf1abcc7ab097c151f5d67417fb,c87203a12406cc5114b7ffa2d8877465,True,1,3112,15.56,1939894519.8178005,606217.0374430626,3112.0,796672.0,0.05388395856737925,0.0003796770802020344,-0.0006017422297903696,0.030000000000000027,0.060850519171230966,0.0,7.083823024370685e-05,0.011025241291206328,True,0.12012712206063299,reject,pre_step,drift_diffusion_then_jump,iid_bank,8,every_step,True,0.0,0.004804025423728812,163.57589547639228,49438,1.0041773778920309e-07,0.9928904241645244,1.074469794344473e-05,0.0
LSC-CP-RA,"LSC-CP-RA (A=8), tamed",44d6ecf1abcc7ab097c151f5d67417fb,c87203a12406cc5114b7ffa2d8877465,True,2,3112,15.56,1939894519.8178005,606217.0374430626,3112.0,796672.0,0.07631999413688531,0.0012448501991352279,0.0002589679060041039,0.05249999999999999,0.06340332553395056,0.0,6.275316188942854e-05,0.009672962928114204,True,0.12012712206063299,reject,pre_step,drift_diffusion_then_jump,iid_bank,8,every_step,True,0.0,0.004804025423728812,163.57589547639228,49438,1.0041773778920309e-07,0.9928904241645244,1.074469794344473e-05,0.0
LSC-CP-RA,"LSC-CP-RA (A=8), tamed",44d6ecf1abcc7ab097c151f5d67417fb,c87203a12406cc5114b7ffa2d8877465,True,3,3112,15.56,1939894519.8178005,606217.0374430626,3112.0,796672.0,0.03120251135120938,6.271100197929869e-05,-0.0009257438417795694,0.02749999999999997,0.06797115596278869,0.0,0.00032641785462430217,0.02352524129120634,True,0.12012712206063299,reject,pre_step,drift_diffusion_then_jump,iid_bank,8,every_step,True,0.0,0.004804025423728812,163.57589547639228,49438,1.0041773778920309e-07,0.9928904241645244,1.074469794344473e-05,0.0
LSC-CP-RA,"LSC-CP-RA (A=8), tamed",44d6ecf1abcc7ab097c151f5d67417fb,c87203a12406cc5114b7ffa2d8877465,True,0,3172,15.860000000000001,1977296085.1099174,617905.0265968492,3172.0,812032.0,0.03665360966987359,6.800845653631704e-05,-0.0009178319464855367,0.03374999999999995,0.05647073061582175,0.0,0.0004279133638656397,0.02727524129120637,True,0.12012712206063299,reject,pre_step,drift_diffusion_then_jump,iid_bank,8,every_step,True,0.0,0.0050885416666666666,151.615508073402,50415,9.851828499369483e-08,0.9933598675914249,1.0639974779319042e-05,0.0
LSC-CP-RA,"LSC-CP-RA (A=8), tamed",44d6ecf1abcc7ab097c151f5d67417fb,c87203a12406cc5114b7ffa2d8877465,True,1,3172,15.860000000000001,1977296085.1099174,617905.0265968492,3172.0,812032.0,0.07145539731233017,0.0008138990072820151,-0.00016087977812317966,0.04250000000000004,0.06373677197316019,0.0,0.00010049915510377226,0.011577037071885815,True,0.12012712206063299,reject,pre_step,drift_diffusion_then_jump,iid_bank,8,every_step,True,0.0,0.0050885416666666666,151.615508073402,50415,9.851828499369483e-08,0.9933598675914249,1.0639974779319042e-05,0.0
LSC-CP-RA,"LSC-CP-RA (A=8), tamed",44d6ecf1abcc7ab097c151f5d67417fb,c87203a12406cc5114b7ffa2d8877465,True,2,3172,15.860000000000001,1977296085.1099174,617905.0265968492,3172.0,812032.0,0.052945761642517186,0.0005047861823419542,-0.000487581445186569,0.03624999999999998,0.06090414882923523,0.0,0.0001411531828498752,0.014775241291206331,True,0.12012712206063299,reject,pre_step,drift_diffusion_then_jump,iid_bank,8,every_step,True,0.0,0.0050885416666666666,151.615508073402,50415,9.851828499369483e-08,0.9933598675914249,1.0639974779319042e-05,0.0
LSC-CP-RA,"LSC-CP-RA (A=8), tamed",44d6ecf1abcc7ab097c151f5d67417fb,c87203a12406cc5114b7ffa2d8877465,True,3,3172,15.860000000000001,1977296085.1099174,617905.0265968492,3172.0,812032.0,0.044799625351588164,0.00020202915032041524,-0.0007902349899332473,0.03375,0.06261601501749237,0.0,0.0007348525078376923,0.03352524129120635,True,0.12012712206063299,reject,pre_step,drift_diffusion_then_jump,iid_bank,8,every_step,True,0.0,0.0050885416666666666,151.615508073402,50415,9.851828499369483e-08,0.9933598675914249,1.0639974779319042e-05,0.0
LSC-CP-RA,"LSC-CP-RA (A=8), tamed",44d6ecf1abcc7ab097c151f5d67417fb,c87203a12406cc5114b7ffa2d8877465,True,0,3231,16.155,2014074290.9804993,629398.215931406,3231.0,827136.0,0.05283314856509486,0.00030709270479212236,-0.0006815305476931544,0.029999999999999916,0.05939607807051539,0.0,0.00012859340420000743,0.014775241291206359,True,0.12012712206063299,reject,pre_step,drift_diffusion_then_jump,iid_bank,8,every_step,True,5.296610169491526e-06,0.005116525423728815,709.0245874761755,51381,1.934385639121015e-07,0.9939066852367688,1.0542401733209533e-05,0.0
LSC-CP-RA,"LSC-CP-RA (A=8), tamed",44d6ecf1abcc7ab097c151f5d67417fb,c87203a12406cc5114b7ffa2d8877465,True,1,3231,16.155,2014074290.9804993,629398.215931406,3231.0,827136.0,0.07576277576041138,0.0009373791520614905,-3.948861300140383e-05,0.03875000000000001,0.06336567583613417,0.0,2.2317290307413088e-05,0.006577037071885811,True,0.12012712206063299,reject,pre_step,drift_diffusion_then_jump,iid_bank,8,every_step,True,5.296610169491526e-06,0.005116525423728815,709.0245874761755,51381,1.934385639121015e-07,0.9939066852367688,1.0542401733209533e-05,0.0
LSC-CP-RA,"LSC-CP-RA (A=8), tamed",44d6ecf1abcc7ab097c151f5d67417fb,c87203a12406cc5114b7ffa2d8877465,True,2,3231,16.155,2014074290.9804993,629398.215931406,3231.0,827136.0,0.04919624503955222,0.0005167013667241038,-0.0004804293474907073,0.04249999999999998,0.07064179344007171,0.0,0.00026867219439857554,0.021025241291206337,True,0.12012712206063299,reject,pre_step,drift_diffusion_then_jump,iid_bank,8,every_step,True,5.296610169491526e-06,0.005116525423728815,709.0245874761755,51381,1.934385639121015e-07,0.9939066852367688,1.0542401733209533e-05,0.0
LSC-CP-RA,"LSC-CP-RA (A=8), tamed",44d6ecf1abcc7ab097c151f5d67417fb,c87203a12406cc5114b7ffa2d8877465,True,3,3231,16.155,2014074290.9804993,629398.215931406,3231.0,827136.0,0.04875293405223423,0.00015390898578127032,-0.000822523894691618,0.025000000000000022,0.06285399798973024,0.0,0.0006116851623955127,0.030102278363092205,True,0.12012712206063299,reject,pre_step,drift_diffusion_then_jump,iid_bank,8,every_step,True,5.296610169491526e-06,0.005116525423728815,709.0245874761755,51381,1.934385639121015e-07,0.9939066852367688,1.0542401733209533e-05,0.0
LSC-CP-RA,"LSC-CP-RA (A=8), tamed",44d6ecf1abcc7ab097c151f5d67417fb,c87203a12406cc5114b7ffa2d8877465,True,0,3291,16.455000000000002,2051475856.2726161,641086.2050851926,3291.0,842496.0,0.06553349494024627,0.0004095654573273988,-0.0005747954459162097,0.02749999999999997,0.07023149129994288,0.0,4.031918867933678e-05,0.0072752412912063524,True,0.12012712206063299,reject,pre_step,drift_diffusion_then_jump,iid_bank,8,every_step,True,0.0,0.005020833333333334,135.4168237050894,52345,1.899118808872683e-07,0.9940937405044059,1.0824977210574294e-05,0.0
LSC-CP-RA,"LSC-CP-RA (A=8), tamed",44d6ecf1abcc7ab097c151f5d67417fb,c87203a12406cc5114b7ffa2d8877465,True,1,3291,16.455000000000002,2051475856.2726161,641086.2050851926,3291.0,842496.0,0.09045858529438447,0.0018543393992570545,0.0008926132583265689,0.04500000000000004,0.05945967209395997,0.0,0.00039401106424685837,0.02782703707188583,True,0.12012712206063299,reject,pre_step,drift_diffusion_then_jump,iid_bank,8,every_step,True,0.0,0.005020833333333334,135.4168237050894,52345,1.899118808872683e-07,0.9940937405044059,1.0824977210574294e-05,0.0
LSC-CP-RA,"LSC-CP-RA (A=8), tamed",44d6ecf1abcc7ab097c151f5d67417fb,c87203a12406cc5114b7ffa2d8877465,True,2,3291,16.455000000000002,2051475856.2726161,641086.2050851926,3291.0,842496.0,0.03731651327952511,8.518467865625823e-05,-0.0009009238807669018,0.025000000000000022,0.06645964364749224,0.0,0.0002659985282283895,0.017602278363092194,True,0.12012712206063299,reject,pre_step,drift_diffusion_then_jump,iid_bank,8,every_step,True,0.0,0.005020833333333334,135.4168237050894,52345,1.899118808872683e-07,0.9940937405044059,1.0824977210574294e-05,0.0
LSC-CP-RA,"LSC-CP-RA (A=8), tamed",44d6ecf1abcc7ab097c151f5d67417fb,c87203a12406cc5114b7ffa2d8877465,True,3,3291,16.455000000000002,2051475856.2726161,641086.2050851926,3291.0,842496.0,0.043547765885543016,0.00025886484544390687,-0.0007181091542144413,0.04249999999999998,0.05969297242843119,0.0,0.000193872852793356,0.016025241291206332,True,0.12012712206063299,reject,pre_step,drift_diffusion_then_jump,iid_bank,8,every_step,True,0.0,0.005020833333333334,135.4168237050894,52345,1.899118808872683e-07,0.9940937405044059,1.0824977210574294e-05,0.0
LSC-CP-RA,"LSC-CP-RA (A=8), tamed",44d6ecf1abcc7ab097c151f5d67417fb,c87203a12406cc5114b7ffa2d8877465,True,0,3350,16.75,2088254062.1431978,652579.3944197493,3350.0,857600.0,0.07831382006830187,0.001296072884864885,0.0003221526773394823,0.057499999999999996,0.06484375491871286,0.0,4.619771251371859e-05,0.009077037071885813,True,0.12012712206063299,reject,pre_step,drift_diffusion_then_jump,iid_bank,8,every_step,True,0.0,0.005,296.10000724872697,53289,1.8656716417910447e-07,0.9941977611940298,1.0727611940298507e-05,0.0
LSC-CP-RA,"LSC-CP-RA (A=8), tamed",44d6ecf1abcc7ab097c151f5d67417fb,c87203a12406cc5114b7ffa2d8877465,True,1,3350,16.75,2088254062.1431978,652579.3944197493,3350.0,857600.0,0.08911105893394725,0.0018830422004056935,0.0009068841627163371,0.050000000000000044,0.06377986647996348,0.0,4.2378027048384616e-05,0.00782703707188584,True,0.12012712206063299,reject,pre_step,drift_diffusion_then_jump,iid_bank,8,every_step,True,0.0,0.005,296.10000724872697,53289,1.8656716417910447e-07,0.9941977611940298,1.0727611940298507e-05,0.0
LSC-CP-RA,"LSC-CP-RA (A=8), tamed",44d6ecf1abcc7ab097c151f5d67417fb,c87203a12406cc5114b7ffa2d8877465,True,2,3350,16.75,2088254062.1431978,652579.3944197493,3350.0,857600.0,0.0427289999449362,0.00010457783701889323,-0.0008852614185836938,0.028749999999999998,0.07192491065075357,0.0,0.00041966447883683275,0.02477524129120634,True,0.12012712206063299,reject,pre_step,drift_diffusion_then_jump,iid_bank,8,every_step,True,0.0,0.005,296.10000724872697,53289,1.8656716417910447e-07,0.9941977611940298,1.0727611940298507e-05,0.0
LSC-CP-RA,"LSC-CP-RA (A=8), tamed",44d6ecf1abcc7ab097c151f5d67417fb,c87203a12406cc5114b7ffa2d8877465,True,3,3350,16.75,2088254062.1431978,652579.3944197493,3350.0,857600.0,0.04122609303210348,7.009679668923408e-05,-0.000915097810690213,0.026249999999999996,0.06299727584221926,0.0,0.00028446605378635995,0.019775241291206364,True,0.12012712206063299,reject,pre_step,drift_diffusion_then_jump,iid_bank,8,every_step,True,0.0,0.005,296.10000724872697,53289,1.8656716417910447e-07,0.9941977611940298,1.0727611940298507e-05,0.0
LSC-CP-RA,"LSC-CP-RA (A=8), tamed",44d6ecf1abcc7ab097c151f5d67417fb,c87203a12406cc5114b7ffa2d8877465,True,0,3409,17.045,2125032268.0137796,664072.5837543062,3409.0,872704.0,0.05441373362220396,0.0004212894053093885,-0.0005619760669387519,0.04249999999999998,0.06298118805605446,0.0,7.083823024370685e-05,0.011025241291206328,True,0.12012712206063299,reject,pre_step,drift_diffusion_then_jump,iid_bank,8,every_step,True,0.0,0.004867584745762712,145.92615820395304,54208,1.8333822235259608e-07,0.9938398357289527,1.1000293341155765e-05,0.0
LSC-CP-RA,"LSC-CP-RA (A=8), tamed",44d6ecf1abcc7ab097c151f5d67417fb,c87203a12406cc5114b7ffa2d8877465,True,1,3409,17.045,2125032268.0137796,664072.5837543062,3409.0,872704.0,0.08972148658668394,0.0013814935039703213,0.00040659281352417587,0.04500000000000001,0.05630035375040887,0.0,0.00014022455475913922,0.01657703707188582,True,0.12012712206063299,reject,pre_step,drift_diffusion_then_jump,iid_bank,8,every_step,True,0.0,0.004867584745762712,145.92615820395304,54208,1.8333822235259608e-07,0.9938398357289527,1.1000293341155765e-05,0.0
LSC-CP-RA,"LSC-CP-RA (A=8), tamed",44d6ecf1abcc7ab097c151f5d67417fb,c87203a12406cc5114b7ffa2d8877465,True,2,3409,17.045,2125032268.0137796,664072.5837543062,3409.0,872704.0,0.05069556094748595,0.0002813089720679063,-0.0007088515291129305,0.02375000000000005,0.06329990988595335,0.0,0.00019460777767155244,0.017275241291206334,True,0.12012712206063299,reject,pre_step,drift_diffusion_then_jump,iid_bank,8,every_step,True,0.0,0.004867584745762712,145.92615820395304,54208,1.8333822235259608e-07,0.9938398357289527,1.1000293341155765e-05,0.0
LSC-CP-RA,"LSC-CP-RA (A=8), tamed",44d6ecf1abcc7ab097c151f5d67417fb,c87203a12406cc5114b7ffa2d8877465,True,3,3409,17.045,2125032268.0137796,664072.5837543062,3409.0,872704.0,0.06903504779622927,0.0005752455765730691,-0.00040509484307005295,0.04124999999999998,0.06186411686781579,0.0,0.0001050742779158528,0.012602278363092217,True,0.12012712206063299,reject,pre_step,drift_diffusion_then_jump,iid_bank,8,every_step,True,0.0,0.004867584745762712,145.92615820395304,54208,1.8333822235259608e-07,0.9938398357289527,1.1000293341155765e-05,0.0
LSC-CP-RA,"LSC-CP-RA (A=8), tamed",44d6ecf1abcc7ab097c151f5d67417fb,c87203a12406cc5114b7ffa2d8877465,True,0,3469,17.345,2162433833.3058968,675760.5729080928,3469.0,888064.0,0.07134239743230633,0.0007262282846444146,-0.0002560976995774622,0.03875000000000006,0.06557227630685813,0.0,6.809493238044357e-07,0.0010252412912063746,True,0.12012712206063299,reject,pre_step,drift_diffusion_then_jump,iid_bank,8,every_step,True,0.0,0.0051927083333333365,158.16740320874777,55205,1.8016719515710579e-07,0.9946130008648025,1.09001153070049e-05,0.0
LSC-CP-RA,"LSC-CP-RA (A=8), tamed",44d6ecf1abcc7ab097c151f5d67417fb,c87203a12406cc5114b7ffa2d8877465,True,1,3469,17.345,2162433833.3058968,675760.5729080928,3469.0,888064.0,0.0884933489661328,0.0017845632259793076,0.0008123559771487932,0.05375000000000002,0.06665015271375185,0.0,0.00012534863455785673,0.014077037071885817,True,0.12012712206063299,reject,pre_step,drift_diffusion_then_jump,iid_bank,8,every_step,True,0.0,0.0051927083333333365,158.16740320874777,55205,1.8016719515710579e-07,0.9946130008648025,1.09001153070049e-05,0.0
LSC-CP-RA,"LSC-CP-RA (A=8), tamed",44d6ecf1abcc7ab097c151f5d67417fb,c87203a12406cc5114b7ffa2d8877465,True,2,3469,17.345,2162433833.3058968,675760.5729080928,3469.0,888064.0,0.05911753322310771,0.000502232834903471,-0.00048105527826347583,0.04125000000000001,0.057888887588581794,0.0,7.048668557186819e-05,0.011025241291206328,True,0.12012712206063299,reject,pre_step,drift_diffusion_then_jump,iid_bank,8,every_step,True,0.0,0.0051927083333333365,158.16740320874777,55205,1.8016719515710579e-07,0.9946130008648025,1.09001153070049e-05,0.0
LSC-CP-RA,"LSC-CP-RA (A=8), tamed",44d6ecf1abcc7ab097c151f5d67417fb,c87203a12406cc5114b7ffa2d8877465,True,3,3469,17.345,2162433833.3058968,675760.5729080928,3469.0,888064.0,0.06758333713863818,0.0006410868530342118,-0.00033479143424053337,0.036250000000000004,0.06537671969500636,0.0,0.00026413436165172513,0.018852278363092223,True,0.12012712206063299,reject,pre_step,drift_diffusion_then_jump,iid_bank,8,every_step,True,0.0,0.0051927083333333365,158.16740320874777,55205,1.8016719515710579e-07,0.9946130008648025,1.09001153070049e-05,0.0
LSC-CP-RA,"LSC-CP-RA (A=8), tamed",44d6ecf1abcc7ab097c151f5d67417fb,c87203a12406cc5114b7ffa2d8877465,True,0,3528,17.64,2199212039.1764784,687253.7622426494,3528.0,903168.0,0.07228269010978519,0.000997115024641726,4.772728926627501e-06,0.050000000000000044,0.06985468428994801,0.0,0.00013205034582885675,0.01592296292811418,True,0.12012712206063299,reject,pre_step,drift_diffusion_then_jump,iid_bank,8,every_step,True,0.0,0.004814618644067797,177.43122640004137,56114,1.7715419501133787e-07,0.9940830498866213,1.0894982993197279e-05,0.0
LSC-CP-RA,"LSC-CP-RA (A=8), tamed",44d6ecf1abcc7ab097c151f5d67417fb,c87203a12406cc5114b7ffa2d8877465,True,1,3528,17.64,2199212039.1764784,687253.7622426494,3528.0,903168.0,0.09750341000294567,0.00246621166374017,0.0015004834951711787,0.065,0.060092117634412245,0.0,0.00028201987086810647,0.022827037071885825,True,0.12012712206063299,reject,pre_step,drift_diffusion_then_jump,iid_bank,8,every_step,True,0.0,0.004814618644067797,177.43122640004137,56114,1.7715419501133787e-07,0.9940830498866213,1.0894982993197279e-05,0.0
LSC-CP-RA,"LSC-CP-RA (A=8), tamed",44d6ecf1abcc7ab097c151f5d67417fb,c87203a12406cc5114b7ffa2d8877465,True,2,3528,17.64,2199212039.1764784,687253.7622426494,3528.0,903168.0,0.06526185716356697,0.0006183870416315296,-0.0003679632012119072,0.04249999999999998,0.06419913161611368,0.0,4.46027574314609e-05,0.008525241291206381,True,0.12012712206063299,reject,pre_step,drift_diffusion_then_jump,iid_bank,8,every_step,True,0.0,0.004814618644067797,177.43122640004137,56114,1.7715419501133787e-07,0.9940830498866213,1.0894982993197279e-05,0.0
LSC-CP-RA,"LSC-CP-RA (A=8), tamed",44d6ecf1abcc7ab097c151f5d67417fb,c87203a12406cc5114b7ffa2d8877465,True,3,3528,17.64,2199212039.1764784,687253.7622426494,3528.0,903168.0,0.07349294640488757,0.0008473592509157246,-0.00012763542130900252,0.040000000000000036,0.06709782878478165,0.0,0.0003150703395910538,0.020327037071885837,True,0.12012712206063299,reject,pre_step,drift_diffusion_then_jump,iid_bank,8,every_step,True,0.0,0.004814618644067797,177.43122640004137,56114,1.7715419501133787e-07,0.9940830498866213,1.0894982993197279e-05,0.0
LSC-CP-RA,"LSC-CP-RA (A=8), tamed",44d6ecf1abcc7ab097c151f5d67417fb,c87203a12406cc5114b7ffa2d8877465,True,0,3588,17.94,2236613604.468595,698941.7513964359,3588.0,918528.0,0.07233235652823006,0.0010518949043918369,6.647754202648848e-05,0.053750000000000075,0.06575762790323914,0.0,3.649592665867134e-05,0.0072752412912063524,True,0.12012712206063299,reject,pre_step,drift_diffusion_then_jump,iid_bank,8,every_step,True,0.0,0.005223958333333336,163.11645909199743,57117,1.741917502787068e-07,0.9949310200668896,1.0799888517279821e-05,0.0
LSC-CP-RA,"LSC-CP-RA (A=8), tamed",44d6ecf1abcc7ab097c151f5d67417fb,c87203a12406cc5114b7ffa2d8877465,True,1,3588,17.94,2236613604.468595,698941.7513964359,3588.0,918528.0,0.09153989460086494,0.0018035323525721347,0.000831013891915755,0.04375000000000001,0.06573641452477497,0.0,0.00018700430329178855,0.019077037071885822,True,0.12012712206063299,reject,pre_step,drift_diffusion_then_jump,iid_bank,8,every_step,True,0.0,0.005223958333333336,163.11645909199743,57117,1.741917502787068e-07,0.9949310200668896,1.0799888517279821e-05,0.0
LSC-CP-RA,"LSC-CP-RA (A=8), tamed",44d6ecf1abcc7ab097c151f5d67417fb,c87203a12406cc5114b7ffa2d8877465,True,2,3588,17.94,2236613604.468595,698941.7513964359,3588.0,918528.0,0.048252882247175694,0.00019802795455559075,-0.0007778062462914237,0.03125,0.06491305960584548,0.0,0.00030455142006786343,0.021352278363092198,True,0.12012712206063299,reject,pre_step,drift_diffusion_then_jump,iid_bank,8,every_step,True,0.0,0.005223958333333336,163.11645909199743,57117,1.741917502787068e-07,0.9949310200668896,1.0799888517279821e-05,0.0
LSC-CP-RA,"LSC-CP-RA (A=8), tamed",44d6ecf1abcc7ab097c151f5d67417fb,c87203a12406cc5114b7ffa2d8877465,True,3,3588,17.94,2236613604.468595,698941.7513964359,3588.0,918528.0,0.0464959474911802,0.00018704631634902658,-0.0007920884883438895,0.030000000000000027,0.06482666214018551,0.0,0.00046485154675577484,0.026352278363092202,True,0.12012712206063299,reject,pre_step,drift_diffusion_then_jump,iid_bank,8,every_step,True,0.0,0.005223958333333336,163.11645909199743,57117,1.741917502787068e-07,0.9949310200668896,1.0799888517279821e-05,0.0
LSC-CP-RA,"LSC-CP-RA (A=8), tamed",44d6ecf1abcc7ab097c151f5d67417fb,c87203a12406cc5114b7ffa2d8877465,True,0,3647,18.235,2273391810.339177,710434.9407309928,3647.0,933632.0,0.0738486375916527,0.0009783608243955078,2.381246983262919e-06,0.05124999999999999,0.06809618575269516,0.0,0.00017766182790466102,0.015327037071885818,True,0.12012712206063299,reject,pre_step,drift_diffusion_then_jump,iid_bank,8,every_step,True,0.0,0.0052277542372881364,161.09340405099275,58104,1.7137373183438443e-07,0.9957499314505073,1.0625171373731835e-05,0.0
LSC-CP-RA,"LSC-CP-RA (A=8), tamed",44d6ecf1abcc7ab097c151f5d67417fb,c87203a12406cc5114b7ffa2d8877465,True,1,3647,18.235,2273391810.339177,710434.9407309928,3647.0,933632.0,0.05741994031580668,0.0003540893461757566,-0.0006227215112367679,0.028750000000000053,0.06184733704882195,0.0,0.000201328766030798,0.017602278363092194,True,0.12012712206063299,reject,pre_step,drift_diffusion_then_jump,iid_bank,8,every_step,True,0.0,0.0052277542372881364,161.09340405099275,58104,1.7137373183438443e-07,0.9957499314505073,1.0625171373731835e-05,0.0
LSC-CP-RA,"LSC-CP-RA (A=8), tamed",44d6ecf1abcc7ab097c151f5d67417fb,c87203a12406cc5114b7ffa2d8877465,True,2,3647,18.235,2273391810.339177,710434.9407309928,3647.0,933632.0,0.04915509585486878,0.00016287509315981996,-0.0008157366806571531,0.028749999999999998,0.06319628105249187,0.0,0.0002372515187645069,0.017602278363092194,True,0.12012712206063299,reject,pre_step,drift_diffusion_then_jump,iid_bank,8,every_step,True,0.0,0.0052277542372881364,161.09340405099275,58104,1.7137373183438443e-07,0.9957499314505073,1.0625171373731835e-05,0.0
LSC-CP-RA,"LSC-CP-RA (A=8), tamed",44d6ecf1abcc7ab097c151f5d67417fb,c87203a12406cc5114b7ffa2d8877465,True,3,3647,18.235,2273391810.339177,710434.9407309928,3647.0,933632.0,0.05155455070125764,0.00027053345363703407,-0.0007018596408054911,0.023750000000000007,0.06699650653094313,0.0,0.001157064873937774,0.041352278363092174,True,0.12012712206063299,reject,pre_step,drift_diffusion_then_jump,iid_bank,8,every_step,True,0.0,0.0052277542372881364,161.09340405099275,58104,1.7137373183438443e-07,0.9957499314505073,1.0625171373731835e-05,0.0
LSC-CP-RA,"LSC-CP-RA (A=8), tamed",44d6ecf1abcc7ab097c151f5d67417fb,c87203a12406cc5114b7ffa2d8877465,True,0,3706,18.53,2310170016.2097588,721928.1300655496,3706.0,948736.0,0.05767147440787383,0.00022082961607894358,-0.0007635563315473437,0.04000000000000001,0.06495936646756306,0.0,0.00017515847551275885,0.01635227836309222,True,0.12012712206063299,reject,pre_step,drift_diffusion_then_jump,iid_bank,8,every_step,True,0.0,0.005068855932203389,453.3766617701954,59061,1.6864543982730708e-07,0.9960368321640583,1.0708985429034e-05,0.0
LSC-CP-RA,"LSC-CP-RA (A=8), tamed",44d6ecf1abcc7ab097c151f5d67417fb,c87203a12406cc5114b7ffa2d8877465,True,1,3706,18.53,2310170016.2097588,721928.1300655496,3706.0,948736.0,0.06666483556012823,0.0008879656477923659,-9.065415725795223e-05,0.04875000000000007,0.06440817199931093,0.0,0.00012491024581966215,0.01385227836309219,True,0.12012712206063299,reject,pre_step,drift_diffusion_then_jump,iid_bank,8,every_step,True,0.0,0.005068855932203389,453.3766617701954,59061,1.6864543982730708e-07,0.9960368321640583,1.0708985429034e-05,0.0
LSC-CP-RA,"LSC-CP-RA (A=8), tamed",44d6ecf1abcc7ab097c151f5d67417fb,c87203a12406cc5114b7ffa2d8877465,True,2,3706,18.53,2310170016.2097588,721928.1300655496,3706.0,948736.0,0.03974852455839727,4.933678568153077e-05,-0.0009366878156933378,0.02500000000000001,0.06542757896236617,0.0,0.0008470964769366578,0.03227524129120635,True,0.12012712206063299,reject,pre_step,drift_diffusion_then_jump,iid_bank,8,every_step,True,0.0,0.005068855932203389,453.3766617701954,59061,1.6864543982730708e-07,0.9960368321640583,1.0708985429034e-05,0.0
LSC-CP-RA,"LSC-CP-RA (A=8), tamed",44d6ecf1abcc7ab097c151f5d67417fb,c87203a12406cc5114b7ffa2d8877465,True,3,3706,18.53,2310170016.2097588,721928.1300655496,3706.0,948736.0,0.0621291272174899,0.0004129173452359636,-0.0005603966250876669,0.03375,0.06324524646074159,0.0,0.0004276166226471114,0.025102278363092215,True,0.12012712206063299,reject,pre_step,drift_diffusion_then_jump,iid_bank,8,every_step,True,0.0,0.005068855932203389,453.3766617701954,59061,1.6864543982730708e-07,0.9960368321640583,1.0708985429034e-05,0.0
LSC-CP-RA,"LSC-CP-RA (A=8), tamed",44d6ecf1abcc7ab097c151f5d67417fb,c87203a12406cc5114b7ffa2d8877465,True,0,3766,18.830000000000002,2347571581.5018754,733616.1192193361,3766.0,964096.0,0.042175900911548686,0.00016592510032642505,-0.0008187560056562848,0.046249999999999986,0.060560589656238895,0.0,0.0002323963168931896,0.018525241291206335,True,0.12012712206063299,reject,pre_step,drift_diffusion_then_jump,iid_bank,8,every_step,True,0.0,0.0049427083333333345,136.0626970824502,60010,1.659585767392459e-07,0.9959174190122145,1.0870286776420605e-05,0.0
LSC-CP-RA,"LSC-CP-RA (A=8), tamed",44d6ecf1abcc7ab097c151f5d67417fb,c87203a12406cc5114b7ffa2d8877465,True,1,3766,18.830000000000002,2347571581.5018754,733616.1192193361,3766.0,964096.0,0.08382486310478614,0.0014334026180560233,0.00046028930952746183,0.05249999999999999,0.06224777266701054,0.0,0.00010602093702081171,0.014077037071885817,True,0.12012712206063299,reject,pre_step,drift_diffusion_then_jump,iid_bank,8,every_step,True,0.0,0.0049427083333333345,136.0626970824502,60010,1.659585767392459e-07,0.9959174190122145,1.0870286776420605e-05,0.0
LSC-CP-RA,"LSC-CP-RA (A=8), tamed",44d6ecf1abcc7ab097c151f5d67417fb,c87203a12406cc5114b7ffa2d8877465,True,2,3766,18.830000000000002,2347571581.5018754,733616.1192193361,3766.0,964096.0,0.031141489588627565,9.437265805123385e-05,-0.0008886847092571815,0.028749999999999942,0.0614350640778053,0.0,0.00031757305538071654,0.022275241291206338,True,0.12012712206063299,reject,pre_step,drift_diffusion_then_jump,iid_bank,8,every_step,True,0.0,0.0049427083333333345,136.0626970824502,60010,1.659585767392459e-07,0.9959174190122145,1.0870286776420605e-05,0.0
LSC-CP-RA,"LSC-CP-RA (A=8), tamed",44d6ecf1abcc7ab097c151f5d67417fb,c87203a12406cc5114b7ffa2d8877465,True,3,3766,18.830000000000002,2347571581.5018754,733616.1192193361,3766.0,964096.0,0.03990704936776471,6.053184802445877e-05,-0.0009259080303476441,0.027499999999999997,0.06578648242998186,0.0,0.0004978598192742769,0.027275241291206356,True,0.12012712206063299,reject,pre_step,drift_diffusion_then_jump,iid_bank,8,every_step,True,0.0,0.0049427083333333345,136.0626970824502,60010,1.659585767392459e-07,0.9959174190122145,1.0870286776420605e-05,0.0
LSC-CP-RA,"LSC-CP-RA (A=8), tamed",44d6ecf1abcc7ab097c151f5d67417fb,c87203a12406cc5114b7ffa2d8877465,True,0,3825,19.125,2384349787.372457,745109.3085538928,3825.0,979200.0,0.042445310072707215,6.544278082520893e-05,-0.000922731917652575,0.026249999999999996,0.06446653062357055,0.0,0.0002967692777017133,0.022275241291206366,True,0.12012712206063299,reject,pre_step,drift_diffusion_then_jump,iid_bank,8,every_step,True,0.0,0.005090042372881356,159.24066233167824,60971,1.6339869281045752e-07,0.9962581699346406,1.119281045751634e-05,0.0
LSC-CP-RA,"LSC-CP-RA (A=8), tamed",44d6ecf1abcc7ab097c151f5d67417fb,c87203a12406cc5114b7ffa2d8877465,True,1,3825,19.125,2384349787.372457,745109.3085538928,3825.0,979200.0,0.09180098559522329,0.001660159055828725,0.000676892635467663,0.044999999999999984,0.06668096189683992,0.0,5.2696969179040704e-05,0.008647721636907801,True,0.12012712206063299,reject,pre_step,drift_diffusion_then_jump,iid_bank,8,every_step,True,0.0,0.005090042372881356,159.24066233167824,60971,1.6339869281045752e-07,0.9962581699346406,1.119281045751634e-05,0.0
LSC-CP-RA,"LSC-CP-RA (A=8), tamed",44d6ecf1abcc7ab097c151f5d67417fb,c87203a12406cc5114b7ffa2d8877465,True,2,3825,19.125,2384349787.372457,745109.3085538928,3825.0,979200.0,0.05195893041893599,0.00021347907219715356,-0.000774646938667134,0.02250000000000002,0.062246734871978626,0.0,0.0009477059102076081,0.03852524129120635,True,0.12012712206063299,reject,pre_step,drift_diffusion_then_jump,iid_bank,8,every_step,True,0.0,0.005090042372881356,159.24066233167824,60971,1.6339869281045752e-07,0.9962581699346406,1.119281045751634e-05,0.0
LSC-CP-RA,"LSC-CP-RA (A=8), tamed",44d6ecf1abcc7ab097c151f5d67417fb,c87203a12406cc5114b7ffa2d8877465,True,3,3825,19.125,2384349787.372457,745109.3085538928,3825.0,979200.0,0.034035662602359774,0.00014085665886387488,-0.0008456535249006247,0.03125,0.060787370313739264,0.0,0.0002540114392108111,0.021025241291206337,True,0.12012712206063299,reject,pre_step,drift_diffusion_then_jump,iid_bank,8,every_step,True,0.0,0.005090042372881356,159.24066233167824,60971,1.6339869281045752e-07,0.9962581699346406,1.119281045751634e-05,0.0
LSC-CP-RA,"LSC-CP-RA (A=8), tamed",44d6ecf1abcc7ab097c151f5d67417fb,c87203a12406cc5114b7ffa2d8877465,True,0,3884,19.42,2421127993.243039,756602.4978884497,3884.0,994304.0,0.044146096713840836,0.00032460504431641723,-0.0006696748065433411,0.036250000000000004,0.060683127465590014,0.0,0.0006926859892224333,0.0334229629281142,True,0.12012712206063299,reject,pre_step,drift_diffusion_then_jump,iid_bank,8,every_step,True,0.0,0.0049311440677966105,275.72019998808867,61902,1.609165808444902e-07,0.9961058187435633,1.134461894953656e-05,0.0
LSC-CP-RA,"LSC-CP-RA (A=8), tamed",44d6ecf1abcc7ab097c151f5d67417fb,c87203a12406cc5114b7ffa2d8877465,True,1,3884,19.42,2421127993.243039,756602.4978884497,3884.0,994304.0,0.08704421349308462,0.0014762063491930988,0.0005049635265919061,0.048750000000000016,0.06290044039332199,0.0,0.00016251654883756277,0.01782703707188585,True,0.12012712206063299,reject,pre_step,drift_diffusion_then_jump,iid_bank,8,every_step,True,0.0,0.0049311440677966105,275.72019998808867,61902,1.609165808444902e-07,0.9961058187435633,1.134461894953656e-05,0.0
LSC-CP-RA,"LSC-CP-RA (A=8), tamed",44d6ecf1abcc7ab097c151f5d67417fb,c87203a12406cc5114b7ffa2d8877465,True,2,3884,19.42,2421127993.243039,756602.4978884497,3884.0,994304.0,0.052019976837443985,0.00028531864880920743,-0.0007058502033634451,0.03250000000000003,0.06458137113813256,0.0,0.000953073737285007,0.039775241291206354,True,0.12012712206063299,reject,pre_step,drift_diffusion_then_jump,iid_bank,8,every_step,True,0.0,0.0049311440677966105,275.72019998808867,61902,1.609165808444902e-07,0.9961058187435633,1.134461894953656e-05,0.0
LSC-CP-RA,"LSC-CP-RA (A=8), tamed",44d6ecf1abcc7ab097c151f5d67417fb,c87203a12406cc5114b7ffa2d8877465,True,3,3884,19.42,2421127993.243039,756602.4978884497,3884.0,994304.0,0.07501311672994387,0.0010585918978824882,7.189270791174707e-05,0.04500000000000004,0.06458380274143793,0.0,2.653474514900233e-05,0.0071729629281142016,True,0.12012712206063299,reject,pre_step,drift_diffusion_then_jump,iid_bank,8,every_step,True,0.0,0.0049311440677966105,275.72019998808867,61902,1.609165808444902e-07,0.9961058187435633,1.134461894953656e-05,0.0
LSC-CP-RA,"LSC-CP-RA (A=8), tamed",44d6ecf1abcc7ab097c151f5d67417fb,c87203a12406cc5114b7ffa2d8877465,True,0,3944,19.72,2458529558.535156,768290.4870422361,3944.0,1009664.0,0.03293920384711246,6.921548780669529e-05,-0.0009137054409322776,0.028749999999999942,0.059921487376712546,0.0,0.000441093643287522,0.022602278363092212,True,0.12012712206063299,reject,pre_step,drift_diffusion_then_jump,iid_bank,8,every_step,True,0.0,0.004854166666666666,129.74160697934119,62834,1.584685598377282e-07,0.9957213488843814,1.140973630831643e-05,0.0
LSC-CP-RA,"LSC-CP-RA (A=8), tamed",44d6ecf1abcc7ab097c151f5d67417fb,c87203a12406cc5114b7ffa2d8877465,True,1,3944,19.72,2458529558.535156,768290.4870422361,3944.0,1009664.0,0.0621182717162255,0.0006017308957217971,-0.00037110714870325356,0.04625000000000001,0.05939346241907528,0.0,0.000124097999111662,0.013852278363092219,True,0.12012712206063299,reject,pre_step,drift_diffusion_then_jump,iid_bank,8,every_step,True,0.0,0.004854166666666666,129.74160697934119,62834,1.584685598377282e-07,0.9957213488843814,1.140973630831643e-05,0.0
LSC-CP-RA,"LSC-CP-RA (A=8), tamed",44d6ecf1abcc7ab097c151f5d67417fb,c87203a12406cc5114b7ffa2d8877465,True,2,3944,19.72,2458529558.535156,768290.4870422361,3944.0,1009664.0,0.05967817950339335,0.0010652932562646988,8.77265157029905e-05,0.05125000000000002,0.06330742011576573,0.0,0.0018919597144328813,0.050102278363092195,True,0.12012712206063299,reject,pre_step,drift_diffusion_then_jump,iid_bank,8,every_step,True,0.0,0.004854166666666666,129.74160697934119,62834,1.584685598377282e-07,0.9957213488843814,1.140973630831643e-05,0.0
LSC-CP-RA,"LSC-CP-RA (A=8), tamed",44d6ecf1abcc7ab097c151f5d67417fb,c87203a12406cc5114b7ffa2d8877465,True,3,3944,19.72,2458529558.535156,768290.4870422361,3944.0,1009664.0,0.08807988625895272,0.001596558998524844,0.000614324601107552,0.05499999999999999,0.06558093250773911,0.0,2.3872259253065282e-05,0.006147721636907827,True,0.12012712206063299,reject,pre_step,drift_diffusion_then_jump,iid_bank,8,every_step,True,0.0,0.004854166666666666,129.74160697934119,62834,1.584685598377282e-07,0.9957213488843814,1.140973630831643e-05,0.0
LSC-CP-RA,"LSC-CP-RA (A=8), tamed",44d6ecf1abcc7ab097c151f5d67417fb,c87203a12406cc5114b7ffa2d8877465,True,0,4003,20.015,2495307764.4057374,779783.676376793,4003.0,1024768.0,0.06455314641436306,0.0003831403903903352,-0.0005928691854615309,0.046249999999999986,0.06696192076876362,0.0,0.0005144824891471812,0.027602278363092217,True,0.12012712206063299,reject,pre_step,drift_diffusion_then_jump,iid_bank,8,every_step,True,0.0,0.0049470338983050866,304.69095035043455,63768,1.5613290032475642e-07,0.9956282787909069,1.1475768173869598e-05,0.0
LSC-CP-RA,"LSC-CP-RA (A=8), tamed",44d6ecf1abcc7ab097c151f5d67417fb,c87203a12406cc5114b7ffa2d8877465,True,1,4003,20.015,2495307764.4057374,779783.676376793,4003.0,1024768.0,0.04552109712237251,0.00021426019496584292,-0.0007667687977411797,0.03500000000000003,0.06148044984063017,0.0,0.0001490002647090479,0.016025241291206332,True,0.12012712206063299,reject,pre_step,drift_diffusion_then_jump,iid_bank,8,every_step,True,0.0,0.0049470338983050866,304.69095035043455,63768,1.5613290032475642e-07,0.9956282787909069,1.1475768173869598e-05,0.0
LSC-CP-RA,"LSC-CP-RA (A=8), tamed",44d6ecf1abcc7ab097c151f5d67417fb,c87203a12406cc5114b7ffa2d8877465,True,2,4003,20.015,2495307764.4057374,779783.676376793,4003.0,1024768.0,0.06892113687510473,0.0008857042075059995,-9.768264702625373e-05,0.041250000000000064,0.0681920113890262,0.0,0.0019967487780800774,0.05135227836309221,True,0.12012712206063299,reject,pre_step,drift_diffusion_then_jump,iid_bank,8,every_step,True,0.0,0.0049470338983050866,304.69095035043455,63768,1.5613290032475642e-07,0.9956282787909069,1.1475768173869598e-05,0.0
LSC-CP-RA,"LSC-CP-RA (A=8), tamed",44d6ecf1abcc7ab097c151f5d67417fb,c87203a12406cc5114b7ffa2d8877465,True,3,4003,20.015,2495307764.4057374,779783.676376793,4003.0,1024768.0,0.09103844308035994,0.001960731741791899,0.0009780813625456242,0.04500000000000004,0.060650924562655084,0.0,1.77124666187808e-05,0.004897721636907798,True,0.12012712206063299,reject,pre_step,drift_diffusion_then_jump,iid_bank,8,every_step,True,0.0,0.0049470338983050866,304.69095035043455,63768,1.5613290032475642e-07,0.9956282787909069,1.1475768173869598e-05,0.0
LSC-CP-RA,"LSC-CP-RA (A=8), tamed",44d6ecf1abcc7ab097c151f5d67417fb,c87203a12406cc5114b7ffa2d8877465,True,0,4062,20.31,2532085970.2763195,791276.8657113499,4062.0,1039872.0,0.07584747585238102,0.000542658349284797,-0.0004329036875824199,0.03875000000000001,0.06265346256968796,0.0,0.00042799314924110536,0.023852278363092227,True,0.12012712206063299,reject,pre_step,drift_diffusion_then_jump,iid_bank,8,every_step,True,0.0,0.00482521186440678,150.26000089921905,64679,1.5386509108813393e-07,0.9951840226489415,1.1462949286065978e-05,0.0
LSC-CP-RA,"LSC-CP-RA (A=8), tamed",44d6ecf1abcc7ab097c151f5d67417fb,c87203a12406cc5114b7ffa2d8877465,True,1,4062,20.31,2532085970.2763195,791276.8657113499,4062.0,1039872.0,0.03180709080670068,4.839852317506388e-05,-0.0009347638144905357,0.03125,0.06266649794364143,0.0,0.00038741325764393014,0.02477524129120634,True,0.12012712206063299,reject,pre_step,drift_diffusion_then_jump,iid_bank,8,every_step,True,0.0,0.00482521186440678,150.26000089921905,64679,1.5386509108813393e-07,0.9951840226489415,1.1462949286065978e-05,0.0
LSC-CP-RA,"LSC-CP-RA (A=8), tamed",44d6ecf1abcc7ab097c151f5d67417fb,c87203a12406cc5114b7ffa2d8877465,True,2,4062,20.31,2532085970.2763195,791276.8657113499,4062.0,1039872.0,0.05405473725795693,0.000346470872082838,-0.0006301007223414867,0.03125,0.0644513522945136,0.0,0.001533378794018026,0.04760227836309219,True,0.12012712206063299,reject,pre_step,drift_diffusion_then_jump,iid_bank,8,every_step,True,0.0,0.00482521186440678,150.26000089921905,64679,1.5386509108813393e-07,0.9951840226489415,1.1462949286065978e-05,0.0
LSC-CP-RA,"LSC-CP-RA (A=8), tamed",44d6ecf1abcc7ab097c151f5d67417fb,c87203a12406cc5114b7ffa2d8877465,True,3,4062,20.31,2532085970.2763195,791276.8657113499,4062.0,1039872.0,0.07681199296038835,0.001226498112185781,0.000251290324228548,0.04625000000000001,0.06021793651418206,0.0,4.353042559083391e-06,0.0027247587087936564,True,0.12012712206063299,reject,pre_step,drift_diffusion_then_jump,iid_bank,8,every_step,True,0.0,0.00482521186440678,150.26000089921905,64679,1.5386509108813393e-07,0.9951840226489415,1.1462949286065978e-05,0.0
LSC-CP-RA,"LSC-CP-RA (A=8), tamed",44d6ecf1abcc7ab097c151f5d67417fb,c87203a12406cc5114b7ffa2d8877465,True,0,4122,20.61,2569487535.568436,802964.8548651363,4122.0,1055232.0,0.07320823236987277,0.0008774869517315098,-9.724611255634841e-05,0.03250000000000003,0.06499985442460154,0.0,0.0001102234386514433,0.012827037071885816,True,0.12012712206063299,reject,pre_step,drift_diffusion_then_jump,iid_bank,8,every_step,True,0.0,0.005088541666666667,190.14749217432137,65656,1.5162542455118876e-07,0.9955118874332848,1.144771955361475e-05,0.0
LSC-CP-RA,"LSC-CP-RA (A=8), tamed",44d6ecf1abcc7ab097c151f5d67417fb,c87203a12406cc5114b7ffa2d8877465,True,1,4122,20.61,2569487535.568436,802964.8548651363,4122.0,1055232.0,0.061901301094105084,0.0002815067490752332,-0.0007002935615211259,0.03375000000000006,0.06319156934453851,0.0,0.00033885038107360184,0.022602278363092212,True,0.12012712206063299,reject,pre_step,drift_diffusion_then_jump,iid_bank,8,every_step,True,0.0,0.005088541666666667,190.14749217432137,65656,1.5162542455118876e-07,0.9955118874332848,1.144771955361475e-05,0.0
LSC-CP-RA,"LSC-CP-RA (A=8), tamed",44d6ecf1abcc7ab097c151f5d67417fb,c87203a12406cc5114b7ffa2d8877465,True,2,4122,20.61,2569487535.568436,802964.8548651363,4122.0,1055232.0,0.04230366019986341,0.00035926788562068435,-0.0006127720736073261,0.04375000000000007,0.06644241996250144,0.0,0.0007718454669567699,0.033852278363092195,True,0.12012712206063299,reject,pre_step,drift_diffusion_then_jump,iid_bank,8,every_step,True,0.0,0.005088541666666667,190.14749217432137,65656,1.5162542455118876e-07,0.9955118874332848,1.144771955361475e-05,0.0
LSC-CP-RA,"LSC-CP-RA (A=8), tamed",44d6ecf1abcc7ab097c151f5d67417fb,c87203a12406cc5114b7ffa2d8877465,True,3,4122,20.61,2569487535.568436,802964.8548651363,4122.0,1055232.0,0.0758149063601605,0.0012921497732699683,0.00031259220947210675,0.053750000000000075,0.060345158616641914,0.0,2.0614561164381852e-05,0.005327037071885837,True,0.12012712206063299,reject,pre_step,drift_diffusion_then_jump,iid_bank,8,every_step,True,0.0,0.005088541666666667,190.14749217432137,65656,1.5162542455118876e-07,0.9955118874332848,1.144771955361475e-05,0.0
LSC-CP-RA,"LSC-CP-RA (A=8), tamed",44d6ecf1abcc7ab097c151f5d67417fb,c87203a12406cc5114b7ffa2d8877465,True,0,4181,20.905,2606265741.439018,814458.044199693,4181.0,1070336.0,0.06767117982900388,0.00045747275244079066,-0.0005193028269768751,0.04249999999999998,0.06579445749699253,0.0,0.0003150703395910538,0.020327037071885837,True,0.12012712206063299,reject,pre_step,drift_diffusion_then_jump,iid_bank,8,every_step,True,0.0,0.005217161016949153,137.78123610407587,66641,1.494857689547955e-07,0.9961881128916528,1.1435661325041856e-05,0.0
LSC-CP-RA,"LSC-CP-RA (A=8), tamed",44d6ecf1abcc7ab097c151f5d67417fb,c87203a12406cc5114b7ffa2d8877465,True,1,4181,20.905,2606265741.439018,814458.044199693,4181.0,1070336.0,0.03023972169606662,0.00012885657040628828,-0.0008577154855227143,0.03125,0.06451382526139116,0.0,0.0003207675756036702,0.02352524129120634,True,0.12012712206063299,reject,pre_step,drift_diffusion_then_jump,iid_bank,8,every_step,True,0.0,0.005217161016949153,137.78123610407587,66641,1.494857689547955e-07,0.9961881128916528,1.1435661325041856e-05,0.0
LSC-CP-RA,"LSC-CP-RA (A=8), tamed",44d6ecf1abcc7ab097c151f5d67417fb,c87203a12406cc5114b7ffa2d8877465,True,2,4181,20.905,2606265741.439018,814458.044199693,4181.0,1070336.0,0.04800832674770281,0.00021476434305689462,-0.0007685834582702444,0.03500000000000003,0.0649196543092494,0.0,0.0008545633743134622,0.03510227836309221,True,0.12012712206063299,reject,pre_step,drift_diffusion_then_jump,iid_bank,8,every_step,True,0.0,0.005217161016949153,137.78123610407587,66641,1.494857689547955e-07,0.9961881128916528,1.1435661325041856e-05,0.0
LSC-CP-RA,"LSC-CP-RA (A=8), tamed",44d6ecf1abcc7ab097c151f5d67417fb,c87203a12406cc5114b7ffa2d8877465,True,3,4181,20.905,2606265741.439018,814458.044199693,4181.0,1070336.0,0.08500610298330355,0.001966214257851706,0.000987779590742477,0.08124999999999999,0.061210551609055974,0.0,1.546284212852907e-05,0.004897721636907798,True,0.12012712206063299,reject,pre_step,drift_diffusion_then_jump,iid_bank,8,every_step,True,0.0,0.005217161016949153,137.78123610407587,66641,1.494857689547955e-07,0.9961881128916528,1.1435661325041856e-05,0.0
LSC-CP-RA,"LSC-CP-RA (A=8), tamed",44d6ecf1abcc7ab097c151f5d67417fb,c87203a12406cc5114b7ffa2d8877465,True,0,4241,21.205000000000002,2643667306.731135,826146.0333534797,4241.0,1085696.0,0.08272759848022414,0.00116095861219645,0.0001919765714188948,0.04375000000000001,0.058088524154417676,0.0,0.0005822169145066535,0.030327037071885818,True,0.12012712206063299,reject,pre_step,drift_diffusion_then_jump,iid_bank,8,every_step,True,0.0,0.004802083333333334,160.87212781665252,67563,1.4737090308889412e-07,0.9956820325394954,1.1494930440933742e-05,0.0
LSC-CP-RA,"LSC-CP-RA (A=8), tamed",44d6ecf1abcc7ab097c151f5d67417fb,c87203a12406cc5114b7ffa2d8877465,True,1,4241,21.205000000000002,2643667306.731135,826146.0333534797,4241.0,1085696.0,0.031429309782001716,0.0002047967445514276,-0.0007868256078963354,0.03499999999999992,0.06578921752694278,0.0,0.00046829336767601187,0.028525241291206344,True,0.12012712206063299,reject,pre_step,drift_diffusion_then_jump,iid_bank,8,every_step,True,0.0,0.004802083333333334,160.87212781665252,67563,1.4737090308889412e-07,0.9956820325394954,1.1494930440933742e-05,0.0
LSC-CP-RA,"LSC-CP-RA (A=8), tamed",44d6ecf1abcc7ab097c151f5d67417fb,c87203a12406cc5114b7ffa2d8877465,True,2,4241,21.205000000000002,2643667306.731135,826146.0333534797,4241.0,1085696.0,0.04865494865045203,0.0002788216627399587,-0.0006999057412669929,0.032500000000000084,0.06433494481513335,0.0,0.0012541042942318566,0.0388522783630922,True,0.12012712206063299,reject,pre_step,drift_diffusion_then_jump,iid_bank,8,every_step,True,0.0,0.004802083333333334,160.87212781665252,67563,1.4737090308889412e-07,0.9956820325394954,1.1494930440933742e-05,0.0
LSC-CP-RA,"LSC-CP-RA (A=8), tamed",44d6ecf1abcc7ab097c151f5d67417fb,c87203a12406cc5114b7ffa2d8877465,True,3,4241,21.205000000000002,2643667306.731135,826146.0333534797,4241.0,1085696.0,0.10185581955634228,0.0026557425491728903,0.0016831022959159503,0.05499999999999999,0.06458946042837921,0.0,0.00018951149828015743,0.01772475870879367,True,0.12012712206063299,reject,pre_step,drift_diffusion_then_jump,iid_bank,8,every_step,True,0.0,0.004802083333333334,160.87212781665252,67563,1.4737090308889412e-07,0.9956820325394954,1.1494930440933742e-05,0.0
LSC-CP-RA,"LSC-CP-RA (A=8), tamed",44d6ecf1abcc7ab097c151f5d67417fb,c87203a12406cc5114b7ffa2d8877465,True,0,4300,21.5,2680445512.6017165,837639.2226880364,4300.0,1100800.0,0.08027052820554131,0.001312362825333313,0.00034922722493502256,0.03750000000000003,0.06877536097851722,0.0,0.0011418657716695969,0.03907703707188581,True,0.12012712206063299,reject,pre_step,drift_diffusion_then_jump,iid_bank,8,every_step,True,0.0,0.004888771186440679,135.80303290532265,68486,1.4534883720930232e-07,0.9954360465116279,1.1555232558139535e-05,0.0
LSC-CP-RA,"LSC-CP-RA (A=8), tamed",44d6ecf1abcc7ab097c151f5d67417fb,c87203a12406cc5114b7ffa2d8877465,True,1,4300,21.5,2680445512.6017165,837639.2226880364,4300.0,1100800.0,0.025912065691815724,3.7437953384622524e-05,-0.0009445101373858344,0.03249999999999997,0.06628875189431382,0.0,0.000541763390155385,0.027275241291206356,True,0.12012712206063299,reject,pre_step,drift_diffusion_then_jump,iid_bank,8,every_step,True,0.0,0.004888771186440679,135.80303290532265,68486,1.4534883720930232e-07,0.9954360465116279,1.1555232558139535e-05,0.0
LSC-CP-RA,"LSC-CP-RA (A=8), tamed",44d6ecf1abcc7ab097c151f5d67417fb,c87203a12406cc5114b7ffa2d8877465,True,2,4300,21.5,2680445512.6017165,837639.2226880364,4300.0,1100800.0,0.04092319301254975,4.6753451304892835e-05,-0.0009349687793244188,0.02749999999999997,0.06299909147652316,0.0,0.0009256241722429886,0.03260227836309221,True,0.12012712206063299,reject,pre_step,drift_diffusion_then_jump,iid_bank,8,every_step,True,0.0,0.004888771186440679,135.80303290532265,68486,1.4534883720930232e-07,0.9954360465116279,1.1555232558139535e-05,0.0
LSC-CP-RA,"LSC-CP-RA (A=8), tamed",44d6ecf1abcc7ab097c151f5d67417fb,c87203a12406cc5114b7ffa2d8877465,True,3,4300,21.5,2680445512.6017165,837639.2226880364,4300.0,1100800.0,0.10139072759356735,0.002649063842943944,0.0016754621571216655,0.06000000000000005,0.06499661944760926,0.0,0.0001626757129446479,0.01647475870879364,True,0.12012712206063299,reject,pre_step,drift_diffusion_then_jump,iid_bank,8,every_step,True,0.0,0.004888771186440679,135.80303290532265,68486,1.4534883720930232e-07,0.9954360465116279,1.1555232558139535e-05,0.0
LSC-CP-RA,"LSC-CP-RA (A=8), tamed",44d6ecf1abcc7ab097c151f5d67417fb,c87203a12406cc5114b7ffa2d8877465,True,0,4359,21.795,2717223718.472298,849132.4120225932,4359.0,1115904.0,0.07884522881505136,0.0011226453143533544,0.00015463341782273599,0.04749999999999999,0.06102616766654656,0.0,0.0007518165493175834,0.034077037071885835,True,0.12012712206063299,reject,pre_step,drift_diffusion_then_jump,iid_bank,8,every_step,True,0.0,0.004899364406779661,147.16079495292402,69411,1.4338150952053224e-07,0.9952253957329663,1.1398830006882313e-05,0.0
LSC-CP-RA,"LSC-CP-RA (A=8), tamed",44d6ecf1abcc7ab097c151f5d67417fb,c87203a12406cc5114b7ffa2d8877465,True,1,4359,21.795,2717223718.472298,849132.4120225932,4359.0,1115904.0,0.058214261133732334,0.0005760935607215245,-0.0004065769607592973,0.03375,0.062149787864031136,0.0,0.0017069753113834662,0.046352278363092206,True,0.12012712206063299,reject,pre_step,drift_diffusion_then_jump,iid_bank,8,every_step,True,0.0,0.004899364406779661,147.16079495292402,69411,1.4338150952053224e-07,0.9952253957329663,1.1398830006882313e-05,0.0
LSC-CP-RA,"LSC-CP-RA (A=8), tamed",44d6ecf1abcc7ab097c151f5d67417fb,c87203a12406cc5114b7ffa2d8877465,True,2,4359,21.795,2717223718.472298,849132.4120225932,4359.0,1115904.0,0.048502761251632796,0.00020252331746672958,-0.0007807479328680866,0.025000000000000022,0.07029961823611397,0.0,0.0008163223945418662,0.031025241291206346,True,0.12012712206063299,reject,pre_step,drift_diffusion_then_jump,iid_bank,8,every_step,True,0.0,0.004899364406779661,147.16079495292402,69411,1.4338150952053224e-07,0.9952253957329663,1.1398830006882313e-05,0.0
LSC-CP-RA,"LSC-CP-RA (A=8), tamed",44d6ecf1abcc7ab097c151f5d67417fb,c87203a12406cc5114b7ffa2d8877465,True,3,4359,21.795,2717223718.472298,849132.4120225932,4359.0,1115904.0,0.10653855512777133,0.0032118551572145604,0.002242467054638708,0.05874999999999997,0.06611805143625071,0.0,0.0002436312328246014,0.020224758708793672,True,0.12012712206063299,reject,pre_step,drift_diffusion_then_jump,iid_bank,8,every_step,True,0.0,0.004899364406779661,147.16079495292402,69411,1.4338150952053224e-07,0.9952253957329663,1.1398830006882313e-05,0.0
LSC-CP-RA,"LSC-CP-RA (A=8), tamed",44d6ecf1abcc7ab097c151f5d67417fb,c87203a12406cc5114b7ffa2d8877465,True,0,4419,22.095,2754625283.7644153,860820.4011763798,4419.0,1131264.0,0.07171096972242866,0.0006598727163924512,-0.0003124260819349356,0.03750000000000003,0.06585228318642145,0.0,0.0007711128426515605,0.03157703707188582,True,0.12012712206063299,reject,pre_step,drift_diffusion_then_jump,iid_bank,8,every_step,True,0.0,0.004692708333333335,177.5281263756851,70312,1.414347137361394e-07,0.9944557592215434,1.1314777098891152e-05,0.0
LSC-CP-RA,"LSC-CP-RA (A=8), tamed",44d6ecf1abcc7ab097c151f5d67417fb,c87203a12406cc5114b7ffa2d8877465,True,1,4419,22.095,2754625283.7644153,860820.4011763798,4419.0,1131264.0,0.04696954242334932,0.00016914906792520057,-0.0008144209707082739,0.030000000000000027,0.06099954583369671,0.0,0.0008622588286422228,0.03602524129120635,True,0.12012712206063299,reject,pre_step,drift_diffusion_then_jump,iid_bank,8,every_step,True,0.0,0.004692708333333335,177.5281263756851,70312,1.414347137361394e-07,0.9944557592215434,1.1314777098891152e-05,0.0
LSC-CP-RA,"LSC-CP-RA (A=8), tamed",44d6ecf1abcc7ab097c151f5d67417fb,c87203a12406cc5114b7ffa2d8877465,True,2,4419,22.095,2754625283.7644153,860820.4011763798,4419.0,1131264.0,0.04753285687986322,0.000207021734983881,-0.000768940944231189,0.041249999999999995,0.055829187398735325,0.0,0.0003757000763990742,0.0238522783630922,True,0.12012712206063299,reject,pre_step,drift_diffusion_then_jump,iid_bank,8,every_step,True,0.0,0.004692708333333335,177.5281263756851,70312,1.414347137361394e-07,0.9944557592215434,1.1314777098891152e-05,0.0
LSC-CP-RA,"LSC-CP-RA (A=8), tamed",44d6ecf1abcc7ab097c151f5d67417fb,c87203a12406cc5114b7ffa2d8877465,True,3,4419,22.095,2754625283.7644153,860820.4011763798,4419.0,1131264.0,0.08759137302356233,0.0016392212310062382,0.000673465694722486,0.04625000000000001,0.057876726624072505,0.0,0.00032718809113067935,0.025327037071885855,True,0.12012712206063299,reject,pre_step,drift_diffusion_then_jump,iid_bank,8,every_step,True,0.0,0.004692708333333335,177.5281263756851,70312,1.414347137361394e-07,0.9944557592215434,1.1314777098891152e-05,0.0
LSC-CP-RA,"LSC-CP-RA (A=8), tamed",44d6ecf1abcc7ab097c151f5d67417fb,c87203a12406cc5114b7ffa2d8877465,True,0,4478,22.39,2791403489.634997,872313.5905109366,4478.0,1146368.0,0.06554238384182254,0.0005032237492029745,-0.00046725131755587235,0.037500000000000006,0.061923765090802885,0.0,0.0006712625002624518,0.030102278363092178,True,0.12012712206063299,reject,pre_step,drift_diffusion_then_jump,iid_bank,8,every_step,True,0.0,0.00483050847457627,289.31844848756543,71224,1.3957123715944618e-07,0.9940821795444394,1.1444841447074587e-05,0.0
LSC-CP-RA,"LSC-CP-RA (A=8), tamed",44d6ecf1abcc7ab097c151f5d67417fb,c87203a12406cc5114b7ffa2d8877465,True,1,4478,22.39,2791403489.634997,872313.5905109366,4478.0,1146368.0,0.043223882942745456,0.0001878547475883119,-0.0007984177177634555,0.026249999999999996,0.05868190280996732,0.0,0.0009147009519385148,0.03477524129120635,True,0.12012712206063299,reject,pre_step,drift_diffusion_then_jump,iid_bank,8,every_step,True,0.0,0.00483050847457627,289.31844848756543,71224,1.3957123715944618e-07,0.9940821795444394,1.1444841447074587e-05,0.0
LSC-CP-RA,"LSC-CP-RA (A=8), tamed",44d6ecf1abcc7ab097c151f5d67417fb,c87203a12406cc5114b7ffa2d8877465,True,2,4478,22.39,2791403489.634997,872313.5905109366,4478.0,1146368.0,0.05462804724093931,0.00023351605531607422,-0.0007423532330147475,0.03125,0.0612373656741233,0.0,0.0003757000763990742,0.0238522783630922,True,0.12012712206063299,reject,pre_step,drift_diffusion_then_jump,iid_bank,8,every_step,True,0.0,0.00483050847457627,289.31844848756543,71224,1.3957123715944618e-07,0.9940821795444394,1.1444841447074587e-05,0.0
LSC-CP-RA,"LSC-CP-RA (A=8), tamed",44d6ecf1abcc7ab097c151f5d67417fb,c87203a12406cc5114b7ffa2d8877465,True,3,4478,22.39,2791403489.634997,872313.5905109366,4478.0,1146368.0,0.09175726335783921,0.0017590171868669957,0.0007967280493061946,0.044999999999999984,0.06058770459461915,0.0,0.0009878549272675178,0.04282703707188583,True,0.12012712206063299,reject,pre_step,drift_diffusion_then_jump,iid_bank,8,every_step,True,0.0,0.00483050847457627,289.31844848756543,71224,1.3957123715944618e-07,0.9940821795444394,1.1444841447074587e-05,0.0
LSC-CP-RA,"LSC-CP-RA (A=8), tamed",44d6ecf1abcc7ab097c151f5d67417fb,c87203a12406cc5114b7ffa2d8877465,True,0,4538,22.69,2828805054.927114,884001.5796647231,4538.0,1161728.0,0.056714127901799874,0.0003754972860260386,-0.0005969574370142672,0.0325,0.06640525185001256,0.0,0.0008362556062417982,0.03510227836309221,True,0.12012712206063299,reject,pre_step,drift_diffusion_then_jump,iid_bank,8,every_step,True,0.0,0.004734374999999999,217.5797870406085,72133,1.377258704275011e-07,0.9934580211546937,1.1431247245482591e-05,0.0
LSC-CP-RA,"LSC-CP-RA (A=8), tamed",44d6ecf1abcc7ab097c151f5d67417fb,c87203a12406cc5114b7ffa2d8877465,True,1,4538,22.69,2828805054.927114,884001.5796647231,4538.0,1161728.0,0.03423958442329468,0.0001500468492110496,-0.0008365672488679365,0.03749999999999998,0.06339113645675198,0.0,0.0007137666577458016,0.033525241291206334,True,0.12012712206063299,reject,pre_step,drift_diffusion_then_jump,iid_bank,8,every_step,True,0.0,0.004734374999999999,217.5797870406085,72133,1.377258704275011e-07,0.9934580211546937,1.1431247245482591e-05,0.0
LSC-CP-RA,"LSC-CP-RA (A=8), tamed",44d6ecf1abcc7ab097c151f5d67417fb,c87203a12406cc5114b7ffa2d8877465,True,2,4538,22.69,2828805054.927114,884001.5796647231,4538.0,1161728.0,0.0398088571981656,0.0003694766547310824,-0.0006036584186309701,0.03125,0.057207978619360667,0.0,0.001238178017201311,0.04260227836309219,True,0.12012712206063299,reject,pre_step,drift_diffusion_then_jump,iid_bank,8,every_step,True,0.0,0.004734374999999999,217.5797870406085,72133,1.377258704275011e-07,0.9934580211546937,1.1431247245482591e-05,0.0
LSC-CP-RA,"LSC-CP-RA (A=8), tamed",44d6ecf1abcc7ab097c151f5d67417fb,c87203a12406cc5114b7ffa2d8877465,True,3,4538,22.69,2828805054.927114,884001.5796647231,4538.0,1161728.0,0.07933196889444749,0.0010454536566752992,7.938174029209488e-05,0.04250000000000004,0.0653156241568249,0.0,0.0006955290117454226,0.034077037071885835,True,0.12012712206063299,reject,pre_step,drift_diffusion_then_jump,iid_bank,8,every_step,True,0.0,0.004734374999999999,217.5797870406085,72133,1.377258704275011e-07,0.9934580211546937,1.1431247245482591e-05,0.0
LSC-CP-RA,"LSC-CP-RA (A=8), tamed",44d6ecf1abcc7ab097c151f5d67417fb,c87203a12406cc5114b7ffa2d8877465,True,0,4597,22.985,2865583260.7976956,895494.76899928,4597.0,1176832.0,0.032644085352159916,0.00014279315879639487,-0.0008346670108571042,0.03125,0.06125831014637195,0.0,0.0007507792292601669,0.03260227836309221,True,0.12012712206063299,reject,pre_step,drift_diffusion_then_jump,iid_bank,8,every_step,True,0.0,0.004708686440677965,277.5245458945548,73022,1.3595823363062866e-07,0.9927942136175767,1.1352512508157494e-05,0.0
LSC-CP-RA,"LSC-CP-RA (A=8), tamed",44d6ecf1abcc7ab097c151f5d67417fb,c87203a12406cc5114b7ffa2d8877465,True,1,4597,22.985,2865583260.7976956,895494.76899928,4597.0,1176832.0,0.03301822121895581,0.00012087326092169448,-0.0008610310829711976,0.03750000000000009,0.06650191489904556,0.0,0.0003030951659375861,0.019775241291206336,True,0.12012712206063299,reject,pre_step,drift_diffusion_then_jump,iid_bank,8,every_step,True,0.0,0.004708686440677965,277.5245458945548,73022,1.3595823363062866e-07,0.9927942136175767,1.1352512508157494e-05,0.0
LSC-CP-RA,"LSC-CP-RA (A=8), tamed",44d6ecf1abcc7ab097c151f5d67417fb,c87203a12406cc5114b7ffa2d8877465,True,2,4597,22.985,2865583260.7976956,895494.76899928,4597.0,1176832.0,0.04222644767917726,0.00016543222498144328,-0.000809968876047118,0.028750000000000053,0.062920560336989,0.0,0.0009598373584677761,0.037602278363092184,True,0.12012712206063299,reject,pre_step,drift_diffusion_then_jump,iid_bank,8,every_step,True,0.0,0.004708686440677965,277.5245458945548,73022,1.3595823363062866e-07,0.9927942136175767,1.1352512508157494e-05,0.0
LSC-CP-RA,"LSC-CP-RA (A=8), tamed",44d6ecf1abcc7ab097c151f5d67417fb,c87203a12406cc5114b7ffa2d8877465,True,3,4597,22.985,2865583260.7976956,895494.76899928,4597.0,1176832.0,0.07906467178305837,0.0008986168444010678,-7.258940229526445e-05,0.044999999999999984,0.06438247592643243,0.0,0.0003911957512068775,0.024077037071885826,True,0.12012712206063299,reject,pre_step,drift_diffusion_then_jump,iid_bank,8,every_step,True,0.0,0.004708686440677965,277.5245458945548,73022,1.3595823363062866e-07,0.9927942136175767,1.1352512508157494e-05,0.0
LSC-CP-RA,"LSC-CP-RA (A=8), tamed",44d6ecf1abcc7ab097c151f5d67417fb,c87203a12406cc5114b7ffa2d8877465,True,0,4656,23.28,2902361466.6682773,906987.9583338366,4656.0,1191936.0,0.041535306325729826,9.381423254462007e-05,-0.000888847494508016,0.027500000000000024,0.07397391622036031,0.0,0.0009528246582713967,0.0363522783630922,True,0.12012712206063299,reject,pre_step,drift_diffusion_then_jump,iid_bank,8,every_step,True,0.0,0.005180084745762713,162.79097128334547,74000,1.3423539518900343e-07,0.9933419243986255,1.1477126288659794e-05,0.0
LSC-CP-RA,"LSC-CP-RA (A=8), tamed",44d6ecf1abcc7ab097c151f5d67417fb,c87203a12406cc5114b7ffa2d8877465,True,1,4656,23.28,2902361466.6682773,906987.9583338366,4656.0,1191936.0,0.04319747133538147,0.00011136469136052707,-0.000867030614413733,0.02499999999999991,0.06579691340812521,0.0,0.0003616507160384896,0.022602278363092185,True,0.12012712206063299,reject,pre_step,drift_diffusion_then_jump,iid_bank,8,every_step,True,0.0,0.005180084745762713,162.79097128334547,74000,1.3423539518900343e-07,0.9933419243986255,1.1477126288659794e-05,0.0
LSC-CP-RA,"LSC-CP-RA (A=8), tamed",44d6ecf1abcc7ab097c151f5d67417fb,c87203a12406cc5114b7ffa2d8877465,True,2,4656,23.28,2902361466.6682773,906987.9583338366,4656.0,1191936.0,0.044779973028909195,0.00029098646691250174,-0.0006871280841937999,0.03875000000000006,0.05865992352493943,0.0,0.0010374338973557589,0.0363522783630922,True,0.12012712206063299,reject,pre_step,drift_diffusion_then_jump,iid_bank,8,every_step,True,0.0,0.005180084745762713,162.79097128334547,74000,1.3423539518900343e-07,0.9933419243986255,1.1477126288659794e-05,0.0
LSC-CP-RA,"LSC-CP-RA (A=8), tamed",44d6ecf1abcc7ab097c151f5d67417fb,c87203a12406cc5114b7ffa2d8877465,True,3,4656,23.28,2902361466.6682773,906987.9583338366,4656.0,1191936.0,0.07084799323882544,0.0007083659942858089,-0.0002650998659995407,0.03125,0.06680782238184235,0.0,0.00022941853672526526,0.017602278363092194,True,0.12012712206063299,reject,pre_step,drift_diffusion_then_jump,iid_bank,8,every_step,True,0.0,0.005180084745762713,162.79097128334547,74000,1.3423539518900343e-07,0.9933419243986255,1.1477126288659794e-05,0.0
LSC-CP-RA,"LSC-CP-RA (A=8), tamed",44d6ecf1abcc7ab097c151f5d67417fb,c87203a12406cc5114b7ffa2d8877465,True,0,4716,23.580000000000002,2939763031.9603944,918675.9474876232,4716.0,1207296.0,0.041710700310389925,0.00011465363458185163,-0.0008716235846747411,0.025000000000000022,0.06306997595919062,0.0,0.0007971790618932105,0.03477524129120636,True,0.12012712206063299,reject,pre_step,drift_diffusion_then_jump,iid_bank,8,every_step,True,0.0,0.005229166666666667,162.70825759627968,75004,1.325275657336726e-07,0.994009754028838,1.1662425784563189e-05,0.0
LSC-CP-RA,"LSC-CP-RA (A=8), tamed",44d6ecf1abcc7ab097c151f5d67417fb,c87203a12406cc5114b7ffa2d8877465,True,1,4716,23.580000000000002,2939763031.9603944,918675.9474876232,4716.0,1207296.0,0.0373193417860324,0.000184527907333365,-0.0008039160519296429,0.03749999999999998,0.06463797899934909,0.0,0.0003986770610842844,0.02602524129120634,True,0.12012712206063299,reject,pre_step,drift_diffusion_then_jump,iid_bank,8,every_step,True,0.0,0.005229166666666667,162.70825759627968,75004,1.325275657336726e-07,0.994009754028838,1.1662425784563189e-05,0.0
LSC-CP-RA,"LSC-CP-RA (A=8), tamed",44d6ecf1abcc7ab097c151f5d67417fb,c87203a12406cc5114b7ffa2d8877465,True,2,4716,23.580000000000002,2939763031.9603944,918675.9474876232,4716.0,1207296.0,0.04134596909125805,0.00010812788866199075,-0.0008738183257365195,0.02750000000000008,0.06682083010292195,0.0,0.0006576152694887623,0.030102278363092205,True,0.12012712206063299,reject,pre_step,drift_diffusion_then_jump,iid_bank,8,every_step,True,0.0,0.005229166666666667,162.70825759627968,75004,1.325275657336726e-07,0.994009754028838,1.1662425784563189e-05,0.0
LSC-CP-RA,"LSC-CP-RA (A=8), tamed",44d6ecf1abcc7ab097c151f5d67417fb,c87203a12406cc5114b7ffa2d8877465,True,3,4716,23.580000000000002,2939763031.9603944,918675.9474876232,4716.0,1207296.0,0.06066189898768843,0.00023327318427124322,-0.0007477059347118509,0.028750000000000053,0.06345725157703963,0.0,0.0003002176551693838,0.021352278363092198,True,0.12012712206063299,reject,pre_step,drift_diffusion_then_jump,iid_bank,8,every_step,True,0.0,0.005229166666666667,162.70825759627968,75004,1.325275657336726e-07,0.994009754028838,1.1662425784563189e-05,0.0
LSC-CP-RA,"LSC-CP-RA (A=8), tamed",44d6ecf1abcc7ab097c151f5d67417fb,c87203a12406cc5114b7ffa2d8877465,True,0,4775,23.875,2976541237.830976,930169.13682218,4775.0,1222400.0,0.027347149131200232,9.608225826984729e-05,-0.0008929297555755333,0.028749999999999942,0.0590660784759135,0.0,0.00041834987901804687,0.02602524129120634,True,0.12012712206063299,reject,pre_step,drift_diffusion_then_jump,iid_bank,8,every_step,True,0.0,0.004841101694915254,328.2529260493062,75918,1.3089005235602095e-07,0.9936910994764397,1.1583769633507853e-05,0.0
LSC-CP-RA,"LSC-CP-RA (A=8), tamed",44d6ecf1abcc7ab097c151f5d67417fb,c87203a12406cc5114b7ffa2d8877465,True,1,4775,23.875,2976541237.830976,930169.13682218,4775.0,1222400.0,0.040933227920379,0.0001557967067364885,-0.0008289579927162061,0.030000000000000027,0.06341791509046824,0.0,0.00023642753969753405,0.019775241291206336,True,0.12012712206063299,reject,pre_step,drift_diffusion_then_jump,iid_bank,8,every_step,True,0.0,0.004841101694915254,328.2529260493062,75918,1.3089005235602095e-07,0.9936910994764397,1.1583769633507853e-05,0.0
LSC-CP-RA,"LSC-CP-RA (A=8), tamed",44d6ecf1abcc7ab097c151f5d67417fb,c87203a12406cc5114b7ffa2d8877465,True,2,4775,23.875,2976541237.830976,930169.13682218,4775.0,1222400.0,0.04450212850521816,0.00017229093746440327,-0.0008032914944728908,0.026249999999999996,0.06096698440460546,0.0,0.000280117703131019,0.020102278363092183,True,0.12012712206063299,reject,pre_step,drift_diffusion_then_jump,iid_bank,8,every_step,True,0.0,0.004841101694915254,328.2529260493062,75918,1.3089005235602095e-07,0.9936910994764397,1.1583769633507853e-05,0.0
LSC-CP-RA,"LSC-CP-RA (A=8), tamed",44d6ecf1abcc7ab097c151f5d67417fb,c87203a12406cc5114b7ffa2d8877465,True,3,4775,23.875,2976541237.830976,930169.13682218,4775.0,1222400.0,0.041806250083954236,0.00021210108609703848,-0.0007816807867117026,0.02749999999999997,0.06707838834461988,0.0,0.0005151835408404954,0.029775241291206345,True,0.12012712206063299,reject,pre_step,drift_diffusion_then_jump,iid_bank,8,every_step,True,0.0,0.004841101694915254,328.2529260493062,75918,1.3089005235602095e-07,0.9936910994764397,1.1583769633507853e-05,0.0
LSC-CP-RA,"LSC-CP-RA (A=8), tamed",44d6ecf1abcc7ab097c151f5d67417fb,c87203a12406cc5114b7ffa2d8877465,True,0,4834,24.17,3013319443.7015576,941662.3261567368,4834.0,1237504.0,0.04039893319851241,0.00015380095888062328,-0.0008316998666370035,0.02124999999999999,0.06666116956608348,0.0,0.0008139192301131674,0.033525241291206334,True,0.12012712206063299,reject,pre_step,drift_diffusion_then_jump,iid_bank,8,every_step,True,0.0,0.004904661016949153,134.55845687464242,76844,1.29292511377741e-07,0.993535374431113,1.157167976830782e-05,0.0
LSC-CP-RA,"LSC-CP-RA (A=8), tamed",44d6ecf1abcc7ab097c151f5d67417fb,c87203a12406cc5114b7ffa2d8877465,True,1,4834,24.17,3013319443.7015576,941662.3261567368,4834.0,1237504.0,0.04838551289911046,0.00038719268153097897,-0.0005990369025782316,0.03249999999999997,0.05920641011271388,0.0,0.00012877304473920886,0.014775241291206331,True,0.12012712206063299,reject,pre_step,drift_diffusion_then_jump,iid_bank,8,every_step,True,0.0,0.004904661016949153,134.55845687464242,76844,1.29292511377741e-07,0.993535374431113,1.157167976830782e-05,0.0
LSC-CP-RA,"LSC-CP-RA (A=8), tamed",44d6ecf1abcc7ab097c151f5d67417fb,c87203a12406cc5114b7ffa2d8877465,True,2,4834,24.17,3013319443.7015576,941662.3261567368,4834.0,1237504.0,0.040898936178282205,5.89184938498688e-05,-0.0009270637172480445,0.03125,0.06598889794246321,0.0,0.00041362213888749275,0.023525241291206353,True,0.12012712206063299,reject,pre_step,drift_diffusion_then_jump,iid_bank,8,every_step,True,0.0,0.004904661016949153,134.55845687464242,76844,1.29292511377741e-07,0.993535374431113,1.157167976830782e-05,0.0
LSC-CP-RA,"LSC-CP-RA (A=8), tamed",44d6ecf1abcc7ab097c151f5d67417fb,c87203a12406cc5114b7ffa2d8877465,True,3,4834,24.17,3013319443.7015576,941662.3261567368,4834.0,1237504.0,0.04047590896510557,0.00017424978743452169,-0.0008102092659190152,0.04125000000000001,0.06066803182590308,0.0,0.0008967081145619954,0.03260227836309218,True,0.12012712206063299,reject,pre_step,drift_diffusion_then_jump,iid_bank,8,every_step,True,0.0,0.004904661016949153,134.55845687464242,76844,1.29292511377741e-07,0.993535374431113,1.157167976830782e-05,0.0
LSC-CP-RA,"LSC-CP-RA (A=8), tamed",44d6ecf1abcc7ab097c151f5d67417fb,c87203a12406cc5114b7ffa2d8877465,True,0,4894,24.47,3050721008.9936748,953350.3153105234,4894.0,1252864.0,0.029337390006556725,7.197123409374839e-05,-0.0009170261464999108,0.030000000000000006,0.06904896564115903,0.0,0.0004486923327376576,0.02602524129120634,True,0.12012712206063299,reject,pre_step,drift_diffusion_then_jump,iid_bank,8,every_step,True,0.0,0.005203125000000003,236.56826549575214,77843,1.2770739681242337e-07,0.9941126890069473,1.1621373109930528e-05,0.0
LSC-CP-RA,"LSC-CP-RA (A=8), tamed",44d6ecf1abcc7ab097c151f5d67417fb,c87203a12406cc5114b7ffa2d8877465,True,1,4894,24.47,3050721008.9936748,953350.3153105234,4894.0,1252864.0,0.08580200565341724,0.000959432674892402,-1.627818936078551e-05,0.03750000000000003,0.06017907135527967,0.0,6.93416134390024e-05,0.011577037071885815,True,0.12012712206063299,reject,pre_step,drift_diffusion_then_jump,iid_bank,8,every_step,True,0.0,0.005203125000000003,236.56826549575214,77843,1.2770739681242337e-07,0.9941126890069473,1.1621373109930528e-05,0.0
LSC-CP-RA,"LSC-CP-RA (A=8), tamed",44d6ecf1abcc7ab097c151f5d67417fb,c87203a12406cc5114b7ffa2d8877465,True,2,4894,24.47,3050721008.9936748,953350.3153105234,4894.0,1252864.0,0.06382414275828006,0.0006055511037393879,-0.00039370813048478226,0.03375000000000006,0.07214925994707133,0.0,0.0002373509970771551,0.018525241291206335,True,0.12012712206063299,reject,pre_step,drift_diffusion_then_jump,iid_bank,8,every_step,True,0.0,0.005203125000000003,236.56826549575214,77843,1.2770739681242337e-07,0.9941126890069473,1.1621373109930528e-05,0.0
LSC-CP-RA,"LSC-CP-RA (A=8), tamed",44d6ecf1abcc7ab097c151f5d67417fb,c87203a12406cc5114b7ffa2d8877465,True,3,4894,24.47,3050721008.9936748,953350.3153105234,4894.0,1252864.0,0.045124288091043754,9.087771830440516e-05,-0.0008919702674378138,0.022500000000000075,0.06604338253755837,0.0,0.0004544762904054823,0.025102278363092187,True,0.12012712206063299,reject,pre_step,drift_diffusion_then_jump,iid_bank,8,every_step,True,0.0,0.005203125000000003,236.56826549575214,77843,1.2770739681242337e-07,0.9941126890069473,1.1621373109930528e-05,0.0
LSC-CP-RA,"LSC-CP-RA (A=8), tamed",44d6ecf1abcc7ab097c151f5d67417fb,c87203a12406cc5114b7ffa2d8877465,True,0,4953,24.765,3087499214.8642564,964843.5046450801,4953.0,1267968.0,0.05149726080592456,0.0004361219510989889,-0.0005563061826374671,0.027499999999999997,0.06403844251554192,0.0,0.00027028245241556784,0.020922962928114158,True,0.12012712206063299,reject,pre_step,drift_diffusion_then_jump,iid_bank,8,every_step,True,0.0,0.004804025423728815,323.16350377937084,78750,1.2618614980819704e-07,0.9937159297395518,1.1609125782354128e-05,0.0
LSC-CP-RA,"LSC-CP-RA (A=8), tamed",44d6ecf1abcc7ab097c151f5d67417fb,c87203a12406cc5114b7ffa2d8877465,True,1,4953,24.765,3087499214.8642564,964843.5046450801,4953.0,1267968.0,0.07795748999082083,0.0007487714576358551,-0.0002225591468536514,0.03875000000000001,0.06000377295437098,0.0,0.00022121917940371317,0.019077037071885794,True,0.12012712206063299,reject,pre_step,drift_diffusion_then_jump,iid_bank,8,every_step,True,0.0,0.004804025423728815,323.16350377937084,78750,1.2618614980819704e-07,0.9937159297395518,1.1609125782354128e-05,0.0
LSC-CP-RA,"LSC-CP-RA (A=8), tamed",44d6ecf1abcc7ab097c151f5d67417fb,c87203a12406cc5114b7ffa2d8877465,True,2,4953,24.765,3087499214.8642564,964843.5046450801,4953.0,1267968.0,0.06470497807974168,0.0007804458918362345,-0.0002095769488644761,0.040000000000000036,0.0660480445428594,0.0,0.00018625052031260615,0.018422962928114156,True,0.12012712206063299,reject,pre_step,drift_diffusion_then_jump,iid_bank,8,every_step,True,0.0,0.004804025423728815,323.16350377937084,78750,1.2618614980819704e-07,0.9937159297395518,1.1609125782354128e-05,0.0
LSC-CP-RA,"LSC-CP-RA (A=8), tamed",44d6ecf1abcc7ab097c151f5d67417fb,c87203a12406cc5114b7ffa2d8877465,True,3,4953,24.765,3087499214.8642564,964843.5046450801,4953.0,1267968.0,0.03960677531554614,5.260623586345048e-05,-0.0009302340811021548,0.026249999999999996,0.06130451246403368,0.0,0.0003585544548552861,0.02352524129120634,True,0.12012712206063299,reject,pre_step,drift_diffusion_then_jump,iid_bank,8,every_step,True,0.0,0.004804025423728815,323.16350377937084,78750,1.2618614980819704e-07,0.9937159297395518,1.1609125782354128e-05,0.0
LSC-CP-RA,"LSC-CP-RA (A=8), tamed",44d6ecf1abcc7ab097c151f5d67417fb,c87203a12406cc5114b7ffa2d8877465,True,0,5012,25.060000000000002,3124277420.734838,976336.6939796369,5012.0,1283072.0,0.07673847164569093,0.0009103458322203828,-7.710917776593273e-05,0.04125000000000001,0.06396675980927846,0.0,3.731338483498655e-05,0.008422962928114175,True,0.12012712206063299,reject,pre_step,drift_diffusion_then_jump,iid_bank,8,every_step,True,0.0,0.005005296610169492,320.48993783316473,79695,1.2470071827613728e-07,0.993802374301676,1.1659517158818834e-05,0.0
LSC-CP-RA,"LSC-CP-RA (A=8), tamed",44d6ecf1abcc7ab097c151f5d67417fb,c87203a12406cc5114b7ffa2d8877465,True,1,5012,25.060000000000002,3124277420.734838,976336.6939796369,5012.0,1283072.0,0.05195567987995689,0.0003606184755786668,-0.0006175181522592998,0.03125,0.06066761651507402,0.0,0.0001420767088058365,0.01385227836309219,True,0.12012712206063299,reject,pre_step,drift_diffusion_then_jump,iid_bank,8,every_step,True,0.0,0.005005296610169492,320.48993783316473,79695,1.2470071827613728e-07,0.993802374301676,1.1659517158818834e-05,0.0
LSC-CP-RA,"LSC-CP-RA (A=8), tamed",44d6ecf1abcc7ab097c151f5d67417fb,c87203a12406cc5114b7ffa2d8877465,True,2,5012,25.060000000000002,3124277420.734838,976336.6939796369,5012.0,1283072.0,0.05892611833842917,0.0008102861430553387,-0.00018245286838158847,0.05500000000000005,0.05963433679377805,0.0,0.00044575601062691456,0.028422962928114165,True,0.12012712206063299,reject,pre_step,drift_diffusion_then_jump,iid_bank,8,every_step,True,0.0,0.005005296610169492,320.48993783316473,79695,1.2470071827613728e-07,0.993802374301676,1.1659517158818834e-05,0.0
LSC-CP-RA,"LSC-CP-RA (A=8), tamed",44d6ecf1abcc7ab097c151f5d67417fb,c87203a12406cc5114b7ffa2d8877465,True,3,5012,25.060000000000002,3124277420.734838,976336.6939796369,5012.0,1283072.0,0.04415546827449525,0.00021694411065487085,-0.000772873157142473,0.02750000000000008,0.06358589202724318,0.0,0.0005182136225593686,0.029775241291206372,True,0.12012712206063299,reject,pre_step,drift_diffusion_then_jump,iid_bank,8,every_step,True,0.0,0.005005296610169492,320.48993783316473,79695,1.2470071827613728e-07,0.993802374301676,1.1659517158818834e-05,0.0
LSC-CP-RA,"LSC-CP-RA (A=8), tamed",44d6ecf1abcc7ab097c151f5d67417fb,c87203a12406cc5114b7ffa2d8877465,True,0,5072,25.36,3161678986.026955,988024.6831334234,5072.0,1298432.0,0.034879014329273345,0.00013862237062134408,-0.000853150106210232,0.03125,0.07015360444742724,0.0,0.00040701705646606617,0.026025241291206314,True,0.12012712206063299,reject,pre_step,drift_diffusion_then_jump,iid_bank,8,every_step,True,0.0,0.0049635416666666664,433.41683989336576,80648,1.232255520504732e-07,0.9937894321766562,1.158320189274448e-05,0.0
LSC-CP-RA,"LSC-CP-RA (A=8), tamed",44d6ecf1abcc7ab097c151f5d67417fb,c87203a12406cc5114b7ffa2d8877465,True,1,5072,25.36,3161678986.026955,988024.6831334234,5072.0,1298432.0,0.06649212936868326,0.0004334333533618784,-0.0005422638340863983,0.03499999999999992,0.06805328791716492,0.0,0.0008571089027312531,0.03510227836309218,True,0.12012712206063299,reject,pre_step,drift_diffusion_then_jump,iid_bank,8,every_step,True,0.0,0.0049635416666666664,433.41683989336576,80648,1.232255520504732e-07,0.9937894321766562,1.158320189274448e-05,0.0
LSC-CP-RA,"LSC-CP-RA (A=8), tamed",44d6ecf1abcc7ab097c151f5d67417fb,c87203a12406cc5114b7ffa2d8877465,True,2,5072,25.36,3161678986.026955,988024.6831334234,5072.0,1298432.0,0.048415239925608214,0.0010364835954658203,3.920024662118493e-05,0.06000000000000005,0.06726765914959254,0.0,0.00086088731740829,0.039672962928114175,True,0.12012712206063299,reject,pre_step,drift_diffusion_then_jump,iid_bank,8,every_step,True,0.0,0.0049635416666666664,433.41683989336576,80648,1.232255520504732e-07,0.9937894321766562,1.158320189274448e-05,0.0
LSC-CP-RA,"LSC-CP-RA (A=8), tamed",44d6ecf1abcc7ab097c151f5d67417fb,c87203a12406cc5114b7ffa2d8877465,True,3,5072,25.36,3161678986.026955,988024.6831334234,5072.0,1298432.0,0.04182101847694156,0.00039602658949711156,-0.0005957125599016511,0.03375000000000006,0.06351089120290743,0.0,0.000464969987674679,0.028525241291206344,True,0.12012712206063299,reject,pre_step,drift_diffusion_then_jump,iid_bank,8,every_step,True,0.0,0.0049635416666666664,433.41683989336576,80648,1.232255520504732e-07,0.9937894321766562,1.158320189274448e-05,0.0
LSC-CP-RA,"LSC-CP-RA (A=8), tamed",44d6ecf1abcc7ab097c151f5d67417fb,c87203a12406cc5114b7ffa2d8877465,True,0,5131,25.655,3198457191.8975368,999517.8724679803,5131.0,1313536.0,0.04671558822060074,0.00016689470672592854,-0.0008191118065273839,0.039999999999999925,0.06610462305059073,0.0,0.0003056072240966466,0.018852278363092195,True,0.12012712206063299,reject,pre_step,drift_diffusion_then_jump,iid_bank,8,every_step,True,0.0,0.005090042372881356,160.88957718207675,81609,1.2180861430520366e-07,0.9940679204833366,1.1450009744689145e-05,0.0
LSC-CP-RA,"LSC-CP-RA (A=8), tamed",44d6ecf1abcc7ab097c151f5d67417fb,c87203a12406cc5114b7ffa2d8877465,True,1,5131,25.655,3198457191.8975368,999517.8724679803,5131.0,1313536.0,0.053458914510910394,0.0002977944190865056,-0.0006765414575672368,0.028749999999999998,0.06712669522235604,0.0,0.0009443158730179074,0.03760227836309221,True,0.12012712206063299,reject,pre_step,drift_diffusion_then_jump,iid_bank,8,every_step,True,0.0,0.005090042372881356,160.88957718207675,81609,1.2180861430520366e-07,0.9940679204833366,1.1450009744689145e-05,0.0
LSC-CP-RA,"LSC-CP-RA (A=8), tamed",44d6ecf1abcc7ab097c151f5d67417fb,c87203a12406cc5114b7ffa2d8877465,True,2,5131,25.655,3198457191.8975368,999517.8724679803,5131.0,1313536.0,0.06123982146268529,0.0009148530153452183,-8.498901005282722e-05,0.05500000000000005,0.06349044345210575,0.0,0.0006686850843401829,0.0346729629281142,True,0.12012712206063299,reject,pre_step,drift_diffusion_then_jump,iid_bank,8,every_step,True,0.0,0.005090042372881356,160.88957718207675,81609,1.2180861430520366e-07,0.9940679204833366,1.1450009744689145e-05,0.0
LSC-CP-RA,"LSC-CP-RA (A=8), tamed",44d6ecf1abcc7ab097c151f5d67417fb,c87203a12406cc5114b7ffa2d8877465,True,3,5131,25.655,3198457191.8975368,999517.8724679803,5131.0,1313536.0,0.05592195507432355,0.0005451034176228164,-0.0004519433800107553,0.04749999999999999,0.07110905841001547,0.0,0.00044767135997015976,0.02717296292811419,True,0.12012712206063299,reject,pre_step,drift_diffusion_then_jump,iid_bank,8,every_step,True,0.0,0.005090042372881356,160.88957718207675,81609,1.2180861430520366e-07,0.9940679204833366,1.1450009744689145e-05,0.0
LSC-CP-RA,"LSC-CP-RA (A=8), tamed",44d6ecf1abcc7ab097c151f5d67417fb,c87203a12406cc5114b7ffa2d8877465,True,0,5191,25.955000000000002,3235858757.189654,1011205.8616217668,5191.0,1328896.0,0.0537871365845528,0.0002416002833813824,-0.0007377444044188719,0.028749999999999942,0.06291222984079403,0.0,0.00017889716744165247,0.016352278363092193,True,0.12012712206063299,reject,pre_step,drift_diffusion_then_jump,iid_bank,8,every_step,True,0.0,0.0050208333333333355,392.6831689736238,82573,1.204006935079946e-07,0.9941846465035639,1.1438065883259488e-05,0.0
LSC-CP-RA,"LSC-CP-RA (A=8), tamed",44d6ecf1abcc7ab097c151f5d67417fb,c87203a12406cc5114b7ffa2d8877465,True,1,5191,25.955000000000002,3235858757.189654,1011205.8616217668,5191.0,1328896.0,0.041566409659024875,0.00016789711412501518,-0.0008139892635279367,0.028749999999999998,0.06563934090153678,0.0,0.000993505286643043,0.03760227836309221,True,0.12012712206063299,reject,pre_step,drift_diffusion_then_jump,iid_bank,8,every_step,True,0.0,0.0050208333333333355,392.6831689736238,82573,1.204006935079946e-07,0.9941846465035639,1.1438065883259488e-05,0.0
LSC-CP-RA,"LSC-CP-RA (A=8), tamed",44d6ecf1abcc7ab097c151f5d67417fb,c87203a12406cc5114b7ffa2d8877465,True,2,5191,25.955000000000002,3235858757.189654,1011205.8616217668,5191.0,1328896.0,0.05497571374879168,0.0007256948733790347,-0.00027349790579289657,0.03624999999999995,0.06964198016598855,0.0,0.0007033947352324647,0.0346729629281142,True,0.12012712206063299,reject,pre_step,drift_diffusion_then_jump,iid_bank,8,every_step,True,0.0,0.0050208333333333355,392.6831689736238,82573,1.204006935079946e-07,0.9941846465035639,1.1438065883259488e-05,0.0
LSC-CP-RA,"LSC-CP-RA (A=8), tamed",44d6ecf1abcc7ab097c151f5d67417fb,c87203a12406cc5114b7ffa2d8877465,True,3,5191,25.955000000000002,3235858757.189654,1011205.8616217668,5191.0,1328896.0,0.05318265947235211,0.0002646969986165315,-0.0007300917145617314,0.025000000000000022,0.06417954890777633,0.0,0.0008267531868175679,0.03727524129120638,True,0.12012712206063299,reject,pre_step,drift_diffusion_then_jump,iid_bank,8,every_step,True,0.0,0.0050208333333333355,392.6831689736238,82573,1.204006935079946e-07,0.9941846465035639,1.1438065883259488e-05,0.0
LSC-CP-RA,"LSC-CP-RA (A=8), tamed",44d6ecf1abcc7ab097c151f5d67417fb,c87203a12406cc5114b7ffa2d8877465,True,0,5250,26.25,3272636963.0602355,1022699.0509563236,5250.0,1344000.0,0.08439117454202659,0.001304285664631366,0.00032711933579998576,0.03875000000000001,0.06611397708608535,0.0,5.4600641748773614e-05,0.010327037071885842,True,0.12012712206063299,reject,pre_step,drift_diffusion_then_jump,iid_bank,8,every_step,True,0.0,0.004740466101694916,138.47691011987507,83468,1.1904761904761904e-07,0.9936666666666667,1.1428571428571429e-05,0.0
LSC-CP-RA,"LSC-CP-RA (A=8), tamed",44d6ecf1abcc7ab097c151f5d67417fb,c87203a12406cc5114b7ffa2d8877465,True,1,5250,26.25,3272636963.0602355,1022699.0509563236,5250.0,1344000.0,0.04215685281657086,0.00015730007259595613,-0.0008309472676272245,0.018750000000000044,0.06907904360516826,0.0,0.0007971790618932105,0.03477524129120636,True,0.12012712206063299,reject,pre_step,drift_diffusion_then_jump,iid_bank,8,every_step,True,0.0,0.004740466101694916,138.47691011987507,83468,1.1904761904761904e-07,0.9936666666666667,1.1428571428571429e-05,0.0
LSC-CP-RA,"LSC-CP-RA (A=8), tamed",44d6ecf1abcc7ab097c151f5d67417fb,c87203a12406cc5114b7ffa2d8877465,True,2,5250,26.25,3272636963.0602355,1022699.0509563236,5250.0,1344000.0,0.05822999333455546,0.0009074936162496439,-8.747840183409572e-05,0.04875000000000007,0.06967917152225822,0.0,0.0004352915277882098,0.028422962928114193,True,0.12012712206063299,reject,pre_step,drift_diffusion_then_jump,iid_bank,8,every_step,True,0.0,0.004740466101694916,138.47691011987507,83468,1.1904761904761904e-07,0.9936666666666667,1.1428571428571429e-05,0.0
LSC-CP-RA,"LSC-CP-RA (A=8), tamed",44d6ecf1abcc7ab097c151f5d67417fb,c87203a12406cc5114b7ffa2d8877465,True,3,5250,26.25,3272636963.0602355,1022699.0509563236,5250.0,1344000.0,0.05422569588790166,0.00025663151052979227,-0.0007357986568039543,0.028750000000000053,0.06589696268255885,0.0,0.0009510240307998288,0.041025241291206355,True,0.12012712206063299,reject,pre_step,drift_diffusion_then_jump,iid_bank,8,every_step,True,0.0,0.004740466101694916,138.47691011987507,83468,1.1904761904761904e-07,0.9936666666666667,1.1428571428571429e-05,0.0
LSC-CP-RA,"LSC-CP-RA (A=8), tamed",44d6ecf1abcc7ab097c151f5d67417fb,c87203a12406cc5114b7ffa2d8877465,True,0,5309,26.545,3309415168.930817,1034192.2402908803,5309.0,1359104.0,0.06483869050489986,0.0010426924677210403,6.114758273700893e-05,0.057499999999999996,0.06368324681482918,0.0,0.00023207817488853696,0.020922962928114186,True,0.12012712206063299,reject,pre_step,drift_diffusion_then_jump,iid_bank,8,every_step,True,0.0,0.004819915254237288,416.40646995093107,84378,1.1772461857223583e-07,0.9933367865888114,1.1595874929365228e-05,0.0
LSC-CP-RA,"LSC-CP-RA (A=8), tamed",44d6ecf1abcc7ab097c151f5d67417fb,c87203a12406cc5114b7ffa2d8877465,True,1,5309,26.545,3309415168.930817,1034192.2402908803,5309.0,1359104.0,0.03625071409962759,0.00015240297201457587,-0.0008290009765777873,0.028749999999999998,0.06374847303612696,0.0,0.0008909631218568948,0.033852278363092195,True,0.12012712206063299,reject,pre_step,drift_diffusion_then_jump,iid_bank,8,every_step,True,0.0,0.004819915254237288,416.40646995093107,84378,1.1772461857223583e-07,0.9933367865888114,1.1595874929365228e-05,0.0
LSC-CP-RA,"LSC-CP-RA (A=8), tamed",44d6ecf1abcc7ab097c151f5d67417fb,c87203a12406cc5114b7ffa2d8877465,True,2,5309,26.545,3309415168.930817,1034192.2402908803,5309.0,1359104.0,0.04952947566896643,0.0007343125499281733,-0.00026000171715745424,0.057499999999999996,0.06722417034162464,0.0,0.0007390901764873555,0.03592296292811417,True,0.12012712206063299,reject,pre_step,drift_diffusion_then_jump,iid_bank,8,every_step,True,0.0,0.004819915254237288,416.40646995093107,84378,1.1772461857223583e-07,0.9933367865888114,1.1595874929365228e-05,0.0
LSC-CP-RA,"LSC-CP-RA (A=8), tamed",44d6ecf1abcc7ab097c151f5d67417fb,c87203a12406cc5114b7ffa2d8877465,True,3,5309,26.545,3309415168.930817,1034192.2402908803,5309.0,1359104.0,0.054525033336051396,0.0002975376242321248,-0.0006943195836197624,0.02250000000000002,0.06314584912237431,0.0,0.0009368586643873555,0.03977524129120637,True,0.12012712206063299,reject,pre_step,drift_diffusion_then_jump,iid_bank,8,every_step,True,0.0,0.004819915254237288,416.40646995093107,84378,1.1772461857223583e-07,0.9933367865888114,1.1595874929365228e-05,0.0
LSC-CP-RA,"LSC-CP-RA (A=8), tamed",44d6ecf1abcc7ab097c151f5d67417fb,c87203a12406cc5114b7ffa2d8877465,True,0,5369,26.845,3346816734.2229342,1045880.229444667,5369.0,1374464.0,0.05256279053521001,0.00032085753178368037,-0.0006583863076826679,0.04124999999999995,0.06362332498426959,0.0,0.0001244833403661052,0.012602278363092217,True,0.12012712206063299,reject,pre_step,drift_diffusion_then_jump,iid_bank,8,every_step,True,0.0,0.0047343750000000025,154.73176916662044,85287,1.1640901471409946e-07,0.99281756379214,1.1582696964052896e-05,0.0
LSC-CP-RA,"LSC-CP-RA (A=8), tamed",44d6ecf1abcc7ab097c151f5d67417fb,c87203a12406cc5114b7ffa2d8877465,True,1,5369,26.845,3346816734.2229342,1045880.229444667,5369.0,1374464.0,0.030281132964387305,0.00011620741776796617,-0.0008603375015314718,0.035,0.0630546239300781,0.0,0.000801338872848085,0.033852278363092195,True,0.12012712206063299,reject,pre_step,drift_diffusion_then_jump,iid_bank,8,every_step,True,0.0,0.0047343750000000025,154.73176916662044,85287,1.1640901471409946e-07,0.99281756379214,1.1582696964052896e-05,0.0
LSC-CP-RA,"LSC-CP-RA (A=8), tamed",44d6ecf1abcc7ab097c151f5d67417fb,c87203a12406cc5114b7ffa2d8877465,True,2,5369,26.845,3346816734.2229342,1045880.229444667,5369.0,1374464.0,0.03340075391793172,0.00013149704274995067,-0.0008503906063060951,0.03874999999999995,0.05986232275540049,0.0,0.00030707865638660513,0.021025241291206337,True,0.12012712206063299,reject,pre_step,drift_diffusion_then_jump,iid_bank,8,every_step,True,0.0,0.0047343750000000025,154.73176916662044,85287,1.1640901471409946e-07,0.99281756379214,1.1582696964052896e-05,0.0
LSC-CP-RA,"LSC-CP-RA (A=8), tamed",44d6ecf1abcc7ab097c151f5d67417fb,c87203a12406cc5114b7ffa2d8877465,True,3,5369,26.845,3346816734.2229342,1045880.229444667,5369.0,1374464.0,0.05997534367278154,0.0003864723657165392,-0.0006048191230657585,0.034999999999999976,0.06832719174153645,0.0,0.0011961685695986842,0.042275241291206314,True,0.12012712206063299,reject,pre_step,drift_diffusion_then_jump,iid_bank,8,every_step,True,0.0,0.0047343750000000025,154.73176916662044,85287,1.1640901471409946e-07,0.99281756379214,1.1582696964052896e-05,0.0
LSC-CP-RA,"LSC-CP-RA (A=8), tamed",44d6ecf1abcc7ab097c151f5d67417fb,c87203a12406cc5114b7ffa2d8877465,True,0,5428,27.14,3383594940.093516,1057373.4187792237,5428.0,1389568.0,0.03801444011820111,0.0002047097001626197,-0.0007772338847107374,0.03499999999999992,0.06566170311464004,0.0,0.00018077819189087486,0.01727524129120636,True,0.12012712206063299,reject,pre_step,drift_diffusion_then_jump,iid_bank,8,every_step,True,0.0,0.005354872881355933,163.98236325981767,86298,1.1514369933677229e-07,0.9936670965364776,1.1744657332350773e-05,0.0
LSC-CP-RA,"LSC-CP-RA (A=8), tamed",44d6ecf1abcc7ab097c151f5d67417fb,c87203a12406cc5114b7ffa2d8877465,True,1,5428,27.14,3383594940.093516,1057373.4187792237,5428.0,1389568.0,0.03695201875095609,4.32639083419728e-05,-0.000939360879748885,0.022500000000000075,0.0595484574166506,0.0,0.0007559981060546795,0.03135227836309219,True,0.12012712206063299,reject,pre_step,drift_diffusion_then_jump,iid_bank,8,every_step,True,0.0,0.005354872881355933,163.98236325981767,86298,1.1514369933677229e-07,0.9936670965364776,1.1744657332350773e-05,0.0
LSC-CP-RA,"LSC-CP-RA (A=8), tamed",44d6ecf1abcc7ab097c151f5d67417fb,c87203a12406cc5114b7ffa2d8877465,True,2,5428,27.14,3383594940.093516,1057373.4187792237,5428.0,1389568.0,0.045998324203687865,0.00010472957804041894,-0.0008740650818784834,0.024999999999999994,0.06249649502282928,0.0,0.0003427220889584998,0.021352278363092198,True,0.12012712206063299,reject,pre_step,drift_diffusion_then_jump,iid_bank,8,every_step,True,0.0,0.005354872881355933,163.98236325981767,86298,1.1514369933677229e-07,0.9936670965364776,1.1744657332350773e-05,0.0
LSC-CP-RA,"LSC-CP-RA (A=8), tamed",44d6ecf1abcc7ab097c151f5d67417fb,c87203a12406cc5114b7ffa2d8877465,True,3,5428,27.14,3383594940.093516,1057373.4187792237,5428.0,1389568.0,0.052005347202952565,0.000328666098500352,-0.0006658183324629308,0.028750000000000053,0.06750176790451923,0.0,0.000957767264342122,0.041025241291206355,True,0.12012712206063299,reject,pre_step,drift_diffusion_then_jump,iid_bank,8,every_step,True,0.0,0.005354872881355933,163.98236325981767,86298,1.1514369933677229e-07,0.9936670965364776,1.1744657332350773e-05,0.0
LSC-CP-RA,"LSC-CP-RA (A=8), tamed",44d6ecf1abcc7ab097c151f5d67417fb,c87203a12406cc5114b7ffa2d8877465,True,0,5488,27.44,3420996505.385633,1069061.4079330103,5488.0,1404928.0,0.054605778698227775,0.0002982062314590417,-0.0006782480292480964,0.030000000000000027,0.07089325584142048,0.0,0.00030455142006786343,0.021352278363092198,True,0.12012712206063299,reject,pre_step,drift_diffusion_then_jump,iid_bank,8,every_step,True,0.0,0.005088541666666667,151.39056330489052,87275,1.1388483965014578e-07,0.9939299380466472,1.184402332361516e-05,0.0
LSC-CP-RA,"LSC-CP-RA (A=8), tamed",44d6ecf1abcc7ab097c151f5d67417fb,c87203a12406cc5114b7ffa2d8877465,True,1,5488,27.44,3420996505.385633,1069061.4079330103,5488.0,1404928.0,0.03668233245735394,6.22202873561406e-05,-0.0009200065765871956,0.03,0.06510509070482173,0.0,0.0003242668861128738,0.019775241291206364,True,0.12012712206063299,reject,pre_step,drift_diffusion_then_jump,iid_bank,8,every_step,True,0.0,0.005088541666666667,151.39056330489052,87275,1.1388483965014578e-07,0.9939299380466472,1.184402332361516e-05,0.0
LSC-CP-RA,"LSC-CP-RA (A=8), tamed",44d6ecf1abcc7ab097c151f5d67417fb,c87203a12406cc5114b7ffa2d8877465,True,2,5488,27.44,3420996505.385633,1069061.4079330103,5488.0,1404928.0,0.05578569137717611,0.0003622547668046261,-0.0006186657852191857,0.040000000000000036,0.06548676572734125,0.0,0.00016216120402007803,0.015102278363092164,True,0.12012712206063299,reject,pre_step,drift_diffusion_then_jump,iid_bank,8,every_step,True,0.0,0.005088541666666667,151.39056330489052,87275,1.1388483965014578e-07,0.9939299380466472,1.184402332361516e-05,0.0
LSC-CP-RA,"LSC-CP-RA (A=8), tamed",44d6ecf1abcc7ab097c151f5d67417fb,c87203a12406cc5114b7ffa2d8877465,True,3,5488,27.44,3420996505.385633,1069061.4079330103,5488.0,1404928.0,0.049600641175714735,0.00019613963132947276,-0.0007902136077486688,0.03999999999999998,0.06508210660421554,0.0,0.0009147009519385148,0.03477524129120635,True,0.12012712206063299,reject,pre_step,drift_diffusion_then_jump,iid_bank,8,every_step,True,0.0,0.005088541666666667,151.39056330489052,87275,1.1388483965014578e-07,0.9939299380466472,1.184402332361516e-05,0.0
LSC-CP-RA,"LSC-CP-RA (A=8), tamed",44d6ecf1abcc7ab097c151f5d67417fb,c87203a12406cc5114b7ffa2d8877465,True,0,5547,27.735,3457774711.2562146,1080554.5972675672,5547.0,1420032.0,0.07122533235303075,0.0006874252827759886,-0.0002897671424963999,0.030000000000000027,0.05704920016182613,0.0,9.292634418646417e-05,0.011352278363092216,True,0.12012712206063299,reject,pre_step,drift_diffusion_then_jump,iid_bank,8,every_step,True,0.0,0.00492584745762712,156.1141845818322,88205,1.1267351721651343e-07,0.9938367586082567,1.183071930773391e-05,0.0
LSC-CP-RA,"LSC-CP-RA (A=8), tamed",44d6ecf1abcc7ab097c151f5d67417fb,c87203a12406cc5114b7ffa2d8877465,True,1,5547,27.735,3457774711.2562146,1080554.5972675672,5547.0,1420032.0,0.053324999804733195,0.000546751077104557,-0.0004333069288778857,0.057499999999999996,0.06363402469774138,0.0,0.0001420767088058365,0.01385227836309219,True,0.12012712206063299,reject,pre_step,drift_diffusion_then_jump,iid_bank,8,every_step,True,0.0,0.00492584745762712,156.1141845818322,88205,1.1267351721651343e-07,0.9938367586082567,1.183071930773391e-05,0.0
LSC-CP-RA,"LSC-CP-RA (A=8), tamed",44d6ecf1abcc7ab097c151f5d67417fb,c87203a12406cc5114b7ffa2d8877465,True,2,5547,27.735,3457774711.2562146,1080554.5972675672,5547.0,1420032.0,0.041318434301033984,0.0005001342872926751,-0.0004935473295346604,0.03249999999999997,0.05743085682992033,0.0,0.00046717535901492045,0.02717296292811419,True,0.12012712206063299,reject,pre_step,drift_diffusion_then_jump,iid_bank,8,every_step,True,0.0,0.00492584745762712,156.1141845818322,88205,1.1267351721651343e-07,0.9938367586082567,1.183071930773391e-05,0.0
LSC-CP-RA,"LSC-CP-RA (A=8), tamed",44d6ecf1abcc7ab097c151f5d67417fb,c87203a12406cc5114b7ffa2d8877465,True,3,5547,27.735,3457774711.2562146,1080554.5972675672,5547.0,1420032.0,0.02806635595486536,6.878679700039747e-05,-0.0009119281489053943,0.021250000000000047,0.05574897261951617,0.0,0.0005185158561700361,0.027275241291206342,True,0.12012712206063299,reject,pre_step,drift_diffusion_then_jump,iid_bank,8,every_step,True,0.0,0.00492584745762712,156.1141845818322,88205,1.1267351721651343e-07,0.9938367586082567,1.183071930773391e-05,0.0
LSC-CP-RA,"LSC-CP-RA (A=8), tamed",44d6ecf1abcc7ab097c151f5d67417fb,c87203a12406cc5114b7ffa2d8877465,True,0,5606,28.03,3494552917.1267962,1092047.7866021239,5606.0,1435136.0,0.08831778131119992,0.0018585518668658985,0.0008796021138159915,0.062499999999999944,0.0690218302871971,0.0,4.2834232326395376e-05,0.009077037071885813,True,0.12012712206063299,reject,pre_step,drift_diffusion_then_jump,iid_bank,8,every_step,True,0.0,0.004878177966101695,154.91921670939163,89126,1.1148769175882982e-07,0.9936452015697467,1.1761951480556546e-05,0.0
LSC-CP-RA,"LSC-CP-RA (A=8), tamed",44d6ecf1abcc7ab097c151f5d67417fb,c87203a12406cc5114b7ffa2d8877465,True,1,5606,28.03,3494552917.1267962,1092047.7866021239,5606.0,1435136.0,0.06166173023215815,0.0004327592121043944,-0.0005416522795043122,0.040000000000000036,0.06832810446111837,0.0,0.0003780116823282123,0.0238522783630922,True,0.12012712206063299,reject,pre_step,drift_diffusion_then_jump,iid_bank,8,every_step,True,0.0,0.004878177966101695,154.91921670939163,89126,1.1148769175882982e-07,0.9936452015697467,1.1761951480556546e-05,0.0
LSC-CP-RA,"LSC-CP-RA (A=8), tamed",44d6ecf1abcc7ab097c151f5d67417fb,c87203a12406cc5114b7ffa2d8877465,True,2,5606,28.03,3494552917.1267962,1092047.7866021239,5606.0,1435136.0,0.050720864197056785,0.0003801491688901759,-0.0006165506993305314,0.025000000000000022,0.06251865353321184,0.0,0.0005876756853439953,0.031025241291206346,True,0.12012712206063299,reject,pre_step,drift_diffusion_then_jump,iid_bank,8,every_step,True,0.0,0.004878177966101695,154.91921670939163,89126,1.1148769175882982e-07,0.9936452015697467,1.1761951480556546e-05,0.0
LSC-CP-RA,"LSC-CP-RA (A=8), tamed",44d6ecf1abcc7ab097c151f5d67417fb,c87203a12406cc5114b7ffa2d8877465,True,3,5606,28.03,3494552917.1267962,1092047.7866021239,5606.0,1435136.0,0.01859916727479681,2.974233654273739e-05,-0.0009517740761995075,0.020000000000000018,0.05464871547618799,0.0,0.0005696890184031908,0.026025241291206355,True,0.12012712206063299,reject,pre_step,drift_diffusion_then_jump,iid_bank,8,every_step,True,0.0,0.004878177966101695,154.91921670939163,89126,1.1148769175882982e-07,0.9936452015697467,1.1761951480556546e-05,0.0
LSC-CP-RA,"LSC-CP-RA (A=8), tamed",44d6ecf1abcc7ab097c151f5d67417fb,c87203a12406cc5114b7ffa2d8877465,True,0,5666,28.330000000000002,3531954482.4189134,1103735.7757559104,5666.0,1450496.0,0.07161897946629486,0.0011417472270349727,0.000167646663487786,0.05874999999999997,0.06078285535724037,0.0,5.549395727260146e-05,0.008852278363092214,True,0.12012712206063299,reject,pre_step,drift_diffusion_then_jump,iid_bank,8,every_step,True,0.0,0.0049479166666666664,349.84361008764273,90076,1.1030709495234734e-07,0.9936021884927638,1.1747705612424992e-05,0.0
LSC-CP-RA,"LSC-CP-RA (A=8), tamed",44d6ecf1abcc7ab097c151f5d67417fb,c87203a12406cc5114b7ffa2d8877465,True,1,5666,28.330000000000002,3531954482.4189134,1103735.7757559104,5666.0,1450496.0,0.04931223982063222,0.00019951814429586268,-0.0007788277917835096,0.026249999999999996,0.0642412424582729,0.0,0.00020275177001814087,0.016352278363092193,True,0.12012712206063299,reject,pre_step,drift_diffusion_then_jump,iid_bank,8,every_step,True,0.0,0.0049479166666666664,349.84361008764273,90076,1.1030709495234734e-07,0.9936021884927638,1.1747705612424992e-05,0.0
LSC-CP-RA,"LSC-CP-RA (A=8), tamed",44d6ecf1abcc7ab097c151f5d67417fb,c87203a12406cc5114b7ffa2d8877465,True,2,5666,28.330000000000002,3531954482.4189134,1103735.7757559104,5666.0,1450496.0,0.06048802399241302,0.0008727798048772106,-0.00013175384275854185,0.03875000000000006,0.06086698554431769,0.0,0.0009004596009115177,0.038422962928114174,True,0.12012712206063299,reject,pre_step,drift_diffusion_then_jump,iid_bank,8,every_step,True,0.0,0.0049479166666666664,349.84361008764273,90076,1.1030709495234734e-07,0.9936021884927638,1.1747705612424992e-05,0.0
LSC-CP-RA,"LSC-CP-RA (A=8), tamed",44d6ecf1abcc7ab097c151f5d67417fb,c87203a12406cc5114b7ffa2d8877465,True,3,5666,28.330000000000002,3531954482.4189134,1103735.7757559104,5666.0,1450496.0,0.05007813897430428,0.0003221512139112148,-0.0006725017076221196,0.03500000000000003,0.06792176247618187,0.0,0.0004491152130572801,0.02602524129120634,True,0.12012712206063299,reject,pre_step,drift_diffusion_then_jump,iid_bank,8,every_step,True,0.0,0.0049479166666666664,349.84361008764273,90076,1.1030709495234734e-07,0.9936021884927638,1.1747705612424992e-05,0.0
LSC-CP-RA,"LSC-CP-RA (A=8), tamed",44d6ecf1abcc7ab097c151f5d67417fb,c87203a12406cc5114b7ffa2d8877465,True,0,5725,28.625,3568732688.289495,1115228.9650904671,5725.0,1465600.0,0.09548910703231321,0.002069992531387954,0.0010923641959564856,0.04875000000000007,0.060849904579593606,0.0,7.779069835931786e-05,0.010224758708793663,True,0.12012712206063299,reject,pre_step,drift_diffusion_then_jump,iid_bank,8,every_step,True,0.0,0.0050211864406779685,303.79171239286296,91024,1.091703056768559e-07,0.993711790393013,1.1626637554585153e-05,0.0
LSC-CP-RA,"LSC-CP-RA (A=8), tamed",44d6ecf1abcc7ab097c151f5d67417fb,c87203a12406cc5114b7ffa2d8877465,True,1,5725,28.625,3568732688.289495,1115228.9650904671,5725.0,1465600.0,0.05668724103947417,0.00032128962185717924,-0.0006531788874201139,0.035,0.06065217425394176,0.0,0.0002644381541258879,0.02010227836309221,True,0.12012712206063299,reject,pre_step,drift_diffusion_then_jump,iid_bank,8,every_step,True,0.0,0.0050211864406779685,303.79171239286296,91024,1.091703056768559e-07,0.993711790393013,1.1626637554585153e-05,0.0
LSC-CP-RA,"LSC-CP-RA (A=8), tamed",44d6ecf1abcc7ab097c151f5d67417fb,c87203a12406cc5114b7ffa2d8877465,True,2,5725,28.625,3568732688.289495,1115228.9650904671,5725.0,1465600.0,0.06949709050546725,0.0012496826882372192,0.0002402407433627074,0.04500000000000004,0.06976082438722064,0.0,0.0013034916098103207,0.04467296292811415,True,0.12012712206063299,reject,pre_step,drift_diffusion_then_jump,iid_bank,8,every_step,True,0.0,0.0050211864406779685,303.79171239286296,91024,1.091703056768559e-07,0.993711790393013,1.1626637554585153e-05,0.0
LSC-CP-RA,"LSC-CP-RA (A=8), tamed",44d6ecf1abcc7ab097c151f5d67417fb,c87203a12406cc5114b7ffa2d8877465,True,3,5725,28.625,3568732688.289495,1115228.9650904671,5725.0,1465600.0,0.06596940346314387,0.0011280011702448078,0.0001426170792609982,0.07000000000000006,0.06451742045921915,0.0,0.00011403226909180875,0.01467296292811418,True,0.12012712206063299,reject,pre_step,drift_diffusion_then_jump,iid_bank,8,every_step,True,0.0,0.0050211864406779685,303.79171239286296,91024,1.091703056768559e-07,0.993711790393013,1.1626637554585153e-05,0.0
LSC-CP-RA,"LSC-CP-RA (A=8), tamed",44d6ecf1abcc7ab097c151f5d67417fb,c87203a12406cc5114b7ffa2d8877465,True,0,5784,28.92,3605510894.1600766,1126722.154425024,5784.0,1480704.0,0.07663859606507968,0.0011823405985680324,0.00020138734547103798,0.05125000000000002,0.06716596623263038,0.0,2.788616804663322e-05,0.006147721636907799,True,0.12012712206063299,reject,pre_step,drift_diffusion_then_jump,iid_bank,8,every_step,True,0.0,0.004804025423728813,380.4191810548619,91931,1.080567081604426e-07,0.9933761237897649,1.1562067773167358e-05,0.0
LSC-CP-RA,"LSC-CP-RA (A=8), tamed",44d6ecf1abcc7ab097c151f5d67417fb,c87203a12406cc5114b7ffa2d8877465,True,1,5784,28.92,3605510894.1600766,1126722.154425024,5784.0,1480704.0,0.061381910011577126,0.0005843129950722226,-0.0003861975461308953,0.030000000000000027,0.06177290125342516,0.0,0.0006406223689141748,0.030102278363092205,True,0.12012712206063299,reject,pre_step,drift_diffusion_then_jump,iid_bank,8,every_step,True,0.0,0.004804025423728813,380.4191810548619,91931,1.080567081604426e-07,0.9933761237897649,1.1562067773167358e-05,0.0
LSC-CP-RA,"LSC-CP-RA (A=8), tamed",44d6ecf1abcc7ab097c151f5d67417fb,c87203a12406cc5114b7ffa2d8877465,True,2,5784,28.92,3605510894.1600766,1126722.154425024,5784.0,1480704.0,0.0425011299348557,0.000486848417172725,-0.0005092828489560164,0.040000000000000036,0.06580483556344219,0.0,0.0005394743690907778,0.029775241291206372,True,0.12012712206063299,reject,pre_step,drift_diffusion_then_jump,iid_bank,8,every_step,True,0.0,0.004804025423728813,380.4191810548619,91931,1.080567081604426e-07,0.9933761237897649,1.1562067773167358e-05,0.0
LSC-CP-RA,"LSC-CP-RA (A=8), tamed",44d6ecf1abcc7ab097c151f5d67417fb,c87203a12406cc5114b7ffa2d8877465,True,3,5784,28.92,3605510894.1600766,1126722.154425024,5784.0,1480704.0,0.06256809103772157,0.0006163359021799097,-0.0003601240554109708,0.03,0.05891261530847425,0.0,2.6960724194269195e-05,0.006025241291206379,True,0.12012712206063299,reject,pre_step,drift_diffusion_then_jump,iid_bank,8,every_step,True,0.0,0.004804025423728813,380.4191810548619,91931,1.080567081604426e-07,0.9933761237897649,1.1562067773167358e-05,0.0
LSC-CP-RA,"LSC-CP-RA (A=8), tamed",44d6ecf1abcc7ab097c151f5d67417fb,c87203a12406cc5114b7ffa2d8877465,True,0,5844,29.22,3642912459.4521937,1138410.1435788106,5844.0,1496064.0,0.061183842782127865,0.00048033184762419356,-0.0005063507096073616,0.03499999999999992,0.05850475134024791,0.0,0.00013782680862674214,0.01467296292811418,True,0.12012712206063299,reject,pre_step,drift_diffusion_then_jump,iid_bank,8,every_step,True,0.0,0.0050572916666666665,155.8502780050807,92902,1.069472963723477e-07,0.9935617727583846,1.1496834360027378e-05,0.0
LSC-CP-RA,"LSC-CP-RA (A=8), tamed",44d6ecf1abcc7ab097c151f5d67417fb,c87203a12406cc5114b7ffa2d8877465,True,1,5844,29.22,3642912459.4521937,1138410.1435788106,5844.0,1496064.0,0.040568553249243626,8.116115495138132e-05,-0.0009006471246543191,0.022499999999999992,0.06399845560305417,0.0,0.0006576152694887623,0.030102278363092205,True,0.12012712206063299,reject,pre_step,drift_diffusion_then_jump,iid_bank,8,every_step,True,0.0,0.0050572916666666665,155.8502780050807,92902,1.069472963723477e-07,0.9935617727583846,1.1496834360027378e-05,0.0
LSC-CP-RA,"LSC-CP-RA (A=8), tamed",44d6ecf1abcc7ab097c151f5d67417fb,c87203a12406cc5114b7ffa2d8877465,True,2,5844,29.22,3642912459.4521937,1138410.1435788106,5844.0,1496064.0,0.04736360550250679,0.00034206842225326106,-0.00065304908333641,0.04249999999999998,0.07193975828485111,0.0,0.0007844822541681912,0.03477524129120638,True,0.12012712206063299,reject,pre_step,drift_diffusion_then_jump,iid_bank,8,every_step,True,0.0,0.0050572916666666665,155.8502780050807,92902,1.069472963723477e-07,0.9935617727583846,1.1496834360027378e-05,0.0
LSC-CP-RA,"LSC-CP-RA (A=8), tamed",44d6ecf1abcc7ab097c151f5d67417fb,c87203a12406cc5114b7ffa2d8877465,True,3,5844,29.22,3642912459.4521937,1138410.1435788106,5844.0,1496064.0,0.06931699911996521,0.0007716805224247114,-0.0001998351390629649,0.04375000000000007,0.06591351669842571,0.0,0.00044430431898424046,0.024077037071885826,True,0.12012712206063299,reject,pre_step,drift_diffusion_then_jump,iid_bank,8,every_step,True,0.0,0.0050572916666666665,155.8502780050807,92902,1.069472963723477e-07,0.9935617727583846,1.1496834360027378e-05,0.0
LSC-CP-RA,"LSC-CP-RA (A=8), tamed",44d6ecf1abcc7ab097c151f5d67417fb,c87203a12406cc5114b7ffa2d8877465,True,0,5903,29.515,3679690665.3227754,1149903.3329133673,5903.0,1511168.0,0.050341358037552554,0.00073075546457535,-0.00026502076563217347,0.05500000000000005,0.0641058435752202,0.0,0.0005688088403083703,0.032172962928114196,True,0.12012712206063299,reject,pre_step,drift_diffusion_then_jump,iid_bank,8,every_step,True,0.0,0.004968220338983053,176.55937595277038,93840,1.0587836693206845e-07,0.9935625952905303,1.1487802812129426e-05,0.0
LSC-CP-RA,"LSC-CP-RA (A=8), tamed",44d6ecf1abcc7ab097c151f5d67417fb,c87203a12406cc5114b7ffa2d8877465,True,1,5903,29.515,3679690665.3227754,1149903.3329133673,5903.0,1511168.0,0.049940719157811106,0.0002999064175082111,-0.0006813676315950978,0.044999999999999984,0.05758891890313833,0.0,0.0002505800201537241,0.017602278363092166,True,0.12012712206063299,reject,pre_step,drift_diffusion_then_jump,iid_bank,8,every_step,True,0.0,0.004968220338983053,176.55937595277038,93840,1.0587836693206845e-07,0.9935625952905303,1.1487802812129426e-05,0.0
LSC-CP-RA,"LSC-CP-RA (A=8), tamed",44d6ecf1abcc7ab097c151f5d67417fb,c87203a12406cc5114b7ffa2d8877465,True,2,5903,29.515,3679690665.3227754,1149903.3329133673,5903.0,1511168.0,0.04752647525603406,0.00018176140613623826,-0.0008097606897711218,0.030000000000000027,0.06674589087722982,0.0,0.0006531583302676657,0.03352524129120635,True,0.12012712206063299,reject,pre_step,drift_diffusion_then_jump,iid_bank,8,every_step,True,0.0,0.004968220338983053,176.55937595277038,93840,1.0587836693206845e-07,0.9935625952905303,1.1487802812129426e-05,0.0
LSC-CP-RA,"LSC-CP-RA (A=8), tamed",44d6ecf1abcc7ab097c151f5d67417fb,c87203a12406cc5114b7ffa2d8877465,True,3,5903,29.515,3679690665.3227754,1149903.3329133673,5903.0,1511168.0,0.060561525011415825,0.00042962366521714923,-0.0005476180746104564,0.040000000000000036,0.06603216092738062,0.0,0.0003780116823282123,0.0238522783630922,True,0.12012712206063299,reject,pre_step,drift_diffusion_then_jump,iid_bank,8,every_step,True,0.0,0.004968220338983053,176.55937595277038,93840,1.0587836693206845e-07,0.9935625952905303,1.1487802812129426e-05,0.0
LSC-CP-RA,"LSC-CP-RA (A=8), tamed",44d6ecf1abcc7ab097c151f5d67417fb,c87203a12406cc5114b7ffa2d8877465,True,0,5962,29.810000000000002,3716468871.193357,1161396.522247924,5962.0,1526272.0,0.06444663408423829,0.0010682184985074672,7.846735425220963e-05,0.04625000000000001,0.06329134754567123,0.0,0.0001600015666188906,0.017172962928114183,True,0.12012712206063299,reject,pre_step,drift_diffusion_then_jump,iid_bank,8,every_step,True,0.0,0.005090042372881356,256.04475862845067,94801,1.0483059376048305e-07,0.9938045119087554,1.1583780610533379e-05,0.0
LSC-CP-RA,"LSC-CP-RA (A=8), tamed",44d6ecf1abcc7ab097c151f5d67417fb,c87203a12406cc5114b7ffa2d8877465,True,1,5962,29.810000000000002,3716468871.193357,1161396.522247924,5962.0,1526272.0,0.07173496707368951,0.0009075079495092231,-6.592754978007598e-05,0.062499999999999944,0.05664715011942256,0.0,0.0002195580609083152,0.017602278363092194,True,0.12012712206063299,reject,pre_step,drift_diffusion_then_jump,iid_bank,8,every_step,True,0.0,0.005090042372881356,256.04475862845067,94801,1.0483059376048305e-07,0.9938045119087554,1.1583780610533379e-05,0.0
LSC-CP-RA,"LSC-CP-RA (A=8), tamed",44d6ecf1abcc7ab097c151f5d67417fb,c87203a12406cc5114b7ffa2d8877465,True,2,5962,29.810000000000002,3716468871.193357,1161396.522247924,5962.0,1526272.0,0.06002565607936032,0.0004024272223591696,-0.0005923203859830029,0.02749999999999997,0.06099483396910499,0.0,0.0010910555131537587,0.04227524129120633,True,0.12012712206063299,reject,pre_step,drift_diffusion_then_jump,iid_bank,8,every_step,True,0.0,0.005090042372881356,256.04475862845067,94801,1.0483059376048305e-07,0.9938045119087554,1.1583780610533379e-05,0.0
LSC-CP-RA,"LSC-CP-RA (A=8), tamed",44d6ecf1abcc7ab097c151f5d67417fb,c87203a12406cc5114b7ffa2d8877465,True,3,5962,29.810000000000002,3716468871.193357,1161396.522247924,5962.0,1526272.0,0.04623095842175255,8.90121454434345e-05,-0.0008965603344747164,0.023749999999999993,0.06298023400900221,0.0,0.0006520054234205885,0.028852278363092204,True,0.12012712206063299,reject,pre_step,drift_diffusion_then_jump,iid_bank,8,every_step,True,0.0,0.005090042372881356,256.04475862845067,94801,1.0483059376048305e-07,0.9938045119087554,1.1583780610533379e-05,0.0
LSC-CP-RA,"LSC-CP-RA (A=8), tamed",44d6ecf1abcc7ab097c151f5d67417fb,c87203a12406cc5114b7ffa2d8877465,True,0,6022,30.11,3753870436.485474,1173084.5114017106,6022.0,1541632.0,0.0653531643923734,0.0006530016179818743,-0.0003366691744339789,0.04125000000000001,0.06668958878751641,0.0,0.00020721129575518738,0.019672962928114185,True,0.12012712206063299,reject,pre_step,drift_diffusion_then_jump,iid_bank,8,every_step,True,0.0,0.005182291666666665,497.74511592680796,95796,1.0378611756891398e-07,0.9942294918631683,1.1624045167718365e-05,0.0
LSC-CP-RA,"LSC-CP-RA (A=8), tamed",44d6ecf1abcc7ab097c151f5d67417fb,c87203a12406cc5114b7ffa2d8877465,True,1,6022,30.11,3753870436.485474,1173084.5114017106,6022.0,1541632.0,0.040757146586897684,0.00012711354202088465,-0.0008625842967084907,0.032500000000000084,0.07058174635985437,0.0,0.0003743524999465617,0.02352524129120631,True,0.12012712206063299,reject,pre_step,drift_diffusion_then_jump,iid_bank,8,every_step,True,0.0,0.005182291666666665,497.74511592680796,95796,1.0378611756891398e-07,0.9942294918631683,1.1624045167718365e-05,0.0
LSC-CP-RA,"LSC-CP-RA (A=8), tamed",44d6ecf1abcc7ab097c151f5d67417fb,c87203a12406cc5114b7ffa2d8877465,True,2,6022,30.11,3753870436.485474,1173084.5114017106,6022.0,1541632.0,0.05849969532017926,0.0002920691051547797,-0.0006996573883418788,0.030000000000000027,0.06487368273247651,0.0,0.001142423498896406,0.04477524129120633,True,0.12012712206063299,reject,pre_step,drift_diffusion_then_jump,iid_bank,8,every_step,True,0.0,0.005182291666666665,497.74511592680796,95796,1.0378611756891398e-07,0.9942294918631683,1.1624045167718365e-05,0.0
LSC-CP-RA,"LSC-CP-RA (A=8), tamed",44d6ecf1abcc7ab097c151f5d67417fb,c87203a12406cc5114b7ffa2d8877465,True,3,6022,30.11,3753870436.485474,1173084.5114017106,6022.0,1541632.0,0.04174363160797316,0.0002421745337178871,-0.0007443461632010706,0.03750000000000009,0.0702065952934493,0.0,0.000193872852793356,0.016025241291206332,True,0.12012712206063299,reject,pre_step,drift_diffusion_then_jump,iid_bank,8,every_step,True,0.0,0.005182291666666665,497.74511592680796,95796,1.0378611756891398e-07,0.9942294918631683,1.1624045167718365e-05,0.0
LSC-CP-RA,"LSC-CP-RA (A=8), tamed",44d6ecf1abcc7ab097c151f5d67417fb,c87203a12406cc5114b7ffa2d8877465,True,0,6081,30.405,3790648642.3560557,1184577.7007362675,6081.0,1556736.0,0.0413551383435693,0.00044262913852932684,-0.0005447927671505814,0.03750000000000009,0.06175947210036958,0.0,0.0002525964726346206,0.019672962928114185,True,0.12012712206063299,reject,pre_step,drift_diffusion_then_jump,iid_bank,8,every_step,True,0.0,0.004904661016949152,162.0375914200777,96722,1.0277914816642e-07,0.9941004768952475,1.171682289097188e-05,0.0
LSC-CP-RA,"LSC-CP-RA (A=8), tamed",44d6ecf1abcc7ab097c151f5d67417fb,c87203a12406cc5114b7ffa2d8877465,True,1,6081,30.405,3790648642.3560557,1184577.7007362675,6081.0,1556736.0,0.05409750809974831,0.000253651604517402,-0.0007234994520401994,0.03250000000000003,0.06153503338143396,0.0,0.0003354114386046377,0.022602278363092185,True,0.12012712206063299,reject,pre_step,drift_diffusion_then_jump,iid_bank,8,every_step,True,0.0,0.004904661016949152,162.0375914200777,96722,1.0277914816642e-07,0.9941004768952475,1.171682289097188e-05,0.0
LSC-CP-RA,"LSC-CP-RA (A=8), tamed",44d6ecf1abcc7ab097c151f5d67417fb,c87203a12406cc5114b7ffa2d8877465,True,2,6081,30.405,3790648642.3560557,1184577.7007362675,6081.0,1556736.0,0.04435488788871334,7.047459217734975e-05,-0.0009178246599106377,0.020000000000000018,0.06400025879670335,0.0,0.00068745050984005,0.031025241291206332,True,0.12012712206063299,reject,pre_step,drift_diffusion_then_jump,iid_bank,8,every_step,True,0.0,0.004904661016949152,162.0375914200777,96722,1.0277914816642e-07,0.9941004768952475,1.171682289097188e-05,0.0
LSC-CP-RA,"LSC-CP-RA (A=8), tamed",44d6ecf1abcc7ab097c151f5d67417fb,c87203a12406cc5114b7ffa2d8877465,True,3,6081,30.405,3790648642.3560557,1184577.7007362675,6081.0,1556736.0,0.0505246986430746,0.00024639985712193724,-0.0007407918822710524,0.04500000000000004,0.06851927063984242,0.0,0.00015842141933399435,0.016025241291206332,True,0.12012712206063299,reject,pre_step,drift_diffusion_then_jump,iid_bank,8,every_step,True,0.0,0.004904661016949152,162.0375914200777,96722,1.0277914816642e-07,0.9941004768952475,1.171682289097188e-05,0.0
LSC-CP-RA,"LSC-CP-RA (A=8), tamed",44d6ecf1abcc7ab097c151f5d67417fb,c87203a12406cc5114b7ffa2d8877465,True,0,6141,30.705000000000002,3828050207.6481724,1196265.6898900538,6141.0,1572096.0,0.0451162965133824,0.00015027606466100352,-0.0008271793391189108,0.03249999999999997,0.0663058311788961,0.0,0.0003519729744390111,0.022602278363092212,True,0.12012712206063299,reject,pre_step,drift_diffusion_then_jump,iid_bank,8,every_step,True,0.0,0.0046770833333333334,139.0740771648114,97620,1.0177495521901971e-07,0.9935271128480704,1.1704119850187266e-05,0.0
LSC-CP-RA,"LSC-CP-RA (A=8), tamed",44d6ecf1abcc7ab097c151f5d67417fb,c87203a12406cc5114b7ffa2d8877465,True,1,6141,30.705000000000002,3828050207.6481724,1196265.6898900538,6141.0,1572096.0,0.04157889640043634,0.00024122569133544491,-0.0007322560142805079,0.03875000000000001,0.06467257365662771,0.0,0.001219266226621339,0.04260227836309219,True,0.12012712206063299,reject,pre_step,drift_diffusion_then_jump,iid_bank,8,every_step,True,0.0,0.0046770833333333334,139.0740771648114,97620,1.0177495521901971e-07,0.9935271128480704,1.1704119850187266e-05,0.0
LSC-CP-RA,"LSC-CP-RA (A=8), tamed",44d6ecf1abcc7ab097c151f5d67417fb,c87203a12406cc5114b7ffa2d8877465,True,2,6141,30.705000000000002,3828050207.6481724,1196265.6898900538,6141.0,1572096.0,0.04293848300339484,0.0001885468108135946,-0.0008030082110034309,0.03125,0.06659468433938875,0.0,0.0004249904338982499,0.02727524129120637,True,0.12012712206063299,reject,pre_step,drift_diffusion_then_jump,iid_bank,8,every_step,True,0.0,0.0046770833333333334,139.0740771648114,97620,1.0177495521901971e-07,0.9935271128480704,1.1704119850187266e-05,0.0
LSC-CP-RA,"LSC-CP-RA (A=8), tamed",44d6ecf1abcc7ab097c151f5d67417fb,c87203a12406cc5114b7ffa2d8877465,True,3,6141,30.705000000000002,3828050207.6481724,1196265.6898900538,6141.0,1572096.0,0.07004985923048587,0.0009969562847862434,9.406055442973127e-06,0.043749999999999956,0.06130785934332317,0.0,0.00013205034582885675,0.01592296292811418,True,0.12012712206063299,reject,pre_step,drift_diffusion_then_jump,iid_bank,8,every_step,True,0.0,0.0046770833333333334,139.0740771648114,97620,1.0177495521901971e-07,0.9935271128480704,1.1704119850187266e-05,0.0
LSC-CP-RA,"LSC-CP-RA (A=8), tamed",44d6ecf1abcc7ab097c151f5d67417fb,c87203a12406cc5114b7ffa2d8877465,True,0,6200,31.0,3864828413.5187545,1207758.8792246107,6200.0,1587200.0,0.04806989955689503,0.0002989825328637563,-0.0006802074184023565,0.03375000000000006,0.06270858872525276,0.0,0.000280117703131019,0.020102278363092183,True,0.12012712206063299,reject,pre_step,drift_diffusion_then_jump,iid_bank,8,every_step,True,0.0,0.004804025423728813,409.30443813825104,98527,1.0080645161290322e-07,0.9932157258064516,1.1693548387096775e-05,0.0
LSC-CP-RA,"LSC-CP-RA (A=8), tamed",44d6ecf1abcc7ab097c151f5d67417fb,c87203a12406cc5114b7ffa2d8877465,True,1,6200,31.0,3864828413.5187545,1207758.8792246107,6200.0,1587200.0,0.048240634749839965,0.00014499975211901273,-0.0008403195402886254,0.028749999999999942,0.06504121662894757,0.0,0.0003427220889584998,0.021352278363092198,True,0.12012712206063299,reject,pre_step,drift_diffusion_then_jump,iid_bank,8,every_step,True,0.0,0.004804025423728813,409.30443813825104,98527,1.0080645161290322e-07,0.9932157258064516,1.1693548387096775e-05,0.0
LSC-CP-RA,"LSC-CP-RA (A=8), tamed",44d6ecf1abcc7ab097c151f5d67417fb,c87203a12406cc5114b7ffa2d8877465,True,2,6200,31.0,3864828413.5187545,1207758.8792246107,6200.0,1587200.0,0.04550005428106736,0.00035817684085737156,-0.0006349556064279005,0.03875000000000006,0.06113783541949214,0.0,0.0003819673286297627,0.02467296292811419,True,0.12012712206063299,reject,pre_step,drift_diffusion_then_jump,iid_bank,8,every_step,True,0.0,0.004804025423728813,409.30443813825104,98527,1.0080645161290322e-07,0.9932157258064516,1.1693548387096775e-05,0.0
LSC-CP-RA,"LSC-CP-RA (A=8), tamed",44d6ecf1abcc7ab097c151f5d67417fb,c87203a12406cc5114b7ffa2d8877465,True,3,6200,31.0,3864828413.5187545,1207758.8792246107,6200.0,1587200.0,0.07594405947564344,0.0009221486469208617,-5.4970549810962055e-05,0.04624999999999996,0.062287675115319074,0.0,2.5845001096019794e-05,0.006577037071885811,True,0.12012712206063299,reject,pre_step,drift_diffusion_then_jump,iid_bank,8,every_step,True,0.0,0.004804025423728813,409.30443813825104,98527,1.0080645161290322e-07,0.9932157258064516,1.1693548387096775e-05,0.0
LSC-CP-RA,"LSC-CP-RA (A=8), tamed",44d6ecf1abcc7ab097c151f5d67417fb,c87203a12406cc5114b7ffa2d8877465,True,0,6259,31.295,3901606619.389336,1219252.0685591674,6259.0,1602304.0,0.07294006883455326,0.0008323723972084585,-0.00013689451443921197,0.040000000000000036,0.06065585369372983,0.0,0.0005330783866875494,0.027827037071885816,True,0.12012712206063299,reject,pre_step,drift_diffusion_then_jump,iid_bank,8,every_step,True,0.0,0.005111228813559323,149.72818405586614,99492,9.985620706183096e-08,0.9934893752995686,1.1633248122703307e-05,0.0
LSC-CP-RA,"LSC-CP-RA (A=8), tamed",44d6ecf1abcc7ab097c151f5d67417fb,c87203a12406cc5114b7ffa2d8877465,True,1,6259,31.295,3901606619.389336,1219252.0685591674,6259.0,1602304.0,0.03728090800469605,5.579869440464069e-05,-0.0009257549328226533,0.01999999999999999,0.06293206242174643,0.0,0.0004325286988639066,0.025102278363092187,True,0.12012712206063299,reject,pre_step,drift_diffusion_then_jump,iid_bank,8,every_step,True,0.0,0.005111228813559323,149.72818405586614,99492,9.985620706183096e-08,0.9934893752995686,1.1633248122703307e-05,0.0
LSC-CP-RA,"LSC-CP-RA (A=8), tamed",44d6ecf1abcc7ab097c151f5d67417fb,c87203a12406cc5114b7ffa2d8877465,True,2,6259,31.295,3901606619.389336,1219252.0685591674,6259.0,1602304.0,0.07302396632722066,0.0007468230080013294,-0.00023300392058922537,0.03874999999999995,0.06956685094554005,0.0,9.765019168029914e-06,0.003852278363092182,True,0.12012712206063299,reject,pre_step,drift_diffusion_then_jump,iid_bank,8,every_step,True,0.0,0.005111228813559323,149.72818405586614,99492,9.985620706183096e-08,0.9934893752995686,1.1633248122703307e-05,0.0
LSC-CP-RA,"LSC-CP-RA (A=8), tamed",44d6ecf1abcc7ab097c151f5d67417fb,c87203a12406cc5114b7ffa2d8877465,True,3,6259,31.295,3901606619.389336,1219252.0685591674,6259.0,1602304.0,0.05866740481728454,0.0003776821471782599,-0.0006010484761191925,0.03874999999999995,0.065729182015145,0.0,0.0005039141870188772,0.027602278363092217,True,0.12012712206063299,reject,pre_step,drift_diffusion_then_jump,iid_bank,8,every_step,True,0.0,0.005111228813559323,149.72818405586614,99492,9.985620706183096e-08,0.9934893752995686,1.1633248122703307e-05,0.0
LSC-CP-RA,"LSC-CP-RA (A=8), tamed",44d6ecf1abcc7ab097c151f5d67417fb,c87203a12406cc5114b7ffa2d8877465,True,0,6319,31.595000000000002,3939008184.6814528,1230940.057712954,6319.0,1617664.0,0.0641590020846805,0.0005644504716291188,-0.00040749267565276526,0.03249999999999997,0.06318947073751002,0.0,0.0005857108939158013,0.028852278363092204,True,0.12012712206063299,reject,pre_step,drift_diffusion_then_jump,iid_bank,8,every_step,True,0.0,0.004890625000000001,143.48144706629043,100431,9.890805507200507e-08,0.993343487893654,1.1621696470960595e-05,0.0
LSC-CP-RA,"LSC-CP-RA (A=8), tamed",44d6ecf1abcc7ab097c151f5d67417fb,c87203a12406cc5114b7ffa2d8877465,True,1,6319,31.595000000000002,3939008184.6814528,1230940.057712954,6319.0,1617664.0,0.053785538540123426,0.00028505499682163205,-0.0006929477869618283,0.03875000000000006,0.06546907335642749,0.0,0.0002978219315112967,0.021352278363092225,True,0.12012712206063299,reject,pre_step,drift_diffusion_then_jump,iid_bank,8,every_step,True,0.0,0.004890625000000001,143.48144706629043,100431,9.890805507200507e-08,0.993343487893654,1.1621696470960595e-05,0.0
LSC-CP-RA,"LSC-CP-RA (A=8), tamed",44d6ecf1abcc7ab097c151f5d67417fb,c87203a12406cc5114b7ffa2d8877465,True,2,6319,31.595000000000002,3939008184.6814528,1230940.057712954,6319.0,1617664.0,0.0758257484450868,0.0013500318607749806,0.00036338070445129933,0.050000000000000044,0.06703787793462845,0.0,6.143794792505498e-05,0.010922962928114177,True,0.12012712206063299,reject,pre_step,drift_diffusion_then_jump,iid_bank,8,every_step,True,0.0,0.004890625000000001,143.48144706629043,100431,9.890805507200507e-08,0.993343487893654,1.1621696470960595e-05,0.0
LSC-CP-RA,"LSC-CP-RA (A=8), tamed",44d6ecf1abcc7ab097c151f5d67417fb,c87203a12406cc5114b7ffa2d8877465,True,3,6319,31.595000000000002,3939008184.6814528,1230940.057712954,6319.0,1617664.0,0.06770979133141405,0.0005288535555191265,-0.0004445724319210864,0.044999999999999984,0.07398383849233692,0.0,0.0004953161411198172,0.02635227836309223,True,0.12012712206063299,reject,pre_step,drift_diffusion_then_jump,iid_bank,8,every_step,True,0.0,0.004890625000000001,143.48144706629043,100431,9.890805507200507e-08,0.993343487893654,1.1621696470960595e-05,0.0
LSC-CP-RA,"LSC-CP-RA (A=8), tamed",44d6ecf1abcc7ab097c151f5d67417fb,c87203a12406cc5114b7ffa2d8877465,True,0,6378,31.89,3975786390.552035,1242433.247047511,6378.0,1632768.0,0.08082130358295317,0.001080815653711431,0.0001096793931872897,0.04125000000000001,0.06741021040530026,0.0,0.0003852644222699384,0.0265770370718858,True,0.12012712206063299,reject,pre_step,drift_diffusion_then_jump,iid_bank,8,every_step,True,0.0,0.005084745762711865,337.54347205288195,101391,9.799310128566949e-08,0.9935618532455315,1.1514189401066166e-05,0.0
LSC-CP-RA,"LSC-CP-RA (A=8), tamed",44d6ecf1abcc7ab097c151f5d67417fb,c87203a12406cc5114b7ffa2d8877465,True,1,6378,31.89,3975786390.552035,1242433.247047511,6378.0,1632768.0,0.056149507597726175,0.00038722946802383085,-0.0005850140132949155,0.02999999999999997,0.061001876286044254,0.0,0.0002978219315112967,0.021352278363092225,True,0.12012712206063299,reject,pre_step,drift_diffusion_then_jump,iid_bank,8,every_step,True,0.0,0.005084745762711865,337.54347205288195,101391,9.799310128566949e-08,0.9935618532455315,1.1514189401066166e-05,0.0
LSC-CP-RA,"LSC-CP-RA (A=8), tamed",44d6ecf1abcc7ab097c151f5d67417fb,c87203a12406cc5114b7ffa2d8877465,True,2,6378,31.89,3975786390.552035,1242433.247047511,6378.0,1632768.0,0.06921021118770215,0.0009937826405712613,1.022543873407944e-05,0.05624999999999997,0.06477281562142778,0.0,2.6960724194269195e-05,0.006025241291206379,True,0.12012712206063299,reject,pre_step,drift_diffusion_then_jump,iid_bank,8,every_step,True,0.0,0.005084745762711865,337.54347205288195,101391,9.799310128566949e-08,0.9935618532455315,1.1514189401066166e-05,0.0
LSC-CP-RA,"LSC-CP-RA (A=8), tamed",44d6ecf1abcc7ab097c151f5d67417fb,c87203a12406cc5114b7ffa2d8877465,True,3,6378,31.89,3975786390.552035,1242433.247047511,6378.0,1632768.0,0.06498520249692087,0.0006220266124878915,-0.000350601615342061,0.030000000000000027,0.06019645655352146,0.0,0.00018135220713871728,0.01635227836309222,True,0.12012712206063299,reject,pre_step,drift_diffusion_then_jump,iid_bank,8,every_step,True,0.0,0.005084745762711865,337.54347205288195,101391,9.799310128566949e-08,0.9935618532455315,1.1514189401066166e-05,0.0
LSC-CP-RA,"LSC-CP-RA (A=8), tamed",44d6ecf1abcc7ab097c151f5d67417fb,c87203a12406cc5114b7ffa2d8877465,True,0,6438,32.19,4013187955.8441515,1254121.2362012973,6438.0,1648128.0,0.07379024095177293,0.0007753399978308595,-0.0002035779349672806,0.056249999999999994,0.06285512897470102,0.0,0.0001102234386514433,0.012827037071885816,True,0.12012712206063299,reject,pre_step,drift_diffusion_then_jump,iid_bank,8,every_step,True,0.0,0.0050104166666666665,136.24751124615514,102353,9.707983845914881e-08,0.9936412705809258,1.1455420938179559e-05,0.0
LSC-CP-RA,"LSC-CP-RA (A=8), tamed",44d6ecf1abcc7ab097c151f5d67417fb,c87203a12406cc5114b7ffa2d8877465,True,1,6438,32.19,4013187955.8441515,1254121.2362012973,6438.0,1648128.0,0.036454273247143364,7.526874047902865e-05,-0.000911914426554028,0.028750000000000053,0.060529689234489426,0.0,0.0002844608677903047,0.022275241291206338,True,0.12012712206063299,reject,pre_step,drift_diffusion_then_jump,iid_bank,8,every_step,True,0.0,0.0050104166666666665,136.24751124615514,102353,9.707983845914881e-08,0.9936412705809258,1.1455420938179559e-05,0.0
LSC-CP-RA,"LSC-CP-RA (A=8), tamed",44d6ecf1abcc7ab097c151f5d67417fb,c87203a12406cc5114b7ffa2d8877465,True,2,6438,32.19,4013187955.8441515,1254121.2362012973,6438.0,1648128.0,0.06356472026985625,0.0006311858225107603,-0.0003446456983783319,0.053750000000000075,0.059595274055036285,0.0,0.00012491024581966215,0.01385227836309219,True,0.12012712206063299,reject,pre_step,drift_diffusion_then_jump,iid_bank,8,every_step,True,0.0,0.0050104166666666665,136.24751124615514,102353,9.707983845914881e-08,0.9936412705809258,1.1455420938179559e-05,0.0
LSC-CP-RA,"LSC-CP-RA (A=8), tamed",44d6ecf1abcc7ab097c151f5d67417fb,c87203a12406cc5114b7ffa2d8877465,True,3,6438,32.19,4013187955.8441515,1254121.2362012973,6438.0,1648128.0,0.057020558859793694,0.0003112506745016619,-0.0006673301931755526,0.03125,0.062367502203385716,0.0,0.0002644232181124571,0.02010227836309221,True,0.12012712206063299,reject,pre_step,drift_diffusion_then_jump,iid_bank,8,every_step,True,0.0,0.0050104166666666665,136.24751124615514,102353,9.707983845914881e-08,0.9936412705809258,1.1455420938179559e-05,0.0
LSC-CP-RA,"LSC-CP-RA (A=8), tamed",44d6ecf1abcc7ab097c151f5d67417fb,c87203a12406cc5114b7ffa2d8877465,True,0,6497,32.485,4049966161.714733,1265614.4255358542,6497.0,1663232.0,0.07413508127414767,0.0009001942141259045,-7.561450536652803e-05,0.04874999999999999,0.06368059888938105,0.0,0.00017462459766478394,0.01657703707188582,True,0.12012712206063299,reject,pre_step,drift_diffusion_then_jump,iid_bank,8,every_step,True,0.0,0.004883474576271187,182.9299127300919,103275,9.619824534400492e-08,0.9934873787902109,1.1399492073264584e-05,0.0
LSC-CP-RA,"LSC-CP-RA (A=8), tamed",44d6ecf1abcc7ab097c151f5d67417fb,c87203a12406cc5114b7ffa2d8877465,True,1,6497,32.485,4049966161.714733,1265614.4255358542,6497.0,1663232.0,0.053884165900975375,0.0002250505179628437,-0.0007629334539962507,0.03125,0.06469207165337931,0.0,0.0011009378400871537,0.037275241291206365,True,0.12012712206063299,reject,pre_step,drift_diffusion_then_jump,iid_bank,8,every_step,True,0.0,0.004883474576271187,182.9299127300919,103275,9.619824534400492e-08,0.9934873787902109,1.1399492073264584e-05,0.0
LSC-CP-RA,"LSC-CP-RA (A=8), tamed",44d6ecf1abcc7ab097c151f5d67417fb,c87203a12406cc5114b7ffa2d8877465,True,2,6497,32.485,4049966161.714733,1265614.4255358542,6497.0,1663232.0,0.06446062577717424,0.00028983323765074953,-0.0006931146874283867,0.028749999999999942,0.06323577829767701,0.0,0.00020983361269409553,0.017602278363092166,True,0.12012712206063299,reject,pre_step,drift_diffusion_then_jump,iid_bank,8,every_step,True,0.0,0.004883474576271187,182.9299127300919,103275,9.619824534400492e-08,0.9934873787902109,1.1399492073264584e-05,0.0
LSC-CP-RA,"LSC-CP-RA (A=8), tamed",44d6ecf1abcc7ab097c151f5d67417fb,c87203a12406cc5114b7ffa2d8877465,True,3,6497,32.485,4049966161.714733,1265614.4255358542,6497.0,1663232.0,0.03566030256590076,0.00017158176166642836,-0.000817750345970425,0.02749999999999997,0.06651251607335007,0.0,0.00043217254298290406,0.02727524129120637,True,0.12012712206063299,reject,pre_step,drift_diffusion_then_jump,iid_bank,8,every_step,True,0.0,0.004883474576271187,182.9299127300919,103275,9.619824534400492e-08,0.9934873787902109,1.1399492073264584e-05,0.0
LSC-CP-RA,"LSC-CP-RA (A=8), tamed",44d6ecf1abcc7ab097c151f5d67417fb,c87203a12406cc5114b7ffa2d8877465,True,0,6556,32.78,4086744367.5853148,1277107.6148704109,6556.0,1678336.0,0.062057877631852096,0.0003957312317279804,-0.0005926532543276686,0.04625000000000001,0.06774522847272046,0.0,7.257206860222234e-05,0.011025241291206328,True,0.12012712206063299,reject,pre_step,drift_diffusion_then_jump,iid_bank,8,every_step,True,0.0,0.005195974576271188,139.78440814243905,104256,9.533251982916413e-08,0.9938987187309335,1.1344569859670531e-05,0.0
LSC-CP-RA,"LSC-CP-RA (A=8), tamed",44d6ecf1abcc7ab097c151f5d67417fb,c87203a12406cc5114b7ffa2d8877465,True,1,6556,32.78,4086744367.5853148,1277107.6148704109,6556.0,1678336.0,0.03708130135354705,0.00034463262106532166,-0.0006277969946377748,0.037500000000000006,0.06791413204422447,0.0,0.0013026208164658784,0.043852278363092204,True,0.12012712206063299,reject,pre_step,drift_diffusion_then_jump,iid_bank,8,every_step,True,0.0,0.005195974576271188,139.78440814243905,104256,9.533251982916413e-08,0.9938987187309335,1.1344569859670531e-05,0.0
LSC-CP-RA,"LSC-CP-RA (A=8), tamed",44d6ecf1abcc7ab097c151f5d67417fb,c87203a12406cc5114b7ffa2d8877465,True,2,6556,32.78,4086744367.5853148,1277107.6148704109,6556.0,1678336.0,0.0774917426271439,0.0011656536843798193,0.0001932328816535156,0.05499999999999999,0.07213680526345778,0.0,0.00022154870808362495,0.01782703707188582,True,0.12012712206063299,reject,pre_step,drift_diffusion_then_jump,iid_bank,8,every_step,True,0.0,0.005195974576271188,139.78440814243905,104256,9.533251982916413e-08,0.9938987187309335,1.1344569859670531e-05,0.0
LSC-CP-RA,"LSC-CP-RA (A=8), tamed",44d6ecf1abcc7ab097c151f5d67417fb,c87203a12406cc5114b7ffa2d8877465,True,3,6556,32.78,4086744367.5853148,1277107.6148704109,6556.0,1678336.0,0.03616546856774536,0.00010586752744523587,-0.0008824565127700801,0.026249999999999996,0.06368885440969341,0.0,0.0004022590780255249,0.02477524129120634,True,0.12012712206063299,reject,pre_step,drift_diffusion_then_jump,iid_bank,8,every_step,True,0.0,0.005195974576271188,139.78440814243905,104256,9.533251982916413e-08,0.9938987187309335,1.1344569859670531e-05,0.0
LSC-CP-RA,"LSC-CP-RA (A=8), tamed",44d6ecf1abcc7ab097c151f5d67417fb,c87203a12406cc5114b7ffa2d8877465,True,0,6616,33.08,4124145932.877432,1288795.6040241974,6616.0,1693696.0,0.07740409971144471,0.0010256996336192037,4.75431550653882e-05,0.05125000000000002,0.06305743518734064,0.0,9.765019168029914e-06,0.003852278363092182,True,0.12012712206063299,reject,pre_step,drift_diffusion_then_jump,iid_bank,8,every_step,True,0.0,0.004755208333333333,152.8405617096064,105169,9.446795646916566e-08,0.9935100513905684,1.1288920798065296e-05,0.0
LSC-CP-RA,"LSC-CP-RA (A=8), tamed",44d6ecf1abcc7ab097c151f5d67417fb,c87203a12406cc5114b7ffa2d8877465,True,1,6616,33.08,4124145932.877432,1288795.6040241974,6616.0,1693696.0,0.07359053664657589,0.0009112762448404421,-5.0867568007983976e-05,0.04500000000000004,0.06384411785718858,0.0,0.0022166221738591473,0.05385227836309221,True,0.12012712206063299,reject,pre_step,drift_diffusion_then_jump,iid_bank,8,every_step,True,0.0,0.004755208333333333,152.8405617096064,105169,9.446795646916566e-08,0.9935100513905684,1.1288920798065296e-05,0.0
LSC-CP-RA,"LSC-CP-RA (A=8), tamed",44d6ecf1abcc7ab097c151f5d67417fb,c87203a12406cc5114b7ffa2d8877465,True,2,6616,33.08,4124145932.877432,1288795.6040241974,6616.0,1693696.0,0.0682097281443486,0.0007377737066889267,-0.00023789978456156824,0.04124999999999995,0.06121683495536223,0.0,0.00010898588397760664,0.012602278363092217,True,0.12012712206063299,reject,pre_step,drift_diffusion_then_jump,iid_bank,8,every_step,True,0.0,0.004755208333333333,152.8405617096064,105169,9.446795646916566e-08,0.9935100513905684,1.1288920798065296e-05,0.0
LSC-CP-RA,"LSC-CP-RA (A=8), tamed",44d6ecf1abcc7ab097c151f5d67417fb,c87203a12406cc5114b7ffa2d8877465,True,3,6616,33.08,4124145932.877432,1288795.6040241974,6616.0,1693696.0,0.0497339107051913,0.00017734277305092583,-0.0008025203099665257,0.028749999999999942,0.0624620647652222,0.0,0.0003519729744390111,0.022602278363092212,True,0.12012712206063299,reject,pre_step,drift_diffusion_then_jump,iid_bank,8,every_step,True,0.0,0.004755208333333333,152.8405617096064,105169,9.446795646916566e-08,0.9935100513905684,1.1288920798065296e-05,0.0
LSC-CP-RA,"LSC-CP-RA (A=8), tamed",44d6ecf1abcc7ab097c151f5d67417fb,c87203a12406cc5114b7ffa2d8877465,True,0,6675,33.375,4160924138.7480135,1300288.7933587541,6675.0,1708800.0,0.08408189992893891,0.0013957351546709518,0.00041695812287445566,0.05125000000000002,0.0623636465953985,0.0,1.9471912689206618e-05,0.005327037071885837,True,0.12012712206063299,reject,pre_step,drift_diffusion_then_jump,iid_bank,8,every_step,True,0.0,0.0049947033898305095,146.2358737479737,106112,9.363295880149813e-08,0.9935580524344569,1.1470037453183521e-05,0.0
LSC-CP-RA,"LSC-CP-RA (A=8), tamed",44d6ecf1abcc7ab097c151f5d67417fb,c87203a12406cc5114b7ffa2d8877465,True,1,6675,33.375,4160924138.7480135,1300288.7933587541,6675.0,1708800.0,0.06020103170407343,0.0005310235017029763,-0.0004399605419949104,0.03375,0.06050919362082918,0.0,0.00047397198659213883,0.02635227836309223,True,0.12012712206063299,reject,pre_step,drift_diffusion_then_jump,iid_bank,8,every_step,True,0.0,0.0049947033898305095,146.2358737479737,106112,9.363295880149813e-08,0.9935580524344569,1.1470037453183521e-05,0.0
LSC-CP-RA,"LSC-CP-RA (A=8), tamed",44d6ecf1abcc7ab097c151f5d67417fb,c87203a12406cc5114b7ffa2d8877465,True,2,6675,33.375,4160924138.7480135,1300288.7933587541,6675.0,1708800.0,0.04936207892016954,0.00013286018204972105,-0.0008540255732594204,0.04250000000000001,0.07259603726618225,0.0,0.0002469065082738442,0.018525241291206335,True,0.12012712206063299,reject,pre_step,drift_diffusion_then_jump,iid_bank,8,every_step,True,0.0,0.0049947033898305095,146.2358737479737,106112,9.363295880149813e-08,0.9935580524344569,1.1470037453183521e-05,0.0
LSC-CP-RA,"LSC-CP-RA (A=8), tamed",44d6ecf1abcc7ab097c151f5d67417fb,c87203a12406cc5114b7ffa2d8877465,True,3,6675,33.375,4160924138.7480135,1300288.7933587541,6675.0,1708800.0,0.061884116606477524,0.0004465707942112873,-0.0005253734627520545,0.0325,0.06143932964000287,0.0,0.0010978890504510768,0.0388522783630922,True,0.12012712206063299,reject,pre_step,drift_diffusion_then_jump,iid_bank,8,every_step,True,0.0,0.0049947033898305095,146.2358737479737,106112,9.363295880149813e-08,0.9935580524344569,1.1470037453183521e-05,0.0
LSC-CP-RA,"LSC-CP-RA (A=8), tamed",44d6ecf1abcc7ab097c151f5d67417fb,c87203a12406cc5114b7ffa2d8877465,True,0,6734,33.67,4197702344.618595,1311781.982693311,6734.0,1723904.0,0.09320915169162809,0.001732320855407976,0.0007614758694712842,0.04625000000000001,0.06281346547871092,0.0,0.00010303880334490683,0.012827037071885816,True,0.12012712206063299,reject,pre_step,drift_diffusion_then_jump,iid_bank,8,every_step,True,0.0,0.004841101694915254,263.9270591903772,107026,9.281259281259281e-08,0.9933360558360559,1.136954261954262e-05,0.0
LSC-CP-RA,"LSC-CP-RA (A=8), tamed",44d6ecf1abcc7ab097c151f5d67417fb,c87203a12406cc5114b7ffa2d8877465,True,1,6734,33.67,4197702344.618595,1311781.982693311,6734.0,1723904.0,0.07592220953720633,0.0011552809556647503,0.0001908446674097064,0.03375000000000006,0.06620327569967344,0.0,0.0006897127197392373,0.030102278363092205,True,0.12012712206063299,reject,pre_step,drift_diffusion_then_jump,iid_bank,8,every_step,True,0.0,0.004841101694915254,263.9270591903772,107026,9.281259281259281e-08,0.9933360558360559,1.136954261954262e-05,0.0
LSC-CP-RA,"LSC-CP-RA (A=8), tamed",44d6ecf1abcc7ab097c151f5d67417fb,c87203a12406cc5114b7ffa2d8877465,True,2,6734,33.67,4197702344.618595,1311781.982693311,6734.0,1723904.0,0.06215250236701665,0.0007285673437095186,-0.000255602556703316,0.04749999999999999,0.06351010918133004,0.0,5.0175891858001906e-05,0.008525241291206354,True,0.12012712206063299,reject,pre_step,drift_diffusion_then_jump,iid_bank,8,every_step,True,0.0,0.004841101694915254,263.9270591903772,107026,9.281259281259281e-08,0.9933360558360559,1.136954261954262e-05,0.0
LSC-CP-RA,"LSC-CP-RA (A=8), tamed",44d6ecf1abcc7ab097c151f5d67417fb,c87203a12406cc5114b7ffa2d8877465,True,3,6734,33.67,4197702344.618595,1311781.982693311,6734.0,1723904.0,0.06497010754605438,0.00043334599035571575,-0.0005422037944700087,0.03999999999999998,0.06726667203521319,0.0,0.0002062080137285264,0.017602278363092194,True,0.12012712206063299,reject,pre_step,drift_diffusion_then_jump,iid_bank,8,every_step,True,0.0,0.004841101694915254,263.9270591903772,107026,9.281259281259281e-08,0.9933360558360559,1.136954261954262e-05,0.0
LSC-CP-RA,"LSC-CP-RA (A=8), tamed",44d6ecf1abcc7ab097c151f5d67417fb,c87203a12406cc5114b7ffa2d8877465,True,0,6794,33.97,4235103909.9107122,1323469.9718470976,6794.0,1739264.0,0.08520657565408646,0.001245620175135298,0.0002730063676827932,0.04375000000000001,0.06015831132996574,0.0,0.00014022455475913922,0.01657703707188582,True,0.12012712206063299,reject,pre_step,drift_diffusion_then_jump,iid_bank,8,every_step,True,0.0,0.005067708333333333,154.68321685076282,107999,9.19929349425964e-08,0.9935144980865469,1.1315130997939358e-05,0.0
LSC-CP-RA,"LSC-CP-RA (A=8), tamed",44d6ecf1abcc7ab097c151f5d67417fb,c87203a12406cc5114b7ffa2d8877465,True,1,6794,33.97,4235103909.9107122,1323469.9718470976,6794.0,1739264.0,0.07121126479899478,0.0010975453530583934,0.00013765348859806625,0.03999999999999998,0.06149488777169454,0.0,0.0012990979593039114,0.041577037071885814,True,0.12012712206063299,reject,pre_step,drift_diffusion_then_jump,iid_bank,8,every_step,True,0.0,0.005067708333333333,154.68321685076282,107999,9.19929349425964e-08,0.9935144980865469,1.1315130997939358e-05,0.0
LSC-CP-RA,"LSC-CP-RA (A=8), tamed",44d6ecf1abcc7ab097c151f5d67417fb,c87203a12406cc5114b7ffa2d8877465,True,2,6794,33.97,4235103909.9107122,1323469.9718470976,6794.0,1739264.0,0.04757296324226054,0.00044349853467273714,-0.0005444495770411395,0.03125,0.06336147643438717,0.0,0.00017763633574959144,0.016025241291206332,True,0.12012712206063299,reject,pre_step,drift_diffusion_then_jump,iid_bank,8,every_step,True,0.0,0.005067708333333333,154.68321685076282,107999,9.19929349425964e-08,0.9935144980865469,1.1315130997939358e-05,0.0
LSC-CP-RA,"LSC-CP-RA (A=8), tamed",44d6ecf1abcc7ab097c151f5d67417fb,c87203a12406cc5114b7ffa2d8877465,True,3,6794,33.97,4235103909.9107122,1323469.9718470976,6794.0,1739264.0,0.048787568347790994,0.00017250496332232856,-0.0008056131804553557,0.028749999999999998,0.0666283757985302,0.0,0.00019269681427460457,0.016352278363092193,True,0.12012712206063299,reject,pre_step,drift_diffusion_then_jump,iid_bank,8,every_step,True,0.0,0.005067708333333333,154.68321685076282,107999,9.19929349425964e-08,0.9935144980865469,1.1315130997939358e-05,0.0
LSC-CP-RA,"LSC-CP-RA (A=8), tamed",44d6ecf1abcc7ab097c151f5d67417fb,c87203a12406cc5114b7ffa2d8877465,True,0,6853,34.265,4271882115.781294,1334963.1611816543,6853.0,1754368.0,0.06238608831542262,0.0005079948209042451,-0.0004744106800599335,0.03499999999999992,0.06572855352662321,0.0,4.031918867933678e-05,0.0072752412912063524,True,0.12012712206063299,reject,pre_step,drift_diffusion_then_jump,iid_bank,8,every_step,True,0.0,0.00521186440677966,148.17950145475817,108983,9.120093389756311e-08,0.993935137895812,1.1354516270246607e-05,0.0
LSC-CP-RA,"LSC-CP-RA (A=8), tamed",44d6ecf1abcc7ab097c151f5d67417fb,c87203a12406cc5114b7ffa2d8877465,True,1,6853,34.265,4271882115.781294,1334963.1611816543,6853.0,1754368.0,0.07834624617595619,0.0010803629975970619,0.0001181173049671358,0.03250000000000003,0.06479003331296873,0.0,0.0018347739654451627,0.04907703707188582,True,0.12012712206063299,reject,pre_step,drift_diffusion_then_jump,iid_bank,8,every_step,True,0.0,0.00521186440677966,148.17950145475817,108983,9.120093389756311e-08,0.993935137895812,1.1354516270246607e-05,0.0
LSC-CP-RA,"LSC-CP-RA (A=8), tamed",44d6ecf1abcc7ab097c151f5d67417fb,c87203a12406cc5114b7ffa2d8877465,True,2,6853,34.265,4271882115.781294,1334963.1611816543,6853.0,1754368.0,0.038502295488331395,0.00012446311322056314,-0.0008641714661964395,0.030000000000000027,0.06658548209458481,0.0,0.0003189065042435175,0.02352524129120634,True,0.12012712206063299,reject,pre_step,drift_diffusion_then_jump,iid_bank,8,every_step,True,0.0,0.00521186440677966,148.17950145475817,108983,9.120093389756311e-08,0.993935137895812,1.1354516270246607e-05,0.0
LSC-CP-RA,"LSC-CP-RA (A=8), tamed",44d6ecf1abcc7ab097c151f5d67417fb,c87203a12406cc5114b7ffa2d8877465,True,3,6853,34.265,4271882115.781294,1334963.1611816543,6853.0,1754368.0,0.054435328332575784,0.00035344380795809816,-0.0006311131860377017,0.03375,0.07002791554889554,0.0,0.00018200211470042864,0.015102278363092164,True,0.12012712206063299,reject,pre_step,drift_diffusion_then_jump,iid_bank,8,every_step,True,0.0,0.00521186440677966,148.17950145475817,108983,9.120093389756311e-08,0.993935137895812,1.1354516270246607e-05,0.0
LSC-CP-RA,"LSC-CP-RA (A=8), tamed",44d6ecf1abcc7ab097c151f5d67417fb,c87203a12406cc5114b7ffa2d8877465,True,0,6912,34.56,4308660321.6518755,1346456.350516211,6912.0,1769472.0,0.07559394581805046,0.0013513781689975524,0.0003706650208850082,0.04999999999999993,0.062423483275863556,0.0,1.7555326587723706e-05,0.005102278363092211,True,0.12012712206063299,reject,pre_step,drift_diffusion_then_jump,iid_bank,8,every_step,True,0.0,0.004920550847457629,389.0736426034057,109912,9.04224537037037e-08,0.9938512731481481,1.1302806712962962e-05,0.0
LSC-CP-RA,"LSC-CP-RA (A=8), tamed",44d6ecf1abcc7ab097c151f5d67417fb,c87203a12406cc5114b7ffa2d8877465,True,1,6912,34.56,4308660321.6518755,1346456.350516211,6912.0,1769472.0,0.06963800124521721,0.0005387430797505477,-0.00043523307193749083,0.03249999999999997,0.07015631921415588,0.0,0.0016615527825310523,0.04760227836309222,True,0.12012712206063299,reject,pre_step,drift_diffusion_then_jump,iid_bank,8,every_step,True,0.0,0.004920550847457629,389.0736426034057,109912,9.04224537037037e-08,0.9938512731481481,1.1302806712962962e-05,0.0
LSC-CP-RA,"LSC-CP-RA (A=8), tamed",44d6ecf1abcc7ab097c151f5d67417fb,c87203a12406cc5114b7ffa2d8877465,True,2,6912,34.56,4308660321.6518755,1346456.350516211,6912.0,1769472.0,0.05308231520361732,0.0007532436670012466,-0.00023948279894803193,0.044999999999999984,0.0632294221303451,0.0,0.0004163145237355403,0.02717296292811419,True,0.12012712206063299,reject,pre_step,drift_diffusion_then_jump,iid_bank,8,every_step,True,0.0,0.004920550847457629,389.0736426034057,109912,9.04224537037037e-08,0.9938512731481481,1.1302806712962962e-05,0.0
LSC-CP-RA,"LSC-CP-RA (A=8), tamed",44d6ecf1abcc7ab097c151f5d67417fb,c87203a12406cc5114b7ffa2d8877465,True,3,6912,34.56,4308660321.6518755,1346456.350516211,6912.0,1769472.0,0.06662595104576462,0.0005370204828002434,-0.000441915396933501,0.03375000000000003,0.06099544844692628,0.0,5.0398852240083735e-05,0.008852278363092214,True,0.12012712206063299,reject,pre_step,drift_diffusion_then_jump,iid_bank,8,every_step,True,0.0,0.004920550847457629,389.0736426034057,109912,9.04224537037037e-08,0.9938512731481481,1.1302806712962962e-05,0.0
LSC-CP-RA,"LSC-CP-RA (A=8), tamed",44d6ecf1abcc7ab097c151f5d67417fb,c87203a12406cc5114b7ffa2d8877465,True,0,6972,34.86,4346061886.943993,1358144.3396699978,6972.0,1784832.0,0.07392085327492143,0.0006980771846679668,-0.0002855149160009285,0.040000000000000036,0.06440685398729795,0.0,5.0398852240083735e-05,0.008852278363092214,True,0.12012712206063299,reject,pre_step,drift_diffusion_then_jump,iid_bank,8,every_step,True,5.208333333333333e-06,0.005265625000000001,758.593188709659,110923,1.3446643717728056e-07,0.9943613740676994,1.1295180722891567e-05,0.0
LSC-CP-RA,"LSC-CP-RA (A=8), tamed",44d6ecf1abcc7ab097c151f5d67417fb,c87203a12406cc5114b7ffa2d8877465,True,1,6972,34.86,4346061886.943993,1358144.3396699978,6972.0,1784832.0,0.06299492838778308,0.0003752995902459588,-0.0006005847740722103,0.03,0.06421526948107847,0.0,0.00039170432917705507,0.0238522783630922,True,0.12012712206063299,reject,pre_step,drift_diffusion_then_jump,iid_bank,8,every_step,True,5.208333333333333e-06,0.005265625000000001,758.593188709659,110923,1.3446643717728056e-07,0.9943613740676994,1.1295180722891567e-05,0.0
LSC-CP-RA,"LSC-CP-RA (A=8), tamed",44d6ecf1abcc7ab097c151f5d67417fb,c87203a12406cc5114b7ffa2d8877465,True,2,6972,34.86,4346061886.943993,1358144.3396699978,6972.0,1784832.0,0.05876154577297625,0.0005742661948711092,-0.00042702356826729293,0.03375000000000006,0.06853763779420374,0.0,0.0007503870571353155,0.03352524129120635,True,0.12012712206063299,reject,pre_step,drift_diffusion_then_jump,iid_bank,8,every_step,True,5.208333333333333e-06,0.005265625000000001,758.593188709659,110923,1.3446643717728056e-07,0.9943613740676994,1.1295180722891567e-05,0.0
LSC-CP-RA,"LSC-CP-RA (A=8), tamed",44d6ecf1abcc7ab097c151f5d67417fb,c87203a12406cc5114b7ffa2d8877465,True,3,6972,34.86,4346061886.943993,1358144.3396699978,6972.0,1784832.0,0.07150295241334524,0.0009588914663865022,-1.5350149871307117e-05,0.04249999999999998,0.060921054582132594,0.0,3.175261861580649e-05,0.006577037071885811,True,0.12012712206063299,reject,pre_step,drift_diffusion_then_jump,iid_bank,8,every_step,True,5.208333333333333e-06,0.005265625000000001,758.593188709659,110923,1.3446643717728056e-07,0.9943613740676994,1.1295180722891567e-05,0.0
LSC-CP-RA,"LSC-CP-RA (A=8), tamed",44d6ecf1abcc7ab097c151f5d67417fb,c87203a12406cc5114b7ffa2d8877465,True,0,7031,35.155,4382840092.814574,1369637.5290045545,7031.0,1799936.0,0.05311703279298029,0.00045603143553396563,-0.00054073924578113,0.03375,0.06861549448699478,0.0,0.0004444350475986125,0.02592296292811419,True,0.12012712206063299,reject,pre_step,drift_diffusion_then_jump,iid_bank,8,every_step,True,0.0,0.0049947033898305095,549.4047227577535,111866,1.3333807424263974e-07,0.9943998008818091,1.1289290285876831e-05,0.0
LSC-CP-RA,"LSC-CP-RA (A=8), tamed",44d6ecf1abcc7ab097c151f5d67417fb,c87203a12406cc5114b7ffa2d8877465,True,1,7031,35.155,4382840092.814574,1369637.5290045545,7031.0,1799936.0,0.06526671975727502,0.0003274746745667301,-0.0006541152296851704,0.03375,0.0613292290727937,0.0,0.0003376213665182994,0.022602278363092212,True,0.12012712206063299,reject,pre_step,drift_diffusion_then_jump,iid_bank,8,every_step,True,0.0,0.0049947033898305095,549.4047227577535,111866,1.3333807424263974e-07,0.9943998008818091,1.1289290285876831e-05,0.0
LSC-CP-RA,"LSC-CP-RA (A=8), tamed",44d6ecf1abcc7ab097c151f5d67417fb,c87203a12406cc5114b7ffa2d8877465,True,2,7031,35.155,4382840092.814574,1369637.5290045545,7031.0,1799936.0,0.038499690868768956,0.00011537134499028934,-0.0008718769285543937,0.023749999999999993,0.06511732483252064,0.0,0.0008163223945418662,0.031025241291206346,True,0.12012712206063299,reject,pre_step,drift_diffusion_then_jump,iid_bank,8,every_step,True,0.0,0.0049947033898305095,549.4047227577535,111866,1.3333807424263974e-07,0.9943998008818091,1.1289290285876831e-05,0.0
LSC-CP-RA,"LSC-CP-RA (A=8), tamed",44d6ecf1abcc7ab097c151f5d67417fb,c87203a12406cc5114b7ffa2d8877465,True,3,7031,35.155,4382840092.814574,1369637.5290045545,7031.0,1799936.0,0.06496861578640283,0.00035469169818791446,-0.0006265499280742048,0.023749999999999938,0.06401968556841553,0.0,0.00010285387088220985,0.012602278363092217,True,0.12012712206063299,reject,pre_step,drift_diffusion_then_jump,iid_bank,8,every_step,True,0.0,0.0049947033898305095,549.4047227577535,111866,1.3333807424263974e-07,0.9943998008818091,1.1289290285876831e-05,0.0
LSC-CP-RA,"LSC-CP-RA (A=8), tamed",44d6ecf1abcc7ab097c151f5d67417fb,c87203a12406cc5114b7ffa2d8877465,True,0,7091,35.455,4420241658.106691,1381325.518158341,7091.0,1815296.0,0.046262833162455524,0.00033999855849820015,-0.0006498398074662459,0.032500000000000084,0.06722747114088612,0.0,0.00033793070674154654,0.02467296292811419,True,0.12012712206063299,reject,pre_step,drift_diffusion_then_jump,iid_bank,8,every_step,True,0.0,0.004807291666666668,437.6156725314974,112789,1.3220984346354535e-07,0.9941210689606543,1.1281906642222536e-05,0.0
LSC-CP-RA,"LSC-CP-RA (A=8), tamed",44d6ecf1abcc7ab097c151f5d67417fb,c87203a12406cc5114b7ffa2d8877465,True,1,7091,35.455,4420241658.106691,1381325.518158341,7091.0,1815296.0,0.06733066134054697,0.0005784199321516859,-0.0003974850862934476,0.03875000000000001,0.05692689637423154,0.0,0.0001674278032549538,0.015102278363092192,True,0.12012712206063299,reject,pre_step,drift_diffusion_then_jump,iid_bank,8,every_step,True,0.0,0.004807291666666668,437.6156725314974,112789,1.3220984346354535e-07,0.9941210689606543,1.1281906642222536e-05,0.0
LSC-CP-RA,"LSC-CP-RA (A=8), tamed",44d6ecf1abcc7ab097c151f5d67417fb,c87203a12406cc5114b7ffa2d8877465,True,2,7091,35.455,4420241658.106691,1381325.518158341,7091.0,1815296.0,0.0376248247743735,5.22583747528671e-05,-0.0009325509108990548,0.036250000000000004,0.06988309117268587,0.0,0.0005230763325885405,0.025102278363092187,True,0.12012712206063299,reject,pre_step,drift_diffusion_then_jump,iid_bank,8,every_step,True,0.0,0.004807291666666668,437.6156725314974,112789,1.3220984346354535e-07,0.9941210689606543,1.1281906642222536e-05,0.0
LSC-CP-RA,"LSC-CP-RA (A=8), tamed",44d6ecf1abcc7ab097c151f5d67417fb,c87203a12406cc5114b7ffa2d8877465,True,3,7091,35.455,4420241658.106691,1381325.518158341,7091.0,1815296.0,0.0599527188700855,0.0004850511373940547,-0.000498350123809721,0.04375000000000001,0.06610285438089036,0.0,3.4706084001761726e-05,0.0072752412912063524,True,0.12012712206063299,reject,pre_step,drift_diffusion_then_jump,iid_bank,8,every_step,True,0.0,0.004807291666666668,437.6156725314974,112789,1.3220984346354535e-07,0.9941210689606543,1.1281906642222536e-05,0.0
LSC-CP-RA,"LSC-CP-RA (A=8), tamed",44d6ecf1abcc7ab097c151f5d67417fb,c87203a12406cc5114b7ffa2d8877465,True,0,7150,35.75,4457019863.977273,1392818.7074928978,7150.0,1830400.0,0.043867148282549416,0.00017730072759347681,-0.0008132956382518319,0.026249999999999996,0.06237511899681081,0.0,0.0005484299224178093,0.031025241291206346,True,0.12012712206063299,reject,pre_step,drift_diffusion_then_jump,iid_bank,8,every_step,True,0.0,0.005158898305084746,129.24255390716877,113763,1.3111888111888112e-07,0.9944318181818181,1.1363636363636363e-05,0.0
LSC-CP-RA,"LSC-CP-RA (A=8), tamed",44d6ecf1abcc7ab097c151f5d67417fb,c87203a12406cc5114b7ffa2d8877465,True,1,7150,35.75,4457019863.977273,1392818.7074928978,7150.0,1830400.0,0.07240532689717835,0.0007659017664299883,-0.00020628502510477986,0.04250000000000001,0.06352345114017244,0.0,0.00034890716910865576,0.02282703707188584,True,0.12012712206063299,reject,pre_step,drift_diffusion_then_jump,iid_bank,8,every_step,True,0.0,0.005158898305084746,129.24255390716877,113763,1.3111888111888112e-07,0.9944318181818181,1.1363636363636363e-05,0.0
LSC-CP-RA,"LSC-CP-RA (A=8), tamed",44d6ecf1abcc7ab097c151f5d67417fb,c87203a12406cc5114b7ffa2d8877465,True,2,7150,35.75,4457019863.977273,1392818.7074928978,7150.0,1830400.0,0.05030012234234031,9.96292224986206e-05,-0.0008835461604981276,0.03749999999999998,0.06541560132091995,0.0,0.0004031161252944607,0.022602278363092212,True,0.12012712206063299,reject,pre_step,drift_diffusion_then_jump,iid_bank,8,every_step,True,0.0,0.005158898305084746,129.24255390716877,113763,1.3111888111888112e-07,0.9944318181818181,1.1363636363636363e-05,0.0
LSC-CP-RA,"LSC-CP-RA (A=8), tamed",44d6ecf1abcc7ab097c151f5d67417fb,c87203a12406cc5114b7ffa2d8877465,True,3,7150,35.75,4457019863.977273,1392818.7074928978,7150.0,1830400.0,0.06693703167128898,0.0004238967373527691,-0.000555681290811294,0.05750000000000002,0.07042524652123128,0.0,0.0003099565218879852,0.021352278363092198,True,0.12012712206063299,reject,pre_step,drift_diffusion_then_jump,iid_bank,8,every_step,True,0.0,0.005158898305084746,129.24255390716877,113763,1.3111888111888112e-07,0.9944318181818181,1.1363636363636363e-05,0.0
LSC-CP-RA,"LSC-CP-RA (A=8), tamed",44d6ecf1abcc7ab097c151f5d67417fb,c87203a12406cc5114b7ffa2d8877465,True,0,7209,36.045,4493798069.847855,1404311.8968274547,7209.0,1845504.0,0.04113664883107334,0.0002834361532284557,-0.000706805064296212,0.03500000000000003,0.06339525295488346,0.0,0.00047429437144848926,0.028422962928114165,True,0.12012712206063299,reject,pre_step,drift_diffusion_then_jump,iid_bank,8,every_step,True,0.0,0.004592161016949152,185.13408775340028,114630,1.3004577611319185e-07,0.9938098210570121,1.1270633929809959e-05,0.0
LSC-CP-RA,"LSC-CP-RA (A=8), tamed",44d6ecf1abcc7ab097c151f5d67417fb,c87203a12406cc5114b7ffa2d8877465,True,1,7209,36.045,4493798069.847855,1404311.8968274547,7209.0,1845504.0,0.08128985187589981,0.0010959055347181668,0.00012973244225655822,0.05250000000000005,0.06618376612824484,0.0,0.0009094758500365462,0.0378270370718858,True,0.12012712206063299,reject,pre_step,drift_diffusion_then_jump,iid_bank,8,every_step,True,0.0,0.004592161016949152,185.13408775340028,114630,1.3004577611319185e-07,0.9938098210570121,1.1270633929809959e-05,0.0
LSC-CP-RA,"LSC-CP-RA (A=8), tamed",44d6ecf1abcc7ab097c151f5d67417fb,c87203a12406cc5114b7ffa2d8877465,True,2,7209,36.045,4493798069.847855,1404311.8968274547,7209.0,1845504.0,0.04793506103584677,0.00018804261202909345,-0.0007959103822706703,0.03375,0.058216765648846036,0.0,0.00015973533973843122,0.016025241291206332,True,0.12012712206063299,reject,pre_step,drift_diffusion_then_jump,iid_bank,8,every_step,True,0.0,0.004592161016949152,185.13408775340028,114630,1.3004577611319185e-07,0.9938098210570121,1.1270633929809959e-05,0.0
LSC-CP-RA,"LSC-CP-RA (A=8), tamed",44d6ecf1abcc7ab097c151f5d67417fb,c87203a12406cc5114b7ffa2d8877465,True,3,7209,36.045,4493798069.847855,1404311.8968274547,7209.0,1845504.0,0.07046652846024401,0.0006347206321630772,-0.0003434790871099658,0.03375,0.06167081550477893,0.0,0.0002195580609083152,0.017602278363092194,True,0.12012712206063299,reject,pre_step,drift_diffusion_then_jump,iid_bank,8,every_step,True,0.0,0.004592161016949152,185.13408775340028,114630,1.3004577611319185e-07,0.9938098210570121,1.1270633929809959e-05,0.0
LSC-CP-RA,"LSC-CP-RA (A=8), tamed",44d6ecf1abcc7ab097c151f5d67417fb,c87203a12406cc5114b7ffa2d8877465,True,0,7269,36.345,4531199635.139972,1415999.8859812412,7269.0,1860864.0,0.042236796429753365,0.0002944262741381154,-0.0006942971929079222,0.040000000000000036,0.059662722395849355,0.0,0.0003138985393740957,0.022275241291206366,True,0.12012712206063299,reject,pre_step,drift_diffusion_then_jump,iid_bank,8,every_step,True,0.0,0.004864583333333334,167.23985443042525,115564,1.2897234832851836e-07,0.9936373641491264,1.1306575870133443e-05,0.0
LSC-CP-RA,"LSC-CP-RA (A=8), tamed",44d6ecf1abcc7ab097c151f5d67417fb,c87203a12406cc5114b7ffa2d8877465,True,1,7269,36.345,4531199635.139972,1415999.8859812412,7269.0,1860864.0,0.07726002932124114,0.0007880173030008208,-0.00018426572072194336,0.03875000000000001,0.0618480137931301,0.0,0.00041628797782921126,0.024077037071885812,True,0.12012712206063299,reject,pre_step,drift_diffusion_then_jump,iid_bank,8,every_step,True,0.0,0.004864583333333334,167.23985443042525,115564,1.2897234832851836e-07,0.9936373641491264,1.1306575870133443e-05,0.0
LSC-CP-RA,"LSC-CP-RA (A=8), tamed",44d6ecf1abcc7ab097c151f5d67417fb,c87203a12406cc5114b7ffa2d8877465,True,2,7269,36.345,4531199635.139972,1415999.8859812412,7269.0,1860864.0,0.0642713156325305,0.0007177064039879388,-0.00025297651175226754,0.04125000000000001,0.05982682333485434,0.0,0.0001533646099759257,0.015102278363092192,True,0.12012712206063299,reject,pre_step,drift_diffusion_then_jump,iid_bank,8,every_step,True,0.0,0.004864583333333334,167.23985443042525,115564,1.2897234832851836e-07,0.9936373641491264,1.1306575870133443e-05,0.0
LSC-CP-RA,"LSC-CP-RA (A=8), tamed",44d6ecf1abcc7ab097c151f5d67417fb,c87203a12406cc5114b7ffa2d8877465,True,3,7269,36.345,4531199635.139972,1415999.8859812412,7269.0,1860864.0,0.06783400967361217,0.0005293206602834388,-0.00044958444938159037,0.03875000000000001,0.0611785295138364,0.0,0.00017662485288338827,0.016352278363092193,True,0.12012712206063299,reject,pre_step,drift_diffusion_then_jump,iid_bank,8,every_step,True,0.0,0.004864583333333334,167.23985443042525,115564,1.2897234832851836e-07,0.9936373641491264,1.1306575870133443e-05,0.0
LSC-CP-RA,"LSC-CP-RA (A=8), tamed",44d6ecf1abcc7ab097c151f5d67417fb,c87203a12406cc5114b7ffa2d8877465,True,0,7328,36.64,4567977841.010553,1427493.075315798,7328.0,1875968.0,0.050690975960706666,0.0004140879433617295,-0.0005687004610162028,0.04625000000000001,0.06198397634818764,0.0,0.00016680759304998037,0.016025241291206332,True,0.12012712206063299,reject,pre_step,drift_diffusion_then_jump,iid_bank,8,every_step,True,0.0,0.005217161016949154,202.25518844163395,116549,1.279339519650655e-07,0.9940382778384279,1.138612172489083e-05,0.0
LSC-CP-RA,"LSC-CP-RA (A=8), tamed",44d6ecf1abcc7ab097c151f5d67417fb,c87203a12406cc5114b7ffa2d8877465,True,1,7328,36.64,4567977841.010553,1427493.075315798,7328.0,1875968.0,0.06796467977000509,0.0005502575613890448,-0.0004269578054505452,0.030000000000000027,0.06095521784898117,0.0,0.00012785184826824688,0.013852278363092219,True,0.12012712206063299,reject,pre_step,drift_diffusion_then_jump,iid_bank,8,every_step,True,0.0,0.005217161016949154,202.25518844163395,116549,1.279339519650655e-07,0.9940382778384279,1.138612172489083e-05,0.0
LSC-CP-RA,"LSC-CP-RA (A=8), tamed",44d6ecf1abcc7ab097c151f5d67417fb,c87203a12406cc5114b7ffa2d8877465,True,2,7328,36.64,4567977841.010553,1427493.075315798,7328.0,1875968.0,0.037390923752852835,6.385107797579614e-05,-0.0009238861752940419,0.01749999999999996,0.06611466909881869,0.0,0.0005135122048216606,0.026025241291206355,True,0.12012712206063299,reject,pre_step,drift_diffusion_then_jump,iid_bank,8,every_step,True,0.0,0.005217161016949154,202.25518844163395,116549,1.279339519650655e-07,0.9940382778384279,1.138612172489083e-05,0.0
LSC-CP-RA,"LSC-CP-RA (A=8), tamed",44d6ecf1abcc7ab097c151f5d67417fb,c87203a12406cc5114b7ffa2d8877465,True,3,7328,36.64,4567977841.010553,1427493.075315798,7328.0,1875968.0,0.057678094720236536,0.0003494293260395409,-0.0006243916719005371,0.03,0.06147956261962406,0.0,0.0006183039294865491,0.030102278363092205,True,0.12012712206063299,reject,pre_step,drift_diffusion_then_jump,iid_bank,8,every_step,True,0.0,0.005217161016949154,202.25518844163395,116549,1.279339519650655e-07,0.9940382778384279,1.138612172489083e-05,0.0
LSC-CP-RA,"LSC-CP-RA (A=8), tamed",44d6ecf1abcc7ab097c151f5d67417fb,c87203a12406cc5114b7ffa2d8877465,True,0,7388,36.94,4605379406.3026705,1439181.0644695845,7388.0,1891328.0,0.07245816238434832,0.0007832238174263484,-0.00020259902118335837,0.03750000000000003,0.06434668896720841,0.0,2.8840880411707217e-05,0.006352278363092184,True,0.12012712206063299,reject,pre_step,drift_diffusion_then_jump,iid_bank,8,every_step,True,0.0,0.005010416666666666,180.6959428892752,117511,1.2689496480779642e-07,0.9941036139685977,1.1420546832701678e-05,0.0
LSC-CP-RA,"LSC-CP-RA (A=8), tamed",44d6ecf1abcc7ab097c151f5d67417fb,c87203a12406cc5114b7ffa2d8877465,True,1,7388,36.94,4605379406.3026705,1439181.0644695845,7388.0,1891328.0,0.035138455200641835,8.454254345824364e-05,-0.0008993103021759374,0.03125000000000001,0.06509186307166293,0.0,0.00031757305538071654,0.022275241291206338,True,0.12012712206063299,reject,pre_step,drift_diffusion_then_jump,iid_bank,8,every_step,True,0.0,0.005010416666666666,180.6959428892752,117511,1.2689496480779642e-07,0.9941036139685977,1.1420546832701678e-05,0.0
LSC-CP-RA,"LSC-CP-RA (A=8), tamed",44d6ecf1abcc7ab097c151f5d67417fb,c87203a12406cc5114b7ffa2d8877465,True,2,7388,36.94,4605379406.3026705,1439181.0644695845,7388.0,1891328.0,0.042046602926153115,0.00011534811164715109,-0.0008700936180787711,0.026249999999999996,0.06283020156746799,0.0,0.0009878260512767737,0.03510227836309218,True,0.12012712206063299,reject,pre_step,drift_diffusion_then_jump,iid_bank,8,every_step,True,0.0,0.005010416666666666,180.6959428892752,117511,1.2689496480779642e-07,0.9941036139685977,1.1420546832701678e-05,0.0
LSC-CP-RA,"LSC-CP-RA (A=8), tamed",44d6ecf1abcc7ab097c151f5d67417fb,c87203a12406cc5114b7ffa2d8877465,True,3,7388,36.94,4605379406.3026705,1439181.0644695845,7388.0,1891328.0,0.035852858725898204,3.349161995236383e-05,-0.0009468898600223374,0.018750000000000044,0.06486377309938618,0.0,0.0004140966441415419,0.022275241291206366,True,0.12012712206063299,reject,pre_step,drift_diffusion_then_jump,iid_bank,8,every_step,True,0.0,0.005010416666666666,180.6959428892752,117511,1.2689496480779642e-07,0.9941036139685977,1.1420546832701678e-05,0.0
LSC-CP-RA,"LSC-CP-RA (A=8), tamed",44d6ecf1abcc7ab097c151f5d67417fb,c87203a12406cc5114b7ffa2d8877465,True,0,7447,37.235,4642157612.173252,1450674.2538041412,7447.0,1906432.0,0.05519499488401636,0.0002889820832236989,-0.0006870089009356484,0.03375,0.06258343977451153,0.0,9.985973145793718e-05,0.011352278363092189,True,0.12012712206063299,reject,pre_step,drift_diffusion_then_jump,iid_bank,8,every_step,True,0.0,0.005074152542372881,170.67237205060965,118469,1.258896199812005e-07,0.9942678259701894,1.1330065798308044e-05,0.0
LSC-CP-RA,"LSC-CP-RA (A=8), tamed",44d6ecf1abcc7ab097c151f5d67417fb,c87203a12406cc5114b7ffa2d8877465,True,1,7447,37.235,4642157612.173252,1450674.2538041412,7447.0,1906432.0,0.03958051335784104,4.6421482678304926e-05,-0.0009402172452155355,0.030000000000000027,0.05829099364214396,0.0,0.0005185158561700361,0.027275241291206342,True,0.12012712206063299,reject,pre_step,drift_diffusion_then_jump,iid_bank,8,every_step,True,0.0,0.005074152542372881,170.67237205060965,118469,1.258896199812005e-07,0.9942678259701894,1.1330065798308044e-05,0.0
LSC-CP-RA,"LSC-CP-RA (A=8), tamed",44d6ecf1abcc7ab097c151f5d67417fb,c87203a12406cc5114b7ffa2d8877465,True,2,7447,37.235,4642157612.173252,1450674.2538041412,7447.0,1906432.0,0.04284607799761842,8.243451407086155e-05,-0.0009001786097116993,0.021249999999999998,0.06902343593719407,0.0,0.00020393371165750495,0.018525241291206335,True,0.12012712206063299,reject,pre_step,drift_diffusion_then_jump,iid_bank,8,every_step,True,0.0,0.005074152542372881,170.67237205060965,118469,1.258896199812005e-07,0.9942678259701894,1.1330065798308044e-05,0.0
LSC-CP-RA,"LSC-CP-RA (A=8), tamed",44d6ecf1abcc7ab097c151f5d67417fb,c87203a12406cc5114b7ffa2d8877465,True,3,7447,37.235,4642157612.173252,1450674.2538041412,7447.0,1906432.0,0.06051433095685569,0.0004897812406974289,-0.000485833487196885,0.040000000000000036,0.06379548771629784,0.0,9.247027973930484e-05,0.011352278363092216,True,0.12012712206063299,reject,pre_step,drift_diffusion_then_jump,iid_bank,8,every_step,True,0.0,0.005074152542372881,170.67237205060965,118469,1.258896199812005e-07,0.9942678259701894,1.1330065798308044e-05,0.0
LSC-CP-RA,"LSC-CP-RA (A=8), tamed",44d6ecf1abcc7ab097c151f5d67417fb,c87203a12406cc5114b7ffa2d8877465,True,0,7506,37.53,4678935818.043834,1462167.443138698,7506.0,1921536.0,0.05400900546496306,0.00028597075113334647,-0.0006952100555954743,0.04000000000000001,0.0630944740370486,0.0,0.00013440422852786468,0.01385227836309219,True,0.12012712206063299,reject,pre_step,drift_diffusion_then_jump,iid_bank,8,every_step,True,0.0,0.005100635593220338,147.0621629206357,119432,1.2490007993605117e-07,0.9944710897948308,1.1282640554223289e-05,0.0
LSC-CP-RA,"LSC-CP-RA (A=8), tamed",44d6ecf1abcc7ab097c151f5d67417fb,c87203a12406cc5114b7ffa2d8877465,True,1,7506,37.53,4678935818.043834,1462167.443138698,7506.0,1921536.0,0.033782748574973195,4.218609547590457e-05,-0.0009430644224787121,0.028749999999999998,0.06358698863565249,0.0,0.000541763390155385,0.027275241291206356,True,0.12012712206063299,reject,pre_step,drift_diffusion_then_jump,iid_bank,8,every_step,True,0.0,0.005100635593220338,147.0621629206357,119432,1.2490007993605117e-07,0.9944710897948308,1.1282640554223289e-05,0.0
LSC-CP-RA,"LSC-CP-RA (A=8), tamed",44d6ecf1abcc7ab097c151f5d67417fb,c87203a12406cc5114b7ffa2d8877465,True,2,7506,37.53,4678935818.043834,1462167.443138698,7506.0,1921536.0,0.054946286393286414,0.00018508178007059506,-0.0007950267315154358,0.025000000000000022,0.06430048602864014,0.0,0.0002621228394590104,0.018852278363092195,True,0.12012712206063299,reject,pre_step,drift_diffusion_then_jump,iid_bank,8,every_step,True,0.0,0.005100635593220338,147.0621629206357,119432,1.2490007993605117e-07,0.9944710897948308,1.1282640554223289e-05,0.0
LSC-CP-RA,"LSC-CP-RA (A=8), tamed",44d6ecf1abcc7ab097c151f5d67417fb,c87203a12406cc5114b7ffa2d8877465,True,3,7506,37.53,4678935818.043834,1462167.443138698,7506.0,1921536.0,0.07852127353709114,0.0008395716025478839,-0.00014536792525521314,0.03375000000000006,0.07043637484922216,0.0,2.597644294544273e-05,0.006352278363092184,True,0.12012712206063299,reject,pre_step,drift_diffusion_then_jump,iid_bank,8,every_step,True,0.0,0.005100635593220338,147.0621629206357,119432,1.2490007993605117e-07,0.9944710897948308,1.1282640554223289e-05,0.0
LSC-CP-RA,"LSC-CP-RA (A=8), tamed",44d6ecf1abcc7ab097c151f5d67417fb,c87203a12406cc5114b7ffa2d8877465,True,0,7566,37.83,4716337383.335951,1473855.4322924847,7566.0,1936896.0,0.050751006076705574,0.00022131253258084183,-0.000755263417061558,0.032500000000000084,0.05677159611780713,0.0,0.00015540341389489397,0.015102278363092192,True,0.12012712206063299,reject,pre_step,drift_diffusion_then_jump,iid_bank,8,every_step,True,0.0,0.005119791666666668,143.8750549523249,120415,1.239095955590801e-07,0.9947049299497753,1.1358379592915676e-05,0.0
LSC-CP-RA,"LSC-CP-RA (A=8), tamed",44d6ecf1abcc7ab097c151f5d67417fb,c87203a12406cc5114b7ffa2d8877465,True,1,7566,37.83,4716337383.335951,1473855.4322924847,7566.0,1936896.0,0.0506728559440632,0.0006677447483882659,-0.0003271699868342415,0.04625000000000001,0.0649426618558202,0.0,0.00086088731740829,0.039672962928114175,True,0.12012712206063299,reject,pre_step,drift_diffusion_then_jump,iid_bank,8,every_step,True,0.0,0.005119791666666668,143.8750549523249,120415,1.239095955590801e-07,0.9947049299497753,1.1358379592915676e-05,0.0
LSC-CP-RA,"LSC-CP-RA (A=8), tamed",44d6ecf1abcc7ab097c151f5d67417fb,c87203a12406cc5114b7ffa2d8877465,True,2,7566,37.83,4716337383.335951,1473855.4322924847,7566.0,1936896.0,0.09136947328361036,0.0019677945388868467,0.000987294532311389,0.06,0.061324216324527,0.0,3.75985673038955e-05,0.0073977216369078,True,0.12012712206063299,reject,pre_step,drift_diffusion_then_jump,iid_bank,8,every_step,True,0.0,0.005119791666666668,143.8750549523249,120415,1.239095955590801e-07,0.9947049299497753,1.1358379592915676e-05,0.0
LSC-CP-RA,"LSC-CP-RA (A=8), tamed",44d6ecf1abcc7ab097c151f5d67417fb,c87203a12406cc5114b7ffa2d8877465,True,3,7566,37.83,4716337383.335951,1473855.4322924847,7566.0,1936896.0,0.053075907233658626,0.00034684639401505457,-0.0006411133687762582,0.037500000000000006,0.07210067707972312,0.0,0.00017237292383342432,0.01727524129120636,True,0.12012712206063299,reject,pre_step,drift_diffusion_then_jump,iid_bank,8,every_step,True,0.0,0.005119791666666668,143.8750549523249,120415,1.239095955590801e-07,0.9947049299497753,1.1358379592915676e-05,0.0
LSC-CP-RA,"LSC-CP-RA (A=8), tamed",44d6ecf1abcc7ab097c151f5d67417fb,c87203a12406cc5114b7ffa2d8877465,True,0,7625,38.125,4753115589.2065325,1485348.6216270414,7625.0,1952000.0,0.04947131550135341,0.00018453233060666818,-0.0008018443215686011,0.027499999999999997,0.06667113842981753,0.0,0.00031460013217954493,0.02010227836309221,True,0.12012712206063299,reject,pre_step,drift_diffusion_then_jump,iid_bank,8,every_step,True,0.0,0.004957627118644069,149.66581001389372,121351,1.2295081967213116e-07,0.9946803278688524,1.1352459016393443e-05,0.0
LSC-CP-RA,"LSC-CP-RA (A=8), tamed",44d6ecf1abcc7ab097c151f5d67417fb,c87203a12406cc5114b7ffa2d8877465,True,1,7625,38.125,4753115589.2065325,1485348.6216270414,7625.0,1952000.0,0.04129420813633152,0.0003001311079532387,-0.0006941797894894908,0.03125,0.06254694670696881,0.0,0.0005901825522960733,0.029775241291206345,True,0.12012712206063299,reject,pre_step,drift_diffusion_then_jump,iid_bank,8,every_step,True,0.0,0.004957627118644069,149.66581001389372,121351,1.2295081967213116e-07,0.9946803278688524,1.1352459016393443e-05,0.0
LSC-CP-RA,"LSC-CP-RA (A=8), tamed",44d6ecf1abcc7ab097c151f5d67417fb,c87203a12406cc5114b7ffa2d8877465,True,2,7625,38.125,4753115589.2065325,1485348.6216270414,7625.0,1952000.0,0.09273123072608247,0.0016871665202686792,0.0007105589493515696,0.048750000000000016,0.06900198151866344,0.0,7.822755995011074e-05,0.011474758708793664,True,0.12012712206063299,reject,pre_step,drift_diffusion_then_jump,iid_bank,8,every_step,True,0.0,0.004957627118644069,149.66581001389372,121351,1.2295081967213116e-07,0.9946803278688524,1.1352459016393443e-05,0.0
LSC-CP-RA,"LSC-CP-RA (A=8), tamed",44d6ecf1abcc7ab097c151f5d67417fb,c87203a12406cc5114b7ffa2d8877465,True,3,7625,38.125,4753115589.2065325,1485348.6216270414,7625.0,1952000.0,0.04064361166484061,0.0002999889955008772,-0.0006862080304451679,0.03875000000000006,0.06291574611585526,0.0,0.0002453011340693952,0.019775241291206364,True,0.12012712206063299,reject,pre_step,drift_diffusion_then_jump,iid_bank,8,every_step,True,0.0,0.004957627118644069,149.66581001389372,121351,1.2295081967213116e-07,0.9946803278688524,1.1352459016393443e-05,0.0
LSC-CP-RA,"LSC-CP-RA (A=8), tamed",44d6ecf1abcc7ab097c151f5d67417fb,c87203a12406cc5114b7ffa2d8877465,True,0,7684,38.42,4789893795.077114,1496841.810961598,7684.0,1967104.0,0.05457554883416452,0.0003653864752979352,-0.0006202797889116596,0.029999999999999916,0.06571564102916039,0.0,0.0001420767088058365,0.01385227836309219,True,0.12012712206063299,reject,pre_step,drift_diffusion_then_jump,iid_bank,8,every_step,True,0.0,0.004947033898305084,231.2758901969973,122285,1.220067673086934e-07,0.9946398360229047,1.1468636127017179e-05,0.0
LSC-CP-RA,"LSC-CP-RA (A=8), tamed",44d6ecf1abcc7ab097c151f5d67417fb,c87203a12406cc5114b7ffa2d8877465,True,1,7684,38.42,4789893795.077114,1496841.810961598,7684.0,1967104.0,0.030254916333951585,0.00028081052776440796,-0.0007038857370341711,0.04874999999999996,0.05918761167533082,0.0,0.0002887749056625917,0.022275241291206338,True,0.12012712206063299,reject,pre_step,drift_diffusion_then_jump,iid_bank,8,every_step,True,0.0,0.004947033898305084,231.2758901969973,122285,1.220067673086934e-07,0.9946398360229047,1.1468636127017179e-05,0.0
LSC-CP-RA,"LSC-CP-RA (A=8), tamed",44d6ecf1abcc7ab097c151f5d67417fb,c87203a12406cc5114b7ffa2d8877465,True,2,7684,38.42,4789893795.077114,1496841.810961598,7684.0,1967104.0,0.09172616009487236,0.002060183000088589,0.0010909698181862382,0.044999999999999984,0.056591890090905705,0.0,9.064334955586771e-05,0.011474758708793664,True,0.12012712206063299,reject,pre_step,drift_diffusion_then_jump,iid_bank,8,every_step,True,0.0,0.004947033898305084,231.2758901969973,122285,1.220067673086934e-07,0.9946398360229047,1.1468636127017179e-05,0.0
LSC-CP-RA,"LSC-CP-RA (A=8), tamed",44d6ecf1abcc7ab097c151f5d67417fb,c87203a12406cc5114b7ffa2d8877465,True,3,7684,38.42,4789893795.077114,1496841.810961598,7684.0,1967104.0,0.051899693404805866,0.000314596762291397,-0.0006722303866080193,0.036250000000000004,0.06852235764207626,0.0,0.00015842141933399435,0.016025241291206332,True,0.12012712206063299,reject,pre_step,drift_diffusion_then_jump,iid_bank,8,every_step,True,0.0,0.004947033898305084,231.2758901969973,122285,1.220067673086934e-07,0.9946398360229047,1.1468636127017179e-05,0.0
LSC-CP-RA,"LSC-CP-RA (A=8), tamed",44d6ecf1abcc7ab097c151f5d67417fb,c87203a12406cc5114b7ffa2d8877465,True,0,7744,38.72,4827295360.369231,1508529.8001153849,7744.0,1982464.0,0.048891853343343006,0.0002590562079821668,-0.0007237148283384398,0.036250000000000004,0.0641027553502106,0.0,0.00017102841298247985,0.015102278363092192,True,0.12012712206063299,reject,pre_step,drift_diffusion_then_jump,iid_bank,8,every_step,True,0.0,0.005250000000000001,264.81487616650617,123293,1.2106146694214876e-07,0.9950687629132231,1.1420131714876033e-05,0.0
LSC-CP-RA,"LSC-CP-RA (A=8), tamed",44d6ecf1abcc7ab097c151f5d67417fb,c87203a12406cc5114b7ffa2d8877465,True,1,7744,38.72,4827295360.369231,1508529.8001153849,7744.0,1982464.0,0.05302344433096822,0.0003474906499475461,-0.0006462404111017284,0.028749999999999998,0.06714134076135048,0.0,0.0010145701123225387,0.04227524129120633,True,0.12012712206063299,reject,pre_step,drift_diffusion_then_jump,iid_bank,8,every_step,True,0.0,0.005250000000000001,264.81487616650617,123293,1.2106146694214876e-07,0.9950687629132231,1.1420131714876033e-05,0.0
LSC-CP-RA,"LSC-CP-RA (A=8), tamed",44d6ecf1abcc7ab097c151f5d67417fb,c87203a12406cc5114b7ffa2d8877465,True,2,7744,38.72,4827295360.369231,1508529.8001153849,7744.0,1982464.0,0.11491587929158822,0.003928504586196868,0.002961969375373852,0.07250000000000001,0.06289441586691913,0.0,0.0004692465587806012,0.02772475870879365,True,0.12012712206063299,reject,pre_step,drift_diffusion_then_jump,iid_bank,8,every_step,True,0.0,0.005250000000000001,264.81487616650617,123293,1.2106146694214876e-07,0.9950687629132231,1.1420131714876033e-05,0.0
LSC-CP-RA,"LSC-CP-RA (A=8), tamed",44d6ecf1abcc7ab097c151f5d67417fb,c87203a12406cc5114b7ffa2d8877465,True,3,7744,38.72,4827295360.369231,1508529.8001153849,7744.0,1982464.0,0.04331683108128259,7.671832582456517e-05,-0.000907340369090126,0.020000000000000018,0.06074172362642527,0.0,0.00030707865638660513,0.021025241291206337,True,0.12012712206063299,reject,pre_step,drift_diffusion_then_jump,iid_bank,8,every_step,True,0.0,0.005250000000000001,264.81487616650617,123293,1.2106146694214876e-07,0.9950687629132231,1.1420131714876033e-05,0.0
LSC-CP-RA,"LSC-CP-RA (A=8), tamed",44d6ecf1abcc7ab097c151f5d67417fb,c87203a12406cc5114b7ffa2d8877465,True,0,7803,39.015,4864073566.239813,1520022.9894499416,7803.0,1997568.0,0.06166409740379863,0.0005618916570979682,-0.00042043182488349373,0.03749999999999998,0.0583392505805862,0.0,4.235959671001349e-05,0.008525241291206354,True,0.12012712206063299,reject,pre_step,drift_diffusion_then_jump,iid_bank,8,every_step,True,0.0,0.004766949152542375,145.36856964472332,124193,1.201460976547482e-07,0.9947536204024093,1.1413879277201077e-05,0.0
LSC-CP-RA,"LSC-CP-RA (A=8), tamed",44d6ecf1abcc7ab097c151f5d67417fb,c87203a12406cc5114b7ffa2d8877465,True,1,7803,39.015,4864073566.239813,1520022.9894499416,7803.0,1997568.0,0.028334122257024717,0.00017145430453457955,-0.0008169193719578249,0.03499999999999992,0.06069874111481066,0.0,0.0002844608677903047,0.022275241291206338,True,0.12012712206063299,reject,pre_step,drift_diffusion_then_jump,iid_bank,8,every_step,True,0.0,0.004766949152542375,145.36856964472332,124193,1.201460976547482e-07,0.9947536204024093,1.1413879277201077e-05,0.0
LSC-CP-RA,"LSC-CP-RA (A=8), tamed",44d6ecf1abcc7ab097c151f5d67417fb,c87203a12406cc5114b7ffa2d8877465,True,2,7803,39.015,4864073566.239813,1520022.9894499416,7803.0,1997568.0,0.07610624439882631,0.001080006303783132,0.00010221708946800412,0.05125000000000002,0.06334459778141321,0.0,1.3069411806823444e-06,0.0013522783630922075,True,0.12012712206063299,reject,pre_step,drift_diffusion_then_jump,iid_bank,8,every_step,True,0.0,0.004766949152542375,145.36856964472332,124193,1.201460976547482e-07,0.9947536204024093,1.1413879277201077e-05,0.0
LSC-CP-RA,"LSC-CP-RA (A=8), tamed",44d6ecf1abcc7ab097c151f5d67417fb,c87203a12406cc5114b7ffa2d8877465,True,3,7803,39.015,4864073566.239813,1520022.9894499416,7803.0,1997568.0,0.05872222040211745,0.0004904629589843612,-0.0004909986029127955,0.025000000000000022,0.06146753255184001,0.0,3.4706084001761726e-05,0.0072752412912063524,True,0.12012712206063299,reject,pre_step,drift_diffusion_then_jump,iid_bank,8,every_step,True,0.0,0.004766949152542375,145.36856964472332,124193,1.201460976547482e-07,0.9947536204024093,1.1413879277201077e-05,0.0
LSC-CP-RA,"LSC-CP-RA (A=8), tamed",44d6ecf1abcc7ab097c151f5d67417fb,c87203a12406cc5114b7ffa2d8877465,True,0,7862,39.31,4900851772.1103945,1531516.1787844982,7862.0,2012672.0,0.06818163626723366,0.0006890691320111664,-0.000290125557191101,0.04124999999999995,0.0633110049486133,0.0,5.187035461820316e-05,0.008852278363092186,True,0.12012712206063299,reject,pre_step,drift_diffusion_then_jump,iid_bank,8,every_step,True,0.0,0.0049682203389830515,165.7034484373765,125131,1.1924446705672855e-07,0.9947452938183668,1.1407720681760367e-05,0.0
LSC-CP-RA,"LSC-CP-RA (A=8), tamed",44d6ecf1abcc7ab097c151f5d67417fb,c87203a12406cc5114b7ffa2d8877465,True,1,7862,39.31,4900851772.1103945,1531516.1787844982,7862.0,2012672.0,0.03793752060566642,0.0003515437906577157,-0.0006396453204050578,0.03374999999999995,0.06509040612811712,0.0,0.00039101970798228417,0.024775241291206368,True,0.12012712206063299,reject,pre_step,drift_diffusion_then_jump,iid_bank,8,every_step,True,0.0,0.0049682203389830515,165.7034484373765,125131,1.1924446705672855e-07,0.9947452938183668,1.1407720681760367e-05,0.0
LSC-CP-RA,"LSC-CP-RA (A=8), tamed",44d6ecf1abcc7ab097c151f5d67417fb,c87203a12406cc5114b7ffa2d8877465,True,2,7862,39.31,4900851772.1103945,1531516.1787844982,7862.0,2012672.0,0.06800263022477768,0.0005885968991644619,-0.0003941589294705894,0.0325,0.060584483244486065,0.0,1.6320804261135506e-05,0.00477524129120635,True,0.12012712206063299,reject,pre_step,drift_diffusion_then_jump,iid_bank,8,every_step,True,0.0,0.0049682203389830515,165.7034484373765,125131,1.1924446705672855e-07,0.9947452938183668,1.1407720681760367e-05,0.0
LSC-CP-RA,"LSC-CP-RA (A=8), tamed",44d6ecf1abcc7ab097c151f5d67417fb,c87203a12406cc5114b7ffa2d8877465,True,3,7862,39.31,4900851772.1103945,1531516.1787844982,7862.0,2012672.0,0.05930499687584271,0.0004762988964434056,-0.0005106868321955726,0.03375000000000006,0.06403788114626296,0.0,7.708827488939543e-05,0.011025241291206328,True,0.12012712206063299,reject,pre_step,drift_diffusion_then_jump,iid_bank,8,every_step,True,0.0,0.0049682203389830515,165.7034484373765,125131,1.1924446705672855e-07,0.9947452938183668,1.1407720681760367e-05,0.0
LSC-CP-RA,"LSC-CP-RA (A=8), tamed",44d6ecf1abcc7ab097c151f5d67417fb,c87203a12406cc5114b7ffa2d8877465,True,0,7922,39.61,4938253337.402512,1543204.1679382848,7922.0,2028032.0,0.04961658102130131,0.0002542257316835439,-0.0007289538345169877,0.03749999999999998,0.06614221095693573,0.0,0.00013476407056231651,0.01352524129120633,True,0.12012712206063299,reject,pre_step,drift_diffusion_then_jump,iid_bank,8,every_step,True,0.0,0.005052083333333335,138.42199319585126,126101,1.18341327947488e-07,0.9948639863670791,1.1439661701590507e-05,0.0
LSC-CP-RA,"LSC-CP-RA (A=8), tamed",44d6ecf1abcc7ab097c151f5d67417fb,c87203a12406cc5114b7ffa2d8877465,True,1,7922,39.61,4938253337.402512,1543204.1679382848,7922.0,2028032.0,0.061701434032958184,0.0005522937446966747,-0.0004289408524675853,0.036250000000000004,0.06548383971343585,0.0,4.928060980500669e-05,0.008525241291206354,True,0.12012712206063299,reject,pre_step,drift_diffusion_then_jump,iid_bank,8,every_step,True,0.0,0.005052083333333335,138.42199319585126,126101,1.18341327947488e-07,0.9948639863670791,1.1439661701590507e-05,0.0
LSC-CP-RA,"LSC-CP-RA (A=8), tamed",44d6ecf1abcc7ab097c151f5d67417fb,c87203a12406cc5114b7ffa2d8877465,True,2,7922,39.61,4938253337.402512,1543204.1679382848,7922.0,2028032.0,0.0765525649481747,0.0009208089433467848,-5.482752968921645e-05,0.034999999999999976,0.05437071470965871,0.0,3.325030523082832e-05,0.00782703707188584,True,0.12012712206063299,reject,pre_step,drift_diffusion_then_jump,iid_bank,8,every_step,True,0.0,0.005052083333333335,138.42199319585126,126101,1.18341327947488e-07,0.9948639863670791,1.1439661701590507e-05,0.0
LSC-CP-RA,"LSC-CP-RA (A=8), tamed",44d6ecf1abcc7ab097c151f5d67417fb,c87203a12406cc5114b7ffa2d8877465,True,3,7922,39.61,4938253337.402512,1543204.1679382848,7922.0,2028032.0,0.05186781270675808,0.0004114838853306324,-0.0005835779128845475,0.036250000000000004,0.06403626561895759,0.0,0.0004234973406077071,0.025922962928114163,True,0.12012712206063299,reject,pre_step,drift_diffusion_then_jump,iid_bank,8,every_step,True,0.0,0.005052083333333335,138.42199319585126,126101,1.18341327947488e-07,0.9948639863670791,1.1439661701590507e-05,0.0
LSC-CP-RA,"LSC-CP-RA (A=8), tamed",44d6ecf1abcc7ab097c151f5d67417fb,c87203a12406cc5114b7ffa2d8877465,True,0,7981,39.905,4975031543.273093,1554697.3572728417,7981.0,2043136.0,0.03579549615174761,0.0001096482965350365,-0.0008766577200827186,0.02124999999999999,0.06642031453052955,0.0,0.00031757305538071654,0.022275241291206338,True,0.12012712206063299,reject,pre_step,drift_diffusion_then_jump,iid_bank,8,every_step,True,0.0,0.004909957627118645,158.2954927701389,127028,1.1746648289688008e-07,0.9947688259616589,1.1472559829595289e-05,0.0
LSC-CP-RA,"LSC-CP-RA (A=8), tamed",44d6ecf1abcc7ab097c151f5d67417fb,c87203a12406cc5114b7ffa2d8877465,True,1,7981,39.905,4975031543.273093,1554697.3572728417,7981.0,2043136.0,0.029876867627655287,0.0001829383791582817,-0.0008048868193767378,0.027500000000000024,0.06492192599204571,0.0,0.0003743524999465617,0.02352524129120631,True,0.12012712206063299,reject,pre_step,drift_diffusion_then_jump,iid_bank,8,every_step,True,0.0,0.004909957627118645,158.2954927701389,127028,1.1746648289688008e-07,0.9947688259616589,1.1472559829595289e-05,0.0
LSC-CP-RA,"LSC-CP-RA (A=8), tamed",44d6ecf1abcc7ab097c151f5d67417fb,c87203a12406cc5114b7ffa2d8877465,True,2,7981,39.905,4975031543.273093,1554697.3572728417,7981.0,2043136.0,0.09587800562580705,0.0017879947272950725,0.0008113263108646684,0.04625000000000001,0.06541374320536875,0.0,0.00015359824439340787,0.01657703707188582,True,0.12012712206063299,reject,pre_step,drift_diffusion_then_jump,iid_bank,8,every_step,True,0.0,0.004909957627118645,158.2954927701389,127028,1.1746648289688008e-07,0.9947688259616589,1.1472559829595289e-05,0.0
LSC-CP-RA,"LSC-CP-RA (A=8), tamed",44d6ecf1abcc7ab097c151f5d67417fb,c87203a12406cc5114b7ffa2d8877465,True,3,7981,39.905,4975031543.273093,1554697.3572728417,7981.0,2043136.0,0.050750906122975274,0.0003796724518194683,-0.0006105434735651505,0.026249999999999996,0.06812483038757322,0.0,0.00020088595289455237,0.018525241291206335,True,0.12012712206063299,reject,pre_step,drift_diffusion_then_jump,iid_bank,8,every_step,True,0.0,0.004909957627118645,158.2954927701389,127028,1.1746648289688008e-07,0.9947688259616589,1.1472559829595289e-05,0.0
LSC-CP-RA,"LSC-CP-RA (A=8), tamed",44d6ecf1abcc7ab097c151f5d67417fb,c87203a12406cc5114b7ffa2d8877465,True,0,8041,40.205,5012433108.56521,1566385.3464266283,8041.0,2058496.0,0.06488937275368833,0.0006387016689819447,-0.0003360779541546899,0.044999999999999984,0.0642599752098938,0.0,0.00032857169191135346,0.021352278363092198,True,0.12012712206063299,reject,pre_step,drift_diffusion_then_jump,iid_bank,8,every_step,True,0.0,0.005145833333333334,373.189331556063,128016,1.1658997637109812e-07,0.9950254943414998,1.1503544335281681e-05,0.0
LSC-CP-RA,"LSC-CP-RA (A=8), tamed",44d6ecf1abcc7ab097c151f5d67417fb,c87203a12406cc5114b7ffa2d8877465,True,1,8041,40.205,5012433108.56521,1566385.3464266283,8041.0,2058496.0,0.04011974946480902,7.563300556867603e-05,-0.0009072577709594576,0.036250000000000004,0.058590903185481436,0.0,0.0003479889733535195,0.02010227836309221,True,0.12012712206063299,reject,pre_step,drift_diffusion_then_jump,iid_bank,8,every_step,True,0.0,0.005145833333333334,373.189331556063,128016,1.1658997637109812e-07,0.9950254943414998,1.1503544335281681e-05,0.0
LSC-CP-RA,"LSC-CP-RA (A=8), tamed",44d6ecf1abcc7ab097c151f5d67417fb,c87203a12406cc5114b7ffa2d8877465,True,2,8041,40.205,5012433108.56521,1566385.3464266283,8041.0,2058496.0,0.08022956706416445,0.00070456429918897,-0.0002776608737392605,0.03749999999999998,0.06706992382372357,0.0,5.2343022592717895e-05,0.009077037071885813,True,0.12012712206063299,reject,pre_step,drift_diffusion_then_jump,iid_bank,8,every_step,True,0.0,0.005145833333333334,373.189331556063,128016,1.1658997637109812e-07,0.9950254943414998,1.1503544335281681e-05,0.0
LSC-CP-RA,"LSC-CP-RA (A=8), tamed",44d6ecf1abcc7ab097c151f5d67417fb,c87203a12406cc5114b7ffa2d8877465,True,3,8041,40.205,5012433108.56521,1566385.3464266283,8041.0,2058496.0,0.06267346440482996,0.0005682744641588577,-0.0004267036956816517,0.03999999999999998,0.06795312130620434,0.0,0.0003228934278516459,0.022172962928114187,True,0.12012712206063299,reject,pre_step,drift_diffusion_then_jump,iid_bank,8,every_step,True,0.0,0.005145833333333334,373.189331556063,128016,1.1658997637109812e-07,0.9950254943414998,1.1503544335281681e-05,0.0
LSC-CP-RA,"LSC-CP-RA (A=8), tamed",44d6ecf1abcc7ab097c151f5d67417fb,c87203a12406cc5114b7ffa2d8877465,True,0,8100,40.5,5049211314.435792,1577878.535761185,8100.0,2073600.0,0.060817100549068866,0.0005209376854747871,-0.00045522119366414593,0.03500000000000003,0.06258866464677859,0.0,0.00027286567813115167,0.02010227836309221,True,0.12012712206063299,reject,pre_step,drift_diffusion_then_jump,iid_bank,8,every_step,True,0.0,0.004766949152542373,138.57585630773735,128916,1.1574074074074074e-07,0.9947222222222222,1.1458333333333333e-05,0.0
LSC-CP-RA,"LSC-CP-RA (A=8), tamed",44d6ecf1abcc7ab097c151f5d67417fb,c87203a12406cc5114b7ffa2d8877465,True,1,8100,40.5,5049211314.435792,1577878.535761185,8100.0,2073600.0,0.04134715501349998,0.00010712483590924471,-0.0008683075957580666,0.025000000000000022,0.05756029761579928,0.0,0.00044247092904705493,0.025102278363092215,True,0.12012712206063299,reject,pre_step,drift_diffusion_then_jump,iid_bank,8,every_step,True,0.0,0.004766949152542373,138.57585630773735,128916,1.1574074074074074e-07,0.9947222222222222,1.1458333333333333e-05,0.0
LSC-CP-RA,"LSC-CP-RA (A=8), tamed",44d6ecf1abcc7ab097c151f5d67417fb,c87203a12406cc5114b7ffa2d8877465,True,2,8100,40.5,5049211314.435792,1577878.535761185,8100.0,2073600.0,0.06280564583877718,0.000518208713610635,-0.0004691637416299743,0.03875000000000006,0.06545471140631398,0.0,9.081396492111168e-05,0.012275241291206357,True,0.12012712206063299,reject,pre_step,drift_diffusion_then_jump,iid_bank,8,every_step,True,0.0,0.004766949152542373,138.57585630773735,128916,1.1574074074074074e-07,0.9947222222222222,1.1458333333333333e-05,0.0
LSC-CP-RA,"LSC-CP-RA (A=8), tamed",44d6ecf1abcc7ab097c151f5d67417fb,c87203a12406cc5114b7ffa2d8877465,True,3,8100,40.5,5049211314.435792,1577878.535761185,8100.0,2073600.0,0.060639060708259154,0.0004892874545712189,-0.0004968287535052074,0.03374999999999995,0.06324101552558548,0.0,8.777203912714625e-05,0.012275241291206329,True,0.12012712206063299,reject,pre_step,drift_diffusion_then_jump,iid_bank,8,every_step,True,0.0,0.004766949152542373,138.57585630773735,128916,1.1574074074074074e-07,0.9947222222222222,1.1458333333333333e-05,0.0
LSC-CP-RA,"LSC-CP-RA (A=8), tamed",44d6ecf1abcc7ab097c151f5d67417fb,c87203a12406cc5114b7ffa2d8877465,True,0,8159,40.795,5085989520.306374,1589371.7250957417,8159.0,2088704.0,0.0700617082756552,0.0006487303056290639,-0.00032495070413174343,0.03125,0.06581218398747368,0.0,0.00046019139849398996,0.025102278363092215,True,0.12012712206063299,reject,pre_step,drift_diffusion_then_jump,iid_bank,8,every_step,True,0.0,0.004920550847457628,312.0389177300681,129845,1.1490378722882707e-07,0.9946454835151367,1.1452077460473098e-05,0.0
LSC-CP-RA,"LSC-CP-RA (A=8), tamed",44d6ecf1abcc7ab097c151f5d67417fb,c87203a12406cc5114b7ffa2d8877465,True,1,8159,40.795,5085989520.306374,1589371.7250957417,8159.0,2088704.0,0.05283268117168491,0.00015566651596288228,-0.0008368446528769224,0.03874999999999995,0.06807591738361607,0.0,0.0007504466458605097,0.029775241291206372,True,0.12012712206063299,reject,pre_step,drift_diffusion_then_jump,iid_bank,8,every_step,True,0.0,0.004920550847457628,312.0389177300681,129845,1.1490378722882707e-07,0.9946454835151367,1.1452077460473098e-05,0.0
LSC-CP-RA,"LSC-CP-RA (A=8), tamed",44d6ecf1abcc7ab097c151f5d67417fb,c87203a12406cc5114b7ffa2d8877465,True,2,8159,40.795,5085989520.306374,1589371.7250957417,8159.0,2088704.0,0.052112237927753366,0.0006622653820856916,-0.00032798082519280847,0.04375000000000007,0.06105723865155166,0.0,0.0003129547004230727,0.02342296292811416,True,0.12012712206063299,reject,pre_step,drift_diffusion_then_jump,iid_bank,8,every_step,True,0.0,0.004920550847457628,312.0389177300681,129845,1.1490378722882707e-07,0.9946454835151367,1.1452077460473098e-05,0.0
LSC-CP-RA,"LSC-CP-RA (A=8), tamed",44d6ecf1abcc7ab097c151f5d67417fb,c87203a12406cc5114b7ffa2d8877465,True,3,8159,40.795,5085989520.306374,1589371.7250957417,8159.0,2088704.0,0.07567532438924258,0.0013319613725650825,0.0003545432978501184,0.06000000000000005,0.06404228347006857,0.0,1.871497538929231e-05,0.005922962928114173,True,0.12012712206063299,reject,pre_step,drift_diffusion_then_jump,iid_bank,8,every_step,True,0.0,0.004920550847457628,312.0389177300681,129845,1.1490378722882707e-07,0.9946454835151367,1.1452077460473098e-05,0.0
LSC-CP-RA,"LSC-CP-RA (A=8), tamed",44d6ecf1abcc7ab097c151f5d67417fb,c87203a12406cc5114b7ffa2d8877465,True,0,8219,41.095,5123391085.598491,1601059.7142495282,8219.0,2104064.0,0.06385910471391334,0.0004294165499851843,-0.0005427974244590628,0.03249999999999997,0.0647885695498378,0.0,0.001214886496254607,0.0413522783630922,True,0.12012712206063299,reject,pre_step,drift_diffusion_then_jump,iid_bank,8,every_step,True,0.0,0.005046874999999998,175.43115330347848,130814,1.1406497140771384e-07,0.9947530113152452,1.1444518797907287e-05,0.0
LSC-CP-RA,"LSC-CP-RA (A=8), tamed",44d6ecf1abcc7ab097c151f5d67417fb,c87203a12406cc5114b7ffa2d8877465,True,1,8219,41.095,5123391085.598491,1601059.7142495282,8219.0,2104064.0,0.04882960743685241,0.00020433227154958988,-0.0007799349369361774,0.028750000000000005,0.0682169396363842,0.0,0.0010452487515590332,0.037602278363092184,True,0.12012712206063299,reject,pre_step,drift_diffusion_then_jump,iid_bank,8,every_step,True,0.0,0.005046874999999998,175.43115330347848,130814,1.1406497140771384e-07,0.9947530113152452,1.1444518797907287e-05,0.0
LSC-CP-RA,"LSC-CP-RA (A=8), tamed",44d6ecf1abcc7ab097c151f5d67417fb,c87203a12406cc5114b7ffa2d8877465,True,2,8219,41.095,5123391085.598491,1601059.7142495282,8219.0,2104064.0,0.04219765389157627,0.0002941211164079194,-0.0006956158732080997,0.053749999999999964,0.06671917846829922,0.0,0.00023002175190024385,0.019775241291206364,True,0.12012712206063299,reject,pre_step,drift_diffusion_then_jump,iid_bank,8,every_step,True,0.0,0.005046874999999998,175.43115330347848,130814,1.1406497140771384e-07,0.9947530113152452,1.1444518797907287e-05,0.0
LSC-CP-RA,"LSC-CP-RA (A=8), tamed",44d6ecf1abcc7ab097c151f5d67417fb,c87203a12406cc5114b7ffa2d8877465,True,3,8219,41.095,5123391085.598491,1601059.7142495282,8219.0,2104064.0,0.0619908999337692,0.0005924253824666215,-0.00038873946016215744,0.040000000000000036,0.06255697951154049,0.0,5.8862964343422085e-05,0.008852278363092186,True,0.12012712206063299,reject,pre_step,drift_diffusion_then_jump,iid_bank,8,every_step,True,0.0,0.005046874999999998,175.43115330347848,130814,1.1406497140771384e-07,0.9947530113152452,1.1444518797907287e-05,0.0
LSC-CP-RA,"LSC-CP-RA (A=8), tamed",44d6ecf1abcc7ab097c151f5d67417fb,c87203a12406cc5114b7ffa2d8877465,True,0,8278,41.39,5160169291.469072,1612552.9035840852,8278.0,2119168.0,0.03930976113983607,0.00010641774866704257,-0.0008802486701537937,0.03749999999999998,0.057845084211854414,0.0,0.0006131746914403852,0.03227524129120635,True,0.12012712206063299,reject,pre_step,drift_diffusion_then_jump,iid_bank,8,every_step,True,0.0,0.005238347457627121,157.44503150924263,131803,1.1325199323508093e-07,0.9951301642908915,1.1400700652331481e-05,0.0
LSC-CP-RA,"LSC-CP-RA (A=8), tamed",44d6ecf1abcc7ab097c151f5d67417fb,c87203a12406cc5114b7ffa2d8877465,True,1,8278,41.39,5160169291.469072,1612552.9035840852,8278.0,2119168.0,0.050474404051174565,0.0003618664961720919,-0.0006080315335227349,0.02625000000000005,0.06223916583697797,0.0,0.0007633937550764565,0.033852278363092195,True,0.12012712206063299,reject,pre_step,drift_diffusion_then_jump,iid_bank,8,every_step,True,0.0,0.005238347457627121,157.44503150924263,131803,1.1325199323508093e-07,0.9951301642908915,1.1400700652331481e-05,0.0
LSC-CP-RA,"LSC-CP-RA (A=8), tamed",44d6ecf1abcc7ab097c151f5d67417fb,c87203a12406cc5114b7ffa2d8877465,True,2,8278,41.39,5160169291.469072,1612552.9035840852,8278.0,2119168.0,0.027608509371726857,2.6799684656686473e-05,-0.0009578293082354028,0.017500000000000016,0.06362719733434419,0.0,0.00041362213888749275,0.023525241291206353,True,0.12012712206063299,reject,pre_step,drift_diffusion_then_jump,iid_bank,8,every_step,True,0.0,0.005238347457627121,157.44503150924263,131803,1.1325199323508093e-07,0.9951301642908915,1.1400700652331481e-05,0.0
LSC-CP-RA,"LSC-CP-RA (A=8), tamed",44d6ecf1abcc7ab097c151f5d67417fb,c87203a12406cc5114b7ffa2d8877465,True,3,8278,41.39,5160169291.469072,1612552.9035840852,8278.0,2119168.0,0.046025569761519544,0.00031996019768620876,-0.000670747480827516,0.03624999999999995,0.06375248265431666,0.0,0.00024375924953911796,0.019775241291206364,True,0.12012712206063299,reject,pre_step,drift_diffusion_then_jump,iid_bank,8,every_step,True,0.0,0.005238347457627121,157.44503150924263,131803,1.1325199323508093e-07,0.9951301642908915,1.1400700652331481e-05,0.0
LSC-CP-RA,"LSC-CP-RA (A=8), tamed",44d6ecf1abcc7ab097c151f5d67417fb,c87203a12406cc5114b7ffa2d8877465,True,0,8338,41.69,5197570856.761189,1624240.8927378717,8338.0,2134528.0,0.038685532741086145,0.0001236827046039446,-0.0008677306141448016,0.026249999999999996,0.06340344888686311,0.0,0.00033459439029828383,0.02352524129120634,True,0.12012712206063299,reject,pre_step,drift_diffusion_then_jump,iid_bank,8,every_step,True,0.0,0.004875,334.1477891634009,132739,1.1243703526025426e-07,0.9949853082273926,1.1506056608299352e-05,0.0
LSC-CP-RA,"LSC-CP-RA (A=8), tamed",44d6ecf1abcc7ab097c151f5d67417fb,c87203a12406cc5114b7ffa2d8877465,True,1,8338,41.69,5197570856.761189,1624240.8927378717,8338.0,2134528.0,0.04492037842459981,0.0003770536306845207,-0.0005941274832242938,0.03125,0.06281018887469902,0.0,0.0016204983993023427,0.04885227836309218,True,0.12012712206063299,reject,pre_step,drift_diffusion_then_jump,iid_bank,8,every_step,True,0.0,0.004875,334.1477891634009,132739,1.1243703526025426e-07,0.9949853082273926,1.1506056608299352e-05,0.0
LSC-CP-RA,"LSC-CP-RA (A=8), tamed",44d6ecf1abcc7ab097c151f5d67417fb,c87203a12406cc5114b7ffa2d8877465,True,2,8338,41.69,5197570856.761189,1624240.8927378717,8338.0,2134528.0,0.05576802846345774,0.0005105555320543687,-0.0004748745998779391,0.04625000000000001,0.06618790036304079,0.0,0.001219343095112569,0.039775241291206354,True,0.12012712206063299,reject,pre_step,drift_diffusion_then_jump,iid_bank,8,every_step,True,0.0,0.004875,334.1477891634009,132739,1.1243703526025426e-07,0.9949853082273926,1.1506056608299352e-05,0.0
LSC-CP-RA,"LSC-CP-RA (A=8), tamed",44d6ecf1abcc7ab097c151f5d67417fb,c87203a12406cc5114b7ffa2d8877465,True,3,8338,41.69,5197570856.761189,1624240.8927378717,8338.0,2134528.0,0.06880943700764884,0.0009846647305199463,2.0481085075685357e-06,0.05125000000000002,0.075177724131957,0.0,3.4706084001761726e-05,0.0072752412912063524,True,0.12012712206063299,reject,pre_step,drift_diffusion_then_jump,iid_bank,8,every_step,True,0.0,0.004875,334.1477891634009,132739,1.1243703526025426e-07,0.9949853082273926,1.1506056608299352e-05,0.0
LSC-CP-RA,"LSC-CP-RA (A=8), tamed",44d6ecf1abcc7ab097c151f5d67417fb,c87203a12406cc5114b7ffa2d8877465,True,0,8397,41.985,5234349062.631771,1635734.0820724284,8397.0,2149632.0,0.04985848597926334,0.0002588981489370923,-0.0007205038302189326,0.028749999999999998,0.0628649740220153,0.0,0.00012884821293643258,0.013852278363092219,True,0.12012712206063299,reject,pre_step,drift_diffusion_then_jump,iid_bank,8,every_step,True,0.0,0.0050052966101694915,384.4773598828498,133684,1.1164701679171133e-07,0.9950279861855424,1.1499642729546266e-05,0.0
LSC-CP-RA,"LSC-CP-RA (A=8), tamed",44d6ecf1abcc7ab097c151f5d67417fb,c87203a12406cc5114b7ffa2d8877465,True,1,8397,41.985,5234349062.631771,1635734.0820724284,8397.0,2149632.0,0.0626362184725893,0.0003167315485592681,-0.0006617712815596422,0.0325,0.06052934015182143,0.0,0.0007150322694586056,0.03260227836309221,True,0.12012712206063299,reject,pre_step,drift_diffusion_then_jump,iid_bank,8,every_step,True,0.0,0.0050052966101694915,384.4773598828498,133684,1.1164701679171133e-07,0.9950279861855424,1.1499642729546266e-05,0.0
LSC-CP-RA,"LSC-CP-RA (A=8), tamed",44d6ecf1abcc7ab097c151f5d67417fb,c87203a12406cc5114b7ffa2d8877465,True,2,8397,41.985,5234349062.631771,1635734.0820724284,8397.0,2149632.0,0.05452883872035175,0.0003839424445649664,-0.0005961256299785722,0.03500000000000003,0.0605788176715899,0.0,0.0012237954202321572,0.0388522783630922,True,0.12012712206063299,reject,pre_step,drift_diffusion_then_jump,iid_bank,8,every_step,True,0.0,0.0050052966101694915,384.4773598828498,133684,1.1164701679171133e-07,0.9950279861855424,1.1499642729546266e-05,0.0
LSC-CP-RA,"LSC-CP-RA (A=8), tamed",44d6ecf1abcc7ab097c151f5d67417fb,c87203a12406cc5114b7ffa2d8877465,True,3,8397,41.985,5234349062.631771,1635734.0820724284,8397.0,2149632.0,0.04771906591744249,0.00019983154569458428,-0.0007764688186217006,0.034999999999999976,0.06288852578237591,0.0,0.00047183303567714186,0.026352278363092202,True,0.12012712206063299,reject,pre_step,drift_diffusion_then_jump,iid_bank,8,every_step,True,0.0,0.0050052966101694915,384.4773598828498,133684,1.1164701679171133e-07,0.9950279861855424,1.1499642729546266e-05,0.0
LSC-CP-RA,"LSC-CP-RA (A=8), tamed",44d6ecf1abcc7ab097c151f5d67417fb,c87203a12406cc5114b7ffa2d8877465,True,0,8456,42.28,5271127268.502353,1647227.2714069851,8456.0,2164736.0,0.06569102785158011,0.0005505585518096323,-0.00042485331965580464,0.026249999999999996,0.06629338260672524,0.0,0.00047397198659213883,0.02635227836309223,True,0.12012712206063299,reject,pre_step,drift_diffusion_then_jump,iid_bank,8,every_step,True,0.0,0.005227754237288137,152.94640488349933,134671,1.1086802270577105e-07,0.9953804990539262,1.160418637653737e-05,0.0
LSC-CP-RA,"LSC-CP-RA (A=8), tamed",44d6ecf1abcc7ab097c151f5d67417fb,c87203a12406cc5114b7ffa2d8877465,True,1,8456,42.28,5271127268.502353,1647227.2714069851,8456.0,2164736.0,0.04423199895479361,0.00010253264862880584,-0.0008764080728421719,0.028749999999999998,0.06392491132955402,0.0,0.0007718454669567699,0.033852278363092195,True,0.12012712206063299,reject,pre_step,drift_diffusion_then_jump,iid_bank,8,every_step,True,0.0,0.005227754237288137,152.94640488349933,134671,1.1086802270577105e-07,0.9953804990539262,1.160418637653737e-05,0.0
LSC-CP-RA,"LSC-CP-RA (A=8), tamed",44d6ecf1abcc7ab097c151f5d67417fb,c87203a12406cc5114b7ffa2d8877465,True,2,8456,42.28,5271127268.502353,1647227.2714069851,8456.0,2164736.0,0.06591111585562762,0.0006771475122100412,-0.00030306164763449495,0.04125000000000001,0.06503527197910097,0.0,0.0023325519797219975,0.056352278363092215,True,0.12012712206063299,reject,pre_step,drift_diffusion_then_jump,iid_bank,8,every_step,True,0.0,0.005227754237288137,152.94640488349933,134671,1.1086802270577105e-07,0.9953804990539262,1.160418637653737e-05,0.0
LSC-CP-RA,"LSC-CP-RA (A=8), tamed",44d6ecf1abcc7ab097c151f5d67417fb,c87203a12406cc5114b7ffa2d8877465,True,3,8456,42.28,5271127268.502353,1647227.2714069851,8456.0,2164736.0,0.06933387393979716,0.000568022740263574,-0.00040191967286629104,0.03125,0.06248204702696902,0.0,0.0011548534779439526,0.040102278363092214,True,0.12012712206063299,reject,pre_step,drift_diffusion_then_jump,iid_bank,8,every_step,True,0.0,0.005227754237288137,152.94640488349933,134671,1.1086802270577105e-07,0.9953804990539262,1.160418637653737e-05,0.0
LSC-CP-RA,"LSC-CP-RA (A=8), tamed",44d6ecf1abcc7ab097c151f5d67417fb,c87203a12406cc5114b7ffa2d8877465,True,0,8516,42.58,5308528833.79447,1658915.260560772,8516.0,2180096.0,0.07457161056297748,0.000885284140712761,-9.353564006009396e-05,0.03750000000000009,0.0671994585922342,0.0,5.549644894037461e-06,0.002827037071885835,True,0.12012712206063299,reject,pre_step,drift_diffusion_then_jump,iid_bank,8,every_step,True,0.0,0.004963541666666668,215.95474300484787,135624,1.1008689525598872e-07,0.9953616721465477,1.1559124001878817e-05,0.0
LSC-CP-RA,"LSC-CP-RA (A=8), tamed",44d6ecf1abcc7ab097c151f5d67417fb,c87203a12406cc5114b7ffa2d8877465,True,1,8516,42.58,5308528833.79447,1658915.260560772,8516.0,2180096.0,0.03197906260718182,6.590943267203997e-05,-0.0009139368716816199,0.03249999999999997,0.06716956386393058,0.0,0.0006892291304322466,0.03135227836309219,True,0.12012712206063299,reject,pre_step,drift_diffusion_then_jump,iid_bank,8,every_step,True,0.0,0.004963541666666668,215.95474300484787,135624,1.1008689525598872e-07,0.9953616721465477,1.1559124001878817e-05,0.0
LSC-CP-RA,"LSC-CP-RA (A=8), tamed",44d6ecf1abcc7ab097c151f5d67417fb,c87203a12406cc5114b7ffa2d8877465,True,2,8516,42.58,5308528833.79447,1658915.260560772,8516.0,2180096.0,0.07925956354690868,0.0019623376325501596,0.000990734875577104,0.057499999999999996,0.06745559258183775,0.0,0.0028150233642630753,0.06135227836309218,True,0.12012712206063299,reject,pre_step,drift_diffusion_then_jump,iid_bank,8,every_step,True,0.0,0.004963541666666668,215.95474300484787,135624,1.1008689525598872e-07,0.9953616721465477,1.1559124001878817e-05,0.0
LSC-CP-RA,"LSC-CP-RA (A=8), tamed",44d6ecf1abcc7ab097c151f5d67417fb,c87203a12406cc5114b7ffa2d8877465,True,3,8516,42.58,5308528833.79447,1658915.260560772,8516.0,2180096.0,0.0736661961647562,0.0010857316134306183,0.00012578516455508115,0.03375000000000006,0.06474025923950288,0.0,0.0018067116868367723,0.04885227836309221,True,0.12012712206063299,reject,pre_step,drift_diffusion_then_jump,iid_bank,8,every_step,True,0.0,0.004963541666666668,215.95474300484787,135624,1.1008689525598872e-07,0.9953616721465477,1.1559124001878817e-05,0.0
LSC-CP-RA,"LSC-CP-RA (A=8), tamed",44d6ecf1abcc7ab097c151f5d67417fb,c87203a12406cc5114b7ffa2d8877465,True,0,8575,42.875,5345307039.665051,1670408.4498953286,8575.0,2195200.0,0.07734710877843591,0.0010000504572827973,1.2207358147442449e-05,0.04875000000000007,0.06567960034040332,0.0,6.18307824336924e-06,0.0034229629281141982,True,0.12012712206063299,reject,pre_step,drift_diffusion_then_jump,iid_bank,8,every_step,True,0.0,0.005158898305084745,137.3085839483156,136598,1.0932944606413994e-07,0.9956122448979592,1.1516034985422741e-05,0.0
LSC-CP-RA,"LSC-CP-RA (A=8), tamed",44d6ecf1abcc7ab097c151f5d67417fb,c87203a12406cc5114b7ffa2d8877465,True,1,8575,42.875,5345307039.665051,1670408.4498953286,8575.0,2195200.0,0.04867944793390089,0.0004552904868277974,-0.0005168356714732036,0.04375000000000007,0.0676703553695539,0.0,0.001533378794018026,0.04760227836309219,True,0.12012712206063299,reject,pre_step,drift_diffusion_then_jump,iid_bank,8,every_step,True,0.0,0.005158898305084745,137.3085839483156,136598,1.0932944606413994e-07,0.9956122448979592,1.1516034985422741e-05,0.0
LSC-CP-RA,"LSC-CP-RA (A=8), tamed",44d6ecf1abcc7ab097c151f5d67417fb,c87203a12406cc5114b7ffa2d8877465,True,2,8575,42.875,5345307039.665051,1670408.4498953286,8575.0,2195200.0,0.08344972758980757,0.0016667066704737499,0.0006872175551448922,0.04499999999999993,0.06230490148934642,0.0,0.002674972933187675,0.0576022783630922,True,0.12012712206063299,reject,pre_step,drift_diffusion_then_jump,iid_bank,8,every_step,True,0.0,0.005158898305084745,137.3085839483156,136598,1.0932944606413994e-07,0.9956122448979592,1.1516034985422741e-05,0.0
LSC-CP-RA,"LSC-CP-RA (A=8), tamed",44d6ecf1abcc7ab097c151f5d67417fb,c87203a12406cc5114b7ffa2d8877465,True,3,8575,42.875,5345307039.665051,1670408.4498953286,8575.0,2195200.0,0.038488326726552585,0.00020373403065621076,-0.0007709978037347964,0.03374999999999995,0.06574400972773498,0.0,0.0007507792292601669,0.03260227836309221,True,0.12012712206063299,reject,pre_step,drift_diffusion_then_jump,iid_bank,8,every_step,True,0.0,0.005158898305084745,137.3085839483156,136598,1.0932944606413994e-07,0.9956122448979592,1.1516034985422741e-05,0.0
LSC-CP-RA,"LSC-CP-RA (A=8), tamed",44d6ecf1abcc7ab097c151f5d67417fb,c87203a12406cc5114b7ffa2d8877465,True,0,8634,43.17,5382085245.535633,1681901.6392298853,8634.0,2210304.0,0.08750076310873678,0.0016251686971403556,0.000642669108940952,0.05625000000000002,0.059107280641326976,0.0,4.353042559083391e-06,0.0027247587087936564,True,0.12012712206063299,reject,pre_step,drift_diffusion_then_jump,iid_bank,8,every_step,True,0.0,0.005052966101694918,154.19441102655082,137552,1.085823488533704e-07,0.9957146166319203,1.154592309474172e-05,0.0
LSC-CP-RA,"LSC-CP-RA (A=8), tamed",44d6ecf1abcc7ab097c151f5d67417fb,c87203a12406cc5114b7ffa2d8877465,True,1,8634,43.17,5382085245.535633,1681901.6392298853,8634.0,2210304.0,0.05366130736693516,0.0005440558807768836,-0.0004262646454769037,0.03749999999999998,0.05920887908037731,0.0,0.0019819264730019355,0.053852278363092185,True,0.12012712206063299,reject,pre_step,drift_diffusion_then_jump,iid_bank,8,every_step,True,0.0,0.005052966101694918,154.19441102655082,137552,1.085823488533704e-07,0.9957146166319203,1.154592309474172e-05,0.0
LSC-CP-RA,"LSC-CP-RA (A=8), tamed",44d6ecf1abcc7ab097c151f5d67417fb,c87203a12406cc5114b7ffa2d8877465,True,2,8634,43.17,5382085245.535633,1681901.6392298853,8634.0,2210304.0,0.0776448151416042,0.0012921971125376963,0.0003079570913506746,0.05375000000000002,0.06756309355902379,0.0,0.0022838047085947007,0.05135227836309218,True,0.12012712206063299,reject,pre_step,drift_diffusion_then_jump,iid_bank,8,every_step,True,0.0,0.005052966101694918,154.19441102655082,137552,1.085823488533704e-07,0.9957146166319203,1.154592309474172e-05,0.0
LSC-CP-RA,"LSC-CP-RA (A=8), tamed",44d6ecf1abcc7ab097c151f5d67417fb,c87203a12406cc5114b7ffa2d8877465,True,3,8634,43.17,5382085245.535633,1681901.6392298853,8634.0,2210304.0,0.03673330710348509,0.00012792985851506344,-0.0008531480008936443,0.03,0.06666262779791576,0.0,0.0008698050661298649,0.03260227836309221,True,0.12012712206063299,reject,pre_step,drift_diffusion_then_jump,iid_bank,8,every_step,True,0.0,0.005052966101694918,154.19441102655082,137552,1.085823488533704e-07,0.9957146166319203,1.154592309474172e-05,0.0
LSC-CP-RA,"LSC-CP-RA (A=8), tamed",44d6ecf1abcc7ab097c151f5d67417fb,c87203a12406cc5114b7ffa2d8877465,True,0,8694,43.47,5419486810.82775,1693589.6283836719,8694.0,2225664.0,0.06942942919798473,0.0007901643874159703,-0.0001879779534347259,0.050000000000000044,0.06306050517607675,0.0,3.714889322043824e-05,0.007602278363092213,True,0.12012712206063299,reject,pre_step,drift_diffusion_then_jump,iid_bank,8,every_step,True,0.0,0.004895833333333335,154.57525759973436,138492,1.0783298826777088e-07,0.995600414078675,1.1466241085806304e-05,0.0
LSC-CP-RA,"LSC-CP-RA (A=8), tamed",44d6ecf1abcc7ab097c151f5d67417fb,c87203a12406cc5114b7ffa2d8877465,True,1,8694,43.47,5419486810.82775,1693589.6283836719,8694.0,2225664.0,0.05041604050211652,0.0006678675154248026,-0.0003040309205053493,0.04125000000000001,0.06594684497279757,0.0,0.0020778663699907727,0.0551022783630922,True,0.12012712206063299,reject,pre_step,drift_diffusion_then_jump,iid_bank,8,every_step,True,0.0,0.004895833333333335,154.57525759973436,138492,1.0783298826777088e-07,0.995600414078675,1.1466241085806304e-05,0.0
LSC-CP-RA,"LSC-CP-RA (A=8), tamed",44d6ecf1abcc7ab097c151f5d67417fb,c87203a12406cc5114b7ffa2d8877465,True,2,8694,43.47,5419486810.82775,1693589.6283836719,8694.0,2225664.0,0.05445039668952719,0.00040070271481273956,-0.0005849054535986831,0.028749999999999998,0.06077546974658643,0.0,0.0012604000354596106,0.04102524129120633,True,0.12012712206063299,reject,pre_step,drift_diffusion_then_jump,iid_bank,8,every_step,True,0.0,0.004895833333333335,154.57525759973436,138492,1.0783298826777088e-07,0.995600414078675,1.1466241085806304e-05,0.0
LSC-CP-RA,"LSC-CP-RA (A=8), tamed",44d6ecf1abcc7ab097c151f5d67417fb,c87203a12406cc5114b7ffa2d8877465,True,3,8694,43.47,5419486810.82775,1693589.6283836719,8694.0,2225664.0,0.045367672386063956,0.00014936437137591518,-0.0008264409545646334,0.027500000000000024,0.06261079306947548,0.0,0.0005985168650775039,0.030102278363092205,True,0.12012712206063299,reject,pre_step,drift_diffusion_then_jump,iid_bank,8,every_step,True,0.0,0.004895833333333335,154.57525759973436,138492,1.0783298826777088e-07,0.995600414078675,1.1466241085806304e-05,0.0
LSC-CP-RA,"LSC-CP-RA (A=8), tamed",44d6ecf1abcc7ab097c151f5d67417fb,c87203a12406cc5114b7ffa2d8877465,True,0,8753,43.765,5456265016.698332,1705082.8177182288,8753.0,2240768.0,0.07484326715928447,0.0008233584395048732,-0.00015656674610597943,0.040000000000000036,0.06596340773525544,0.0,1.666373774865187e-05,0.005102278363092211,True,0.12012712206063299,reject,pre_step,drift_diffusion_then_jump,iid_bank,8,every_step,True,0.0,0.0050158898305084736,164.70833379560972,139439,1.0710613503941506e-07,0.9956514909173998,1.1388952359191134e-05,0.0
LSC-CP-RA,"LSC-CP-RA (A=8), tamed",44d6ecf1abcc7ab097c151f5d67417fb,c87203a12406cc5114b7ffa2d8877465,True,1,8753,43.765,5456265016.698332,1705082.8177182288,8753.0,2240768.0,0.04381203757070597,0.0001978014537081796,-0.000780475368345801,0.03,0.06627478713761714,0.0,0.001015671233999752,0.0388522783630922,True,0.12012712206063299,reject,pre_step,drift_diffusion_then_jump,iid_bank,8,every_step,True,0.0,0.0050158898305084736,164.70833379560972,139439,1.0710613503941506e-07,0.9956514909173998,1.1388952359191134e-05,0.0
LSC-CP-RA,"LSC-CP-RA (A=8), tamed",44d6ecf1abcc7ab097c151f5d67417fb,c87203a12406cc5114b7ffa2d8877465,True,2,8753,43.765,5456265016.698332,1705082.8177182288,8753.0,2240768.0,0.055028264193382304,0.00018470658814273566,-0.0008016327735499429,0.027499999999999997,0.06568553083499373,0.0,0.001044531466107528,0.039775241291206354,True,0.12012712206063299,reject,pre_step,drift_diffusion_then_jump,iid_bank,8,every_step,True,0.0,0.0050158898305084736,164.70833379560972,139439,1.0710613503941506e-07,0.9956514909173998,1.1388952359191134e-05,0.0
LSC-CP-RA,"LSC-CP-RA (A=8), tamed",44d6ecf1abcc7ab097c151f5d67417fb,c87203a12406cc5114b7ffa2d8877465,True,3,8753,43.765,5456265016.698332,1705082.8177182288,8753.0,2240768.0,0.044006995497376356,0.00011655591295378631,-0.0008641850894244296,0.025000000000000022,0.06226135316142756,0.0,0.00048087652388246766,0.026352278363092202,True,0.12012712206063299,reject,pre_step,drift_diffusion_then_jump,iid_bank,8,every_step,True,0.0,0.0050158898305084736,164.70833379560972,139439,1.0710613503941506e-07,0.9956514909173998,1.1388952359191134e-05,0.0
LSC-CP-RA,"LSC-CP-RA (A=8), tamed",44d6ecf1abcc7ab097c151f5d67417fb,c87203a12406cc5114b7ffa2d8877465,True,0,8812,44.06,5493043222.568913,1716576.0070527855,8812.0,2255872.0,0.06055168732662784,0.0003711636339606139,-0.0006139719559896673,0.03749999999999998,0.06713318839612359,0.0,0.00020205714257332972,0.017602278363092194,True,0.12012712206063299,reject,pre_step,drift_diffusion_then_jump,iid_bank,8,every_step,True,0.0,0.0047987288135593244,298.5641877984853,140345,1.0638901497957331e-07,0.995411087153881,1.1348161597821152e-05,0.0
LSC-CP-RA,"LSC-CP-RA (A=8), tamed",44d6ecf1abcc7ab097c151f5d67417fb,c87203a12406cc5114b7ffa2d8877465,True,1,8812,44.06,5493043222.568913,1716576.0070527855,8812.0,2255872.0,0.05971058071651143,0.0004429804454713082,-0.0005271405617518488,0.047500000000000014,0.056864546228011514,0.0,0.0006183039294865491,0.030102278363092205,True,0.12012712206063299,reject,pre_step,drift_diffusion_then_jump,iid_bank,8,every_step,True,0.0,0.0047987288135593244,298.5641877984853,140345,1.0638901497957331e-07,0.995411087153881,1.1348161597821152e-05,0.0
LSC-CP-RA,"LSC-CP-RA (A=8), tamed",44d6ecf1abcc7ab097c151f5d67417fb,c87203a12406cc5114b7ffa2d8877465,True,2,8812,44.06,5493043222.568913,1716576.0070527855,8812.0,2255872.0,0.04457313824330052,0.00016981464976306704,-0.0008212935368128171,0.028749999999999998,0.06428497798461963,0.0,0.00073680923751005,0.03477524129120635,True,0.12012712206063299,reject,pre_step,drift_diffusion_then_jump,iid_bank,8,every_step,True,0.0,0.0047987288135593244,298.5641877984853,140345,1.0638901497957331e-07,0.995411087153881,1.1348161597821152e-05,0.0
LSC-CP-RA,"LSC-CP-RA (A=8), tamed",44d6ecf1abcc7ab097c151f5d67417fb,c87203a12406cc5114b7ffa2d8877465,True,3,8812,44.06,5493043222.568913,1716576.0070527855,8812.0,2255872.0,0.0413939555967594,0.0003102925308311466,-0.0006602271172558849,0.03749999999999998,0.06378015490911848,0.0,0.0008346419167718712,0.03510227836309221,True,0.12012712206063299,reject,pre_step,drift_diffusion_then_jump,iid_bank,8,every_step,True,0.0,0.0047987288135593244,298.5641877984853,140345,1.0638901497957331e-07,0.995411087153881,1.1348161597821152e-05,0.0
LSC-CP-RA,"LSC-CP-RA (A=8), tamed",44d6ecf1abcc7ab097c151f5d67417fb,c87203a12406cc5114b7ffa2d8877465,True,0,8872,44.36,5530444787.861031,1728263.996206572,8872.0,2271232.0,0.06349673954221563,0.00048314172171060044,-0.00048665266913128225,0.035,0.06385572444191001,0.0,0.001333484295565058,0.04260227836309219,True,0.12012712206063299,reject,pre_step,drift_diffusion_then_jump,iid_bank,8,every_step,True,0.0,0.005036458333333334,151.9603884297633,141312,1.0566952209197475e-07,0.9954914337240758,1.1341862037871956e-05,0.0
LSC-CP-RA,"LSC-CP-RA (A=8), tamed",44d6ecf1abcc7ab097c151f5d67417fb,c87203a12406cc5114b7ffa2d8877465,True,1,8872,44.36,5530444787.861031,1728263.996206572,8872.0,2271232.0,0.0633547012597735,0.0005101834764145163,-0.0004597941021404761,0.047500000000000014,0.05932794392567253,0.0,0.0008861970255160572,0.03510227836309218,True,0.12012712206063299,reject,pre_step,drift_diffusion_then_jump,iid_bank,8,every_step,True,0.0,0.005036458333333334,151.9603884297633,141312,1.0566952209197475e-07,0.9954914337240758,1.1341862037871956e-05,0.0
LSC-CP-RA,"LSC-CP-RA (A=8), tamed",44d6ecf1abcc7ab097c151f5d67417fb,c87203a12406cc5114b7ffa2d8877465,True,2,8872,44.36,5530444787.861031,1728263.996206572,8872.0,2271232.0,0.04346176707400138,0.0002931444355221968,-0.0006896609646112051,0.0325,0.06325231750057125,0.0,0.0012788520824997208,0.040102278363092214,True,0.12012712206063299,reject,pre_step,drift_diffusion_then_jump,iid_bank,8,every_step,True,0.0,0.005036458333333334,151.9603884297633,141312,1.0566952209197475e-07,0.9954914337240758,1.1341862037871956e-05,0.0
LSC-CP-RA,"LSC-CP-RA (A=8), tamed",44d6ecf1abcc7ab097c151f5d67417fb,c87203a12406cc5114b7ffa2d8877465,True,3,8872,44.36,5530444787.861031,1728263.996206572,8872.0,2271232.0,0.06383666613905382,0.0005753035178862609,-0.0003944984540530383,0.048750000000000016,0.068097297018335,0.0,0.0011380053518595112,0.040102278363092186,True,0.12012712206063299,reject,pre_step,drift_diffusion_then_jump,iid_bank,8,every_step,True,0.0,0.005036458333333334,151.9603884297633,141312,1.0566952209197475e-07,0.9954914337240758,1.1341862037871956e-05,0.0
LSC-CP-RA,"LSC-CP-RA (A=8), tamed",44d6ecf1abcc7ab097c151f5d67417fb,c87203a12406cc5114b7ffa2d8877465,True,0,8931,44.655,5567222993.731612,1739757.1855411287,8931.0,2286336.0,0.06573451081245937,0.0005137946758924095,-0.0004610726675555732,0.03375,0.06665898277734172,0.0,0.0002533982685806969,0.018852278363092195,True,0.12012712206063299,reject,pre_step,drift_diffusion_then_jump,iid_bank,8,every_step,True,0.0,0.004957627118644068,213.55055807715348,142248,1.049714477662076e-07,0.9954652334564998,1.1301925876161685e-05,0.0
LSC-CP-RA,"LSC-CP-RA (A=8), tamed",44d6ecf1abcc7ab097c151f5d67417fb,c87203a12406cc5114b7ffa2d8877465,True,1,8931,44.655,5567222993.731612,1739757.1855411287,8931.0,2286336.0,0.07565229052397206,0.001006714750093285,4.217156557828616e-05,0.040000000000000036,0.05949418379359239,0.0,0.0012990979593039114,0.041577037071885814,True,0.12012712206063299,reject,pre_step,drift_diffusion_then_jump,iid_bank,8,every_step,True,0.0,0.004957627118644068,213.55055807715348,142248,1.049714477662076e-07,0.9954652334564998,1.1301925876161685e-05,0.0
LSC-CP-RA,"LSC-CP-RA (A=8), tamed",44d6ecf1abcc7ab097c151f5d67417fb,c87203a12406cc5114b7ffa2d8877465,True,2,8931,44.655,5567222993.731612,1739757.1855411287,8931.0,2286336.0,0.050214546005555395,0.0002699450913988821,-0.0007163656816601138,0.03249999999999997,0.0706141742308688,0.0,0.0007559981060546795,0.03135227836309219,True,0.12012712206063299,reject,pre_step,drift_diffusion_then_jump,iid_bank,8,every_step,True,0.0,0.004957627118644068,213.55055807715348,142248,1.049714477662076e-07,0.9954652334564998,1.1301925876161685e-05,0.0
LSC-CP-RA,"LSC-CP-RA (A=8), tamed",44d6ecf1abcc7ab097c151f5d67417fb,c87203a12406cc5114b7ffa2d8877465,True,3,8931,44.655,5567222993.731612,1739757.1855411287,8931.0,2286336.0,0.06118602727110374,0.000449842181408755,-0.0005214041876004938,0.03125,0.059619596047640666,0.0,0.0007324863972019337,0.03260227836309221,True,0.12012712206063299,reject,pre_step,drift_diffusion_then_jump,iid_bank,8,every_step,True,0.0,0.004957627118644068,213.55055807715348,142248,1.049714477662076e-07,0.9954652334564998,1.1301925876161685e-05,0.0
LSC-CP-RA,"LSC-CP-RA (A=8), tamed",44d6ecf1abcc7ab097c151f5d67417fb,c87203a12406cc5114b7ffa2d8877465,True,0,8991,44.955,5604624559.023729,1751445.1746949153,8991.0,2301696.0,0.08435511203411415,0.0012473620557222898,0.000272194792017455,0.03500000000000003,0.07158093365727802,0.0,0.00012043706738277963,0.015327037071885818,True,0.12012712206063299,reject,pre_step,drift_diffusion_then_jump,iid_bank,8,every_step,True,0.0,0.0051614583333333365,137.19930334097793,143239,1.0427093760427094e-07,0.9957109887665443,1.1296018240462685e-05,0.0
LSC-CP-RA,"LSC-CP-RA (A=8), tamed",44d6ecf1abcc7ab097c151f5d67417fb,c87203a12406cc5114b7ffa2d8877465,True,1,8991,44.955,5604624559.023729,1751445.1746949153,8991.0,2301696.0,0.06656087078866157,0.0005736020591528002,-0.0003969461221523529,0.035,0.06788728098211683,0.0,0.0013560663021954609,0.042602278363092216,True,0.12012712206063299,reject,pre_step,drift_diffusion_then_jump,iid_bank,8,every_step,True,0.0,0.0051614583333333365,137.19930334097793,143239,1.0427093760427094e-07,0.9957109887665443,1.1296018240462685e-05,0.0
LSC-CP-RA,"LSC-CP-RA (A=8), tamed",44d6ecf1abcc7ab097c151f5d67417fb,c87203a12406cc5114b7ffa2d8877465,True,2,8991,44.955,5604624559.023729,1751445.1746949153,8991.0,2301696.0,0.03209171735093029,0.00015271689431617386,-0.0008392103354503133,0.030000000000000027,0.06868796307218006,0.0,0.0004279133638656397,0.02727524129120637,True,0.12012712206063299,reject,pre_step,drift_diffusion_then_jump,iid_bank,8,every_step,True,0.0,0.0051614583333333365,137.19930334097793,143239,1.0427093760427094e-07,0.9957109887665443,1.1296018240462685e-05,0.0
LSC-CP-RA,"LSC-CP-RA (A=8), tamed",44d6ecf1abcc7ab097c151f5d67417fb,c87203a12406cc5114b7ffa2d8877465,True,3,8991,44.955,5604624559.023729,1751445.1746949153,8991.0,2301696.0,0.06127821489047232,0.0004427916250769881,-0.0005280157242905092,0.027500000000000024,0.06488086404770799,0.0,0.0009680296850332953,0.037602278363092184,True,0.12012712206063299,reject,pre_step,drift_diffusion_then_jump,iid_bank,8,every_step,True,0.0,0.0051614583333333365,137.19930334097793,143239,1.0427093760427094e-07,0.9957109887665443,1.1296018240462685e-05,0.0
LSC-CP-RA,"LSC-CP-RA (A=8), tamed",44d6ecf1abcc7ab097c151f5d67417fb,c87203a12406cc5114b7ffa2d8877465,True,0,9050,45.25,5641402764.894311,1762938.3640294722,9050.0,2316800.0,0.09936790946103183,0.0023690481535936225,0.0013999293968393056,0.05250000000000005,0.06675249444450038,0.0,0.0002499734366887985,0.020224758708793672,True,0.12012712206063299,reject,pre_step,drift_diffusion_then_jump,iid_bank,8,every_step,True,0.0,0.005068855932203391,149.28719596126962,144196,1.0359116022099447e-07,0.9958287292817679,1.1291436464088398e-05,0.0
LSC-CP-RA,"LSC-CP-RA (A=8), tamed",44d6ecf1abcc7ab097c151f5d67417fb,c87203a12406cc5114b7ffa2d8877465,True,1,9050,45.25,5641402764.894311,1762938.3640294722,9050.0,2316800.0,0.052224355993395324,0.00030183453430998597,-0.0006706189002240182,0.025000000000000022,0.06236617214906259,0.0,0.0011645685488319507,0.0413522783630922,True,0.12012712206063299,reject,pre_step,drift_diffusion_then_jump,iid_bank,8,every_step,True,0.0,0.005068855932203391,149.28719596126962,144196,1.0359116022099447e-07,0.9958287292817679,1.1291436464088398e-05,0.0
LSC-CP-RA,"LSC-CP-RA (A=8), tamed",44d6ecf1abcc7ab097c151f5d67417fb,c87203a12406cc5114b7ffa2d8877465,True,2,9050,45.25,5641402764.894311,1762938.3640294722,9050.0,2316800.0,0.045573608164342916,0.0002197201243177016,-0.0007655195426197192,0.03500000000000003,0.0586971699768829,0.0,0.000168618766405848,0.016025241291206332,True,0.12012712206063299,reject,pre_step,drift_diffusion_then_jump,iid_bank,8,every_step,True,0.0,0.005068855932203391,149.28719596126962,144196,1.0359116022099447e-07,0.9958287292817679,1.1291436464088398e-05,0.0
LSC-CP-RA,"LSC-CP-RA (A=8), tamed",44d6ecf1abcc7ab097c151f5d67417fb,c87203a12406cc5114b7ffa2d8877465,True,3,9050,45.25,5641402764.894311,1762938.3640294722,9050.0,2316800.0,0.05498821588207357,0.00025622689590476533,-0.0007186213265333308,0.032500000000000084,0.05828572199426274,0.0,0.0004151091103616975,0.025102278363092215,True,0.12012712206063299,reject,pre_step,drift_diffusion_then_jump,iid_bank,8,every_step,True,0.0,0.005068855932203391,149.28719596126962,144196,1.0359116022099447e-07,0.9958287292817679,1.1291436464088398e-05,0.0
LSC-CP-RA,"LSC-CP-RA (A=8), tamed",44d6ecf1abcc7ab097c151f5d67417fb,c87203a12406cc5114b7ffa2d8877465,True,0,9109,45.545,5678180970.764893,1774431.553364029,9109.0,2331904.0,0.09187656505224284,0.0020066654334900402,0.0010215206938242183,0.05874999999999997,0.06855497577819025,0.0,0.00011683958505456435,0.013647721636907806,True,0.12012712206063299,reject,pre_step,drift_diffusion_then_jump,iid_bank,8,every_step,True,0.0,0.005349576271186442,146.5947517977445,145206,1.0292018882423976e-07,0.9963085958941706,1.1218300581842135e-05,0.0
LSC-CP-RA,"LSC-CP-RA (A=8), tamed",44d6ecf1abcc7ab097c151f5d67417fb,c87203a12406cc5114b7ffa2d8877465,True,1,9109,45.545,5678180970.764893,1774431.553364029,9109.0,2331904.0,0.06193304162589053,0.0003905458159162434,-0.0005865348872242659,0.03749999999999998,0.07358912603271128,0.0,0.0003376213665182994,0.022602278363092212,True,0.12012712206063299,reject,pre_step,drift_diffusion_then_jump,iid_bank,8,every_step,True,0.0,0.005349576271186442,146.5947517977445,145206,1.0292018882423976e-07,0.9963085958941706,1.1218300581842135e-05,0.0
LSC-CP-RA,"LSC-CP-RA (A=8), tamed",44d6ecf1abcc7ab097c151f5d67417fb,c87203a12406cc5114b7ffa2d8877465,True,2,9109,45.545,5678180970.764893,1774431.553364029,9109.0,2331904.0,0.07054934671564417,0.0006865291783286764,-0.00029043009522755625,0.04125000000000001,0.06176849769427262,0.0,6.127320378257126e-05,0.009077037071885813,True,0.12012712206063299,reject,pre_step,drift_diffusion_then_jump,iid_bank,8,every_step,True,0.0,0.005349576271186442,146.5947517977445,145206,1.0292018882423976e-07,0.9963085958941706,1.1218300581842135e-05,0.0
LSC-CP-RA,"LSC-CP-RA (A=8), tamed",44d6ecf1abcc7ab097c151f5d67417fb,c87203a12406cc5114b7ffa2d8877465,True,3,9109,45.545,5678180970.764893,1774431.553364029,9109.0,2331904.0,0.04822220682176008,0.00032386736949141515,-0.0006685008334742504,0.040000000000000036,0.06927108296161699,0.0,0.00022463787157729533,0.019775241291206364,True,0.12012712206063299,reject,pre_step,drift_diffusion_then_jump,iid_bank,8,every_step,True,0.0,0.005349576271186442,146.5947517977445,145206,1.0292018882423976e-07,0.9963085958941706,1.1218300581842135e-05,0.0
LSC-CP-RA,"LSC-CP-RA (A=8), tamed",44d6ecf1abcc7ab097c151f5d67417fb,c87203a12406cc5114b7ffa2d8877465,True,0,9169,45.845,5715582536.05701,1786119.5425178155,9169.0,2347264.0,0.0817915491489904,0.001450337420522363,0.0004737300650013987,0.05874999999999997,0.0665642340310254,0.0,9.805218773412355e-06,0.00397475870879363,True,0.12012712206063299,reject,pre_step,drift_diffusion_then_jump,iid_bank,8,every_step,True,0.0,0.005145833333333334,192.35863864815175,146194,1.0224670083978624e-07,0.9965236121714472,1.1178972625149962e-05,0.0
LSC-CP-RA,"LSC-CP-RA (A=8), tamed",44d6ecf1abcc7ab097c151f5d67417fb,c87203a12406cc5114b7ffa2d8877465,True,1,9169,45.845,5715582536.05701,1786119.5425178155,9169.0,2347264.0,0.05700909847434679,0.0003248474973166493,-0.0006512472776138978,0.025000000000000022,0.06504147252743941,0.0,0.0002978219315112967,0.021352278363092225,True,0.12012712206063299,reject,pre_step,drift_diffusion_then_jump,iid_bank,8,every_step,True,0.0,0.005145833333333334,192.35863864815175,146194,1.0224670083978624e-07,0.9965236121714472,1.1178972625149962e-05,0.0
LSC-CP-RA,"LSC-CP-RA (A=8), tamed",44d6ecf1abcc7ab097c151f5d67417fb,c87203a12406cc5114b7ffa2d8877465,True,2,9169,45.845,5715582536.05701,1786119.5425178155,9169.0,2347264.0,0.06048464404165166,0.00034165544560815775,-0.0006368050387955959,0.028749999999999998,0.06485185571946483,0.0,7.798761608983319e-05,0.010102278363092215,True,0.12012712206063299,reject,pre_step,drift_diffusion_then_jump,iid_bank,8,every_step,True,0.0,0.005145833333333334,192.35863864815175,146194,1.0224670083978624e-07,0.9965236121714472,1.1178972625149962e-05,0.0
LSC-CP-RA,"LSC-CP-RA (A=8), tamed",44d6ecf1abcc7ab097c151f5d67417fb,c87203a12406cc5114b7ffa2d8877465,True,3,9169,45.845,5715582536.05701,1786119.5425178155,9169.0,2347264.0,0.0494941846554523,0.0002721046284431816,-0.000708671767210789,0.03125,0.0667141597776777,0.0,0.0011802104562131299,0.0413522783630922,True,0.12012712206063299,reject,pre_step,drift_diffusion_then_jump,iid_bank,8,every_step,True,0.0,0.005145833333333334,192.35863864815175,146194,1.0224670083978624e-07,0.9965236121714472,1.1178972625149962e-05,0.0
LSC-CP-RA,"LSC-CP-RA (A=8), tamed",44d6ecf1abcc7ab097c151f5d67417fb,c87203a12406cc5114b7ffa2d8877465,True,0,9228,46.14,5752360741.927591,1797612.7318523722,9228.0,2362368.0,0.09302718276574432,0.001770012313670355,0.000789426536422444,0.04999999999999993,0.0609814867236127,0.0,2.558068325565386e-05,0.00647475870879366,True,0.12012712206063299,reject,pre_step,drift_diffusion_then_jump,iid_bank,8,every_step,True,0.0,0.005021186440677967,188.13649405937804,147142,1.0159297789336802e-07,0.996572930212397,1.1107498916341568e-05,0.0
LSC-CP-RA,"LSC-CP-RA (A=8), tamed",44d6ecf1abcc7ab097c151f5d67417fb,c87203a12406cc5114b7ffa2d8877465,True,1,9228,46.14,5752360741.927591,1797612.7318523722,9228.0,2362368.0,0.04983222253143706,0.00013626509609532267,-0.0008454891458253844,0.025000000000000022,0.0639516777602459,0.0,0.00025180174583990336,0.018852278363092195,True,0.12012712206063299,reject,pre_step,drift_diffusion_then_jump,iid_bank,8,every_step,True,0.0,0.005021186440677967,188.13649405937804,147142,1.0159297789336802e-07,0.996572930212397,1.1107498916341568e-05,0.0
LSC-CP-RA,"LSC-CP-RA (A=8), tamed",44d6ecf1abcc7ab097c151f5d67417fb,c87203a12406cc5114b7ffa2d8877465,True,2,9228,46.14,5752360741.927591,1797612.7318523722,9228.0,2362368.0,0.06499099893590257,0.00035872446047158224,-0.0006181120982772237,0.04625000000000001,0.05839033829196627,0.0,0.0002978219315112967,0.021352278363092225,True,0.12012712206063299,reject,pre_step,drift_diffusion_then_jump,iid_bank,8,every_step,True,0.0,0.005021186440677967,188.13649405937804,147142,1.0159297789336802e-07,0.996572930212397,1.1107498916341568e-05,0.0
LSC-CP-RA,"LSC-CP-RA (A=8), tamed",44d6ecf1abcc7ab097c151f5d67417fb,c87203a12406cc5114b7ffa2d8877465,True,3,9228,46.14,5752360741.927591,1797612.7318523722,9228.0,2362368.0,0.061105310205500724,0.0002804982562192304,-0.0007155888173169256,0.036250000000000004,0.06850914788024454,0.0,0.0008137959378897571,0.03727524129120635,True,0.12012712206063299,reject,pre_step,drift_diffusion_then_jump,iid_bank,8,every_step,True,0.0,0.005021186440677967,188.13649405937804,147142,1.0159297789336802e-07,0.996572930212397,1.1107498916341568e-05,0.0
LSC-CP-RA,"LSC-CP-RA (A=8), tamed",44d6ecf1abcc7ab097c151f5d67417fb,c87203a12406cc5114b7ffa2d8877465,True,0,9288,46.44,5789762307.219708,1809300.721006159,9288.0,2377728.0,0.07110851590493647,0.0006017249955054815,-0.00038106199640031146,0.03250000000000003,0.06221859903954263,0.0,5.187035461820316e-05,0.008852278363092186,True,0.12012712206063299,reject,pre_step,drift_diffusion_then_jump,iid_bank,8,every_step,True,0.0,0.004916666666666667,136.00280743906865,148086,1.0093669250645995e-07,0.9964874031007752,1.1136681739879415e-05,0.0
LSC-CP-RA,"LSC-CP-RA (A=8), tamed",44d6ecf1abcc7ab097c151f5d67417fb,c87203a12406cc5114b7ffa2d8877465,True,1,9288,46.44,5789762307.219708,1809300.721006159,9288.0,2377728.0,0.05176514993836316,0.0003936783676113942,-0.0005945146590411454,0.03875000000000006,0.06338432715756115,0.0,0.00017533350534379433,0.017275241291206334,True,0.12012712206063299,reject,pre_step,drift_diffusion_then_jump,iid_bank,8,every_step,True,0.0,0.004916666666666667,136.00280743906865,148086,1.0093669250645995e-07,0.9964874031007752,1.1136681739879415e-05,0.0
LSC-CP-RA,"LSC-CP-RA (A=8), tamed",44d6ecf1abcc7ab097c151f5d67417fb,c87203a12406cc5114b7ffa2d8877465,True,2,9288,46.44,5789762307.219708,1809300.721006159,9288.0,2377728.0,0.04338383979022588,0.00012947001197927133,-0.0008464272938517592,0.04250000000000001,0.062310706421487616,0.0,0.0006201033416985994,0.030102278363092178,True,0.12012712206063299,reject,pre_step,drift_diffusion_then_jump,iid_bank,8,every_step,True,0.0,0.004916666666666667,136.00280743906865,148086,1.0093669250645995e-07,0.9964874031007752,1.1136681739879415e-05,0.0
LSC-CP-RA,"LSC-CP-RA (A=8), tamed",44d6ecf1abcc7ab097c151f5d67417fb,c87203a12406cc5114b7ffa2d8877465,True,3,9288,46.44,5789762307.219708,1809300.721006159,9288.0,2377728.0,0.047424448980494416,0.0002307576389113386,-0.0007614084648915886,0.026249999999999996,0.06810714620378489,0.0,0.0007845594591524242,0.03602524129120635,True,0.12012712206063299,reject,pre_step,drift_diffusion_then_jump,iid_bank,8,every_step,True,0.0,0.004916666666666667,136.00280743906865,148086,1.0093669250645995e-07,0.9964874031007752,1.1136681739879415e-05,0.0
LSC-CP-RA,"LSC-CP-RA (A=8), tamed",44d6ecf1abcc7ab097c151f5d67417fb,c87203a12406cc5114b7ffa2d8877465,True,0,9347,46.735,5826540513.09029,1820793.9103407157,9347.0,2392832.0,0.07024918862034171,0.0005373603309667407,-0.0004451711168694805,0.047500000000000014,0.06548201616775973,0.0,2.136975102033379e-05,0.005102278363092211,True,0.12012712206063299,reject,pre_step,drift_diffusion_then_jump,iid_bank,8,every_step,True,0.0,0.004830508474576271,262.1579516692218,148998,1.00299561356585e-07,0.9962956028672302,1.1166684497699796e-05,0.0
LSC-CP-RA,"LSC-CP-RA (A=8), tamed",44d6ecf1abcc7ab097c151f5d67417fb,c87203a12406cc5114b7ffa2d8877465,True,1,9347,46.735,5826540513.09029,1820793.9103407157,9347.0,2392832.0,0.05032579872620978,0.0003345354295811731,-0.0006486260858221682,0.03250000000000003,0.06428683546773362,0.0,0.00015842141933399435,0.016025241291206332,True,0.12012712206063299,reject,pre_step,drift_diffusion_then_jump,iid_bank,8,every_step,True,0.0,0.004830508474576271,262.1579516692218,148998,1.00299561356585e-07,0.9962956028672302,1.1166684497699796e-05,0.0
LSC-CP-RA,"LSC-CP-RA (A=8), tamed",44d6ecf1abcc7ab097c151f5d67417fb,c87203a12406cc5114b7ffa2d8877465,True,2,9347,46.735,5826540513.09029,1820793.9103407157,9347.0,2392832.0,0.030158809809103994,3.945229029300723e-05,-0.0009447040426456832,0.025000000000000022,0.06444928026284402,0.0,0.000463175159265803,0.023525241291206353,True,0.12012712206063299,reject,pre_step,drift_diffusion_then_jump,iid_bank,8,every_step,True,0.0,0.004830508474576271,262.1579516692218,148998,1.00299561356585e-07,0.9962956028672302,1.1166684497699796e-05,0.0
LSC-CP-RA,"LSC-CP-RA (A=8), tamed",44d6ecf1abcc7ab097c151f5d67417fb,c87203a12406cc5114b7ffa2d8877465,True,3,9347,46.735,5826540513.09029,1820793.9103407157,9347.0,2392832.0,0.047962742558591176,0.0001882744459273944,-0.0008036944922269473,0.02625000000000001,0.061819645112665245,0.0,0.000758158294237872,0.03602524129120635,True,0.12012712206063299,reject,pre_step,drift_diffusion_then_jump,iid_bank,8,every_step,True,0.0,0.004830508474576271,262.1579516692218,148998,1.00299561356585e-07,0.9962956028672302,1.1166684497699796e-05,0.0
LSC-CP-RA,"LSC-CP-RA (A=8), tamed",44d6ecf1abcc7ab097c151f5d67417fb,c87203a12406cc5114b7ffa2d8877465,True,0,9406,47.03,5863318718.960872,1832287.0996752724,9406.0,2407936.0,0.08340685953083496,0.0009976645241488447,-1.1399495238872959e-06,0.04125000000000001,0.07251300249268433,0.0,0.00031843934536550465,0.023422962928114188,True,0.12012712206063299,reject,pre_step,drift_diffusion_then_jump,iid_bank,8,every_step,True,0.0,0.004936440677966103,286.9080373690892,149930,9.967042313416968e-08,0.996239102700404,1.119631086540506e-05,0.0
LSC-CP-RA,"LSC-CP-RA (A=8), tamed",44d6ecf1abcc7ab097c151f5d67417fb,c87203a12406cc5114b7ffa2d8877465,True,1,9406,47.03,5863318718.960872,1832287.0996752724,9406.0,2407936.0,0.050415956704836395,0.00037060099582197914,-0.0006137965118679922,0.035,0.06121102871094841,0.0,0.00010937378754132643,0.011352278363092189,True,0.12012712206063299,reject,pre_step,drift_diffusion_then_jump,iid_bank,8,every_step,True,0.0,0.004936440677966103,286.9080373690892,149930,9.967042313416968e-08,0.996239102700404,1.119631086540506e-05,0.0
LSC-CP-RA,"LSC-CP-RA (A=8), tamed",44d6ecf1abcc7ab097c151f5d67417fb,c87203a12406cc5114b7ffa2d8877465,True,2,9406,47.03,5863318718.960872,1832287.0996752724,9406.0,2407936.0,0.05486599792298942,0.0003546326715555548,-0.0006205268193941738,0.03249999999999997,0.06815434243116048,0.0,0.0004209460246521251,0.025102278363092215,True,0.12012712206063299,reject,pre_step,drift_diffusion_then_jump,iid_bank,8,every_step,True,0.0,0.004936440677966103,286.9080373690892,149930,9.967042313416968e-08,0.996239102700404,1.119631086540506e-05,0.0
LSC-CP-RA,"LSC-CP-RA (A=8), tamed",44d6ecf1abcc7ab097c151f5d67417fb,c87203a12406cc5114b7ffa2d8877465,True,3,9406,47.03,5863318718.960872,1832287.0996752724,9406.0,2407936.0,0.049924143459525776,0.0003149430734317171,-0.0006653769395372766,0.032500000000000084,0.06148819824394691,0.0,0.00010564445942571731,0.01352524129120633,True,0.12012712206063299,reject,pre_step,drift_diffusion_then_jump,iid_bank,8,every_step,True,0.0,0.004936440677966103,286.9080373690892,149930,9.967042313416968e-08,0.996239102700404,1.119631086540506e-05,0.0
LSC-CP-RA,"LSC-CP-RA (A=8), tamed",44d6ecf1abcc7ab097c151f5d67417fb,c87203a12406cc5114b7ffa2d8877465,True,0,9466,47.33,5900720284.252989,1843975.088829059,9466.0,2423296.0,0.054978895264804976,0.0005756918655548393,-0.0004179443126179905,0.036250000000000004,0.06081107050004564,0.0,0.0004352915277882098,0.028422962928114193,True,0.12012712206063299,reject,pre_step,drift_diffusion_then_jump,iid_bank,8,every_step,True,0.0,0.004703125,316.3290087127214,150833,9.903866469469681e-08,0.995886594126347,1.1158356222269173e-05,0.0
LSC-CP-RA,"LSC-CP-RA (A=8), tamed",44d6ecf1abcc7ab097c151f5d67417fb,c87203a12406cc5114b7ffa2d8877465,True,1,9466,47.33,5900720284.252989,1843975.088829059,9466.0,2423296.0,0.04660797185631184,0.00033227565727989017,-0.0006512421814931502,0.03874999999999995,0.06140932035700086,0.0,0.0001799955912024754,0.01602524129120636,True,0.12012712206063299,reject,pre_step,drift_diffusion_then_jump,iid_bank,8,every_step,True,0.0,0.004703125,316.3290087127214,150833,9.903866469469681e-08,0.995886594126347,1.1158356222269173e-05,0.0
LSC-CP-RA,"LSC-CP-RA (A=8), tamed",44d6ecf1abcc7ab097c151f5d67417fb,c87203a12406cc5114b7ffa2d8877465,True,2,9466,47.33,5900720284.252989,1843975.088829059,9466.0,2423296.0,0.06583844958497709,0.0005744705756833834,-0.00039614495289175267,0.036250000000000004,0.06405179730235178,0.0,0.00035869105872968383,0.022602278363092212,True,0.12012712206063299,reject,pre_step,drift_diffusion_then_jump,iid_bank,8,every_step,True,0.0,0.004703125,316.3290087127214,150833,9.903866469469681e-08,0.995886594126347,1.1158356222269173e-05,0.0
LSC-CP-RA,"LSC-CP-RA (A=8), tamed",44d6ecf1abcc7ab097c151f5d67417fb,c87203a12406cc5114b7ffa2d8877465,True,3,9466,47.33,5900720284.252989,1843975.088829059,9466.0,2423296.0,0.03201521349114765,8.074380288691785e-05,-0.0009059313861129459,0.03,0.06326976375894633,0.0,0.0005151835408404954,0.029775241291206345,True,0.12012712206063299,reject,pre_step,drift_diffusion_then_jump,iid_bank,8,every_step,True,0.0,0.004703125,316.3290087127214,150833,9.903866469469681e-08,0.995886594126347,1.1158356222269173e-05,0.0
LSC-CP-RA,"LSC-CP-RA (A=8), tamed",44d6ecf1abcc7ab097c151f5d67417fb,c87203a12406cc5114b7ffa2d8877465,True,0,9525,47.625,5937498490.12357,1855468.2781636158,9525.0,2438400.0,0.042873216480578805,0.0004263481200640351,-0.0005614293439613061,0.037500000000000006,0.0637273060162914,0.0,0.0002245515087796893,0.018525241291206335,True,0.12012712206063299,reject,pre_step,drift_diffusion_then_jump,iid_bank,8,every_step,True,0.0,0.004825211864406782,279.9618436919524,151744,9.84251968503937e-08,0.9956955380577428,1.1187664041994751e-05,0.0
LSC-CP-RA,"LSC-CP-RA (A=8), tamed",44d6ecf1abcc7ab097c151f5d67417fb,c87203a12406cc5114b7ffa2d8877465,True,1,9525,47.625,5937498490.12357,1855468.2781636158,9525.0,2438400.0,0.05775005111289738,0.000340163606438737,-0.0006436728468413033,0.037500000000000006,0.06261504189357048,0.0,0.000280117703131019,0.020102278363092183,True,0.12012712206063299,reject,pre_step,drift_diffusion_then_jump,iid_bank,8,every_step,True,0.0,0.004825211864406782,279.9618436919524,151744,9.84251968503937e-08,0.9956955380577428,1.1187664041994751e-05,0.0
LSC-CP-RA,"LSC-CP-RA (A=8), tamed",44d6ecf1abcc7ab097c151f5d67417fb,c87203a12406cc5114b7ffa2d8877465,True,2,9525,47.625,5937498490.12357,1855468.2781636158,9525.0,2438400.0,0.04999657831575928,0.0003813450628709081,-0.0005982540952000903,0.04625000000000001,0.06527916920218368,0.0,0.0002644232181124571,0.02010227836309221,True,0.12012712206063299,reject,pre_step,drift_diffusion_then_jump,iid_bank,8,every_step,True,0.0,0.004825211864406782,279.9618436919524,151744,9.84251968503937e-08,0.9956955380577428,1.1187664041994751e-05,0.0
LSC-CP-RA,"LSC-CP-RA (A=8), tamed",44d6ecf1abcc7ab097c151f5d67417fb,c87203a12406cc5114b7ffa2d8877465,True,3,9525,47.625,5937498490.12357,1855468.2781636158,9525.0,2438400.0,0.0445326998539818,4.272550083950222e-05,-0.0009420549536355294,0.028749999999999998,0.062136744668327415,0.0,0.0007492958844649389,0.03227524129120635,True,0.12012712206063299,reject,pre_step,drift_diffusion_then_jump,iid_bank,8,every_step,True,0.0,0.004825211864406782,279.9618436919524,151744,9.84251968503937e-08,0.9956955380577428,1.1187664041994751e-05,0.0
LSC-CP-RA,"LSC-CP-RA (A=8), tamed",44d6ecf1abcc7ab097c151f5d67417fb,c87203a12406cc5114b7ffa2d8877465,True,0,9584,47.92,5974276695.994152,1866961.4674981725,9584.0,2453504.0,0.031048918117043675,3.9429951505076666e-05,-0.0009412909609325393,0.025000000000000022,0.06552489042065368,0.0,0.00041362213888749275,0.023525241291206353,True,0.12012712206063299,reject,pre_step,drift_diffusion_then_jump,iid_bank,8,every_step,True,0.0,0.0048834745762711875,151.3760814524045,152666,9.781928213689482e-08,0.9955785684474123,1.115139816360601e-05,0.0
LSC-CP-RA,"LSC-CP-RA (A=8), tamed",44d6ecf1abcc7ab097c151f5d67417fb,c87203a12406cc5114b7ffa2d8877465,True,1,9584,47.92,5974276695.994152,1866961.4674981725,9584.0,2453504.0,0.030527135207532974,7.132672574061694e-05,-0.0009075437656537177,0.025,0.06188948337853695,0.0,0.0008675571766252402,0.03510227836309218,True,0.12012712206063299,reject,pre_step,drift_diffusion_then_jump,iid_bank,8,every_step,True,0.0,0.0048834745762711875,151.3760814524045,152666,9.781928213689482e-08,0.9955785684474123,1.115139816360601e-05,0.0
LSC-CP-RA,"LSC-CP-RA (A=8), tamed",44d6ecf1abcc7ab097c151f5d67417fb,c87203a12406cc5114b7ffa2d8877465,True,2,9584,47.92,5974276695.994152,1866961.4674981725,9584.0,2453504.0,0.05114172250805109,0.00018946733816416206,-0.0007965861567498234,0.028750000000000053,0.06977890477805104,0.0,0.00017776349685933547,0.014775241291206359,True,0.12012712206063299,reject,pre_step,drift_diffusion_then_jump,iid_bank,8,every_step,True,0.0,0.0048834745762711875,151.3760814524045,152666,9.781928213689482e-08,0.9955785684474123,1.115139816360601e-05,0.0
LSC-CP-RA,"LSC-CP-RA (A=8), tamed",44d6ecf1abcc7ab097c151f5d67417fb,c87203a12406cc5114b7ffa2d8877465,True,3,9584,47.92,5974276695.994152,1866961.4674981725,9584.0,2453504.0,0.044631145854484584,0.00013345395874242438,-0.0008580322291386056,0.022500000000000006,0.06554878233319494,0.0,0.0005936874328694702,0.03227524129120635,True,0.12012712206063299,reject,pre_step,drift_diffusion_then_jump,iid_bank,8,every_step,True,0.0,0.0048834745762711875,151.3760814524045,152666,9.781928213689482e-08,0.9955785684474123,1.115139816360601e-05,0.0
LSC-CP-RA,"LSC-CP-RA (A=8), tamed",44d6ecf1abcc7ab097c151f5d67417fb,c87203a12406cc5114b7ffa2d8877465,True,0,9644,48.22,6011678261.286269,1878649.456651959,9644.0,2468864.0,0.026328776322980904,9.097580620487378e-05,-0.000886367877566574,0.02375000000000005,0.0605076030296926,0.0,0.0006546219489981075,0.028525241291206344,True,0.12012712206063299,reject,pre_step,drift_diffusion_then_jump,iid_bank,8,every_step,True,0.0,0.004958333333333335,161.55873781317464,153618,9.721070095396102e-08,0.9955542306097055,1.121163417669017e-05,0.0
LSC-CP-RA,"LSC-CP-RA (A=8), tamed",44d6ecf1abcc7ab097c151f5d67417fb,c87203a12406cc5114b7ffa2d8877465,True,1,9644,48.22,6011678261.286269,1878649.456651959,9644.0,2468864.0,0.04191047163803655,0.00022431885640417093,-0.0007558677459189589,0.02749999999999997,0.06209340359688109,0.0,0.0008551784889860657,0.03135227836309219,True,0.12012712206063299,reject,pre_step,drift_diffusion_then_jump,iid_bank,8,every_step,True,0.0,0.004958333333333335,161.55873781317464,153618,9.721070095396102e-08,0.9955542306097055,1.121163417669017e-05,0.0
LSC-CP-RA,"LSC-CP-RA (A=8), tamed",44d6ecf1abcc7ab097c151f5d67417fb,c87203a12406cc5114b7ffa2d8877465,True,2,9644,48.22,6011678261.286269,1878649.456651959,9644.0,2468864.0,0.03519928119099058,8.591358655640757e-05,-0.000899057722932195,0.03125,0.06128858322843134,0.0,0.0003479889733535195,0.02010227836309221,True,0.12012712206063299,reject,pre_step,drift_diffusion_then_jump,iid_bank,8,every_step,True,0.0,0.004958333333333335,161.55873781317464,153618,9.721070095396102e-08,0.9955542306097055,1.121163417669017e-05,0.0
LSC-CP-RA,"LSC-CP-RA (A=8), tamed",44d6ecf1abcc7ab097c151f5d67417fb,c87203a12406cc5114b7ffa2d8877465,True,3,9644,48.22,6011678261.286269,1878649.456651959,9644.0,2468864.0,0.03428284959122156,0.000129619558416727,-0.0008614618185140976,0.026249999999999996,0.06477547153813668,0.0,0.00046592217204421494,0.028525241291206344,True,0.12012712206063299,reject,pre_step,drift_diffusion_then_jump,iid_bank,8,every_step,True,0.0,0.004958333333333335,161.55873781317464,153618,9.721070095396102e-08,0.9955542306097055,1.121163417669017e-05,0.0
LSC-CP-RA,"LSC-CP-RA (A=8), tamed",44d6ecf1abcc7ab097c151f5d67417fb,c87203a12406cc5114b7ffa2d8877465,True,0,9703,48.515,6048456467.156851,1890142.6459865158,9703.0,2483968.0,0.04469526890859395,7.653668377038958e-05,-0.0009110521277500006,0.026249999999999996,0.061938157879568245,0.0,0.0005300635196934037,0.02852524129120633,True,0.12012712206063299,reject,pre_step,drift_diffusion_then_jump,iid_bank,8,every_step,True,0.0,0.004872881355932203,155.0088077185804,154538,9.661960218489126e-08,0.9954266721632484,1.1207873853447388e-05,0.0
LSC-CP-RA,"LSC-CP-RA (A=8), tamed",44d6ecf1abcc7ab097c151f5d67417fb,c87203a12406cc5114b7ffa2d8877465,True,1,9703,48.515,6048456467.156851,1890142.6459865158,9703.0,2483968.0,0.051064219575434194,0.00014142942320671814,-0.0008438098217671275,0.025000000000000022,0.0705882906483356,0.0,0.0013420190848468117,0.043852278363092204,True,0.12012712206063299,reject,pre_step,drift_diffusion_then_jump,iid_bank,8,every_step,True,0.0,0.004872881355932203,155.0088077185804,154538,9.661960218489126e-08,0.9954266721632484,1.1207873853447388e-05,0.0
LSC-CP-RA,"LSC-CP-RA (A=8), tamed",44d6ecf1abcc7ab097c151f5d67417fb,c87203a12406cc5114b7ffa2d8877465,True,2,9703,48.515,6048456467.156851,1890142.6459865158,9703.0,2483968.0,0.06376513680469423,0.0007165937334900896,-0.00027772429526007336,0.058750000000000024,0.06517671639333822,0.0,0.0012593335513481707,0.047275241291206346,True,0.12012712206063299,reject,pre_step,drift_diffusion_then_jump,iid_bank,8,every_step,True,0.0,0.004872881355932203,155.0088077185804,154538,9.661960218489126e-08,0.9954266721632484,1.1207873853447388e-05,0.0
LSC-CP-RA,"LSC-CP-RA (A=8), tamed",44d6ecf1abcc7ab097c151f5d67417fb,c87203a12406cc5114b7ffa2d8877465,True,3,9703,48.515,6048456467.156851,1890142.6459865158,9703.0,2483968.0,0.046052790384973175,0.0005363706928004364,-0.00045984712151236895,0.02625000000000001,0.06574001754959702,0.0,0.0006379875274310168,0.032275241291206375,True,0.12012712206063299,reject,pre_step,drift_diffusion_then_jump,iid_bank,8,every_step,True,0.0,0.004872881355932203,155.0088077185804,154538,9.661960218489126e-08,0.9954266721632484,1.1207873853447388e-05,0.0
LSC-CP-RA,"LSC-CP-RA (A=8), tamed",44d6ecf1abcc7ab097c151f5d67417fb,c87203a12406cc5114b7ffa2d8877465,True,0,9762,48.81,6085234673.027432,1901635.8353210727,9762.0,2499072.0,0.06057504468025053,0.000634775596092152,-0.0003626926028403865,0.03375,0.058982860097553935,0.0,0.0011233229567471307,0.04352524129120636,True,0.12012712206063299,reject,pre_step,drift_diffusion_then_jump,iid_bank,8,every_step,True,0.0,0.005413135593220339,184.3423584381708,155560,9.603564843269821e-08,0.9959536980127023,1.126818274943659e-05,0.0
LSC-CP-RA,"LSC-CP-RA (A=8), tamed",44d6ecf1abcc7ab097c151f5d67417fb,c87203a12406cc5114b7ffa2d8877465,True,1,9762,48.81,6085234673.027432,1901635.8353210727,9762.0,2499072.0,0.04745745189861149,0.00031612186731155845,-0.0006654014104851003,0.027500000000000024,0.0626326763573739,0.0,0.001043977881508225,0.03510227836309218,True,0.12012712206063299,reject,pre_step,drift_diffusion_then_jump,iid_bank,8,every_step,True,0.0,0.005413135593220339,184.3423584381708,155560,9.603564843269821e-08,0.9959536980127023,1.126818274943659e-05,0.0
LSC-CP-RA,"LSC-CP-RA (A=8), tamed",44d6ecf1abcc7ab097c151f5d67417fb,c87203a12406cc5114b7ffa2d8877465,True,2,9762,48.81,6085234673.027432,1901635.8353210727,9762.0,2499072.0,0.05807220339872962,0.00034238822392307355,-0.0006477634879870076,0.025000000000000022,0.06254972145312931,0.0,0.001184247417246492,0.04102524129120633,True,0.12012712206063299,reject,pre_step,drift_diffusion_then_jump,iid_bank,8,every_step,True,0.0,0.005413135593220339,184.3423584381708,155560,9.603564843269821e-08,0.9959536980127023,1.126818274943659e-05,0.0
LSC-CP-RA,"LSC-CP-RA (A=8), tamed",44d6ecf1abcc7ab097c151f5d67417fb,c87203a12406cc5114b7ffa2d8877465,True,3,9762,48.81,6085234673.027432,1901635.8353210727,9762.0,2499072.0,0.05068776850294654,0.0004622623903045575,-0.0005307623077485113,0.04249999999999998,0.07307260784639447,0.0,0.00019460777767155244,0.017275241291206334,True,0.12012712206063299,reject,pre_step,drift_diffusion_then_jump,iid_bank,8,every_step,True,0.0,0.005413135593220339,184.3423584381708,155560,9.603564843269821e-08,0.9959536980127023,1.126818274943659e-05,0.0
LSC-CP-RA,"LSC-CP-RA (A=8), tamed",44d6ecf1abcc7ab097c151f5d67417fb,c87203a12406cc5114b7ffa2d8877465,True,0,9822,49.11,6122636238.31955,1913323.8244748593,9822.0,2514432.0,0.04967857091185661,0.00028027467074598356,-0.0007093233789920994,0.027500000000000024,0.06786528621926557,0.0,0.000993466560988651,0.039775241291206354,True,0.12012712206063299,reject,pre_step,drift_diffusion_then_jump,iid_bank,8,every_step,True,0.0,0.005109375000000001,418.2082030424533,156541,9.544899205864386e-08,0.9961120443901446,1.1422062716351049e-05,0.0
LSC-CP-RA,"LSC-CP-RA (A=8), tamed",44d6ecf1abcc7ab097c151f5d67417fb,c87203a12406cc5114b7ffa2d8877465,True,1,9822,49.11,6122636238.31955,1913323.8244748593,9822.0,2514432.0,0.041936867575235535,0.00015453138285237422,-0.0008366617040622693,0.028749999999999998,0.06321339656317937,0.0,0.0006248013573495882,0.03227524129120635,True,0.12012712206063299,reject,pre_step,drift_diffusion_then_jump,iid_bank,8,every_step,True,0.0,0.005109375000000001,418.2082030424533,156541,9.544899205864386e-08,0.9961120443901446,1.1422062716351049e-05,0.0
LSC-CP-RA,"LSC-CP-RA (A=8), tamed",44d6ecf1abcc7ab097c151f5d67417fb,c87203a12406cc5114b7ffa2d8877465,True,2,9822,49.11,6122636238.31955,1913323.8244748593,9822.0,2514432.0,0.03730868573417019,8.043129633461543e-05,-0.0009025856962648904,0.022500000000000075,0.06629803890790364,0.0,0.0005300635196934037,0.02852524129120633,True,0.12012712206063299,reject,pre_step,drift_diffusion_then_jump,iid_bank,8,every_step,True,0.0,0.005109375000000001,418.2082030424533,156541,9.544899205864386e-08,0.9961120443901446,1.1422062716351049e-05,0.0
LSC-CP-RA,"LSC-CP-RA (A=8), tamed",44d6ecf1abcc7ab097c151f5d67417fb,c87203a12406cc5114b7ffa2d8877465,True,3,9822,49.11,6122636238.31955,1913323.8244748593,9822.0,2514432.0,0.04997320008600557,0.0005486958125169306,-0.00044957237422360574,0.040000000000000036,0.06968611120162083,0.0,0.0005033614535444493,0.029672962928114194,True,0.12012712206063299,reject,pre_step,drift_diffusion_then_jump,iid_bank,8,every_step,True,0.0,0.005109375000000001,418.2082030424533,156541,9.544899205864386e-08,0.9961120443901446,1.1422062716351049e-05,0.0
LSC-CP-RA,"LSC-CP-RA (A=8), tamed",44d6ecf1abcc7ab097c151f5d67417fb,c87203a12406cc5114b7ffa2d8877465,True,0,9881,49.405,6159414444.190131,1924817.013809416,9881.0,2529536.0,0.02011642903481346,2.8144680918940068e-05,-0.0009551661824666047,0.020000000000000018,0.061394536431116475,0.0,0.0005453585665897256,0.025102278363092215,True,0.12012712206063299,reject,pre_step,drift_diffusion_then_jump,iid_bank,8,every_step,True,0.0,0.005190677966101696,141.41119622977197,157521,9.487906082380326e-08,0.9963629693350875,1.1417113652464326e-05,0.0
LSC-CP-RA,"LSC-CP-RA (A=8), tamed",44d6ecf1abcc7ab097c151f5d67417fb,c87203a12406cc5114b7ffa2d8877465,True,1,9881,49.405,6159414444.190131,1924817.013809416,9881.0,2529536.0,0.03790176430554951,0.00012649190741897964,-0.0008629174954783991,0.02999999999999997,0.07225466897843646,0.0,0.0006558425384225221,0.03227524129120635,True,0.12012712206063299,reject,pre_step,drift_diffusion_then_jump,iid_bank,8,every_step,True,0.0,0.005190677966101696,141.41119622977197,157521,9.487906082380326e-08,0.9963629693350875,1.1417113652464326e-05,0.0
LSC-CP-RA,"LSC-CP-RA (A=8), tamed",44d6ecf1abcc7ab097c151f5d67417fb,c87203a12406cc5114b7ffa2d8877465,True,2,9881,49.405,6159414444.190131,1924817.013809416,9881.0,2529536.0,0.04278844383082289,0.0001741888228127264,-0.0008197208612212847,0.028749999999999998,0.06880586520295251,0.0,0.00043217254298290406,0.02727524129120637,True,0.12012712206063299,reject,pre_step,drift_diffusion_then_jump,iid_bank,8,every_step,True,0.0,0.005190677966101696,141.41119622977197,157521,9.487906082380326e-08,0.9963629693350875,1.1417113652464326e-05,0.0
LSC-CP-RA,"LSC-CP-RA (A=8), tamed",44d6ecf1abcc7ab097c151f5d67417fb,c87203a12406cc5114b7ffa2d8877465,True,3,9881,49.405,6159414444.190131,1924817.013809416,9881.0,2529536.0,0.03962274342353009,0.00018497425404495615,-0.0008070979955855373,0.025000000000000022,0.06693049614738622,0.0,0.0003176366971127066,0.02352524129120634,True,0.12012712206063299,reject,pre_step,drift_diffusion_then_jump,iid_bank,8,every_step,True,0.0,0.005190677966101696,141.41119622977197,157521,9.487906082380326e-08,0.9963629693350875,1.1417113652464326e-05,0.0
LSC-CP-RA,"LSC-CP-RA (A=8), tamed",44d6ecf1abcc7ab097c151f5d67417fb,c87203a12406cc5114b7ffa2d8877465,True,0,9941,49.705,6196816009.482247,1936505.0029632023,9941.0,2544896.0,0.05121108355672142,0.0003564387893374432,-0.0006169454363039728,0.030000000000000027,0.06923757146484844,0.0,0.0009440876368549695,0.03760227836309221,True,0.12012712206063299,reject,pre_step,drift_diffusion_then_jump,iid_bank,8,every_step,True,0.0,0.004885416666666668,287.9834122265684,158459,9.430640780605573e-08,0.9962466049693189,1.1411075344532743e-05,0.0
LSC-CP-RA,"LSC-CP-RA (A=8), tamed",44d6ecf1abcc7ab097c151f5d67417fb,c87203a12406cc5114b7ffa2d8877465,True,1,9941,49.705,6196816009.482247,1936505.0029632023,9941.0,2544896.0,0.03316337014337889,6.55802383096038e-05,-0.0009159384301300477,0.026249999999999996,0.06407302782073498,0.0,0.0008163223945418662,0.031025241291206346,True,0.12012712206063299,reject,pre_step,drift_diffusion_then_jump,iid_bank,8,every_step,True,0.0,0.004885416666666668,287.9834122265684,158459,9.430640780605573e-08,0.9962466049693189,1.1411075344532743e-05,0.0
LSC-CP-RA,"LSC-CP-RA (A=8), tamed",44d6ecf1abcc7ab097c151f5d67417fb,c87203a12406cc5114b7ffa2d8877465,True,2,9941,49.705,6196816009.482247,1936505.0029632023,9941.0,2544896.0,0.045175274834032914,0.0002593241131250146,-0.0007350326102156801,0.04249999999999998,0.06675915453482828,0.0,0.00046417739934838387,0.028525241291206344,True,0.12012712206063299,reject,pre_step,drift_diffusion_then_jump,iid_bank,8,every_step,True,0.0,0.004885416666666668,287.9834122265684,158459,9.430640780605573e-08,0.9962466049693189,1.1411075344532743e-05,0.0
LSC-CP-RA,"LSC-CP-RA (A=8), tamed",44d6ecf1abcc7ab097c151f5d67417fb,c87203a12406cc5114b7ffa2d8877465,True,3,9941,49.705,6196816009.482247,1936505.0029632023,9941.0,2544896.0,0.03860137688576536,5.1521092401807245e-05,-0.0009364791282473472,0.02749999999999997,0.06755415107280405,0.0,0.0004797873588306715,0.027275241291206342,True,0.12012712206063299,reject,pre_step,drift_diffusion_then_jump,iid_bank,8,every_step,True,0.0,0.004885416666666668,287.9834122265684,158459,9.430640780605573e-08,0.9962466049693189,1.1411075344532743e-05,0.0
LSC-CP-RA,"LSC-CP-RA (A=8), tamed",44d6ecf1abcc7ab097c151f5d67417fb,c87203a12406cc5114b7ffa2d8877465,True,0,10000,50.0,6233594215.352829,1947998.192297759,10000.0,2560000.0,0.05344277999986591,0.0003642153449784358,-0.0006062130689642453,0.03,0.06026341130349444,0.0,0.0006583514873602552,0.03135227836309219,True,0.12012712206063299,reject,pre_step,drift_diffusion_then_jump,iid_bank,8,every_step,True,0.0,0.005201271186440678,147.20736756927306,159441,9.375e-08,0.99650625,1.134375e-05,0.0
LSC-CP-RA,"LSC-CP-RA (A=8), tamed",44d6ecf1abcc7ab097c151f5d67417fb,c87203a12406cc5114b7ffa2d8877465,True,1,10000,50.0,6233594215.352829,1947998.192297759,10000.0,2560000.0,0.05028695435599315,0.00018714703566569124,-0.0007895347190448598,0.026249999999999996,0.06678987474192244,0.0,0.000507635485893207,0.027602278363092217,True,0.12012712206063299,reject,pre_step,drift_diffusion_then_jump,iid_bank,8,every_step,True,0.0,0.005201271186440678,147.20736756927306,159441,9.375e-08,0.99650625,1.134375e-05,0.0
LSC-CP-RA,"LSC-CP-RA (A=8), tamed",44d6ecf1abcc7ab097c151f5d67417fb,c87203a12406cc5114b7ffa2d8877465,True,2,10000,50.0,6233594215.352829,1947998.192297759,10000.0,2560000.0,0.040926375971657505,0.0001771911909876911,-0.0008097077441800993,0.036250000000000004,0.06806732400163917,0.0,0.0002616392516249259,0.021025241291206337,True,0.12012712206063299,reject,pre_step,drift_diffusion_then_jump,iid_bank,8,every_step,True,0.0,0.005201271186440678,147.20736756927306,159441,9.375e-08,0.99650625,1.134375e-05,0.0
LSC-CP-RA,"LSC-CP-RA (A=8), tamed",44d6ecf1abcc7ab097c151f5d67417fb,c87203a12406cc5114b7ffa2d8877465,True,3,10000,50.0,6233594215.352829,1947998.192297759,10000.0,2560000.0,0.05957448730690385,0.00037797969373909446,-0.0006050757588618172,0.03249999999999997,0.06025621686603466,0.0,0.0001847442954649905,0.016352278363092193,True,0.12012712206063299,reject,pre_step,drift_diffusion_then_jump,iid_bank,8,every_step,True,0.0,0.005201271186440678,147.20736756927306,159441,9.375e-08,0.99650625,1.134375e-05,0.0
