method,variant_label,variant_hash,metric_definition_hash,tame,seed,step,t,n_fee,n_fee_per_particle,n_force_per_particle,n_extra_potential_equivalent_per_particle,CV_SW2,CV_MMD2_biased,CV_MMD2_unbiased,latent_z1_KS,CV_KDE_Hellinger,basin_outside_mass,basin_JS,basin_TV,tamed,tame_cap,boundary_rule,gamma,integrator,boundary_reject_fraction_cumulative,nonfinite_proposal_fraction_cumulative
ULD,"ULD gamma=1, canonical",b914b1c481c4dcc20022dd4a196ddcc1,c87203a12406cc5114b7ffa2d8877465,False,0,0,0.0,0.0,0.0,0.0,0.0,0.7386621408960241,0.518938006051488,0.5184400712505989,0.805,0.5321930774365455,0.0,0.36550095012754413,0.7311477216369078,False,nan,reject,1.0,BAOAB,,
ULD,"ULD gamma=1, canonical",b914b1c481c4dcc20022dd4a196ddcc1,c87203a12406cc5114b7ffa2d8877465,False,1,0,0.0,0.0,0.0,0.0,0.0,0.7373013516640339,0.517600714963346,0.517102288036273,0.8037500000000001,0.5321039544358058,0.0,0.36550095012754413,0.7311477216369078,False,nan,reject,1.0,BAOAB,,
ULD,"ULD gamma=1, canonical",b914b1c481c4dcc20022dd4a196ddcc1,c87203a12406cc5114b7ffa2d8877465,False,2,0,0.0,0.0,0.0,0.0,0.0,0.7378048780843204,0.5193359487026696,0.518836860952783,0.8,0.5335110808343468,0.0,0.36550095012754413,0.7311477216369078,False,nan,reject,1.0,BAOAB,,
ULD,"ULD gamma=1, canonical",b914b1c481c4dcc20022dd4a196ddcc1,c87203a12406cc5114b7ffa2d8877465,False,3,0,0.0,0.0,0.0,0.0,0.0,0.7397362512151985,0.5218632027837117,0.5213643420847149,0.79625,0.5330248863167208,0.0,0.36550095012754413,0.7311477216369078,False,nan,reject,1.0,BAOAB,,
ULD,"ULD gamma=1, canonical",b914b1c481c4dcc20022dd4a196ddcc1,c87203a12406cc5114b7ffa2d8877465,False,0,8,0.04,25600.0,8.0,8.0,0.0,0.738013267491689,0.518238071947957,0.5177399812615217,0.8025,0.5309243117410314,0.0,0.36550095012754413,0.7311477216369078,False,nan,reject,1.0,BAOAB,0.0,0.0
ULD,"ULD gamma=1, canonical",b914b1c481c4dcc20022dd4a196ddcc1,c87203a12406cc5114b7ffa2d8877465,False,1,8,0.04,25600.0,8.0,8.0,0.0,0.7369722922930033,0.5171376989297917,0.516639210580941,0.8,0.5306815850186766,0.0,0.36550095012754413,0.7311477216369078,False,nan,reject,1.0,BAOAB,0.0,0.0
ULD,"ULD gamma=1, canonical",b914b1c481c4dcc20022dd4a196ddcc1,c87203a12406cc5114b7ffa2d8877465,False,2,8,0.04,25600.0,8.0,8.0,0.0,0.7375192046563577,0.5193006865924885,0.5188013602551068,0.7975,0.5328818902065846,0.0,0.36550095012754413,0.7311477216369078,False,nan,reject,1.0,BAOAB,0.0,0.0
ULD,"ULD gamma=1, canonical",b914b1c481c4dcc20022dd4a196ddcc1,c87203a12406cc5114b7ffa2d8877465,False,3,8,0.04,25600.0,8.0,8.0,0.0,0.7394209860685181,0.5217338263193698,0.5212347189262554,0.7937500000000001,0.5324783777111501,0.0,0.36550095012754413,0.7311477216369078,False,nan,reject,1.0,BAOAB,0.0,0.0
ULD,"ULD gamma=1, canonical",b914b1c481c4dcc20022dd4a196ddcc1,c87203a12406cc5114b7ffa2d8877465,False,0,17,0.085,54400.0,17.0,17.0,0.0,0.7367750779577639,0.5171417597971549,0.5166431941473965,0.7937500000000001,0.527924361614895,0.0,0.36550095012754413,0.7311477216369078,False,nan,reject,1.0,BAOAB,0.0,0.0
ULD,"ULD gamma=1, canonical",b914b1c481c4dcc20022dd4a196ddcc1,c87203a12406cc5114b7ffa2d8877465,False,1,17,0.085,54400.0,17.0,17.0,0.0,0.736061217428388,0.5163139128321695,0.5158150520329194,0.7937500000000001,0.527783510107218,0.0,0.36550095012754413,0.7311477216369078,False,nan,reject,1.0,BAOAB,0.0,0.0
ULD,"ULD gamma=1, canonical",b914b1c481c4dcc20022dd4a196ddcc1,c87203a12406cc5114b7ffa2d8877465,False,2,17,0.085,54400.0,17.0,17.0,0.0,0.7366413278753665,0.518707913957136,0.5182080809821183,0.79125,0.5302794929358441,0.0,0.36550095012754413,0.7311477216369078,False,nan,reject,1.0,BAOAB,0.0,0.0
ULD,"ULD gamma=1, canonical",b914b1c481c4dcc20022dd4a196ddcc1,c87203a12406cc5114b7ffa2d8877465,False,3,17,0.085,54400.0,17.0,17.0,0.0,0.7385756497361939,0.5211735872568505,0.520673938410613,0.79125,0.5300955455424178,0.0,0.36550095012754413,0.7311477216369078,False,nan,reject,1.0,BAOAB,0.0,0.0
ULD,"ULD gamma=1, canonical",b914b1c481c4dcc20022dd4a196ddcc1,c87203a12406cc5114b7ffa2d8877465,False,0,25,0.125,80000.0,25.0,25.0,0.0,0.7353757831155845,0.5160221202608279,0.5155228739889759,0.7887500000000001,0.5246110905242891,0.0,0.36550095012754413,0.7311477216369078,False,nan,reject,1.0,BAOAB,0.0,0.0
ULD,"ULD gamma=1, canonical",b914b1c481c4dcc20022dd4a196ddcc1,c87203a12406cc5114b7ffa2d8877465,False,1,25,0.125,80000.0,25.0,25.0,0.0,0.7348328896377406,0.5152669265449327,0.5147675102258497,0.78625,0.5245813317549856,0.0,0.36550095012754413,0.7311477216369078,False,nan,reject,1.0,BAOAB,0.0,0.0
ULD,"ULD gamma=1, canonical",b914b1c481c4dcc20022dd4a196ddcc1,c87203a12406cc5114b7ffa2d8877465,False,2,25,0.125,80000.0,25.0,25.0,0.0,0.7354569297217952,0.5177949232243434,0.5172944007784076,0.785,0.5268495054568545,0.0,0.36550095012754413,0.7311477216369078,False,nan,reject,1.0,BAOAB,0.0,0.0
ULD,"ULD gamma=1, canonical",b914b1c481c4dcc20022dd4a196ddcc1,c87203a12406cc5114b7ffa2d8877465,False,3,25,0.125,80000.0,25.0,25.0,0.0,0.7374456124221436,0.5203245420570867,0.519824214935682,0.785,0.5269584913020644,0.0,0.36550095012754413,0.7311477216369078,False,nan,reject,1.0,BAOAB,0.0,0.0
ULD,"ULD gamma=1, canonical",b914b1c481c4dcc20022dd4a196ddcc1,c87203a12406cc5114b7ffa2d8877465,False,0,33,0.165,105600.0,33.0,33.0,0.0,0.7337007103804942,0.5146790663613022,0.5141789254852567,0.7837500000000001,0.5210924122773105,0.0,0.36550095012754413,0.7311477216369078,False,nan,reject,1.0,BAOAB,0.0,0.0
ULD,"ULD gamma=1, canonical",b914b1c481c4dcc20022dd4a196ddcc1,c87203a12406cc5114b7ffa2d8877465,False,1,33,0.165,105600.0,33.0,33.0,0.0,0.7332215334187147,0.5139372672879301,0.5134370522430843,0.7812500000000001,0.521383956445472,0.0,0.36550095012754413,0.7311477216369078,False,nan,reject,1.0,BAOAB,0.0,0.0
ULD,"ULD gamma=1, canonical",b914b1c481c4dcc20022dd4a196ddcc1,c87203a12406cc5114b7ffa2d8877465,False,2,33,0.165,105600.0,33.0,33.0,0.0,0.734020547447904,0.5165933904086222,0.516091978966153,0.7775,0.5229648451405724,0.0,0.36550095012754413,0.7311477216369078,False,nan,reject,1.0,BAOAB,0.0,0.0
ULD,"ULD gamma=1, canonical",b914b1c481c4dcc20022dd4a196ddcc1,c87203a12406cc5114b7ffa2d8877465,False,3,33,0.165,105600.0,33.0,33.0,0.0,0.7361177657750175,0.5192000736023118,0.518698961331802,0.78,0.5233889375084644,0.0,0.36550095012754413,0.7311477216369078,False,nan,reject,1.0,BAOAB,0.0,0.0
ULD,"ULD gamma=1, canonical",b914b1c481c4dcc20022dd4a196ddcc1,c87203a12406cc5114b7ffa2d8877465,False,0,42,0.21,134400.0,42.0,42.0,0.0,0.731549014883308,0.5128836432201375,0.5123822618096234,0.7775000000000001,0.5173687447539117,0.0,0.36550095012754413,0.7311477216369078,False,nan,reject,1.0,BAOAB,0.0,0.0
ULD,"ULD gamma=1, canonical",b914b1c481c4dcc20022dd4a196ddcc1,c87203a12406cc5114b7ffa2d8877465,False,1,42,0.21,134400.0,42.0,42.0,0.0,0.7311675334854755,0.5123409758785789,0.5118396113709691,0.775,0.5182887128417405,0.0,0.36550095012754413,0.7311477216369078,False,nan,reject,1.0,BAOAB,0.0,0.0
ULD,"ULD gamma=1, canonical",b914b1c481c4dcc20022dd4a196ddcc1,c87203a12406cc5114b7ffa2d8877465,False,2,42,0.21,134400.0,42.0,42.0,0.0,0.7322177488861672,0.5150733525949254,0.5145707332299452,0.7712500000000001,0.519024060075485,0.0,0.36550095012754413,0.7311477216369078,False,nan,reject,1.0,BAOAB,0.0,0.0
ULD,"ULD gamma=1, canonical",b914b1c481c4dcc20022dd4a196ddcc1,c87203a12406cc5114b7ffa2d8877465,False,3,42,0.21,134400.0,42.0,42.0,0.0,0.7342911249911886,0.5175733779801612,0.5170712005870068,0.77375,0.5194893521876398,0.0,0.36550095012754413,0.7311477216369078,False,nan,reject,1.0,BAOAB,0.0,0.0
ULD,"ULD gamma=1, canonical",b914b1c481c4dcc20022dd4a196ddcc1,c87203a12406cc5114b7ffa2d8877465,False,0,50,0.25,160000.0,50.0,50.0,0.0,0.7295043918875863,0.5111480687035405,0.5106454523317208,0.7725000000000001,0.5147429532733622,0.0,0.36550095012754413,0.7311477216369078,False,nan,reject,1.0,BAOAB,0.0,0.0
ULD,"ULD gamma=1, canonical",b914b1c481c4dcc20022dd4a196ddcc1,c87203a12406cc5114b7ffa2d8877465,False,1,50,0.25,160000.0,50.0,50.0,0.0,0.7292599776485575,0.5108728083428651,0.5103702640744321,0.76875,0.516088102815319,0.0,0.36550095012754413,0.7311477216369078,False,nan,reject,1.0,BAOAB,0.0,0.0
ULD,"ULD gamma=1, canonical",b914b1c481c4dcc20022dd4a196ddcc1,c87203a12406cc5114b7ffa2d8877465,False,2,50,0.25,160000.0,50.0,50.0,0.0,0.7304470417798135,0.5135439593617902,0.5130401161951055,0.7675000000000001,0.5162629282007143,0.0,0.36550095012754413,0.7311477216369078,False,nan,reject,1.0,BAOAB,0.0,0.0
ULD,"ULD gamma=1, canonical",b914b1c481c4dcc20022dd4a196ddcc1,c87203a12406cc5114b7ffa2d8877465,False,3,50,0.25,160000.0,50.0,50.0,0.0,0.7324299463821702,0.5158553356326976,0.5153520517680552,0.77,0.5164664836494997,0.0,0.36550095012754413,0.7311477216369078,False,nan,reject,1.0,BAOAB,0.0,0.0
ULD,"ULD gamma=1, canonical",b914b1c481c4dcc20022dd4a196ddcc1,c87203a12406cc5114b7ffa2d8877465,False,0,58,0.29,185600.0,58.0,58.0,0.0,0.7272788616400844,0.5092457340751454,0.5087417307778319,0.7675000000000001,0.5130319535333301,0.0,0.36550095012754413,0.7311477216369078,False,nan,reject,1.0,BAOAB,0.0,0.0
ULD,"ULD gamma=1, canonical",b914b1c481c4dcc20022dd4a196ddcc1,c87203a12406cc5114b7ffa2d8877465,False,1,58,0.29,185600.0,58.0,58.0,0.0,0.7272186147443749,0.5091687261675415,0.5086648915410128,0.7625000000000001,0.5144162302982991,0.0,0.36550095012754413,0.7311477216369078,False,nan,reject,1.0,BAOAB,0.0,0.0
ULD,"ULD gamma=1, canonical",b914b1c481c4dcc20022dd4a196ddcc1,c87203a12406cc5114b7ffa2d8877465,False,2,58,0.29,185600.0,58.0,58.0,0.0,0.7283923082479085,0.5117443123076401,0.5112390780544003,0.76375,0.514267908035002,0.0,0.36550095012754413,0.7311477216369078,False,nan,reject,1.0,BAOAB,0.0,0.0
ULD,"ULD gamma=1, canonical",b914b1c481c4dcc20022dd4a196ddcc1,c87203a12406cc5114b7ffa2d8877465,False,3,58,0.29,185600.0,58.0,58.0,0.0,0.7304970075537919,0.5139766311220307,0.5134721269866203,0.765,0.5140320664682725,0.0,0.36550095012754413,0.7311477216369078,False,nan,reject,1.0,BAOAB,0.0,0.0
ULD,"ULD gamma=1, canonical",b914b1c481c4dcc20022dd4a196ddcc1,c87203a12406cc5114b7ffa2d8877465,False,0,67,0.335,214400.0,67.0,67.0,0.0,0.7245553666623934,0.506806626045926,0.5063009262144387,0.7625000000000001,0.5120198796051306,0.0,0.36550095012754413,0.7311477216369078,False,nan,reject,1.0,BAOAB,0.0,0.0
ULD,"ULD gamma=1, canonical",b914b1c481c4dcc20022dd4a196ddcc1,c87203a12406cc5114b7ffa2d8877465,False,1,67,0.335,214400.0,67.0,67.0,0.0,0.7249605065684563,0.5071720401428477,0.5066667075278432,0.76,0.5130362553073082,0.0,0.36550095012754413,0.7311477216369078,False,nan,reject,1.0,BAOAB,0.0,0.0
ULD,"ULD gamma=1, canonical",b914b1c481c4dcc20022dd4a196ddcc1,c87203a12406cc5114b7ffa2d8877465,False,2,67,0.335,214400.0,67.0,67.0,0.0,0.7259128548654916,0.5095183089474727,0.5090114357371233,0.76,0.5131041280163458,0.0,0.36550095012754413,0.7311477216369078,False,nan,reject,1.0,BAOAB,0.0,0.0
ULD,"ULD gamma=1, canonical",b914b1c481c4dcc20022dd4a196ddcc1,c87203a12406cc5114b7ffa2d8877465,False,3,67,0.335,214400.0,67.0,67.0,0.0,0.7281776489872673,0.5116554529520697,0.5111494811434658,0.75875,0.5121956969167651,0.0,0.36550095012754413,0.7311477216369078,False,nan,reject,1.0,BAOAB,0.0,0.0
ULD,"ULD gamma=1, canonical",b914b1c481c4dcc20022dd4a196ddcc1,c87203a12406cc5114b7ffa2d8877465,False,0,75,0.375,240000.0,75.0,75.0,0.0,0.7220764566713794,0.5044702478246239,0.5039630558378732,0.75875,0.5117043883360476,0.0,0.36550095012754413,0.7311477216369078,False,nan,reject,1.0,BAOAB,0.0,0.0
ULD,"ULD gamma=1, canonical",b914b1c481c4dcc20022dd4a196ddcc1,c87203a12406cc5114b7ffa2d8877465,False,1,75,0.375,240000.0,75.0,75.0,0.0,0.7231153955721866,0.5054736428724675,0.5049670345079278,0.75875,0.5122114016949361,0.0,0.36550095012754413,0.7311477216369078,False,nan,reject,1.0,BAOAB,0.0,0.0
ULD,"ULD gamma=1, canonical",b914b1c481c4dcc20022dd4a196ddcc1,c87203a12406cc5114b7ffa2d8877465,False,2,75,0.375,240000.0,75.0,75.0,0.0,0.7236691856433005,0.5074482639903937,0.5069399110759975,0.75625,0.512825139818085,0.0,0.36550095012754413,0.7311477216369078,False,nan,reject,1.0,BAOAB,0.0,0.0
ULD,"ULD gamma=1, canonical",b914b1c481c4dcc20022dd4a196ddcc1,c87203a12406cc5114b7ffa2d8877465,False,3,75,0.375,240000.0,75.0,75.0,0.0,0.7260561025172168,0.5095133513231372,0.5090060832526175,0.75625,0.5112484618365483,0.0,0.36550095012754413,0.7311477216369078,False,nan,reject,1.0,BAOAB,0.0,0.0
ULD,"ULD gamma=1, canonical",b914b1c481c4dcc20022dd4a196ddcc1,c87203a12406cc5114b7ffa2d8877465,False,0,83,0.41500000000000004,265600.0,83.0,83.0,0.0,0.7196458325601294,0.502070933916535,0.5015622971497247,0.7575000000000001,0.5116813502906765,0.0,0.36550095012754413,0.7311477216369078,False,nan,reject,1.0,BAOAB,0.0,0.0
ULD,"ULD gamma=1, canonical",b914b1c481c4dcc20022dd4a196ddcc1,c87203a12406cc5114b7ffa2d8877465,False,1,83,0.41500000000000004,265600.0,83.0,83.0,0.0,0.7215205973710082,0.5039615475979301,0.5034537772485884,0.75625,0.5116366886159146,0.0,0.36550095012754413,0.7311477216369078,False,nan,reject,1.0,BAOAB,0.0,0.0
ULD,"ULD gamma=1, canonical",b914b1c481c4dcc20022dd4a196ddcc1,c87203a12406cc5114b7ffa2d8877465,False,2,83,0.41500000000000004,265600.0,83.0,83.0,0.0,0.7214172415361157,0.5052752444374854,0.5047654317631396,0.7525000000000001,0.5129271632448675,0.0,0.36550095012754413,0.7311477216369078,False,nan,reject,1.0,BAOAB,0.0,0.0
ULD,"ULD gamma=1, canonical",b914b1c481c4dcc20022dd4a196ddcc1,c87203a12406cc5114b7ffa2d8877465,False,3,83,0.41500000000000004,265600.0,83.0,83.0,0.0,0.7238506948431183,0.5072624328233994,0.5067539372009915,0.75625,0.5106372946700475,0.0,0.36550095012754413,0.7311477216369078,False,nan,reject,1.0,BAOAB,0.0,0.0
ULD,"ULD gamma=1, canonical",b914b1c481c4dcc20022dd4a196ddcc1,c87203a12406cc5114b7ffa2d8877465,False,0,92,0.46,294400.0,92.0,92.0,0.0,0.7170467388116359,0.49938287005626514,0.49887280845265625,0.7550000000000001,0.5116326833894016,0.0,0.36550095012754413,0.7311477216369078,False,nan,reject,1.0,BAOAB,0.0,0.0
ULD,"ULD gamma=1, canonical",b914b1c481c4dcc20022dd4a196ddcc1,c87203a12406cc5114b7ffa2d8877465,False,1,92,0.46,294400.0,92.0,92.0,0.0,0.7198284182487338,0.5022855575989102,0.5017765786699663,0.755,0.5110107711840478,0.0,0.36550095012754413,0.7311477216369078,False,nan,reject,1.0,BAOAB,0.0,0.0
ULD,"ULD gamma=1, canonical",b914b1c481c4dcc20022dd4a196ddcc1,c87203a12406cc5114b7ffa2d8877465,False,2,92,0.46,294400.0,92.0,92.0,0.0,0.718981210574288,0.5028499966061103,0.5023385963602776,0.7525000000000001,0.5131861538576195,0.0,0.36550095012754413,0.7311477216369078,False,nan,reject,1.0,BAOAB,0.0,0.0
ULD,"ULD gamma=1, canonical",b914b1c481c4dcc20022dd4a196ddcc1,c87203a12406cc5114b7ffa2d8877465,False,3,92,0.46,294400.0,92.0,92.0,0.0,0.7213557370473329,0.5046869501183514,0.5041772244311681,0.755,0.5102316449956779,0.0,0.36550095012754413,0.7311477216369078,False,nan,reject,1.0,BAOAB,0.0,0.0
ULD,"ULD gamma=1, canonical",b914b1c481c4dcc20022dd4a196ddcc1,c87203a12406cc5114b7ffa2d8877465,False,0,100,0.5,320000.0,100.0,100.0,0.0,0.7148917133441226,0.4970512381130574,0.4965401069121117,0.75375,0.5113381646589114,0.0,0.36550095012754413,0.7311477216369078,False,nan,reject,1.0,BAOAB,0.0,0.0
ULD,"ULD gamma=1, canonical",b914b1c481c4dcc20022dd4a196ddcc1,c87203a12406cc5114b7ffa2d8877465,False,1,100,0.5,320000.0,100.0,100.0,0.0,0.7185033880218445,0.5009247400280773,0.5004148219405185,0.7525000000000001,0.5104582525174926,0.0,0.36550095012754413,0.7311477216369078,False,nan,reject,1.0,BAOAB,0.0,0.0
ULD,"ULD gamma=1, canonical",b914b1c481c4dcc20022dd4a196ddcc1,c87203a12406cc5114b7ffa2d8877465,False,2,100,0.5,320000.0,100.0,100.0,0.0,0.7170461242409414,0.500865293148015,0.5003526163486905,0.75125,0.5132156122375204,0.0,0.36550095012754413,0.7311477216369078,False,nan,reject,1.0,BAOAB,0.0,0.0
ULD,"ULD gamma=1, canonical",b914b1c481c4dcc20022dd4a196ddcc1,c87203a12406cc5114b7ffa2d8877465,False,3,100,0.5,320000.0,100.0,100.0,0.0,0.719318176758327,0.5025433967392486,0.5020327826416837,0.75375,0.5100605794879232,0.0,0.36550095012754413,0.7311477216369078,False,nan,reject,1.0,BAOAB,0.0,0.0
ULD,"ULD gamma=1, canonical",b914b1c481c4dcc20022dd4a196ddcc1,c87203a12406cc5114b7ffa2d8877465,False,0,108,0.54,345600.0,108.0,108.0,0.0,0.7129971313294778,0.4947741373640516,0.4942622119768727,0.7525000000000001,0.5102838705610053,0.0,0.36550095012754413,0.7311477216369078,False,nan,reject,1.0,BAOAB,0.0,0.0
ULD,"ULD gamma=1, canonical",b914b1c481c4dcc20022dd4a196ddcc1,c87203a12406cc5114b7ffa2d8877465,False,1,108,0.54,345600.0,108.0,108.0,0.0,0.7172874145530173,0.4996109388391583,0.4991002233030103,0.7512500000000001,0.5098559610535195,0.0,0.36550095012754413,0.7311477216369078,False,nan,reject,1.0,BAOAB,0.0,0.0
ULD,"ULD gamma=1, canonical",b914b1c481c4dcc20022dd4a196ddcc1,c87203a12406cc5114b7ffa2d8877465,False,2,108,0.54,345600.0,108.0,108.0,0.0,0.7153356926132668,0.49902365297257234,0.49850992585422416,0.75,0.512748012824435,0.0,0.36550095012754413,0.7311477216369078,False,nan,reject,1.0,BAOAB,0.0,0.0
ULD,"ULD gamma=1, canonical",b914b1c481c4dcc20022dd4a196ddcc1,c87203a12406cc5114b7ffa2d8877465,False,3,108,0.54,345600.0,108.0,108.0,0.0,0.7174214699143573,0.5004825557755305,0.4999711849113646,0.7525000000000001,0.5098241482057964,0.0,0.36550095012754413,0.7311477216369078,False,nan,reject,1.0,BAOAB,0.0,0.0
ULD,"ULD gamma=1, canonical",b914b1c481c4dcc20022dd4a196ddcc1,c87203a12406cc5114b7ffa2d8877465,False,0,117,0.585,374400.0,117.0,117.0,0.0,0.7112141642405896,0.4924164891771523,0.4919039690617988,0.7512500000000001,0.5085055546289974,0.0,0.36550095012754413,0.7311477216369078,False,nan,reject,1.0,BAOAB,0.0,0.0
ULD,"ULD gamma=1, canonical",b914b1c481c4dcc20022dd4a196ddcc1,c87203a12406cc5114b7ffa2d8877465,False,1,117,0.585,374400.0,117.0,117.0,0.0,0.716135662982357,0.49825573116553945,0.49774427566520796,0.7512500000000001,0.5090203779136676,0.0,0.36550095012754413,0.7311477216369078,False,nan,reject,1.0,BAOAB,0.0,0.0
ULD,"ULD gamma=1, canonical",b914b1c481c4dcc20022dd4a196ddcc1,c87203a12406cc5114b7ffa2d8877465,False,2,117,0.585,374400.0,117.0,117.0,0.0,0.7137862319120669,0.49723859209272103,0.4967239162519559,0.7475,0.5115511986910656,0.0,0.3581375190341678,0.7286477216369078,False,nan,reject,1.0,BAOAB,0.0,0.0
ULD,"ULD gamma=1, canonical",b914b1c481c4dcc20022dd4a196ddcc1,c87203a12406cc5114b7ffa2d8877465,False,3,117,0.585,374400.0,117.0,117.0,0.0,0.7154831632417129,0.49830174490076207,0.49778961343284,0.7500000000000001,0.5093862207733555,0.0,0.36550095012754413,0.7311477216369078,False,nan,reject,1.0,BAOAB,0.0,0.0
ULD,"ULD gamma=1, canonical",b914b1c481c4dcc20022dd4a196ddcc1,c87203a12406cc5114b7ffa2d8877465,False,0,125,0.625,400000.0,125.0,125.0,0.0,0.7098293121321297,0.49050177934203243,0.4899888994486066,0.75125,0.5068432915373218,0.0,0.36550095012754413,0.7311477216369078,False,nan,reject,1.0,BAOAB,0.0,0.0
ULD,"ULD gamma=1, canonical",b914b1c481c4dcc20022dd4a196ddcc1,c87203a12406cc5114b7ffa2d8877465,False,1,125,0.625,400000.0,125.0,125.0,0.0,0.7153097801637539,0.49725276834804444,0.496740768447262,0.7500000000000001,0.5082855755627824,0.0,0.36550095012754413,0.7311477216369078,False,nan,reject,1.0,BAOAB,0.0,0.0
ULD,"ULD gamma=1, canonical",b914b1c481c4dcc20022dd4a196ddcc1,c87203a12406cc5114b7ffa2d8877465,False,2,125,0.625,400000.0,125.0,125.0,0.0,0.7126494487554456,0.495729998073118,0.4952147468038195,0.7462500000000001,0.5098482280401173,0.0,0.3581375190341678,0.7286477216369078,False,nan,reject,1.0,BAOAB,0.0,0.0
ULD,"ULD gamma=1, canonical",b914b1c481c4dcc20022dd4a196ddcc1,c87203a12406cc5114b7ffa2d8877465,False,3,125,0.625,400000.0,125.0,125.0,0.0,0.7140019528528541,0.49648393332586205,0.49597128080795927,0.74875,0.5086191497173294,0.0,0.36550095012754413,0.7311477216369078,False,nan,reject,1.0,BAOAB,0.0,0.0
ULD,"ULD gamma=1, canonical",b914b1c481c4dcc20022dd4a196ddcc1,c87203a12406cc5114b7ffa2d8877465,False,0,133,0.665,425600.0,133.0,133.0,0.0,0.7085641493518647,0.48871078997968365,0.48819767457312546,0.7475,0.5052566450394884,0.0,0.36138685991337355,0.7298977216369078,False,nan,reject,1.0,BAOAB,0.0,0.0
ULD,"ULD gamma=1, canonical",b914b1c481c4dcc20022dd4a196ddcc1,c87203a12406cc5114b7ffa2d8877465,False,1,133,0.665,425600.0,133.0,133.0,0.0,0.714528615415236,0.49625832765505384,0.49574592277204466,0.74875,0.5074720140691659,0.0,0.36550095012754413,0.7311477216369078,False,nan,reject,1.0,BAOAB,0.0,0.0
ULD,"ULD gamma=1, canonical",b914b1c481c4dcc20022dd4a196ddcc1,c87203a12406cc5114b7ffa2d8877465,False,2,133,0.665,425600.0,133.0,133.0,0.0,0.7116424372041665,0.49424682144315035,0.4937311793424203,0.7462500000000001,0.5076087056799414,0.0,0.3581375190341678,0.7286477216369078,False,nan,reject,1.0,BAOAB,0.0,0.0
ULD,"ULD gamma=1, canonical",b914b1c481c4dcc20022dd4a196ddcc1,c87203a12406cc5114b7ffa2d8877465,False,3,133,0.665,425600.0,133.0,133.0,0.0,0.7127126686010166,0.49474814647819954,0.494235128652849,0.74875,0.5073846821691541,0.0,0.36138685991337355,0.7298977216369078,False,nan,reject,1.0,BAOAB,0.0,0.0
ULD,"ULD gamma=1, canonical",b914b1c481c4dcc20022dd4a196ddcc1,c87203a12406cc5114b7ffa2d8877465,False,0,142,0.71,454400.0,142.0,142.0,0.0,0.7073176440130902,0.4869341453131587,0.48642083036043415,0.7475,0.5036391054252585,0.0,0.36138685991337355,0.7298977216369078,False,nan,reject,1.0,BAOAB,0.0,0.0
ULD,"ULD gamma=1, canonical",b914b1c481c4dcc20022dd4a196ddcc1,c87203a12406cc5114b7ffa2d8877465,False,1,142,0.71,454400.0,142.0,142.0,0.0,0.7136863379512652,0.4951752396799928,0.4946624463585033,0.7462500000000001,0.5064227853467179,0.0,0.36550095012754413,0.7311477216369078,False,nan,reject,1.0,BAOAB,0.0,0.0
ULD,"ULD gamma=1, canonical",b914b1c481c4dcc20022dd4a196ddcc1,c87203a12406cc5114b7ffa2d8877465,False,2,142,0.71,454400.0,142.0,142.0,0.0,0.7106822618841349,0.49265014728744694,0.49213437019688244,0.7462500000000001,0.5043169982723591,0.0,0.35250024063813834,0.7261477216369079,False,nan,reject,1.0,BAOAB,0.0,0.0
ULD,"ULD gamma=1, canonical",b914b1c481c4dcc20022dd4a196ddcc1,c87203a12406cc5114b7ffa2d8877465,False,3,142,0.71,454400.0,142.0,142.0,0.0,0.7115275578226907,0.4929282783327438,0.4924150538431087,0.7475,0.5053933906171586,0.0,0.3581375190341678,0.7286477216369078,False,nan,reject,1.0,BAOAB,0.0,0.0
ULD,"ULD gamma=1, canonical",b914b1c481c4dcc20022dd4a196ddcc1,c87203a12406cc5114b7ffa2d8877465,False,0,150,0.75,480000.0,150.0,150.0,0.0,0.7063374122376457,0.4855258076522738,0.4850123705110819,0.7475,0.5023690824102487,0.0,0.36138685991337355,0.7298977216369078,False,nan,reject,1.0,BAOAB,0.0,0.0
ULD,"ULD gamma=1, canonical",b914b1c481c4dcc20022dd4a196ddcc1,c87203a12406cc5114b7ffa2d8877465,False,1,150,0.75,480000.0,150.0,150.0,0.0,0.7129923659747255,0.494235256135507,0.4937222339055152,0.7450000000000001,0.5053143981461057,0.0,0.36550095012754413,0.7311477216369078,False,nan,reject,1.0,BAOAB,0.0,0.0
ULD,"ULD gamma=1, canonical",b914b1c481c4dcc20022dd4a196ddcc1,c87203a12406cc5114b7ffa2d8877465,False,2,150,0.75,480000.0,150.0,150.0,0.0,0.7100189737997402,0.491334824646145,0.4908191431684281,0.7450000000000001,0.5006389814787278,0.0,0.35250024063813834,0.7261477216369079,False,nan,reject,1.0,BAOAB,0.0,0.0
ULD,"ULD gamma=1, canonical",b914b1c481c4dcc20022dd4a196ddcc1,c87203a12406cc5114b7ffa2d8877465,False,3,150,0.75,480000.0,150.0,150.0,0.0,0.7107242061369499,0.49144173888978837,0.49092852811711873,0.7475,0.5032325920787614,0.0,0.3552135294390274,0.7273977216369079,False,nan,reject,1.0,BAOAB,0.0,0.0
ULD,"ULD gamma=1, canonical",b914b1c481c4dcc20022dd4a196ddcc1,c87203a12406cc5114b7ffa2d8877465,False,0,158,0.79,505600.0,158.0,158.0,0.0,0.7054102591674646,0.48422414287352555,0.4837105664223331,0.7462500000000001,0.5012258403807908,0.0,0.3581375190341678,0.7286477216369078,False,nan,reject,1.0,BAOAB,0.0,0.0
ULD,"ULD gamma=1, canonical",b914b1c481c4dcc20022dd4a196ddcc1,c87203a12406cc5114b7ffa2d8877465,False,1,158,0.79,505600.0,158.0,158.0,0.0,0.7122378463052412,0.4931724284363185,0.4926592600431756,0.7450000000000001,0.503983577627866,0.0,0.36550095012754413,0.7311477216369078,False,nan,reject,1.0,BAOAB,0.0,0.0
ULD,"ULD gamma=1, canonical",b914b1c481c4dcc20022dd4a196ddcc1,c87203a12406cc5114b7ffa2d8877465,False,2,158,0.79,505600.0,158.0,158.0,0.0,0.70945296974649,0.49007870121869235,0.4895632463980165,0.74375,0.4969687434106914,0.0,0.35250024063813834,0.7261477216369079,False,nan,reject,1.0,BAOAB,0.0,0.0
ULD,"ULD gamma=1, canonical",b914b1c481c4dcc20022dd4a196ddcc1,c87203a12406cc5114b7ffa2d8877465,False,3,158,0.79,505600.0,158.0,158.0,0.0,0.7100752604048982,0.49007701893893085,0.48956394753320887,0.745,0.5008654364582112,0.0,0.35250024063813834,0.7261477216369079,False,nan,reject,1.0,BAOAB,0.0,0.0
ULD,"ULD gamma=1, canonical",b914b1c481c4dcc20022dd4a196ddcc1,c87203a12406cc5114b7ffa2d8877465,False,0,167,0.835,534400.0,167.0,167.0,0.0,0.7044620351937014,0.4828346846517845,0.48232097943790886,0.7462500000000001,0.4999711846090833,0.0,0.3552135294390274,0.7273977216369079,False,nan,reject,1.0,BAOAB,0.0,0.0
ULD,"ULD gamma=1, canonical",b914b1c481c4dcc20022dd4a196ddcc1,c87203a12406cc5114b7ffa2d8877465,False,1,167,0.835,534400.0,167.0,167.0,0.0,0.7113633243854152,0.491846015177547,0.49133271202546847,0.7450000000000001,0.5022976485073067,0.0,0.3552135294390274,0.7273977216369079,False,nan,reject,1.0,BAOAB,0.0,0.0
ULD,"ULD gamma=1, canonical",b914b1c481c4dcc20022dd4a196ddcc1,c87203a12406cc5114b7ffa2d8877465,False,2,167,0.835,534400.0,167.0,167.0,0.0,0.7087628626820551,0.48860785986851096,0.48809266236233384,0.74375,0.493165771721644,0.0,0.3499432043209468,0.7248977216369079,False,nan,reject,1.0,BAOAB,0.0,0.0
ULD,"ULD gamma=1, canonical",b914b1c481c4dcc20022dd4a196ddcc1,c87203a12406cc5114b7ffa2d8877465,False,3,167,0.835,534400.0,167.0,167.0,0.0,0.7094282387554884,0.4886884466245508,0.48817549588000664,0.7425,0.498000241285947,0.0,0.35250024063813834,0.7261477216369079,False,nan,reject,1.0,BAOAB,0.0,0.0
ULD,"ULD gamma=1, canonical",b914b1c481c4dcc20022dd4a196ddcc1,c87203a12406cc5114b7ffa2d8877465,False,0,175,0.875,560000.0,175.0,175.0,0.0,0.7037792117853398,0.4817704951678997,0.48125668966851387,0.7462500000000001,0.4988408420272097,0.0,0.3552135294390274,0.7273977216369079,False,nan,reject,1.0,BAOAB,0.0,0.0
ULD,"ULD gamma=1, canonical",b914b1c481c4dcc20022dd4a196ddcc1,c87203a12406cc5114b7ffa2d8877465,False,1,175,0.875,560000.0,175.0,175.0,0.0,0.7106190361445177,0.4906468437668733,0.49013346845497197,0.7450000000000001,0.5004348133551471,0.0,0.35250024063813834,0.7261477216369079,False,nan,reject,1.0,BAOAB,0.0,0.0
ULD,"ULD gamma=1, canonical",b914b1c481c4dcc20022dd4a196ddcc1,c87203a12406cc5114b7ffa2d8877465,False,2,175,0.875,560000.0,175.0,175.0,0.0,0.7081021102515918,0.4873255972912789,0.4868105574273355,0.74375,0.4901086738295044,0.0,0.34751035347823656,0.7236477216369078,False,nan,reject,1.0,BAOAB,0.0,0.0
ULD,"ULD gamma=1, canonical",b914b1c481c4dcc20022dd4a196ddcc1,c87203a12406cc5114b7ffa2d8877465,False,3,175,0.875,560000.0,175.0,175.0,0.0,0.7089147996036331,0.4875485472041029,0.48703573711558257,0.7425,0.4955226528743484,0.0,0.35250024063813834,0.7261477216369079,False,nan,reject,1.0,BAOAB,0.0,0.0
ULD,"ULD gamma=1, canonical",b914b1c481c4dcc20022dd4a196ddcc1,c87203a12406cc5114b7ffa2d8877465,False,0,183,0.915,585600.0,183.0,183.0,0.0,0.7030733031413825,0.4807594432723582,0.48024550759260753,0.7462500000000001,0.49774461981981066,0.0,0.3552135294390274,0.7273977216369079,False,nan,reject,1.0,BAOAB,0.0,0.0
ULD,"ULD gamma=1, canonical",b914b1c481c4dcc20022dd4a196ddcc1,c87203a12406cc5114b7ffa2d8877465,False,1,183,0.915,585600.0,183.0,183.0,0.0,0.7098235863439084,0.48945633364888885,0.48894284188011905,0.7450000000000001,0.4982572821028042,0.0,0.3451805012226348,0.7223977216369079,False,nan,reject,1.0,BAOAB,0.0,0.0
ULD,"ULD gamma=1, canonical",b914b1c481c4dcc20022dd4a196ddcc1,c87203a12406cc5114b7ffa2d8877465,False,2,183,0.915,585600.0,183.0,183.0,0.0,0.7073793355180225,0.4860720072660607,0.485557137224894,0.74375,0.4871266006299505,0.0,0.3451805012226348,0.7223977216369079,False,nan,reject,1.0,BAOAB,0.0,0.0
ULD,"ULD gamma=1, canonical",b914b1c481c4dcc20022dd4a196ddcc1,c87203a12406cc5114b7ffa2d8877465,False,3,183,0.915,585600.0,183.0,183.0,0.0,0.7083472207830589,0.48640646301470447,0.48589376246846405,0.7462500000000001,0.4930511190901149,0.0,0.3499432043209468,0.7248977216369079,False,nan,reject,1.0,BAOAB,0.0,0.0
ULD,"ULD gamma=1, canonical",b914b1c481c4dcc20022dd4a196ddcc1,c87203a12406cc5114b7ffa2d8877465,False,0,192,0.96,614400.0,192.0,192.0,0.0,0.7023399914192328,0.4797091432390048,0.47919499571301927,0.7462500000000001,0.4959985638196872,0.0,0.35250024063813834,0.7261477216369079,False,nan,reject,1.0,BAOAB,0.0,0.0
ULD,"ULD gamma=1, canonical",b914b1c481c4dcc20022dd4a196ddcc1,c87203a12406cc5114b7ffa2d8877465,False,1,192,0.96,614400.0,192.0,192.0,0.0,0.7088300642863166,0.48803595880699213,0.4875222990299912,0.74375,0.4953334908520082,0.0,0.3451805012226348,0.7223977216369079,False,nan,reject,1.0,BAOAB,0.0,0.0
ULD,"ULD gamma=1, canonical",b914b1c481c4dcc20022dd4a196ddcc1,c87203a12406cc5114b7ffa2d8877465,False,2,192,0.96,614400.0,192.0,192.0,0.0,0.7064184055520398,0.48458614129944433,0.48407136765525116,0.7450000000000001,0.48390353792175644,0.0,0.3429385907919372,0.7211477216369078,False,nan,reject,1.0,BAOAB,0.0,0.0
ULD,"ULD gamma=1, canonical",b914b1c481c4dcc20022dd4a196ddcc1,c87203a12406cc5114b7ffa2d8877465,False,3,192,0.96,614400.0,192.0,192.0,0.0,0.7076551790107071,0.48516939728463904,0.48465674270656767,0.7462500000000001,0.4904120689935969,0.0,0.3499432043209468,0.7248977216369079,False,nan,reject,1.0,BAOAB,0.0,0.0
ULD,"ULD gamma=1, canonical",b914b1c481c4dcc20022dd4a196ddcc1,c87203a12406cc5114b7ffa2d8877465,False,0,200,1.0,640000.0,200.0,200.0,0.0,0.701701957445373,0.4788214676910729,0.4783070748181246,0.7462500000000001,0.49438047970998455,0.0,0.3499432043209468,0.7248977216369079,False,nan,reject,1.0,BAOAB,0.0,0.0
ULD,"ULD gamma=1, canonical",b914b1c481c4dcc20022dd4a196ddcc1,c87203a12406cc5114b7ffa2d8877465,False,1,200,1.0,640000.0,200.0,200.0,0.0,0.7078611914130195,0.48670615139842044,0.48619229242749684,0.7425,0.4922432623584535,0.0,0.3451805012226348,0.7223977216369079,False,nan,reject,1.0,BAOAB,0.0,0.0
ULD,"ULD gamma=1, canonical",b914b1c481c4dcc20022dd4a196ddcc1,c87203a12406cc5114b7ffa2d8877465,False,2,200,1.0,640000.0,200.0,200.0,0.0,0.7055039504765639,0.4832130979855406,0.4826983194602358,0.74625,0.4807446198956721,0.0,0.3429385907919372,0.7211477216369078,False,nan,reject,1.0,BAOAB,0.0,0.0
ULD,"ULD gamma=1, canonical",b914b1c481c4dcc20022dd4a196ddcc1,c87203a12406cc5114b7ffa2d8877465,False,3,200,1.0,640000.0,200.0,200.0,0.0,0.707029931543941,0.4841682058906511,0.48365558110397644,0.7450000000000001,0.4883030532243,0.0,0.3499432043209468,0.7248977216369079,False,nan,reject,1.0,BAOAB,0.0,0.0
ULD,"ULD gamma=1, canonical",b914b1c481c4dcc20022dd4a196ddcc1,c87203a12406cc5114b7ffa2d8877465,False,0,208,1.04,665600.0,208.0,208.0,0.0,0.7010972343553388,0.47793409375066553,0.4774194223633975,0.74375,0.49256082650287314,0.0,0.3499432043209468,0.7248977216369079,False,nan,reject,1.0,BAOAB,0.0,0.0
ULD,"ULD gamma=1, canonical",b914b1c481c4dcc20022dd4a196ddcc1,c87203a12406cc5114b7ffa2d8877465,False,1,208,1.04,665600.0,208.0,208.0,0.0,0.7069189178520372,0.4854022451600247,0.48488820950419664,0.7425,0.48896497337454436,0.0,0.3451805012226348,0.7223977216369079,False,nan,reject,1.0,BAOAB,0.0,0.0
ULD,"ULD gamma=1, canonical",b914b1c481c4dcc20022dd4a196ddcc1,c87203a12406cc5114b7ffa2d8877465,False,2,208,1.04,665600.0,208.0,208.0,0.0,0.7045789673616216,0.48186939039586396,0.4813545246866159,0.7425,0.4776950126963436,0.0,0.3407733656590063,0.7198977216369078,False,nan,reject,1.0,BAOAB,0.0,0.0
ULD,"ULD gamma=1, canonical",b914b1c481c4dcc20022dd4a196ddcc1,c87203a12406cc5114b7ffa2d8877465,False,3,208,1.04,665600.0,208.0,208.0,0.0,0.7063542137674689,0.48322393915990647,0.48271125955437333,0.7425,0.4864118580517234,0.0,0.3499432043209468,0.7248977216369079,False,nan,reject,1.0,BAOAB,0.0,0.0
ULD,"ULD gamma=1, canonical",b914b1c481c4dcc20022dd4a196ddcc1,c87203a12406cc5114b7ffa2d8877465,False,0,217,1.085,694400.0,217.0,217.0,0.0,0.7005298917424311,0.4770757027529493,0.4765607012817962,0.7425,0.49029233728302324,0.0,0.34751035347823656,0.7236477216369078,False,nan,reject,1.0,BAOAB,0.0,0.0
ULD,"ULD gamma=1, canonical",b914b1c481c4dcc20022dd4a196ddcc1,c87203a12406cc5114b7ffa2d8877465,False,1,217,1.085,694400.0,217.0,217.0,0.0,0.7059076889265365,0.4839542667179456,0.4834400631182959,0.74375,0.48531582009816,0.0,0.3429385907919372,0.7211477216369078,False,nan,reject,1.0,BAOAB,0.0,0.0
ULD,"ULD gamma=1, canonical",b914b1c481c4dcc20022dd4a196ddcc1,c87203a12406cc5114b7ffa2d8877465,False,2,217,1.085,694400.0,217.0,217.0,0.0,0.7034763572877326,0.4803375122651905,0.4798223930182669,0.7412500000000001,0.47397878049507547,0.0,0.3407733656590063,0.7198977216369078,False,nan,reject,1.0,BAOAB,0.0,0.0
ULD,"ULD gamma=1, canonical",b914b1c481c4dcc20022dd4a196ddcc1,c87203a12406cc5114b7ffa2d8877465,False,3,217,1.085,694400.0,217.0,217.0,0.0,0.7054952202491955,0.4821687284828824,0.4816558891050273,0.7412500000000001,0.4847090023716748,0.0,0.3499432043209468,0.7248977216369079,False,nan,reject,1.0,BAOAB,0.0,0.0
ULD,"ULD gamma=1, canonical",b914b1c481c4dcc20022dd4a196ddcc1,c87203a12406cc5114b7ffa2d8877465,False,0,225,1.125,720000.0,225.0,225.0,0.0,0.7001999425948813,0.47651442146700984,0.475999190722162,0.7412500000000001,0.4879966538746675,0.0,0.34751035347823656,0.7236477216369078,False,nan,reject,1.0,BAOAB,0.0,0.0
ULD,"ULD gamma=1, canonical",b914b1c481c4dcc20022dd4a196ddcc1,c87203a12406cc5114b7ffa2d8877465,False,1,225,1.125,720000.0,225.0,225.0,0.0,0.7049419219651845,0.48263631917417993,0.4821219311291205,0.74375,0.4821318589881439,0.0,0.3429385907919372,0.7211477216369078,False,nan,reject,1.0,BAOAB,0.0,0.0
ULD,"ULD gamma=1, canonical",b914b1c481c4dcc20022dd4a196ddcc1,c87203a12406cc5114b7ffa2d8877465,False,2,225,1.125,720000.0,225.0,225.0,0.0,0.7025581001448244,0.4790878890316377,0.47857249309801186,0.7412500000000001,0.47103995649428065,0.0,0.3407733656590063,0.7198977216369078,False,nan,reject,1.0,BAOAB,0.0,0.0
ULD,"ULD gamma=1, canonical",b914b1c481c4dcc20022dd4a196ddcc1,c87203a12406cc5114b7ffa2d8877465,False,3,225,1.125,720000.0,225.0,225.0,0.0,0.7046295701266414,0.4812262358546556,0.480713096301418,0.73875,0.48325072740146635,0.0,0.34751035347823656,0.7236477216369078,False,nan,reject,1.0,BAOAB,0.0,0.0
ULD,"ULD gamma=1, canonical",b914b1c481c4dcc20022dd4a196ddcc1,c87203a12406cc5114b7ffa2d8877465,False,0,233,1.165,745600.0,233.0,233.0,0.0,0.6999882072197755,0.47611048706307046,0.47559499926762794,0.7400000000000001,0.485240966649203,0.0,0.3451805012226348,0.7223977216369079,False,nan,reject,1.0,BAOAB,0.0,0.0
ULD,"ULD gamma=1, canonical",b914b1c481c4dcc20022dd4a196ddcc1,c87203a12406cc5114b7ffa2d8877465,False,1,233,1.165,745600.0,233.0,233.0,0.0,0.7039771027296919,0.4813403561083758,0.48082577333180665,0.74375,0.47966389752073313,0.0,0.3429385907919372,0.7211477216369078,False,nan,reject,1.0,BAOAB,0.0,0.0
ULD,"ULD gamma=1, canonical",b914b1c481c4dcc20022dd4a196ddcc1,c87203a12406cc5114b7ffa2d8877465,False,2,233,1.165,745600.0,233.0,233.0,0.0,0.701567550932155,0.4778892726807611,0.47737350687051816,0.7400000000000001,0.46902439553626174,0.0,0.3407733656590063,0.7198977216369078,False,nan,reject,1.0,BAOAB,0.0,0.0
ULD,"ULD gamma=1, canonical",b914b1c481c4dcc20022dd4a196ddcc1,c87203a12406cc5114b7ffa2d8877465,False,3,233,1.165,745600.0,233.0,233.0,0.0,0.7037416135063526,0.48030502967726474,0.4797914951594169,0.73875,0.48164782235741965,0.0,0.34751035347823656,0.7236477216369078,False,nan,reject,1.0,BAOAB,0.0,0.0
ULD,"ULD gamma=1, canonical",b914b1c481c4dcc20022dd4a196ddcc1,c87203a12406cc5114b7ffa2d8877465,False,0,242,1.21,774400.0,242.0,242.0,0.0,0.6997937408691969,0.4757787825846034,0.47526291571248713,0.7400000000000001,0.4819021626584902,0.0,0.3407733656590063,0.7198977216369078,False,nan,reject,1.0,BAOAB,0.0,0.0
ULD,"ULD gamma=1, canonical",b914b1c481c4dcc20022dd4a196ddcc1,c87203a12406cc5114b7ffa2d8877465,False,1,242,1.21,774400.0,242.0,242.0,0.0,0.703010393872384,0.48002347683568014,0.47950869925385897,0.74375,0.47746731543509124,0.0,0.3429385907919372,0.7211477216369078,False,nan,reject,1.0,BAOAB,0.0,0.0
ULD,"ULD gamma=1, canonical",b914b1c481c4dcc20022dd4a196ddcc1,c87203a12406cc5114b7ffa2d8877465,False,2,242,1.21,774400.0,242.0,242.0,0.0,0.7004620759240306,0.47662111543056707,0.4761048615058996,0.73875,0.46822023790790157,0.0,0.3407733656590063,0.7198977216369078,False,nan,reject,1.0,BAOAB,0.0,0.0
ULD,"ULD gamma=1, canonical",b914b1c481c4dcc20022dd4a196ddcc1,c87203a12406cc5114b7ffa2d8877465,False,3,242,1.21,774400.0,242.0,242.0,0.0,0.7026406586416923,0.4791592557926061,0.478645213793106,0.7400000000000001,0.4799194072572973,0.0,0.34751035347823656,0.7236477216369078,False,nan,reject,1.0,BAOAB,0.0,0.0
ULD,"ULD gamma=1, canonical",b914b1c481c4dcc20022dd4a196ddcc1,c87203a12406cc5114b7ffa2d8877465,False,0,250,1.25,800000.0,250.0,250.0,0.0,0.6996977974485274,0.4756350980382613,0.4751188480813201,0.7412500000000001,0.4789505896278694,0.0,0.3407733656590063,0.7198977216369078,False,nan,reject,1.0,BAOAB,0.0,0.0
ULD,"ULD gamma=1, canonical",b914b1c481c4dcc20022dd4a196ddcc1,c87203a12406cc5114b7ffa2d8877465,False,1,250,1.25,800000.0,250.0,250.0,0.0,0.702278976576976,0.4789413278613769,0.47842634574609444,0.7425,0.4754570101043001,0.0,0.3429385907919372,0.7211477216369078,False,nan,reject,1.0,BAOAB,0.0,0.0
ULD,"ULD gamma=1, canonical",b914b1c481c4dcc20022dd4a196ddcc1,c87203a12406cc5114b7ffa2d8877465,False,2,250,1.25,800000.0,250.0,250.0,0.0,0.699463845029922,0.47543978954936994,0.4749230628426847,0.7375,0.46804840369109646,0.0,0.3407733656590063,0.7198977216369078,False,nan,reject,1.0,BAOAB,0.0,0.0
ULD,"ULD gamma=1, canonical",b914b1c481c4dcc20022dd4a196ddcc1,c87203a12406cc5114b7ffa2d8877465,False,3,250,1.25,800000.0,250.0,250.0,0.0,0.7016217852782913,0.478052569095086,0.4775379961398306,0.7375,0.4784581881912472,0.0,0.3451805012226348,0.7223977216369079,False,nan,reject,1.0,BAOAB,0.0,0.0
ULD,"ULD gamma=1, canonical",b914b1c481c4dcc20022dd4a196ddcc1,c87203a12406cc5114b7ffa2d8877465,False,0,258,1.29,825600.0,258.0,258.0,0.0,0.6996632494450025,0.47558174151242927,0.4750651459523513,0.7412500000000001,0.4761406798890142,0.0,0.3407733656590063,0.7198977216369078,False,nan,reject,1.0,BAOAB,0.0,0.0
ULD,"ULD gamma=1, canonical",b914b1c481c4dcc20022dd4a196ddcc1,c87203a12406cc5114b7ffa2d8877465,False,1,258,1.29,825600.0,258.0,258.0,0.0,0.7016258007183995,0.47794660548280476,0.4774313828498593,0.7400000000000001,0.4733491856858689,0.0,0.3429385907919372,0.7211477216369078,False,nan,reject,1.0,BAOAB,0.0,0.0
ULD,"ULD gamma=1, canonical",b914b1c481c4dcc20022dd4a196ddcc1,c87203a12406cc5114b7ffa2d8877465,False,2,258,1.29,825600.0,258.0,258.0,0.0,0.6985901412605343,0.47431861481880444,0.47380137111666654,0.7362500000000001,0.4676231132994294,0.0,0.3407733656590063,0.7198977216369078,False,nan,reject,1.0,BAOAB,0.0,0.0
ULD,"ULD gamma=1, canonical",b914b1c481c4dcc20022dd4a196ddcc1,c87203a12406cc5114b7ffa2d8877465,False,3,258,1.29,825600.0,258.0,258.0,0.0,0.700630929770633,0.476907446605226,0.4763923141177203,0.7362500000000001,0.47684706098457885,0.0,0.3429385907919372,0.7211477216369078,False,nan,reject,1.0,BAOAB,0.0,0.0
ULD,"ULD gamma=1, canonical",b914b1c481c4dcc20022dd4a196ddcc1,c87203a12406cc5114b7ffa2d8877465,False,0,267,1.335,854400.0,267.0,267.0,0.0,0.6997747205360291,0.4757079588717944,0.4751909134164143,0.7412500000000001,0.47305608832799073,0.0,0.3407733656590063,0.7198977216369078,False,nan,reject,1.0,BAOAB,0.0,0.0
ULD,"ULD gamma=1, canonical",b914b1c481c4dcc20022dd4a196ddcc1,c87203a12406cc5114b7ffa2d8877465,False,1,267,1.335,854400.0,267.0,267.0,0.0,0.7008453229624216,0.4768591675779569,0.4763435965557695,0.7400000000000001,0.471157280085692,0.0,0.3429385907919372,0.7211477216369078,False,nan,reject,1.0,BAOAB,0.0,0.0
ULD,"ULD gamma=1, canonical",b914b1c481c4dcc20022dd4a196ddcc1,c87203a12406cc5114b7ffa2d8877465,False,2,267,1.335,854400.0,267.0,267.0,0.0,0.6977506704148992,0.4731449841166745,0.472627169661778,0.7362500000000001,0.4664122154026793,0.0,0.3407733656590063,0.7198977216369078,False,nan,reject,1.0,BAOAB,0.0,0.0
ULD,"ULD gamma=1, canonical",b914b1c481c4dcc20022dd4a196ddcc1,c87203a12406cc5114b7ffa2d8877465,False,3,267,1.335,854400.0,267.0,267.0,0.0,0.6994688268241526,0.47552479752789034,0.4750089789438233,0.7375,0.47560159702119364,0.0,0.3429385907919372,0.7211477216369078,False,nan,reject,1.0,BAOAB,0.0,0.0
ULD,"ULD gamma=1, canonical",b914b1c481c4dcc20022dd4a196ddcc1,c87203a12406cc5114b7ffa2d8877465,False,0,275,1.375,880000.0,275.0,275.0,0.0,0.6999717785531492,0.4758758499360978,0.4753583948093486,0.7412500000000001,0.47074601449265596,0.0,0.3407733656590063,0.7198977216369078,False,nan,reject,1.0,BAOAB,0.0,0.0
ULD,"ULD gamma=1, canonical",b914b1c481c4dcc20022dd4a196ddcc1,c87203a12406cc5114b7ffa2d8877465,False,1,275,1.375,880000.0,275.0,275.0,0.0,0.7001815288997741,0.47599984058307043,0.4754838336396813,0.7400000000000001,0.4693339868716775,0.0,0.3429385907919372,0.7211477216369078,False,nan,reject,1.0,BAOAB,0.0,0.0
ULD,"ULD gamma=1, canonical",b914b1c481c4dcc20022dd4a196ddcc1,c87203a12406cc5114b7ffa2d8877465,False,2,275,1.375,880000.0,275.0,275.0,0.0,0.6970447043348931,0.4721634498334881,0.4716450935966622,0.7350000000000001,0.46513351147281656,0.0,0.3386760897601658,0.7186477216369078,False,nan,reject,1.0,BAOAB,0.0,0.0
ULD,"ULD gamma=1, canonical",b914b1c481c4dcc20022dd4a196ddcc1,c87203a12406cc5114b7ffa2d8877465,False,3,275,1.375,880000.0,275.0,275.0,0.0,0.6985347785903212,0.47437478956649004,0.4738583256295469,0.7362500000000001,0.47444297333675833,0.0,0.3429385907919372,0.7211477216369078,False,nan,reject,1.0,BAOAB,0.0,0.0
ULD,"ULD gamma=1, canonical",b914b1c481c4dcc20022dd4a196ddcc1,c87203a12406cc5114b7ffa2d8877465,False,0,283,1.415,905600.0,283.0,283.0,0.0,0.7000236940707534,0.4759185447086447,0.47540058440341004,0.73875,0.46900485918548174,0.0,0.3407733656590063,0.7198977216369078,False,nan,reject,1.0,BAOAB,0.0,0.0
ULD,"ULD gamma=1, canonical",b914b1c481c4dcc20022dd4a196ddcc1,c87203a12406cc5114b7ffa2d8877465,False,1,283,1.415,905600.0,283.0,283.0,0.0,0.6996357890522023,0.47529540533677617,0.4747789108690319,0.7400000000000001,0.46743327195255246,0.0,0.3429385907919372,0.7211477216369078,False,nan,reject,1.0,BAOAB,0.0,0.0
ULD,"ULD gamma=1, canonical",b914b1c481c4dcc20022dd4a196ddcc1,c87203a12406cc5114b7ffa2d8877465,False,2,283,1.415,905600.0,283.0,283.0,0.0,0.6963111021687103,0.4711951607963455,0.47067618577839243,0.7350000000000001,0.4636917145768622,0.0,0.3386760897601658,0.7186477216369078,False,nan,reject,1.0,BAOAB,0.0,0.0
ULD,"ULD gamma=1, canonical",b914b1c481c4dcc20022dd4a196ddcc1,c87203a12406cc5114b7ffa2d8877465,False,3,283,1.415,905600.0,283.0,283.0,0.0,0.6976898675046561,0.47331708970448727,0.47279996810168534,0.73375,0.47264928665662,0.0,0.3407733656590063,0.7198977216369078,False,nan,reject,1.0,BAOAB,0.0,0.0
ULD,"ULD gamma=1, canonical",b914b1c481c4dcc20022dd4a196ddcc1,c87203a12406cc5114b7ffa2d8877465,False,0,292,1.46,934400.0,292.0,292.0,0.0,0.7000074657655388,0.4759707223489915,0.4754521941177904,0.73875,0.4681910800838943,0.0,0.3407733656590063,0.7198977216369078,False,nan,reject,1.0,BAOAB,0.0,0.0
ULD,"ULD gamma=1, canonical",b914b1c481c4dcc20022dd4a196ddcc1,c87203a12406cc5114b7ffa2d8877465,False,1,292,1.46,934400.0,292.0,292.0,0.0,0.699146971707183,0.474713785428143,0.47419666343509037,0.73875,0.46535064496283696,0.0,0.3429385907919372,0.7211477216369078,False,nan,reject,1.0,BAOAB,0.0,0.0
ULD,"ULD gamma=1, canonical",b914b1c481c4dcc20022dd4a196ddcc1,c87203a12406cc5114b7ffa2d8877465,False,2,292,1.46,934400.0,292.0,292.0,0.0,0.6954513413727164,0.47019881855274415,0.4696791168963538,0.7325,0.4616497571988847,0.0,0.3386760897601658,0.7186477216369078,False,nan,reject,1.0,BAOAB,0.0,0.0
ULD,"ULD gamma=1, canonical",b914b1c481c4dcc20022dd4a196ddcc1,c87203a12406cc5114b7ffa2d8877465,False,3,292,1.46,934400.0,292.0,292.0,0.0,0.6970205930526789,0.47237948628473514,0.47186166877199687,0.7350000000000001,0.47068266131114744,0.0,0.3407733656590063,0.7198977216369078,False,nan,reject,1.0,BAOAB,0.0,0.0
ULD,"ULD gamma=1, canonical",b914b1c481c4dcc20022dd4a196ddcc1,c87203a12406cc5114b7ffa2d8877465,False,0,300,1.5,960000.0,300.0,300.0,0.0,0.6999455353124079,0.4760055609335493,0.4754864975466333,0.7400000000000001,0.467151593321562,0.0,0.3407733656590063,0.7198977216369078,False,nan,reject,1.0,BAOAB,0.0,0.0
ULD,"ULD gamma=1, canonical",b914b1c481c4dcc20022dd4a196ddcc1,c87203a12406cc5114b7ffa2d8877465,False,1,300,1.5,960000.0,300.0,300.0,0.0,0.6987428079500914,0.4742510595146052,0.4737332875374809,0.7350000000000001,0.4635087561613854,0.0,0.3451805012226348,0.7223977216369079,False,nan,reject,1.0,BAOAB,0.0,0.0
ULD,"ULD gamma=1, canonical",b914b1c481c4dcc20022dd4a196ddcc1,c87203a12406cc5114b7ffa2d8877465,False,2,300,1.5,960000.0,300.0,300.0,0.0,0.6946905826368925,0.4693503316331388,0.4688299781922336,0.7325,0.4594002494766858,0.0,0.3366397852320472,0.7173977216369078,False,nan,reject,1.0,BAOAB,0.0,0.0
ULD,"ULD gamma=1, canonical",b914b1c481c4dcc20022dd4a196ddcc1,c87203a12406cc5114b7ffa2d8877465,False,3,300,1.5,960000.0,300.0,300.0,0.0,0.6965436694470497,0.4716311236612011,0.47111271368038043,0.7350000000000001,0.468446950860659,0.0,0.3407733656590063,0.7198977216369078,False,nan,reject,1.0,BAOAB,0.0,0.0
ULD,"ULD gamma=1, canonical",b914b1c481c4dcc20022dd4a196ddcc1,c87203a12406cc5114b7ffa2d8877465,False,0,308,1.54,985600.0,308.0,308.0,0.0,0.6997810340938377,0.4759682957195087,0.4754486705261284,0.7400000000000001,0.4654562133034994,0.0,0.3386760897601658,0.7186477216369078,False,nan,reject,1.0,BAOAB,0.0,0.0
ULD,"ULD gamma=1, canonical",b914b1c481c4dcc20022dd4a196ddcc1,c87203a12406cc5114b7ffa2d8877465,False,1,308,1.54,985600.0,308.0,308.0,0.0,0.6982940631422223,0.4737920529611195,0.47327355347192424,0.73375,0.46176899194463406,0.0,0.3451805012226348,0.7223977216369079,False,nan,reject,1.0,BAOAB,0.0,0.0
ULD,"ULD gamma=1, canonical",b914b1c481c4dcc20022dd4a196ddcc1,c87203a12406cc5114b7ffa2d8877465,False,2,308,1.54,985600.0,308.0,308.0,0.0,0.693989389085658,0.4685185221437683,0.4679975246035327,0.7325,0.457001947150964,0.0,0.3346587497596659,0.7161477216369079,False,nan,reject,1.0,BAOAB,0.0,0.0
ULD,"ULD gamma=1, canonical",b914b1c481c4dcc20022dd4a196ddcc1,c87203a12406cc5114b7ffa2d8877465,False,3,308,1.54,985600.0,308.0,308.0,0.0,0.696180108013517,0.4710402400124726,0.4705212411526931,0.73375,0.46611031439888695,0.0,0.3407733656590063,0.7198977216369078,False,nan,reject,1.0,BAOAB,0.0,0.0
ULD,"ULD gamma=1, canonical",b914b1c481c4dcc20022dd4a196ddcc1,c87203a12406cc5114b7ffa2d8877465,False,0,317,1.585,1014400.0,317.0,317.0,0.0,0.6994712868201172,0.475760888228142,0.47524060306030824,0.73875,0.4626791994296803,0.0,0.3386760897601658,0.7186477216369078,False,nan,reject,1.0,BAOAB,0.0,0.0
ULD,"ULD gamma=1, canonical",b914b1c481c4dcc20022dd4a196ddcc1,c87203a12406cc5114b7ffa2d8877465,False,1,317,1.585,1014400.0,317.0,317.0,0.0,0.6978819076624243,0.4734372272084376,0.47291784116430935,0.7325,0.45989190687606973,0.0,0.3429385907919372,0.7211477216369078,False,nan,reject,1.0,BAOAB,0.0,0.0
ULD,"ULD gamma=1, canonical",b914b1c481c4dcc20022dd4a196ddcc1,c87203a12406cc5114b7ffa2d8877465,False,2,317,1.585,1014400.0,317.0,317.0,0.0,0.6933913956071205,0.46775783802590654,0.46723611420515165,0.7325,0.45415618046664885,0.0,0.3346587497596659,0.7161477216369079,False,nan,reject,1.0,BAOAB,0.0,0.0
ULD,"ULD gamma=1, canonical",b914b1c481c4dcc20022dd4a196ddcc1,c87203a12406cc5114b7ffa2d8877465,False,3,317,1.585,1014400.0,317.0,317.0,0.0,0.6957595609152084,0.4704903559372289,0.46997064541612055,0.7350000000000001,0.4634210538026282,0.0,0.3386760897601658,0.7186477216369078,False,nan,reject,1.0,BAOAB,0.0,0.0
ULD,"ULD gamma=1, canonical",b914b1c481c4dcc20022dd4a196ddcc1,c87203a12406cc5114b7ffa2d8877465,False,0,325,1.625,1040000.0,325.0,325.0,0.0,0.6991870342886541,0.4754800605290641,0.474959235308685,0.73875,0.4598139266241107,0.0,0.3386760897601658,0.7186477216369078,False,nan,reject,1.0,BAOAB,0.0,0.0
ULD,"ULD gamma=1, canonical",b914b1c481c4dcc20022dd4a196ddcc1,c87203a12406cc5114b7ffa2d8877465,False,1,325,1.625,1040000.0,325.0,325.0,0.0,0.6975963114998444,0.47323392464892033,0.47271369997444845,0.73375,0.4583031889754655,0.0,0.3407733656590063,0.7198977216369078,False,nan,reject,1.0,BAOAB,0.0,0.0
ULD,"ULD gamma=1, canonical",b914b1c481c4dcc20022dd4a196ddcc1,c87203a12406cc5114b7ffa2d8877465,False,2,325,1.625,1040000.0,325.0,325.0,0.0,0.6928848618285972,0.4671757081044253,0.46665327664632683,0.7325,0.4515659824195558,0.0,0.33272823596095336,0.7148977216369079,False,nan,reject,1.0,BAOAB,0.0,0.0
ULD,"ULD gamma=1, canonical",b914b1c481c4dcc20022dd4a196ddcc1,c87203a12406cc5114b7ffa2d8877465,False,3,325,1.625,1040000.0,325.0,325.0,0.0,0.6953480191048101,0.47007134264939443,0.46955099417252144,0.7350000000000001,0.4605519450873793,0.0,0.3386760897601658,0.7186477216369078,False,nan,reject,1.0,BAOAB,0.0,0.0
ULD,"ULD gamma=1, canonical",b914b1c481c4dcc20022dd4a196ddcc1,c87203a12406cc5114b7ffa2d8877465,False,0,333,1.665,1065600.0,333.0,333.0,0.0,0.6990020407854394,0.475186437681845,0.47466506984147194,0.7375,0.45661842597828495,0.0,0.3366397852320472,0.7173977216369078,False,nan,reject,1.0,BAOAB,0.0,0.0
ULD,"ULD gamma=1, canonical",b914b1c481c4dcc20022dd4a196ddcc1,c87203a12406cc5114b7ffa2d8877465,False,1,333,1.665,1065600.0,333.0,333.0,0.0,0.6973670520801608,0.4731044780778798,0.47258343486749343,0.7350000000000001,0.4571532613474253,0.0,0.3386760897601658,0.7186477216369078,False,nan,reject,1.0,BAOAB,0.0,0.0
ULD,"ULD gamma=1, canonical",b914b1c481c4dcc20022dd4a196ddcc1,c87203a12406cc5114b7ffa2d8877465,False,2,333,1.665,1065600.0,333.0,333.0,0.0,0.6923113388363543,0.4665843002071872,0.46606104387582226,0.7312500000000001,0.448965655923077,0.0,0.33272823596095336,0.7148977216369079,False,nan,reject,1.0,BAOAB,0.0,0.0
ULD,"ULD gamma=1, canonical",b914b1c481c4dcc20022dd4a196ddcc1,c87203a12406cc5114b7ffa2d8877465,False,3,333,1.665,1065600.0,333.0,333.0,0.0,0.694922991864553,0.46967608388699844,0.46915508535414363,0.7350000000000001,0.4572380491742678,0.0,0.3366397852320472,0.7173977216369078,False,nan,reject,1.0,BAOAB,0.0,0.0
ULD,"ULD gamma=1, canonical",b914b1c481c4dcc20022dd4a196ddcc1,c87203a12406cc5114b7ffa2d8877465,False,0,342,1.71,1094400.0,342.0,342.0,0.0,0.6988814603902075,0.474882212855392,0.4743602904232339,0.7362500000000001,0.45270765252450706,0.0,0.33272823596095336,0.7148977216369079,False,nan,reject,1.0,BAOAB,0.0,0.0
ULD,"ULD gamma=1, canonical",b914b1c481c4dcc20022dd4a196ddcc1,c87203a12406cc5114b7ffa2d8877465,False,1,342,1.71,1094400.0,342.0,342.0,0.0,0.6971401356496119,0.47299881717247627,0.47247680961130145,0.7325,0.4559430010294082,0.0,0.3386760897601658,0.7186477216369078,False,nan,reject,1.0,BAOAB,0.0,0.0
ULD,"ULD gamma=1, canonical",b914b1c481c4dcc20022dd4a196ddcc1,c87203a12406cc5114b7ffa2d8877465,False,2,342,1.71,1094400.0,342.0,342.0,0.0,0.6917841150647908,0.46607565020447983,0.4655515224269341,0.7300000000000001,0.44667876124129613,0.0,0.330844230012035,0.7136477216369078,False,nan,reject,1.0,BAOAB,0.0,0.0
ULD,"ULD gamma=1, canonical",b914b1c481c4dcc20022dd4a196ddcc1,c87203a12406cc5114b7ffa2d8877465,False,3,342,1.71,1094400.0,342.0,342.0,0.0,0.694530621179039,0.4693643123177429,0.4688426198893355,0.7350000000000001,0.453562269488183,0.0,0.3346587497596659,0.7161477216369079,False,nan,reject,1.0,BAOAB,0.0,0.0
ULD,"ULD gamma=1, canonical",b914b1c481c4dcc20022dd4a196ddcc1,c87203a12406cc5114b7ffa2d8877465,False,0,350,1.75,1120000.0,350.0,350.0,0.0,0.6988030458043881,0.4746405102718013,0.4741180946186927,0.7362500000000001,0.4494247967501317,0.0,0.3346587497596659,0.7161477216369079,False,nan,reject,1.0,BAOAB,0.0,0.0
ULD,"ULD gamma=1, canonical",b914b1c481c4dcc20022dd4a196ddcc1,c87203a12406cc5114b7ffa2d8877465,False,1,350,1.75,1120000.0,350.0,350.0,0.0,0.6969845048577499,0.4729051829169051,0.4723823563128726,0.7312500000000001,0.4545164913459001,0.0,0.3386760897601658,0.7186477216369078,False,nan,reject,1.0,BAOAB,0.0,0.0
ULD,"ULD gamma=1, canonical",b914b1c481c4dcc20022dd4a196ddcc1,c87203a12406cc5114b7ffa2d8877465,False,2,350,1.75,1120000.0,350.0,350.0,0.0,0.6913742195015901,0.465727584318253,0.4652026322927446,0.7300000000000001,0.4448422377794119,0.0,0.32720244959821626,0.7111477216369078,False,nan,reject,1.0,BAOAB,0.0,0.0
ULD,"ULD gamma=1, canonical",b914b1c481c4dcc20022dd4a196ddcc1,c87203a12406cc5114b7ffa2d8877465,False,3,350,1.75,1120000.0,350.0,350.0,0.0,0.6943206587705665,0.4692071526541486,0.46868494821597595,0.7350000000000001,0.4504715374874071,0.0,0.3346587497596659,0.7161477216369079,False,nan,reject,1.0,BAOAB,0.0,0.0
ULD,"ULD gamma=1, canonical",b914b1c481c4dcc20022dd4a196ddcc1,c87203a12406cc5114b7ffa2d8877465,False,0,358,1.79,1145600.0,358.0,358.0,0.0,0.6986665172282692,0.4743377921144658,0.47381482969066224,0.7350000000000001,0.44631717778844837,0.0,0.33272823596095336,0.7148977216369079,False,nan,reject,1.0,BAOAB,0.0,0.0
ULD,"ULD gamma=1, canonical",b914b1c481c4dcc20022dd4a196ddcc1,c87203a12406cc5114b7ffa2d8877465,False,1,358,1.79,1145600.0,358.0,358.0,0.0,0.6967809816513053,0.4726673238531781,0.4721437784407586,0.7312500000000001,0.45280499173726085,0.0,0.3366397852320472,0.7173977216369078,False,nan,reject,1.0,BAOAB,0.0,0.0
ULD,"ULD gamma=1, canonical",b914b1c481c4dcc20022dd4a196ddcc1,c87203a12406cc5114b7ffa2d8877465,False,2,358,1.79,1145600.0,358.0,358.0,0.0,0.690994352017676,0.4653900722020208,0.4648642945095326,0.7300000000000001,0.44335284029136013,0.0,0.32720244959821626,0.7111477216369078,False,nan,reject,1.0,BAOAB,0.0,0.0
ULD,"ULD gamma=1, canonical",b914b1c481c4dcc20022dd4a196ddcc1,c87203a12406cc5114b7ffa2d8877465,False,3,358,1.79,1145600.0,358.0,358.0,0.0,0.6942325927981845,0.4691904267176201,0.46866776941808497,0.7362500000000001,0.44756534545534365,0.0,0.3346587497596659,0.7161477216369079,False,nan,reject,1.0,BAOAB,0.0,0.0
ULD,"ULD gamma=1, canonical",b914b1c481c4dcc20022dd4a196ddcc1,c87203a12406cc5114b7ffa2d8877465,False,0,367,1.835,1174400.0,367.0,367.0,0.0,0.6984283669266758,0.4739732617704321,0.47344969340773846,0.73375,0.44331882098910247,0.0,0.330844230012035,0.7136477216369078,False,nan,reject,1.0,BAOAB,0.0,0.0
ULD,"ULD gamma=1, canonical",b914b1c481c4dcc20022dd4a196ddcc1,c87203a12406cc5114b7ffa2d8877465,False,1,367,1.835,1174400.0,367.0,367.0,0.0,0.6965839062622505,0.4724490546210951,0.4719248140598664,0.7312500000000001,0.4508104071412986,0.0,0.3346587497596659,0.7161477216369079,False,nan,reject,1.0,BAOAB,0.0,0.0
ULD,"ULD gamma=1, canonical",b914b1c481c4dcc20022dd4a196ddcc1,c87203a12406cc5114b7ffa2d8877465,False,2,367,1.835,1174400.0,367.0,367.0,0.0,0.6907719777241188,0.46527878036592785,0.4647521111442995,0.7312500000000001,0.4415770968015976,0.0,0.3254390930902886,0.7098977216369078,False,nan,reject,1.0,BAOAB,0.0,0.0
ULD,"ULD gamma=1, canonical",b914b1c481c4dcc20022dd4a196ddcc1,c87203a12406cc5114b7ffa2d8877465,False,3,367,1.835,1174400.0,367.0,367.0,0.0,0.6943596653479525,0.46936324262146156,0.4688401368092515,0.7350000000000001,0.4452422040079492,0.0,0.330844230012035,0.7136477216369078,False,nan,reject,1.0,BAOAB,0.0,0.0
ULD,"ULD gamma=1, canonical",b914b1c481c4dcc20022dd4a196ddcc1,c87203a12406cc5114b7ffa2d8877465,False,0,375,1.875,1200000.0,375.0,375.0,0.0,0.6983146565176261,0.4737844232220737,0.47326032998955747,0.7312500000000001,0.44126399679240214,0.0,0.330844230012035,0.7136477216369078,False,nan,reject,1.0,BAOAB,0.0,0.0
ULD,"ULD gamma=1, canonical",b914b1c481c4dcc20022dd4a196ddcc1,c87203a12406cc5114b7ffa2d8877465,False,1,375,1.875,1200000.0,375.0,375.0,0.0,0.69638553689689,0.47227827246396803,0.4717534772922105,0.7300000000000001,0.4491054233483054,0.0,0.33272823596095336,0.7148977216369079,False,nan,reject,1.0,BAOAB,0.0,0.0
ULD,"ULD gamma=1, canonical",b914b1c481c4dcc20022dd4a196ddcc1,c87203a12406cc5114b7ffa2d8877465,False,2,375,1.875,1200000.0,375.0,375.0,0.0,0.6907028259708158,0.4653414787128278,0.46481405114669294,0.7312500000000001,0.440103447521599,0.0,0.3254390930902886,0.7098977216369078,False,nan,reject,1.0,BAOAB,0.0,0.0
ULD,"ULD gamma=1, canonical",b914b1c481c4dcc20022dd4a196ddcc1,c87203a12406cc5114b7ffa2d8877465,False,3,375,1.875,1200000.0,375.0,375.0,0.0,0.6947214162486217,0.4697701430040876,0.46924672974835224,0.7350000000000001,0.44428641477526354,0.0,0.33272823596095336,0.7148977216369079,False,nan,reject,1.0,BAOAB,0.0,0.0
ULD,"ULD gamma=1, canonical",b914b1c481c4dcc20022dd4a196ddcc1,c87203a12406cc5114b7ffa2d8877465,False,0,383,1.915,1225600.0,383.0,383.0,0.0,0.6982623602506498,0.47369135376780436,0.47316673159358513,0.7300000000000001,0.4398174390829608,0.0,0.3254390930902886,0.7098977216369078,False,nan,reject,1.0,BAOAB,0.0,0.0
ULD,"ULD gamma=1, canonical",b914b1c481c4dcc20022dd4a196ddcc1,c87203a12406cc5114b7ffa2d8877465,False,1,383,1.915,1225600.0,383.0,383.0,0.0,0.696270989509195,0.47213330186792357,0.4716080311515507,0.72875,0.44736680785361393,0.0,0.3290032938430366,0.7123977216369078,False,nan,reject,1.0,BAOAB,0.0,0.0
ULD,"ULD gamma=1, canonical",b914b1c481c4dcc20022dd4a196ddcc1,c87203a12406cc5114b7ffa2d8877465,False,2,383,1.915,1225600.0,383.0,383.0,0.0,0.6907802032293009,0.4655015404081433,0.4649734235915698,0.7300000000000001,0.43855755891750603,0.0,0.3254390930902886,0.7098977216369078,False,nan,reject,1.0,BAOAB,0.0,0.0
ULD,"ULD gamma=1, canonical",b914b1c481c4dcc20022dd4a196ddcc1,c87203a12406cc5114b7ffa2d8877465,False,3,383,1.915,1225600.0,383.0,383.0,0.0,0.6951525769737085,0.47025688974294055,0.46973323814760604,0.73375,0.44385184438259984,0.0,0.330844230012035,0.7136477216369078,False,nan,reject,1.0,BAOAB,0.0,0.0
ULD,"ULD gamma=1, canonical",b914b1c481c4dcc20022dd4a196ddcc1,c87203a12406cc5114b7ffa2d8877465,False,0,392,1.96,1254400.0,392.0,392.0,0.0,0.6982030309155098,0.47361646359955134,0.47309121127108045,0.72875,0.4386994736746396,0.0,0.3254390930902886,0.7098977216369078,False,nan,reject,1.0,BAOAB,0.0,0.0
ULD,"ULD gamma=1, canonical",b914b1c481c4dcc20022dd4a196ddcc1,c87203a12406cc5114b7ffa2d8877465,False,1,392,1.96,1254400.0,392.0,392.0,0.0,0.6962466805055809,0.4719808077837322,0.4714551281740087,0.72875,0.4452523157523335,0.0,0.3290032938430366,0.7123977216369078,False,nan,reject,1.0,BAOAB,0.0,0.0
ULD,"ULD gamma=1, canonical",b914b1c481c4dcc20022dd4a196ddcc1,c87203a12406cc5114b7ffa2d8877465,False,2,392,1.96,1254400.0,392.0,392.0,0.0,0.6909210273307664,0.46566748667944924,0.4651386433330278,0.72875,0.43692857883635317,0.0,0.3254390930902886,0.7098977216369078,False,nan,reject,1.0,BAOAB,0.0,0.0
ULD,"ULD gamma=1, canonical",b914b1c481c4dcc20022dd4a196ddcc1,c87203a12406cc5114b7ffa2d8877465,False,3,392,1.96,1254400.0,392.0,392.0,0.0,0.6956533896465548,0.47081057826847383,0.4702866713030939,0.7350000000000001,0.4436523788712715,0.0,0.3290032938430366,0.7123977216369078,False,nan,reject,1.0,BAOAB,0.0,0.0
ULD,"ULD gamma=1, canonical",b914b1c481c4dcc20022dd4a196ddcc1,c87203a12406cc5114b7ffa2d8877465,False,0,400,2.0,1280000.0,400.0,400.0,0.0,0.6981273826159938,0.47353765647402324,0.47301191305838675,0.7300000000000001,0.43783851056055556,0.0,0.3254390930902886,0.7098977216369078,False,nan,reject,1.0,BAOAB,0.0,0.0
ULD,"ULD gamma=1, canonical",b914b1c481c4dcc20022dd4a196ddcc1,c87203a12406cc5114b7ffa2d8877465,False,1,400,2.0,1280000.0,400.0,400.0,0.0,0.6962707581483629,0.47191333950539893,0.4713873356934025,0.72875,0.44378510741844845,0.0,0.3290032938430366,0.7123977216369078,False,nan,reject,1.0,BAOAB,0.0,0.0
ULD,"ULD gamma=1, canonical",b914b1c481c4dcc20022dd4a196ddcc1,c87203a12406cc5114b7ffa2d8877465,False,2,400,2.0,1280000.0,400.0,400.0,0.0,0.6912021279277839,0.4659366904046953,0.46540732197768864,0.7275,0.435738348137229,0.0,0.3254390930902886,0.7098977216369078,False,nan,reject,1.0,BAOAB,0.0,0.0
ULD,"ULD gamma=1, canonical",b914b1c481c4dcc20022dd4a196ddcc1,c87203a12406cc5114b7ffa2d8877465,False,3,400,2.0,1280000.0,400.0,400.0,0.0,0.69608194070403,0.4712505812991956,0.47072637356346847,0.7325,0.44354040381810644,0.0,0.3290032938430366,0.7123977216369078,False,nan,reject,1.0,BAOAB,0.0,0.0
ULD,"ULD gamma=1, canonical",b914b1c481c4dcc20022dd4a196ddcc1,c87203a12406cc5114b7ffa2d8877465,False,0,408,2.04,1305600.0,408.0,408.0,0.0,0.6980679320926882,0.4734953756481408,0.47296915904991144,0.72875,0.4369422942853819,0.0,0.32720244959821626,0.7111477216369078,False,nan,reject,1.0,BAOAB,0.0,0.0
ULD,"ULD gamma=1, canonical",b914b1c481c4dcc20022dd4a196ddcc1,c87203a12406cc5114b7ffa2d8877465,False,1,408,2.04,1305600.0,408.0,408.0,0.0,0.6963819647101666,0.4718963514542911,0.47137012483631713,0.72875,0.4425079543186353,0.0,0.3290032938430366,0.7123977216369078,False,nan,reject,1.0,BAOAB,0.0,0.0
ULD,"ULD gamma=1, canonical",b914b1c481c4dcc20022dd4a196ddcc1,c87203a12406cc5114b7ffa2d8877465,False,2,408,2.04,1305600.0,408.0,408.0,0.0,0.6915429217748366,0.46627086116833527,0.4657410053840416,0.7262500000000001,0.4348712202164591,0.0,0.32371092768595733,0.7086477216369078,False,nan,reject,1.0,BAOAB,0.0,0.0
ULD,"ULD gamma=1, canonical",b914b1c481c4dcc20022dd4a196ddcc1,c87203a12406cc5114b7ffa2d8877465,False,3,408,2.04,1305600.0,408.0,408.0,0.0,0.696530808768105,0.4716562708820976,0.47113179305887687,0.73375,0.44298568062289856,0.0,0.3290032938430366,0.7123977216369078,False,nan,reject,1.0,BAOAB,0.0,0.0
ULD,"ULD gamma=1, canonical",b914b1c481c4dcc20022dd4a196ddcc1,c87203a12406cc5114b7ffa2d8877465,False,0,417,2.085,1334400.0,417.0,417.0,0.0,0.6980116897986117,0.47349999594069647,0.4729731994536637,0.72875,0.4358070092657539,0.0,0.32720244959821626,0.7111477216369078,False,nan,reject,1.0,BAOAB,0.0,0.0
ULD,"ULD gamma=1, canonical",b914b1c481c4dcc20022dd4a196ddcc1,c87203a12406cc5114b7ffa2d8877465,False,1,417,2.085,1334400.0,417.0,417.0,0.0,0.6964264365295117,0.47175319991746156,0.4712267366251417,0.7300000000000001,0.4414159630660931,0.0,0.3290032938430366,0.7123977216369078,False,nan,reject,1.0,BAOAB,0.0,0.0
ULD,"ULD gamma=1, canonical",b914b1c481c4dcc20022dd4a196ddcc1,c87203a12406cc5114b7ffa2d8877465,False,2,417,2.085,1334400.0,417.0,417.0,0.0,0.6917551312917487,0.4664333300891236,0.4659029569500517,0.7250000000000001,0.434019159707958,0.0,0.32201591292663234,0.7073977216369078,False,nan,reject,1.0,BAOAB,0.0,0.0
ULD,"ULD gamma=1, canonical",b914b1c481c4dcc20022dd4a196ddcc1,c87203a12406cc5114b7ffa2d8877465,False,3,417,2.085,1334400.0,417.0,417.0,0.0,0.6971455000249873,0.4722200045281135,0.4716952162541289,0.73375,0.44190916779088185,0.0,0.3290032938430366,0.7123977216369078,False,nan,reject,1.0,BAOAB,0.0,0.0
ULD,"ULD gamma=1, canonical",b914b1c481c4dcc20022dd4a196ddcc1,c87203a12406cc5114b7ffa2d8877465,False,0,425,2.125,1360000.0,425.0,425.0,0.0,0.698008839413449,0.4734985107199914,0.47297119978645596,0.72875,0.43452962537803064,0.0,0.3254390930902886,0.7098977216369078,False,nan,reject,1.0,BAOAB,0.0,0.0
ULD,"ULD gamma=1, canonical",b914b1c481c4dcc20022dd4a196ddcc1,c87203a12406cc5114b7ffa2d8877465,False,1,425,2.125,1360000.0,425.0,425.0,0.0,0.6964479675480937,0.47164521981513063,0.4711185532684431,0.72875,0.44058958077197297,0.0,0.32720244959821626,0.7111477216369078,False,nan,reject,1.0,BAOAB,0.0,0.0
ULD,"ULD gamma=1, canonical",b914b1c481c4dcc20022dd4a196ddcc1,c87203a12406cc5114b7ffa2d8877465,False,2,425,2.125,1360000.0,425.0,425.0,0.0,0.6919587648079574,0.4665354491264905,0.46600465345203645,0.72375,0.43313963884097917,0.0,0.32201591292663234,0.7073977216369078,False,nan,reject,1.0,BAOAB,0.0,0.0
ULD,"ULD gamma=1, canonical",b914b1c481c4dcc20022dd4a196ddcc1,c87203a12406cc5114b7ffa2d8877465,False,3,425,2.125,1360000.0,425.0,425.0,0.0,0.6976404730450676,0.4726310723861895,0.4721059818287009,0.7325,0.44046011934938056,0.0,0.3290032938430366,0.7123977216369078,False,nan,reject,1.0,BAOAB,0.0,0.0
ULD,"ULD gamma=1, canonical",b914b1c481c4dcc20022dd4a196ddcc1,c87203a12406cc5114b7ffa2d8877465,False,0,433,2.165,1385600.0,433.0,433.0,0.0,0.6981161992722691,0.4735703314761154,0.47304249731268344,0.7275,0.43330792846424493,0.0,0.32371092768595733,0.7086477216369078,False,nan,reject,1.0,BAOAB,0.0,0.0
ULD,"ULD gamma=1, canonical",b914b1c481c4dcc20022dd4a196ddcc1,c87203a12406cc5114b7ffa2d8877465,False,1,433,2.165,1385600.0,433.0,433.0,0.0,0.6964511538853206,0.4715667461170886,0.4710398656970105,0.7275,0.4398915676059961,0.0,0.32720244959821626,0.7111477216369078,False,nan,reject,1.0,BAOAB,0.0,0.0
ULD,"ULD gamma=1, canonical",b914b1c481c4dcc20022dd4a196ddcc1,c87203a12406cc5114b7ffa2d8877465,False,2,433,2.165,1385600.0,433.0,433.0,0.0,0.6922595328112937,0.4667060302699235,0.46617487599012464,0.7212500000000001,0.431984963097259,0.0,0.31871821930200944,0.7048977216369079,False,nan,reject,1.0,BAOAB,0.0,0.0
ULD,"ULD gamma=1, canonical",b914b1c481c4dcc20022dd4a196ddcc1,c87203a12406cc5114b7ffa2d8877465,False,3,433,2.165,1385600.0,433.0,433.0,0.0,0.6980589976970899,0.47298068840287255,0.4724552456867348,0.7312500000000001,0.4388383959658849,0.0,0.32720244959821626,0.7111477216369078,False,nan,reject,1.0,BAOAB,0.0,0.0
ULD,"ULD gamma=1, canonical",b914b1c481c4dcc20022dd4a196ddcc1,c87203a12406cc5114b7ffa2d8877465,False,0,442,2.21,1414400.0,442.0,442.0,0.0,0.6983273048977559,0.4737016845223794,0.473173171873878,0.7262500000000001,0.43195755860658214,0.0,0.32371092768595733,0.7086477216369078,False,nan,reject,1.0,BAOAB,0.0,0.0
ULD,"ULD gamma=1, canonical",b914b1c481c4dcc20022dd4a196ddcc1,c87203a12406cc5114b7ffa2d8877465,False,1,442,2.21,1414400.0,442.0,442.0,0.0,0.6965231498106933,0.47153489201826815,0.47100783600648344,0.7262500000000001,0.43929208842291,0.0,0.32720244959821626,0.7111477216369078,False,nan,reject,1.0,BAOAB,0.0,0.0
ULD,"ULD gamma=1, canonical",b914b1c481c4dcc20022dd4a196ddcc1,c87203a12406cc5114b7ffa2d8877465,False,2,442,2.21,1414400.0,442.0,442.0,0.0,0.6926670430274411,0.4669232664795272,0.466391713231152,0.7200000000000001,0.43048896684871685,0.0,0.3171124142735573,0.7036477216369078,False,nan,reject,1.0,BAOAB,0.0,0.0
ULD,"ULD gamma=1, canonical",b914b1c481c4dcc20022dd4a196ddcc1,c87203a12406cc5114b7ffa2d8877465,False,3,442,2.21,1414400.0,442.0,442.0,0.0,0.6984909395619272,0.47337200010242253,0.4728460715651789,0.7300000000000001,0.43705618117705347,0.0,0.32720244959821626,0.7111477216369078,False,nan,reject,1.0,BAOAB,0.0,0.0
ULD,"ULD gamma=1, canonical",b914b1c481c4dcc20022dd4a196ddcc1,c87203a12406cc5114b7ffa2d8877465,False,0,450,2.25,1440000.0,450.0,450.0,0.0,0.6985809744760565,0.47384157477447353,0.47331246901763413,0.7262500000000001,0.4306521843171567,0.0,0.32371092768595733,0.7086477216369078,False,nan,reject,1.0,BAOAB,0.0,0.0
ULD,"ULD gamma=1, canonical",b914b1c481c4dcc20022dd4a196ddcc1,c87203a12406cc5114b7ffa2d8877465,False,1,450,2.25,1440000.0,450.0,450.0,0.0,0.6966496425968041,0.47153174705596657,0.4710046181390931,0.7275,0.4390649630694504,0.0,0.32720244959821626,0.7111477216369078,False,nan,reject,1.0,BAOAB,0.0,0.0
ULD,"ULD gamma=1, canonical",b914b1c481c4dcc20022dd4a196ddcc1,c87203a12406cc5114b7ffa2d8877465,False,2,450,2.25,1440000.0,450.0,450.0,0.0,0.6930526664098564,0.46708165636099475,0.46654975379148,0.7175,0.4288585841832402,0.0,0.3171124142735573,0.7036477216369078,False,nan,reject,1.0,BAOAB,0.0,0.0
ULD,"ULD gamma=1, canonical",b914b1c481c4dcc20022dd4a196ddcc1,c87203a12406cc5114b7ffa2d8877465,False,3,450,2.25,1440000.0,450.0,450.0,0.0,0.6987950771430024,0.4736194507778073,0.47309299949413897,0.7300000000000001,0.4355104151617265,0.0,0.32720244959821626,0.7111477216369078,False,nan,reject,1.0,BAOAB,0.0,0.0
ULD,"ULD gamma=1, canonical",b914b1c481c4dcc20022dd4a196ddcc1,c87203a12406cc5114b7ffa2d8877465,False,0,458,2.29,1465600.0,458.0,458.0,0.0,0.6988234173509454,0.4739848007797869,0.4734550759095497,0.7262500000000001,0.42983957735437905,0.0,0.32371092768595733,0.7086477216369078,False,nan,reject,1.0,BAOAB,0.0,0.0
ULD,"ULD gamma=1, canonical",b914b1c481c4dcc20022dd4a196ddcc1,c87203a12406cc5114b7ffa2d8877465,False,1,458,2.29,1465600.0,458.0,458.0,0.0,0.6968413738599273,0.4715322385931965,0.47100508740399194,0.7275,0.43824889871066164,0.0,0.32720244959821626,0.7111477216369078,False,nan,reject,1.0,BAOAB,0.0,0.0
ULD,"ULD gamma=1, canonical",b914b1c481c4dcc20022dd4a196ddcc1,c87203a12406cc5114b7ffa2d8877465,False,2,458,2.29,1465600.0,458.0,458.0,0.0,0.6932710589879829,0.46706111038767084,0.4665287909505913,0.71625,0.42721577331249205,0.0,0.3155334598958748,0.7023977216369078,False,nan,reject,1.0,BAOAB,0.0,0.0
ULD,"ULD gamma=1, canonical",b914b1c481c4dcc20022dd4a196ddcc1,c87203a12406cc5114b7ffa2d8877465,False,3,458,2.29,1465600.0,458.0,458.0,0.0,0.6990711570941982,0.47383769440430545,0.4733106805912142,0.7262500000000001,0.43415338265404757,0.0,0.32720244959821626,0.7111477216369078,False,nan,reject,1.0,BAOAB,0.0,0.0
ULD,"ULD gamma=1, canonical",b914b1c481c4dcc20022dd4a196ddcc1,c87203a12406cc5114b7ffa2d8877465,False,0,467,2.335,1494400.0,467.0,467.0,0.0,0.6989782419898246,0.4739683169886225,0.47343785616468537,0.7262500000000001,0.42886281369373236,0.0,0.32371092768595733,0.7086477216369078,False,nan,reject,1.0,BAOAB,0.0,0.0
ULD,"ULD gamma=1, canonical",b914b1c481c4dcc20022dd4a196ddcc1,c87203a12406cc5114b7ffa2d8877465,False,1,467,2.335,1494400.0,467.0,467.0,0.0,0.6970209156434009,0.47141611649585147,0.47088891078614337,0.7262500000000001,0.43655277669953707,0.0,0.32371092768595733,0.7086477216369078,False,nan,reject,1.0,BAOAB,0.0,0.0
ULD,"ULD gamma=1, canonical",b914b1c481c4dcc20022dd4a196ddcc1,c87203a12406cc5114b7ffa2d8877465,False,2,467,2.335,1494400.0,467.0,467.0,0.0,0.6933665607474884,0.4669340232122411,0.46640110128309986,0.7175,0.4253744053121524,0.0,0.3139801250107021,0.7011477216369078,False,nan,reject,1.0,BAOAB,0.0,0.0
ULD,"ULD gamma=1, canonical",b914b1c481c4dcc20022dd4a196ddcc1,c87203a12406cc5114b7ffa2d8877465,False,3,467,2.335,1494400.0,467.0,467.0,0.0,0.6992489876323136,0.4739218638160808,0.47339421952901684,0.7262500000000001,0.43267671308017175,0.0,0.3254390930902886,0.7098977216369078,False,nan,reject,1.0,BAOAB,0.0,0.0
ULD,"ULD gamma=1, canonical",b914b1c481c4dcc20022dd4a196ddcc1,c87203a12406cc5114b7ffa2d8877465,False,0,475,2.375,1520000.0,475.0,475.0,0.0,0.6990526920724738,0.4739016195342466,0.4733704861099257,0.7275,0.427974406387566,0.0,0.32371092768595733,0.7086477216369078,False,nan,reject,1.0,BAOAB,0.0,0.0
ULD,"ULD gamma=1, canonical",b914b1c481c4dcc20022dd4a196ddcc1,c87203a12406cc5114b7ffa2d8877465,False,1,475,2.375,1520000.0,475.0,475.0,0.0,0.6970503400723989,0.47118712649441064,0.4706597588154059,0.7275,0.4351697938897199,0.0,0.32371092768595733,0.7086477216369078,False,nan,reject,1.0,BAOAB,0.0,0.0
ULD,"ULD gamma=1, canonical",b914b1c481c4dcc20022dd4a196ddcc1,c87203a12406cc5114b7ffa2d8877465,False,2,475,2.375,1520000.0,475.0,475.0,0.0,0.6932332949347758,0.4666409685624786,0.4661074544157253,0.7175,0.4237941706063144,0.0,0.3139801250107021,0.7011477216369078,False,nan,reject,1.0,BAOAB,0.0,0.0
ULD,"ULD gamma=1, canonical",b914b1c481c4dcc20022dd4a196ddcc1,c87203a12406cc5114b7ffa2d8877465,False,3,475,2.375,1520000.0,475.0,475.0,0.0,0.6994461793478484,0.47403541213349465,0.47350721437834997,0.7262500000000001,0.431595827189324,0.0,0.3254390930902886,0.7098977216369078,False,nan,reject,1.0,BAOAB,0.0,0.0
ULD,"ULD gamma=1, canonical",b914b1c481c4dcc20022dd4a196ddcc1,c87203a12406cc5114b7ffa2d8877465,False,0,483,2.415,1545600.0,483.0,483.0,0.0,0.6990075240810395,0.4737518133892683,0.47322000822353305,0.7275,0.42719592054763067,0.0,0.32371092768595733,0.7086477216369078,False,nan,reject,1.0,BAOAB,0.0,0.0
ULD,"ULD gamma=1, canonical",b914b1c481c4dcc20022dd4a196ddcc1,c87203a12406cc5114b7ffa2d8877465,False,1,483,2.415,1545600.0,483.0,483.0,0.0,0.6970076477111715,0.4709175948384272,0.47038994332401474,0.72875,0.4337060085741552,0.0,0.32371092768595733,0.7086477216369078,False,nan,reject,1.0,BAOAB,0.0,0.0
ULD,"ULD gamma=1, canonical",b914b1c481c4dcc20022dd4a196ddcc1,c87203a12406cc5114b7ffa2d8877465,False,2,483,2.415,1545600.0,483.0,483.0,0.0,0.6930924180948452,0.4663285442523373,0.4657945003341307,0.7175,0.4222791798004468,0.0,0.31245128156130386,0.6998977216369078,False,nan,reject,1.0,BAOAB,0.0,0.0
ULD,"ULD gamma=1, canonical",b914b1c481c4dcc20022dd4a196ddcc1,c87203a12406cc5114b7ffa2d8877465,False,3,483,2.415,1545600.0,483.0,483.0,0.0,0.6996164416942701,0.4741242596064644,0.47359544879785254,0.7262500000000001,0.43095070832114224,0.0,0.3254390930902886,0.7098977216369078,False,nan,reject,1.0,BAOAB,0.0,0.0
ULD,"ULD gamma=1, canonical",b914b1c481c4dcc20022dd4a196ddcc1,c87203a12406cc5114b7ffa2d8877465,False,0,492,2.46,1574400.0,492.0,492.0,0.0,0.6988811304501165,0.4735467817644461,0.47301427958059084,0.7275,0.4265909907646209,0.0,0.32371092768595733,0.7086477216369078,False,nan,reject,1.0,BAOAB,0.0,0.0
ULD,"ULD gamma=1, canonical",b914b1c481c4dcc20022dd4a196ddcc1,c87203a12406cc5114b7ffa2d8877465,False,1,492,2.46,1574400.0,492.0,492.0,0.0,0.6968237796660723,0.47056205750994373,0.47003390468101314,0.72875,0.4321262383924097,0.0,0.32371092768595733,0.7086477216369078,False,nan,reject,1.0,BAOAB,0.0,0.0
ULD,"ULD gamma=1, canonical",b914b1c481c4dcc20022dd4a196ddcc1,c87203a12406cc5114b7ffa2d8877465,False,2,492,2.46,1574400.0,492.0,492.0,0.0,0.6928071674239737,0.4658659860986377,0.4653313918644447,0.71625,0.42094433622722105,0.0,0.31245128156130386,0.6998977216369078,False,nan,reject,1.0,BAOAB,0.0,0.0
ULD,"ULD gamma=1, canonical",b914b1c481c4dcc20022dd4a196ddcc1,c87203a12406cc5114b7ffa2d8877465,False,3,492,2.46,1574400.0,492.0,492.0,0.0,0.6996408744715759,0.4741227904125519,0.4735932132582228,0.7275,0.43068807426245737,0.0,0.3254390930902886,0.7098977216369078,False,nan,reject,1.0,BAOAB,0.0,0.0
ULD,"ULD gamma=1, canonical",b914b1c481c4dcc20022dd4a196ddcc1,c87203a12406cc5114b7ffa2d8877465,False,0,500,2.5,1600000.0,500.0,500.0,0.0,0.6985639122168233,0.4731343603518351,0.4726013117512481,0.7275,0.4261524218985916,0.0,0.32371092768595733,0.7086477216369078,False,nan,reject,1.0,BAOAB,0.0,0.0
ULD,"ULD gamma=1, canonical",b914b1c481c4dcc20022dd4a196ddcc1,c87203a12406cc5114b7ffa2d8877465,False,1,500,2.5,1600000.0,500.0,500.0,0.0,0.6965554529820527,0.47019830920053096,0.4696695647523106,0.72875,0.4311331817557381,0.0,0.32201591292663234,0.7073977216369078,False,nan,reject,1.0,BAOAB,0.0,0.0
ULD,"ULD gamma=1, canonical",b914b1c481c4dcc20022dd4a196ddcc1,c87203a12406cc5114b7ffa2d8877465,False,2,500,2.5,1600000.0,500.0,500.0,0.0,0.6923320126271527,0.4652367779696006,0.4647016837095982,0.7150000000000001,0.42018688847563246,0.0,0.31245128156130386,0.6998977216369078,False,nan,reject,1.0,BAOAB,0.0,0.0
ULD,"ULD gamma=1, canonical",b914b1c481c4dcc20022dd4a196ddcc1,c87203a12406cc5114b7ffa2d8877465,False,3,500,2.5,1600000.0,500.0,500.0,0.0,0.699554117313332,0.47400314965404533,0.47347283127047424,0.7275,0.4304907596482128,0.0,0.3254390930902886,0.7098977216369078,False,nan,reject,1.0,BAOAB,0.0,0.0
ULD,"ULD gamma=1, canonical",b914b1c481c4dcc20022dd4a196ddcc1,c87203a12406cc5114b7ffa2d8877465,False,0,559,2.795,1788800.0,559.0,559.0,0.0,0.6949602113162262,0.46776294480829095,0.4672280710764808,0.7262500000000001,0.4214228365761671,0.0,0.31871821930200944,0.7048977216369079,False,nan,reject,1.0,BAOAB,0.0,0.0
ULD,"ULD gamma=1, canonical",b914b1c481c4dcc20022dd4a196ddcc1,c87203a12406cc5114b7ffa2d8877465,False,1,559,2.795,1788800.0,559.0,559.0,0.0,0.6938544121146082,0.46696534745118123,0.4664324811904137,0.7225,0.4297633985729442,0.0,0.31871821930200944,0.7048977216369079,False,nan,reject,1.0,BAOAB,0.0,0.0
ULD,"ULD gamma=1, canonical",b914b1c481c4dcc20022dd4a196ddcc1,c87203a12406cc5114b7ffa2d8877465,False,2,559,2.795,1788800.0,559.0,559.0,0.0,0.6877195018768869,0.4580843984738867,0.4575464591392586,0.7125,0.40907347361643764,0.0,0.3065612264351387,0.6948977216369079,False,nan,reject,1.0,BAOAB,0.0,0.0
ULD,"ULD gamma=1, canonical",b914b1c481c4dcc20022dd4a196ddcc1,c87203a12406cc5114b7ffa2d8877465,False,3,559,2.795,1788800.0,559.0,559.0,0.0,0.6964177633818462,0.46899283191774743,0.4684584901205854,0.72875,0.43059188068334975,0.0,0.3203522239940927,0.7061477216369079,False,nan,reject,1.0,BAOAB,0.0,0.0
ULD,"ULD gamma=1, canonical",b914b1c481c4dcc20022dd4a196ddcc1,c87203a12406cc5114b7ffa2d8877465,False,0,619,3.095,1980800.0,619.0,619.0,0.0,0.690286417504353,0.4613650370250878,0.46082959997684925,0.7212500000000001,0.41374221780740483,0.0,0.31245128156130386,0.6998977216369078,False,nan,reject,1.0,BAOAB,0.0,0.0
ULD,"ULD gamma=1, canonical",b914b1c481c4dcc20022dd4a196ddcc1,c87203a12406cc5114b7ffa2d8877465,False,1,619,3.095,1980800.0,619.0,619.0,0.0,0.6908466205577789,0.46173002123473095,0.4611952095581795,0.7200000000000001,0.41932224982440947,0.0,0.3171124142735573,0.7036477216369078,False,nan,reject,1.0,BAOAB,0.0,0.0
ULD,"ULD gamma=1, canonical",b914b1c481c4dcc20022dd4a196ddcc1,c87203a12406cc5114b7ffa2d8877465,False,2,619,3.095,1980800.0,619.0,619.0,0.0,0.6810945935270261,0.4494848832837669,0.44894277440619546,0.70375,0.40958287125301784,0.0,0.3051407581892986,0.6936477216369079,False,nan,reject,1.0,BAOAB,0.0,0.0
ULD,"ULD gamma=1, canonical",b914b1c481c4dcc20022dd4a196ddcc1,c87203a12406cc5114b7ffa2d8877465,False,3,619,3.095,1980800.0,619.0,619.0,0.0,0.6921967570381895,0.4637369223648503,0.4632011215438159,0.7225,0.41981302899413575,0.0,0.3139801250107021,0.7011477216369078,False,nan,reject,1.0,BAOAB,0.0,0.0
ULD,"ULD gamma=1, canonical",b914b1c481c4dcc20022dd4a196ddcc1,c87203a12406cc5114b7ffa2d8877465,False,0,678,3.39,2169600.0,678.0,678.0,0.0,0.6873635168060626,0.4577229913055786,0.4571842276701512,0.7150000000000001,0.4110570218246651,0.0,0.31094589220335966,0.6986477216369078,False,nan,reject,1.0,BAOAB,0.0,0.0
ULD,"ULD gamma=1, canonical",b914b1c481c4dcc20022dd4a196ddcc1,c87203a12406cc5114b7ffa2d8877465,False,1,678,3.39,2169600.0,678.0,678.0,0.0,0.6871914821690073,0.4574802882984468,0.4569434109147531,0.7137500000000001,0.41493046042884907,0.0,0.31094589220335966,0.6986477216369078,False,nan,reject,1.0,BAOAB,0.0,0.0
ULD,"ULD gamma=1, canonical",b914b1c481c4dcc20022dd4a196ddcc1,c87203a12406cc5114b7ffa2d8877465,False,2,678,3.39,2169600.0,678.0,678.0,0.0,0.6780869288100809,0.44455748180828814,0.4440127224086655,0.7037500000000001,0.39620257786635715,0.0,0.299645519920715,0.6886477216369078,False,nan,reject,1.0,BAOAB,0.0,0.0
ULD,"ULD gamma=1, canonical",b914b1c481c4dcc20022dd4a196ddcc1,c87203a12406cc5114b7ffa2d8877465,False,3,678,3.39,2169600.0,678.0,678.0,0.0,0.6895645030421993,0.46080707432959944,0.4602696756840491,0.71625,0.4153314796559654,0.0,0.30800171861825143,0.6961477216369079,False,nan,reject,1.0,BAOAB,0.0,0.0
ULD,"ULD gamma=1, canonical",b914b1c481c4dcc20022dd4a196ddcc1,c87203a12406cc5114b7ffa2d8877465,False,0,738,3.69,2361600.0,738.0,738.0,0.0,0.6847065449106801,0.4533518213861385,0.4528094923742457,0.71125,0.409060555835694,0.0,0.30800171861825143,0.6961477216369079,False,nan,reject,1.0,BAOAB,0.0,0.0
ULD,"ULD gamma=1, canonical",b914b1c481c4dcc20022dd4a196ddcc1,c87203a12406cc5114b7ffa2d8877465,False,1,738,3.69,2361600.0,738.0,738.0,0.0,0.6836635158499087,0.45340051078362176,0.4528620297708612,0.71625,0.41069896340643297,0.0,0.30800171861825143,0.6961477216369079,False,nan,reject,1.0,BAOAB,0.0,0.0
ULD,"ULD gamma=1, canonical",b914b1c481c4dcc20022dd4a196ddcc1,c87203a12406cc5114b7ffa2d8877465,False,2,738,3.69,2361600.0,738.0,738.0,0.0,0.6741054024161206,0.4400281650605491,0.4394798319358951,0.7000000000000001,0.39360927632453946,0.0,0.2944209698644566,0.6836477216369079,False,nan,reject,1.0,BAOAB,0.0,0.0
ULD,"ULD gamma=1, canonical",b914b1c481c4dcc20022dd4a196ddcc1,c87203a12406cc5114b7ffa2d8877465,False,3,738,3.69,2361600.0,738.0,738.0,0.0,0.6873031309979745,0.4573755816751496,0.45683648997593895,0.71625,0.4091431079871497,0.0,0.3065612264351387,0.6948977216369079,False,nan,reject,1.0,BAOAB,0.0,0.0
ULD,"ULD gamma=1, canonical",b914b1c481c4dcc20022dd4a196ddcc1,c87203a12406cc5114b7ffa2d8877465,False,0,797,3.985,2550400.0,797.0,797.0,0.0,0.6837013662429337,0.4517358494937269,0.4511915641081162,0.7100000000000001,0.40702910327010766,0.0,0.30235708494444435,0.6911477216369077,False,nan,reject,1.0,BAOAB,0.0,0.0
ULD,"ULD gamma=1, canonical",b914b1c481c4dcc20022dd4a196ddcc1,c87203a12406cc5114b7ffa2d8877465,False,1,797,3.985,2550400.0,797.0,797.0,0.0,0.6821187442996239,0.4515330154645707,0.4509930669528134,0.7137500000000001,0.4055538522135157,0.0,0.3037396001456024,0.6923977216369078,False,nan,reject,1.0,BAOAB,0.0,0.0
ULD,"ULD gamma=1, canonical",b914b1c481c4dcc20022dd4a196ddcc1,c87203a12406cc5114b7ffa2d8877465,False,2,797,3.985,2550400.0,797.0,797.0,0.0,0.6730331263686339,0.43781090316434257,0.4372599295706916,0.69625,0.3848016419427358,0.0,0.28943626889189533,0.6786477216369078,False,nan,reject,1.0,BAOAB,0.0,0.0
ULD,"ULD gamma=1, canonical",b914b1c481c4dcc20022dd4a196ddcc1,c87203a12406cc5114b7ffa2d8877465,False,3,797,3.985,2550400.0,797.0,797.0,0.0,0.6856043303684903,0.45459179007338635,0.45405143412297233,0.71125,0.4036431073356469,0.0,0.3065612264351387,0.6948977216369079,False,nan,reject,1.0,BAOAB,0.0,0.0
ULD,"ULD gamma=1, canonical",b914b1c481c4dcc20022dd4a196ddcc1,c87203a12406cc5114b7ffa2d8877465,False,0,856,4.28,2739200.0,856.0,856.0,0.0,0.683808863893417,0.45102123537252936,0.45047528883287447,0.7075,0.39768139153118787,0.0,0.300992587249029,0.6898977216369078,False,nan,reject,1.0,BAOAB,0.0,0.0
ULD,"ULD gamma=1, canonical",b914b1c481c4dcc20022dd4a196ddcc1,c87203a12406cc5114b7ffa2d8877465,False,1,856,4.28,2739200.0,856.0,856.0,0.0,0.6817988838176067,0.45058882730664973,0.4500465716471772,0.7087500000000001,0.4013887165848844,0.0,0.299645519920715,0.6886477216369078,False,nan,reject,1.0,BAOAB,0.0,0.0
ULD,"ULD gamma=1, canonical",b914b1c481c4dcc20022dd4a196ddcc1,c87203a12406cc5114b7ffa2d8877465,False,2,856,4.28,2739200.0,856.0,856.0,0.0,0.6729462695766459,0.4366117657543628,0.4360571062630564,0.69125,0.3806249403991909,0.0,0.28584000042494284,0.6748977216369079,False,nan,reject,1.0,BAOAB,0.0,0.0
ULD,"ULD gamma=1, canonical",b914b1c481c4dcc20022dd4a196ddcc1,c87203a12406cc5114b7ffa2d8877465,False,3,856,4.28,2739200.0,856.0,856.0,0.0,0.6810872664110145,0.4490848867328239,0.4485420343165252,0.7100000000000001,0.39903120035323303,0.0,0.30235708494444435,0.6911477216369077,False,nan,reject,1.0,BAOAB,0.0,0.0
ULD,"ULD gamma=1, canonical",b914b1c481c4dcc20022dd4a196ddcc1,c87203a12406cc5114b7ffa2d8877465,False,0,916,4.58,2931200.0,916.0,916.0,0.0,0.6825179884103105,0.4486809160913352,0.44813340496831133,0.7037500000000001,0.3906977694852417,0.0,0.29570353351130657,0.6848977216369079,False,nan,reject,1.0,BAOAB,0.0,0.0
ULD,"ULD gamma=1, canonical",b914b1c481c4dcc20022dd4a196ddcc1,c87203a12406cc5114b7ffa2d8877465,False,1,916,4.58,2931200.0,916.0,916.0,0.0,0.6797064249112073,0.4482700934595437,0.4477226377166327,0.7050000000000001,0.395535150816433,0.0,0.29570353351130657,0.6848977216369079,False,nan,reject,1.0,BAOAB,0.0,0.0
ULD,"ULD gamma=1, canonical",b914b1c481c4dcc20022dd4a196ddcc1,c87203a12406cc5114b7ffa2d8877465,False,2,916,4.58,2931200.0,916.0,916.0,0.0,0.6727738450695622,0.4353290073197462,0.434769485929582,0.6900000000000001,0.3741803206070612,0.0,0.27897578901649767,0.6673977216369078,False,nan,reject,1.0,BAOAB,0.0,0.0
ULD,"ULD gamma=1, canonical",b914b1c481c4dcc20022dd4a196ddcc1,c87203a12406cc5114b7ffa2d8877465,False,3,916,4.58,2931200.0,916.0,916.0,0.0,0.6776633228028616,0.4443756290898231,0.4438309419820019,0.70625,0.39171728126051786,0.0,0.29700149894156525,0.6861477216369078,False,nan,reject,1.0,BAOAB,0.0,0.0
ULD,"ULD gamma=1, canonical",b914b1c481c4dcc20022dd4a196ddcc1,c87203a12406cc5114b7ffa2d8877465,False,0,975,4.875,3120000.0,975.0,975.0,0.0,0.6781920299879588,0.4441858216451715,0.4436349936983085,0.70125,0.3894400074434141,0.0,0.2931533682029146,0.6823977216369078,False,nan,reject,1.0,BAOAB,0.0,0.0
ULD,"ULD gamma=1, canonical",b914b1c481c4dcc20022dd4a196ddcc1,c87203a12406cc5114b7ffa2d8877465,False,1,975,4.875,3120000.0,975.0,975.0,0.0,0.6785779114079699,0.44627777421835657,0.44572683036626315,0.7025,0.39306894228935807,0.0,0.29190031151820106,0.6811477216369078,False,nan,reject,1.0,BAOAB,0.0,0.0
ULD,"ULD gamma=1, canonical",b914b1c481c4dcc20022dd4a196ddcc1,c87203a12406cc5114b7ffa2d8877465,False,2,975,4.875,3120000.0,975.0,975.0,0.0,0.6695455368378312,0.4313428500622529,0.4307787273792637,0.6837500000000001,0.37381777505746483,0.0,0.27897578901649767,0.6673977216369078,False,nan,reject,1.0,BAOAB,0.0,0.0
ULD,"ULD gamma=1, canonical",b914b1c481c4dcc20022dd4a196ddcc1,c87203a12406cc5114b7ffa2d8877465,False,3,975,4.875,3120000.0,975.0,975.0,0.0,0.6755293452515188,0.4402090808859581,0.43966008351850516,0.7000000000000001,0.385207030755354,0.0,0.29190031151820106,0.6811477216369078,False,nan,reject,1.0,BAOAB,0.0,0.0
ULD,"ULD gamma=1, canonical",b914b1c481c4dcc20022dd4a196ddcc1,c87203a12406cc5114b7ffa2d8877465,False,0,1034,5.17,3308800.0,1034.0,1034.0,0.0,0.6734840621672973,0.43772993679503014,0.437175340545254,0.6937500000000001,0.3860402671458777,0.0,0.28943626889189533,0.6786477216369078,False,nan,reject,1.0,BAOAB,0.0,0.0
ULD,"ULD gamma=1, canonical",b914b1c481c4dcc20022dd4a196ddcc1,c87203a12406cc5114b7ffa2d8877465,False,1,1034,5.17,3308800.0,1034.0,1034.0,0.0,0.6796224436485556,0.44555345272001534,0.44500264924667565,0.69625,0.38666319062487065,0.0,0.2882245482939806,0.6773977216369078,False,nan,reject,1.0,BAOAB,0.0,0.0
ULD,"ULD gamma=1, canonical",b914b1c481c4dcc20022dd4a196ddcc1,c87203a12406cc5114b7ffa2d8877465,False,2,1034,5.17,3308800.0,1034.0,1034.0,0.0,0.6644365876818676,0.4241152900268108,0.4235461022921114,0.6825000000000001,0.3686279007705675,0.0,0.27569336275044,0.6636477216369079,False,nan,reject,1.0,BAOAB,0.0,0.0
ULD,"ULD gamma=1, canonical",b914b1c481c4dcc20022dd4a196ddcc1,c87203a12406cc5114b7ffa2d8877465,False,3,1034,5.17,3308800.0,1034.0,1034.0,0.0,0.6754697753372509,0.4388577012513679,0.4383038265908785,0.69625,0.38238483447658556,0.0,0.2906614038800197,0.6798977216369078,False,nan,reject,1.0,BAOAB,0.0,0.0
ULD,"ULD gamma=1, canonical",b914b1c481c4dcc20022dd4a196ddcc1,c87203a12406cc5114b7ffa2d8877465,False,0,1094,5.47,3500800.0,1094.0,1094.0,0.0,0.6698410857216064,0.4329931435527803,0.4324369460859072,0.6887500000000001,0.3827721139426117,0.0,0.28350521155600267,0.6723977216369078,False,nan,reject,1.0,BAOAB,0.0,0.0
ULD,"ULD gamma=1, canonical",b914b1c481c4dcc20022dd4a196ddcc1,c87203a12406cc5114b7ffa2d8877465,False,1,1094,5.47,3500800.0,1094.0,1094.0,0.0,0.6772648669197237,0.44221938112673265,0.4416655497890546,0.6950000000000001,0.3789066189946847,0.0,0.28584000042494284,0.6748977216369079,False,nan,reject,1.0,BAOAB,0.0,0.0
ULD,"ULD gamma=1, canonical",b914b1c481c4dcc20022dd4a196ddcc1,c87203a12406cc5114b7ffa2d8877465,False,2,1094,5.47,3500800.0,1094.0,1094.0,0.0,0.6609484186988591,0.41832073487456634,0.4177482575939512,0.675,0.3636479313559078,0.0,0.26939767692796956,0.6561477216369078,False,nan,reject,1.0,BAOAB,0.0,0.0
ULD,"ULD gamma=1, canonical",b914b1c481c4dcc20022dd4a196ddcc1,c87203a12406cc5114b7ffa2d8877465,False,3,1094,5.47,3500800.0,1094.0,1094.0,0.0,0.6743179209935302,0.43763412086268627,0.43707617989415204,0.6950000000000001,0.38482261113192384,0.0,0.2870259006959148,0.6761477216369078,False,nan,reject,1.0,BAOAB,0.0,0.0
ULD,"ULD gamma=1, canonical",b914b1c481c4dcc20022dd4a196ddcc1,c87203a12406cc5114b7ffa2d8877465,False,0,1153,5.765,3689600.0,1153.0,1153.0,0.0,0.668736913629004,0.4304216962009314,0.4298658042046065,0.68625,0.37370460664654837,0.0,0.27569336275044,0.6636477216369079,False,nan,reject,1.0,BAOAB,0.0,0.0
ULD,"ULD gamma=1, canonical",b914b1c481c4dcc20022dd4a196ddcc1,c87203a12406cc5114b7ffa2d8877465,False,1,1153,5.765,3689600.0,1153.0,1153.0,0.0,0.6741267020001884,0.437970780173795,0.43741304350822274,0.6937500000000001,0.3795489257092548,0.0,0.28235574120248125,0.6711477216369078,False,nan,reject,1.0,BAOAB,0.0,0.0
ULD,"ULD gamma=1, canonical",b914b1c481c4dcc20022dd4a196ddcc1,c87203a12406cc5114b7ffa2d8877465,False,2,1153,5.765,3689600.0,1153.0,1153.0,0.0,0.6579910888428631,0.4137630135867375,0.41318835601585446,0.67,0.3619362511713601,0.0,0.2663742282444134,0.6523977216369079,False,nan,reject,1.0,BAOAB,0.0,0.0
ULD,"ULD gamma=1, canonical",b914b1c481c4dcc20022dd4a196ddcc1,c87203a12406cc5114b7ffa2d8877465,False,3,1153,5.765,3689600.0,1153.0,1153.0,0.0,0.6723481732598718,0.43536382964092024,0.43480416008170575,0.69125,0.3816292254249306,0.0,0.28350521155600267,0.6723977216369078,False,nan,reject,1.0,BAOAB,0.0,0.0
ULD,"ULD gamma=1, canonical",b914b1c481c4dcc20022dd4a196ddcc1,c87203a12406cc5114b7ffa2d8877465,False,0,1212,6.0600000000000005,3878400.0,1212.0,1212.0,0.0,0.6666385127775116,0.4280618889804946,0.42750270743693464,0.68125,0.36989541371245294,0.0,0.2704233371636918,0.6573977216369078,False,nan,reject,1.0,BAOAB,0.0,0.0
ULD,"ULD gamma=1, canonical",b914b1c481c4dcc20022dd4a196ddcc1,c87203a12406cc5114b7ffa2d8877465,False,1,1212,6.0600000000000005,3878400.0,1212.0,1212.0,0.0,0.6699285239793269,0.4317321611853442,0.4311716302883283,0.6900000000000001,0.3737955597274707,0.0,0.28009128576471687,0.6686477216369078,False,nan,reject,1.0,BAOAB,0.0,0.0
ULD,"ULD gamma=1, canonical",b914b1c481c4dcc20022dd4a196ddcc1,c87203a12406cc5114b7ffa2d8877465,False,2,1212,6.0600000000000005,3878400.0,1212.0,1212.0,0.0,0.6545351847616059,0.4098246214612057,0.40924908391261094,0.6625000000000001,0.3538317498346225,0.0,0.2663742282444134,0.6523977216369079,False,nan,reject,1.0,BAOAB,0.0,0.0
ULD,"ULD gamma=1, canonical",b914b1c481c4dcc20022dd4a196ddcc1,c87203a12406cc5114b7ffa2d8877465,False,3,1212,6.0600000000000005,3878400.0,1212.0,1212.0,0.0,0.6705638052262125,0.4325691715455938,0.4320098055304852,0.69,0.3782352816224275,0.0,0.28235574120248125,0.6711477216369078,False,nan,reject,1.0,BAOAB,0.0,0.0
ULD,"ULD gamma=1, canonical",b914b1c481c4dcc20022dd4a196ddcc1,c87203a12406cc5114b7ffa2d8877465,False,0,1272,6.36,4070400.0,1272.0,1272.0,0.0,0.6640964963760914,0.42457573178188845,0.42401118370231716,0.67625,0.3615696509899491,0.0,0.26737328609301075,0.6536477216369079,False,nan,reject,1.0,BAOAB,0.0,0.0
ULD,"ULD gamma=1, canonical",b914b1c481c4dcc20022dd4a196ddcc1,c87203a12406cc5114b7ffa2d8877465,False,1,1272,6.36,4070400.0,1272.0,1272.0,0.0,0.6649914555072652,0.4257345467265127,0.42517100358219406,0.6837500000000001,0.3719096087780115,0.0,0.277871122203018,0.6661477216369078,False,nan,reject,1.0,BAOAB,0.0,0.0
ULD,"ULD gamma=1, canonical",b914b1c481c4dcc20022dd4a196ddcc1,c87203a12406cc5114b7ffa2d8877465,False,2,1272,6.36,4070400.0,1272.0,1272.0,0.0,0.6516074739128614,0.4078468152033796,0.4072697855033701,0.6637500000000001,0.3529239697448001,0.0,0.25961208186553897,0.6436477216369079,False,nan,reject,1.0,BAOAB,0.0,0.0
ULD,"ULD gamma=1, canonical",b914b1c481c4dcc20022dd4a196ddcc1,c87203a12406cc5114b7ffa2d8877465,False,3,1272,6.36,4070400.0,1272.0,1272.0,0.0,0.6695029182512964,0.43080041325459884,0.4302411538700329,0.6887500000000001,0.37190035571043134,0.0,0.27677705419760534,0.6648977216369079,False,nan,reject,1.0,BAOAB,0.0,0.0
ULD,"ULD gamma=1, canonical",b914b1c481c4dcc20022dd4a196ddcc1,c87203a12406cc5114b7ffa2d8877465,False,0,1331,6.655,4259200.0,1331.0,1331.0,0.0,0.6605654621218511,0.4197756904385159,0.4192048743003095,0.67,0.3590564912616382,0.0,0.2653837194995967,0.6511477216369078,False,nan,reject,1.0,BAOAB,0.0,0.0
ULD,"ULD gamma=1, canonical",b914b1c481c4dcc20022dd4a196ddcc1,c87203a12406cc5114b7ffa2d8877465,False,1,1331,6.655,4259200.0,1331.0,1331.0,0.0,0.6622289439301674,0.42197402734846123,0.4214089621254198,0.6825000000000001,0.3707667622344437,0.0,0.274619833994358,0.6623977216369079,False,nan,reject,1.0,BAOAB,0.0,0.0
ULD,"ULD gamma=1, canonical",b914b1c481c4dcc20022dd4a196ddcc1,c87203a12406cc5114b7ffa2d8877465,False,2,1331,6.655,4259200.0,1331.0,1331.0,0.0,0.6522160585706964,0.4085735502798441,0.4079966476147331,0.6637500000000001,0.3524611866689854,0.0,0.2577502835272605,0.6411477216369079,False,nan,reject,1.0,BAOAB,0.0,0.0
ULD,"ULD gamma=1, canonical",b914b1c481c4dcc20022dd4a196ddcc1,c87203a12406cc5114b7ffa2d8877465,False,3,1331,6.655,4259200.0,1331.0,1331.0,0.0,0.6679422889090116,0.4292576872949464,0.42869651021821265,0.6837500000000001,0.3660625934378835,0.0,0.27677705419760534,0.6648977216369079,False,nan,reject,1.0,BAOAB,0.0,0.0
ULD,"ULD gamma=1, canonical",b914b1c481c4dcc20022dd4a196ddcc1,c87203a12406cc5114b7ffa2d8877465,False,0,1391,6.955,4451200.0,1391.0,1391.0,0.0,0.6589303112498722,0.41643135041716406,0.415856574600588,0.6675000000000001,0.3554109593699776,0.0,0.2615042322544388,0.6461477216369078,False,nan,reject,1.0,BAOAB,0.0,0.0
ULD,"ULD gamma=1, canonical",b914b1c481c4dcc20022dd4a196ddcc1,c87203a12406cc5114b7ffa2d8877465,False,1,1391,6.955,4451200.0,1391.0,1391.0,0.0,0.6611533805788282,0.4203977456950796,0.4198313476567228,0.68125,0.36425721838041614,0.0,0.27569336275044,0.6636477216369079,False,nan,reject,1.0,BAOAB,0.0,0.0
ULD,"ULD gamma=1, canonical",b914b1c481c4dcc20022dd4a196ddcc1,c87203a12406cc5114b7ffa2d8877465,False,2,1391,6.955,4451200.0,1391.0,1391.0,0.0,0.6528955514202723,0.40889017467893674,0.4083144194624555,0.6625000000000001,0.34466755396038673,0.0,0.2559178786563215,0.6386477216369078,False,nan,reject,1.0,BAOAB,0.0,0.0
ULD,"ULD gamma=1, canonical",b914b1c481c4dcc20022dd4a196ddcc1,c87203a12406cc5114b7ffa2d8877465,False,3,1391,6.955,4451200.0,1391.0,1391.0,0.0,0.6654428520388406,0.4261056286374405,0.42554165159882185,0.67625,0.3654369988389434,0.0,0.26939767692796956,0.6561477216369078,False,nan,reject,1.0,BAOAB,0.0,0.0
ULD,"ULD gamma=1, canonical",b914b1c481c4dcc20022dd4a196ddcc1,c87203a12406cc5114b7ffa2d8877465,False,0,1450,7.25,4640000.0,1450.0,1450.0,0.0,0.656680845221591,0.41273671532894474,0.41215898154624353,0.6587500000000001,0.35168410970067476,0.0,0.2586774499059882,0.6423977216369079,False,nan,reject,1.0,BAOAB,0.0,0.0
ULD,"ULD gamma=1, canonical",b914b1c481c4dcc20022dd4a196ddcc1,c87203a12406cc5114b7ffa2d8877465,False,1,1450,7.25,4640000.0,1450.0,1450.0,0.0,0.6630252227464143,0.4210321889123504,0.4204652552934549,0.6787500000000001,0.3641681568453182,0.0,0.274619833994358,0.6623977216369079,False,nan,reject,1.0,BAOAB,0.0,0.0
ULD,"ULD gamma=1, canonical",b914b1c481c4dcc20022dd4a196ddcc1,c87203a12406cc5114b7ffa2d8877465,False,2,1450,7.25,4640000.0,1450.0,1450.0,0.0,0.6515952426014084,0.40716879382826976,0.40659038877774445,0.6575000000000001,0.3458866275108803,0.0,0.2532224175670501,0.6348977216369078,False,nan,reject,1.0,BAOAB,0.0,0.0
ULD,"ULD gamma=1, canonical",b914b1c481c4dcc20022dd4a196ddcc1,c87203a12406cc5114b7ffa2d8877465,False,3,1450,7.25,4640000.0,1450.0,1450.0,0.0,0.6610918884899492,0.42040586991946005,0.41983929061601155,0.67625,0.3586149362512474,0.0,0.26737328609301075,0.6536477216369079,False,nan,reject,1.0,BAOAB,0.0,0.0
ULD,"ULD gamma=1, canonical",b914b1c481c4dcc20022dd4a196ddcc1,c87203a12406cc5114b7ffa2d8877465,False,0,1509,7.545,4828800.0,1509.0,1509.0,0.0,0.652440067507516,0.40806634781767426,0.40748533175924817,0.6587500000000001,0.34800128067524827,0.0,0.2577502835272605,0.6411477216369079,False,nan,reject,1.0,BAOAB,0.0,0.0
ULD,"ULD gamma=1, canonical",b914b1c481c4dcc20022dd4a196ddcc1,c87203a12406cc5114b7ffa2d8877465,False,1,1509,7.545,4828800.0,1509.0,1509.0,0.0,0.6627148933569782,0.4212595590734125,0.420689298242821,0.6737500000000001,0.3612321509333044,0.0,0.27145820154425127,0.6586477216369078,False,nan,reject,1.0,BAOAB,0.0,0.0
ULD,"ULD gamma=1, canonical",b914b1c481c4dcc20022dd4a196ddcc1,c87203a12406cc5114b7ffa2d8877465,False,2,1509,7.545,4828800.0,1509.0,1509.0,0.0,0.6499730816396448,0.40446121179790495,0.4038795926709281,0.65,0.33887132912532825,0.0,0.24972330006221805,0.6298977216369078,False,nan,reject,1.0,BAOAB,0.0,0.0
ULD,"ULD gamma=1, canonical",b914b1c481c4dcc20022dd4a196ddcc1,c87203a12406cc5114b7ffa2d8877465,False,3,1509,7.545,4828800.0,1509.0,1509.0,0.0,0.6579667893197259,0.41544017424015,0.41487021989782447,0.67,0.35429611249128734,0.0,0.2663742282444134,0.6523977216369079,False,nan,reject,1.0,BAOAB,0.0,0.0
ULD,"ULD gamma=1, canonical",b914b1c481c4dcc20022dd4a196ddcc1,c87203a12406cc5114b7ffa2d8877465,False,0,1569,7.845,5020800.0,1569.0,1569.0,0.0,0.6495274322382766,0.4045884378515415,0.40400437248421506,0.65375,0.3463646277710749,0.0,0.2532224175670501,0.6348977216369078,False,nan,reject,1.0,BAOAB,0.0,0.0
ULD,"ULD gamma=1, canonical",b914b1c481c4dcc20022dd4a196ddcc1,c87203a12406cc5114b7ffa2d8877465,False,1,1569,7.845,5020800.0,1569.0,1569.0,0.0,0.6621082229169116,0.4197817944807126,0.4192095071686761,0.6737500000000001,0.3600369317312151,0.0,0.26939767692796956,0.6561477216369078,False,nan,reject,1.0,BAOAB,0.0,0.0
ULD,"ULD gamma=1, canonical",b914b1c481c4dcc20022dd4a196ddcc1,c87203a12406cc5114b7ffa2d8877465,False,2,1569,7.845,5020800.0,1569.0,1569.0,0.0,0.6478986993863407,0.4008963017930486,0.40031157738610423,0.6475000000000001,0.33319215464964813,0.0,0.24886480530564353,0.6286477216369077,False,nan,reject,1.0,BAOAB,0.0,0.0
ULD,"ULD gamma=1, canonical",b914b1c481c4dcc20022dd4a196ddcc1,c87203a12406cc5114b7ffa2d8877465,False,3,1569,7.845,5020800.0,1569.0,1569.0,0.0,0.6567831644248361,0.41287216056626985,0.41229823342683236,0.67125,0.3541398422137253,0.0,0.2624620047805697,0.6473977216369078,False,nan,reject,1.0,BAOAB,0.0,0.0
ULD,"ULD gamma=1, canonical",b914b1c481c4dcc20022dd4a196ddcc1,c87203a12406cc5114b7ffa2d8877465,False,0,1628,8.14,5209600.0,1628.0,1628.0,0.0,0.6454576134525468,0.3986188074714533,0.39803286014381,0.6475000000000001,0.3384085863027181,0.0,0.24886480530564353,0.6286477216369077,False,nan,reject,1.0,BAOAB,0.0,0.0
ULD,"ULD gamma=1, canonical",b914b1c481c4dcc20022dd4a196ddcc1,c87203a12406cc5114b7ffa2d8877465,False,1,1628,8.14,5209600.0,1628.0,1628.0,0.0,0.6602272195625547,0.4180921661713358,0.4175186213212473,0.6725000000000001,0.35812850428767906,0.0,0.2653837194995967,0.6511477216369078,False,nan,reject,1.0,BAOAB,0.0,0.0
ULD,"ULD gamma=1, canonical",b914b1c481c4dcc20022dd4a196ddcc1,c87203a12406cc5114b7ffa2d8877465,False,2,1628,8.14,5209600.0,1628.0,1628.0,0.0,0.6462725185174906,0.39883839435080704,0.398250037441628,0.6475000000000001,0.3329308456903195,0.0,0.24716671863732104,0.6261477216369078,False,nan,reject,1.0,BAOAB,0.0,0.0
ULD,"ULD gamma=1, canonical",b914b1c481c4dcc20022dd4a196ddcc1,c87203a12406cc5114b7ffa2d8877465,False,3,1628,8.14,5209600.0,1628.0,1628.0,0.0,0.6566051911766703,0.4126455859044693,0.41206793437095446,0.66625,0.35342060006228415,0.0,0.2615042322544388,0.6461477216369078,False,nan,reject,1.0,BAOAB,0.0,0.0
ULD,"ULD gamma=1, canonical",b914b1c481c4dcc20022dd4a196ddcc1,c87203a12406cc5114b7ffa2d8877465,False,0,1688,8.44,5401600.0,1688.0,1688.0,0.0,0.6398118240693098,0.3917864167414392,0.3911987632546562,0.6475000000000001,0.3348046402096819,0.0,0.24716671863732104,0.6261477216369078,False,nan,reject,1.0,BAOAB,0.0,0.0
ULD,"ULD gamma=1, canonical",b914b1c481c4dcc20022dd4a196ddcc1,c87203a12406cc5114b7ffa2d8877465,False,1,1688,8.44,5401600.0,1688.0,1688.0,0.0,0.6579679199554025,0.41604461101279533,0.4154708890789113,0.6725000000000001,0.3569243541900915,0.0,0.2624620047805697,0.6473977216369078,False,nan,reject,1.0,BAOAB,0.0,0.0
ULD,"ULD gamma=1, canonical",b914b1c481c4dcc20022dd4a196ddcc1,c87203a12406cc5114b7ffa2d8877465,False,2,1688,8.44,5401600.0,1688.0,1688.0,0.0,0.6443439055706125,0.3957692998533351,0.39517864578115447,0.6475000000000001,0.33067438365393176,0.0,0.24549326130303512,0.6236477216369078,False,nan,reject,1.0,BAOAB,0.0,0.0
ULD,"ULD gamma=1, canonical",b914b1c481c4dcc20022dd4a196ddcc1,c87203a12406cc5114b7ffa2d8877465,False,3,1688,8.44,5401600.0,1688.0,1688.0,0.0,0.6561993290647126,0.4121153107589274,0.4115356103310135,0.6637500000000001,0.3509831093018385,0.0,0.25961208186553897,0.6436477216369079,False,nan,reject,1.0,BAOAB,0.0,0.0
ULD,"ULD gamma=1, canonical",b914b1c481c4dcc20022dd4a196ddcc1,c87203a12406cc5114b7ffa2d8877465,False,0,1747,8.735,5590400.0,1747.0,1747.0,0.0,0.6363887922703215,0.38753022771122503,0.38693984656034364,0.63625,0.3327972678124861,0.0,0.243843773086165,0.6211477216369079,False,nan,reject,1.0,BAOAB,0.0,0.0
ULD,"ULD gamma=1, canonical",b914b1c481c4dcc20022dd4a196ddcc1,c87203a12406cc5114b7ffa2d8877465,False,1,1747,8.735,5590400.0,1747.0,1747.0,0.0,0.6562152848039731,0.41328898244958434,0.41271400809345815,0.6675000000000001,0.3505494157289264,0.0,0.2605543009305054,0.6448977216369078,False,nan,reject,1.0,BAOAB,0.0,0.0
ULD,"ULD gamma=1, canonical",b914b1c481c4dcc20022dd4a196ddcc1,c87203a12406cc5114b7ffa2d8877465,False,2,1747,8.735,5590400.0,1747.0,1747.0,0.0,0.6411524691125106,0.39183070797956787,0.3912372414396601,0.6462500000000001,0.334743697124658,0.0,0.24549326130303512,0.6236477216369078,False,nan,reject,1.0,BAOAB,0.0,0.0
ULD,"ULD gamma=1, canonical",b914b1c481c4dcc20022dd4a196ddcc1,c87203a12406cc5114b7ffa2d8877465,False,3,1747,8.735,5590400.0,1747.0,1747.0,0.0,0.6552338053182583,0.4109417845487977,0.4103606763408316,0.6637500000000001,0.3467336100973367,0.0,0.2550124139347286,0.6373977216369078,False,nan,reject,1.0,BAOAB,0.0,0.0
ULD,"ULD gamma=1, canonical",b914b1c481c4dcc20022dd4a196ddcc1,c87203a12406cc5114b7ffa2d8877465,False,0,1806,9.03,5779200.0,1806.0,1806.0,0.0,0.63480285577556,0.3859028458294599,0.3853097510173963,0.6312500000000001,0.33233224717953036,0.0,0.23982086105082526,0.6148977216369078,False,nan,reject,1.0,BAOAB,0.0,0.0
ULD,"ULD gamma=1, canonical",b914b1c481c4dcc20022dd4a196ddcc1,c87203a12406cc5114b7ffa2d8877465,False,1,1806,9.03,5779200.0,1806.0,1806.0,0.0,0.6542073691251955,0.4104302866302334,0.40985367103167314,0.66,0.34545275503174433,0.0,0.2586774499059882,0.6423977216369079,False,nan,reject,1.0,BAOAB,0.0,0.0
ULD,"ULD gamma=1, canonical",b914b1c481c4dcc20022dd4a196ddcc1,c87203a12406cc5114b7ffa2d8877465,False,2,1806,9.03,5779200.0,1806.0,1806.0,0.0,0.6393323250632854,0.3901137623354205,0.3895192542469208,0.64375,0.33176289807836534,0.0,0.24302781968068685,0.6198977216369078,False,nan,reject,1.0,BAOAB,0.0,0.0
ULD,"ULD gamma=1, canonical",b914b1c481c4dcc20022dd4a196ddcc1,c87203a12406cc5114b7ffa2d8877465,False,3,1806,9.03,5779200.0,1806.0,1806.0,0.0,0.6519495996615808,0.4068780882267804,0.40629320531638724,0.6587500000000001,0.34460131272728245,0.0,0.2514596426984029,0.6323977216369079,False,nan,reject,1.0,BAOAB,0.0,0.0
ULD,"ULD gamma=1, canonical",b914b1c481c4dcc20022dd4a196ddcc1,c87203a12406cc5114b7ffa2d8877465,False,0,1866,9.33,5971200.0,1866.0,1866.0,0.0,0.6355248614718001,0.3860155299809528,0.3854226544254018,0.6275000000000001,0.32662464696114835,0.0,0.23747335782735152,0.6111477216369079,False,nan,reject,1.0,BAOAB,0.0,0.0
ULD,"ULD gamma=1, canonical",b914b1c481c4dcc20022dd4a196ddcc1,c87203a12406cc5114b7ffa2d8877465,False,1,1866,9.33,5971200.0,1866.0,1866.0,0.0,0.650686975405016,0.40578945950533885,0.40521104756074333,0.6587500000000001,0.34640946901107883,0.0,0.2577502835272605,0.6411477216369079,False,nan,reject,1.0,BAOAB,0.0,0.0
ULD,"ULD gamma=1, canonical",b914b1c481c4dcc20022dd4a196ddcc1,c87203a12406cc5114b7ffa2d8877465,False,2,1866,9.33,5971200.0,1866.0,1866.0,0.0,0.6371003400683943,0.38739263540129476,0.3867982802161818,0.6362500000000001,0.324738914519184,0.0,0.23982086105082526,0.6148977216369078,False,nan,reject,1.0,BAOAB,0.0,0.0
ULD,"ULD gamma=1, canonical",b914b1c481c4dcc20022dd4a196ddcc1,c87203a12406cc5114b7ffa2d8877465,False,3,1866,9.33,5971200.0,1866.0,1866.0,0.0,0.6459292868936343,0.39932454683302265,0.3987355221216071,0.6512500000000001,0.34134008574263885,0.0,0.24801264075937182,0.6273977216369078,False,nan,reject,1.0,BAOAB,0.0,0.0
ULD,"ULD gamma=1, canonical",b914b1c481c4dcc20022dd4a196ddcc1,c87203a12406cc5114b7ffa2d8877465,False,0,1925,9.625,6160000.0,1925.0,1925.0,0.0,0.6339084373131727,0.3843190342469237,0.38372406925095204,0.62375,0.32323106758644127,0.0,0.23517332900558918,0.6073977216369078,False,nan,reject,1.0,BAOAB,0.0,0.0
ULD,"ULD gamma=1, canonical",b914b1c481c4dcc20022dd4a196ddcc1,c87203a12406cc5114b7ffa2d8877465,False,1,1925,9.625,6160000.0,1925.0,1925.0,0.0,0.6479448538222499,0.40167082128297604,0.40109005617779936,0.65375,0.3434447481059576,0.0,0.2523376777570366,0.6336477216369079,False,nan,reject,1.0,BAOAB,0.0,0.0
ULD,"ULD gamma=1, canonical",b914b1c481c4dcc20022dd4a196ddcc1,c87203a12406cc5114b7ffa2d8877465,False,2,1925,9.625,6160000.0,1925.0,1925.0,0.0,0.6326697792375255,0.38279501490121304,0.3822012972535994,0.6312500000000001,0.3241917740639596,0.0,0.23593483582375335,0.6086477216369078,False,nan,reject,1.0,BAOAB,0.0,0.0
ULD,"ULD gamma=1, canonical",b914b1c481c4dcc20022dd4a196ddcc1,c87203a12406cc5114b7ffa2d8877465,False,3,1925,9.625,6160000.0,1925.0,1925.0,0.0,0.6413178258377477,0.3929431798951657,0.39235181892320425,0.6412500000000001,0.3352421439142128,0.0,0.24466556107253318,0.6223977216369079,False,nan,reject,1.0,BAOAB,0.0,0.0
ULD,"ULD gamma=1, canonical",b914b1c481c4dcc20022dd4a196ddcc1,c87203a12406cc5114b7ffa2d8877465,False,0,1984,9.92,6348800.0,1984.0,1984.0,0.0,0.6325368885617577,0.3825959783263656,0.3819985020964405,0.625,0.32297443646932067,0.0,0.2329191018235104,0.6036477216369078,False,nan,reject,1.0,BAOAB,0.0,0.0
ULD,"ULD gamma=1, canonical",b914b1c481c4dcc20022dd4a196ddcc1,c87203a12406cc5114b7ffa2d8877465,False,1,1984,9.92,6348800.0,1984.0,1984.0,0.0,0.6458835075251727,0.39938688227513364,0.3988042185012348,0.6525000000000001,0.3392284217718011,0.0,0.2523376777570366,0.6336477216369079,False,nan,reject,1.0,BAOAB,0.0,0.0
ULD,"ULD gamma=1, canonical",b914b1c481c4dcc20022dd4a196ddcc1,c87203a12406cc5114b7ffa2d8877465,False,2,1984,9.92,6348800.0,1984.0,1984.0,0.0,0.6303306533616252,0.3789795390928796,0.37838370056583803,0.6275,0.32115921968054295,0.0,0.23441691040804613,0.6061477216369078,False,nan,reject,1.0,BAOAB,0.0,0.0
ULD,"ULD gamma=1, canonical",b914b1c481c4dcc20022dd4a196ddcc1,c87203a12406cc5114b7ffa2d8877465,False,3,1984,9.92,6348800.0,1984.0,1984.0,0.0,0.6360679508446049,0.3862443573756681,0.3856502959767134,0.6375000000000001,0.3306279007037597,0.0,0.24061421725839804,0.6161477216369078,False,nan,reject,1.0,BAOAB,0.0,0.0
ULD,"ULD gamma=1, canonical",b914b1c481c4dcc20022dd4a196ddcc1,c87203a12406cc5114b7ffa2d8877465,False,0,2044,10.22,6540800.0,2044.0,2044.0,0.0,0.6319785329440408,0.3807297451221504,0.38012921897210117,0.6212500000000001,0.3205720355536844,0.0,0.2314409501215543,0.6011477216369079,False,nan,reject,1.0,BAOAB,0.0,0.0
ULD,"ULD gamma=1, canonical",b914b1c481c4dcc20022dd4a196ddcc1,c87203a12406cc5114b7ffa2d8877465,False,1,2044,10.22,6540800.0,2044.0,2044.0,0.0,0.644118149653737,0.396990137107176,0.3964039931165886,0.6462500000000001,0.3381369677418924,0.0,0.24716671863732104,0.6261477216369078,False,nan,reject,1.0,BAOAB,0.0,0.0
ULD,"ULD gamma=1, canonical",b914b1c481c4dcc20022dd4a196ddcc1,c87203a12406cc5114b7ffa2d8877465,False,2,2044,10.22,6540800.0,2044.0,2044.0,0.0,0.6290471996368981,0.3767871063740945,0.37618672998972147,0.6262500000000001,0.31859580486456196,0.0,0.2329191018235104,0.6036477216369078,False,nan,reject,1.0,BAOAB,0.0,0.0
ULD,"ULD gamma=1, canonical",b914b1c481c4dcc20022dd4a196ddcc1,c87203a12406cc5114b7ffa2d8877465,False,3,2044,10.22,6540800.0,2044.0,2044.0,0.0,0.6296378546079562,0.3775956445185671,0.3769977517710633,0.63375,0.32685084146098164,0.0,0.23670149146010055,0.6098977216369079,False,nan,reject,1.0,BAOAB,0.0,0.0
ULD,"ULD gamma=1, canonical",b914b1c481c4dcc20022dd4a196ddcc1,c87203a12406cc5114b7ffa2d8877465,False,0,2103,10.515,6729600.0,2103.0,2103.0,0.0,0.631522232614318,0.37957095138843067,0.3789688079931275,0.625,0.3213196967921801,0.0,0.2321775968673436,0.6023977216369079,False,nan,reject,1.0,BAOAB,0.0,0.0
ULD,"ULD gamma=1, canonical",b914b1c481c4dcc20022dd4a196ddcc1,c87203a12406cc5114b7ffa2d8877465,False,1,2103,10.515,6729600.0,2103.0,2103.0,0.0,0.6443647876316141,0.39626217017018095,0.3956735772026799,0.6425000000000001,0.33311424355234986,0.0,0.2463269533251169,0.6248977216369078,False,nan,reject,1.0,BAOAB,0.0,0.0
ULD,"ULD gamma=1, canonical",b914b1c481c4dcc20022dd4a196ddcc1,c87203a12406cc5114b7ffa2d8877465,False,2,2103,10.515,6729600.0,2103.0,2103.0,0.0,0.6301279250115456,0.37719185664578114,0.3765887286610793,0.62375,0.31732013081951904,0.0,0.2329191018235104,0.6036477216369078,False,nan,reject,1.0,BAOAB,0.0,0.0
ULD,"ULD gamma=1, canonical",b914b1c481c4dcc20022dd4a196ddcc1,c87203a12406cc5114b7ffa2d8877465,False,3,2103,10.515,6729600.0,2103.0,2103.0,0.0,0.62563897964798,0.3731361001197546,0.37253242468061154,0.6262500000000001,0.3261494220797526,0.0,0.23441691040804613,0.6061477216369078,False,nan,reject,1.0,BAOAB,0.0,0.0
ULD,"ULD gamma=1, canonical",b914b1c481c4dcc20022dd4a196ddcc1,c87203a12406cc5114b7ffa2d8877465,False,0,2162,10.81,6918400.0,2162.0,2162.0,0.0,0.6296131499284697,0.3771428844884689,0.37654090141428354,0.6225,0.3195642961935511,0.0,0.2321775968673436,0.6023977216369079,False,nan,reject,1.0,BAOAB,0.0,0.0
ULD,"ULD gamma=1, canonical",b914b1c481c4dcc20022dd4a196ddcc1,c87203a12406cc5114b7ffa2d8877465,False,1,2162,10.81,6918400.0,2162.0,2162.0,0.0,0.642999430316362,0.39368643265447223,0.39309548951695106,0.64,0.3293977265232685,0.0,0.24221762501317406,0.6186477216369078,False,nan,reject,1.0,BAOAB,0.0,0.0
ULD,"ULD gamma=1, canonical",b914b1c481c4dcc20022dd4a196ddcc1,c87203a12406cc5114b7ffa2d8877465,False,2,2162,10.81,6918400.0,2162.0,2162.0,0.0,0.6315810778764623,0.37874207745383215,0.37813713256263404,0.6200000000000001,0.31858210845689605,0.0,0.2329191018235104,0.6036477216369078,False,nan,reject,1.0,BAOAB,0.0,0.0
ULD,"ULD gamma=1, canonical",b914b1c481c4dcc20022dd4a196ddcc1,c87203a12406cc5114b7ffa2d8877465,False,3,2162,10.81,6918400.0,2162.0,2162.0,0.0,0.6269429384580474,0.3738699129766295,0.3732625940846439,0.6162500000000001,0.32000103538743785,0.0,0.2321775968673436,0.6023977216369079,False,nan,reject,1.0,BAOAB,0.0,0.0
ULD,"ULD gamma=1, canonical",b914b1c481c4dcc20022dd4a196ddcc1,c87203a12406cc5114b7ffa2d8877465,False,0,2222,11.11,7110400.0,2222.0,2222.0,0.0,0.6260825962507739,0.3729812204004578,0.3723763800882828,0.6212500000000001,0.3154874190556959,0.0,0.2314409501215543,0.6011477216369079,False,nan,reject,1.0,BAOAB,0.0,0.0
ULD,"ULD gamma=1, canonical",b914b1c481c4dcc20022dd4a196ddcc1,c87203a12406cc5114b7ffa2d8877465,False,1,2222,11.11,7110400.0,2222.0,2222.0,0.0,0.6400068480504862,0.3900076583565234,0.389414103406712,0.64,0.32990748802938497,0.0,0.24061421725839804,0.6161477216369078,False,nan,reject,1.0,BAOAB,0.0,0.0
ULD,"ULD gamma=1, canonical",b914b1c481c4dcc20022dd4a196ddcc1,c87203a12406cc5114b7ffa2d8877465,False,2,2222,11.11,7110400.0,2222.0,2222.0,0.0,0.6312072768875341,0.37827112184465617,0.37766578410748053,0.6212500000000001,0.3171769689222743,0.0,0.2321775968673436,0.6023977216369079,False,nan,reject,1.0,BAOAB,0.0,0.0
ULD,"ULD gamma=1, canonical",b914b1c481c4dcc20022dd4a196ddcc1,c87203a12406cc5114b7ffa2d8877465,False,3,2222,11.11,7110400.0,2222.0,2222.0,0.0,0.6287722292148146,0.37549144661096245,0.3748836774937331,0.6175,0.32121522136837,0.0,0.23070910699870184,0.5998977216369079,False,nan,reject,1.0,BAOAB,0.0,0.0
ULD,"ULD gamma=1, canonical",b914b1c481c4dcc20022dd4a196ddcc1,c87203a12406cc5114b7ffa2d8877465,False,0,2281,11.405,7299200.0,2281.0,2281.0,0.0,0.6239714837993886,0.3702333239111334,0.3696242872228577,0.615,0.3184720339145254,0.0,0.227828716799374,0.5948977216369078,False,nan,reject,1.0,BAOAB,0.0,0.0
ULD,"ULD gamma=1, canonical",b914b1c481c4dcc20022dd4a196ddcc1,c87203a12406cc5114b7ffa2d8877465,False,1,2281,11.405,7299200.0,2281.0,2281.0,0.0,0.6399106925354126,0.3893964728346271,0.388800950440358,0.635,0.32475609301547126,0.0,0.23903297723138478,0.6136477216369078,False,nan,reject,1.0,BAOAB,0.0,0.0
ULD,"ULD gamma=1, canonical",b914b1c481c4dcc20022dd4a196ddcc1,c87203a12406cc5114b7ffa2d8877465,False,2,2281,11.405,7299200.0,2281.0,2281.0,0.0,0.6307699485191884,0.37741860712473585,0.37681349660011554,0.6175,0.3142627042801712,0.0,0.23070910699870184,0.5998977216369079,False,nan,reject,1.0,BAOAB,0.0,0.0
ULD,"ULD gamma=1, canonical",b914b1c481c4dcc20022dd4a196ddcc1,c87203a12406cc5114b7ffa2d8877465,False,3,2281,11.405,7299200.0,2281.0,2281.0,0.0,0.6284985306086213,0.37446267841983005,0.37385451852741947,0.6212500000000001,0.31586843887959626,0.0,0.22854186979001712,0.5961477216369078,False,nan,reject,1.0,BAOAB,0.0,0.0
ULD,"ULD gamma=1, canonical",b914b1c481c4dcc20022dd4a196ddcc1,c87203a12406cc5114b7ffa2d8877465,False,0,2341,11.705,7491200.0,2341.0,2341.0,0.0,0.6234873093711546,0.3695241864347434,0.3689152552192585,0.6162500000000001,0.313889131725658,0.0,0.2264160020554838,0.5923977216369078,False,nan,reject,1.0,BAOAB,0.0,0.0
ULD,"ULD gamma=1, canonical",b914b1c481c4dcc20022dd4a196ddcc1,c87203a12406cc5114b7ffa2d8877465,False,1,2341,11.705,7491200.0,2341.0,2341.0,0.0,0.6389317573360646,0.38797783590416646,0.3873796826025153,0.6362500000000001,0.3293031711627523,0.0,0.23903297723138478,0.6136477216369078,False,nan,reject,1.0,BAOAB,0.0,0.0
ULD,"ULD gamma=1, canonical",b914b1c481c4dcc20022dd4a196ddcc1,c87203a12406cc5114b7ffa2d8877465,False,2,2341,11.705,7491200.0,2341.0,2341.0,0.0,0.6285859917866541,0.3750521821371944,0.3744464574466031,0.6162500000000001,0.3139173752964608,0.0,0.2299820140102503,0.5986477216369078,False,nan,reject,1.0,BAOAB,0.0,0.0
ULD,"ULD gamma=1, canonical",b914b1c481c4dcc20022dd4a196ddcc1,c87203a12406cc5114b7ffa2d8877465,False,3,2341,11.705,7491200.0,2341.0,2341.0,0.0,0.6240445137130697,0.36997500834894037,0.36936453579533446,0.6175,0.3139361930273096,0.0,0.227828716799374,0.5948977216369078,False,nan,reject,1.0,BAOAB,0.0,0.0
ULD,"ULD gamma=1, canonical",b914b1c481c4dcc20022dd4a196ddcc1,c87203a12406cc5114b7ffa2d8877465,False,0,2400,12.0,7680000.0,2400.0,2400.0,0.0,0.6244927072513742,0.37036904143721805,0.36976108095409344,0.615,0.3118627124295704,0.0,0.2264160020554838,0.5923977216369078,False,nan,reject,1.0,BAOAB,0.0,0.0
ULD,"ULD gamma=1, canonical",b914b1c481c4dcc20022dd4a196ddcc1,c87203a12406cc5114b7ffa2d8877465,False,1,2400,12.0,7680000.0,2400.0,2400.0,0.0,0.6342198565744889,0.3829865462195382,0.3823861884637204,0.6325000000000001,0.3264752030606821,0.0,0.23825049819478517,0.6123977216369079,False,nan,reject,1.0,BAOAB,0.0,0.0
ULD,"ULD gamma=1, canonical",b914b1c481c4dcc20022dd4a196ddcc1,c87203a12406cc5114b7ffa2d8877465,False,2,2400,12.0,7680000.0,2400.0,2400.0,0.0,0.6253417937640251,0.3716560278801333,0.37104912975615534,0.6175,0.3117009428572203,0.0,0.227828716799374,0.5948977216369078,False,nan,reject,1.0,BAOAB,0.0,0.0
ULD,"ULD gamma=1, canonical",b914b1c481c4dcc20022dd4a196ddcc1,c87203a12406cc5114b7ffa2d8877465,False,3,2400,12.0,7680000.0,2400.0,2400.0,0.0,0.6197629435411849,0.36503396158034973,0.36442216999818156,0.6112500000000001,0.31252425762650204,0.0,0.22433019517166858,0.5886477216369078,False,nan,reject,1.0,BAOAB,0.0,0.0
ULD,"ULD gamma=1, canonical",b914b1c481c4dcc20022dd4a196ddcc1,c87203a12406cc5114b7ffa2d8877465,False,0,2459,12.295,7868800.0,2459.0,2459.0,0.0,0.6258429269548555,0.37203518645121847,0.3714277845775672,0.6175,0.3118343452896505,0.0,0.2257163443465696,0.5911477216369079,False,nan,reject,1.0,BAOAB,0.0,0.0
ULD,"ULD gamma=1, canonical",b914b1c481c4dcc20022dd4a196ddcc1,c87203a12406cc5114b7ffa2d8877465,False,1,2459,12.295,7868800.0,2459.0,2459.0,0.0,0.6320394568511086,0.38022942117337966,0.37962856539910805,0.6275000000000001,0.32338685344750917,0.0,0.23593483582375335,0.6086477216369078,False,nan,reject,1.0,BAOAB,0.0,0.0
ULD,"ULD gamma=1, canonical",b914b1c481c4dcc20022dd4a196ddcc1,c87203a12406cc5114b7ffa2d8877465,False,2,2459,12.295,7868800.0,2459.0,2459.0,0.0,0.622031856734213,0.3687560743530911,0.36814856897775117,0.6125,0.31411784634287265,0.0,0.2264160020554838,0.5923977216369078,False,nan,reject,1.0,BAOAB,0.0,0.0
ULD,"ULD gamma=1, canonical",b914b1c481c4dcc20022dd4a196ddcc1,c87203a12406cc5114b7ffa2d8877465,False,3,2459,12.295,7868800.0,2459.0,2459.0,0.0,0.6182944766587559,0.36302115527194756,0.3624095390151997,0.6050000000000001,0.30717356671503016,0.0,0.22296130034834058,0.5861477216369078,False,nan,reject,1.0,BAOAB,0.0,0.0
ULD,"ULD gamma=1, canonical",b914b1c481c4dcc20022dd4a196ddcc1,c87203a12406cc5114b7ffa2d8877465,False,0,2519,12.595,8060800.0,2519.0,2519.0,0.0,0.6241414364827442,0.3707315137656356,0.370123345660619,0.6112500000000001,0.3107151847243611,0.0,0.22502109062983738,0.5898977216369079,False,nan,reject,1.0,BAOAB,0.0,0.0
ULD,"ULD gamma=1, canonical",b914b1c481c4dcc20022dd4a196ddcc1,c87203a12406cc5114b7ffa2d8877465,False,1,2519,12.595,8060800.0,2519.0,2519.0,0.0,0.6324882488343607,0.37991337189985563,0.37931179614868815,0.62875,0.32054451048192745,0.0,0.23517332900558918,0.6073977216369078,False,nan,reject,1.0,BAOAB,0.0,0.0
ULD,"ULD gamma=1, canonical",b914b1c481c4dcc20022dd4a196ddcc1,c87203a12406cc5114b7ffa2d8877465,False,2,2519,12.595,8060800.0,2519.0,2519.0,0.0,0.6206754494574493,0.36586283293972155,0.36525408911739965,0.6112500000000001,0.30955087628000977,0.0,0.2257163443465696,0.5911477216369079,False,nan,reject,1.0,BAOAB,0.0,0.0
ULD,"ULD gamma=1, canonical",b914b1c481c4dcc20022dd4a196ddcc1,c87203a12406cc5114b7ffa2d8877465,False,3,2519,12.595,8060800.0,2519.0,2519.0,0.0,0.6188734556990013,0.363327816975864,0.3627158849618296,0.605,0.30644863206919504,0.0,0.22093954968421167,0.5823977216369078,False,nan,reject,1.0,BAOAB,0.0,0.0
ULD,"ULD gamma=1, canonical",b914b1c481c4dcc20022dd4a196ddcc1,c87203a12406cc5114b7ffa2d8877465,False,0,2578,12.89,8249600.0,2578.0,2578.0,0.0,0.6183932288007616,0.3650646788695374,0.36445573533010434,0.61375,0.31015236169989124,0.0,0.22433019517166858,0.5886477216369078,False,nan,reject,1.0,BAOAB,0.0,0.0
ULD,"ULD gamma=1, canonical",b914b1c481c4dcc20022dd4a196ddcc1,c87203a12406cc5114b7ffa2d8877465,False,1,2578,12.89,8249600.0,2578.0,2578.0,0.0,0.6310334452122087,0.37866047882327314,0.37805533172716044,0.6225,0.32246622330634256,0.0,0.23517332900558918,0.6073977216369078,False,nan,reject,1.0,BAOAB,0.0,0.0
ULD,"ULD gamma=1, canonical",b914b1c481c4dcc20022dd4a196ddcc1,c87203a12406cc5114b7ffa2d8877465,False,2,2578,12.89,8249600.0,2578.0,2578.0,0.0,0.617976152353274,0.3629387067034182,0.3623263104334947,0.6100000000000001,0.31175087107238664,0.0,0.2257163443465696,0.5911477216369079,False,nan,reject,1.0,BAOAB,0.0,0.0
ULD,"ULD gamma=1, canonical",b914b1c481c4dcc20022dd4a196ddcc1,c87203a12406cc5114b7ffa2d8877465,False,3,2578,12.89,8249600.0,2578.0,2578.0,0.0,0.6194167206957779,0.36314376819656,0.36253059280994726,0.60375,0.3056706883668846,0.0,0.22027388971112008,0.5811477216369079,False,nan,reject,1.0,BAOAB,0.0,0.0
ULD,"ULD gamma=1, canonical",b914b1c481c4dcc20022dd4a196ddcc1,c87203a12406cc5114b7ffa2d8877465,False,0,2638,13.19,8441600.0,2638.0,2638.0,0.0,0.6136795113141316,0.35904657673964613,0.35843654325645213,0.6012500000000001,0.30595806828837113,0.0,0.22160931070520806,0.5836477216369078,False,nan,reject,1.0,BAOAB,0.0,0.0
ULD,"ULD gamma=1, canonical",b914b1c481c4dcc20022dd4a196ddcc1,c87203a12406cc5114b7ffa2d8877465,False,1,2638,13.19,8441600.0,2638.0,2638.0,0.0,0.6295025291462479,0.37695459649521823,0.3763483758424264,0.625,0.3216409161054157,0.0,0.2321775968673436,0.6023977216369079,False,nan,reject,1.0,BAOAB,0.0,0.0
ULD,"ULD gamma=1, canonical",b914b1c481c4dcc20022dd4a196ddcc1,c87203a12406cc5114b7ffa2d8877465,False,2,2638,13.19,8441600.0,2638.0,2638.0,0.0,0.6186768383632859,0.36331071506478974,0.36269711128740467,0.6050000000000001,0.3086474082701173,0.0,0.22502109062983738,0.5898977216369079,False,nan,reject,1.0,BAOAB,0.0,0.0
ULD,"ULD gamma=1, canonical",b914b1c481c4dcc20022dd4a196ddcc1,c87203a12406cc5114b7ffa2d8877465,False,3,2638,13.19,8441600.0,2638.0,2638.0,0.0,0.6192956542324326,0.3629941228474344,0.3623795242873782,0.60375,0.30622540600643977,0.0,0.22093954968421167,0.5823977216369078,False,nan,reject,1.0,BAOAB,0.0,0.0
ULD,"ULD gamma=1, canonical",b914b1c481c4dcc20022dd4a196ddcc1,c87203a12406cc5114b7ffa2d8877465,False,0,2697,13.485,8630400.0,2697.0,2697.0,0.0,0.6092636220504752,0.35422659998686157,0.35361464952535304,0.5950000000000001,0.30597326370495714,0.0,0.22093954968421167,0.5823977216369078,False,nan,reject,1.0,BAOAB,0.0,0.0
ULD,"ULD gamma=1, canonical",b914b1c481c4dcc20022dd4a196ddcc1,c87203a12406cc5114b7ffa2d8877465,False,1,2697,13.485,8630400.0,2697.0,2697.0,0.0,0.6272815419777272,0.3751276471214705,0.37452205871905997,0.62,0.32151551093666586,0.0,0.23070910699870184,0.5998977216369079,False,nan,reject,1.0,BAOAB,0.0,0.0
ULD,"ULD gamma=1, canonical",b914b1c481c4dcc20022dd4a196ddcc1,c87203a12406cc5114b7ffa2d8877465,False,2,2697,13.485,8630400.0,2697.0,2697.0,0.0,0.6189556350422336,0.3629372333433809,0.3623226669303111,0.6100000000000001,0.3069343293142466,0.0,0.22296130034834058,0.5861477216369078,False,nan,reject,1.0,BAOAB,0.0,0.0
ULD,"ULD gamma=1, canonical",b914b1c481c4dcc20022dd4a196ddcc1,c87203a12406cc5114b7ffa2d8877465,False,3,2697,13.485,8630400.0,2697.0,2697.0,0.0,0.6165199082911736,0.3615442749129223,0.3609257413910758,0.6025,0.30780255641021825,0.0,0.21830111766441093,0.5773977216369078,False,nan,reject,1.0,BAOAB,0.0,0.0
ULD,"ULD gamma=1, canonical",b914b1c481c4dcc20022dd4a196ddcc1,c87203a12406cc5114b7ffa2d8877465,False,0,2756,13.780000000000001,8819200.0,2756.0,2756.0,0.0,0.6072506090751154,0.3520018650054215,0.35138806211246,0.5925,0.30425333754439887,0.0,0.21830111766441093,0.5773977216369078,False,nan,reject,1.0,BAOAB,0.0,0.0
ULD,"ULD gamma=1, canonical",b914b1c481c4dcc20022dd4a196ddcc1,c87203a12406cc5114b7ffa2d8877465,False,1,2756,13.780000000000001,8819200.0,2756.0,2756.0,0.0,0.6256339570204879,0.37223374428957856,0.371628485060866,0.6162500000000001,0.3117472234180647,0.0,0.2299820140102503,0.5986477216369078,False,nan,reject,1.0,BAOAB,0.0,0.0
ULD,"ULD gamma=1, canonical",b914b1c481c4dcc20022dd4a196ddcc1,c87203a12406cc5114b7ffa2d8877465,False,2,2756,13.780000000000001,8819200.0,2756.0,2756.0,0.0,0.6167127131885847,0.3598096508087354,0.35919202532418804,0.6025,0.3083692785591341,0.0,0.22296130034834058,0.5861477216369078,False,nan,reject,1.0,BAOAB,0.0,0.0
ULD,"ULD gamma=1, canonical",b914b1c481c4dcc20022dd4a196ddcc1,c87203a12406cc5114b7ffa2d8877465,False,3,2756,13.780000000000001,8819200.0,2756.0,2756.0,0.0,0.6153356117811395,0.359882581969194,0.35926386279797584,0.5950000000000001,0.304678077047699,0.0,0.21830111766441093,0.5773977216369078,False,nan,reject,1.0,BAOAB,0.0,0.0
ULD,"ULD gamma=1, canonical",b914b1c481c4dcc20022dd4a196ddcc1,c87203a12406cc5114b7ffa2d8877465,False,0,2816,14.08,9011200.0,2816.0,2816.0,0.0,0.6080815586361881,0.3525724872821431,0.35195494925838333,0.5950000000000001,0.30363448889994815,0.0,0.21700572327697354,0.5748977216369078,False,nan,reject,1.0,BAOAB,0.0,0.0
ULD,"ULD gamma=1, canonical",b914b1c481c4dcc20022dd4a196ddcc1,c87203a12406cc5114b7ffa2d8877465,False,1,2816,14.08,9011200.0,2816.0,2816.0,0.0,0.6211468694749546,0.36735485363648324,0.3667465508744414,0.61375,0.31588246566656863,0.0,0.22925961873522077,0.5973977216369077,False,nan,reject,1.0,BAOAB,0.0,0.0
ULD,"ULD gamma=1, canonical",b914b1c481c4dcc20022dd4a196ddcc1,c87203a12406cc5114b7ffa2d8877465,False,2,2816,14.08,9011200.0,2816.0,2816.0,0.0,0.614264771778555,0.3562697484303857,0.3556505736448178,0.5975,0.3052570599939689,0.0,0.22027388971112008,0.5811477216369079,False,nan,reject,1.0,BAOAB,0.0,0.0
ULD,"ULD gamma=1, canonical",b914b1c481c4dcc20022dd4a196ddcc1,c87203a12406cc5114b7ffa2d8877465,False,3,2816,14.08,9011200.0,2816.0,2816.0,0.0,0.6117239018856859,0.35580764317726177,0.35518861465356777,0.59375,0.30547052112370854,0.0,0.21509156943368268,0.5711477216369079,False,nan,reject,1.0,BAOAB,0.0,0.0
ULD,"ULD gamma=1, canonical",b914b1c481c4dcc20022dd4a196ddcc1,c87203a12406cc5114b7ffa2d8877465,False,0,2875,14.375,9200000.0,2875.0,2875.0,0.0,0.6101913044918985,0.354564299936155,0.35394473003962423,0.59125,0.301865982027117,0.0,0.21636384980847895,0.5736477216369078,False,nan,reject,1.0,BAOAB,0.0,0.0
ULD,"ULD gamma=1, canonical",b914b1c481c4dcc20022dd4a196ddcc1,c87203a12406cc5114b7ffa2d8877465,False,1,2875,14.375,9200000.0,2875.0,2875.0,0.0,0.6202169862156506,0.36541417775611207,0.36480483050618306,0.6100000000000001,0.30925800829019257,0.0,0.22712011036837376,0.5936477216369078,False,nan,reject,1.0,BAOAB,0.0,0.0
ULD,"ULD gamma=1, canonical",b914b1c481c4dcc20022dd4a196ddcc1,c87203a12406cc5114b7ffa2d8877465,False,2,2875,14.375,9200000.0,2875.0,2875.0,0.0,0.6130449637038731,0.3560755266236362,0.3554562808853736,0.5987500000000001,0.3038712601001672,0.0,0.21830111766441093,0.5773977216369078,False,nan,reject,1.0,BAOAB,0.0,0.0
ULD,"ULD gamma=1, canonical",b914b1c481c4dcc20022dd4a196ddcc1,c87203a12406cc5114b7ffa2d8877465,False,3,2875,14.375,9200000.0,2875.0,2875.0,0.0,0.6078100988876307,0.3512396184163362,0.3506199008429671,0.5900000000000001,0.3019282309711301,0.0,0.21446109200748398,0.5698977216369079,False,nan,reject,1.0,BAOAB,0.0,0.0
ULD,"ULD gamma=1, canonical",b914b1c481c4dcc20022dd4a196ddcc1,c87203a12406cc5114b7ffa2d8877465,False,0,2934,14.67,9388800.0,2934.0,2934.0,0.0,0.6104267551070305,0.35389897121802993,0.35327682498753665,0.5887500000000001,0.3003850084286491,0.0,0.21446109200748398,0.5698977216369079,False,nan,reject,1.0,BAOAB,0.0,0.0
ULD,"ULD gamma=1, canonical",b914b1c481c4dcc20022dd4a196ddcc1,c87203a12406cc5114b7ffa2d8877465,False,1,2934,14.67,9388800.0,2934.0,2934.0,0.0,0.61938784020798,0.36523807723057866,0.3646274351152382,0.60875,0.31177529831869766,0.0,0.22433019517166858,0.5886477216369078,False,nan,reject,1.0,BAOAB,0.0,0.0
ULD,"ULD gamma=1, canonical",b914b1c481c4dcc20022dd4a196ddcc1,c87203a12406cc5114b7ffa2d8877465,False,2,2934,14.67,9388800.0,2934.0,2934.0,0.0,0.6111235879679845,0.35462745924532335,0.3540091434400786,0.5925,0.30375617094100404,0.0,0.21765146696084364,0.5761477216369078,False,nan,reject,1.0,BAOAB,0.0,0.0
ULD,"ULD gamma=1, canonical",b914b1c481c4dcc20022dd4a196ddcc1,c87203a12406cc5114b7ffa2d8877465,False,3,2934,14.67,9388800.0,2934.0,2934.0,0.0,0.6050867203378516,0.34713874418133484,0.34651795883933645,0.5875,0.3008754354557138,0.0,0.21509156943368268,0.5711477216369079,False,nan,reject,1.0,BAOAB,0.0,0.0
ULD,"ULD gamma=1, canonical",b914b1c481c4dcc20022dd4a196ddcc1,c87203a12406cc5114b7ffa2d8877465,False,0,2994,14.97,9580800.0,2994.0,2994.0,0.0,0.6080864543781435,0.3507377344864866,0.3501138992775401,0.5887500000000001,0.29898222089072335,0.0,0.21383434372821114,0.5686477216369079,False,nan,reject,1.0,BAOAB,0.0,0.0
ULD,"ULD gamma=1, canonical",b914b1c481c4dcc20022dd4a196ddcc1,c87203a12406cc5114b7ffa2d8877465,False,1,2994,14.97,9580800.0,2994.0,2994.0,0.0,0.6195525166827023,0.36493848408128005,0.3643278547605765,0.6112500000000001,0.3093987807981339,0.0,0.22296130034834058,0.5861477216369078,False,nan,reject,1.0,BAOAB,0.0,0.0
ULD,"ULD gamma=1, canonical",b914b1c481c4dcc20022dd4a196ddcc1,c87203a12406cc5114b7ffa2d8877465,False,2,2994,14.97,9580800.0,2994.0,2994.0,0.0,0.6087325913399695,0.3528263652754946,0.35220929276877,0.5962500000000001,0.30162135870046103,0.0,0.21830111766441093,0.5773977216369078,False,nan,reject,1.0,BAOAB,0.0,0.0
ULD,"ULD gamma=1, canonical",b914b1c481c4dcc20022dd4a196ddcc1,c87203a12406cc5114b7ffa2d8877465,False,3,2994,14.97,9580800.0,2994.0,2994.0,0.0,0.6032582186825879,0.345942170950599,0.34532008951852455,0.58625,0.2996274161272916,0.0,0.21383434372821114,0.5686477216369079,False,nan,reject,1.0,BAOAB,0.0,0.0
ULD,"ULD gamma=1, canonical",b914b1c481c4dcc20022dd4a196ddcc1,c87203a12406cc5114b7ffa2d8877465,False,0,3053,15.265,9769600.0,3053.0,3053.0,0.0,0.6049815389505417,0.34750299571123866,0.34687862562668603,0.5787500000000001,0.29834286256703435,0.0,0.20895066484553326,0.5586477216369078,False,nan,reject,1.0,BAOAB,0.0,0.0
ULD,"ULD gamma=1, canonical",b914b1c481c4dcc20022dd4a196ddcc1,c87203a12406cc5114b7ffa2d8877465,False,1,3053,15.265,9769600.0,3053.0,3053.0,0.0,0.6188337290468576,0.36460098139456365,0.363988650242125,0.6012500000000001,0.3110618922469236,0.0,0.2222832137010122,0.5848977216369078,False,nan,reject,1.0,BAOAB,0.0,0.0
ULD,"ULD gamma=1, canonical",b914b1c481c4dcc20022dd4a196ddcc1,c87203a12406cc5114b7ffa2d8877465,False,2,3053,15.265,9769600.0,3053.0,3053.0,0.0,0.606994469294448,0.35135401617310946,0.3507375706026661,0.59125,0.30048892270036676,0.0,0.215725810380714,0.5723977216369078,False,nan,reject,1.0,BAOAB,0.0,0.0
ULD,"ULD gamma=1, canonical",b914b1c481c4dcc20022dd4a196ddcc1,c87203a12406cc5114b7ffa2d8877465,False,3,3053,15.265,9769600.0,3053.0,3053.0,0.0,0.6040303184762755,0.34649925364971346,0.3458765161731193,0.58625,0.29882819182508913,0.0,0.21321129079428686,0.5673977216369078,False,nan,reject,1.0,BAOAB,0.0,0.0
ULD,"ULD gamma=1, canonical",b914b1c481c4dcc20022dd4a196ddcc1,c87203a12406cc5114b7ffa2d8877465,False,0,3112,15.56,9958400.0,3112.0,3112.0,0.0,0.600606603212191,0.3429371017882543,0.3423111946763364,0.57625,0.293462612417574,0.0,0.2071769529626386,0.5548977216369078,False,nan,reject,1.0,BAOAB,0.0,0.0
ULD,"ULD gamma=1, canonical",b914b1c481c4dcc20022dd4a196ddcc1,c87203a12406cc5114b7ffa2d8877465,False,1,3112,15.56,9958400.0,3112.0,3112.0,0.0,0.6162635042907525,0.36202686856338073,0.3614113882011165,0.5975,0.3092405110990172,0.0,0.22027388971112008,0.5811477216369079,False,nan,reject,1.0,BAOAB,0.0,0.0
ULD,"ULD gamma=1, canonical",b914b1c481c4dcc20022dd4a196ddcc1,c87203a12406cc5114b7ffa2d8877465,False,2,3112,15.56,9958400.0,3112.0,3112.0,0.0,0.6056737602797541,0.34987474739002367,0.34925658243746993,0.58375,0.29770905104122103,0.0,0.21446109200748398,0.5698977216369079,False,nan,reject,1.0,BAOAB,0.0,0.0
ULD,"ULD gamma=1, canonical",b914b1c481c4dcc20022dd4a196ddcc1,c87203a12406cc5114b7ffa2d8877465,False,3,3112,15.56,9958400.0,3112.0,3112.0,0.0,0.603863141514141,0.345459184511795,0.3448327796940057,0.58375,0.2978989225034194,0.0,0.2125918999632181,0.5661477216369077,False,nan,reject,1.0,BAOAB,0.0,0.0
ULD,"ULD gamma=1, canonical",b914b1c481c4dcc20022dd4a196ddcc1,c87203a12406cc5114b7ffa2d8877465,False,0,3172,15.860000000000001,10150400.0,3172.0,3172.0,0.0,0.5979646087255615,0.339869611707303,0.33924171188665175,0.57125,0.29365574088848057,0.0,0.20601131519130356,0.5523977216369078,False,nan,reject,1.0,BAOAB,0.0,0.0
ULD,"ULD gamma=1, canonical",b914b1c481c4dcc20022dd4a196ddcc1,c87203a12406cc5114b7ffa2d8877465,False,1,3172,15.860000000000001,10150400.0,3172.0,3172.0,0.0,0.6131212309761356,0.3588124066588656,0.3581945493397769,0.6000000000000001,0.31026177773296393,0.0,0.21765146696084364,0.5761477216369078,False,nan,reject,1.0,BAOAB,0.0,0.0
ULD,"ULD gamma=1, canonical",b914b1c481c4dcc20022dd4a196ddcc1,c87203a12406cc5114b7ffa2d8877465,False,2,3172,15.860000000000001,10150400.0,3172.0,3172.0,0.0,0.6035949645502825,0.34771838460697135,0.34709818373371204,0.5800000000000001,0.29926156543345606,0.0,0.2125918999632181,0.5661477216369077,False,nan,reject,1.0,BAOAB,0.0,0.0
ULD,"ULD gamma=1, canonical",b914b1c481c4dcc20022dd4a196ddcc1,c87203a12406cc5114b7ffa2d8877465,False,3,3172,15.860000000000001,10150400.0,3172.0,3172.0,0.0,0.6014700410109635,0.34278641339142046,0.3421564797113311,0.5825,0.29685590606896506,0.0,0.20954875141341062,0.5598977216369079,False,nan,reject,1.0,BAOAB,0.0,0.0
ULD,"ULD gamma=1, canonical",b914b1c481c4dcc20022dd4a196ddcc1,c87203a12406cc5114b7ffa2d8877465,False,0,3231,16.155,10339200.0,3231.0,3231.0,0.0,0.5965077204057091,0.3377972189651537,0.3371679427535126,0.5700000000000001,0.29211834009609516,0.0,0.20428756070031265,0.5486477216369079,False,nan,reject,1.0,BAOAB,0.0,0.0
ULD,"ULD gamma=1, canonical",b914b1c481c4dcc20022dd4a196ddcc1,c87203a12406cc5114b7ffa2d8877465,False,1,3231,16.155,10339200.0,3231.0,3231.0,0.0,0.6129758636125061,0.3575666293723586,0.35694912784555044,0.59375,0.3030472555591375,0.0,0.21383434372821114,0.5686477216369079,False,nan,reject,1.0,BAOAB,0.0,0.0
ULD,"ULD gamma=1, canonical",b914b1c481c4dcc20022dd4a196ddcc1,c87203a12406cc5114b7ffa2d8877465,False,2,3231,16.155,10339200.0,3231.0,3231.0,0.0,0.6024935344075619,0.34603815647582936,0.34541473269300305,0.5775,0.2996990021166329,0.0,0.21197613853875463,0.5648977216369078,False,nan,reject,1.0,BAOAB,0.0,0.0
ULD,"ULD gamma=1, canonical",b914b1c481c4dcc20022dd4a196ddcc1,c87203a12406cc5114b7ffa2d8877465,False,3,3231,16.155,10339200.0,3231.0,3231.0,0.0,0.6006172926285365,0.34137390627200204,0.3407436848295343,0.5787500000000001,0.2936833153326137,0.0,0.20776479459321542,0.5561477216369078,False,nan,reject,1.0,BAOAB,0.0,0.0
ULD,"ULD gamma=1, canonical",b914b1c481c4dcc20022dd4a196ddcc1,c87203a12406cc5114b7ffa2d8877465,False,0,3291,16.455000000000002,10531200.0,3291.0,3291.0,0.0,0.595785687589703,0.33634988444503444,0.33571789042115907,0.5687500000000001,0.290220743946929,0.0,0.20259281255543976,0.5448977216369078,False,nan,reject,1.0,BAOAB,0.0,0.0
ULD,"ULD gamma=1, canonical",b914b1c481c4dcc20022dd4a196ddcc1,c87203a12406cc5114b7ffa2d8877465,False,1,3291,16.455000000000002,10531200.0,3291.0,3291.0,0.0,0.6114508495923325,0.3552742902716185,0.3546559680476262,0.59125,0.30228193476964627,0.0,0.21383434372821114,0.5686477216369079,False,nan,reject,1.0,BAOAB,0.0,0.0
ULD,"ULD gamma=1, canonical",b914b1c481c4dcc20022dd4a196ddcc1,c87203a12406cc5114b7ffa2d8877465,False,2,3291,16.455000000000002,10531200.0,3291.0,3291.0,0.0,0.6044205137599908,0.34682418972575524,0.3461980872054319,0.5850000000000001,0.3002250772209608,0.0,0.21197613853875463,0.5648977216369078,False,nan,reject,1.0,BAOAB,0.0,0.0
ULD,"ULD gamma=1, canonical",b914b1c481c4dcc20022dd4a196ddcc1,c87203a12406cc5114b7ffa2d8877465,False,3,3291,16.455000000000002,10531200.0,3291.0,3291.0,0.0,0.6003580788314502,0.34132626130533217,0.3406953217750195,0.5762499999999999,0.29269893701314886,0.0,0.20485888779352798,0.5498977216369079,False,nan,reject,1.0,BAOAB,0.0,0.0
ULD,"ULD gamma=1, canonical",b914b1c481c4dcc20022dd4a196ddcc1,c87203a12406cc5114b7ffa2d8877465,False,0,3350,16.75,10720000.0,3350.0,3350.0,0.0,0.5949621957171994,0.3355605892358142,0.33492626177452556,0.56,0.2909278960509669,0.0,0.20203422279312483,0.5436477216369078,False,nan,reject,1.0,BAOAB,0.0,0.0
ULD,"ULD gamma=1, canonical",b914b1c481c4dcc20022dd4a196ddcc1,c87203a12406cc5114b7ffa2d8877465,False,1,3350,16.75,10720000.0,3350.0,3350.0,0.0,0.6059117940376949,0.34897386126188723,0.34835074343461236,0.58625,0.3009048462331244,0.0,0.21383434372821114,0.5686477216369079,False,nan,reject,1.0,BAOAB,0.0,0.0
ULD,"ULD gamma=1, canonical",b914b1c481c4dcc20022dd4a196ddcc1,c87203a12406cc5114b7ffa2d8877465,False,2,3350,16.75,10720000.0,3350.0,3350.0,0.0,0.6058893141848578,0.3472134287856704,0.3465857105917174,0.58625,0.2948590415850638,0.0,0.20954875141341062,0.5598977216369079,False,nan,reject,1.0,BAOAB,0.0,0.0
ULD,"ULD gamma=1, canonical",b914b1c481c4dcc20022dd4a196ddcc1,c87203a12406cc5114b7ffa2d8877465,False,3,3350,16.75,10720000.0,3350.0,3350.0,0.0,0.601396583412117,0.341973548715672,0.3413422439165521,0.5737500000000001,0.29603393201690087,0.0,0.20428756070031265,0.5486477216369079,False,nan,reject,1.0,BAOAB,0.0,0.0
ULD,"ULD gamma=1, canonical",b914b1c481c4dcc20022dd4a196ddcc1,c87203a12406cc5114b7ffa2d8877465,False,0,3409,17.045,10908800.0,3409.0,3409.0,0.0,0.5925870183811666,0.3331629019010789,0.33252717129677345,0.55625,0.28756567182041415,0.0,0.20092638406092844,0.5411477216369078,False,nan,reject,1.0,BAOAB,0.0,0.0
ULD,"ULD gamma=1, canonical",b914b1c481c4dcc20022dd4a196ddcc1,c87203a12406cc5114b7ffa2d8877465,False,1,3409,17.045,10908800.0,3409.0,3409.0,0.0,0.6022883678655322,0.3443673721707492,0.3437396159551446,0.5775,0.3006925245902501,0.0,0.2101503116772147,0.5611477216369078,False,nan,reject,1.0,BAOAB,0.0,0.0
ULD,"ULD gamma=1, canonical",b914b1c481c4dcc20022dd4a196ddcc1,c87203a12406cc5114b7ffa2d8877465,False,2,3409,17.045,10908800.0,3409.0,3409.0,0.0,0.6042055275351834,0.34541779845537623,0.34478745031476654,0.5825,0.2942514330570106,0.0,0.20835602230588257,0.5573977216369078,False,nan,reject,1.0,BAOAB,0.0,0.0
ULD,"ULD gamma=1, canonical",b914b1c481c4dcc20022dd4a196ddcc1,c87203a12406cc5114b7ffa2d8877465,False,3,3409,17.045,10908800.0,3409.0,3409.0,0.0,0.6000942369066717,0.3403554010152432,0.33972286212480385,0.57125,0.29387954174381226,0.0,0.20485888779352798,0.5498977216369079,False,nan,reject,1.0,BAOAB,0.0,0.0
ULD,"ULD gamma=1, canonical",b914b1c481c4dcc20022dd4a196ddcc1,c87203a12406cc5114b7ffa2d8877465,False,0,3469,17.345,11100800.0,3469.0,3469.0,0.0,0.587785378443513,0.32859876989048664,0.32796226058414457,0.555,0.28652399833844877,0.0,0.19874740118689257,0.5361477216369078,False,nan,reject,1.0,BAOAB,0.0,0.0
ULD,"ULD gamma=1, canonical",b914b1c481c4dcc20022dd4a196ddcc1,c87203a12406cc5114b7ffa2d8877465,False,1,3469,17.345,11100800.0,3469.0,3469.0,0.0,0.6010753839096042,0.3422006215135802,0.34157049621624036,0.5750000000000001,0.2996541936014022,0.0,0.20835602230588257,0.5573977216369078,False,nan,reject,1.0,BAOAB,0.0,0.0
ULD,"ULD gamma=1, canonical",b914b1c481c4dcc20022dd4a196ddcc1,c87203a12406cc5114b7ffa2d8877465,False,2,3469,17.345,11100800.0,3469.0,3469.0,0.0,0.600284635011662,0.3404248399742962,0.33979084640903356,0.5775000000000001,0.29173536099772523,0.0,0.20776479459321542,0.5561477216369078,False,nan,reject,1.0,BAOAB,0.0,0.0
ULD,"ULD gamma=1, canonical",b914b1c481c4dcc20022dd4a196ddcc1,c87203a12406cc5114b7ffa2d8877465,False,3,3469,17.345,11100800.0,3469.0,3469.0,0.0,0.5968349865828074,0.33688600287917925,0.33625416087665916,0.5675,0.29261603182501916,0.0,0.2037194562723229,0.5473977216369078,False,nan,reject,1.0,BAOAB,0.0,0.0
ULD,"ULD gamma=1, canonical",b914b1c481c4dcc20022dd4a196ddcc1,c87203a12406cc5114b7ffa2d8877465,False,0,3528,17.64,11289600.0,3528.0,3528.0,0.0,0.5830707811912805,0.3227664252955028,0.32212737964172344,0.555,0.28241218400558543,0.0,0.19714454641245732,0.5323977216369078,False,nan,reject,1.0,BAOAB,0.0,0.0
ULD,"ULD gamma=1, canonical",b914b1c481c4dcc20022dd4a196ddcc1,c87203a12406cc5114b7ffa2d8877465,False,1,3528,17.64,11289600.0,3528.0,3528.0,0.0,0.6000920143680664,0.3403165149851134,0.3396831559336638,0.5725,0.29630741835714425,0.0,0.20776479459321542,0.5561477216369078,False,nan,reject,1.0,BAOAB,0.0,0.0
ULD,"ULD gamma=1, canonical",b914b1c481c4dcc20022dd4a196ddcc1,c87203a12406cc5114b7ffa2d8877465,False,2,3528,17.64,11289600.0,3528.0,3528.0,0.0,0.596082931419676,0.33586220550277135,0.33522719613540297,0.5725,0.29326437259735705,0.0,0.20601131519130356,0.5523977216369078,False,nan,reject,1.0,BAOAB,0.0,0.0
ULD,"ULD gamma=1, canonical",b914b1c481c4dcc20022dd4a196ddcc1,c87203a12406cc5114b7ffa2d8877465,False,3,3528,17.64,11289600.0,3528.0,3528.0,0.0,0.5947860505944559,0.3349251637718652,0.3342914017415325,0.5687500000000001,0.28654146524483903,0.0,0.20203422279312483,0.5436477216369078,False,nan,reject,1.0,BAOAB,0.0,0.0
ULD,"ULD gamma=1, canonical",b914b1c481c4dcc20022dd4a196ddcc1,c87203a12406cc5114b7ffa2d8877465,False,0,3588,17.94,11481600.0,3588.0,3588.0,0.0,0.5795903587048903,0.31785612780961847,0.31721129105515,0.5525,0.2822172406067448,0.0,0.19609058850812677,0.5298977216369078,False,nan,reject,1.0,BAOAB,0.0,0.0
ULD,"ULD gamma=1, canonical",b914b1c481c4dcc20022dd4a196ddcc1,c87203a12406cc5114b7ffa2d8877465,False,1,3588,17.94,11481600.0,3588.0,3588.0,0.0,0.5960199339301719,0.33525608752524927,0.3346205202982373,0.5700000000000001,0.29378358633398594,0.0,0.2054334637555285,0.5511477216369078,False,nan,reject,1.0,BAOAB,0.0,0.0
ULD,"ULD gamma=1, canonical",b914b1c481c4dcc20022dd4a196ddcc1,c87203a12406cc5114b7ffa2d8877465,False,2,3588,17.94,11481600.0,3588.0,3588.0,0.0,0.5957885014739992,0.3346240036072736,0.3339914353175767,0.5700000000000001,0.28802181158773443,0.0,0.20601131519130356,0.5523977216369078,False,nan,reject,1.0,BAOAB,0.0,0.0
ULD,"ULD gamma=1, canonical",b914b1c481c4dcc20022dd4a196ddcc1,c87203a12406cc5114b7ffa2d8877465,False,3,3588,17.94,11481600.0,3588.0,3588.0,0.0,0.5925536458523089,0.33280451844062986,0.3321685835696322,0.5687500000000001,0.2912555927505339,0.0,0.20203422279312483,0.5436477216369078,False,nan,reject,1.0,BAOAB,0.0,0.0
ULD,"ULD gamma=1, canonical",b914b1c481c4dcc20022dd4a196ddcc1,c87203a12406cc5114b7ffa2d8877465,False,0,3647,18.235,11670400.0,3647.0,3647.0,0.0,0.5789112583963785,0.3162336398721297,0.3155843892355401,0.5475000000000001,0.2805780653312804,0.0,0.19401698026440356,0.5248977216369078,False,nan,reject,1.0,BAOAB,0.0,0.0
ULD,"ULD gamma=1, canonical",b914b1c481c4dcc20022dd4a196ddcc1,c87203a12406cc5114b7ffa2d8877465,False,1,3647,18.235,11670400.0,3647.0,3647.0,0.0,0.5930938362886513,0.332508933839714,0.3318751117274996,0.57125,0.29274829624300347,0.0,0.2037194562723229,0.5473977216369078,False,nan,reject,1.0,BAOAB,0.0,0.0
ULD,"ULD gamma=1, canonical",b914b1c481c4dcc20022dd4a196ddcc1,c87203a12406cc5114b7ffa2d8877465,False,2,3647,18.235,11670400.0,3647.0,3647.0,0.0,0.5938448104086351,0.3338511470362451,0.33321821979232924,0.5675000000000001,0.2890046122343375,0.0,0.20428756070031265,0.5486477216369079,False,nan,reject,1.0,BAOAB,0.0,0.0
ULD,"ULD gamma=1, canonical",b914b1c481c4dcc20022dd4a196ddcc1,c87203a12406cc5114b7ffa2d8877465,False,3,3647,18.235,11670400.0,3647.0,3647.0,0.0,0.5895902379749923,0.32843522738331066,0.32779606301677067,0.5575000000000001,0.28592917277582575,0.0,0.19983083937774704,0.5386477216369079,False,nan,reject,1.0,BAOAB,0.0,0.0
ULD,"ULD gamma=1, canonical",b914b1c481c4dcc20022dd4a196ddcc1,c87203a12406cc5114b7ffa2d8877465,False,0,3706,18.53,11859200.0,3706.0,3706.0,0.0,0.5800538944205949,0.3171938789927119,0.31654518913397367,0.54,0.2790769073242211,0.0,0.1929970043758919,0.5223977216369078,False,nan,reject,1.0,BAOAB,0.0,0.0
ULD,"ULD gamma=1, canonical",b914b1c481c4dcc20022dd4a196ddcc1,c87203a12406cc5114b7ffa2d8877465,False,1,3706,18.53,11859200.0,3706.0,3706.0,0.0,0.5948838769164893,0.3348426925977498,0.33421148546233603,0.5675000000000001,0.2919426218692377,0.0,0.20315454869914257,0.5461477216369078,False,nan,reject,1.0,BAOAB,0.0,0.0
ULD,"ULD gamma=1, canonical",b914b1c481c4dcc20022dd4a196ddcc1,c87203a12406cc5114b7ffa2d8877465,False,2,3706,18.53,11859200.0,3706.0,3706.0,0.0,0.5919798423040246,0.3326509722388995,0.33201616403369416,0.5650000000000001,0.28880528200690436,0.0,0.20315454869914257,0.5461477216369078,False,nan,reject,1.0,BAOAB,0.0,0.0
ULD,"ULD gamma=1, canonical",b914b1c481c4dcc20022dd4a196ddcc1,c87203a12406cc5114b7ffa2d8877465,False,3,3706,18.53,11859200.0,3706.0,3706.0,0.0,0.5870230702973654,0.3250975051421505,0.3244549808700108,0.55125,0.2857777788414678,0.0,0.19874740118689257,0.5361477216369078,False,nan,reject,1.0,BAOAB,0.0,0.0
ULD,"ULD gamma=1, canonical",b914b1c481c4dcc20022dd4a196ddcc1,c87203a12406cc5114b7ffa2d8877465,False,0,3766,18.830000000000002,12051200.0,3766.0,3766.0,0.0,0.5806534834532203,0.317927071379548,0.3172810865779133,0.54,0.2766746274307953,0.0,0.1929970043758919,0.5223977216369078,False,nan,reject,1.0,BAOAB,0.0,0.0
ULD,"ULD gamma=1, canonical",b914b1c481c4dcc20022dd4a196ddcc1,c87203a12406cc5114b7ffa2d8877465,False,1,3766,18.830000000000002,12051200.0,3766.0,3766.0,0.0,0.5963528030556791,0.33736377461626965,0.33673475374969575,0.56625,0.28843183434737674,0.0,0.20428756070031265,0.5486477216369079,False,nan,reject,1.0,BAOAB,0.0,0.0
ULD,"ULD gamma=1, canonical",b914b1c481c4dcc20022dd4a196ddcc1,c87203a12406cc5114b7ffa2d8877465,False,2,3766,18.830000000000002,12051200.0,3766.0,3766.0,0.0,0.5932543631691015,0.33359433107106506,0.3329593221418542,0.5650000000000001,0.2871241555199483,0.0,0.19928761848156712,0.5373977216369078,False,nan,reject,1.0,BAOAB,0.0,0.0
ULD,"ULD gamma=1, canonical",b914b1c481c4dcc20022dd4a196ddcc1,c87203a12406cc5114b7ffa2d8877465,False,3,3766,18.830000000000002,12051200.0,3766.0,3766.0,0.0,0.58437409104421,0.32254529618007854,0.3219010274881945,0.5487500000000001,0.28463633567895474,0.0,0.19661612060754474,0.5311477216369078,False,nan,reject,1.0,BAOAB,0.0,0.0
ULD,"ULD gamma=1, canonical",b914b1c481c4dcc20022dd4a196ddcc1,c87203a12406cc5114b7ffa2d8877465,False,0,3825,19.125,12240000.0,3825.0,3825.0,0.0,0.5785083851883298,0.3164196322866225,0.3157719151659477,0.5387500000000001,0.28175978051832573,0.0,0.1929970043758919,0.5223977216369078,False,nan,reject,1.0,BAOAB,0.0,0.0
ULD,"ULD gamma=1, canonical",b914b1c481c4dcc20022dd4a196ddcc1,c87203a12406cc5114b7ffa2d8877465,False,1,3825,19.125,12240000.0,3825.0,3825.0,0.0,0.5950153355982506,0.3366706600106063,0.3360407555257956,0.5637500000000001,0.28967190128879605,0.0,0.20147875473371918,0.5423977216369078,False,nan,reject,1.0,BAOAB,0.0,0.0
ULD,"ULD gamma=1, canonical",b914b1c481c4dcc20022dd4a196ddcc1,c87203a12406cc5114b7ffa2d8877465,False,2,3825,19.125,12240000.0,3825.0,3825.0,0.0,0.5933727840663656,0.3335861771326877,0.332951148357272,0.56,0.2854524155612662,0.0,0.19874740118689257,0.5361477216369078,False,nan,reject,1.0,BAOAB,0.0,0.0
ULD,"ULD gamma=1, canonical",b914b1c481c4dcc20022dd4a196ddcc1,c87203a12406cc5114b7ffa2d8877465,False,3,3825,19.125,12240000.0,3825.0,3825.0,0.0,0.5818330733887187,0.3203619613523948,0.3197172555476545,0.5525,0.2841601173572339,0.0,0.19661612060754474,0.5311477216369078,False,nan,reject,1.0,BAOAB,0.0,0.0
ULD,"ULD gamma=1, canonical",b914b1c481c4dcc20022dd4a196ddcc1,c87203a12406cc5114b7ffa2d8877465,False,0,3884,19.42,12428800.0,3884.0,3884.0,0.0,0.5783983070745247,0.3161166814741606,0.315469788688468,0.5437500000000001,0.2773558686560996,0.0,0.19401698026440356,0.5248977216369078,False,nan,reject,1.0,BAOAB,0.0,0.0
ULD,"ULD gamma=1, canonical",b914b1c481c4dcc20022dd4a196ddcc1,c87203a12406cc5114b7ffa2d8877465,False,1,3884,19.42,12428800.0,3884.0,3884.0,0.0,0.5938491311241132,0.33548869901093814,0.33485777270604655,0.55875,0.28867302147868523,0.0,0.20092638406092844,0.5411477216369078,False,nan,reject,1.0,BAOAB,0.0,0.0
ULD,"ULD gamma=1, canonical",b914b1c481c4dcc20022dd4a196ddcc1,c87203a12406cc5114b7ffa2d8877465,False,2,3884,19.42,12428800.0,3884.0,3884.0,0.0,0.5895523895264239,0.3296400402182311,0.3290024582287153,0.56,0.28682330528755773,0.0,0.19928761848156712,0.5373977216369078,False,nan,reject,1.0,BAOAB,0.0,0.0
ULD,"ULD gamma=1, canonical",b914b1c481c4dcc20022dd4a196ddcc1,c87203a12406cc5114b7ffa2d8877465,False,3,3884,19.42,12428800.0,3884.0,3884.0,0.0,0.5809350592881317,0.3195611815236018,0.3189170664524976,0.55,0.2823788578822851,0.0,0.19453114527266124,0.5261477216369078,False,nan,reject,1.0,BAOAB,0.0,0.0
ULD,"ULD gamma=1, canonical",b914b1c481c4dcc20022dd4a196ddcc1,c87203a12406cc5114b7ffa2d8877465,False,0,3944,19.72,12620800.0,3944.0,3944.0,0.0,0.5776523036128671,0.3155781497611425,0.31493042799709836,0.5425000000000001,0.27647459151762566,0.0,0.19249115445265896,0.5211477216369078,False,nan,reject,1.0,BAOAB,0.0,0.0
ULD,"ULD gamma=1, canonical",b914b1c481c4dcc20022dd4a196ddcc1,c87203a12406cc5114b7ffa2d8877465,False,1,3944,19.72,12620800.0,3944.0,3944.0,0.0,0.5923493325208642,0.3330820796395365,0.3324496731458826,0.5625,0.2857868972494081,0.0,0.20092638406092844,0.5411477216369078,False,nan,reject,1.0,BAOAB,0.0,0.0
ULD,"ULD gamma=1, canonical",b914b1c481c4dcc20022dd4a196ddcc1,c87203a12406cc5114b7ffa2d8877465,False,2,3944,19.72,12620800.0,3944.0,3944.0,0.0,0.5860362043702471,0.32583948052959766,0.32519924309697523,0.5575000000000001,0.2846895768164941,0.0,0.19821016488362397,0.5348977216369077,False,nan,reject,1.0,BAOAB,0.0,0.0
ULD,"ULD gamma=1, canonical",b914b1c481c4dcc20022dd4a196ddcc1,c87203a12406cc5114b7ffa2d8877465,False,3,3944,19.72,12620800.0,3944.0,3944.0,0.0,0.5797298101938776,0.31835484290113836,0.3177096237793784,0.5475000000000001,0.2808777771359201,0.0,0.19453114527266124,0.5261477216369078,False,nan,reject,1.0,BAOAB,0.0,0.0
ULD,"ULD gamma=1, canonical",b914b1c481c4dcc20022dd4a196ddcc1,c87203a12406cc5114b7ffa2d8877465,False,0,4003,20.015,12809600.0,4003.0,4003.0,0.0,0.5772975561786352,0.3144972313752076,0.31384791019030334,0.54125,0.2754735434697828,0.0,0.19098992800160086,0.5173977216369079,False,nan,reject,1.0,BAOAB,0.0,0.0
ULD,"ULD gamma=1, canonical",b914b1c481c4dcc20022dd4a196ddcc1,c87203a12406cc5114b7ffa2d8877465,False,1,4003,20.015,12809600.0,4003.0,4003.0,0.0,0.5915233161473714,0.3320110916500726,0.33137743211121373,0.56,0.28492931289458445,0.0,0.19928761848156712,0.5373977216369078,False,nan,reject,1.0,BAOAB,0.0,0.0
ULD,"ULD gamma=1, canonical",b914b1c481c4dcc20022dd4a196ddcc1,c87203a12406cc5114b7ffa2d8877465,False,2,4003,20.015,12809600.0,4003.0,4003.0,0.0,0.58372622378392,0.32305550224196955,0.32241356966420265,0.55125,0.2834556632018743,0.0,0.19714454641245732,0.5323977216369078,False,nan,reject,1.0,BAOAB,0.0,0.0
ULD,"ULD gamma=1, canonical",b914b1c481c4dcc20022dd4a196ddcc1,c87203a12406cc5114b7ffa2d8877465,False,3,4003,20.015,12809600.0,4003.0,4003.0,0.0,0.5794347333650843,0.3175433416619722,0.31689689811802624,0.5475000000000001,0.28132713772153495,0.0,0.19401698026440356,0.5248977216369078,False,nan,reject,1.0,BAOAB,0.0,0.0
ULD,"ULD gamma=1, canonical",b914b1c481c4dcc20022dd4a196ddcc1,c87203a12406cc5114b7ffa2d8877465,False,0,4062,20.31,12998400.0,4062.0,4062.0,0.0,0.5753445678713254,0.3122111371897748,0.3115609225378312,0.5387500000000001,0.274196297194488,0.0,0.19000252755920555,0.5148977216369078,False,nan,reject,1.0,BAOAB,0.0,0.0
ULD,"ULD gamma=1, canonical",b914b1c481c4dcc20022dd4a196ddcc1,c87203a12406cc5114b7ffa2d8877465,False,1,4062,20.31,12998400.0,4062.0,4062.0,0.0,0.591759839780171,0.3308710837629846,0.33023508840128335,0.555,0.28124082053305144,0.0,0.19714454641245732,0.5323977216369078,False,nan,reject,1.0,BAOAB,0.0,0.0
ULD,"ULD gamma=1, canonical",b914b1c481c4dcc20022dd4a196ddcc1,c87203a12406cc5114b7ffa2d8877465,False,2,4062,20.31,12998400.0,4062.0,4062.0,0.0,0.5805950400095632,0.3198536091838835,0.31921144299968884,0.55,0.2820570987036587,0.0,0.19401698026440356,0.5248977216369078,False,nan,reject,1.0,BAOAB,0.0,0.0
ULD,"ULD gamma=1, canonical",b914b1c481c4dcc20022dd4a196ddcc1,c87203a12406cc5114b7ffa2d8877465,False,3,4062,20.31,12998400.0,4062.0,4062.0,0.0,0.5779034593337097,0.31625535066288846,0.3156077528477239,0.5425000000000001,0.2810007203156344,0.0,0.19350560651702878,0.5236477216369078,False,nan,reject,1.0,BAOAB,0.0,0.0
ULD,"ULD gamma=1, canonical",b914b1c481c4dcc20022dd4a196ddcc1,c87203a12406cc5114b7ffa2d8877465,False,0,4122,20.61,13190400.0,4122.0,4122.0,0.0,0.5714540915386948,0.30843256092745674,0.3077804762808992,0.535,0.27168517971137796,0.0,0.18805928170532832,0.5098977216369078,False,nan,reject,1.0,BAOAB,0.0,0.0
ULD,"ULD gamma=1, canonical",b914b1c481c4dcc20022dd4a196ddcc1,c87203a12406cc5114b7ffa2d8877465,False,1,4122,20.61,13190400.0,4122.0,4122.0,0.0,0.5878212708791083,0.3269559818996639,0.32631504688674595,0.55125,0.2805887001937817,0.0,0.1950481214676829,0.5273977216369078,False,nan,reject,1.0,BAOAB,0.0,0.0
ULD,"ULD gamma=1, canonical",b914b1c481c4dcc20022dd4a196ddcc1,c87203a12406cc5114b7ffa2d8877465,False,2,4122,20.61,13190400.0,4122.0,4122.0,0.0,0.5768710145407934,0.3152739868100388,0.31462978005115794,0.54625,0.2766533222482719,0.0,0.1929970043758919,0.5223977216369078,False,nan,reject,1.0,BAOAB,0.0,0.0
ULD,"ULD gamma=1, canonical",b914b1c481c4dcc20022dd4a196ddcc1,c87203a12406cc5114b7ffa2d8877465,False,3,4122,20.61,13190400.0,4122.0,4122.0,0.0,0.5749669792049933,0.31287786640278636,0.3122283646784273,0.54,0.2790668799081588,0.0,0.19098992800160086,0.5173977216369079,False,nan,reject,1.0,BAOAB,0.0,0.0
ULD,"ULD gamma=1, canonical",b914b1c481c4dcc20022dd4a196ddcc1,c87203a12406cc5114b7ffa2d8877465,False,0,4181,20.905,13379200.0,4181.0,4181.0,0.0,0.5689810716937554,0.30591756395328995,0.30526163018997987,0.5275000000000001,0.2730292575022901,0.0,0.1856879756212289,0.5036477216369077,False,nan,reject,1.0,BAOAB,0.0,0.0
ULD,"ULD gamma=1, canonical",b914b1c481c4dcc20022dd4a196ddcc1,c87203a12406cc5114b7ffa2d8877465,False,1,4181,20.905,13379200.0,4181.0,4181.0,0.0,0.5812695455972422,0.32020224802537134,0.319558431497625,0.545,0.27571112113556717,0.0,0.19401698026440356,0.5248977216369078,False,nan,reject,1.0,BAOAB,0.0,0.0
ULD,"ULD gamma=1, canonical",b914b1c481c4dcc20022dd4a196ddcc1,c87203a12406cc5114b7ffa2d8877465,False,2,4181,20.905,13379200.0,4181.0,4181.0,0.0,0.5740515120876426,0.31225248153617857,0.31160486163008194,0.54125,0.27902619969217757,0.0,0.19049489822706972,0.5161477216369078,False,nan,reject,1.0,BAOAB,0.0,0.0
ULD,"ULD gamma=1, canonical",b914b1c481c4dcc20022dd4a196ddcc1,c87203a12406cc5114b7ffa2d8877465,False,3,4181,20.905,13379200.0,4181.0,4181.0,0.0,0.5721620485754844,0.3097152604816207,0.3090643438903875,0.5362500000000001,0.2741773267841592,0.0,0.18902569222857088,0.5123977216369078,False,nan,reject,1.0,BAOAB,0.0,0.0
ULD,"ULD gamma=1, canonical",b914b1c481c4dcc20022dd4a196ddcc1,c87203a12406cc5114b7ffa2d8877465,False,0,4241,21.205000000000002,13571200.0,4241.0,4241.0,0.0,0.5664296899830163,0.30346314734256497,0.30280623465625567,0.52125,0.27076454097058855,0.0,0.18383585776597097,0.4986477216369078,False,nan,reject,1.0,BAOAB,0.0,0.0
ULD,"ULD gamma=1, canonical",b914b1c481c4dcc20022dd4a196ddcc1,c87203a12406cc5114b7ffa2d8877465,False,1,4241,21.205000000000002,13571200.0,4241.0,4241.0,0.0,0.5754648885331237,0.3139667185658056,0.3133217073305681,0.54,0.27581279090324484,0.0,0.19249115445265896,0.5211477216369078,False,nan,reject,1.0,BAOAB,0.0,0.0
ULD,"ULD gamma=1, canonical",b914b1c481c4dcc20022dd4a196ddcc1,c87203a12406cc5114b7ffa2d8877465,False,2,4241,21.205000000000002,13571200.0,4241.0,4241.0,0.0,0.5734471448685121,0.3108767734909256,0.31022820929699846,0.5375000000000001,0.27316669205452315,0.0,0.19098992800160086,0.5173977216369079,False,nan,reject,1.0,BAOAB,0.0,0.0
ULD,"ULD gamma=1, canonical",b914b1c481c4dcc20022dd4a196ddcc1,c87203a12406cc5114b7ffa2d8877465,False,3,4241,21.205000000000002,13571200.0,4241.0,4241.0,0.0,0.5712013578105721,0.3079088447206999,0.3072552459221629,0.5325,0.27548124009844177,0.0,0.18854119249171825,0.5111477216369078,False,nan,reject,1.0,BAOAB,0.0,0.0
ULD,"ULD gamma=1, canonical",b914b1c481c4dcc20022dd4a196ddcc1,c87203a12406cc5114b7ffa2d8877465,False,0,4300,21.5,13760000.0,4300.0,4300.0,0.0,0.5640208104846265,0.30148813606402747,0.30083241242587877,0.52,0.2694345388740972,0.0,0.18429520616680867,0.4998977216369078,False,nan,reject,1.0,BAOAB,0.0,0.0
ULD,"ULD gamma=1, canonical",b914b1c481c4dcc20022dd4a196ddcc1,c87203a12406cc5114b7ffa2d8877465,False,1,4300,21.5,13760000.0,4300.0,4300.0,0.0,0.5725302172798283,0.3108450831449757,0.31019830483548094,0.5387500000000001,0.2753431029942097,0.0,0.19049489822706972,0.5161477216369078,False,nan,reject,1.0,BAOAB,0.0,0.0
ULD,"ULD gamma=1, canonical",b914b1c481c4dcc20022dd4a196ddcc1,c87203a12406cc5114b7ffa2d8877465,False,2,4300,21.5,13760000.0,4300.0,4300.0,0.0,0.5732660046257065,0.3114419144562056,0.31079430470031655,0.535,0.2745516252902124,0.0,0.19049489822706972,0.5161477216369078,False,nan,reject,1.0,BAOAB,0.0,0.0
ULD,"ULD gamma=1, canonical",b914b1c481c4dcc20022dd4a196ddcc1,c87203a12406cc5114b7ffa2d8877465,False,3,4300,21.5,13760000.0,4300.0,4300.0,0.0,0.57050717749473,0.30646855563273345,0.3058116226940676,0.53,0.27619226906677474,0.0,0.18805928170532832,0.5098977216369078,False,nan,reject,1.0,BAOAB,0.0,0.0
ULD,"ULD gamma=1, canonical",b914b1c481c4dcc20022dd4a196ddcc1,c87203a12406cc5114b7ffa2d8877465,False,0,4359,21.795,13948800.0,4359.0,4359.0,0.0,0.5649222047156746,0.30229193403250043,0.30163823561715075,0.52,0.2683635210079235,0.0,0.18429520616680867,0.4998977216369078,False,nan,reject,1.0,BAOAB,0.0,0.0
ULD,"ULD gamma=1, canonical",b914b1c481c4dcc20022dd4a196ddcc1,c87203a12406cc5114b7ffa2d8877465,False,1,4359,21.795,13948800.0,4359.0,4359.0,0.0,0.5725767910466891,0.31020894612258465,0.30955975271360336,0.5362500000000001,0.275333338014061,0.0,0.19000252755920555,0.5148977216369078,False,nan,reject,1.0,BAOAB,0.0,0.0
ULD,"ULD gamma=1, canonical",b914b1c481c4dcc20022dd4a196ddcc1,c87203a12406cc5114b7ffa2d8877465,False,2,4359,21.795,13948800.0,4359.0,4359.0,0.0,0.5743098839116172,0.3123321809717857,0.3116829292460317,0.5325000000000001,0.26994741167103986,0.0,0.19049489822706972,0.5161477216369078,False,nan,reject,1.0,BAOAB,0.0,0.0
ULD,"ULD gamma=1, canonical",b914b1c481c4dcc20022dd4a196ddcc1,c87203a12406cc5114b7ffa2d8877465,False,3,4359,21.795,13948800.0,4359.0,4359.0,0.0,0.569132734030108,0.30483052644514363,0.3041749380245369,0.53125,0.27301900760428743,0.0,0.18854119249171825,0.5111477216369078,False,nan,reject,1.0,BAOAB,0.0,0.0
ULD,"ULD gamma=1, canonical",b914b1c481c4dcc20022dd4a196ddcc1,c87203a12406cc5114b7ffa2d8877465,False,0,4419,22.095,14140800.0,4419.0,4419.0,0.0,0.5639757199125369,0.30217130847490625,0.3015160409010428,0.51875,0.27158506976607244,0.0,0.18337893803845107,0.4973977216369078,False,nan,reject,1.0,BAOAB,0.0,0.0
ULD,"ULD gamma=1, canonical",b914b1c481c4dcc20022dd4a196ddcc1,c87203a12406cc5114b7ffa2d8877465,False,1,4419,22.095,14140800.0,4419.0,4419.0,0.0,0.57156988869795,0.3089423360432917,0.30829008378999834,0.535,0.274950923243934,0.0,0.18951279811053767,0.5136477216369078,False,nan,reject,1.0,BAOAB,0.0,0.0
ULD,"ULD gamma=1, canonical",b914b1c481c4dcc20022dd4a196ddcc1,c87203a12406cc5114b7ffa2d8877465,False,2,4419,22.095,14140800.0,4419.0,4419.0,0.0,0.5742539624905877,0.31222432913687104,0.31156980798267064,0.5275000000000001,0.2760928262515424,0.0,0.18902569222857088,0.5123977216369078,False,nan,reject,1.0,BAOAB,0.0,0.0
ULD,"ULD gamma=1, canonical",b914b1c481c4dcc20022dd4a196ddcc1,c87203a12406cc5114b7ffa2d8877465,False,3,4419,22.095,14140800.0,4419.0,4419.0,0.0,0.568197357002529,0.30437604906513294,0.30372236867921465,0.5337500000000001,0.2743727121556896,0.0,0.18854119249171825,0.5111477216369078,False,nan,reject,1.0,BAOAB,0.0,0.0
ULD,"ULD gamma=1, canonical",b914b1c481c4dcc20022dd4a196ddcc1,c87203a12406cc5114b7ffa2d8877465,False,0,4478,22.39,14329600.0,4478.0,4478.0,0.0,0.5620864678686082,0.30053496852828687,0.29987928652727647,0.52125,0.27138218496875177,0.0,0.18157524990412918,0.49239772163690776,False,nan,reject,1.0,BAOAB,0.0,0.0
ULD,"ULD gamma=1, canonical",b914b1c481c4dcc20022dd4a196ddcc1,c87203a12406cc5114b7ffa2d8877465,False,1,4478,22.39,14329600.0,4478.0,4478.0,0.0,0.570098084561752,0.3067288563380878,0.3060730652422924,0.535,0.2775882684221509,0.0,0.18854119249171825,0.5111477216369078,False,nan,reject,1.0,BAOAB,0.0,0.0
ULD,"ULD gamma=1, canonical",b914b1c481c4dcc20022dd4a196ddcc1,c87203a12406cc5114b7ffa2d8877465,False,2,4478,22.39,14329600.0,4478.0,4478.0,0.0,0.5727399879259332,0.3103309979648483,0.30967624418601014,0.53,0.2704786141365657,0.0,0.18805928170532832,0.5098977216369078,False,nan,reject,1.0,BAOAB,0.0,0.0
ULD,"ULD gamma=1, canonical",b914b1c481c4dcc20022dd4a196ddcc1,c87203a12406cc5114b7ffa2d8877465,False,3,4478,22.39,14329600.0,4478.0,4478.0,0.0,0.5668318150959764,0.3039032456522853,0.3032479134516498,0.53,0.2766282302693144,0.0,0.18757994289780322,0.5086477216369079,False,nan,reject,1.0,BAOAB,0.0,0.0
ULD,"ULD gamma=1, canonical",b914b1c481c4dcc20022dd4a196ddcc1,c87203a12406cc5114b7ffa2d8877465,False,0,4538,22.69,14521600.0,4538.0,4538.0,0.0,0.5602527557628727,0.298491894775328,0.2978365715469339,0.5162500000000001,0.26856818813852135,0.0,0.18202260245876328,0.49364772163690784,False,nan,reject,1.0,BAOAB,0.0,0.0
ULD,"ULD gamma=1, canonical",b914b1c481c4dcc20022dd4a196ddcc1,c87203a12406cc5114b7ffa2d8877465,False,1,4538,22.69,14521600.0,4538.0,4538.0,0.0,0.5700598489715223,0.30643391242326135,0.3057771828413869,0.5325000000000001,0.27490074721657176,0.0,0.18805928170532832,0.5098977216369078,False,nan,reject,1.0,BAOAB,0.0,0.0
ULD,"ULD gamma=1, canonical",b914b1c481c4dcc20022dd4a196ddcc1,c87203a12406cc5114b7ffa2d8877465,False,2,4538,22.69,14521600.0,4538.0,4538.0,0.0,0.569085391100961,0.3071428051161488,0.30649108373493017,0.52375,0.270917510290941,0.0,0.18615719189918029,0.5048977216369078,False,nan,reject,1.0,BAOAB,0.0,0.0
ULD,"ULD gamma=1, canonical",b914b1c481c4dcc20022dd4a196ddcc1,c87203a12406cc5114b7ffa2d8877465,False,3,4538,22.69,14521600.0,4538.0,4538.0,0.0,0.566954113364154,0.30405817470285745,0.30340513942125646,0.53125,0.27114107061386183,0.0,0.1871031593168053,0.5073977216369079,False,nan,reject,1.0,BAOAB,0.0,0.0
ULD,"ULD gamma=1, canonical",b914b1c481c4dcc20022dd4a196ddcc1,c87203a12406cc5114b7ffa2d8877465,False,0,4597,22.985,14710400.0,4597.0,4597.0,0.0,0.5596160000165744,0.29725846382679844,0.2966037230811299,0.51125,0.26866904584454443,0.0,0.182472325044047,0.4948977216369078,False,nan,reject,1.0,BAOAB,0.0,0.0
ULD,"ULD gamma=1, canonical",b914b1c481c4dcc20022dd4a196ddcc1,c87203a12406cc5114b7ffa2d8877465,False,1,4597,22.985,14710400.0,4597.0,4597.0,0.0,0.5698303903406836,0.3065548710786863,0.30589952828145983,0.5262500000000001,0.2688883760121342,0.0,0.1871031593168053,0.5073977216369079,False,nan,reject,1.0,BAOAB,0.0,0.0
ULD,"ULD gamma=1, canonical",b914b1c481c4dcc20022dd4a196ddcc1,c87203a12406cc5114b7ffa2d8877465,False,2,4597,22.985,14710400.0,4597.0,4597.0,0.0,0.566006033421415,0.3043496225866783,0.30369893285744576,0.525,0.2701559975486518,0.0,0.18429520616680867,0.4998977216369078,False,nan,reject,1.0,BAOAB,0.0,0.0
ULD,"ULD gamma=1, canonical",b914b1c481c4dcc20022dd4a196ddcc1,c87203a12406cc5114b7ffa2d8877465,False,3,4597,22.985,14710400.0,4597.0,4597.0,0.0,0.5664864773134503,0.30414666553251224,0.3034953039408126,0.5275000000000001,0.2708121068964633,0.0,0.18522124968015038,0.5023977216369078,False,nan,reject,1.0,BAOAB,0.0,0.0
ULD,"ULD gamma=1, canonical",b914b1c481c4dcc20022dd4a196ddcc1,c87203a12406cc5114b7ffa2d8877465,False,0,4656,23.28,14899200.0,4656.0,4656.0,0.0,0.5581285582390574,0.2959327600099172,0.2952772603375582,0.5125000000000001,0.2669032996621987,0.0,0.18157524990412918,0.49239772163690776,False,nan,reject,1.0,BAOAB,0.0,0.0
ULD,"ULD gamma=1, canonical",b914b1c481c4dcc20022dd4a196ddcc1,c87203a12406cc5114b7ffa2d8877465,False,1,4656,23.28,14899200.0,4656.0,4656.0,0.0,0.5694928227358671,0.3062678585191446,0.30561445039514223,0.525,0.26883789803150493,0.0,0.18615719189918029,0.5048977216369078,False,nan,reject,1.0,BAOAB,0.0,0.0
ULD,"ULD gamma=1, canonical",b914b1c481c4dcc20022dd4a196ddcc1,c87203a12406cc5114b7ffa2d8877465,False,2,4656,23.28,14899200.0,4656.0,4656.0,0.0,0.5629280585903368,0.3017567626752454,0.3011039787843086,0.5175000000000001,0.26875478849622336,0.0,0.18337893803845107,0.4973977216369078,False,nan,reject,1.0,BAOAB,0.0,0.0
ULD,"ULD gamma=1, canonical",b914b1c481c4dcc20022dd4a196ddcc1,c87203a12406cc5114b7ffa2d8877465,False,3,4656,23.28,14899200.0,4656.0,4656.0,0.0,0.5648338236737316,0.30273746554654446,0.30208397061853487,0.52375,0.26860447812972166,0.0,0.18429520616680867,0.4998977216369078,False,nan,reject,1.0,BAOAB,0.0,0.0
ULD,"ULD gamma=1, canonical",b914b1c481c4dcc20022dd4a196ddcc1,c87203a12406cc5114b7ffa2d8877465,False,0,4716,23.580000000000002,15091200.0,4716.0,4716.0,0.0,0.5575925273267072,0.2947407717645969,0.29408100847415153,0.515,0.26629959986121354,0.0,0.1802472711820498,0.48864772163690784,False,nan,reject,1.0,BAOAB,0.0,0.0
ULD,"ULD gamma=1, canonical",b914b1c481c4dcc20022dd4a196ddcc1,c87203a12406cc5114b7ffa2d8877465,False,1,4716,23.580000000000002,15091200.0,4716.0,4716.0,0.0,0.5663432814893075,0.3030894113611935,0.3024353565250205,0.52375,0.26741852380743314,0.0,0.18475699836593737,0.5011477216369078,False,nan,reject,1.0,BAOAB,0.0,0.0
ULD,"ULD gamma=1, canonical",b914b1c481c4dcc20022dd4a196ddcc1,c87203a12406cc5114b7ffa2d8877465,False,2,4716,23.580000000000002,15091200.0,4716.0,4716.0,0.0,0.5589094842322518,0.29723941938404264,0.29658318939367345,0.5125,0.26254599798255773,0.0,0.18202260245876328,0.49364772163690784,False,nan,reject,1.0,BAOAB,0.0,0.0
ULD,"ULD gamma=1, canonical",b914b1c481c4dcc20022dd4a196ddcc1,c87203a12406cc5114b7ffa2d8877465,False,3,4716,23.580000000000002,15091200.0,4716.0,4716.0,0.0,0.5625282314264055,0.3002641536467121,0.29960837887786085,0.52375,0.2672620313417394,0.0,0.18383585776597097,0.4986477216369078,False,nan,reject,1.0,BAOAB,0.0,0.0
ULD,"ULD gamma=1, canonical",b914b1c481c4dcc20022dd4a196ddcc1,c87203a12406cc5114b7ffa2d8877465,False,0,4775,23.875,15280000.0,4775.0,4775.0,0.0,0.5558956928538941,0.2926308705854731,0.29196685411964307,0.51,0.26553323958888375,0.0,0.17980925836811457,0.4873977216369078,False,nan,reject,1.0,BAOAB,0.0,0.0
ULD,"ULD gamma=1, canonical",b914b1c481c4dcc20022dd4a196ddcc1,c87203a12406cc5114b7ffa2d8877465,False,1,4775,23.875,15280000.0,4775.0,4775.0,0.0,0.5634688539903228,0.3010504876095398,0.300395594074507,0.52375,0.269451513222816,0.0,0.18429520616680867,0.4998977216369078,False,nan,reject,1.0,BAOAB,0.0,0.0
ULD,"ULD gamma=1, canonical",b914b1c481c4dcc20022dd4a196ddcc1,c87203a12406cc5114b7ffa2d8877465,False,2,4775,23.875,15280000.0,4775.0,4775.0,0.0,0.5544435294949941,0.2924665610879488,0.2918041156294694,0.51375,0.2676587198104883,0.0,0.17937354624472868,0.48614772163690784,False,nan,reject,1.0,BAOAB,0.0,0.0
ULD,"ULD gamma=1, canonical",b914b1c481c4dcc20022dd4a196ddcc1,c87203a12406cc5114b7ffa2d8877465,False,3,4775,23.875,15280000.0,4775.0,4775.0,0.0,0.5614108613657409,0.2984514326355101,0.29779320003031773,0.52125,0.267053894234489,0.0,0.182924432047997,0.49614772163690785,False,nan,reject,1.0,BAOAB,0.0,0.0
ULD,"ULD gamma=1, canonical",b914b1c481c4dcc20022dd4a196ddcc1,c87203a12406cc5114b7ffa2d8877465,False,0,4834,24.17,15468800.0,4834.0,4834.0,0.0,0.5540429466009842,0.2905196031632459,0.28985399242995,0.50875,0.2636109352788393,0.0,0.1785089707640357,0.48364772163690783,False,nan,reject,1.0,BAOAB,0.0,0.0
ULD,"ULD gamma=1, canonical",b914b1c481c4dcc20022dd4a196ddcc1,c87203a12406cc5114b7ffa2d8877465,False,1,4834,24.17,15468800.0,4834.0,4834.0,0.0,0.5662639478112999,0.3043183134996851,0.30366555878016166,0.52125,0.2692106434941288,0.0,0.18475699836593737,0.5011477216369078,False,nan,reject,1.0,BAOAB,0.0,0.0
ULD,"ULD gamma=1, canonical",b914b1c481c4dcc20022dd4a196ddcc1,c87203a12406cc5114b7ffa2d8877465,False,2,4834,24.17,15468800.0,4834.0,4834.0,0.0,0.5514637589021953,0.28821038458340376,0.28754378824578986,0.5050000000000001,0.26294960734511974,0.0,0.1780800811543753,0.48239772163690775,False,nan,reject,1.0,BAOAB,0.0,0.0
ULD,"ULD gamma=1, canonical",b914b1c481c4dcc20022dd4a196ddcc1,c87203a12406cc5114b7ffa2d8877465,False,3,4834,24.17,15468800.0,4834.0,4834.0,0.0,0.5603614459413506,0.29711618548679963,0.2964555351538305,0.52,0.2695393726557538,0.0,0.182472325044047,0.4948977216369078,False,nan,reject,1.0,BAOAB,0.0,0.0
ULD,"ULD gamma=1, canonical",b914b1c481c4dcc20022dd4a196ddcc1,c87203a12406cc5114b7ffa2d8877465,False,0,4894,24.47,15660800.0,4894.0,4894.0,0.0,0.5534894131627999,0.28995427401771656,0.2892896149647445,0.5050000000000001,0.26361139182070903,0.0,0.1785089707640357,0.48364772163690783,False,nan,reject,1.0,BAOAB,0.0,0.0
ULD,"ULD gamma=1, canonical",b914b1c481c4dcc20022dd4a196ddcc1,c87203a12406cc5114b7ffa2d8877465,False,1,4894,24.47,15660800.0,4894.0,4894.0,0.0,0.5697473636954268,0.3078648899700829,0.30721461135952677,0.52375,0.26747511502590227,0.0,0.18429520616680867,0.4998977216369078,False,nan,reject,1.0,BAOAB,0.0,0.0
ULD,"ULD gamma=1, canonical",b914b1c481c4dcc20022dd4a196ddcc1,c87203a12406cc5114b7ffa2d8877465,False,2,4894,24.47,15660800.0,4894.0,4894.0,0.0,0.5470905520829391,0.2837526558924066,0.28308370804882454,0.5050000000000001,0.26443389992781585,0.0,0.17765343972570968,0.4811477216369078,False,nan,reject,1.0,BAOAB,0.0,0.0
ULD,"ULD gamma=1, canonical",b914b1c481c4dcc20022dd4a196ddcc1,c87203a12406cc5114b7ffa2d8877465,False,3,4894,24.47,15660800.0,4894.0,4894.0,0.0,0.5585709515103059,0.29411822848958713,0.29345437224990323,0.51375,0.26785659069588763,0.0,0.18202260245876328,0.49364772163690784,False,nan,reject,1.0,BAOAB,0.0,0.0
ULD,"ULD gamma=1, canonical",b914b1c481c4dcc20022dd4a196ddcc1,c87203a12406cc5114b7ffa2d8877465,False,0,4953,24.765,15849600.0,4953.0,4953.0,0.0,0.553241666759172,0.2892247839631583,0.28855965942102146,0.5012500000000001,0.25866738016148205,0.0,0.1772290337414721,0.4798977216369078,False,nan,reject,1.0,BAOAB,0.0,0.0
ULD,"ULD gamma=1, canonical",b914b1c481c4dcc20022dd4a196ddcc1,c87203a12406cc5114b7ffa2d8877465,False,1,4953,24.765,15849600.0,4953.0,4953.0,0.0,0.567607217216711,0.30631045326444706,0.3056574057223783,0.5275000000000001,0.27063372973175503,0.0,0.18383585776597097,0.4986477216369078,False,nan,reject,1.0,BAOAB,0.0,0.0
ULD,"ULD gamma=1, canonical",b914b1c481c4dcc20022dd4a196ddcc1,c87203a12406cc5114b7ffa2d8877465,False,2,4953,24.765,15849600.0,4953.0,4953.0,0.0,0.5434471028981716,0.2805077648743455,0.2798393753782964,0.4962500000000001,0.26017788942843534,0.0,0.1759691033509642,0.47614772163690783,False,nan,reject,1.0,BAOAB,0.0,0.0
ULD,"ULD gamma=1, canonical",b914b1c481c4dcc20022dd4a196ddcc1,c87203a12406cc5114b7ffa2d8877465,False,3,4953,24.765,15849600.0,4953.0,4953.0,0.0,0.5558140946648416,0.2916952697269818,0.2910283993194315,0.5112500000000001,0.26862176368851176,0.0,0.18202260245876328,0.49364772163690784,False,nan,reject,1.0,BAOAB,0.0,0.0
ULD,"ULD gamma=1, canonical",b914b1c481c4dcc20022dd4a196ddcc1,c87203a12406cc5114b7ffa2d8877465,False,0,5012,25.060000000000002,16038400.0,5012.0,5012.0,0.0,0.5506995228762407,0.28759969578395095,0.2869336207491615,0.50125,0.26312277744832724,0.0,0.17680685061674856,0.47864772163690783,False,nan,reject,1.0,BAOAB,0.0,0.0
ULD,"ULD gamma=1, canonical",b914b1c481c4dcc20022dd4a196ddcc1,c87203a12406cc5114b7ffa2d8877465,False,1,5012,25.060000000000002,16038400.0,5012.0,5012.0,0.0,0.5646255115743175,0.3025583142233127,0.30190250543350505,0.51875,0.26818494212458976,0.0,0.182924432047997,0.49614772163690785,False,nan,reject,1.0,BAOAB,0.0,0.0
ULD,"ULD gamma=1, canonical",b914b1c481c4dcc20022dd4a196ddcc1,c87203a12406cc5114b7ffa2d8877465,False,2,5012,25.060000000000002,16038400.0,5012.0,5012.0,0.0,0.5422321481021782,0.2791389767184447,0.27847147729471966,0.49250000000000005,0.2562788224970488,0.0,0.17431974571235997,0.47114772163690777,False,nan,reject,1.0,BAOAB,0.0,0.0
ULD,"ULD gamma=1, canonical",b914b1c481c4dcc20022dd4a196ddcc1,c87203a12406cc5114b7ffa2d8877465,False,3,5012,25.060000000000002,16038400.0,5012.0,5012.0,0.0,0.5560794484110757,0.2908762984133312,0.2902099062626997,0.5062500000000001,0.2656216870861876,0.0,0.1802472711820498,0.48864772163690784,False,nan,reject,1.0,BAOAB,0.0,0.0
ULD,"ULD gamma=1, canonical",b914b1c481c4dcc20022dd4a196ddcc1,c87203a12406cc5114b7ffa2d8877465,False,0,5072,25.36,16230400.0,5072.0,5072.0,0.0,0.5524066613440095,0.2897173493767613,0.28905394899005654,0.5,0.26098684840685704,0.0,0.17555351477826794,0.47489772163690785,False,nan,reject,1.0,BAOAB,0.0,0.0
ULD,"ULD gamma=1, canonical",b914b1c481c4dcc20022dd4a196ddcc1,c87203a12406cc5114b7ffa2d8877465,False,1,5072,25.36,16230400.0,5072.0,5072.0,0.0,0.5605346066886912,0.29769135970773897,0.2970310596568574,0.5125000000000001,0.26510861984993783,0.0,0.1802472711820498,0.48864772163690784,False,nan,reject,1.0,BAOAB,0.0,0.0
ULD,"ULD gamma=1, canonical",b914b1c481c4dcc20022dd4a196ddcc1,c87203a12406cc5114b7ffa2d8877465,False,2,5072,25.36,16230400.0,5072.0,5072.0,0.0,0.5426243698698404,0.2794111633458709,0.27874311370502614,0.4912500000000001,0.2560306494927638,0.0,0.17391278250311396,0.4698977216369078,False,nan,reject,1.0,BAOAB,0.0,0.0
ULD,"ULD gamma=1, canonical",b914b1c481c4dcc20022dd4a196ddcc1,c87203a12406cc5114b7ffa2d8877465,False,3,5072,25.36,16230400.0,5072.0,5072.0,0.0,0.5561487951599322,0.2910125694601946,0.2903451642015997,0.5062500000000001,0.2658313919457006,0.0,0.17980925836811457,0.4873977216369078,False,nan,reject,1.0,BAOAB,0.0,0.0
ULD,"ULD gamma=1, canonical",b914b1c481c4dcc20022dd4a196ddcc1,c87203a12406cc5114b7ffa2d8877465,False,0,5131,25.655,16419200.0,5131.0,5131.0,0.0,0.5523698945520364,0.2904300979120368,0.289766741002092,0.5025000000000001,0.26153754479655955,0.0,0.17514010019752774,0.4736477216369078,False,nan,reject,1.0,BAOAB,0.0,0.0
ULD,"ULD gamma=1, canonical",b914b1c481c4dcc20022dd4a196ddcc1,c87203a12406cc5114b7ffa2d8877465,False,1,5131,25.655,16419200.0,5131.0,5131.0,0.0,0.5552529209153753,0.2918394158456651,0.29117364897561737,0.5075000000000001,0.26558466952583937,0.0,0.1789401214452118,0.48489772163690786,False,nan,reject,1.0,BAOAB,0.0,0.0
ULD,"ULD gamma=1, canonical",b914b1c481c4dcc20022dd4a196ddcc1,c87203a12406cc5114b7ffa2d8877465,False,2,5131,25.655,16419200.0,5131.0,5131.0,0.0,0.5419348172720035,0.2782538563984215,0.27758181413290317,0.49000000000000005,0.25553676709203843,0.0,0.17310522690342484,0.46739772163690785,False,nan,reject,1.0,BAOAB,0.0,0.0
ULD,"ULD gamma=1, canonical",b914b1c481c4dcc20022dd4a196ddcc1,c87203a12406cc5114b7ffa2d8877465,False,3,5131,25.655,16419200.0,5131.0,5131.0,0.0,0.5551316333776106,0.2904578804939465,0.2897884212928149,0.5075000000000001,0.2661923143572872,0.0,0.1802472711820498,0.48864772163690784,False,nan,reject,1.0,BAOAB,0.0,0.0
ULD,"ULD gamma=1, canonical",b914b1c481c4dcc20022dd4a196ddcc1,c87203a12406cc5114b7ffa2d8877465,False,0,5191,25.955000000000002,16611200.0,5191.0,5191.0,0.0,0.5506483176047745,0.2882376679445149,0.2875730152995646,0.49625,0.2596060499301338,0.0,0.17431974571235997,0.47114772163690777,False,nan,reject,1.0,BAOAB,0.0,0.0
ULD,"ULD gamma=1, canonical",b914b1c481c4dcc20022dd4a196ddcc1,c87203a12406cc5114b7ffa2d8877465,False,1,5191,25.955000000000002,16611200.0,5191.0,5191.0,0.0,0.5510377317839672,0.2870317636826014,0.2863621005231006,0.5012500000000001,0.26470880057849666,0.0,0.1789401214452118,0.48489772163690786,False,nan,reject,1.0,BAOAB,0.0,0.0
ULD,"ULD gamma=1, canonical",b914b1c481c4dcc20022dd4a196ddcc1,c87203a12406cc5114b7ffa2d8877465,False,2,5191,25.955000000000002,16611200.0,5191.0,5191.0,0.0,0.5413615640248365,0.278075704979064,0.2774013374251799,0.49250000000000005,0.2591743589884319,0.0,0.17230609094017824,0.46489772163690785,False,nan,reject,1.0,BAOAB,0.0,0.0
ULD,"ULD gamma=1, canonical",b914b1c481c4dcc20022dd4a196ddcc1,c87203a12406cc5114b7ffa2d8877465,False,3,5191,25.955000000000002,16611200.0,5191.0,5191.0,0.0,0.5544225553942086,0.2907349061048342,0.29006727927420506,0.51,0.2657018890955992,0.0,0.1789401214452118,0.48489772163690786,False,nan,reject,1.0,BAOAB,0.0,0.0
ULD,"ULD gamma=1, canonical",b914b1c481c4dcc20022dd4a196ddcc1,c87203a12406cc5114b7ffa2d8877465,False,0,5250,26.25,16800000.0,5250.0,5250.0,0.0,0.5471330498506575,0.28452879955319943,0.2838622825703898,0.4887500000000001,0.26078259409011884,0.0,0.1735079466722305,0.4686477216369078,False,nan,reject,1.0,BAOAB,0.0,0.0
ULD,"ULD gamma=1, canonical",b914b1c481c4dcc20022dd4a196ddcc1,c87203a12406cc5114b7ffa2d8877465,False,1,5250,26.25,16800000.0,5250.0,5250.0,0.0,0.5485186721331747,0.2843939378175845,0.2837233299097368,0.50375,0.26424100803420714,0.0,0.1780800811543753,0.48239772163690775,False,nan,reject,1.0,BAOAB,0.0,0.0
ULD,"ULD gamma=1, canonical",b914b1c481c4dcc20022dd4a196ddcc1,c87203a12406cc5114b7ffa2d8877465,False,2,5250,26.25,16800000.0,5250.0,5250.0,0.0,0.540138932634991,0.27716371409756135,0.27649115631977284,0.4887500000000001,0.25763990970109396,0.0,0.1711229819898305,0.46114772163690776,False,nan,reject,1.0,BAOAB,0.0,0.0
ULD,"ULD gamma=1, canonical",b914b1c481c4dcc20022dd4a196ddcc1,c87203a12406cc5114b7ffa2d8877465,False,3,5250,26.25,16800000.0,5250.0,5250.0,0.0,0.554599236977557,0.29171356617638844,0.2910494658301088,0.50875,0.26565288416538724,0.0,0.17937354624472868,0.48614772163690784,False,nan,reject,1.0,BAOAB,0.0,0.0
ULD,"ULD gamma=1, canonical",b914b1c481c4dcc20022dd4a196ddcc1,c87203a12406cc5114b7ffa2d8877465,False,0,5309,26.545,16988800.0,5309.0,5309.0,0.0,0.5448581826589606,0.2815869556517875,0.28091881307711963,0.4887500000000001,0.25458980281456267,0.0,0.17391278250311396,0.4698977216369078,False,nan,reject,1.0,BAOAB,0.0,0.0
ULD,"ULD gamma=1, canonical",b914b1c481c4dcc20022dd4a196ddcc1,c87203a12406cc5114b7ffa2d8877465,False,1,5309,26.545,16988800.0,5309.0,5309.0,0.0,0.5472181709062742,0.2833819762338785,0.28271264351061254,0.50375,0.26232432786041904,0.0,0.1772290337414721,0.4798977216369078,False,nan,reject,1.0,BAOAB,0.0,0.0
ULD,"ULD gamma=1, canonical",b914b1c481c4dcc20022dd4a196ddcc1,c87203a12406cc5114b7ffa2d8877465,False,2,5309,26.545,16988800.0,5309.0,5309.0,0.0,0.5388798288271672,0.2758553318154633,0.2751820770378519,0.48500000000000004,0.256664953420931,0.0,0.1707327281615553,0.4598977216369078,False,nan,reject,1.0,BAOAB,0.0,0.0
ULD,"ULD gamma=1, canonical",b914b1c481c4dcc20022dd4a196ddcc1,c87203a12406cc5114b7ffa2d8877465,False,3,5309,26.545,16988800.0,5309.0,5309.0,0.0,0.5542667450941788,0.2919695606471959,0.29131141002934546,0.5062500000000001,0.26256095081212005,0.0,0.17937354624472868,0.48614772163690784,False,nan,reject,1.0,BAOAB,0.0,0.0
ULD,"ULD gamma=1, canonical",b914b1c481c4dcc20022dd4a196ddcc1,c87203a12406cc5114b7ffa2d8877465,False,0,5369,26.845,17180800.0,5369.0,5369.0,0.0,0.5434146984742552,0.2798497007340143,0.2791795276646146,0.49000000000000005,0.2589298142711114,0.0,0.1735079466722305,0.4686477216369078,False,nan,reject,1.0,BAOAB,0.0,0.0
ULD,"ULD gamma=1, canonical",b914b1c481c4dcc20022dd4a196ddcc1,c87203a12406cc5114b7ffa2d8877465,False,1,5369,26.845,17180800.0,5369.0,5369.0,0.0,0.5467492211351042,0.2834872197093732,0.28281944882535814,0.49750000000000005,0.2630027668447431,0.0,0.1763868779160222,0.4773977216369078,False,nan,reject,1.0,BAOAB,0.0,0.0
ULD,"ULD gamma=1, canonical",b914b1c481c4dcc20022dd4a196ddcc1,c87203a12406cc5114b7ffa2d8877465,False,2,5369,26.845,17180800.0,5369.0,5369.0,0.0,0.5375381968715285,0.27521980714329053,0.2745466562455732,0.485,0.25669761999453256,0.0,0.17034451474908158,0.4586477216369078,False,nan,reject,1.0,BAOAB,0.0,0.0
ULD,"ULD gamma=1, canonical",b914b1c481c4dcc20022dd4a196ddcc1,c87203a12406cc5114b7ffa2d8877465,False,3,5369,26.845,17180800.0,5369.0,5369.0,0.0,0.5522476383455832,0.29061600382183284,0.28996138345352873,0.5050000000000001,0.26217022052972905,0.0,0.1789401214452118,0.48489772163690786,False,nan,reject,1.0,BAOAB,0.0,0.0
ULD,"ULD gamma=1, canonical",b914b1c481c4dcc20022dd4a196ddcc1,c87203a12406cc5114b7ffa2d8877465,False,0,5428,27.14,17369600.0,5428.0,5428.0,0.0,0.5436890079668877,0.27974188266195243,0.2790699394152162,0.4912500000000001,0.2562754600863546,0.0,0.17230609094017824,0.46489772163690785,False,nan,reject,1.0,BAOAB,0.0,0.0
ULD,"ULD gamma=1, canonical",b914b1c481c4dcc20022dd4a196ddcc1,c87203a12406cc5114b7ffa2d8877465,False,1,5428,27.14,17369600.0,5428.0,5428.0,0.0,0.5482934325717328,0.2851368371590366,0.28447207787880247,0.4962500000000001,0.2601180220108633,0.0,0.1763868779160222,0.4773977216369078,False,nan,reject,1.0,BAOAB,0.0,0.0
ULD,"ULD gamma=1, canonical",b914b1c481c4dcc20022dd4a196ddcc1,c87203a12406cc5114b7ffa2d8877465,False,2,5428,27.14,17369600.0,5428.0,5428.0,0.0,0.5363784535432881,0.27411910138006634,0.2734451813212826,0.47625000000000006,0.2562653719697846,0.0,0.16957416801734984,0.4561477216369078,False,nan,reject,1.0,BAOAB,0.0,0.0
ULD,"ULD gamma=1, canonical",b914b1c481c4dcc20022dd4a196ddcc1,c87203a12406cc5114b7ffa2d8877465,False,3,5428,27.14,17369600.0,5428.0,5428.0,0.0,0.551787752603998,0.2907831481282832,0.2901269431638679,0.5062500000000001,0.26318105221160826,0.0,0.1789401214452118,0.48489772163690786,False,nan,reject,1.0,BAOAB,0.0,0.0
ULD,"ULD gamma=1, canonical",b914b1c481c4dcc20022dd4a196ddcc1,c87203a12406cc5114b7ffa2d8877465,False,0,5488,27.44,17561600.0,5488.0,5488.0,0.0,0.541902173310564,0.27826449926199925,0.2775894534157861,0.48750000000000004,0.26040354560492385,0.0,0.17310522690342484,0.46739772163690785,False,nan,reject,1.0,BAOAB,0.0,0.0
ULD,"ULD gamma=1, canonical",b914b1c481c4dcc20022dd4a196ddcc1,c87203a12406cc5114b7ffa2d8877465,False,1,5488,27.44,17561600.0,5488.0,5488.0,0.0,0.5497351236763233,0.28764867243197645,0.28698703405999904,0.5025000000000001,0.2618748985904029,0.0,0.1759691033509642,0.47614772163690783,False,nan,reject,1.0,BAOAB,0.0,0.0
ULD,"ULD gamma=1, canonical",b914b1c481c4dcc20022dd4a196ddcc1,c87203a12406cc5114b7ffa2d8877465,False,2,5488,27.44,17561600.0,5488.0,5488.0,0.0,0.5348672390193703,0.27201624473925423,0.2713426498828342,0.47375000000000006,0.25382653624209706,0.0,0.16919201441243759,0.45489772163690784,False,nan,reject,1.0,BAOAB,0.0,0.0
ULD,"ULD gamma=1, canonical",b914b1c481c4dcc20022dd4a196ddcc1,c87203a12406cc5114b7ffa2d8877465,False,3,5488,27.44,17561600.0,5488.0,5488.0,0.0,0.5530027744240146,0.2916836692136514,0.2910235513725028,0.51,0.26289246606372263,0.0,0.1772290337414721,0.4798977216369078,False,nan,reject,1.0,BAOAB,0.0,0.0
ULD,"ULD gamma=1, canonical",b914b1c481c4dcc20022dd4a196ddcc1,c87203a12406cc5114b7ffa2d8877465,False,0,5547,27.735,17750400.0,5547.0,5547.0,0.0,0.5392942765684603,0.27537423205941325,0.27469820261725597,0.48375000000000007,0.25634283816188286,0.0,0.1715152866705782,0.46239772163690784,False,nan,reject,1.0,BAOAB,0.0,0.0
ULD,"ULD gamma=1, canonical",b914b1c481c4dcc20022dd4a196ddcc1,c87203a12406cc5114b7ffa2d8877465,False,1,5547,27.735,17750400.0,5547.0,5547.0,0.0,0.5503125017395243,0.2883744881594873,0.2877135922756002,0.51,0.2601718052567079,0.0,0.17555351477826794,0.47489772163690785,False,nan,reject,1.0,BAOAB,0.0,0.0
ULD,"ULD gamma=1, canonical",b914b1c481c4dcc20022dd4a196ddcc1,c87203a12406cc5114b7ffa2d8877465,False,2,5547,27.735,17750400.0,5547.0,5547.0,0.0,0.5325333522682176,0.26981911976485096,0.2691440243380868,0.47625000000000006,0.2519717962324145,0.0,0.16957416801734984,0.4561477216369078,False,nan,reject,1.0,BAOAB,0.0,0.0
ULD,"ULD gamma=1, canonical",b914b1c481c4dcc20022dd4a196ddcc1,c87203a12406cc5114b7ffa2d8877465,False,3,5547,27.735,17750400.0,5547.0,5547.0,0.0,0.5525476305460902,0.2900841462612599,0.28941923786325174,0.5075000000000001,0.2619207345093456,0.0,0.1763868779160222,0.4773977216369078,False,nan,reject,1.0,BAOAB,0.0,0.0
ULD,"ULD gamma=1, canonical",b914b1c481c4dcc20022dd4a196ddcc1,c87203a12406cc5114b7ffa2d8877465,False,0,5606,28.03,17939200.0,5606.0,5606.0,0.0,0.5362785250195823,0.272235796580127,0.2715594796528469,0.48125000000000007,0.2515768436504606,0.0,0.16957416801734984,0.4561477216369078,False,nan,reject,1.0,BAOAB,0.0,0.0
ULD,"ULD gamma=1, canonical",b914b1c481c4dcc20022dd4a196ddcc1,c87203a12406cc5114b7ffa2d8877465,False,1,5606,28.03,17939200.0,5606.0,5606.0,0.0,0.550069526831975,0.28824630034039345,0.2875844104392705,0.5062500000000001,0.26268960127845564,0.0,0.17514010019752774,0.4736477216369078,False,nan,reject,1.0,BAOAB,0.0,0.0
ULD,"ULD gamma=1, canonical",b914b1c481c4dcc20022dd4a196ddcc1,c87203a12406cc5114b7ffa2d8877465,False,2,5606,28.03,17939200.0,5606.0,5606.0,0.0,0.5305512715481184,0.2679469823326224,0.26726868737636833,0.47375000000000006,0.2570937031386811,0.0,0.16805751332333962,0.45114772163690775,False,nan,reject,1.0,BAOAB,0.0,0.0
ULD,"ULD gamma=1, canonical",b914b1c481c4dcc20022dd4a196ddcc1,c87203a12406cc5114b7ffa2d8877465,False,3,5606,28.03,17939200.0,5606.0,5606.0,0.0,0.5503695415377995,0.28702190862478294,0.28635196983640854,0.5,0.26250082739107294,0.0,0.17555351477826794,0.47489772163690785,False,nan,reject,1.0,BAOAB,0.0,0.0
ULD,"ULD gamma=1, canonical",b914b1c481c4dcc20022dd4a196ddcc1,c87203a12406cc5114b7ffa2d8877465,False,0,5666,28.330000000000002,18131200.0,5666.0,5666.0,0.0,0.5340946529106282,0.2708599702072366,0.2701825647148388,0.47625000000000006,0.2539251284474938,0.0,0.1684336968682954,0.45239772163690783,False,nan,reject,1.0,BAOAB,0.0,0.0
ULD,"ULD gamma=1, canonical",b914b1c481c4dcc20022dd4a196ddcc1,c87203a12406cc5114b7ffa2d8877465,False,1,5666,28.330000000000002,18131200.0,5666.0,5666.0,0.0,0.5507898080386543,0.2891805955050072,0.28851884976669073,0.50125,0.2604065075648976,0.0,0.17310522690342484,0.46739772163690785,False,nan,reject,1.0,BAOAB,0.0,0.0
ULD,"ULD gamma=1, canonical",b914b1c481c4dcc20022dd4a196ddcc1,c87203a12406cc5114b7ffa2d8877465,False,2,5666,28.330000000000002,18131200.0,5666.0,5666.0,0.0,0.5304558928132423,0.26809220524198907,0.2674145786518981,0.47250000000000003,0.2524694633795391,0.0,0.16731104849747488,0.4486477216369078,False,nan,reject,1.0,BAOAB,0.0,0.0
ULD,"ULD gamma=1, canonical",b914b1c481c4dcc20022dd4a196ddcc1,c87203a12406cc5114b7ffa2d8877465,False,3,5666,28.330000000000002,18131200.0,5666.0,5666.0,0.0,0.5477875297471664,0.2841391918674929,0.28346774873617764,0.49250000000000005,0.2593746872967382,0.0,0.17514010019752774,0.4736477216369078,False,nan,reject,1.0,BAOAB,0.0,0.0
ULD,"ULD gamma=1, canonical",b914b1c481c4dcc20022dd4a196ddcc1,c87203a12406cc5114b7ffa2d8877465,False,0,5725,28.625,18320000.0,5725.0,5725.0,0.0,0.532593947938786,0.26969984288482074,0.26902026104481447,0.47125000000000006,0.25333535750566116,0.0,0.1684336968682954,0.45239772163690783,False,nan,reject,1.0,BAOAB,0.0,0.0
ULD,"ULD gamma=1, canonical",b914b1c481c4dcc20022dd4a196ddcc1,c87203a12406cc5114b7ffa2d8877465,False,1,5725,28.625,18320000.0,5725.0,5725.0,0.0,0.5493600735600791,0.28791532456262847,0.2872522056870358,0.5025000000000001,0.2602414486964024,0.0,0.17310522690342484,0.46739772163690785,False,nan,reject,1.0,BAOAB,0.0,0.0
ULD,"ULD gamma=1, canonical",b914b1c481c4dcc20022dd4a196ddcc1,c87203a12406cc5114b7ffa2d8877465,False,2,5725,28.625,18320000.0,5725.0,5725.0,0.0,0.5293676156671339,0.26678788313304425,0.26610919984984016,0.4700000000000001,0.2505835294830312,0.0,0.16657239035859794,0.4461477216369078,False,nan,reject,1.0,BAOAB,0.0,0.0
ULD,"ULD gamma=1, canonical",b914b1c481c4dcc20022dd4a196ddcc1,c87203a12406cc5114b7ffa2d8877465,False,3,5725,28.625,18320000.0,5725.0,5725.0,0.0,0.5428002632564749,0.279307807312032,0.2786347733519786,0.4850000000000001,0.26029085612043823,0.0,0.1735079466722305,0.4686477216369078,False,nan,reject,1.0,BAOAB,0.0,0.0
ULD,"ULD gamma=1, canonical",b914b1c481c4dcc20022dd4a196ddcc1,c87203a12406cc5114b7ffa2d8877465,False,0,5784,28.92,18508800.0,5784.0,5784.0,0.0,0.5310136486604087,0.2683575482309297,0.26767761021461633,0.4675,0.2501432439199267,0.0,0.16694074826409372,0.44739772163690783,False,nan,reject,1.0,BAOAB,0.0,0.0
ULD,"ULD gamma=1, canonical",b914b1c481c4dcc20022dd4a196ddcc1,c87203a12406cc5114b7ffa2d8877465,False,1,5784,28.92,18508800.0,5784.0,5784.0,0.0,0.543987653102349,0.2823834772760033,0.2817157646249253,0.48750000000000004,0.2583802321852452,0.0,0.17230609094017824,0.46489772163690785,False,nan,reject,1.0,BAOAB,0.0,0.0
ULD,"ULD gamma=1, canonical",b914b1c481c4dcc20022dd4a196ddcc1,c87203a12406cc5114b7ffa2d8877465,False,2,5784,28.92,18508800.0,5784.0,5784.0,0.0,0.5267164483029602,0.264243809843955,0.26356527925091977,0.46375000000000005,0.24935832937394875,0.0,0.1654788789858901,0.4423977216369078,False,nan,reject,1.0,BAOAB,0.0,0.0
ULD,"ULD gamma=1, canonical",b914b1c481c4dcc20022dd4a196ddcc1,c87203a12406cc5114b7ffa2d8877465,False,3,5784,28.92,18508800.0,5784.0,5784.0,0.0,0.5377417740542431,0.2741215700639613,0.2734476574969301,0.4887500000000001,0.25680131015096963,0.0,0.17230609094017824,0.46489772163690785,False,nan,reject,1.0,BAOAB,0.0,0.0
ULD,"ULD gamma=1, canonical",b914b1c481c4dcc20022dd4a196ddcc1,c87203a12406cc5114b7ffa2d8877465,False,0,5844,29.22,18700800.0,5844.0,5844.0,0.0,0.5273240440230367,0.2649109979740806,0.2642326710715257,0.465,0.2499753853780461,0.0,0.1654788789858901,0.4423977216369078,False,nan,reject,1.0,BAOAB,0.0,0.0
ULD,"ULD gamma=1, canonical",b914b1c481c4dcc20022dd4a196ddcc1,c87203a12406cc5114b7ffa2d8877465,False,1,5844,29.22,18700800.0,5844.0,5844.0,0.0,0.5402935748421842,0.27762975722862326,0.2769588113990048,0.48500000000000004,0.25697109909580784,0.0,0.17270461201143558,0.4661477216369078,False,nan,reject,1.0,BAOAB,0.0,0.0
ULD,"ULD gamma=1, canonical",b914b1c481c4dcc20022dd4a196ddcc1,c87203a12406cc5114b7ffa2d8877465,False,2,5844,29.22,18700800.0,5844.0,5844.0,0.0,0.5262181654947256,0.26413050194069976,0.2634532739032328,0.465,0.2499873328021165,0.0,0.1647594168404784,0.43989772163690777,False,nan,reject,1.0,BAOAB,0.0,0.0
ULD,"ULD gamma=1, canonical",b914b1c481c4dcc20022dd4a196ddcc1,c87203a12406cc5114b7ffa2d8877465,False,3,5844,29.22,18700800.0,5844.0,5844.0,0.0,0.5344567151774501,0.27104518483666085,0.2703695247014263,0.48750000000000004,0.2578415202869445,0.0,0.17190965276093484,0.4636477216369078,False,nan,reject,1.0,BAOAB,0.0,0.0
ULD,"ULD gamma=1, canonical",b914b1c481c4dcc20022dd4a196ddcc1,c87203a12406cc5114b7ffa2d8877465,False,0,5903,29.515,18889600.0,5903.0,5903.0,0.0,0.5234994748874279,0.2615004564135517,0.26082410629103325,0.4675,0.24728753329294106,0.0,0.16404750903281656,0.4373977216369078,False,nan,reject,1.0,BAOAB,0.0,0.0
ULD,"ULD gamma=1, canonical",b914b1c481c4dcc20022dd4a196ddcc1,c87203a12406cc5114b7ffa2d8877465,False,1,5903,29.515,18889600.0,5903.0,5903.0,0.0,0.5390539391067719,0.2749955622102471,0.2743236601521619,0.48250000000000004,0.2548474414866587,0.0,0.17310522690342484,0.46739772163690785,False,nan,reject,1.0,BAOAB,0.0,0.0
ULD,"ULD gamma=1, canonical",b914b1c481c4dcc20022dd4a196ddcc1,c87203a12406cc5114b7ffa2d8877465,False,2,5903,29.515,18889600.0,5903.0,5903.0,0.0,0.5267544498105559,0.26496527422834515,0.26428874710336736,0.46624999999999994,0.2457010594814547,0.0,0.1647594168404784,0.43989772163690777,False,nan,reject,1.0,BAOAB,0.0,0.0
ULD,"ULD gamma=1, canonical",b914b1c481c4dcc20022dd4a196ddcc1,c87203a12406cc5114b7ffa2d8877465,False,3,5903,29.515,18889600.0,5903.0,5903.0,0.0,0.534960756081389,0.27251164504316683,0.2718381472723853,0.48000000000000004,0.2541819748037566,0.0,0.1707327281615553,0.4598977216369078,False,nan,reject,1.0,BAOAB,0.0,0.0
ULD,"ULD gamma=1, canonical",b914b1c481c4dcc20022dd4a196ddcc1,c87203a12406cc5114b7ffa2d8877465,False,0,5962,29.810000000000002,19078400.0,5962.0,5962.0,0.0,0.520074007310618,0.2589639970428429,0.25828428977373674,0.46625000000000005,0.25048037296166303,0.0,0.163694366522341,0.43614772163690785,False,nan,reject,1.0,BAOAB,0.0,0.0
ULD,"ULD gamma=1, canonical",b914b1c481c4dcc20022dd4a196ddcc1,c87203a12406cc5114b7ffa2d8877465,False,1,5962,29.810000000000002,19078400.0,5962.0,5962.0,0.0,0.5384529437335244,0.2741946882828853,0.27352039182802734,0.4887500000000001,0.2591185392131986,0.0,0.17310522690342484,0.46739772163690785,False,nan,reject,1.0,BAOAB,0.0,0.0
ULD,"ULD gamma=1, canonical",b914b1c481c4dcc20022dd4a196ddcc1,c87203a12406cc5114b7ffa2d8877465,False,2,5962,29.810000000000002,19078400.0,5962.0,5962.0,0.0,0.5249264438310617,0.26340339787242917,0.26272536123291634,0.4675,0.25214237132121753,0.0,0.16299366214754918,0.43364772163690785,False,nan,reject,1.0,BAOAB,0.0,0.0
ULD,"ULD gamma=1, canonical",b914b1c481c4dcc20022dd4a196ddcc1,c87203a12406cc5114b7ffa2d8877465,False,3,5962,29.810000000000002,19078400.0,5962.0,5962.0,0.0,0.5374402420870531,0.27611186618699424,0.2754427740984797,0.47875,0.2554616217449218,0.0,0.16957416801734984,0.4561477216369078,False,nan,reject,1.0,BAOAB,0.0,0.0
ULD,"ULD gamma=1, canonical",b914b1c481c4dcc20022dd4a196ddcc1,c87203a12406cc5114b7ffa2d8877465,False,0,6022,30.11,19270400.0,6022.0,6022.0,0.0,0.5197750522610028,0.25862187207782394,0.25793874821896146,0.46375,0.2522206244783556,0.0,0.16334308700562056,0.4348977216369078,False,nan,reject,1.0,BAOAB,0.0,0.0
ULD,"ULD gamma=1, canonical",b914b1c481c4dcc20022dd4a196ddcc1,c87203a12406cc5114b7ffa2d8877465,False,1,6022,30.11,19270400.0,6022.0,6022.0,0.0,0.5388432709865836,0.27438722679433625,0.27371092175740075,0.48250000000000004,0.2586230319129289,0.0,0.17230609094017824,0.46489772163690785,False,nan,reject,1.0,BAOAB,0.0,0.0
ULD,"ULD gamma=1, canonical",b914b1c481c4dcc20022dd4a196ddcc1,c87203a12406cc5114b7ffa2d8877465,False,2,6022,30.11,19270400.0,6022.0,6022.0,0.0,0.5250623800282052,0.26286492710506737,0.2621852309737549,0.46125000000000005,0.2474630400392419,0.0,0.163694366522341,0.43614772163690785,False,nan,reject,1.0,BAOAB,0.0,0.0
ULD,"ULD gamma=1, canonical",b914b1c481c4dcc20022dd4a196ddcc1,c87203a12406cc5114b7ffa2d8877465,False,3,6022,30.11,19270400.0,6022.0,6022.0,0.0,0.5401455759009932,0.27898470892779736,0.27831816632027084,0.47875000000000006,0.254150433705847,0.0,0.16881186064888287,0.4536477216369078,False,nan,reject,1.0,BAOAB,0.0,0.0
ULD,"ULD gamma=1, canonical",b914b1c481c4dcc20022dd4a196ddcc1,c87203a12406cc5114b7ffa2d8877465,False,0,6081,30.405,19459200.0,6081.0,6081.0,0.0,0.520947210178826,0.25873468981391035,0.25805001200171873,0.46,0.25170198698489343,0.0,0.16264608370465647,0.4323977216369078,False,nan,reject,1.0,BAOAB,0.0,0.0
ULD,"ULD gamma=1, canonical",b914b1c481c4dcc20022dd4a196ddcc1,c87203a12406cc5114b7ffa2d8877465,False,1,6081,30.405,19459200.0,6081.0,6081.0,0.0,0.5385615381684958,0.27408746419671637,0.2734096377892118,0.48125000000000007,0.25758482358367485,0.0,0.17190965276093484,0.4636477216369078,False,nan,reject,1.0,BAOAB,0.0,0.0
ULD,"ULD gamma=1, canonical",b914b1c481c4dcc20022dd4a196ddcc1,c87203a12406cc5114b7ffa2d8877465,False,2,6081,30.405,19459200.0,6081.0,6081.0,0.0,0.5225722349329553,0.2603980478922522,0.25971491652269785,0.45875000000000005,0.25164431474072246,0.0,0.16264608370465647,0.4323977216369078,False,nan,reject,1.0,BAOAB,0.0,0.0
ULD,"ULD gamma=1, canonical",b914b1c481c4dcc20022dd4a196ddcc1,c87203a12406cc5114b7ffa2d8877465,False,3,6081,30.405,19459200.0,6081.0,6081.0,0.0,0.5397240761291219,0.2784158493727906,0.2777483721821591,0.47625000000000006,0.25557220484976806,0.0,0.16881186064888287,0.4536477216369078,False,nan,reject,1.0,BAOAB,0.0,0.0
ULD,"ULD gamma=1, canonical",b914b1c481c4dcc20022dd4a196ddcc1,c87203a12406cc5114b7ffa2d8877465,False,0,6141,30.705000000000002,19651200.0,6141.0,6141.0,0.0,0.5204859905964021,0.25793105025656815,0.2572443195651132,0.4625,0.2514841416035811,0.0,0.16230034352399053,0.43114772163690784,False,nan,reject,1.0,BAOAB,0.0,0.0
ULD,"ULD gamma=1, canonical",b914b1c481c4dcc20022dd4a196ddcc1,c87203a12406cc5114b7ffa2d8877465,False,1,6141,30.705000000000002,19651200.0,6141.0,6141.0,0.0,0.5377418598571883,0.2738510175466371,0.2731741288750341,0.48500000000000004,0.26060971468732363,0.0,0.1715152866705782,0.46239772163690784,False,nan,reject,1.0,BAOAB,0.0,0.0
ULD,"ULD gamma=1, canonical",b914b1c481c4dcc20022dd4a196ddcc1,c87203a12406cc5114b7ffa2d8877465,False,2,6141,30.705000000000002,19651200.0,6141.0,6141.0,0.0,0.5204563005084835,0.25801551369731246,0.257331983233696,0.4600000000000001,0.24755430764955322,0.0,0.16230034352399053,0.43114772163690784,False,nan,reject,1.0,BAOAB,0.0,0.0
ULD,"ULD gamma=1, canonical",b914b1c481c4dcc20022dd4a196ddcc1,c87203a12406cc5114b7ffa2d8877465,False,3,6141,30.705000000000002,19651200.0,6141.0,6141.0,0.0,0.5371724906165711,0.2752244531937401,0.2745540937850306,0.4774999999999999,0.2539510505721607,0.0,0.16881186064888287,0.4536477216369078,False,nan,reject,1.0,BAOAB,0.0,0.0
ULD,"ULD gamma=1, canonical",b914b1c481c4dcc20022dd4a196ddcc1,c87203a12406cc5114b7ffa2d8877465,False,0,6200,31.0,19840000.0,6200.0,6200.0,0.0,0.521099994827324,0.25804038549688735,0.2573531440677589,0.46125000000000005,0.24992558064670078,0.0,0.16264608370465647,0.4323977216369078,False,nan,reject,1.0,BAOAB,0.0,0.0
ULD,"ULD gamma=1, canonical",b914b1c481c4dcc20022dd4a196ddcc1,c87203a12406cc5114b7ffa2d8877465,False,1,6200,31.0,19840000.0,6200.0,6200.0,0.0,0.538892715180554,0.2756496093502693,0.2749768213789896,0.48500000000000004,0.2566372083776568,0.0,0.17190965276093484,0.4636477216369078,False,nan,reject,1.0,BAOAB,0.0,0.0
ULD,"ULD gamma=1, canonical",b914b1c481c4dcc20022dd4a196ddcc1,c87203a12406cc5114b7ffa2d8877465,False,2,6200,31.0,19840000.0,6200.0,6200.0,0.0,0.518508740699352,0.25603599589631765,0.25535214711230136,0.45375000000000004,0.2456357893476402,0.0,0.16195643354202047,0.42989772163690776,False,nan,reject,1.0,BAOAB,0.0,0.0
ULD,"ULD gamma=1, canonical",b914b1c481c4dcc20022dd4a196ddcc1,c87203a12406cc5114b7ffa2d8877465,False,3,6200,31.0,19840000.0,6200.0,6200.0,0.0,0.5354661727452441,0.272956288115221,0.27228153444040115,0.47125000000000006,0.2543169621787611,0.0,0.16731104849747488,0.4486477216369078,False,nan,reject,1.0,BAOAB,0.0,0.0
ULD,"ULD gamma=1, canonical",b914b1c481c4dcc20022dd4a196ddcc1,c87203a12406cc5114b7ffa2d8877465,False,0,6259,31.295,20028800.0,6259.0,6259.0,0.0,0.5197309174130504,0.25706638210743804,0.25637967360371916,0.45625000000000004,0.251455674284348,0.0,0.16264608370465647,0.4323977216369078,False,nan,reject,1.0,BAOAB,0.0,0.0
ULD,"ULD gamma=1, canonical",b914b1c481c4dcc20022dd4a196ddcc1,c87203a12406cc5114b7ffa2d8877465,False,1,6259,31.295,20028800.0,6259.0,6259.0,0.0,0.5385554544247864,0.27672720770402937,0.27605766585791325,0.48375,0.25344541594128545,0.0,0.17034451474908158,0.4586477216369078,False,nan,reject,1.0,BAOAB,0.0,0.0
ULD,"ULD gamma=1, canonical",b914b1c481c4dcc20022dd4a196ddcc1,c87203a12406cc5114b7ffa2d8877465,False,2,6259,31.295,20028800.0,6259.0,6259.0,0.0,0.5185790837220223,0.2561411111701368,0.2554559481275692,0.45125000000000004,0.24577600176987258,0.0,0.16161434578355877,0.4286477216369078,False,nan,reject,1.0,BAOAB,0.0,0.0
ULD,"ULD gamma=1, canonical",b914b1c481c4dcc20022dd4a196ddcc1,c87203a12406cc5114b7ffa2d8877465,False,3,6259,31.295,20028800.0,6259.0,6259.0,0.0,0.5329070565427423,0.2695380049233216,0.268859664057442,0.4675,0.2522909336638077,0.0,0.16694074826409372,0.44739772163690783,False,nan,reject,1.0,BAOAB,0.0,0.0
ULD,"ULD gamma=1, canonical",b914b1c481c4dcc20022dd4a196ddcc1,c87203a12406cc5114b7ffa2d8877465,False,0,6319,31.595000000000002,20220800.0,6319.0,6319.0,0.0,0.5188504388295493,0.25696985575368103,0.256284877917074,0.4650000000000001,0.250984664260828,0.0,0.16195643354202047,0.42989772163690776,False,nan,reject,1.0,BAOAB,0.0,0.0
ULD,"ULD gamma=1, canonical",b914b1c481c4dcc20022dd4a196ddcc1,c87203a12406cc5114b7ffa2d8877465,False,1,6319,31.595000000000002,20220800.0,6319.0,6319.0,0.0,0.5369824765961863,0.27515526026933423,0.2744856795573256,0.47750000000000004,0.2539181071962505,0.0,0.16881186064888287,0.4536477216369078,False,nan,reject,1.0,BAOAB,0.0,0.0
ULD,"ULD gamma=1, canonical",b914b1c481c4dcc20022dd4a196ddcc1,c87203a12406cc5114b7ffa2d8877465,False,2,6319,31.595000000000002,20220800.0,6319.0,6319.0,0.0,0.5197436043962447,0.25715866091841966,0.256471454377342,0.45000000000000007,0.2471342565256449,0.0,0.16127407236070126,0.4273977216369078,False,nan,reject,1.0,BAOAB,0.0,0.0
ULD,"ULD gamma=1, canonical",b914b1c481c4dcc20022dd4a196ddcc1,c87203a12406cc5114b7ffa2d8877465,False,3,6319,31.595000000000002,20220800.0,6319.0,6319.0,0.0,0.5286648611569198,0.2649028262825558,0.264222823487518,0.465,0.251194015030369,0.0,0.16657239035859794,0.4461477216369078,False,nan,reject,1.0,BAOAB,0.0,0.0
ULD,"ULD gamma=1, canonical",b914b1c481c4dcc20022dd4a196ddcc1,c87203a12406cc5114b7ffa2d8877465,False,0,6378,31.89,20409600.0,6378.0,6378.0,0.0,0.5195895742361066,0.2576475758715745,0.25696402333979407,0.46625000000000005,0.25088254171976,0.0,0.16195643354202047,0.42989772163690776,False,nan,reject,1.0,BAOAB,0.0,0.0
ULD,"ULD gamma=1, canonical",b914b1c481c4dcc20022dd4a196ddcc1,c87203a12406cc5114b7ffa2d8877465,False,1,6378,31.89,20409600.0,6378.0,6378.0,0.0,0.5353542883247717,0.27338933222567696,0.27271925694435706,0.47500000000000003,0.25310161167540723,0.0,0.16919201441243759,0.45489772163690784,False,nan,reject,1.0,BAOAB,0.0,0.0
ULD,"ULD gamma=1, canonical",b914b1c481c4dcc20022dd4a196ddcc1,c87203a12406cc5114b7ffa2d8877465,False,2,6378,31.89,20409600.0,6378.0,6378.0,0.0,0.5202498778794348,0.2575408324423951,0.2568549570529889,0.45125000000000004,0.2445976534638592,0.0,0.16195643354202047,0.42989772163690776,False,nan,reject,1.0,BAOAB,0.0,0.0
ULD,"ULD gamma=1, canonical",b914b1c481c4dcc20022dd4a196ddcc1,c87203a12406cc5114b7ffa2d8877465,False,3,6378,31.89,20409600.0,6378.0,6378.0,0.0,0.5248834194799352,0.26113250810347455,0.2604513079875791,0.4625000000000001,0.24786222396230273,0.0,0.16620596556744377,0.44489772163690783,False,nan,reject,1.0,BAOAB,0.0,0.0
ULD,"ULD gamma=1, canonical",b914b1c481c4dcc20022dd4a196ddcc1,c87203a12406cc5114b7ffa2d8877465,False,0,6438,32.19,20601600.0,6438.0,6438.0,0.0,0.5196666986921437,0.2570543920602658,0.25637075809722054,0.4600000000000001,0.2486180654438025,0.0,0.16230034352399053,0.43114772163690784,False,nan,reject,1.0,BAOAB,0.0,0.0
ULD,"ULD gamma=1, canonical",b914b1c481c4dcc20022dd4a196ddcc1,c87203a12406cc5114b7ffa2d8877465,False,1,6438,32.19,20601600.0,6438.0,6438.0,0.0,0.5327752586268084,0.2711480308060388,0.2704772815851245,0.47125000000000006,0.25366328090179247,0.0,0.1684336968682954,0.45239772163690783,False,nan,reject,1.0,BAOAB,0.0,0.0
ULD,"ULD gamma=1, canonical",b914b1c481c4dcc20022dd4a196ddcc1,c87203a12406cc5114b7ffa2d8877465,False,2,6438,32.19,20601600.0,6438.0,6438.0,0.0,0.5188197084346082,0.256371985996124,0.2556862132678711,0.45625000000000004,0.24867643594221822,0.0,0.16195643354202047,0.42989772163690776,False,nan,reject,1.0,BAOAB,0.0,0.0
ULD,"ULD gamma=1, canonical",b914b1c481c4dcc20022dd4a196ddcc1,c87203a12406cc5114b7ffa2d8877465,False,3,6438,32.19,20601600.0,6438.0,6438.0,0.0,0.5240714929200191,0.26088180427603136,0.26019998720717585,0.46125000000000005,0.24758415967020675,0.0,0.1647594168404784,0.43989772163690777,False,nan,reject,1.0,BAOAB,0.0,0.0
ULD,"ULD gamma=1, canonical",b914b1c481c4dcc20022dd4a196ddcc1,c87203a12406cc5114b7ffa2d8877465,False,0,6497,32.485,20790400.0,6497.0,6497.0,0.0,0.5178366501743259,0.25476363538363833,0.25407580854747436,0.4575000000000001,0.24910092485391166,0.0,0.16264608370465647,0.4323977216369078,False,nan,reject,1.0,BAOAB,0.0,0.0
ULD,"ULD gamma=1, canonical",b914b1c481c4dcc20022dd4a196ddcc1,c87203a12406cc5114b7ffa2d8877465,False,1,6497,32.485,20790400.0,6497.0,6497.0,0.0,0.5306804945394255,0.2689728794759704,0.2682992041205,0.47000000000000003,0.2523154243916844,0.0,0.16731104849747488,0.4486477216369078,False,nan,reject,1.0,BAOAB,0.0,0.0
ULD,"ULD gamma=1, canonical",b914b1c481c4dcc20022dd4a196ddcc1,c87203a12406cc5114b7ffa2d8877465,False,2,6497,32.485,20790400.0,6497.0,6497.0,0.0,0.5182215694837415,0.2566014892758821,0.2559170832660913,0.45625000000000004,0.24511806784664703,0.0,0.16127407236070126,0.4273977216369078,False,nan,reject,1.0,BAOAB,0.0,0.0
ULD,"ULD gamma=1, canonical",b914b1c481c4dcc20022dd4a196ddcc1,c87203a12406cc5114b7ffa2d8877465,False,3,6497,32.485,20790400.0,6497.0,6497.0,0.0,0.5235525563165089,0.26156222997094525,0.2608803970138506,0.46375000000000005,0.24710495728997517,0.0,0.16299366214754918,0.43364772163690785,False,nan,reject,1.0,BAOAB,0.0,0.0
ULD,"ULD gamma=1, canonical",b914b1c481c4dcc20022dd4a196ddcc1,c87203a12406cc5114b7ffa2d8877465,False,0,6556,32.78,20979200.0,6556.0,6556.0,0.0,0.5161973249666281,0.2532007364395228,0.2525086251592975,0.45250000000000007,0.25008949635548694,0.0,0.16127407236070126,0.4273977216369078,False,nan,reject,1.0,BAOAB,0.0,0.0
ULD,"ULD gamma=1, canonical",b914b1c481c4dcc20022dd4a196ddcc1,c87203a12406cc5114b7ffa2d8877465,False,1,6556,32.78,20979200.0,6556.0,6556.0,0.0,0.5291529731915988,0.2668826935638019,0.26620731304103307,0.47000000000000003,0.2521995034682105,0.0,0.1647594168404784,0.43989772163690777,False,nan,reject,1.0,BAOAB,0.0,0.0
ULD,"ULD gamma=1, canonical",b914b1c481c4dcc20022dd4a196ddcc1,c87203a12406cc5114b7ffa2d8877465,False,2,6556,32.78,20979200.0,6556.0,6556.0,0.0,0.5168823210987026,0.25634296921415034,0.2556616412120354,0.44750000000000006,0.24402520393909966,0.0,0.16093560547178642,0.42614772163690784,False,nan,reject,1.0,BAOAB,0.0,0.0
ULD,"ULD gamma=1, canonical",b914b1c481c4dcc20022dd4a196ddcc1,c87203a12406cc5114b7ffa2d8877465,False,3,6556,32.78,20979200.0,6556.0,6556.0,0.0,0.5216194060835277,0.26011289330304965,0.25942986790180655,0.4575,0.24592469453806776,0.0,0.16264608370465647,0.4323977216369078,False,nan,reject,1.0,BAOAB,0.0,0.0
ULD,"ULD gamma=1, canonical",b914b1c481c4dcc20022dd4a196ddcc1,c87203a12406cc5114b7ffa2d8877465,False,0,6616,33.08,21171200.0,6616.0,6616.0,0.0,0.5143291200379577,0.25153092052012993,0.25083755250460027,0.45125000000000004,0.24986461055756082,0.0,0.16093560547178642,0.42614772163690784,False,nan,reject,1.0,BAOAB,0.0,0.0
ULD,"ULD gamma=1, canonical",b914b1c481c4dcc20022dd4a196ddcc1,c87203a12406cc5114b7ffa2d8877465,False,1,6616,33.08,21171200.0,6616.0,6616.0,0.0,0.5265091367430719,0.264190332347072,0.26351305035775585,0.47000000000000003,0.2482909900319873,0.0,0.16511819927639101,0.44114772163690774,False,nan,reject,1.0,BAOAB,0.0,0.0
ULD,"ULD gamma=1, canonical",b914b1c481c4dcc20022dd4a196ddcc1,c87203a12406cc5114b7ffa2d8877465,False,2,6616,33.08,21171200.0,6616.0,6616.0,0.0,0.516588434646122,0.25539293003558206,0.25471188252761123,0.44625000000000004,0.2431422880954366,0.0,0.1592701018877859,0.41989772163690775,False,nan,reject,1.0,BAOAB,0.0,0.0
ULD,"ULD gamma=1, canonical",b914b1c481c4dcc20022dd4a196ddcc1,c87203a12406cc5114b7ffa2d8877465,False,3,6616,33.08,21171200.0,6616.0,6616.0,0.0,0.5213124217214193,0.2600776438285929,0.2593954291440047,0.4537500000000001,0.2473053064183326,0.0,0.16195643354202047,0.42989772163690776,False,nan,reject,1.0,BAOAB,0.0,0.0
ULD,"ULD gamma=1, canonical",b914b1c481c4dcc20022dd4a196ddcc1,c87203a12406cc5114b7ffa2d8877465,False,0,6675,33.375,21360000.0,6675.0,6675.0,0.0,0.5158041574087855,0.2520404653241708,0.25134931121258475,0.45250000000000007,0.24624322791888487,0.0,0.16059893740037273,0.4248977216369078,False,nan,reject,1.0,BAOAB,0.0,0.0
ULD,"ULD gamma=1, canonical",b914b1c481c4dcc20022dd4a196ddcc1,c87203a12406cc5114b7ffa2d8877465,False,1,6675,33.375,21360000.0,6675.0,6675.0,0.0,0.5228117050674339,0.2607698987352851,0.2600883626579731,0.4675,0.25066757370506243,0.0,0.16584146477973113,0.4436477216369078,False,nan,reject,1.0,BAOAB,0.0,0.0
ULD,"ULD gamma=1, canonical",b914b1c481c4dcc20022dd4a196ddcc1,c87203a12406cc5114b7ffa2d8877465,False,2,6675,33.375,21360000.0,6675.0,6675.0,0.0,0.515916701758322,0.25387369398161663,0.2531881708739846,0.44625000000000004,0.24276262505986124,0.0,0.1592701018877859,0.41989772163690775,False,nan,reject,1.0,BAOAB,0.0,0.0
ULD,"ULD gamma=1, canonical",b914b1c481c4dcc20022dd4a196ddcc1,c87203a12406cc5114b7ffa2d8877465,False,3,6675,33.375,21360000.0,6675.0,6675.0,0.0,0.5227112797355443,0.2618867206186357,0.2612083246422333,0.455,0.24642907091197153,0.0,0.16093560547178642,0.42614772163690784,False,nan,reject,1.0,BAOAB,0.0,0.0
ULD,"ULD gamma=1, canonical",b914b1c481c4dcc20022dd4a196ddcc1,c87203a12406cc5114b7ffa2d8877465,False,0,6734,33.67,21548800.0,6734.0,6734.0,0.0,0.5180154043909508,0.25502463947354037,0.25433667219895506,0.44875,0.24511134577132676,0.0,0.16127407236070126,0.4273977216369078,False,nan,reject,1.0,BAOAB,0.0,0.0
ULD,"ULD gamma=1, canonical",b914b1c481c4dcc20022dd4a196ddcc1,c87203a12406cc5114b7ffa2d8877465,False,1,6734,33.67,21548800.0,6734.0,6734.0,0.0,0.5225785122989437,0.2601239273878432,0.25944104725518036,0.46875000000000006,0.25248584929547013,0.0,0.16511819927639101,0.44114772163690774,False,nan,reject,1.0,BAOAB,0.0,0.0
ULD,"ULD gamma=1, canonical",b914b1c481c4dcc20022dd4a196ddcc1,c87203a12406cc5114b7ffa2d8877465,False,2,6734,33.67,21548800.0,6734.0,6734.0,0.0,0.5140246461050554,0.25184481204212117,0.2511545871178601,0.44250000000000006,0.24640551982147496,0.0,0.15959965018403288,0.42114772163690783,False,nan,reject,1.0,BAOAB,0.0,0.0
ULD,"ULD gamma=1, canonical",b914b1c481c4dcc20022dd4a196ddcc1,c87203a12406cc5114b7ffa2d8877465,False,3,6734,33.67,21548800.0,6734.0,6734.0,0.0,0.521620576747244,0.2606821772323181,0.26000272607130037,0.455,0.24160468741776064,0.0,0.16093560547178642,0.42614772163690784,False,nan,reject,1.0,BAOAB,0.0,0.0
ULD,"ULD gamma=1, canonical",b914b1c481c4dcc20022dd4a196ddcc1,c87203a12406cc5114b7ffa2d8877465,False,0,6794,33.97,21740800.0,6794.0,6794.0,0.0,0.5174103943873589,0.255638776264846,0.2549531146207882,0.45000000000000007,0.2466524857936604,0.0,0.16059893740037273,0.4248977216369078,False,nan,reject,1.0,BAOAB,0.0,0.0
ULD,"ULD gamma=1, canonical",b914b1c481c4dcc20022dd4a196ddcc1,c87203a12406cc5114b7ffa2d8877465,False,1,6794,33.97,21740800.0,6794.0,6794.0,0.0,0.5241481920491363,0.2616450778257129,0.26096335020672146,0.46125000000000005,0.24890618999092706,0.0,0.1647594168404784,0.43989772163690777,False,nan,reject,1.0,BAOAB,0.0,0.0
ULD,"ULD gamma=1, canonical",b914b1c481c4dcc20022dd4a196ddcc1,c87203a12406cc5114b7ffa2d8877465,False,2,6794,33.97,21740800.0,6794.0,6794.0,0.0,0.514228631522,0.25153581484780074,0.25084645379907833,0.44625000000000004,0.24332942391200207,0.0,0.15894231507054923,0.4186477216369078,False,nan,reject,1.0,BAOAB,0.0,0.0
ULD,"ULD gamma=1, canonical",b914b1c481c4dcc20022dd4a196ddcc1,c87203a12406cc5114b7ffa2d8877465,False,3,6794,33.97,21740800.0,6794.0,6794.0,0.0,0.5163323049136441,0.25518694007522813,0.2544995062506774,0.45125000000000004,0.24904711303141192,0.0,0.15959965018403288,0.42114772163690783,False,nan,reject,1.0,BAOAB,0.0,0.0
ULD,"ULD gamma=1, canonical",b914b1c481c4dcc20022dd4a196ddcc1,c87203a12406cc5114b7ffa2d8877465,False,0,6853,34.265,21929600.0,6853.0,6853.0,0.0,0.5150169707333416,0.2540916717947914,0.2534082942433945,0.45000000000000007,0.24527288989069862,0.0,0.16026406051423325,0.42364772163690784,False,nan,reject,1.0,BAOAB,0.0,0.0
ULD,"ULD gamma=1, canonical",b914b1c481c4dcc20022dd4a196ddcc1,c87203a12406cc5114b7ffa2d8877465,False,1,6853,34.265,21929600.0,6853.0,6853.0,0.0,0.5242253066980742,0.2620278998206057,0.26134695960797005,0.46375,0.24772260954103076,0.0,0.1647594168404784,0.43989772163690777,False,nan,reject,1.0,BAOAB,0.0,0.0
ULD,"ULD gamma=1, canonical",b914b1c481c4dcc20022dd4a196ddcc1,c87203a12406cc5114b7ffa2d8877465,False,2,6853,34.265,21929600.0,6853.0,6853.0,0.0,0.5133859289055447,0.25148853047657493,0.25080117956049053,0.44375000000000003,0.24217041293189112,0.0,0.15861628250668713,0.4173977216369078,False,nan,reject,1.0,BAOAB,0.0,0.0
ULD,"ULD gamma=1, canonical",b914b1c481c4dcc20022dd4a196ddcc1,c87203a12406cc5114b7ffa2d8877465,False,3,6853,34.265,21929600.0,6853.0,6853.0,0.0,0.5146041274306072,0.2524945309078699,0.25180390278465203,0.44625000000000004,0.2454618520231293,0.0,0.15959965018403288,0.42114772163690783,False,nan,reject,1.0,BAOAB,0.0,0.0
ULD,"ULD gamma=1, canonical",b914b1c481c4dcc20022dd4a196ddcc1,c87203a12406cc5114b7ffa2d8877465,False,0,6912,34.56,22118400.0,6912.0,6912.0,0.0,0.51231296722827,0.2520278742821871,0.2513463068474654,0.44500000000000006,0.24378040421402036,0.0,0.15829199704910002,0.41614772163690783,False,nan,reject,1.0,BAOAB,0.0,0.0
ULD,"ULD gamma=1, canonical",b914b1c481c4dcc20022dd4a196ddcc1,c87203a12406cc5114b7ffa2d8877465,False,1,6912,34.56,22118400.0,6912.0,6912.0,0.0,0.5235344633443325,0.2612548928465769,0.2605743678217316,0.46375000000000005,0.24746127869613743,0.0,0.163694366522341,0.43614772163690785,False,nan,reject,1.0,BAOAB,0.0,0.0
ULD,"ULD gamma=1, canonical",b914b1c481c4dcc20022dd4a196ddcc1,c87203a12406cc5114b7ffa2d8877465,False,2,6912,34.56,22118400.0,6912.0,6912.0,0.0,0.5121181086550819,0.2509408077333133,0.25025611999347075,0.44375,0.2452877075735077,0.0,0.15829199704910002,0.41614772163690783,False,nan,reject,1.0,BAOAB,0.0,0.0
ULD,"ULD gamma=1, canonical",b914b1c481c4dcc20022dd4a196ddcc1,c87203a12406cc5114b7ffa2d8877465,False,3,6912,34.56,22118400.0,6912.0,6912.0,0.0,0.5148852689362633,0.25227105819301965,0.25158003124683626,0.44375000000000003,0.24528710622721428,0.0,0.1592701018877859,0.41989772163690775,False,nan,reject,1.0,BAOAB,0.0,0.0
ULD,"ULD gamma=1, canonical",b914b1c481c4dcc20022dd4a196ddcc1,c87203a12406cc5114b7ffa2d8877465,False,0,6972,34.86,22310400.0,6972.0,6972.0,0.0,0.5098830637720928,0.24968044838621184,0.24899568939700145,0.44250000000000006,0.24210211527281822,0.0,0.1576486392517046,0.41364772163690783,False,nan,reject,1.0,BAOAB,0.0,0.0
ULD,"ULD gamma=1, canonical",b914b1c481c4dcc20022dd4a196ddcc1,c87203a12406cc5114b7ffa2d8877465,False,1,6972,34.86,22310400.0,6972.0,6972.0,0.0,0.5228429817743208,0.2613978605139312,0.26072022670225814,0.4625000000000001,0.24592763539154783,0.0,0.16230034352399053,0.43114772163690784,False,nan,reject,1.0,BAOAB,0.0,0.0
ULD,"ULD gamma=1, canonical",b914b1c481c4dcc20022dd4a196ddcc1,c87203a12406cc5114b7ffa2d8877465,False,2,6972,34.86,22310400.0,6972.0,6972.0,0.0,0.5127137540499074,0.25223805363532537,0.2515573963080163,0.44375000000000003,0.241363381369334,0.0,0.15829199704910002,0.41614772163690783,False,nan,reject,1.0,BAOAB,0.0,0.0
ULD,"ULD gamma=1, canonical",b914b1c481c4dcc20022dd4a196ddcc1,c87203a12406cc5114b7ffa2d8877465,False,3,6972,34.86,22310400.0,6972.0,6972.0,0.0,0.5126860056541518,0.25111217060970625,0.2504228633678497,0.44000000000000006,0.24696868565803598,0.0,0.15959965018403288,0.42114772163690783,False,nan,reject,1.0,BAOAB,0.0,0.0
ULD,"ULD gamma=1, canonical",b914b1c481c4dcc20022dd4a196ddcc1,c87203a12406cc5114b7ffa2d8877465,False,0,7031,35.155,22499200.0,7031.0,7031.0,0.0,0.5078206451939282,0.24707769661262602,0.2463878578370987,0.43875,0.24289351757220434,0.0,0.15638258297200822,0.40864772163690777,False,nan,reject,1.0,BAOAB,0.0,0.0
ULD,"ULD gamma=1, canonical",b914b1c481c4dcc20022dd4a196ddcc1,c87203a12406cc5114b7ffa2d8877465,False,1,7031,35.155,22499200.0,7031.0,7031.0,0.0,0.5211314569869054,0.26035205912432935,0.2596750209317299,0.4575000000000001,0.2466689406984678,0.0,0.16127407236070126,0.4273977216369078,False,nan,reject,1.0,BAOAB,0.0,0.0
ULD,"ULD gamma=1, canonical",b914b1c481c4dcc20022dd4a196ddcc1,c87203a12406cc5114b7ffa2d8877465,False,2,7031,35.155,22499200.0,7031.0,7031.0,0.0,0.5141356324022683,0.254224276018965,0.2535449308961939,0.44750000000000006,0.24366077148551546,0.0,0.157969451628334,0.4148977216369078,False,nan,reject,1.0,BAOAB,0.0,0.0
ULD,"ULD gamma=1, canonical",b914b1c481c4dcc20022dd4a196ddcc1,c87203a12406cc5114b7ffa2d8877465,False,3,7031,35.155,22499200.0,7031.0,7031.0,0.0,0.5093527491594025,0.24837326602542653,0.2476889259558277,0.43500000000000005,0.23881867645666321,0.0,0.15829199704910002,0.41614772163690783,False,nan,reject,1.0,BAOAB,0.0,0.0
ULD,"ULD gamma=1, canonical",b914b1c481c4dcc20022dd4a196ddcc1,c87203a12406cc5114b7ffa2d8877465,False,0,7091,35.455,22691200.0,7091.0,7091.0,0.0,0.5059296589832768,0.2444458095914669,0.24375395710210124,0.43375,0.24179464242985915,0.0,0.15545090619620672,0.40489772163690785,False,nan,reject,1.0,BAOAB,0.0,0.0
ULD,"ULD gamma=1, canonical",b914b1c481c4dcc20022dd4a196ddcc1,c87203a12406cc5114b7ffa2d8877465,False,1,7091,35.455,22691200.0,7091.0,7091.0,0.0,0.5177688152034283,0.25713993777183264,0.25645980958912384,0.45375000000000004,0.24558390580884748,0.0,0.16059893740037273,0.4248977216369078,False,nan,reject,1.0,BAOAB,0.0,0.0
ULD,"ULD gamma=1, canonical",b914b1c481c4dcc20022dd4a196ddcc1,c87203a12406cc5114b7ffa2d8877465,False,2,7091,35.455,22691200.0,7091.0,7091.0,0.0,0.5126520067706559,0.25249456126551983,0.25181275295577066,0.44250000000000006,0.2426904009020875,0.0,0.15701218603881734,0.4111477216369078,False,nan,reject,1.0,BAOAB,0.0,0.0
ULD,"ULD gamma=1, canonical",b914b1c481c4dcc20022dd4a196ddcc1,c87203a12406cc5114b7ffa2d8877465,False,3,7091,35.455,22691200.0,7091.0,7091.0,0.0,0.505197277212285,0.24479266375968678,0.24410731234603622,0.43500000000000005,0.24002772401745265,0.0,0.15701218603881734,0.4111477216369078,False,nan,reject,1.0,BAOAB,0.0,0.0
ULD,"ULD gamma=1, canonical",b914b1c481c4dcc20022dd4a196ddcc1,c87203a12406cc5114b7ffa2d8877465,False,0,7150,35.75,22880000.0,7150.0,7150.0,0.0,0.5040306335941296,0.24247270213839556,0.24177879701182736,0.42750000000000005,0.241607971144974,0.0,0.15575977678755493,0.4061477216369078,False,nan,reject,1.0,BAOAB,0.0,0.0
ULD,"ULD gamma=1, canonical",b914b1c481c4dcc20022dd4a196ddcc1,c87203a12406cc5114b7ffa2d8877465,False,1,7150,35.75,22880000.0,7150.0,7150.0,0.0,0.5147950707526336,0.2543693795487916,0.2536861955030696,0.45249999999999996,0.24598926986074499,0.0,0.16026406051423325,0.42364772163690784,False,nan,reject,1.0,BAOAB,0.0,0.0
ULD,"ULD gamma=1, canonical",b914b1c481c4dcc20022dd4a196ddcc1,c87203a12406cc5114b7ffa2d8877465,False,2,7150,35.75,22880000.0,7150.0,7150.0,0.0,0.5094052306115089,0.2489731014758173,0.24828612288653928,0.44250000000000006,0.24184746968675275,0.0,0.15607033355328678,0.4073977216369078,False,nan,reject,1.0,BAOAB,0.0,0.0
ULD,"ULD gamma=1, canonical",b914b1c481c4dcc20022dd4a196ddcc1,c87203a12406cc5114b7ffa2d8877465,False,3,7150,35.75,22880000.0,7150.0,7150.0,0.0,0.5048853094172513,0.24526458990537725,0.2445748171319364,0.4387500000000001,0.2435772134320806,0.0,0.15638258297200822,0.40864772163690777,False,nan,reject,1.0,BAOAB,0.0,0.0
ULD,"ULD gamma=1, canonical",b914b1c481c4dcc20022dd4a196ddcc1,c87203a12406cc5114b7ffa2d8877465,False,0,7209,36.045,23068800.0,7209.0,7209.0,0.0,0.5028582479756062,0.24208363843048786,0.24139033112249975,0.43125,0.23974452429578885,0.0,0.15545090619620672,0.40489772163690785,False,nan,reject,1.0,BAOAB,0.0,0.0
ULD,"ULD gamma=1, canonical",b914b1c481c4dcc20022dd4a196ddcc1,c87203a12406cc5114b7ffa2d8877465,False,1,7209,36.045,23068800.0,7209.0,7209.0,0.0,0.5125877555074732,0.25205640148992103,0.25137105941420324,0.45,0.24273687516691378,0.0,0.15959965018403288,0.42114772163690783,False,nan,reject,1.0,BAOAB,0.0,0.0
ULD,"ULD gamma=1, canonical",b914b1c481c4dcc20022dd4a196ddcc1,c87203a12406cc5114b7ffa2d8877465,False,2,7209,36.045,23068800.0,7209.0,7209.0,0.0,0.5075117017714621,0.24607170703239034,0.2453782490678733,0.43625,0.24064824930650786,0.0,0.15514371537091032,0.4036477216369078,False,nan,reject,1.0,BAOAB,0.0,0.0
ULD,"ULD gamma=1, canonical",b914b1c481c4dcc20022dd4a196ddcc1,c87203a12406cc5114b7ffa2d8877465,False,3,7209,36.045,23068800.0,7209.0,7209.0,0.0,0.5076510882014693,0.24759111874648765,0.2469039544247995,0.44375000000000003,0.2377037972223094,0.0,0.15575977678755493,0.4061477216369078,False,nan,reject,1.0,BAOAB,0.0,0.0
ULD,"ULD gamma=1, canonical",b914b1c481c4dcc20022dd4a196ddcc1,c87203a12406cc5114b7ffa2d8877465,False,0,7269,36.345,23260800.0,7269.0,7269.0,0.0,0.5005635575873484,0.240275157564951,0.23958036539050942,0.4262500000000001,0.23853044643194998,0.0,0.15453434773201563,0.4011477216369078,False,nan,reject,1.0,BAOAB,0.0,0.0
ULD,"ULD gamma=1, canonical",b914b1c481c4dcc20022dd4a196ddcc1,c87203a12406cc5114b7ffa2d8877465,False,1,7269,36.345,23260800.0,7269.0,7269.0,0.0,0.5107433238201315,0.2494717145110733,0.24878352035837437,0.44,0.24331844263396485,0.0,0.15829199704910002,0.41614772163690783,False,nan,reject,1.0,BAOAB,0.0,0.0
ULD,"ULD gamma=1, canonical",b914b1c481c4dcc20022dd4a196ddcc1,c87203a12406cc5114b7ffa2d8877465,False,2,7269,36.345,23260800.0,7269.0,7269.0,0.0,0.5054001070011035,0.2432687623073122,0.24257143775825463,0.42750000000000005,0.24408692209597938,0.0,0.15514371537091032,0.4036477216369078,False,nan,reject,1.0,BAOAB,0.0,0.0
ULD,"ULD gamma=1, canonical",b914b1c481c4dcc20022dd4a196ddcc1,c87203a12406cc5114b7ffa2d8877465,False,3,7269,36.345,23260800.0,7269.0,7269.0,0.0,0.5079751072173644,0.24856731600013027,0.2478839980923413,0.43000000000000005,0.24060597656610494,0.0,0.15483819797285586,0.40239772163690785,False,nan,reject,1.0,BAOAB,0.0,0.0
ULD,"ULD gamma=1, canonical",b914b1c481c4dcc20022dd4a196ddcc1,c87203a12406cc5114b7ffa2d8877465,False,0,7328,36.64,23449600.0,7328.0,7328.0,0.0,0.501558451776101,0.24121998126930777,0.24052647119762594,0.42375000000000007,0.23808896581466676,0.0,0.15393162398142504,0.39864772163690776,False,nan,reject,1.0,BAOAB,0.0,0.0
ULD,"ULD gamma=1, canonical",b914b1c481c4dcc20022dd4a196ddcc1,c87203a12406cc5114b7ffa2d8877465,False,1,7328,36.64,23449600.0,7328.0,7328.0,0.0,0.5093236171071645,0.2482248730943022,0.24753568286156002,0.43749999999999994,0.2410854882923893,0.0,0.15701218603881734,0.4111477216369078,False,nan,reject,1.0,BAOAB,0.0,0.0
ULD,"ULD gamma=1, canonical",b914b1c481c4dcc20022dd4a196ddcc1,c87203a12406cc5114b7ffa2d8877465,False,2,7328,36.64,23449600.0,7328.0,7328.0,0.0,0.5027865962693412,0.24098824239228978,0.2402926013629637,0.42750000000000005,0.23909595473806233,0.0,0.15483819797285586,0.40239772163690785,False,nan,reject,1.0,BAOAB,0.0,0.0
ULD,"ULD gamma=1, canonical",b914b1c481c4dcc20022dd4a196ddcc1,c87203a12406cc5114b7ffa2d8877465,False,3,7328,36.64,23449600.0,7328.0,7328.0,0.0,0.5079910281156758,0.2485538476831013,0.24787000345669952,0.43375,0.23986241998378044,0.0,0.15483819797285586,0.40239772163690785,False,nan,reject,1.0,BAOAB,0.0,0.0
ULD,"ULD gamma=1, canonical",b914b1c481c4dcc20022dd4a196ddcc1,c87203a12406cc5114b7ffa2d8877465,False,0,7388,36.94,23641600.0,7388.0,7388.0,0.0,0.5025940923210717,0.24297099907167918,0.24228215437156797,0.42375000000000007,0.23919617838599194,0.0,0.15333549530721396,0.3961477216369078,False,nan,reject,1.0,BAOAB,0.0,0.0
ULD,"ULD gamma=1, canonical",b914b1c481c4dcc20022dd4a196ddcc1,c87203a12406cc5114b7ffa2d8877465,False,1,7388,36.94,23641600.0,7388.0,7388.0,0.0,0.5080912545704261,0.24738364227845522,0.24669334334971715,0.43624999999999997,0.24212207220824367,0.0,0.15701218603881734,0.4111477216369078,False,nan,reject,1.0,BAOAB,0.0,0.0
ULD,"ULD gamma=1, canonical",b914b1c481c4dcc20022dd4a196ddcc1,c87203a12406cc5114b7ffa2d8877465,False,2,7388,36.94,23641600.0,7388.0,7388.0,0.0,0.4998370251051682,0.23957472745254316,0.23888005134975243,0.42500000000000004,0.24333460044415245,0.0,0.15423215844641663,0.39989772163690784,False,nan,reject,1.0,BAOAB,0.0,0.0
ULD,"ULD gamma=1, canonical",b914b1c481c4dcc20022dd4a196ddcc1,c87203a12406cc5114b7ffa2d8877465,False,3,7388,36.94,23641600.0,7388.0,7388.0,0.0,0.5063342416464902,0.24695468795240205,0.24626672132641791,0.43999999999999995,0.24284300240704848,0.0,0.15483819797285586,0.40239772163690785,False,nan,reject,1.0,BAOAB,0.0,0.0
ULD,"ULD gamma=1, canonical",b914b1c481c4dcc20022dd4a196ddcc1,c87203a12406cc5114b7ffa2d8877465,False,0,7447,37.235,23830400.0,7447.0,7447.0,0.0,0.5018449214721993,0.24254584984432315,0.24185911652316927,0.42500000000000004,0.23676259426007218,0.0,0.15303988915914646,0.39489772163690784,False,nan,reject,1.0,BAOAB,0.0,0.0
ULD,"ULD gamma=1, canonical",b914b1c481c4dcc20022dd4a196ddcc1,c87203a12406cc5114b7ffa2d8877465,False,1,7447,37.235,23830400.0,7447.0,7447.0,0.0,0.5062242403997088,0.24522188794892175,0.2445312377214287,0.43124999999999997,0.24050714594936318,0.0,0.1566965315933644,0.40989772163690774,False,nan,reject,1.0,BAOAB,0.0,0.0
ULD,"ULD gamma=1, canonical",b914b1c481c4dcc20022dd4a196ddcc1,c87203a12406cc5114b7ffa2d8877465,False,2,7447,37.235,23830400.0,7447.0,7447.0,0.0,0.49849408136596274,0.23748765271608385,0.23679207478163677,0.42250000000000004,0.24018631506856536,0.0,0.15363273826904258,0.3973977216369078,False,nan,reject,1.0,BAOAB,0.0,0.0
ULD,"ULD gamma=1, canonical",b914b1c481c4dcc20022dd4a196ddcc1,c87203a12406cc5114b7ffa2d8877465,False,3,7447,37.235,23830400.0,7447.0,7447.0,0.0,0.5030773849225498,0.24358681887416223,0.2428982084573873,0.43625,0.23841697009731022,0.0,0.15363273826904258,0.3973977216369078,False,nan,reject,1.0,BAOAB,0.0,0.0
ULD,"ULD gamma=1, canonical",b914b1c481c4dcc20022dd4a196ddcc1,c87203a12406cc5114b7ffa2d8877465,False,0,7506,37.53,24019200.0,7506.0,7506.0,0.0,0.4981237967632928,0.23909572512009514,0.23840618703840866,0.43000000000000005,0.2393092974041754,0.0,0.1521628331945348,0.3911477216369078,False,nan,reject,1.0,BAOAB,0.0,0.0
ULD,"ULD gamma=1, canonical",b914b1c481c4dcc20022dd4a196ddcc1,c87203a12406cc5114b7ffa2d8877465,False,1,7506,37.53,24019200.0,7506.0,7506.0,0.0,0.5067642026370944,0.24629742712177338,0.24560979188928533,0.43250000000000005,0.23910150154357046,0.0,0.1566965315933644,0.40989772163690774,False,nan,reject,1.0,BAOAB,0.0,0.0
ULD,"ULD gamma=1, canonical",b914b1c481c4dcc20022dd4a196ddcc1,c87203a12406cc5114b7ffa2d8877465,False,2,7506,37.53,24019200.0,7506.0,7506.0,0.0,0.4970671635233606,0.23692297897244408,0.23622853866946025,0.42000000000000004,0.24146306970376474,0.0,0.15303988915914646,0.39489772163690784,False,nan,reject,1.0,BAOAB,0.0,0.0
ULD,"ULD gamma=1, canonical",b914b1c481c4dcc20022dd4a196ddcc1,c87203a12406cc5114b7ffa2d8877465,False,3,7506,37.53,24019200.0,7506.0,7506.0,0.0,0.5004809584325578,0.2409064073595849,0.24021670779213056,0.4287500000000001,0.2376593398128375,0.0,0.15393162398142504,0.39864772163690776,False,nan,reject,1.0,BAOAB,0.0,0.0
ULD,"ULD gamma=1, canonical",b914b1c481c4dcc20022dd4a196ddcc1,c87203a12406cc5114b7ffa2d8877465,False,0,7566,37.83,24211200.0,7566.0,7566.0,0.0,0.4962721088823452,0.23687917313880025,0.2361879965516297,0.4325,0.2350469954562403,0.0,0.1524535638794296,0.39239772163690784,False,nan,reject,1.0,BAOAB,0.0,0.0
ULD,"ULD gamma=1, canonical",b914b1c481c4dcc20022dd4a196ddcc1,c87203a12406cc5114b7ffa2d8877465,False,1,7566,37.83,24211200.0,7566.0,7566.0,0.0,0.5057852785955665,0.24567600871260087,0.2449886891862395,0.43500000000000005,0.24084576082460996,0.0,0.15545090619620672,0.40489772163690785,False,nan,reject,1.0,BAOAB,0.0,0.0
ULD,"ULD gamma=1, canonical",b914b1c481c4dcc20022dd4a196ddcc1,c87203a12406cc5114b7ffa2d8877465,False,2,7566,37.83,24211200.0,7566.0,7566.0,0.0,0.49427211228450246,0.23439181828527933,0.2336971498430036,0.41625,0.2412290281805145,0.0,0.1527459139526403,0.3936477216369078,False,nan,reject,1.0,BAOAB,0.0,0.0
ULD,"ULD gamma=1, canonical",b914b1c481c4dcc20022dd4a196ddcc1,c87203a12406cc5114b7ffa2d8877465,False,3,7566,37.83,24211200.0,7566.0,7566.0,0.0,0.4980169273339316,0.23728250611893498,0.23658685533964952,0.41500000000000004,0.23844898246602964,0.0,0.15363273826904258,0.3973977216369078,False,nan,reject,1.0,BAOAB,0.0,0.0
ULD,"ULD gamma=1, canonical",b914b1c481c4dcc20022dd4a196ddcc1,c87203a12406cc5114b7ffa2d8877465,False,0,7625,38.125,24400000.0,7625.0,7625.0,0.0,0.49654040437592506,0.23666352208038943,0.23597157671323177,0.4225,0.23423573698123268,0.0,0.1518737162156249,0.38989772163690783,False,nan,reject,1.0,BAOAB,0.0,0.0
ULD,"ULD gamma=1, canonical",b914b1c481c4dcc20022dd4a196ddcc1,c87203a12406cc5114b7ffa2d8877465,False,1,7625,38.125,24400000.0,7625.0,7625.0,0.0,0.5041703839622672,0.24425869965635194,0.24356946474261887,0.43750000000000006,0.24207882660498836,0.0,0.15607033355328678,0.4073977216369078,False,nan,reject,1.0,BAOAB,0.0,0.0
ULD,"ULD gamma=1, canonical",b914b1c481c4dcc20022dd4a196ddcc1,c87203a12406cc5114b7ffa2d8877465,False,2,7625,38.125,24400000.0,7625.0,7625.0,0.0,0.49248954716622406,0.2317377452653121,0.23104136123616326,0.41750000000000004,0.2365090507223535,0.0,0.1510159916181318,0.3861477216369078,False,nan,reject,1.0,BAOAB,0.0,0.0
ULD,"ULD gamma=1, canonical",b914b1c481c4dcc20022dd4a196ddcc1,c87203a12406cc5114b7ffa2d8877465,False,3,7625,38.125,24400000.0,7625.0,7625.0,0.0,0.49387565656876775,0.2330552406220845,0.23235447986403657,0.41375000000000006,0.24069519021805985,0.0,0.15393162398142504,0.39864772163690776,False,nan,reject,1.0,BAOAB,0.0,0.0
ULD,"ULD gamma=1, canonical",b914b1c481c4dcc20022dd4a196ddcc1,c87203a12406cc5114b7ffa2d8877465,False,0,7684,38.42,24588800.0,7684.0,7684.0,0.0,0.4982136445471672,0.23786639471528848,0.23717318159264134,0.41375000000000006,0.2366683161463552,0.0,0.1521628331945348,0.3911477216369078,False,nan,reject,1.0,BAOAB,0.0,0.0
ULD,"ULD gamma=1, canonical",b914b1c481c4dcc20022dd4a196ddcc1,c87203a12406cc5114b7ffa2d8877465,False,1,7684,38.42,24588800.0,7684.0,7684.0,0.0,0.5045385344116798,0.2441418796021232,0.24345136165320924,0.43500000000000005,0.23973643162588132,0.0,0.15575977678755493,0.4061477216369078,False,nan,reject,1.0,BAOAB,0.0,0.0
ULD,"ULD gamma=1, canonical",b914b1c481c4dcc20022dd4a196ddcc1,c87203a12406cc5114b7ffa2d8877465,False,2,7684,38.42,24588800.0,7684.0,7684.0,0.0,0.4916714009754595,0.2299025531930059,0.22920086113649107,0.41750000000000004,0.24229951338289124,0.0,0.15045214233653048,0.3836477216369078,False,nan,reject,1.0,BAOAB,0.0,0.0
ULD,"ULD gamma=1, canonical",b914b1c481c4dcc20022dd4a196ddcc1,c87203a12406cc5114b7ffa2d8877465,False,3,7684,38.42,24588800.0,7684.0,7684.0,0.0,0.49395880653924795,0.23283203968600463,0.23213191421474944,0.41375000000000006,0.24008623962274156,0.0,0.1527459139526403,0.3936477216369078,False,nan,reject,1.0,BAOAB,0.0,0.0
ULD,"ULD gamma=1, canonical",b914b1c481c4dcc20022dd4a196ddcc1,c87203a12406cc5114b7ffa2d8877465,False,0,7744,38.72,24780800.0,7744.0,7744.0,0.0,0.49661480458651674,0.23543739114707518,0.23473817876297565,0.40625000000000006,0.23637415658987793,0.0,0.1527459139526403,0.3936477216369078,False,nan,reject,1.0,BAOAB,0.0,0.0
ULD,"ULD gamma=1, canonical",b914b1c481c4dcc20022dd4a196ddcc1,c87203a12406cc5114b7ffa2d8877465,False,1,7744,38.72,24780800.0,7744.0,7744.0,0.0,0.5060251997247647,0.2453305665201081,0.24463976110219843,0.43250000000000005,0.240435109756591,0.0,0.15607033355328678,0.4073977216369078,False,nan,reject,1.0,BAOAB,0.0,0.0
ULD,"ULD gamma=1, canonical",b914b1c481c4dcc20022dd4a196ddcc1,c87203a12406cc5114b7ffa2d8877465,False,2,7744,38.72,24780800.0,7744.0,7744.0,0.0,0.49338407689698666,0.23144092346815404,0.2307396638633975,0.41000000000000003,0.23696740040095354,0.0,0.1498946166862589,0.3811477216369078,False,nan,reject,1.0,BAOAB,0.0,0.0
ULD,"ULD gamma=1, canonical",b914b1c481c4dcc20022dd4a196ddcc1,c87203a12406cc5114b7ffa2d8877465,False,3,7744,38.72,24780800.0,7744.0,7744.0,0.0,0.4947923456008004,0.23372170823204919,0.23302338405230172,0.41750000000000004,0.2390793404003485,0.0,0.1521628331945348,0.3911477216369078,False,nan,reject,1.0,BAOAB,0.0,0.0
ULD,"ULD gamma=1, canonical",b914b1c481c4dcc20022dd4a196ddcc1,c87203a12406cc5114b7ffa2d8877465,False,0,7803,39.015,24969600.0,7803.0,7803.0,0.0,0.493824794157611,0.23240499546467852,0.23170112008995747,0.41000000000000003,0.23760690137333418,0.0,0.1527459139526403,0.3936477216369078,False,nan,reject,1.0,BAOAB,0.0,0.0
ULD,"ULD gamma=1, canonical",b914b1c481c4dcc20022dd4a196ddcc1,c87203a12406cc5114b7ffa2d8877465,False,1,7803,39.015,24969600.0,7803.0,7803.0,0.0,0.5058804215822592,0.24482374694784337,0.2441311149844334,0.435,0.24338706452913095,0.0,0.15638258297200822,0.40864772163690777,False,nan,reject,1.0,BAOAB,0.0,0.0
ULD,"ULD gamma=1, canonical",b914b1c481c4dcc20022dd4a196ddcc1,c87203a12406cc5114b7ffa2d8877465,False,2,7803,39.015,24969600.0,7803.0,7803.0,0.0,0.4944820295635894,0.23344466310151601,0.23274756191496115,0.41000000000000003,0.23835886086199942,0.0,0.14907009371153296,0.37739772163690777,False,nan,reject,1.0,BAOAB,0.0,0.0
ULD,"ULD gamma=1, canonical",b914b1c481c4dcc20022dd4a196ddcc1,c87203a12406cc5114b7ffa2d8877465,False,3,7803,39.015,24969600.0,7803.0,7803.0,0.0,0.4961020604134843,0.23508594314963538,0.23438859893505948,0.41875000000000007,0.23646141201619808,0.0,0.15158620732239084,0.38864772163690775,False,nan,reject,1.0,BAOAB,0.0,0.0
ULD,"ULD gamma=1, canonical",b914b1c481c4dcc20022dd4a196ddcc1,c87203a12406cc5114b7ffa2d8877465,False,0,7862,39.31,25158400.0,7862.0,7862.0,0.0,0.49362085759358293,0.23184071206613588,0.23113715937289459,0.41125,0.23682623945071613,0.0,0.1527459139526403,0.3936477216369078,False,nan,reject,1.0,BAOAB,0.0,0.0
ULD,"ULD gamma=1, canonical",b914b1c481c4dcc20022dd4a196ddcc1,c87203a12406cc5114b7ffa2d8877465,False,1,7862,39.31,25158400.0,7862.0,7862.0,0.0,0.5035882453843741,0.24292805171040788,0.24223485947142587,0.43,0.24235807860941816,0.0,0.15514371537091032,0.4036477216369078,False,nan,reject,1.0,BAOAB,0.0,0.0
ULD,"ULD gamma=1, canonical",b914b1c481c4dcc20022dd4a196ddcc1,c87203a12406cc5114b7ffa2d8877465,False,2,7862,39.31,25158400.0,7862.0,7862.0,0.0,0.49368946942133707,0.23339173676131353,0.23269951187792726,0.415,0.23393932674105378,0.0,0.14825956753755204,0.37364772163690785,False,nan,reject,1.0,BAOAB,0.0,0.0
ULD,"ULD gamma=1, canonical",b914b1c481c4dcc20022dd4a196ddcc1,c87203a12406cc5114b7ffa2d8877465,False,3,7862,39.31,25158400.0,7862.0,7862.0,0.0,0.49631413883440795,0.23549116225664557,0.2347928338939016,0.42250000000000004,0.23637125026550587,0.0,0.1518737162156249,0.38989772163690783,False,nan,reject,1.0,BAOAB,0.0,0.0
ULD,"ULD gamma=1, canonical",b914b1c481c4dcc20022dd4a196ddcc1,c87203a12406cc5114b7ffa2d8877465,False,0,7922,39.61,25350400.0,7922.0,7922.0,0.0,0.4940302939819509,0.23277396854746357,0.23207416799036407,0.41375000000000006,0.23673321424288396,0.0,0.1524535638794296,0.39239772163690784,False,nan,reject,1.0,BAOAB,0.0,0.0
ULD,"ULD gamma=1, canonical",b914b1c481c4dcc20022dd4a196ddcc1,c87203a12406cc5114b7ffa2d8877465,False,1,7922,39.61,25350400.0,7922.0,7922.0,0.0,0.49947578481585614,0.23935854609600815,0.23866544590888128,0.4312500000000001,0.2429347597035555,0.0,0.15423215844641663,0.39989772163690784,False,nan,reject,1.0,BAOAB,0.0,0.0
ULD,"ULD gamma=1, canonical",b914b1c481c4dcc20022dd4a196ddcc1,c87203a12406cc5114b7ffa2d8877465,False,2,7922,39.61,25350400.0,7922.0,7922.0,0.0,0.4905446919521792,0.23089019259074517,0.23019438303362172,0.42125000000000007,0.23754822148522836,0.0,0.14879836977442745,0.3761477216369078,False,nan,reject,1.0,BAOAB,0.0,0.0
ULD,"ULD gamma=1, canonical",b914b1c481c4dcc20022dd4a196ddcc1,c87203a12406cc5114b7ffa2d8877465,False,3,7922,39.61,25350400.0,7922.0,7922.0,0.0,0.49568895640605515,0.23502819522491458,0.23433021864614667,0.41875000000000007,0.2372459152053209,0.0,0.15130030095592847,0.3873977216369078,False,nan,reject,1.0,BAOAB,0.0,0.0
ULD,"ULD gamma=1, canonical",b914b1c481c4dcc20022dd4a196ddcc1,c87203a12406cc5114b7ffa2d8877465,False,0,7981,39.905,25539200.0,7981.0,7981.0,0.0,0.4954270536661874,0.2343540436083631,0.2336561063360335,0.41875,0.23655065999723535,0.0,0.15073327387109609,0.38489772163690783,False,nan,reject,1.0,BAOAB,0.0,0.0
ULD,"ULD gamma=1, canonical",b914b1c481c4dcc20022dd4a196ddcc1,c87203a12406cc5114b7ffa2d8877465,False,1,7981,39.905,25539200.0,7981.0,7981.0,0.0,0.4976675514488207,0.23710481300758968,0.23641081752858983,0.4262500000000001,0.23773951879845368,0.0,0.15393162398142504,0.39864772163690776,False,nan,reject,1.0,BAOAB,0.0,0.0
ULD,"ULD gamma=1, canonical",b914b1c481c4dcc20022dd4a196ddcc1,c87203a12406cc5114b7ffa2d8877465,False,2,7981,39.905,25539200.0,7981.0,7981.0,0.0,0.489094535658741,0.22986931346841166,0.2291738421566738,0.42000000000000004,0.2359959527348623,0.0,0.14907009371153296,0.37739772163690777,False,nan,reject,1.0,BAOAB,0.0,0.0
ULD,"ULD gamma=1, canonical",b914b1c481c4dcc20022dd4a196ddcc1,c87203a12406cc5114b7ffa2d8877465,False,3,7981,39.905,25539200.0,7981.0,7981.0,0.0,0.49448727570263085,0.23418610876267798,0.23349047422060776,0.41375000000000006,0.2346467456677519,0.0,0.15158620732239084,0.38864772163690775,False,nan,reject,1.0,BAOAB,0.0,0.0
ULD,"ULD gamma=1, canonical",b914b1c481c4dcc20022dd4a196ddcc1,c87203a12406cc5114b7ffa2d8877465,False,0,8041,40.205,25731200.0,8041.0,8041.0,0.0,0.4930966407875412,0.23275834039680154,0.23206219419151997,0.41500000000000004,0.2360838561434213,0.0,0.15073327387109609,0.38489772163690783,False,nan,reject,1.0,BAOAB,0.0,0.0
ULD,"ULD gamma=1, canonical",b914b1c481c4dcc20022dd4a196ddcc1,c87203a12406cc5114b7ffa2d8877465,False,1,8041,40.205,25731200.0,8041.0,8041.0,0.0,0.49697260499959717,0.23619306365059334,0.23549575199735018,0.42000000000000004,0.23965646340931424,0.0,0.15333549530721396,0.3961477216369078,False,nan,reject,1.0,BAOAB,0.0,0.0
ULD,"ULD gamma=1, canonical",b914b1c481c4dcc20022dd4a196ddcc1,c87203a12406cc5114b7ffa2d8877465,False,2,8041,40.205,25731200.0,8041.0,8041.0,0.0,0.4894723982183978,0.23031285666527657,0.22962068438146133,0.41750000000000004,0.23405455784047424,0.0,0.14907009371153296,0.37739772163690777,False,nan,reject,1.0,BAOAB,0.0,0.0
ULD,"ULD gamma=1, canonical",b914b1c481c4dcc20022dd4a196ddcc1,c87203a12406cc5114b7ffa2d8877465,False,3,8041,40.205,25731200.0,8041.0,8041.0,0.0,0.4939154276697292,0.23345913967989673,0.23276443877178188,0.40875,0.2350580915385222,0.0,0.1510159916181318,0.3861477216369078,False,nan,reject,1.0,BAOAB,0.0,0.0
ULD,"ULD gamma=1, canonical",b914b1c481c4dcc20022dd4a196ddcc1,c87203a12406cc5114b7ffa2d8877465,False,0,8100,40.5,25920000.0,8100.0,8100.0,0.0,0.4910506291194485,0.2309359190333824,0.2302404508605882,0.41500000000000004,0.23726319302342336,0.0,0.15045214233653048,0.3836477216369078,False,nan,reject,1.0,BAOAB,0.0,0.0
ULD,"ULD gamma=1, canonical",b914b1c481c4dcc20022dd4a196ddcc1,c87203a12406cc5114b7ffa2d8877465,False,1,8100,40.5,25920000.0,8100.0,8100.0,0.0,0.49594948609062406,0.23519963466279858,0.23450064007030136,0.41625000000000006,0.2386137975007374,0.0,0.15333549530721396,0.3961477216369078,False,nan,reject,1.0,BAOAB,0.0,0.0
ULD,"ULD gamma=1, canonical",b914b1c481c4dcc20022dd4a196ddcc1,c87203a12406cc5114b7ffa2d8877465,False,2,8100,40.5,25920000.0,8100.0,8100.0,0.0,0.4895058936828516,0.23027822601788017,0.22958667753884088,0.4125,0.23589798976119314,0.0,0.14825956753755204,0.37364772163690785,False,nan,reject,1.0,BAOAB,0.0,0.0
ULD,"ULD gamma=1, canonical",b914b1c481c4dcc20022dd4a196ddcc1,c87203a12406cc5114b7ffa2d8877465,False,3,8100,40.5,25920000.0,8100.0,8100.0,0.0,0.4913563462250114,0.23161502530887634,0.23092049763922673,0.41,0.23681671808830973,0.0,0.15017259169518035,0.38239772163690783,False,nan,reject,1.0,BAOAB,0.0,0.0
ULD,"ULD gamma=1, canonical",b914b1c481c4dcc20022dd4a196ddcc1,c87203a12406cc5114b7ffa2d8877465,False,0,8159,40.795,26108800.0,8159.0,8159.0,0.0,0.49106879774759227,0.2310364448105946,0.23034179587473624,0.41125000000000006,0.23301107954812073,0.0,0.1498946166862589,0.3811477216369078,False,nan,reject,1.0,BAOAB,0.0,0.0
ULD,"ULD gamma=1, canonical",b914b1c481c4dcc20022dd4a196ddcc1,c87203a12406cc5114b7ffa2d8877465,False,1,8159,40.795,26108800.0,8159.0,8159.0,0.0,0.49587734123975113,0.23466607403393835,0.23396817498850186,0.41375000000000006,0.23344509165724037,0.0,0.1527459139526403,0.3936477216369078,False,nan,reject,1.0,BAOAB,0.0,0.0
ULD,"ULD gamma=1, canonical",b914b1c481c4dcc20022dd4a196ddcc1,c87203a12406cc5114b7ffa2d8877465,False,2,8159,40.795,26108800.0,8159.0,8159.0,0.0,0.48772226246840833,0.22801088856072627,0.2273154415559715,0.40375000000000005,0.2368508500690799,0.0,0.14825956753755204,0.37364772163690785,False,nan,reject,1.0,BAOAB,0.0,0.0
ULD,"ULD gamma=1, canonical",b914b1c481c4dcc20022dd4a196ddcc1,c87203a12406cc5114b7ffa2d8877465,False,3,8159,40.795,26108800.0,8159.0,8159.0,0.0,0.4921897685722184,0.23264558216476128,0.23195350289617367,0.41375000000000006,0.23376630794540632,0.0,0.15045214233653048,0.3836477216369078,False,nan,reject,1.0,BAOAB,0.0,0.0
ULD,"ULD gamma=1, canonical",b914b1c481c4dcc20022dd4a196ddcc1,c87203a12406cc5114b7ffa2d8877465,False,0,8219,41.095,26300800.0,8219.0,8219.0,0.0,0.48876308071497865,0.22915014126163946,0.22845187512258536,0.41500000000000004,0.23916340049871754,0.0,0.1498946166862589,0.3811477216369078,False,nan,reject,1.0,BAOAB,0.0,0.0
ULD,"ULD gamma=1, canonical",b914b1c481c4dcc20022dd4a196ddcc1,c87203a12406cc5114b7ffa2d8877465,False,1,8219,41.095,26300800.0,8219.0,8219.0,0.0,0.49537790510346774,0.23437483898379374,0.2336766446421552,0.41750000000000004,0.237545272062479,0.0,0.15158620732239084,0.38864772163690775,False,nan,reject,1.0,BAOAB,0.0,0.0
ULD,"ULD gamma=1, canonical",b914b1c481c4dcc20022dd4a196ddcc1,c87203a12406cc5114b7ffa2d8877465,False,2,8219,41.095,26300800.0,8219.0,8219.0,0.0,0.4867826592562401,0.22646589411599616,0.2257665634287166,0.40249999999999997,0.23410247884229618,0.0,0.14772692694755252,0.37114772163690785,False,nan,reject,1.0,BAOAB,0.0,0.0
ULD,"ULD gamma=1, canonical",b914b1c481c4dcc20022dd4a196ddcc1,c87203a12406cc5114b7ffa2d8877465,False,3,8219,41.095,26300800.0,8219.0,8219.0,0.0,0.49475484280133636,0.23490562326966213,0.2342134527286801,0.42625,0.23515362445020127,0.0,0.15017259169518035,0.38239772163690783,False,nan,reject,1.0,BAOAB,0.0,0.0
ULD,"ULD gamma=1, canonical",b914b1c481c4dcc20022dd4a196ddcc1,c87203a12406cc5114b7ffa2d8877465,False,0,8278,41.39,26489600.0,8278.0,8278.0,0.0,0.4886153928796563,0.22843387476107535,0.22773416864433982,0.41000000000000003,0.235926343169234,0.0,0.1498946166862589,0.3811477216369078,False,nan,reject,1.0,BAOAB,0.0,0.0
ULD,"ULD gamma=1, canonical",b914b1c481c4dcc20022dd4a196ddcc1,c87203a12406cc5114b7ffa2d8877465,False,1,8278,41.39,26489600.0,8278.0,8278.0,0.0,0.4937236779574413,0.23391906384050598,0.23322261883944906,0.42000000000000004,0.23608873549943155,0.0,0.15158620732239084,0.38864772163690775,False,nan,reject,1.0,BAOAB,0.0,0.0
ULD,"ULD gamma=1, canonical",b914b1c481c4dcc20022dd4a196ddcc1,c87203a12406cc5114b7ffa2d8877465,False,2,8278,41.39,26489600.0,8278.0,8278.0,0.0,0.4858613908604158,0.22570153457479203,0.2250013109197867,0.40625000000000006,0.23322825170095018,0.0,0.14799247944969177,0.3723977216369078,False,nan,reject,1.0,BAOAB,0.0,0.0
ULD,"ULD gamma=1, canonical",b914b1c481c4dcc20022dd4a196ddcc1,c87203a12406cc5114b7ffa2d8877465,False,3,8278,41.39,26489600.0,8278.0,8278.0,0.0,0.49694298824039806,0.23667747750724122,0.23598502476944994,0.4262500000000001,0.23341822488213748,0.0,0.15017259169518035,0.38239772163690783,False,nan,reject,1.0,BAOAB,0.0,0.0
ULD,"ULD gamma=1, canonical",b914b1c481c4dcc20022dd4a196ddcc1,c87203a12406cc5114b7ffa2d8877465,False,0,8338,41.69,26681600.0,8338.0,8338.0,0.0,0.4895378710889494,0.2285072443410361,0.2278077420618112,0.405,0.23370054524791628,0.0,0.14961821210688775,0.3798977216369078,False,nan,reject,1.0,BAOAB,0.0,0.0
ULD,"ULD gamma=1, canonical",b914b1c481c4dcc20022dd4a196ddcc1,c87203a12406cc5114b7ffa2d8877465,False,1,8338,41.69,26681600.0,8338.0,8338.0,0.0,0.4935480475424163,0.2345165902919253,0.233823477918349,0.42125000000000007,0.2390519994082383,0.0,0.1510159916181318,0.3861477216369078,False,nan,reject,1.0,BAOAB,0.0,0.0
ULD,"ULD gamma=1, canonical",b914b1c481c4dcc20022dd4a196ddcc1,c87203a12406cc5114b7ffa2d8877465,False,2,8338,41.69,26681600.0,8338.0,8338.0,0.0,0.48524967292526444,0.22433839325039562,0.2236365490926676,0.4025000000000001,0.2327189853975098,0.0,0.14667997841849376,0.3661477216369078,False,nan,reject,1.0,BAOAB,0.0,0.0
ULD,"ULD gamma=1, canonical",b914b1c481c4dcc20022dd4a196ddcc1,c87203a12406cc5114b7ffa2d8877465,False,3,8338,41.69,26681600.0,8338.0,8338.0,0.0,0.4963247531766589,0.23561044835705947,0.23491451619431336,0.41875000000000007,0.2350034764476635,0.0,0.15045214233653048,0.3836477216369078,False,nan,reject,1.0,BAOAB,0.0,0.0
ULD,"ULD gamma=1, canonical",b914b1c481c4dcc20022dd4a196ddcc1,c87203a12406cc5114b7ffa2d8877465,False,0,8397,41.985,26870400.0,8397.0,8397.0,0.0,0.49116398125811095,0.22918696029189323,0.22848583426366353,0.405,0.23310694566393775,0.0,0.14852819602357178,0.3748977216369078,False,nan,reject,1.0,BAOAB,0.0,0.0
ULD,"ULD gamma=1, canonical",b914b1c481c4dcc20022dd4a196ddcc1,c87203a12406cc5114b7ffa2d8877465,False,1,8397,41.985,26870400.0,8397.0,8397.0,0.0,0.4941936796227095,0.2350435793143184,0.23435363892606154,0.41625,0.23574904994941837,0.0,0.1510159916181318,0.3861477216369078,False,nan,reject,1.0,BAOAB,0.0,0.0
ULD,"ULD gamma=1, canonical",b914b1c481c4dcc20022dd4a196ddcc1,c87203a12406cc5114b7ffa2d8877465,False,2,8397,41.985,26870400.0,8397.0,8397.0,0.0,0.48482072371224755,0.2234353697587088,0.22273447631867926,0.40125,0.22976972403915763,0.0,0.14667997841849376,0.3661477216369078,False,nan,reject,1.0,BAOAB,0.0,0.0
ULD,"ULD gamma=1, canonical",b914b1c481c4dcc20022dd4a196ddcc1,c87203a12406cc5114b7ffa2d8877465,False,3,8397,41.985,26870400.0,8397.0,8397.0,0.0,0.49370573194927003,0.23262111275744668,0.23192140983964116,0.41125,0.23454184509076081,0.0,0.15073327387109609,0.38489772163690783,False,nan,reject,1.0,BAOAB,0.0,0.0
ULD,"ULD gamma=1, canonical",b914b1c481c4dcc20022dd4a196ddcc1,c87203a12406cc5114b7ffa2d8877465,False,0,8456,42.28,27059200.0,8456.0,8456.0,0.0,0.48843673639947055,0.22701495529499038,0.22631180664996497,0.4025,0.23353476464624,0.0,0.14852819602357178,0.3748977216369078,False,nan,reject,1.0,BAOAB,0.0,0.0
ULD,"ULD gamma=1, canonical",b914b1c481c4dcc20022dd4a196ddcc1,c87203a12406cc5114b7ffa2d8877465,False,1,8456,42.28,27059200.0,8456.0,8456.0,0.0,0.49387452475766347,0.23438833090191047,0.233697057558644,0.41375000000000006,0.23409034408968588,0.0,0.1510159916181318,0.3861477216369078,False,nan,reject,1.0,BAOAB,0.0,0.0
ULD,"ULD gamma=1, canonical",b914b1c481c4dcc20022dd4a196ddcc1,c87203a12406cc5114b7ffa2d8877465,False,2,8456,42.28,27059200.0,8456.0,8456.0,0.0,0.48391625932628823,0.22260902095816182,0.22190953001029867,0.3975000000000001,0.22543637084916202,0.0,0.14616559645020435,0.36364772163690784,False,nan,reject,1.0,BAOAB,0.0,0.0
ULD,"ULD gamma=1, canonical",b914b1c481c4dcc20022dd4a196ddcc1,c87203a12406cc5114b7ffa2d8877465,False,3,8456,42.28,27059200.0,8456.0,8456.0,0.0,0.4914464885737437,0.23033149540330755,0.22963199523840272,0.415,0.2336726666371972,0.0,0.1498946166862589,0.3811477216369078,False,nan,reject,1.0,BAOAB,0.0,0.0
ULD,"ULD gamma=1, canonical",b914b1c481c4dcc20022dd4a196ddcc1,c87203a12406cc5114b7ffa2d8877465,False,0,8516,42.58,27251200.0,8516.0,8516.0,0.0,0.486337496225665,0.22523569363491125,0.2245329285510793,0.4025,0.23472962393374797,0.0,0.14825956753755204,0.37364772163690785,False,nan,reject,1.0,BAOAB,0.0,0.0
ULD,"ULD gamma=1, canonical",b914b1c481c4dcc20022dd4a196ddcc1,c87203a12406cc5114b7ffa2d8877465,False,1,8516,42.58,27251200.0,8516.0,8516.0,0.0,0.4924767284391749,0.2331925561744267,0.2324988676363675,0.41125000000000006,0.23526132513959874,0.0,0.15073327387109609,0.38489772163690783,False,nan,reject,1.0,BAOAB,0.0,0.0
ULD,"ULD gamma=1, canonical",b914b1c481c4dcc20022dd4a196ddcc1,c87203a12406cc5114b7ffa2d8877465,False,2,8516,42.58,27251200.0,8516.0,8516.0,0.0,0.4825313927347281,0.22136804872320615,0.2206676487235779,0.39749999999999996,0.22961856671137892,0.0,0.14616559645020435,0.36364772163690784,False,nan,reject,1.0,BAOAB,0.0,0.0
ULD,"ULD gamma=1, canonical",b914b1c481c4dcc20022dd4a196ddcc1,c87203a12406cc5114b7ffa2d8877465,False,3,8516,42.58,27251200.0,8516.0,8516.0,0.0,0.4918196535155238,0.23085969377409432,0.2301622991146146,0.4025,0.23122772657560087,0.0,0.1498946166862589,0.3811477216369078,False,nan,reject,1.0,BAOAB,0.0,0.0
ULD,"ULD gamma=1, canonical",b914b1c481c4dcc20022dd4a196ddcc1,c87203a12406cc5114b7ffa2d8877465,False,0,8575,42.875,27440000.0,8575.0,8575.0,0.0,0.48658634402146506,0.22506725766944846,0.22436808498474958,0.39875000000000005,0.22991777380657663,0.0,0.14746290527244318,0.3698977216369078,False,nan,reject,1.0,BAOAB,0.0,0.0
ULD,"ULD gamma=1, canonical",b914b1c481c4dcc20022dd4a196ddcc1,c87203a12406cc5114b7ffa2d8877465,False,1,8575,42.875,27440000.0,8575.0,8575.0,0.0,0.4916158988988537,0.2315661865935924,0.23087111523336878,0.41250000000000003,0.23279026660391822,0.0,0.15017259169518035,0.38239772163690783,False,nan,reject,1.0,BAOAB,0.0,0.0
ULD,"ULD gamma=1, canonical",b914b1c481c4dcc20022dd4a196ddcc1,c87203a12406cc5114b7ffa2d8877465,False,2,8575,42.875,27440000.0,8575.0,8575.0,0.0,0.48233805878000474,0.2201058781714016,0.21940434263088404,0.39375,0.22526273711890443,0.0,0.14565722804062187,0.36114772163690784,False,nan,reject,1.0,BAOAB,0.0,0.0
ULD,"ULD gamma=1, canonical",b914b1c481c4dcc20022dd4a196ddcc1,c87203a12406cc5114b7ffa2d8877465,False,3,8575,42.875,27440000.0,8575.0,8575.0,0.0,0.49197536115159757,0.2311761426266724,0.2304802535988425,0.40625000000000006,0.23103063450293704,0.0,0.15017259169518035,0.38239772163690783,False,nan,reject,1.0,BAOAB,0.0,0.0
ULD,"ULD gamma=1, canonical",b914b1c481c4dcc20022dd4a196ddcc1,c87203a12406cc5114b7ffa2d8877465,False,0,8634,43.17,27628800.0,8634.0,8634.0,0.0,0.4839527920986868,0.2230737354723734,0.2223746795486493,0.3975000000000001,0.23351099815026666,0.0,0.14693943563439257,0.36739772163690776,False,nan,reject,1.0,BAOAB,0.0,0.0
ULD,"ULD gamma=1, canonical",b914b1c481c4dcc20022dd4a196ddcc1,c87203a12406cc5114b7ffa2d8877465,False,1,8634,43.17,27628800.0,8634.0,8634.0,0.0,0.4914203601839189,0.2306355499128575,0.22993905156889738,0.405,0.23489752647890938,0.0,0.15045214233653048,0.3836477216369078,False,nan,reject,1.0,BAOAB,0.0,0.0
ULD,"ULD gamma=1, canonical",b914b1c481c4dcc20022dd4a196ddcc1,c87203a12406cc5114b7ffa2d8877465,False,2,8634,43.17,27628800.0,8634.0,8634.0,0.0,0.48256177193628186,0.21990666771426703,0.21920209976809235,0.39250000000000007,0.2286352987314434,0.0,0.14515483822472783,0.35864772163690783,False,nan,reject,1.0,BAOAB,0.0,0.0
ULD,"ULD gamma=1, canonical",b914b1c481c4dcc20022dd4a196ddcc1,c87203a12406cc5114b7ffa2d8877465,False,3,8634,43.17,27628800.0,8634.0,8634.0,0.0,0.4892844468442664,0.22917951289389238,0.22848299003501205,0.40375000000000005,0.2325769398871993,0.0,0.14879836977442745,0.3761477216369078,False,nan,reject,1.0,BAOAB,0.0,0.0
ULD,"ULD gamma=1, canonical",b914b1c481c4dcc20022dd4a196ddcc1,c87203a12406cc5114b7ffa2d8877465,False,0,8694,43.47,27820800.0,8694.0,8694.0,0.0,0.4811584764582921,0.22014269736696912,0.21944080311334946,0.3925,0.23216237705407317,0.0,0.14667997841849376,0.3661477216369078,False,nan,reject,1.0,BAOAB,0.0,0.0
ULD,"ULD gamma=1, canonical",b914b1c481c4dcc20022dd4a196ddcc1,c87203a12406cc5114b7ffa2d8877465,False,1,8694,43.47,27820800.0,8694.0,8694.0,0.0,0.4902927450947262,0.2293573496297182,0.22865914810112187,0.4025000000000001,0.23060032625683136,0.0,0.1498946166862589,0.3811477216369078,False,nan,reject,1.0,BAOAB,0.0,0.0
ULD,"ULD gamma=1, canonical",b914b1c481c4dcc20022dd4a196ddcc1,c87203a12406cc5114b7ffa2d8877465,False,2,8694,43.47,27820800.0,8694.0,8694.0,0.0,0.48220896200214125,0.21973903120877547,0.21903452617232677,0.3950000000000001,0.2265240073774738,0.0,0.14441238883058874,0.3548977216369078,False,nan,reject,1.0,BAOAB,0.0,0.0
ULD,"ULD gamma=1, canonical",b914b1c481c4dcc20022dd4a196ddcc1,c87203a12406cc5114b7ffa2d8877465,False,3,8694,43.47,27820800.0,8694.0,8694.0,0.0,0.4861210633025861,0.22630968277038332,0.22561286551324267,0.405,0.2330643626328328,0.0,0.14825956753755204,0.37364772163690785,False,nan,reject,1.0,BAOAB,0.0,0.0
ULD,"ULD gamma=1, canonical",b914b1c481c4dcc20022dd4a196ddcc1,c87203a12406cc5114b7ffa2d8877465,False,0,8753,43.765,28009600.0,8753.0,8753.0,0.0,0.4822404888475985,0.22093018303623746,0.2202278142732359,0.39375000000000004,0.23147800676959573,0.0,0.1464220335227814,0.3648977216369078,False,nan,reject,1.0,BAOAB,0.0,0.0
ULD,"ULD gamma=1, canonical",b914b1c481c4dcc20022dd4a196ddcc1,c87203a12406cc5114b7ffa2d8877465,False,1,8753,43.765,28009600.0,8753.0,8753.0,0.0,0.48970052994328483,0.2290515616765023,0.22835164303376665,0.40750000000000003,0.23551814301247997,0.0,0.14879836977442745,0.3761477216369078,False,nan,reject,1.0,BAOAB,0.0,0.0
ULD,"ULD gamma=1, canonical",b914b1c481c4dcc20022dd4a196ddcc1,c87203a12406cc5114b7ffa2d8877465,False,2,8753,43.765,28009600.0,8753.0,8753.0,0.0,0.48307014597231435,0.22089891004476003,0.22019828224872184,0.39125000000000004,0.22673914138918916,0.0,0.14441238883058874,0.3548977216369078,False,nan,reject,1.0,BAOAB,0.0,0.0
ULD,"ULD gamma=1, canonical",b914b1c481c4dcc20022dd4a196ddcc1,c87203a12406cc5114b7ffa2d8877465,False,3,8753,43.765,28009600.0,8753.0,8753.0,0.0,0.485423089445454,0.22469957013906805,0.22400128070788117,0.39875000000000005,0.23085492019016318,0.0,0.14799247944969177,0.3723977216369078,False,nan,reject,1.0,BAOAB,0.0,0.0
ULD,"ULD gamma=1, canonical",b914b1c481c4dcc20022dd4a196ddcc1,c87203a12406cc5114b7ffa2d8877465,False,0,8812,44.06,28198400.0,8812.0,8812.0,0.0,0.48496026999111996,0.2235125308700906,0.2228107101648671,0.4,0.2296251270106433,0.0,0.1464220335227814,0.3648977216369078,False,nan,reject,1.0,BAOAB,0.0,0.0
ULD,"ULD gamma=1, canonical",b914b1c481c4dcc20022dd4a196ddcc1,c87203a12406cc5114b7ffa2d8877465,False,1,8812,44.06,28198400.0,8812.0,8812.0,0.0,0.49048028767211105,0.22969784802976423,0.22900112832677844,0.40625000000000006,0.23311983725582275,0.0,0.14852819602357178,0.3748977216369078,False,nan,reject,1.0,BAOAB,0.0,0.0
ULD,"ULD gamma=1, canonical",b914b1c481c4dcc20022dd4a196ddcc1,c87203a12406cc5114b7ffa2d8877465,False,2,8812,44.06,28198400.0,8812.0,8812.0,0.0,0.48342236553834916,0.22136373483668592,0.22066570238080363,0.4025,0.22427303330753945,0.0,0.1441678584743326,0.35364772163690783,False,nan,reject,1.0,BAOAB,0.0,0.0
ULD,"ULD gamma=1, canonical",b914b1c481c4dcc20022dd4a196ddcc1,c87203a12406cc5114b7ffa2d8877465,False,3,8812,44.06,28198400.0,8812.0,8812.0,0.0,0.4859546323413202,0.22441307475864014,0.22371276157240727,0.405,0.22928528368157153,0.0,0.14746290527244318,0.3698977216369078,False,nan,reject,1.0,BAOAB,0.0,0.0
ULD,"ULD gamma=1, canonical",b914b1c481c4dcc20022dd4a196ddcc1,c87203a12406cc5114b7ffa2d8877465,False,0,8872,44.36,28390400.0,8872.0,8872.0,0.0,0.4866488806832642,0.22477289837950332,0.2240722469949311,0.39875000000000005,0.22757342603946706,0.0,0.1464220335227814,0.3648977216369078,False,nan,reject,1.0,BAOAB,0.0,0.0
ULD,"ULD gamma=1, canonical",b914b1c481c4dcc20022dd4a196ddcc1,c87203a12406cc5114b7ffa2d8877465,False,1,8872,44.36,28390400.0,8872.0,8872.0,0.0,0.49051632921231536,0.23002919204091798,0.22933515474003696,0.40375000000000005,0.23040991750730722,0.0,0.14907009371153296,0.37739772163690777,False,nan,reject,1.0,BAOAB,0.0,0.0
ULD,"ULD gamma=1, canonical",b914b1c481c4dcc20022dd4a196ddcc1,c87203a12406cc5114b7ffa2d8877465,False,2,8872,44.36,28390400.0,8872.0,8872.0,0.0,0.482138708755782,0.22062760602565845,0.21992670007101434,0.39875000000000005,0.23036719760286795,0.0,0.1439247977098654,0.3523977216369078,False,nan,reject,1.0,BAOAB,0.0,0.0
ULD,"ULD gamma=1, canonical",b914b1c481c4dcc20022dd4a196ddcc1,c87203a12406cc5114b7ffa2d8877465,False,3,8872,44.36,28390400.0,8872.0,8872.0,0.0,0.4857701536636171,0.2238287142157258,0.22312381292272332,0.39875000000000005,0.2310015235117674,0.0,0.14746290527244318,0.3698977216369078,False,nan,reject,1.0,BAOAB,0.0,0.0
ULD,"ULD gamma=1, canonical",b914b1c481c4dcc20022dd4a196ddcc1,c87203a12406cc5114b7ffa2d8877465,False,0,8931,44.655,28579200.0,8931.0,8931.0,0.0,0.48501054145137457,0.22341276425159828,0.22271085599282436,0.4,0.2310262638223981,0.0,0.1472004097189362,0.36864772163690784,False,nan,reject,1.0,BAOAB,0.0,0.0
ULD,"ULD gamma=1, canonical",b914b1c481c4dcc20022dd4a196ddcc1,c87203a12406cc5114b7ffa2d8877465,False,1,8931,44.655,28579200.0,8931.0,8931.0,0.0,0.4892347308403452,0.22908822710598842,0.22839182872216646,0.41000000000000003,0.23264649571869744,0.0,0.14879836977442745,0.3761477216369078,False,nan,reject,1.0,BAOAB,0.0,0.0
ULD,"ULD gamma=1, canonical",b914b1c481c4dcc20022dd4a196ddcc1,c87203a12406cc5114b7ffa2d8877465,False,2,8931,44.655,28579200.0,8931.0,8931.0,0.0,0.4810232406390505,0.2199117641838675,0.2192094248219626,0.4000000000000001,0.2300963062145842,0.0,0.14441238883058874,0.3548977216369078,False,nan,reject,1.0,BAOAB,0.0,0.0
ULD,"ULD gamma=1, canonical",b914b1c481c4dcc20022dd4a196ddcc1,c87203a12406cc5114b7ffa2d8877465,False,3,8931,44.655,28579200.0,8931.0,8931.0,0.0,0.484755331316344,0.2224986031373648,0.2217920784350147,0.39000000000000007,0.23099001603736058,0.0,0.14667997841849376,0.3661477216369078,False,nan,reject,1.0,BAOAB,0.0,0.0
ULD,"ULD gamma=1, canonical",b914b1c481c4dcc20022dd4a196ddcc1,c87203a12406cc5114b7ffa2d8877465,False,0,8991,44.955,28771200.0,8991.0,8991.0,0.0,0.48435460902582034,0.22249444226529136,0.22179189776823283,0.3975,0.22838295037864753,0.0,0.14693943563439257,0.36739772163690776,False,nan,reject,1.0,BAOAB,0.0,0.0
ULD,"ULD gamma=1, canonical",b914b1c481c4dcc20022dd4a196ddcc1,c87203a12406cc5114b7ffa2d8877465,False,1,8991,44.955,28771200.0,8991.0,8991.0,0.0,0.4888618680889969,0.228428629270095,0.22773083924004123,0.40750000000000003,0.23331699221257796,0.0,0.14852819602357178,0.3748977216369078,False,nan,reject,1.0,BAOAB,0.0,0.0
ULD,"ULD gamma=1, canonical",b914b1c481c4dcc20022dd4a196ddcc1,c87203a12406cc5114b7ffa2d8877465,False,2,8991,44.955,28771200.0,8991.0,8991.0,0.0,0.47807993426152895,0.21684012479982662,0.21613733608807528,0.3875,0.22829098328329278,0.0,0.14441238883058874,0.3548977216369078,False,nan,reject,1.0,BAOAB,0.0,0.0
ULD,"ULD gamma=1, canonical",b914b1c481c4dcc20022dd4a196ddcc1,c87203a12406cc5114b7ffa2d8877465,False,3,8991,44.955,28771200.0,8991.0,8991.0,0.0,0.4825898244555585,0.22015551154798674,0.21944887196350515,0.38625000000000004,0.22995905813898643,0.0,0.14616559645020435,0.36364772163690784,False,nan,reject,1.0,BAOAB,0.0,0.0
ULD,"ULD gamma=1, canonical",b914b1c481c4dcc20022dd4a196ddcc1,c87203a12406cc5114b7ffa2d8877465,False,0,9050,45.25,28960000.0,9050.0,9050.0,0.0,0.48456447617641973,0.221967885458362,0.22126088516682052,0.39625000000000005,0.23376731536214324,0.0,0.14693943563439257,0.36739772163690776,False,nan,reject,1.0,BAOAB,0.0,0.0
ULD,"ULD gamma=1, canonical",b914b1c481c4dcc20022dd4a196ddcc1,c87203a12406cc5114b7ffa2d8877465,False,1,9050,45.25,28960000.0,9050.0,9050.0,0.0,0.4893306247339254,0.22877927214282712,0.2280806558134304,0.40125,0.23586269441242114,0.0,0.14799247944969177,0.3723977216369078,False,nan,reject,1.0,BAOAB,0.0,0.0
ULD,"ULD gamma=1, canonical",b914b1c481c4dcc20022dd4a196ddcc1,c87203a12406cc5114b7ffa2d8877465,False,2,9050,45.25,28960000.0,9050.0,9050.0,0.0,0.4740657804019601,0.21285440403504374,0.21214978845834476,0.385,0.2288318333707594,0.0,0.14320439313782005,0.3486477216369078,False,nan,reject,1.0,BAOAB,0.0,0.0
ULD,"ULD gamma=1, canonical",b914b1c481c4dcc20022dd4a196ddcc1,c87203a12406cc5114b7ffa2d8877465,False,3,9050,45.25,28960000.0,9050.0,9050.0,0.0,0.48068572768666756,0.2184147496418677,0.21770931927222248,0.39000000000000007,0.22717699742742647,0.0,0.14616559645020435,0.36364772163690784,False,nan,reject,1.0,BAOAB,0.0,0.0
ULD,"ULD gamma=1, canonical",b914b1c481c4dcc20022dd4a196ddcc1,c87203a12406cc5114b7ffa2d8877465,False,0,9109,45.545,29148800.0,9109.0,9109.0,0.0,0.48502884996887663,0.22241882738471064,0.22171320111184434,0.38750000000000007,0.22809776630524758,0.0,0.1464220335227814,0.3648977216369078,False,nan,reject,1.0,BAOAB,0.0,0.0
ULD,"ULD gamma=1, canonical",b914b1c481c4dcc20022dd4a196ddcc1,c87203a12406cc5114b7ffa2d8877465,False,1,9109,45.545,29148800.0,9109.0,9109.0,0.0,0.49081843734820363,0.22924321788801794,0.22854502397618204,0.3975000000000001,0.23171748824669303,0.0,0.1472004097189362,0.36864772163690784,False,nan,reject,1.0,BAOAB,0.0,0.0
ULD,"ULD gamma=1, canonical",b914b1c481c4dcc20022dd4a196ddcc1,c87203a12406cc5114b7ffa2d8877465,False,2,9109,45.545,29148800.0,9109.0,9109.0,0.0,0.47266923303171426,0.2106291369636466,0.2099213303137235,0.3737500000000001,0.22654731335954403,0.0,0.1427313991754959,0.34614772163690777,False,nan,reject,1.0,BAOAB,0.0,0.0
ULD,"ULD gamma=1, canonical",b914b1c481c4dcc20022dd4a196ddcc1,c87203a12406cc5114b7ffa2d8877465,False,3,9109,45.545,29148800.0,9109.0,9109.0,0.0,0.48004257889603064,0.21853090266432196,0.21782614279460732,0.39000000000000007,0.2293214414354895,0.0,0.14591066275467326,0.3623977216369078,False,nan,reject,1.0,BAOAB,0.0,0.0
ULD,"ULD gamma=1, canonical",b914b1c481c4dcc20022dd4a196ddcc1,c87203a12406cc5114b7ffa2d8877465,False,0,9169,45.845,29340800.0,9169.0,9169.0,0.0,0.48415708046539163,0.22221599502374279,0.22151404344082226,0.39000000000000007,0.22917051324251902,0.0,0.1464220335227814,0.3648977216369078,False,nan,reject,1.0,BAOAB,0.0,0.0
ULD,"ULD gamma=1, canonical",b914b1c481c4dcc20022dd4a196ddcc1,c87203a12406cc5114b7ffa2d8877465,False,1,9169,45.845,29340800.0,9169.0,9169.0,0.0,0.48805928706089097,0.22627191647686318,0.22557139665822357,0.39875,0.23153091831907202,0.0,0.1472004097189362,0.36864772163690784,False,nan,reject,1.0,BAOAB,0.0,0.0
ULD,"ULD gamma=1, canonical",b914b1c481c4dcc20022dd4a196ddcc1,c87203a12406cc5114b7ffa2d8877465,False,2,9169,45.845,29340800.0,9169.0,9169.0,0.0,0.47140516769689234,0.20894640676521203,0.20823427674725914,0.37875,0.23076631365535505,0.0,0.14180273671545632,0.3411477216369078,False,nan,reject,1.0,BAOAB,0.0,0.0
ULD,"ULD gamma=1, canonical",b914b1c481c4dcc20022dd4a196ddcc1,c87203a12406cc5114b7ffa2d8877465,False,3,9169,45.845,29340800.0,9169.0,9169.0,0.0,0.4796278168491368,0.21847999797791307,0.21777471804873072,0.3875,0.23154871471931282,0.0,0.14565722804062187,0.36114772163690784,False,nan,reject,1.0,BAOAB,0.0,0.0
ULD,"ULD gamma=1, canonical",b914b1c481c4dcc20022dd4a196ddcc1,c87203a12406cc5114b7ffa2d8877465,False,0,9228,46.14,29529600.0,9228.0,9228.0,0.0,0.48414539556245567,0.2225028506638792,0.2218028980411192,0.3975,0.22775859160615586,0.0,0.1464220335227814,0.3648977216369078,False,nan,reject,1.0,BAOAB,0.0,0.0
ULD,"ULD gamma=1, canonical",b914b1c481c4dcc20022dd4a196ddcc1,c87203a12406cc5114b7ffa2d8877465,False,1,9228,46.14,29529600.0,9228.0,9228.0,0.0,0.48373832714789794,0.22253893463875496,0.22183635407599067,0.40125000000000005,0.23000382471913772,0.0,0.1472004097189362,0.36864772163690784,False,nan,reject,1.0,BAOAB,0.0,0.0
ULD,"ULD gamma=1, canonical",b914b1c481c4dcc20022dd4a196ddcc1,c87203a12406cc5114b7ffa2d8877465,False,2,9228,46.14,29529600.0,9228.0,9228.0,0.0,0.4688119751828629,0.20604980967016284,0.20533764863928317,0.37500000000000006,0.22736590922203337,0.0,0.1415741591353989,0.33989772163690785,False,nan,reject,1.0,BAOAB,0.0,0.0
ULD,"ULD gamma=1, canonical",b914b1c481c4dcc20022dd4a196ddcc1,c87203a12406cc5114b7ffa2d8877465,False,3,9228,46.14,29529600.0,9228.0,9228.0,0.0,0.47966944334628925,0.21847254308373354,0.21777092329037262,0.38750000000000007,0.22777507129502472,0.0,0.14490587458052062,0.35739772163690775,False,nan,reject,1.0,BAOAB,0.0,0.0
ULD,"ULD gamma=1, canonical",b914b1c481c4dcc20022dd4a196ddcc1,c87203a12406cc5114b7ffa2d8877465,False,0,9288,46.44,29721600.0,9288.0,9288.0,0.0,0.4830405367445425,0.22172962232519744,0.2210274659020155,0.40125000000000005,0.22975615255353588,0.0,0.14616559645020435,0.36364772163690784,False,nan,reject,1.0,BAOAB,0.0,0.0
ULD,"ULD gamma=1, canonical",b914b1c481c4dcc20022dd4a196ddcc1,c87203a12406cc5114b7ffa2d8877465,False,1,9288,46.44,29721600.0,9288.0,9288.0,0.0,0.4806220967732962,0.2195925777289186,0.21889072242556307,0.3975000000000001,0.22966699918476718,0.0,0.14667997841849376,0.3661477216369078,False,nan,reject,1.0,BAOAB,0.0,0.0
ULD,"ULD gamma=1, canonical",b914b1c481c4dcc20022dd4a196ddcc1,c87203a12406cc5114b7ffa2d8877465,False,2,9288,46.44,29721600.0,9288.0,9288.0,0.0,0.46673196225034014,0.2040024668198942,0.20329006014192952,0.36999999999999994,0.22502975721989693,0.0,0.14134700959635385,0.3386477216369078,False,nan,reject,1.0,BAOAB,0.0,0.0
ULD,"ULD gamma=1, canonical",b914b1c481c4dcc20022dd4a196ddcc1,c87203a12406cc5114b7ffa2d8877465,False,3,9288,46.44,29721600.0,9288.0,9288.0,0.0,0.48061391953214194,0.21937876731748074,0.21867845650110895,0.3950000000000001,0.2288839356125577,0.0,0.14515483822472783,0.35864772163690783,False,nan,reject,1.0,BAOAB,0.0,0.0
ULD,"ULD gamma=1, canonical",b914b1c481c4dcc20022dd4a196ddcc1,c87203a12406cc5114b7ffa2d8877465,False,0,9347,46.735,29910400.0,9347.0,9347.0,0.0,0.48155069357133146,0.22004187631422534,0.2193358068706226,0.3925,0.23074460311649836,0.0,0.14616559645020435,0.36364772163690784,False,nan,reject,1.0,BAOAB,0.0,0.0
ULD,"ULD gamma=1, canonical",b914b1c481c4dcc20022dd4a196ddcc1,c87203a12406cc5114b7ffa2d8877465,False,1,9347,46.735,29910400.0,9347.0,9347.0,0.0,0.48024360755467443,0.21909367964613657,0.21839212568160693,0.4000000000000001,0.22842033478766577,0.0,0.14616559645020435,0.36364772163690784,False,nan,reject,1.0,BAOAB,0.0,0.0
ULD,"ULD gamma=1, canonical",b914b1c481c4dcc20022dd4a196ddcc1,c87203a12406cc5114b7ffa2d8877465,False,2,9347,46.735,29910400.0,9347.0,9347.0,0.0,0.46681847226240325,0.2035732948965513,0.20285863931135395,0.36750000000000005,0.22759204502869146,0.0,0.14112128458815765,0.33739772163690784,False,nan,reject,1.0,BAOAB,0.0,0.0
ULD,"ULD gamma=1, canonical",b914b1c481c4dcc20022dd4a196ddcc1,c87203a12406cc5114b7ffa2d8877465,False,3,9347,46.735,29910400.0,9347.0,9347.0,0.0,0.4810207560190472,0.21983700939812256,0.21913463791731136,0.39000000000000007,0.2313284709892991,0.0,0.14441238883058874,0.3548977216369078,False,nan,reject,1.0,BAOAB,0.0,0.0
ULD,"ULD gamma=1, canonical",b914b1c481c4dcc20022dd4a196ddcc1,c87203a12406cc5114b7ffa2d8877465,False,0,9406,47.03,30099200.0,9406.0,9406.0,0.0,0.4823029212045975,0.22023236334711538,0.21952586445640376,0.39125000000000004,0.2308753068449797,0.0,0.14667997841849376,0.3661477216369078,False,nan,reject,1.0,BAOAB,0.0,0.0
ULD,"ULD gamma=1, canonical",b914b1c481c4dcc20022dd4a196ddcc1,c87203a12406cc5114b7ffa2d8877465,False,1,9406,47.03,30099200.0,9406.0,9406.0,0.0,0.4813152340651011,0.2196347883512938,0.2189320638390525,0.39,0.2298584907194563,0.0,0.1464220335227814,0.3648977216369078,False,nan,reject,1.0,BAOAB,0.0,0.0
ULD,"ULD gamma=1, canonical",b914b1c481c4dcc20022dd4a196ddcc1,c87203a12406cc5114b7ffa2d8877465,False,2,9406,47.03,30099200.0,9406.0,9406.0,0.0,0.46909362138486477,0.2049935608060135,0.20427860904848116,0.365,0.2278511484225011,0.0,0.1406740943388588,0.3348977216369078,False,nan,reject,1.0,BAOAB,0.0,0.0
ULD,"ULD gamma=1, canonical",b914b1c481c4dcc20022dd4a196ddcc1,c87203a12406cc5114b7ffa2d8877465,False,3,9406,47.03,30099200.0,9406.0,9406.0,0.0,0.48191188339071234,0.2198342224644626,0.21913297451999103,0.39375000000000004,0.22859668178869819,0.0,0.14368320253084568,0.35114772163690783,False,nan,reject,1.0,BAOAB,0.0,0.0
ULD,"ULD gamma=1, canonical",b914b1c481c4dcc20022dd4a196ddcc1,c87203a12406cc5114b7ffa2d8877465,False,0,9466,47.33,30291200.0,9466.0,9466.0,0.0,0.48314308156343355,0.2208365018819214,0.2201310169093631,0.39375000000000004,0.2276959129663263,0.0,0.14667997841849376,0.3661477216369078,False,nan,reject,1.0,BAOAB,0.0,0.0
ULD,"ULD gamma=1, canonical",b914b1c481c4dcc20022dd4a196ddcc1,c87203a12406cc5114b7ffa2d8877465,False,1,9466,47.33,30291200.0,9466.0,9466.0,0.0,0.48134101375325195,0.21931897341703765,0.21861373678159524,0.38500000000000006,0.23059770520255507,0.0,0.14591066275467326,0.3623977216369078,False,nan,reject,1.0,BAOAB,0.0,0.0
ULD,"ULD gamma=1, canonical",b914b1c481c4dcc20022dd4a196ddcc1,c87203a12406cc5114b7ffa2d8877465,False,2,9466,47.33,30291200.0,9466.0,9466.0,0.0,0.4710272147349364,0.2069056972388622,0.20619330201481167,0.37375,0.2246097277003546,0.0,0.1406740943388588,0.3348977216369078,False,nan,reject,1.0,BAOAB,0.0,0.0
ULD,"ULD gamma=1, canonical",b914b1c481c4dcc20022dd4a196ddcc1,c87203a12406cc5114b7ffa2d8877465,False,3,9466,47.33,30291200.0,9466.0,9466.0,0.0,0.4800614282011961,0.21833931537233542,0.2176382411690546,0.39250000000000007,0.22894177796669146,0.0,0.1441678584743326,0.35364772163690783,False,nan,reject,1.0,BAOAB,0.0,0.0
ULD,"ULD gamma=1, canonical",b914b1c481c4dcc20022dd4a196ddcc1,c87203a12406cc5114b7ffa2d8877465,False,0,9525,47.625,30480000.0,9525.0,9525.0,0.0,0.4819195699815185,0.22061005035439374,0.2199065664590536,0.39250000000000007,0.2297508761197421,0.0,0.14591066275467326,0.3623977216369078,False,nan,reject,1.0,BAOAB,0.0,0.0
ULD,"ULD gamma=1, canonical",b914b1c481c4dcc20022dd4a196ddcc1,c87203a12406cc5114b7ffa2d8877465,False,1,9525,47.625,30480000.0,9525.0,9525.0,0.0,0.4813550076481222,0.21890562105958988,0.21819953493145838,0.39250000000000007,0.22844699843764615,0.0,0.14515483822472783,0.35864772163690783,False,nan,reject,1.0,BAOAB,0.0,0.0
ULD,"ULD gamma=1, canonical",b914b1c481c4dcc20022dd4a196ddcc1,c87203a12406cc5114b7ffa2d8877465,False,2,9525,47.625,30480000.0,9525.0,9525.0,0.0,0.47192745317863927,0.2083283563795042,0.2076176067781551,0.36874999999999997,0.225610171758302,0.0,0.14045262229170388,0.3336477216369078,False,nan,reject,1.0,BAOAB,0.0,0.0
ULD,"ULD gamma=1, canonical",b914b1c481c4dcc20022dd4a196ddcc1,c87203a12406cc5114b7ffa2d8877465,False,3,9525,47.625,30480000.0,9525.0,9525.0,0.0,0.47704006581731606,0.2150414527790423,0.2143366061206312,0.38125000000000003,0.22852310519435015,0.0,0.14344306897781403,0.3498977216369078,False,nan,reject,1.0,BAOAB,0.0,0.0
ULD,"ULD gamma=1, canonical",b914b1c481c4dcc20022dd4a196ddcc1,c87203a12406cc5114b7ffa2d8877465,False,0,9584,47.92,30668800.0,9584.0,9584.0,0.0,0.4816705588215316,0.22056130847378197,0.21986069068366654,0.38999999999999996,0.22933087628392101,0.0,0.14565722804062187,0.36114772163690784,False,nan,reject,1.0,BAOAB,0.0,0.0
ULD,"ULD gamma=1, canonical",b914b1c481c4dcc20022dd4a196ddcc1,c87203a12406cc5114b7ffa2d8877465,False,1,9584,47.92,30668800.0,9584.0,9584.0,0.0,0.48147259884186655,0.21916349234215338,0.21845668570419596,0.39375000000000004,0.23146679016979532,0.0,0.14465839283223572,0.3561477216369078,False,nan,reject,1.0,BAOAB,0.0,0.0
ULD,"ULD gamma=1, canonical",b914b1c481c4dcc20022dd4a196ddcc1,c87203a12406cc5114b7ffa2d8877465,False,2,9584,47.92,30668800.0,9584.0,9584.0,0.0,0.4728867256020448,0.20945199471801346,0.20874451174818698,0.37875000000000003,0.22530290083075655,0.0,0.14001390765410388,0.3311477216369078,False,nan,reject,1.0,BAOAB,0.0,0.0
ULD,"ULD gamma=1, canonical",b914b1c481c4dcc20022dd4a196ddcc1,c87203a12406cc5114b7ffa2d8877465,False,3,9584,47.92,30668800.0,9584.0,9584.0,0.0,0.47466370473969277,0.21206333544545164,0.2113544997292489,0.38125000000000003,0.23127464136378828,0.0,0.14249707345654183,0.3448977216369078,False,nan,reject,1.0,BAOAB,0.0,0.0
ULD,"ULD gamma=1, canonical",b914b1c481c4dcc20022dd4a196ddcc1,c87203a12406cc5114b7ffa2d8877465,False,0,9644,48.22,30860800.0,9644.0,9644.0,0.0,0.48104788886461436,0.22004194965159407,0.21934234214782,0.39375000000000004,0.22896341553539323,0.0,0.14515483822472783,0.35864772163690783,False,nan,reject,1.0,BAOAB,0.0,0.0
ULD,"ULD gamma=1, canonical",b914b1c481c4dcc20022dd4a196ddcc1,c87203a12406cc5114b7ffa2d8877465,False,1,9644,48.22,30860800.0,9644.0,9644.0,0.0,0.4806636418408903,0.2182527590600608,0.21754684926893986,0.39125,0.22638330290198516,0.0,0.1441678584743326,0.35364772163690783,False,nan,reject,1.0,BAOAB,0.0,0.0
ULD,"ULD gamma=1, canonical",b914b1c481c4dcc20022dd4a196ddcc1,c87203a12406cc5114b7ffa2d8877465,False,2,9644,48.22,30860800.0,9644.0,9644.0,0.0,0.4725488861945522,0.20937708003043765,0.20867070214349392,0.3825,0.22338190601138563,0.0,0.13958081051512958,0.3286477216369078,False,nan,reject,1.0,BAOAB,0.0,0.0
ULD,"ULD gamma=1, canonical",b914b1c481c4dcc20022dd4a196ddcc1,c87203a12406cc5114b7ffa2d8877465,False,3,9644,48.22,30860800.0,9644.0,9644.0,0.0,0.47361262955353267,0.2110708512738103,0.21036197739263396,0.37500000000000006,0.22461438734393768,0.0,0.14226419025667397,0.3436477216369078,False,nan,reject,1.0,BAOAB,0.0,0.0
ULD,"ULD gamma=1, canonical",b914b1c481c4dcc20022dd4a196ddcc1,c87203a12406cc5114b7ffa2d8877465,False,0,9703,48.515,31049600.0,9703.0,9703.0,0.0,0.47894665027261507,0.21821642565467636,0.21751540538109315,0.39250000000000007,0.22960568755947586,0.0,0.14515483822472783,0.35864772163690783,False,nan,reject,1.0,BAOAB,0.0,0.0
ULD,"ULD gamma=1, canonical",b914b1c481c4dcc20022dd4a196ddcc1,c87203a12406cc5114b7ffa2d8877465,False,1,9703,48.515,31049600.0,9703.0,9703.0,0.0,0.4775774818124023,0.21624033154922306,0.21553442392331956,0.37875000000000003,0.23242788635403666,0.0,0.14368320253084568,0.35114772163690783,False,nan,reject,1.0,BAOAB,0.0,0.0
ULD,"ULD gamma=1, canonical",b914b1c481c4dcc20022dd4a196ddcc1,c87203a12406cc5114b7ffa2d8877465,False,2,9703,48.515,31049600.0,9703.0,9703.0,0.0,0.4727043356155224,0.20920289200805164,0.2084961542724797,0.37625000000000003,0.22318629249309319,0.0,0.1385224781241002,0.32239772163690783,False,nan,reject,1.0,BAOAB,0.0,0.0
ULD,"ULD gamma=1, canonical",b914b1c481c4dcc20022dd4a196ddcc1,c87203a12406cc5114b7ffa2d8877465,False,3,9703,48.515,31049600.0,9703.0,9703.0,0.0,0.4726863037733797,0.2103930290720908,0.2096865936420227,0.37250000000000005,0.22835754459258362,0.0,0.14180273671545632,0.3411477216369078,False,nan,reject,1.0,BAOAB,0.0,0.0
ULD,"ULD gamma=1, canonical",b914b1c481c4dcc20022dd4a196ddcc1,c87203a12406cc5114b7ffa2d8877465,False,0,9762,48.81,31238400.0,9762.0,9762.0,0.0,0.4782305654502218,0.21686559095062174,0.21616337526596263,0.38000000000000006,0.22822161612620107,0.0,0.1441678584743326,0.35364772163690783,False,nan,reject,1.0,BAOAB,0.0,0.0
ULD,"ULD gamma=1, canonical",b914b1c481c4dcc20022dd4a196ddcc1,c87203a12406cc5114b7ffa2d8877465,False,1,9762,48.81,31238400.0,9762.0,9762.0,0.0,0.47646236748844173,0.2146220545046007,0.21391810130312094,0.37625000000000003,0.22543876894546333,0.0,0.14344306897781403,0.3498977216369078,False,nan,reject,1.0,BAOAB,0.0,0.0
ULD,"ULD gamma=1, canonical",b914b1c481c4dcc20022dd4a196ddcc1,c87203a12406cc5114b7ffa2d8877465,False,2,9762,48.81,31238400.0,9762.0,9762.0,0.0,0.47269284773178427,0.208825391960218,0.20811960814157116,0.37875000000000003,0.221967669799761,0.0,0.13936636049619444,0.32739772163690783,False,nan,reject,1.0,BAOAB,0.0,0.0
ULD,"ULD gamma=1, canonical",b914b1c481c4dcc20022dd4a196ddcc1,c87203a12406cc5114b7ffa2d8877465,False,3,9762,48.81,31238400.0,9762.0,9762.0,0.0,0.46976741544692546,0.20867826046051552,0.207973604278343,0.37125,0.22762537493938584,0.0,0.14134700959635385,0.3386477216369078,False,nan,reject,1.0,BAOAB,0.0,0.0
ULD,"ULD gamma=1, canonical",b914b1c481c4dcc20022dd4a196ddcc1,c87203a12406cc5114b7ffa2d8877465,False,0,9822,49.11,31430400.0,9822.0,9822.0,0.0,0.4779119509860932,0.21633817778938735,0.21563319383693846,0.38125000000000003,0.2321760444408265,0.0,0.14368320253084568,0.35114772163690783,False,nan,reject,1.0,BAOAB,0.0,0.0
ULD,"ULD gamma=1, canonical",b914b1c481c4dcc20022dd4a196ddcc1,c87203a12406cc5114b7ffa2d8877465,False,1,9822,49.11,31430400.0,9822.0,9822.0,0.0,0.4752403437811626,0.21368260399252426,0.21297914328248746,0.3875,0.2284593328397707,0.0,0.14368320253084568,0.35114772163690783,False,nan,reject,1.0,BAOAB,0.0,0.0
ULD,"ULD gamma=1, canonical",b914b1c481c4dcc20022dd4a196ddcc1,c87203a12406cc5114b7ffa2d8877465,False,2,9822,49.11,31430400.0,9822.0,9822.0,0.0,0.47070435493335344,0.20731581910598695,0.2066112331735771,0.36875,0.22081502515883766,0.0,0.13894164189417876,0.3248977216369078,False,nan,reject,1.0,BAOAB,0.0,0.0
ULD,"ULD gamma=1, canonical",b914b1c481c4dcc20022dd4a196ddcc1,c87203a12406cc5114b7ffa2d8877465,False,3,9822,49.11,31430400.0,9822.0,9822.0,0.0,0.4708078350280007,0.20937151206135463,0.2086676869596108,0.37750000000000006,0.22375970255260424,0.0,0.14045262229170388,0.3336477216369078,False,nan,reject,1.0,BAOAB,0.0,0.0
ULD,"ULD gamma=1, canonical",b914b1c481c4dcc20022dd4a196ddcc1,c87203a12406cc5114b7ffa2d8877465,False,0,9881,49.405,31619200.0,9881.0,9881.0,0.0,0.4789351778211619,0.21684844327522101,0.21614318941331112,0.38125000000000003,0.22800149215542276,0.0,0.14368320253084568,0.35114772163690783,False,nan,reject,1.0,BAOAB,0.0,0.0
ULD,"ULD gamma=1, canonical",b914b1c481c4dcc20022dd4a196ddcc1,c87203a12406cc5114b7ffa2d8877465,False,1,9881,49.405,31619200.0,9881.0,9881.0,0.0,0.47460332446222153,0.21273925839826557,0.21203558279241452,0.37875,0.22592882551383775,0.0,0.1427313991754959,0.34614772163690777,False,nan,reject,1.0,BAOAB,0.0,0.0
ULD,"ULD gamma=1, canonical",b914b1c481c4dcc20022dd4a196ddcc1,c87203a12406cc5114b7ffa2d8877465,False,2,9881,49.405,31619200.0,9881.0,9881.0,0.0,0.46764714426212795,0.20516168373898358,0.20445637340749467,0.3687500000000001,0.2237646507189962,0.0,0.13873136716630508,0.3236477216369078,False,nan,reject,1.0,BAOAB,0.0,0.0
ULD,"ULD gamma=1, canonical",b914b1c481c4dcc20022dd4a196ddcc1,c87203a12406cc5114b7ffa2d8877465,False,3,9881,49.405,31619200.0,9881.0,9881.0,0.0,0.4688756602290579,0.20729403710758776,0.2065870834799428,0.37125,0.2264838231732753,0.0,0.13958081051512958,0.3286477216369078,False,nan,reject,1.0,BAOAB,0.0,0.0
ULD,"ULD gamma=1, canonical",b914b1c481c4dcc20022dd4a196ddcc1,c87203a12406cc5114b7ffa2d8877465,False,0,9941,49.705,31811200.0,9941.0,9941.0,0.0,0.47860139565152776,0.21657856369724848,0.21587470932215247,0.38875000000000004,0.22773645848803858,0.0,0.14368320253084568,0.35114772163690783,False,nan,reject,1.0,BAOAB,0.0,0.0
ULD,"ULD gamma=1, canonical",b914b1c481c4dcc20022dd4a196ddcc1,c87203a12406cc5114b7ffa2d8877465,False,1,9941,49.705,31811200.0,9941.0,9941.0,0.0,0.4752129790134795,0.21247506445861963,0.2117689948075271,0.37625000000000003,0.2248538340972429,0.0,0.14180273671545632,0.3411477216369078,False,nan,reject,1.0,BAOAB,0.0,0.0
ULD,"ULD gamma=1, canonical",b914b1c481c4dcc20022dd4a196ddcc1,c87203a12406cc5114b7ffa2d8877465,False,2,9941,49.705,31811200.0,9941.0,9941.0,0.0,0.4663555938063283,0.20381762497347677,0.20311275859612077,0.3625,0.2216059760801251,0.0,0.1385224781241002,0.32239772163690783,False,nan,reject,1.0,BAOAB,0.0,0.0
ULD,"ULD gamma=1, canonical",b914b1c481c4dcc20022dd4a196ddcc1,c87203a12406cc5114b7ffa2d8877465,False,3,9941,49.705,31811200.0,9941.0,9941.0,0.0,0.4661889768328309,0.20402586821800128,0.20331614311001833,0.36750000000000005,0.22527423607725983,0.0,0.13915330532004663,0.32614772163690775,False,nan,reject,1.0,BAOAB,0.0,0.0
ULD,"ULD gamma=1, canonical",b914b1c481c4dcc20022dd4a196ddcc1,c87203a12406cc5114b7ffa2d8877465,False,0,10000,50.0,32000000.0,10000.0,10000.0,0.0,0.47604175825329,0.21523319474921898,0.2145294432094692,0.38750000000000007,0.23075719670773687,0.0,0.14344306897781403,0.3498977216369078,False,nan,reject,1.0,BAOAB,0.0,0.0
ULD,"ULD gamma=1, canonical",b914b1c481c4dcc20022dd4a196ddcc1,c87203a12406cc5114b7ffa2d8877465,False,1,10000,50.0,32000000.0,10000.0,10000.0,0.0,0.4769665881448165,0.21312054312797835,0.2124114441129693,0.37500000000000006,0.2256523969631733,0.0,0.14134700959635385,0.3386477216369078,False,nan,reject,1.0,BAOAB,0.0,0.0
ULD,"ULD gamma=1, canonical",b914b1c481c4dcc20022dd4a196ddcc1,c87203a12406cc5114b7ffa2d8877465,False,2,10000,50.0,32000000.0,10000.0,10000.0,0.0,0.46599158792813467,0.20346264985940243,0.20275727818554612,0.36125000000000007,0.22191362379348223,0.0,0.1385224781241002,0.32239772163690783,False,nan,reject,1.0,BAOAB,0.0,0.0
ULD,"ULD gamma=1, canonical",b914b1c481c4dcc20022dd4a196ddcc1,c87203a12406cc5114b7ffa2d8877465,False,3,10000,50.0,32000000.0,10000.0,10000.0,0.0,0.4654481324574125,0.20195950056793166,0.2012473422836445,0.36,0.22524532607174474,0.0,0.13873136716630508,0.3236477216369078,False,nan,reject,1.0,BAOAB,0.0,0.0
