method,variant_label,variant_hash,metric_definition_hash,tame,seed,step,t,n_fee,n_fee_per_particle,n_force_per_particle,n_extra_potential_equivalent_per_particle,W2_exact_1d,MMD2_biased,MMD2_unbiased,KS,CDF_L2,W1_cdf,basin_mass_left,basin_mass_error,moment_1_error,moment_2_error,moment_3_error,moment_4_error,tamed,tame_cap,boundary_rule,score_evaluation,splitting,jump_mode,bank_size,bank_refresh_policy,bank_shared_between_score_and_noise,m_clip_fraction,jump_count_mean,max_log_magnitude,jump_count_applied_cumulative,score_clip_fraction_cumulative,jump_rate_per_particle_time_cumulative,boundary_reject_fraction_cumulative,nonfinite_proposal_fraction_cumulative
LSC-CP-RA,"LSC-CP-RA (A=8), tamed",44d6ecf1abcc7ab097c151f5d67417fb,8da7d73e85753d4e79f54062070fbc7b,True,0,0,0.0,0.0,0.0,0.0,0.0,1.3551029267133903,0.42958340238695303,0.42935627570320667,0.6108978728277561,0.7005670684747465,1.0124974569714147,1.0,0.5,1.0005919112703403,0.03941630483414982,1.0098492752452783,0.022843476837182686,True,1.0,reject,pre_step,drift_diffusion_then_jump,iid_bank,8,every_step,True,,,,,,,,
LSC-CP-RA,"LSC-CP-RA (A=8), tamed",44d6ecf1abcc7ab097c151f5d67417fb,8da7d73e85753d4e79f54062070fbc7b,True,1,0,0.0,0.0,0.0,0.0,0.0,1.3555460735854254,0.4296062800739636,0.4293792360538907,0.613539064665974,0.7008590342284745,1.0135663444316514,1.0,0.5,1.000256981566644,0.038602535006164285,1.0083952797763436,0.02056850501585783,True,1.0,reject,pre_step,drift_diffusion_then_jump,iid_bank,8,every_step,True,,,,,,,,
LSC-CP-RA,"LSC-CP-RA (A=8), tamed",44d6ecf1abcc7ab097c151f5d67417fb,8da7d73e85753d4e79f54062070fbc7b,True,2,0,0.0,0.0,0.0,0.0,0.0,1.3561643459400354,0.4296746876123163,0.4294477041379724,0.6203501049157646,0.701144588012595,1.0133931626952126,1.0,0.5,1.0002011857530728,0.03838562924985989,1.0079262984344668,0.019769077075784458,True,1.0,reject,pre_step,drift_diffusion_then_jump,iid_bank,8,every_step,True,,,,,,,,
LSC-CP-RA,"LSC-CP-RA (A=8), tamed",44d6ecf1abcc7ab097c151f5d67417fb,8da7d73e85753d4e79f54062070fbc7b,True,3,0,0.0,0.0,0.0,0.0,0.0,1.3547053146070909,0.4292198660096156,0.4289928158714367,0.6133822261105758,0.7002926832177458,1.0117890584443818,1.0,0.5,0.9988285140076548,0.035757579091200364,1.0041524252002922,0.014953249858599027,True,1.0,reject,pre_step,drift_diffusion_then_jump,iid_bank,8,every_step,True,,,,,,,,
LSC-CP-RA,"LSC-CP-RA (A=8), tamed",44d6ecf1abcc7ab097c151f5d67417fb,8da7d73e85753d4e79f54062070fbc7b,True,0,4,0.02,6868780.474279569,858.5975592849462,4.0,1024.0,1.3206806476089215,0.40493186281147997,0.4046896884998722,0.5451275672415923,0.6774503101298812,0.985881126941405,0.9895,0.48950000000000005,0.9848167353282847,0.06498513780783366,1.0686477745613396,0.23962747321536326,True,1.0,reject,pre_step,drift_diffusion_then_jump,iid_bank,8,every_step,True,0.0004375,0.0048125,781.4624282209815,154,0.0004375,0.9625,0.0,0.0
LSC-CP-RA,"LSC-CP-RA (A=8), tamed",44d6ecf1abcc7ab097c151f5d67417fb,8da7d73e85753d4e79f54062070fbc7b,True,1,4,0.02,6868780.474279569,858.5975592849462,4.0,1024.0,1.3229286184211313,0.40804765702459533,0.4078075554650755,0.5469441871427614,0.6793468724428084,0.9878073761564707,0.991,0.491,0.9863052807319368,0.0628402138908406,1.0732279733362973,0.27397408296110715,True,1.0,reject,pre_step,drift_diffusion_then_jump,iid_bank,8,every_step,True,0.0004375,0.0048125,781.4624282209815,154,0.0004375,0.9625,0.0,0.0
LSC-CP-RA,"LSC-CP-RA (A=8), tamed",44d6ecf1abcc7ab097c151f5d67417fb,8da7d73e85753d4e79f54062070fbc7b,True,2,4,0.02,6868780.474279569,858.5975592849462,4.0,1024.0,1.3214303546451547,0.40722725397605664,0.40698713347639304,0.545146702423916,0.6784821924856479,0.9848110397506875,0.99,0.49,0.983244916492578,0.05540036400289572,1.0459553062048226,0.18561107066261473,True,1.0,reject,pre_step,drift_diffusion_then_jump,iid_bank,8,every_step,True,0.0004375,0.0048125,781.4624282209815,154,0.0004375,0.9625,0.0,0.0
LSC-CP-RA,"LSC-CP-RA (A=8), tamed",44d6ecf1abcc7ab097c151f5d67417fb,8da7d73e85753d4e79f54062070fbc7b,True,3,4,0.02,6868780.474279569,858.5975592849462,4.0,1024.0,1.3240558815716623,0.41091333994572177,0.41067549091536193,0.5509499385376986,0.6809881413001958,0.9866090243819284,0.992,0.492,0.9847285143455794,0.049155046367148625,1.026827011328541,0.11963885422100262,True,1.0,reject,pre_step,drift_diffusion_then_jump,iid_bank,8,every_step,True,0.0004375,0.0048125,781.4624282209815,154,0.0004375,0.9625,0.0,0.0
LSC-CP-RA,"LSC-CP-RA (A=8), tamed",44d6ecf1abcc7ab097c151f5d67417fb,8da7d73e85753d4e79f54062070fbc7b,True,0,8,0.04,13737560.948559139,1717.1951185698924,8.0,2048.0,1.2872335595731423,0.38081307466262515,0.38055858364518624,0.5029179384372721,0.6548876091386826,0.9559840159999999,0.977,0.477,0.9559843705376724,0.06199373869229996,1.0515628337666123,0.29054279839026853,True,1.0,reject,pre_step,drift_diffusion_then_jump,iid_bank,8,every_step,True,0.00059375,0.0050625,4838.313053854933,316,0.000515625,0.9875,0.0,0.0
LSC-CP-RA,"LSC-CP-RA (A=8), tamed",44d6ecf1abcc7ab097c151f5d67417fb,8da7d73e85753d4e79f54062070fbc7b,True,1,8,0.04,13737560.948559139,1717.1951185698924,8.0,2048.0,1.3016719113036495,0.39457286552539894,0.3943258114163791,0.5197128700145084,0.6659044261155171,0.9707862169914498,0.9845,0.48450000000000004,0.9707850670200583,0.06077046348524506,1.0633993959688122,0.29359623977767224,True,1.0,reject,pre_step,drift_diffusion_then_jump,iid_bank,8,every_step,True,0.00059375,0.0050625,4838.313053854933,316,0.000515625,0.9875,0.0,0.0
LSC-CP-RA,"LSC-CP-RA (A=8), tamed",44d6ecf1abcc7ab097c151f5d67417fb,8da7d73e85753d4e79f54062070fbc7b,True,2,8,0.04,13737560.948559139,1717.1951185698924,8.0,2048.0,1.2915106910413754,0.38875824895056943,0.3885088621198015,0.5102217405653107,0.6599513359179326,0.960213722,0.981,0.481,0.9602137932679468,0.048071778102177776,1.019454731191079,0.17654201578965478,True,1.0,reject,pre_step,drift_diffusion_then_jump,iid_bank,8,every_step,True,0.00059375,0.0050625,4838.313053854933,316,0.000515625,0.9875,0.0,0.0
LSC-CP-RA,"LSC-CP-RA (A=8), tamed",44d6ecf1abcc7ab097c151f5d67417fb,8da7d73e85753d4e79f54062070fbc7b,True,3,8,0.04,13737560.948559139,1717.1951185698924,8.0,2048.0,1.2937080363976365,0.38603538337295695,0.38578376684604465,0.5166538110185394,0.6591999991021413,0.9599430478752272,0.979,0.479,0.9599104187691149,0.06150182541720217,1.0387806327798552,0.24692998032701408,True,1.0,reject,pre_step,drift_diffusion_then_jump,iid_bank,8,every_step,True,0.00059375,0.0050625,4838.313053854933,316,0.000515625,0.9875,0.0,0.0
LSC-CP-RA,"LSC-CP-RA (A=8), tamed",44d6ecf1abcc7ab097c151f5d67417fb,8da7d73e85753d4e79f54062070fbc7b,True,0,12,0.06,20606341.42283871,2575.792677854839,12.0,3072.0,1.2740907747187054,0.37005427220924314,0.3697932942650195,0.4882980691511163,0.6453802498285764,0.9468158434788042,0.972,0.472,0.9459326267607254,0.07232603703636054,1.0658790104959017,0.39479498539647306,True,1.0,reject,pre_step,drift_diffusion_then_jump,iid_bank,8,every_step,True,0.00059375,0.0053124999999999995,778.8631418313043,486,0.0005416666666666666,1.0125,0.0,0.0
LSC-CP-RA,"LSC-CP-RA (A=8), tamed",44d6ecf1abcc7ab097c151f5d67417fb,8da7d73e85753d4e79f54062070fbc7b,True,1,12,0.06,20606341.42283871,2575.792677854839,12.0,3072.0,1.2738615925954462,0.37490768533280716,0.37465049653994686,0.4934133640776494,0.6477209001034074,0.9455223180000001,0.9735,0.47350000000000003,0.9455224236521544,0.055220632678474546,1.014887164433694,0.21161474449351247,True,1.0,reject,pre_step,drift_diffusion_then_jump,iid_bank,8,every_step,True,0.00059375,0.0053124999999999995,778.8631418313043,486,0.0005416666666666666,1.0125,0.0,0.0
LSC-CP-RA,"LSC-CP-RA (A=8), tamed",44d6ecf1abcc7ab097c151f5d67417fb,8da7d73e85753d4e79f54062070fbc7b,True,2,12,0.06,20606341.42283871,2575.792677854839,12.0,3072.0,1.2748497355155917,0.3732537764536532,0.37299516954962175,0.48614711916322,0.6471149423670318,0.948490556,0.9745,0.47450000000000003,0.9484903757680555,0.06592846406235386,1.0790698280809157,0.4264870752859521,True,1.0,reject,pre_step,drift_diffusion_then_jump,iid_bank,8,every_step,True,0.00059375,0.0053124999999999995,778.8631418313043,486,0.0005416666666666666,1.0125,0.0,0.0
LSC-CP-RA,"LSC-CP-RA (A=8), tamed",44d6ecf1abcc7ab097c151f5d67417fb,8da7d73e85753d4e79f54062070fbc7b,True,3,12,0.06,20606341.42283871,2575.792677854839,12.0,3072.0,1.2667709900034263,0.3649987918186618,0.3647361557002923,0.48979806915111623,0.6403196644829708,0.935991186,0.9685,0.4685,0.9359910726494026,0.06156157594346512,1.0385343449883209,0.3289598801724979,True,1.0,reject,pre_step,drift_diffusion_then_jump,iid_bank,8,every_step,True,0.00059375,0.0053124999999999995,778.8631418313043,486,0.0005416666666666666,1.0125,0.0,0.0
LSC-CP-RA,"LSC-CP-RA (A=8), tamed",44d6ecf1abcc7ab097c151f5d67417fb,8da7d73e85753d4e79f54062070fbc7b,True,0,17,0.085,29192317.01568817,3649.0396269610214,17.0,4352.0,1.2486704536951747,0.3526537206867557,0.35238470277249156,0.469261705169829,0.627929652727002,0.9201422354788042,0.9615,0.4615,0.9183557237045084,0.06248192056975377,1.0103245834820918,0.39749065673607376,True,1.0,reject,pre_step,drift_diffusion_then_jump,iid_bank,8,every_step,True,0.0005250000000000001,0.004975,758.9619938644508,685,0.0005367647058823529,1.0073529411764706,0.0,0.0
LSC-CP-RA,"LSC-CP-RA (A=8), tamed",44d6ecf1abcc7ab097c151f5d67417fb,8da7d73e85753d4e79f54062070fbc7b,True,1,17,0.085,29192317.01568817,3649.0396269610214,17.0,4352.0,1.2422849080193605,0.3504439193586899,0.35017462234068675,0.46879697246293267,0.6248482003636426,0.9127569172694963,0.96,0.45999999999999996,0.9111098234736967,0.047900761517473356,0.9715892147264602,0.2756436447062057,True,1.0,reject,pre_step,drift_diffusion_then_jump,iid_bank,8,every_step,True,0.0005250000000000001,0.004975,758.9619938644508,685,0.0005367647058823529,1.0073529411764706,0.0,0.0
LSC-CP-RA,"LSC-CP-RA (A=8), tamed",44d6ecf1abcc7ab097c151f5d67417fb,8da7d73e85753d4e79f54062070fbc7b,True,2,17,0.085,29192317.01568817,3649.0396269610214,17.0,4352.0,1.2483976354208262,0.357832076937036,0.35756688306680473,0.4748186503209852,0.6313957604395589,0.921571378,0.9645,0.4645,0.9215716889075891,0.04036272330836699,0.9799660633007491,0.17842207986428382,True,1.0,reject,pre_step,drift_diffusion_then_jump,iid_bank,8,every_step,True,0.0005250000000000001,0.004975,758.9619938644508,685,0.0005367647058823529,1.0073529411764706,0.0,0.0
LSC-CP-RA,"LSC-CP-RA (A=8), tamed",44d6ecf1abcc7ab097c151f5d67417fb,8da7d73e85753d4e79f54062070fbc7b,True,3,17,0.085,29192317.01568817,3649.0396269610214,17.0,4352.0,1.2320783117818759,0.3420610492057151,0.3417878249423355,0.4648436635101235,0.617940836671521,0.902536882,0.9545,0.4545,0.9025366921640984,0.04090949264462229,0.9674859501846625,0.19421723954226378,True,1.0,reject,pre_step,drift_diffusion_then_jump,iid_bank,8,every_step,True,0.0005250000000000001,0.004975,758.9619938644508,685,0.0005367647058823529,1.0073529411764706,0.0,0.0
LSC-CP-RA,"LSC-CP-RA (A=8), tamed",44d6ecf1abcc7ab097c151f5d67417fb,8da7d73e85753d4e79f54062070fbc7b,True,0,21,0.105,36061097.48996774,4507.637186245967,21.0,5376.0,1.2273563019165634,0.34223665877787357,0.3419640486387642,0.46087205360023936,0.6160032484189477,0.8970309234418394,0.9545,0.4545,0.8948706183574814,0.03255076719981309,0.9179142200025509,0.1585649457354118,True,1.0,reject,pre_step,drift_diffusion_then_jump,iid_bank,8,every_step,True,0.00065625,0.0044375000000000005,806.720868169129,827,0.0005595238095238096,0.9845238095238096,0.0,0.0
LSC-CP-RA,"LSC-CP-RA (A=8), tamed",44d6ecf1abcc7ab097c151f5d67417fb,8da7d73e85753d4e79f54062070fbc7b,True,1,21,0.105,36061097.48996774,4507.637186245967,21.0,5376.0,1.22230872924895,0.335818693461056,0.3355421126497361,0.4591973051013753,0.6107604081558531,0.8921400140720348,0.9515,0.4515,0.8889069995883406,0.04313046887317418,0.9384458866598238,0.3057640752953651,True,1.0,reject,pre_step,drift_diffusion_then_jump,iid_bank,8,every_step,True,0.00065625,0.0044375000000000005,806.720868169129,827,0.0005595238095238096,0.9845238095238096,0.0,0.0
LSC-CP-RA,"LSC-CP-RA (A=8), tamed",44d6ecf1abcc7ab097c151f5d67417fb,8da7d73e85753d4e79f54062070fbc7b,True,2,21,0.105,36061097.48996774,4507.637186245967,21.0,5376.0,1.2375207251473979,0.3492566303878605,0.3489869045431452,0.46542658502071055,0.6237714836268345,0.911581502,0.96,0.45999999999999996,0.9115815023221772,0.039489565691741335,0.9713223405278184,0.17376478517226934,True,1.0,reject,pre_step,drift_diffusion_then_jump,iid_bank,8,every_step,True,0.00065625,0.0044375000000000005,806.720868169129,827,0.0005595238095238096,0.9845238095238096,0.0,0.0
LSC-CP-RA,"LSC-CP-RA (A=8), tamed",44d6ecf1abcc7ab097c151f5d67417fb,8da7d73e85753d4e79f54062070fbc7b,True,3,21,0.105,36061097.48996774,4507.637186245967,21.0,5376.0,1.2158505749123616,0.32833374050760133,0.3280535532294898,0.4530346895908191,0.6054383386171903,0.8845708078433838,0.9460000000000001,0.44600000000000006,0.8839102191618906,0.04087012838560855,0.9583530325803993,0.252694808005988,True,1.0,reject,pre_step,drift_diffusion_then_jump,iid_bank,8,every_step,True,0.00065625,0.0044375000000000005,806.720868169129,827,0.0005595238095238096,0.9845238095238096,0.0,0.0
LSC-CP-RA,"LSC-CP-RA (A=8), tamed",44d6ecf1abcc7ab097c151f5d67417fb,8da7d73e85753d4e79f54062070fbc7b,True,0,25,0.125,42929877.96424731,5366.234745530914,25.0,6400.0,1.221091975624139,0.3303530513347597,0.3300731623040195,0.45328431958962645,0.6080027691507842,0.890899449753596,0.9480000000000001,0.44800000000000006,0.8908473468096281,0.05460008252084947,1.0080025157424717,0.4094181675774179,True,1.0,reject,pre_step,drift_diffusion_then_jump,iid_bank,8,every_step,True,0.00046875,0.005125,766.6597494985141,991,0.000545,0.991,0.0,0.0
LSC-CP-RA,"LSC-CP-RA (A=8), tamed",44d6ecf1abcc7ab097c151f5d67417fb,8da7d73e85753d4e79f54062070fbc7b,True,1,25,0.125,42929877.96424731,5366.234745530914,25.0,6400.0,1.2051868512053767,0.320412190060988,0.3201276696586569,0.4482942097670798,0.5980615195805189,0.874134846,0.9425,0.4425,0.8741346819376246,0.041414090246603585,0.9597654034253961,0.28606078680795777,True,1.0,reject,pre_step,drift_diffusion_then_jump,iid_bank,8,every_step,True,0.00046875,0.005125,766.6597494985141,991,0.000545,0.991,0.0,0.0
LSC-CP-RA,"LSC-CP-RA (A=8), tamed",44d6ecf1abcc7ab097c151f5d67417fb,8da7d73e85753d4e79f54062070fbc7b,True,2,25,0.125,42929877.96424731,5366.234745530914,25.0,6400.0,1.2166782715253786,0.3334106673364623,0.33313352037249155,0.4521202789201613,0.608499171235713,0.886858275150228,0.9500000000000001,0.45000000000000007,0.8868583404609354,0.031644363209573645,0.9405154985061546,0.18734155864771684,True,1.0,reject,pre_step,drift_diffusion_then_jump,iid_bank,8,every_step,True,0.00046875,0.005125,766.6597494985141,991,0.000545,0.991,0.0,0.0
LSC-CP-RA,"LSC-CP-RA (A=8), tamed",44d6ecf1abcc7ab097c151f5d67417fb,8da7d73e85753d4e79f54062070fbc7b,True,3,25,0.125,42929877.96424731,5366.234745530914,25.0,6400.0,1.1876857023323426,0.31122178166298065,0.3109341617105278,0.43962955080646393,0.5878044513217664,0.8550405175622183,0.9345,0.4345,0.8550401378172996,0.017805775063684748,0.8772498667766738,0.0619066308110624,True,1.0,reject,pre_step,drift_diffusion_then_jump,iid_bank,8,every_step,True,0.00046875,0.005125,766.6597494985141,991,0.000545,0.991,0.0,0.0
LSC-CP-RA,"LSC-CP-RA (A=8), tamed",44d6ecf1abcc7ab097c151f5d67417fb,8da7d73e85753d4e79f54062070fbc7b,True,0,29,0.145,49798658.43852688,6224.832304815861,29.0,7424.0,1.201134255794704,0.3151749642780355,0.3148875749316543,0.4416713368049772,0.5939810864537993,0.8697951334788043,0.9385,0.4385,0.8692878339894597,0.04539347450666309,0.9676455659312481,0.32759287492091305,True,1.0,reject,pre_step,drift_diffusion_then_jump,iid_bank,8,every_step,True,0.0006562499999999999,0.0055000000000000005,2522.1693432362067,1167,0.0005603448275862069,1.0060344827586207,0.0,0.0
LSC-CP-RA,"LSC-CP-RA (A=8), tamed",44d6ecf1abcc7ab097c151f5d67417fb,8da7d73e85753d4e79f54062070fbc7b,True,1,29,0.145,49798658.43852688,6224.832304815861,29.0,7424.0,1.1823135774411035,0.3049612535620323,0.30467023177939256,0.4364565893712466,0.5823232989998834,0.8468370670170752,0.932,0.43200000000000005,0.8468122695320921,0.021193256736440902,0.897898304488373,0.18368025683989553,True,1.0,reject,pre_step,drift_diffusion_then_jump,iid_bank,8,every_step,True,0.0006562499999999999,0.0055000000000000005,2522.1693432362067,1167,0.0005603448275862069,1.0060344827586207,0.0,0.0
LSC-CP-RA,"LSC-CP-RA (A=8), tamed",44d6ecf1abcc7ab097c151f5d67417fb,8da7d73e85753d4e79f54062070fbc7b,True,2,29,0.145,49798658.43852688,6224.832304815861,29.0,7424.0,1.1955082343004733,0.3165847584145781,0.31629929401801393,0.44106668279745853,0.592425737221009,0.8620023094788043,0.9390000000000001,0.43900000000000006,0.8604483179202194,0.026642354683295122,0.8863563909472613,0.17102613342971018,True,1.0,reject,pre_step,drift_diffusion_then_jump,iid_bank,8,every_step,True,0.0006562499999999999,0.0055000000000000005,2522.1693432362067,1167,0.0005603448275862069,1.0060344827586207,0.0,0.0
LSC-CP-RA,"LSC-CP-RA (A=8), tamed",44d6ecf1abcc7ab097c151f5d67417fb,8da7d73e85753d4e79f54062070fbc7b,True,3,29,0.145,49798658.43852688,6224.832304815861,29.0,7424.0,1.1710256795188148,0.29485123084296605,0.29455381287370697,0.4289837032744098,0.5738195309204719,0.8396723394788043,0.9255,0.4255,0.8392216679438861,0.0335790550857622,0.9120783824730142,0.23091412018107393,True,1.0,reject,pre_step,drift_diffusion_then_jump,iid_bank,8,every_step,True,0.0006562499999999999,0.0055000000000000005,2522.1693432362067,1167,0.0005603448275862069,1.0060344827586207,0.0,0.0
LSC-CP-RA,"LSC-CP-RA (A=8), tamed",44d6ecf1abcc7ab097c151f5d67417fb,8da7d73e85753d4e79f54062070fbc7b,True,0,33,0.165,56667438.91280645,7083.429864100806,33.0,8448.0,1.1858127765862325,0.30469896687677334,0.30440657975577057,0.43748341452506345,0.5833215745301813,0.8521489594788043,0.9315,0.4315,0.8516914971208339,0.03934994353875676,0.9327816460746703,0.2865537667568089,True,1.0,reject,pre_step,drift_diffusion_then_jump,iid_bank,8,every_step,True,0.00034375000000000003,0.0044375000000000005,894.4131148091965,1309,0.0005340909090909091,0.9916666666666667,0.0,0.0
LSC-CP-RA,"LSC-CP-RA (A=8), tamed",44d6ecf1abcc7ab097c151f5d67417fb,8da7d73e85753d4e79f54062070fbc7b,True,1,33,0.165,56667438.91280645,7083.429864100806,33.0,8448.0,1.1694572396228624,0.2941463652149796,0.2938494734243029,0.4286502189286208,0.5716496340714587,0.833839188,0.9255,0.4255,0.8338398668026819,0.031410373388848556,0.9378902168165444,0.47590901339089753,True,1.0,reject,pre_step,drift_diffusion_then_jump,iid_bank,8,every_step,True,0.00034375000000000003,0.0044375000000000005,894.4131148091965,1309,0.0005340909090909091,0.9916666666666667,0.0,0.0
LSC-CP-RA,"LSC-CP-RA (A=8), tamed",44d6ecf1abcc7ab097c151f5d67417fb,8da7d73e85753d4e79f54062070fbc7b,True,2,33,0.165,56667438.91280645,7083.429864100806,33.0,8448.0,1.183714091637526,0.3063225271097946,0.3060309918955275,0.4364094509806802,0.5838683983550939,0.8540650040000001,0.9345,0.4345,0.8540645647610459,0.03530480896002708,0.937501300635114,0.2848001477088352,True,1.0,reject,pre_step,drift_diffusion_then_jump,iid_bank,8,every_step,True,0.00034375000000000003,0.0044375000000000005,894.4131148091965,1309,0.0005340909090909091,0.9916666666666667,0.0,0.0
LSC-CP-RA,"LSC-CP-RA (A=8), tamed",44d6ecf1abcc7ab097c151f5d67417fb,8da7d73e85753d4e79f54062070fbc7b,True,3,33,0.165,56667438.91280645,7083.429864100806,33.0,8448.0,1.151973217306244,0.28030807619647413,0.2800035999305055,0.41867848221032844,0.5591751119555588,0.816766002,0.9165,0.4165,0.8167655173680068,0.03069409535652401,0.9030920423671015,0.30225418577982877,True,1.0,reject,pre_step,drift_diffusion_then_jump,iid_bank,8,every_step,True,0.00034375000000000003,0.0044375000000000005,894.4131148091965,1309,0.0005340909090909091,0.9916666666666667,0.0,0.0
LSC-CP-RA,"LSC-CP-RA (A=8), tamed",44d6ecf1abcc7ab097c151f5d67417fb,8da7d73e85753d4e79f54062070fbc7b,True,0,38,0.19,65253414.505655915,8156.676813206989,38.0,9728.0,1.1550707090572296,0.28468732908519,0.2843850328007351,0.42093703351043643,0.5627569461275697,0.8209569674788042,0.9185,0.4185,0.8202670731570464,0.028316916250870072,0.8694304335291378,0.18769786428571378,True,1.0,reject,pre_step,drift_diffusion_then_jump,iid_bank,8,every_step,True,0.000725,0.005850000000000001,4190.144471263746,1543,0.0005592105263157894,1.0151315789473685,0.0,0.0
LSC-CP-RA,"LSC-CP-RA (A=8), tamed",44d6ecf1abcc7ab097c151f5d67417fb,8da7d73e85753d4e79f54062070fbc7b,True,1,38,0.19,65253414.505655915,8156.676813206989,38.0,9728.0,1.1489319953311612,0.28100755420472057,0.28070327645751314,0.41878758972977975,0.5581083716634081,0.8146068365842614,0.9165,0.4165,0.8121146520643658,0.030786507621157422,0.8438861406577628,0.24988613771661605,True,1.0,reject,pre_step,drift_diffusion_then_jump,iid_bank,8,every_step,True,0.000725,0.005850000000000001,4190.144471263746,1543,0.0005592105263157894,1.0151315789473685,0.0,0.0
LSC-CP-RA,"LSC-CP-RA (A=8), tamed",44d6ecf1abcc7ab097c151f5d67417fb,8da7d73e85753d4e79f54062070fbc7b,True,2,38,0.19,65253414.505655915,8156.676813206989,38.0,9728.0,1.1555291753879775,0.2847497090537454,0.28444765965715224,0.4211192810963904,0.5629177546969605,0.8225087780000001,0.919,0.41900000000000004,0.8225092723122444,0.02936594005840154,0.9008690201617687,0.2767410917565897,True,1.0,reject,pre_step,drift_diffusion_then_jump,iid_bank,8,every_step,True,0.000725,0.005850000000000001,4190.144471263746,1543,0.0005592105263157894,1.0151315789473685,0.0,0.0
LSC-CP-RA,"LSC-CP-RA (A=8), tamed",44d6ecf1abcc7ab097c151f5d67417fb,8da7d73e85753d4e79f54062070fbc7b,True,3,38,0.19,65253414.505655915,8156.676813206989,38.0,9728.0,1.1199844471789449,0.262611498738787,0.2622994662585213,0.40479417978900084,0.5395253858118672,0.7833680919999999,0.9035,0.40349999999999997,0.7833680604716678,0.0036789907397352106,0.8065482746571264,0.08502935124692035,True,1.0,reject,pre_step,drift_diffusion_then_jump,iid_bank,8,every_step,True,0.000725,0.005850000000000001,4190.144471263746,1543,0.0005592105263157894,1.0151315789473685,0.0,0.0
LSC-CP-RA,"LSC-CP-RA (A=8), tamed",44d6ecf1abcc7ab097c151f5d67417fb,8da7d73e85753d4e79f54062070fbc7b,True,0,42,0.21,72122194.97993548,9015.274372491935,42.0,10752.0,1.1389957065673835,0.274239834575018,0.27393303042442396,0.4122615814536724,0.5510391315707883,0.7999046138589789,0.9105,0.4105,0.7981318496562381,0.01794572131716754,0.8002884804568644,0.12638393964979378,True,1.0,reject,pre_step,drift_diffusion_then_jump,iid_bank,8,every_step,True,0.0005,0.00503125,1745.7083970353108,1704,0.0005535714285714286,1.0142857142857142,0.0,0.0
LSC-CP-RA,"LSC-CP-RA (A=8), tamed",44d6ecf1abcc7ab097c151f5d67417fb,8da7d73e85753d4e79f54062070fbc7b,True,1,42,0.21,72122194.97993548,9015.274372491935,42.0,10752.0,1.1357835720458649,0.26662975305396064,0.266317554689641,0.408831025582322,0.5462427501219994,0.8014404320000001,0.908,0.40800000000000003,0.8014407063823538,0.041894137766252504,0.9317327586549298,0.45712066419100983,True,1.0,reject,pre_step,drift_diffusion_then_jump,iid_bank,8,every_step,True,0.0005,0.00503125,1745.7083970353108,1704,0.0005535714285714286,1.0142857142857142,0.0,0.0
LSC-CP-RA,"LSC-CP-RA (A=8), tamed",44d6ecf1abcc7ab097c151f5d67417fb,8da7d73e85753d4e79f54062070fbc7b,True,2,42,0.21,72122194.97993548,9015.274372491935,42.0,10752.0,1.1364772339868676,0.2708185509182305,0.2705092066264757,0.4113384917674656,0.5480420135065337,0.8002584915099618,0.9085,0.4085,0.7961799605534672,0.03100802653429169,0.8318120847215065,0.3179836221530524,True,1.0,reject,pre_step,drift_diffusion_then_jump,iid_bank,8,every_step,True,0.0005,0.00503125,1745.7083970353108,1704,0.0005535714285714286,1.0142857142857142,0.0,0.0
LSC-CP-RA,"LSC-CP-RA (A=8), tamed",44d6ecf1abcc7ab097c151f5d67417fb,8da7d73e85753d4e79f54062070fbc7b,True,3,42,0.21,72122194.97993548,9015.274372491935,42.0,10752.0,1.1003101406701987,0.24936307484967435,0.249044807838254,0.3938126051801706,0.5255400080722664,0.7622498000000001,0.893,0.393,0.762249625161179,0.003990834709999613,0.7753951905987498,0.05074763770973434,True,1.0,reject,pre_step,drift_diffusion_then_jump,iid_bank,8,every_step,True,0.0005,0.00503125,1745.7083970353108,1704,0.0005535714285714286,1.0142857142857142,0.0,0.0
LSC-CP-RA,"LSC-CP-RA (A=8), tamed",44d6ecf1abcc7ab097c151f5d67417fb,8da7d73e85753d4e79f54062070fbc7b,True,0,46,0.23,78990975.45421505,9873.871931776881,46.0,11776.0,1.1287308958192785,0.264510362509622,0.2641974266655057,0.4063346791925167,0.5429651469542309,0.7928698225842614,0.905,0.405,0.7922028990690925,0.03084085692350791,0.855514881102513,0.24182413894088828,True,1.0,reject,pre_step,drift_diffusion_then_jump,iid_bank,8,every_step,True,0.0008125,0.00559375,823.7865278417053,1883,0.0005760869565217392,1.0233695652173913,0.0,0.0
LSC-CP-RA,"LSC-CP-RA (A=8), tamed",44d6ecf1abcc7ab097c151f5d67417fb,8da7d73e85753d4e79f54062070fbc7b,True,1,46,0.23,78990975.45421505,9873.871931776881,46.0,11776.0,1.1172276070642424,0.25984341112873643,0.25953011660301695,0.4014410558917615,0.5358525286821618,0.7779464217908552,0.901,0.401,0.7761552761477023,0.008260687330148841,0.7998884554724539,0.20951277364207377,True,1.0,reject,pre_step,drift_diffusion_then_jump,iid_bank,8,every_step,True,0.0008125,0.00559375,823.7865278417053,1883,0.0005760869565217392,1.0233695652173913,0.0,0.0
LSC-CP-RA,"LSC-CP-RA (A=8), tamed",44d6ecf1abcc7ab097c151f5d67417fb,8da7d73e85753d4e79f54062070fbc7b,True,2,46,0.23,78990975.45421505,9873.871931776881,46.0,11776.0,1.1173910849903372,0.2585006355206121,0.25818581647293826,0.4011041331457817,0.5354526954965254,0.7785655458700729,0.8995,0.39949999999999997,0.7760530738557909,0.014913565003930707,0.7825395162188125,0.15168342013439917,True,1.0,reject,pre_step,drift_diffusion_then_jump,iid_bank,8,every_step,True,0.0008125,0.00559375,823.7865278417053,1883,0.0005760869565217392,1.0233695652173913,0.0,0.0
LSC-CP-RA,"LSC-CP-RA (A=8), tamed",44d6ecf1abcc7ab097c151f5d67417fb,8da7d73e85753d4e79f54062070fbc7b,True,3,46,0.23,78990975.45421505,9873.871931776881,46.0,11776.0,1.0797289524747469,0.23392167530587393,0.23359491173778169,0.3830236628020853,0.509842016613747,0.7414734340000001,0.882,0.382,0.7414735983853239,0.002783116758313886,0.7772838434580094,0.1270314926219659,True,1.0,reject,pre_step,drift_diffusion_then_jump,iid_bank,8,every_step,True,0.0008125,0.00559375,823.7865278417053,1883,0.0005760869565217392,1.0233695652173913,0.0,0.0
LSC-CP-RA,"LSC-CP-RA (A=8), tamed",44d6ecf1abcc7ab097c151f5d67417fb,8da7d73e85753d4e79f54062070fbc7b,True,0,50,0.25,85859755.92849462,10732.469491061827,50.0,12800.0,1.1215379306501059,0.2583520507392232,0.2580362837270813,0.4019080541793716,0.5365500403989584,0.7842957714788042,0.901,0.401,0.782850231891952,0.030363811576916255,0.8634368861907306,0.35557488547598404,True,1.0,reject,pre_step,drift_diffusion_then_jump,iid_bank,8,every_step,True,0.000375,0.005218750000000001,1602.4420317608447,2050,0.00056,1.025,0.0,0.0
LSC-CP-RA,"LSC-CP-RA (A=8), tamed",44d6ecf1abcc7ab097c151f5d67417fb,8da7d73e85753d4e79f54062070fbc7b,True,1,50,0.25,85859755.92849462,10732.469491061827,50.0,12800.0,1.1045133497082813,0.2443416670323303,0.24401815048554942,0.39266430473616093,0.5234397879669741,0.7683783120000001,0.8915000000000001,0.39150000000000007,0.7683779459490555,0.03733357672167292,0.8898867037036091,0.4166428350816259,True,1.0,reject,pre_step,drift_diffusion_then_jump,iid_bank,8,every_step,True,0.000375,0.005218750000000001,1602.4420317608447,2050,0.00056,1.025,0.0,0.0
LSC-CP-RA,"LSC-CP-RA (A=8), tamed",44d6ecf1abcc7ab097c151f5d67417fb,8da7d73e85753d4e79f54062070fbc7b,True,2,50,0.25,85859755.92849462,10732.469491061827,50.0,12800.0,1.103380405247444,0.24869156332219988,0.2483725820653806,0.39365163448146834,0.5255479036549074,0.7612920894788043,0.8925000000000001,0.39250000000000007,0.760760887161679,0.002127170690174207,0.7795916003488547,0.09524899296022193,True,1.0,reject,pre_step,drift_diffusion_then_jump,iid_bank,8,every_step,True,0.000375,0.005218750000000001,1602.4420317608447,2050,0.00056,1.025,0.0,0.0
LSC-CP-RA,"LSC-CP-RA (A=8), tamed",44d6ecf1abcc7ab097c151f5d67417fb,8da7d73e85753d4e79f54062070fbc7b,True,3,50,0.25,85859755.92849462,10732.469491061827,50.0,12800.0,1.0626829482458495,0.21782246032041497,0.21748614214945639,0.37033464262799687,0.49421582156834515,0.7229054034788043,0.87,0.37,0.7224725999114282,0.024428809709505894,0.8210786825780151,0.3645460632425154,True,1.0,reject,pre_step,drift_diffusion_then_jump,iid_bank,8,every_step,True,0.000375,0.005218750000000001,1602.4420317608447,2050,0.00056,1.025,0.0,0.0
LSC-CP-RA,"LSC-CP-RA (A=8), tamed",44d6ecf1abcc7ab097c151f5d67417fb,8da7d73e85753d4e79f54062070fbc7b,True,0,54,0.27,92728536.40277418,11591.067050346774,54.0,13824.0,1.1067767954622336,0.24936338295329608,0.24904332525706452,0.3962649998155562,0.527164831894669,0.7692130725842614,0.8945000000000001,0.3945000000000001,0.7682330871931065,0.02082350094398777,0.8302629539828457,0.24037307925979812,True,1.0,reject,pre_step,drift_diffusion_then_jump,iid_bank,8,every_step,True,0.0009062499999999999,0.0053125,945.3049275081382,2220,0.0005856481481481482,1.0277777777777777,0.0,0.0
LSC-CP-RA,"LSC-CP-RA (A=8), tamed",44d6ecf1abcc7ab097c151f5d67417fb,8da7d73e85753d4e79f54062070fbc7b,True,1,54,0.27,92728536.40277418,11591.067050346774,54.0,13824.0,1.0824894840313617,0.2324684195352683,0.2321393804666475,0.3826902187443193,0.5091924549173026,0.7450069165842614,0.882,0.382,0.7431888614213208,0.025554208606349715,0.807049181104549,0.3124337090471271,True,1.0,reject,pre_step,drift_diffusion_then_jump,iid_bank,8,every_step,True,0.0009062499999999999,0.0053125,945.3049275081382,2220,0.0005856481481481482,1.0277777777777777,0.0,0.0
LSC-CP-RA,"LSC-CP-RA (A=8), tamed",44d6ecf1abcc7ab097c151f5d67417fb,8da7d73e85753d4e79f54062070fbc7b,True,2,54,0.27,92728536.40277418,11591.067050346774,54.0,13824.0,1.0863518344836172,0.23718313231734456,0.23685830334849756,0.3850537056093491,0.5131658714829157,0.7419650936645505,0.884,0.384,0.7415105500658028,0.0002398716881820695,0.7544371012965044,0.08760983817625079,True,1.0,reject,pre_step,drift_diffusion_then_jump,iid_bank,8,every_step,True,0.0009062499999999999,0.0053125,945.3049275081382,2220,0.0005856481481481482,1.0277777777777777,0.0,0.0
LSC-CP-RA,"LSC-CP-RA (A=8), tamed",44d6ecf1abcc7ab097c151f5d67417fb,8da7d73e85753d4e79f54062070fbc7b,True,3,54,0.27,92728536.40277418,11591.067050346774,54.0,13824.0,1.0435590435349689,0.20969803173760682,0.20935881453181038,0.3631740673649022,0.48355437509718074,0.7021090060378878,0.8625,0.36250000000000004,0.7011790019599476,0.00020895028720013809,0.7275400068230125,0.11467135546705476,True,1.0,reject,pre_step,drift_diffusion_then_jump,iid_bank,8,every_step,True,0.0009062499999999999,0.0053125,945.3049275081382,2220,0.0005856481481481482,1.0277777777777777,0.0,0.0
LSC-CP-RA,"LSC-CP-RA (A=8), tamed",44d6ecf1abcc7ab097c151f5d67417fb,8da7d73e85753d4e79f54062070fbc7b,True,0,58,0.29,99597316.87705377,12449.664609631722,58.0,14848.0,1.089872397207888,0.2414234146866674,0.2411008137471874,0.3892316969688493,0.517407495301931,0.7504317074788043,0.887,0.387,0.7499881851460942,0.001592226270792585,0.7601340348084695,0.050735847037714055,True,1.0,reject,pre_step,drift_diffusion_then_jump,iid_bank,8,every_step,True,0.00028125000000000003,0.0045000000000000005,796.0990814057177,2364,0.0005646551724137932,1.0189655172413794,0.0,0.0
LSC-CP-RA,"LSC-CP-RA (A=8), tamed",44d6ecf1abcc7ab097c151f5d67417fb,8da7d73e85753d4e79f54062070fbc7b,True,1,58,0.29,99597316.87705377,12449.664609631722,58.0,14848.0,1.0672775081094072,0.22558407510189749,0.22525313505825106,0.37672143956483783,0.5004776692638676,0.726103742,0.876,0.376,0.7261031825767695,0.0015367505056609332,0.7561471465442338,0.12766434961526374,True,1.0,reject,pre_step,drift_diffusion_then_jump,iid_bank,8,every_step,True,0.00028125000000000003,0.0045000000000000005,796.0990814057177,2364,0.0005646551724137932,1.0189655172413794,0.0,0.0
LSC-CP-RA,"LSC-CP-RA (A=8), tamed",44d6ecf1abcc7ab097c151f5d67417fb,8da7d73e85753d4e79f54062070fbc7b,True,2,58,0.29,99597316.87705377,12449.664609631722,58.0,14848.0,1.0745560349271226,0.229447714722537,0.2291190824603857,0.37922666158687635,0.5042401016140514,0.7294793546365104,0.878,0.378,0.7275164276459279,0.0003143736078198289,0.7348134860387537,0.15652078481425147,True,1.0,reject,pre_step,drift_diffusion_then_jump,iid_bank,8,every_step,True,0.00028125000000000003,0.0045000000000000005,796.0990814057177,2364,0.0005646551724137932,1.0189655172413794,0.0,0.0
LSC-CP-RA,"LSC-CP-RA (A=8), tamed",44d6ecf1abcc7ab097c151f5d67417fb,8da7d73e85753d4e79f54062070fbc7b,True,3,58,0.29,99597316.87705377,12449.664609631722,58.0,14848.0,1.0350655373017892,0.20310052224710473,0.20275760574359358,0.3589233291061392,0.47589857699444016,0.6935874075099618,0.8565,0.35650000000000004,0.6889240072779576,0.006210098728604452,0.7068499707755839,0.25599904069568946,True,1.0,reject,pre_step,drift_diffusion_then_jump,iid_bank,8,every_step,True,0.00028125000000000003,0.0045000000000000005,796.0990814057177,2364,0.0005646551724137932,1.0189655172413794,0.0,0.0
LSC-CP-RA,"LSC-CP-RA (A=8), tamed",44d6ecf1abcc7ab097c151f5d67417fb,8da7d73e85753d4e79f54062070fbc7b,True,0,62,0.31,106466097.35133334,13308.262168916666,62.0,15872.0,1.0718785620712072,0.22826085665539542,0.22793072141168846,0.37898165769513004,0.5035504856943275,0.7333645585842614,0.8775000000000001,0.37750000000000006,0.73105321937809,0.007882430362657789,0.7472062026943218,0.16644645119313128,True,1.0,reject,pre_step,drift_diffusion_then_jump,iid_bank,8,every_step,True,0.0005625000000000001,0.0054687500000000005,894.5251850833104,2539,0.0005645161290322581,1.023790322580645,0.0,0.0
LSC-CP-RA,"LSC-CP-RA (A=8), tamed",44d6ecf1abcc7ab097c151f5d67417fb,8da7d73e85753d4e79f54062070fbc7b,True,1,62,0.31,106466097.35133334,13308.262168916666,62.0,15872.0,1.0576529245632267,0.21671640125138947,0.2163792715484788,0.36918419752098264,0.49048369068774716,0.7170360907337026,0.8685,0.36850000000000005,0.7105488146406481,0.025014287891568565,0.7207370435345991,0.3551801303515346,True,1.0,reject,pre_step,drift_diffusion_then_jump,iid_bank,8,every_step,True,0.0005625000000000001,0.0054687500000000005,894.5251850833104,2539,0.0005645161290322581,1.023790322580645,0.0,0.0
LSC-CP-RA,"LSC-CP-RA (A=8), tamed",44d6ecf1abcc7ab097c151f5d67417fb,8da7d73e85753d4e79f54062070fbc7b,True,2,62,0.31,106466097.35133334,13308.262168916666,62.0,15872.0,1.066698425625687,0.22152020648333992,0.22118603631528821,0.3744193802529712,0.4969803251153874,0.7241667985842615,0.8725,0.37250000000000005,0.7217600165014341,0.020859718961991458,0.7806415925554386,0.3319352425355534,True,1.0,reject,pre_step,drift_diffusion_then_jump,iid_bank,8,every_step,True,0.0005625000000000001,0.0054687500000000005,894.5251850833104,2539,0.0005645161290322581,1.023790322580645,0.0,0.0
LSC-CP-RA,"LSC-CP-RA (A=8), tamed",44d6ecf1abcc7ab097c151f5d67417fb,8da7d73e85753d4e79f54062070fbc7b,True,3,62,0.31,106466097.35133334,13308.262168916666,62.0,15872.0,1.0103511939818863,0.18835902945981542,0.188008702328317,0.34504116934351325,0.45807706177599544,0.6663529568473772,0.8435,0.3435,0.6608726904657048,0.0024925220381273316,0.651496135750869,0.20546663791901498,True,1.0,reject,pre_step,drift_diffusion_then_jump,iid_bank,8,every_step,True,0.0005625000000000001,0.0054687500000000005,894.5251850833104,2539,0.0005645161290322581,1.023790322580645,0.0,0.0
LSC-CP-RA,"LSC-CP-RA (A=8), tamed",44d6ecf1abcc7ab097c151f5d67417fb,8da7d73e85753d4e79f54062070fbc7b,True,0,67,0.335,115052072.9441828,14381.50911802285,67.0,17152.0,1.0584805316338946,0.21819874262209282,0.21786292210435243,0.37092500327022915,0.49375659379133086,0.7219018345842614,0.87,0.37,0.7197344736058517,0.01141130897130005,0.7623199080581946,0.1973724283297592,True,1.0,reject,pre_step,drift_diffusion_then_jump,iid_bank,8,every_step,True,0.0006500000000000001,0.0052,897.0529037216916,2747,0.0005708955223880597,1.025,0.0,0.0
LSC-CP-RA,"LSC-CP-RA (A=8), tamed",44d6ecf1abcc7ab097c151f5d67417fb,8da7d73e85753d4e79f54062070fbc7b,True,1,67,0.335,115052072.9441828,14381.50911802285,67.0,17152.0,1.0352704507179247,0.20338786712552992,0.2030452869978382,0.3584763382506906,0.47568364399005136,0.6909261885842615,0.8575,0.35750000000000004,0.6885977761887946,0.006691248572122777,0.7182251110714726,0.24777408202161644,True,1.0,reject,pre_step,drift_diffusion_then_jump,iid_bank,8,every_step,True,0.0006500000000000001,0.0052,897.0529037216916,2747,0.0005708955223880597,1.025,0.0,0.0
LSC-CP-RA,"LSC-CP-RA (A=8), tamed",44d6ecf1abcc7ab097c151f5d67417fb,8da7d73e85753d4e79f54062070fbc7b,True,2,67,0.335,115052072.9441828,14381.50911802285,67.0,17152.0,1.0484776834412561,0.21245607437098846,0.2121178607014912,0.36746871145744503,0.4860965841017378,0.7059944258715709,0.8645,0.36450000000000005,0.7036749096442679,0.007041776541780176,0.7177133321988498,0.16333690218505093,True,1.0,reject,pre_step,drift_diffusion_then_jump,iid_bank,8,every_step,True,0.0006500000000000001,0.0052,897.0529037216916,2747,0.0005708955223880597,1.025,0.0,0.0
LSC-CP-RA,"LSC-CP-RA (A=8), tamed",44d6ecf1abcc7ab097c151f5d67417fb,8da7d73e85753d4e79f54062070fbc7b,True,3,67,0.335,115052072.9441828,14381.50911802285,67.0,17152.0,0.9955612702715494,0.1782233264371681,0.1778676623982921,0.3365260438467878,0.4473577573253262,0.6525573905842614,0.8355,0.3355,0.6502059629046212,0.004743887403251823,0.6915962542944613,0.242371516560003,True,1.0,reject,pre_step,drift_diffusion_then_jump,iid_bank,8,every_step,True,0.0006500000000000001,0.0052,897.0529037216916,2747,0.0005708955223880597,1.025,0.0,0.0
LSC-CP-RA,"LSC-CP-RA (A=8), tamed",44d6ecf1abcc7ab097c151f5d67417fb,8da7d73e85753d4e79f54062070fbc7b,True,0,71,0.355,121920853.41846237,15240.106677307796,71.0,18176.0,1.0454702129017555,0.20744096206938445,0.20709994073973137,0.3621622125467584,0.48168125841693715,0.7022570145842615,0.861,0.361,0.7005528907850855,0.014518698981932254,0.7642053574340766,0.3018643812744609,True,1.0,reject,pre_step,drift_diffusion_then_jump,iid_bank,8,every_step,True,0.00043750000000000006,0.00546875,822.1976336203292,2922,0.0005633802816901409,1.0288732394366198,0.0,0.0
LSC-CP-RA,"LSC-CP-RA (A=8), tamed",44d6ecf1abcc7ab097c151f5d67417fb,8da7d73e85753d4e79f54062070fbc7b,True,1,71,0.355,121920853.41846237,15240.106677307796,71.0,18176.0,1.0181441065558068,0.19073718158109276,0.1903872184730876,0.3488972395567798,0.462431678130277,0.6752363215099618,0.848,0.348,0.6742878702537984,0.017167138091661482,0.7541113905062001,0.3146342288977201,True,1.0,reject,pre_step,drift_diffusion_then_jump,iid_bank,8,every_step,True,0.00043750000000000006,0.00546875,822.1976336203292,2922,0.0005633802816901409,1.0288732394366198,0.0,0.0
LSC-CP-RA,"LSC-CP-RA (A=8), tamed",44d6ecf1abcc7ab097c151f5d67417fb,8da7d73e85753d4e79f54062070fbc7b,True,2,71,0.355,121920853.41846237,15240.106677307796,71.0,18176.0,1.0300349369406763,0.19734161899460445,0.1969951665321138,0.35455622897991523,0.47048968815534453,0.6852445594788044,0.853,0.353,0.6845163189947729,0.01527892037499401,0.7535508557432694,0.2774745778978257,True,1.0,reject,pre_step,drift_diffusion_then_jump,iid_bank,8,every_step,True,0.00043750000000000006,0.00546875,822.1976336203292,2922,0.0005633802816901409,1.0288732394366198,0.0,0.0
LSC-CP-RA,"LSC-CP-RA (A=8), tamed",44d6ecf1abcc7ab097c151f5d67417fb,8da7d73e85753d4e79f54062070fbc7b,True,3,71,0.355,121920853.41846237,15240.106677307796,71.0,18176.0,0.9823706352694574,0.1732762427526957,0.17291887325974697,0.33043703018197673,0.43940754103339447,0.6385372524191227,0.8290000000000001,0.329,0.632529703177578,0.008412932773298687,0.6050133523147218,0.11960959237528412,True,1.0,reject,pre_step,drift_diffusion_then_jump,iid_bank,8,every_step,True,0.00043750000000000006,0.00546875,822.1976336203292,2922,0.0005633802816901409,1.0288732394366198,0.0,0.0
LSC-CP-RA,"LSC-CP-RA (A=8), tamed",44d6ecf1abcc7ab097c151f5d67417fb,8da7d73e85753d4e79f54062070fbc7b,True,0,75,0.375,128789633.89274193,16098.704236592741,75.0,19200.0,1.0209297172666956,0.19595375101090795,0.19560759031794772,0.35199742136782103,0.4674111619672563,0.6798197945842614,0.851,0.351,0.678397078848893,0.0023557609919336864,0.702302219766202,0.11034224290400918,True,1.0,reject,pre_step,drift_diffusion_then_jump,iid_bank,8,every_step,True,0.0005,0.0044062500000000004,797.7462946317469,3063,0.00056,1.021,0.0,0.0
LSC-CP-RA,"LSC-CP-RA (A=8), tamed",44d6ecf1abcc7ab097c151f5d67417fb,8da7d73e85753d4e79f54062070fbc7b,True,1,75,0.375,128789633.89274193,16098.704236592741,75.0,19200.0,1.0048211260071949,0.18350835633660223,0.18315533341273937,0.34272488798202533,0.4538165336600573,0.6609780885842614,0.84,0.33999999999999997,0.6602708826828797,0.006927009596533473,0.7198873843778247,0.2287565136264179,True,1.0,reject,pre_step,drift_diffusion_then_jump,iid_bank,8,every_step,True,0.0005,0.0044062500000000004,797.7462946317469,3063,0.00056,1.021,0.0,0.0
LSC-CP-RA,"LSC-CP-RA (A=8), tamed",44d6ecf1abcc7ab097c151f5d67417fb,8da7d73e85753d4e79f54062070fbc7b,True,2,75,0.375,128789633.89274193,16098.704236592741,75.0,19200.0,1.0189129851631726,0.19310174015814474,0.19275417420000018,0.34989572113292505,0.4645401059096253,0.6732540616197206,0.848,0.348,0.6724309336925619,0.0013412563205144057,0.6956998839119756,0.11750511137494557,True,1.0,reject,pre_step,drift_diffusion_then_jump,iid_bank,8,every_step,True,0.0005,0.0044062500000000004,797.7462946317469,3063,0.00056,1.021,0.0,0.0
LSC-CP-RA,"LSC-CP-RA (A=8), tamed",44d6ecf1abcc7ab097c151f5d67417fb,8da7d73e85753d4e79f54062070fbc7b,True,3,75,0.375,128789633.89274193,16098.704236592741,75.0,19200.0,0.9743140379776439,0.16785859683451554,0.16749897064207497,0.32543801228404545,0.43412474429695275,0.6287375030613416,0.8250000000000001,0.325,0.6285476597668976,0.01554425257711467,0.642799664896159,0.03622921791698597,True,1.0,reject,pre_step,drift_diffusion_then_jump,iid_bank,8,every_step,True,0.0005,0.0044062500000000004,797.7462946317469,3063,0.00056,1.021,0.0,0.0
LSC-CP-RA,"LSC-CP-RA (A=8), tamed",44d6ecf1abcc7ab097c151f5d67417fb,8da7d73e85753d4e79f54062070fbc7b,True,0,79,0.395,135658414.3670215,16957.301795877687,79.0,20224.0,1.0100415429522922,0.19035476869212098,0.1900064928456786,0.34606444832929334,0.4596476917082892,0.6655257621833005,0.8455,0.34550000000000003,0.6621930500576844,0.011424208886286924,0.6503850439277837,0.09183085094629517,True,1.0,reject,pre_step,drift_diffusion_then_jump,iid_bank,8,every_step,True,0.00046875,0.00425,839.7813054579375,3199,0.000555379746835443,1.0123417721518988,0.0,0.0
LSC-CP-RA,"LSC-CP-RA (A=8), tamed",44d6ecf1abcc7ab097c151f5d67417fb,8da7d73e85753d4e79f54062070fbc7b,True,1,79,0.395,135658414.3670215,16957.301795877687,79.0,20224.0,0.9897361798698672,0.17624123254993762,0.17588493002200778,0.33556828937704497,0.44370532853127437,0.6431928145842614,0.834,0.33399999999999996,0.6412740841386322,0.0009405200571003247,0.6633081982248168,0.17134027715584732,True,1.0,reject,pre_step,drift_diffusion_then_jump,iid_bank,8,every_step,True,0.00046875,0.00425,839.7813054579375,3199,0.000555379746835443,1.0123417721518988,0.0,0.0
LSC-CP-RA,"LSC-CP-RA (A=8), tamed",44d6ecf1abcc7ab097c151f5d67417fb,8da7d73e85753d4e79f54062070fbc7b,True,2,79,0.395,135658414.3670215,16957.301795877687,79.0,20224.0,1.009763562394399,0.18777243700858648,0.18742191014498744,0.3454296854615951,0.4572249647774045,0.662396780693137,0.8435,0.3435,0.6586642177723016,0.002691940778871027,0.659939276298787,0.1838979178390071,True,1.0,reject,pre_step,drift_diffusion_then_jump,iid_bank,8,every_step,True,0.00046875,0.00425,839.7813054579375,3199,0.000555379746835443,1.0123417721518988,0.0,0.0
LSC-CP-RA,"LSC-CP-RA (A=8), tamed",44d6ecf1abcc7ab097c151f5d67417fb,8da7d73e85753d4e79f54062070fbc7b,True,3,79,0.395,135658414.3670215,16957.301795877687,79.0,20224.0,0.9617586363266359,0.16055978788101544,0.160195785091094,0.31919023473364144,0.4253270136321226,0.6179856115580733,0.8185,0.3185,0.6179837565159485,0.00872904237372174,0.6407409161499023,0.055144944105519955,True,1.0,reject,pre_step,drift_diffusion_then_jump,iid_bank,8,every_step,True,0.00046875,0.00425,839.7813054579375,3199,0.000555379746835443,1.0123417721518988,0.0,0.0
LSC-CP-RA,"LSC-CP-RA (A=8), tamed",44d6ecf1abcc7ab097c151f5d67417fb,8da7d73e85753d4e79f54062070fbc7b,True,0,83,0.41500000000000004,142527194.84130108,17815.899355162637,83.0,21248.0,1.0023299034259705,0.1819900051634067,0.18163588562470157,0.34066376002918,0.4524991683607957,0.66032226,0.84,0.33999999999999997,0.6603219906313419,0.00909640612277507,0.7300953957718094,0.2346350424515692,True,1.0,reject,pre_step,drift_diffusion_then_jump,iid_bank,8,every_step,True,0.0005,0.00503125,763.8566948878442,3360,0.000552710843373494,1.0120481927710843,0.0,0.0
LSC-CP-RA,"LSC-CP-RA (A=8), tamed",44d6ecf1abcc7ab097c151f5d67417fb,8da7d73e85753d4e79f54062070fbc7b,True,1,83,0.41500000000000004,142527194.84130108,17815.899355162637,83.0,21248.0,0.9750236256617426,0.16862173661112467,0.16826177431785805,0.32780421451467295,0.43471473192453547,0.6303038965775745,0.8275,0.3275,0.6301370531686906,0.005992028852049747,0.6669473500138433,0.14675231354147378,True,1.0,reject,pre_step,drift_diffusion_then_jump,iid_bank,8,every_step,True,0.0005,0.00503125,763.8566948878442,3360,0.000552710843373494,1.0120481927710843,0.0,0.0
LSC-CP-RA,"LSC-CP-RA (A=8), tamed",44d6ecf1abcc7ab097c151f5d67417fb,8da7d73e85753d4e79f54062070fbc7b,True,2,83,0.41500000000000004,142527194.84130108,17815.899355162637,83.0,21248.0,1.0015722319844658,0.18173095593791122,0.18137718433657646,0.3405254402452539,0.4508798579280037,0.6542671581258939,0.838,0.33799999999999997,0.6523297164189509,0.005943430467239774,0.6709525782094747,0.17636923760495227,True,1.0,reject,pre_step,drift_diffusion_then_jump,iid_bank,8,every_step,True,0.0005,0.00503125,763.8566948878442,3360,0.000552710843373494,1.0120481927710843,0.0,0.0
LSC-CP-RA,"LSC-CP-RA (A=8), tamed",44d6ecf1abcc7ab097c151f5d67417fb,8da7d73e85753d4e79f54062070fbc7b,True,3,83,0.41500000000000004,142527194.84130108,17815.899355162637,83.0,21248.0,0.9507111168519238,0.15210218066045278,0.1517321889155553,0.31223011520430505,0.41551716183539694,0.6076862005842614,0.8115,0.3115,0.6066487851167576,0.012448469854348665,0.6704082406309394,0.22191015691733018,True,1.0,reject,pre_step,drift_diffusion_then_jump,iid_bank,8,every_step,True,0.0005,0.00503125,763.8566948878442,3360,0.000552710843373494,1.0120481927710843,0.0,0.0
LSC-CP-RA,"LSC-CP-RA (A=8), tamed",44d6ecf1abcc7ab097c151f5d67417fb,8da7d73e85753d4e79f54062070fbc7b,True,0,88,0.44,151113170.43415055,18889.14630426882,88.0,22528.0,0.9850408035490785,0.17286153546530125,0.17250241678560052,0.3327153584115777,0.43990209983459955,0.640589161733326,0.8315,0.3315,0.637548035066433,0.01155381180576276,0.6819892805704156,0.2539235452370957,True,1.0,reject,pre_step,drift_diffusion_then_jump,iid_bank,8,every_step,True,0.0007,0.005250000000000001,2932.1445991597757,3570,0.0005610795454545455,1.0142045454545454,0.0,0.0
LSC-CP-RA,"LSC-CP-RA (A=8), tamed",44d6ecf1abcc7ab097c151f5d67417fb,8da7d73e85753d4e79f54062070fbc7b,True,1,88,0.44,151113170.43415055,18889.14630426882,88.0,22528.0,0.9630941743467245,0.16018984132632208,0.15982423353384323,0.3199838893220166,0.4241297666721331,0.6188598366761082,0.8185,0.3185,0.614199470147428,0.010132358632418903,0.6300022579371057,0.23257299087892325,True,1.0,reject,pre_step,drift_diffusion_then_jump,iid_bank,8,every_step,True,0.0007,0.005250000000000001,2932.1445991597757,3570,0.0005610795454545455,1.0142045454545454,0.0,0.0
LSC-CP-RA,"LSC-CP-RA (A=8), tamed",44d6ecf1abcc7ab097c151f5d67417fb,8da7d73e85753d4e79f54062070fbc7b,True,2,88,0.44,151113170.43415055,18889.14630426882,88.0,22528.0,0.992118889879978,0.175907765111459,0.17555044567545708,0.33663279227042203,0.44409905879956296,0.6463104233750516,0.834,0.33399999999999996,0.6446604651927444,0.013558520026846765,0.6925785004801865,0.27588273364844473,True,1.0,reject,pre_step,drift_diffusion_then_jump,iid_bank,8,every_step,True,0.0007,0.005250000000000001,2932.1445991597757,3570,0.0005610795454545455,1.0142045454545454,0.0,0.0
LSC-CP-RA,"LSC-CP-RA (A=8), tamed",44d6ecf1abcc7ab097c151f5d67417fb,8da7d73e85753d4e79f54062070fbc7b,True,3,88,0.44,151113170.43415055,18889.14630426882,88.0,22528.0,0.9312106111388707,0.14185223147156356,0.14147721630865917,0.30276034917254135,0.401016405490829,0.5858660074788042,0.8015,0.3015,0.5841972915088851,0.0147757690841398,0.6557995770801238,0.34427363523297794,True,1.0,reject,pre_step,drift_diffusion_then_jump,iid_bank,8,every_step,True,0.0007,0.005250000000000001,2932.1445991597757,3570,0.0005610795454545455,1.0142045454545454,0.0,0.0
LSC-CP-RA,"LSC-CP-RA (A=8), tamed",44d6ecf1abcc7ab097c151f5d67417fb,8da7d73e85753d4e79f54062070fbc7b,True,0,92,0.46,157981950.9084301,19747.743863553762,92.0,23552.0,0.9674409981572756,0.16360655328483087,0.1632436970345046,0.32412428256746034,0.4283200399789848,0.6203873298708585,0.8230000000000001,0.32300000000000006,0.620333754445573,0.00309477592228935,0.646641002023263,0.11292940554807618,True,1.0,reject,pre_step,drift_diffusion_then_jump,iid_bank,8,every_step,True,0.0006875,0.00471875,823.6889647512537,3721,0.0005665760869565217,1.0111413043478261,0.0,0.0
LSC-CP-RA,"LSC-CP-RA (A=8), tamed",44d6ecf1abcc7ab097c151f5d67417fb,8da7d73e85753d4e79f54062070fbc7b,True,1,92,0.46,157981950.9084301,19747.743863553762,92.0,23552.0,0.9524001887356339,0.15626862670858377,0.1559025454648698,0.31622013166538804,0.41850573034525007,0.6047752523208137,0.8155,0.3155,0.6047753323877084,0.009570926238884558,0.6224994684039905,0.08806759934978381,True,1.0,reject,pre_step,drift_diffusion_then_jump,iid_bank,8,every_step,True,0.0006875,0.00471875,823.6889647512537,3721,0.0005665760869565217,1.0111413043478261,0.0,0.0
LSC-CP-RA,"LSC-CP-RA (A=8), tamed",44d6ecf1abcc7ab097c151f5d67417fb,8da7d73e85753d4e79f54062070fbc7b,True,2,92,0.46,157981950.9084301,19747.743863553762,92.0,23552.0,0.9814501694992243,0.17035788270507357,0.16999715250845948,0.3289533610606637,0.43629963688107465,0.6362712046761081,0.8275,0.3275,0.6293036178553821,0.018510350180222956,0.6158221772393654,0.29452399536488316,True,1.0,reject,pre_step,drift_diffusion_then_jump,iid_bank,8,every_step,True,0.0006875,0.00471875,823.6889647512537,3721,0.0005665760869565217,1.0111413043478261,0.0,0.0
LSC-CP-RA,"LSC-CP-RA (A=8), tamed",44d6ecf1abcc7ab097c151f5d67417fb,8da7d73e85753d4e79f54062070fbc7b,True,3,92,0.46,157981950.9084301,19747.743863553762,92.0,23552.0,0.917864287320263,0.13925972955234445,0.1388851020579468,0.2990955760435896,0.39614343978931893,0.5721623204421489,0.7975,0.2975,0.5721622476092891,0.015887085989247374,0.5736420523437787,0.011020055008222118,True,1.0,reject,pre_step,drift_diffusion_then_jump,iid_bank,8,every_step,True,0.0006875,0.00471875,823.6889647512537,3721,0.0005665760869565217,1.0111413043478261,0.0,0.0
LSC-CP-RA,"LSC-CP-RA (A=8), tamed",44d6ecf1abcc7ab097c151f5d67417fb,8da7d73e85753d4e79f54062070fbc7b,True,0,96,0.48,164850731.38270968,20606.341422838712,96.0,24576.0,0.9522082759787156,0.15406458629881603,0.15369645548107014,0.31539636577394065,0.41665676822151243,0.6055993580000001,0.8140000000000001,0.31400000000000006,0.6055986954206246,0.0038226124329112654,0.6622646007010047,0.21552700199773211,True,1.0,reject,pre_step,drift_diffusion_then_jump,iid_bank,8,every_step,True,0.0005625000000000001,0.005562500000000001,759.177967130958,3899,0.00056640625,1.0153645833333333,0.0,0.0
LSC-CP-RA,"LSC-CP-RA (A=8), tamed",44d6ecf1abcc7ab097c151f5d67417fb,8da7d73e85753d4e79f54062070fbc7b,True,1,96,0.48,164850731.38270968,20606.341422838712,96.0,24576.0,0.936685045477049,0.14728969635197997,0.14691843663557924,0.305961356696875,0.40667355297967833,0.5884919575538041,0.8055,0.3055,0.5856743957670311,0.004783830311622883,0.5676567988558635,0.06454964381423378,True,1.0,reject,pre_step,drift_diffusion_then_jump,iid_bank,8,every_step,True,0.0005625000000000001,0.005562500000000001,759.177967130958,3899,0.00056640625,1.0153645833333333,0.0,0.0
LSC-CP-RA,"LSC-CP-RA (A=8), tamed",44d6ecf1abcc7ab097c151f5d67417fb,8da7d73e85753d4e79f54062070fbc7b,True,2,96,0.48,164850731.38270968,20606.341422838712,96.0,24576.0,0.963716874397302,0.16148228411051124,0.16111813749573722,0.32049101930770163,0.42533063397702026,0.6169643702858951,0.8195,0.3195,0.6138111975751552,0.0014916849621867678,0.635334797305814,0.1799199362268492,True,1.0,reject,pre_step,drift_diffusion_then_jump,iid_bank,8,every_step,True,0.0005625000000000001,0.005562500000000001,759.177967130958,3899,0.00056640625,1.0153645833333333,0.0,0.0
LSC-CP-RA,"LSC-CP-RA (A=8), tamed",44d6ecf1abcc7ab097c151f5d67417fb,8da7d73e85753d4e79f54062070fbc7b,True,3,96,0.48,164850731.38270968,20606.341422838712,96.0,24576.0,0.9070138262284535,0.12880043031492971,0.12841793462585893,0.2888506485687688,0.38364641094402663,0.5631429895099618,0.7875,0.2875,0.5599431599361123,0.022046140261432923,0.6346922076999891,0.3821553663694556,True,1.0,reject,pre_step,drift_diffusion_then_jump,iid_bank,8,every_step,True,0.0005625000000000001,0.005562500000000001,759.177967130958,3899,0.00056640625,1.0153645833333333,0.0,0.0
LSC-CP-RA,"LSC-CP-RA (A=8), tamed",44d6ecf1abcc7ab097c151f5d67417fb,8da7d73e85753d4e79f54062070fbc7b,True,0,100,0.5,171719511.85698923,21464.938982123655,100.0,25600.0,0.9390119469616733,0.14545818316952241,0.14508480456815143,0.3075991405759701,0.4056773896593015,0.5929814065842615,0.806,0.30600000000000005,0.5909647214610918,0.017804179828307065,0.672194930732789,0.38219761859009693,True,1.0,reject,pre_step,drift_diffusion_then_jump,iid_bank,8,every_step,True,0.00053125,0.005124999999999999,809.6005852492746,4063,0.000565,1.01575,1.25e-06,0.0
LSC-CP-RA,"LSC-CP-RA (A=8), tamed",44d6ecf1abcc7ab097c151f5d67417fb,8da7d73e85753d4e79f54062070fbc7b,True,1,100,0.5,171719511.85698923,21464.938982123655,100.0,25600.0,0.917769602843182,0.13716953763798356,0.13679283761050265,0.29726546169111845,0.39300946082641036,0.5697095769916456,0.7955,0.2955,0.5665978884639863,0.000531448778228083,0.5621213205070313,0.13629535819343197,True,1.0,reject,pre_step,drift_diffusion_then_jump,iid_bank,8,every_step,True,0.00053125,0.005124999999999999,809.6005852492746,4063,0.000565,1.01575,1.25e-06,0.0
LSC-CP-RA,"LSC-CP-RA (A=8), tamed",44d6ecf1abcc7ab097c151f5d67417fb,8da7d73e85753d4e79f54062070fbc7b,True,2,100,0.5,171719511.85698923,21464.938982123655,100.0,25600.0,0.9512534204488968,0.15498564856337482,0.15461866316426132,0.31548525373031117,0.4170434138808977,0.6016205063637072,0.8130000000000001,0.31300000000000006,0.6000602522333104,0.005542478746290436,0.6079221001830908,0.12558450492737994,True,1.0,reject,pre_step,drift_diffusion_then_jump,iid_bank,8,every_step,True,0.00053125,0.005124999999999999,809.6005852492746,4063,0.000565,1.01575,1.25e-06,0.0
LSC-CP-RA,"LSC-CP-RA (A=8), tamed",44d6ecf1abcc7ab097c151f5d67417fb,8da7d73e85753d4e79f54062070fbc7b,True,3,100,0.5,171719511.85698923,21464.938982123655,100.0,25600.0,0.8923846399472886,0.12538164864353918,0.12499892575003313,0.28337673144648895,0.3771489180980278,0.5498343025842615,0.782,0.28200000000000003,0.5461280998840888,0.000451679768893265,0.5487934815088268,0.18921009159473667,True,1.0,reject,pre_step,drift_diffusion_then_jump,iid_bank,8,every_step,True,0.00053125,0.005124999999999999,809.6005852492746,4063,0.000565,1.01575,1.25e-06,0.0
LSC-CP-RA,"LSC-CP-RA (A=8), tamed",44d6ecf1abcc7ab097c151f5d67417fb,8da7d73e85753d4e79f54062070fbc7b,True,0,104,0.52,178588292.33126882,22323.5365414086,104.0,26624.0,0.9210602449777905,0.14108730136965242,0.14071290567479533,0.30089813404664273,0.3971897224212896,0.5749994226761082,0.8,0.30000000000000004,0.5714212767943347,0.006061637740268799,0.5589304476689868,0.09394888631447629,True,1.0,reject,pre_step,drift_diffusion_then_jump,iid_bank,8,every_step,True,0.0004375,0.004656250000000001,819.1041296743657,4212,0.0005600961538461539,1.0125,1.201923076923077e-06,0.0
LSC-CP-RA,"LSC-CP-RA (A=8), tamed",44d6ecf1abcc7ab097c151f5d67417fb,8da7d73e85753d4e79f54062070fbc7b,True,1,104,0.52,178588292.33126882,22323.5365414086,104.0,26624.0,0.9002144618149891,0.1297915663019995,0.12941107621367876,0.28878564009149094,0.38169139676219366,0.5513406628181112,0.788,0.28800000000000003,0.5466828202254744,0.0034378135899197915,0.5210570979140708,0.11851862106986555,True,1.0,reject,pre_step,drift_diffusion_then_jump,iid_bank,8,every_step,True,0.0004375,0.004656250000000001,819.1041296743657,4212,0.0005600961538461539,1.0125,1.201923076923077e-06,0.0
LSC-CP-RA,"LSC-CP-RA (A=8), tamed",44d6ecf1abcc7ab097c151f5d67417fb,8da7d73e85753d4e79f54062070fbc7b,True,2,104,0.52,178588292.33126882,22323.5365414086,104.0,26624.0,0.9416988873802397,0.1492665122541611,0.14889643770576355,0.3097721046221052,0.4107821929413287,0.594838522596177,0.808,0.30800000000000005,0.5948379696516969,0.00480765776518266,0.6355857978472919,0.15304213712337134,True,1.0,reject,pre_step,drift_diffusion_then_jump,iid_bank,8,every_step,True,0.0004375,0.004656250000000001,819.1041296743657,4212,0.0005600961538461539,1.0125,1.201923076923077e-06,0.0
LSC-CP-RA,"LSC-CP-RA (A=8), tamed",44d6ecf1abcc7ab097c151f5d67417fb,8da7d73e85753d4e79f54062070fbc7b,True,3,104,0.52,178588292.33126882,22323.5365414086,104.0,26624.0,0.8896944649689259,0.1224590265565102,0.12207410790063311,0.28110980217089354,0.37391599292259914,0.5464502116309891,0.78,0.28,0.5444273429989407,0.00864123755138424,0.5770805180462746,0.212663013677589,True,1.0,reject,pre_step,drift_diffusion_then_jump,iid_bank,8,every_step,True,0.0004375,0.004656250000000001,819.1041296743657,4212,0.0005600961538461539,1.0125,1.201923076923077e-06,0.0
LSC-CP-RA,"LSC-CP-RA (A=8), tamed",44d6ecf1abcc7ab097c151f5d67417fb,8da7d73e85753d4e79f54062070fbc7b,True,0,108,0.54,185457072.80554837,23182.134100693547,108.0,27648.0,0.9100180427574937,0.13458691735154216,0.1342091105216171,0.29419422930177946,0.38896166020419104,0.5643227505842614,0.794,0.29400000000000004,0.5617753861643913,0.0026354863560728026,0.5699089821795374,0.16754097399279033,True,1.0,reject,pre_step,drift_diffusion_then_jump,iid_bank,8,every_step,True,0.0003125,0.0051875,838.0031142249323,4378,0.000550925925925926,1.013425925925926,1.1574074074074074e-06,0.0
LSC-CP-RA,"LSC-CP-RA (A=8), tamed",44d6ecf1abcc7ab097c151f5d67417fb,8da7d73e85753d4e79f54062070fbc7b,True,1,108,0.54,185457072.80554837,23182.134100693547,108.0,27648.0,0.8934511742033153,0.12609977766604663,0.12571800152438284,0.2860002476532644,0.37776655024604866,0.5456182648187611,0.785,0.28500000000000003,0.5452480281044425,0.011363862812061365,0.5673171026915348,0.09915436385593612,True,1.0,reject,pre_step,drift_diffusion_then_jump,iid_bank,8,every_step,True,0.0003125,0.0051875,838.0031142249323,4378,0.000550925925925926,1.013425925925926,1.1574074074074074e-06,0.0
LSC-CP-RA,"LSC-CP-RA (A=8), tamed",44d6ecf1abcc7ab097c151f5d67417fb,8da7d73e85753d4e79f54062070fbc7b,True,2,108,0.54,185457072.80554837,23182.134100693547,108.0,27648.0,0.9294490293856709,0.14540250277145006,0.14503117866471837,0.3053861994079173,0.4042852050442162,0.5830662307874481,0.804,0.30400000000000005,0.5830652151522276,0.01725390839651042,0.5929507589626376,0.054246460418433506,True,1.0,reject,pre_step,drift_diffusion_then_jump,iid_bank,8,every_step,True,0.0003125,0.0051875,838.0031142249323,4378,0.000550925925925926,1.013425925925926,1.1574074074074074e-06,0.0
LSC-CP-RA,"LSC-CP-RA (A=8), tamed",44d6ecf1abcc7ab097c151f5d67417fb,8da7d73e85753d4e79f54062070fbc7b,True,3,108,0.54,185457072.80554837,23182.134100693547,108.0,27648.0,0.864376855970629,0.1125351196669111,0.11214550621191832,0.269840253736246,0.35814214456141463,0.5209863702413673,0.768,0.268,0.5181764396107773,0.0006683854848448245,0.5294009895929689,0.15115721979350327,True,1.0,reject,pre_step,drift_diffusion_then_jump,iid_bank,8,every_step,True,0.0003125,0.0051875,838.0031142249323,4378,0.000550925925925926,1.013425925925926,1.1574074074074074e-06,0.0
LSC-CP-RA,"LSC-CP-RA (A=8), tamed",44d6ecf1abcc7ab097c151f5d67417fb,8da7d73e85753d4e79f54062070fbc7b,True,0,113,0.5650000000000001,194043048.39839783,24255.38104979973,113.0,28928.0,0.9021441883968517,0.12898146057926685,0.12859990641870844,0.28821984450265614,0.38220134003379513,0.5568404295804938,0.788,0.28800000000000003,0.5541333313280739,0.009290764256860928,0.5909852258740792,0.24050988044300337,True,1.0,reject,pre_step,drift_diffusion_then_jump,iid_bank,8,every_step,True,0.00037500000000000006,0.004625000000000001,739.303148771534,4563,0.000543141592920354,1.0095132743362831,1.1061946902654867e-06,0.0
LSC-CP-RA,"LSC-CP-RA (A=8), tamed",44d6ecf1abcc7ab097c151f5d67417fb,8da7d73e85753d4e79f54062070fbc7b,True,1,113,0.5650000000000001,194043048.39839783,24255.38104979973,113.0,28928.0,0.8794215387828105,0.11800166415938851,0.11761507553420492,0.2770446400991252,0.36654727925994623,0.5309036194093137,0.7765,0.27649999999999997,0.530167360061665,0.00032259766105946497,0.5794101650814045,0.20750394496960267,True,1.0,reject,pre_step,drift_diffusion_then_jump,iid_bank,8,every_step,True,0.00037500000000000006,0.004625000000000001,739.303148771534,4563,0.000543141592920354,1.0095132743362831,1.1061946902654867e-06,0.0
LSC-CP-RA,"LSC-CP-RA (A=8), tamed",44d6ecf1abcc7ab097c151f5d67417fb,8da7d73e85753d4e79f54062070fbc7b,True,2,113,0.5650000000000001,194043048.39839783,24255.38104979973,113.0,28928.0,0.9246597251845066,0.14140572884718938,0.14103124270453904,0.3012033009232819,0.3991822055288103,0.5793128165842615,0.8,0.30000000000000004,0.5762191740790946,0.0039923093907472396,0.5805388837236667,0.15297379021914337,True,1.0,reject,pre_step,drift_diffusion_then_jump,iid_bank,8,every_step,True,0.00037500000000000006,0.004625000000000001,739.303148771534,4563,0.000543141592920354,1.0095132743362831,1.1061946902654867e-06,0.0
LSC-CP-RA,"LSC-CP-RA (A=8), tamed",44d6ecf1abcc7ab097c151f5d67417fb,8da7d73e85753d4e79f54062070fbc7b,True,3,113,0.5650000000000001,194043048.39839783,24255.38104979973,113.0,28928.0,0.8512551673284596,0.10810376610656791,0.10771248886094176,0.26459333779754257,0.35069352597525344,0.5086642960611365,0.763,0.263,0.5057784579352674,0.009154010774649057,0.5087657265672857,0.10737887599173679,True,1.0,reject,pre_step,drift_diffusion_then_jump,iid_bank,8,every_step,True,0.00037500000000000006,0.004625000000000001,739.303148771534,4563,0.000543141592920354,1.0095132743362831,1.1061946902654867e-06,0.0
LSC-CP-RA,"LSC-CP-RA (A=8), tamed",44d6ecf1abcc7ab097c151f5d67417fb,8da7d73e85753d4e79f54062070fbc7b,True,0,117,0.585,200911828.87267742,25113.978609084676,117.0,29952.0,0.8861200341584665,0.11824940963930608,0.11786076011603686,0.27904002550892737,0.369407388098121,0.5451735425842615,0.7775,0.27749999999999997,0.5446071754068692,0.02870064779935133,0.6589631084266182,0.377121917832382,True,1.0,reject,pre_step,drift_diffusion_then_jump,iid_bank,8,every_step,True,0.00034375,0.0055625,1633.5489786356836,4741,0.0005363247863247863,1.013034188034188,1.0683760683760685e-06,0.0
LSC-CP-RA,"LSC-CP-RA (A=8), tamed",44d6ecf1abcc7ab097c151f5d67417fb,8da7d73e85753d4e79f54062070fbc7b,True,1,117,0.585,200911828.87267742,25113.978609084676,117.0,29952.0,0.873070071170241,0.11592368062172986,0.11553537880170628,0.2731541075529754,0.36278916080715823,0.5289772352017026,0.7725,0.27249999999999996,0.5241147669971244,0.005587296278930842,0.5192899235586579,0.19417628943640708,True,1.0,reject,pre_step,drift_diffusion_then_jump,iid_bank,8,every_step,True,0.00034375,0.0055625,1633.5489786356836,4741,0.0005363247863247863,1.013034188034188,1.0683760683760685e-06,0.0
LSC-CP-RA,"LSC-CP-RA (A=8), tamed",44d6ecf1abcc7ab097c151f5d67417fb,8da7d73e85753d4e79f54062070fbc7b,True,2,117,0.585,200911828.87267742,25113.978609084676,117.0,29952.0,0.9224500635941644,0.13911901938423632,0.13874272435125923,0.29897644640064575,0.3958220495052749,0.5773021788797914,0.798,0.29800000000000004,0.5714351809790562,0.008459598532865487,0.5864833201123247,0.2902486023055614,True,1.0,reject,pre_step,drift_diffusion_then_jump,iid_bank,8,every_step,True,0.00034375,0.0055625,1633.5489786356836,4741,0.0005363247863247863,1.013034188034188,1.0683760683760685e-06,0.0
LSC-CP-RA,"LSC-CP-RA (A=8), tamed",44d6ecf1abcc7ab097c151f5d67417fb,8da7d73e85753d4e79f54062070fbc7b,True,3,117,0.585,200911828.87267742,25113.978609084676,117.0,29952.0,0.8363202002235963,0.1009779158376809,0.10058254946123757,0.2560203021764089,0.3391908191474569,0.49410842613872696,0.755,0.255,0.4894246060496392,0.0005976309116400014,0.49906795485581923,0.2454818461583982,True,1.0,reject,pre_step,drift_diffusion_then_jump,iid_bank,8,every_step,True,0.00034375,0.0055625,1633.5489786356836,4741,0.0005363247863247863,1.013034188034188,1.0683760683760685e-06,0.0
LSC-CP-RA,"LSC-CP-RA (A=8), tamed",44d6ecf1abcc7ab097c151f5d67417fb,8da7d73e85753d4e79f54062070fbc7b,True,0,121,0.605,207780609.346957,25972.576168369626,121.0,30976.0,0.8654669521471615,0.11398284727889962,0.11359434426937143,0.27231330038215895,0.35963520610024197,0.5216069811442573,0.7715,0.27149999999999996,0.5210133659441185,0.003761136658996911,0.55018967557675,0.13290937191872543,True,1.0,reject,pre_step,drift_diffusion_then_jump,iid_bank,8,every_step,True,0.0005,0.0051875,806.173006402001,4907,0.0005351239669421487,1.0138429752066116,1.0330578512396695e-06,0.0
LSC-CP-RA,"LSC-CP-RA (A=8), tamed",44d6ecf1abcc7ab097c151f5d67417fb,8da7d73e85753d4e79f54062070fbc7b,True,1,121,0.605,207780609.346957,25972.576168369626,121.0,30976.0,0.8621750914391917,0.11189601751499845,0.11150623188202624,0.2693989070438518,0.3563634919793824,0.5171535772960465,0.7685,0.26849999999999996,0.5138235639499249,0.002081740120372433,0.5228890873100422,0.1803632630822719,True,1.0,reject,pre_step,drift_diffusion_then_jump,iid_bank,8,every_step,True,0.0005,0.0051875,806.173006402001,4907,0.0005351239669421487,1.0138429752066116,1.0330578512396695e-06,0.0
LSC-CP-RA,"LSC-CP-RA (A=8), tamed",44d6ecf1abcc7ab097c151f5d67417fb,8da7d73e85753d4e79f54062070fbc7b,True,2,121,0.605,207780609.346957,25972.576168369626,121.0,30976.0,0.9115045086007916,0.13355958256967082,0.13318077718294763,0.29450556589454757,0.38883023412049933,0.5676574845842615,0.793,0.29300000000000004,0.5651490498294899,0.004561275976195267,0.6191885160887566,0.2912310666131891,True,1.0,reject,pre_step,drift_diffusion_then_jump,iid_bank,8,every_step,True,0.0005,0.0051875,806.173006402001,4907,0.0005351239669421487,1.0138429752066116,1.0330578512396695e-06,0.0
LSC-CP-RA,"LSC-CP-RA (A=8), tamed",44d6ecf1abcc7ab097c151f5d67417fb,8da7d73e85753d4e79f54062070fbc7b,True,3,121,0.605,207780609.346957,25972.576168369626,121.0,30976.0,0.8175728050215931,0.09620938595722406,0.09581268916904839,0.2503908617418312,0.3309646728951098,0.4784768804698215,0.7495,0.24950000000000003,0.47738655374653055,0.02122978950567811,0.4809966672063448,0.027233594856993615,True,1.0,reject,pre_step,drift_diffusion_then_jump,iid_bank,8,every_step,True,0.0005,0.0051875,806.173006402001,4907,0.0005351239669421487,1.0138429752066116,1.0330578512396695e-06,0.0
LSC-CP-RA,"LSC-CP-RA (A=8), tamed",44d6ecf1abcc7ab097c151f5d67417fb,8da7d73e85753d4e79f54062070fbc7b,True,0,125,0.625,214649389.82123655,26831.17372765457,125.0,32000.0,0.8530542938221368,0.10827487646479006,0.10788238814094442,0.26534683622522615,0.350845666982225,0.5115776486761082,0.765,0.265,0.5075686757255373,0.007492031338342864,0.519146303286726,0.18229582162094948,True,1.0,reject,pre_step,drift_diffusion_then_jump,iid_bank,8,every_step,True,0.0005,0.004593750000000001,867.272971353313,5054,0.000534,1.0108,2e-06,0.0
LSC-CP-RA,"LSC-CP-RA (A=8), tamed",44d6ecf1abcc7ab097c151f5d67417fb,8da7d73e85753d4e79f54062070fbc7b,True,1,125,0.625,214649389.82123655,26831.17372765457,125.0,32000.0,0.8502205540426112,0.10761472559355045,0.10722281819730306,0.2656383401666616,0.34963025148138976,0.5065178450188026,0.7635000000000001,0.2635,0.5042020189797431,0.005563142787373465,0.5045684325733283,0.108384414916188,True,1.0,reject,pre_step,drift_diffusion_then_jump,iid_bank,8,every_step,True,0.0005,0.004593750000000001,867.272971353313,5054,0.000534,1.0108,2e-06,0.0
LSC-CP-RA,"LSC-CP-RA (A=8), tamed",44d6ecf1abcc7ab097c151f5d67417fb,8da7d73e85753d4e79f54062070fbc7b,True,2,125,0.625,214649389.82123655,26831.17372765457,125.0,32000.0,0.8983872307910381,0.13049179722324156,0.1301124327092441,0.2902732443520407,0.38255585717940216,0.5525930663985007,0.7885,0.2885,0.5494486816379948,0.013617497730971762,0.5293754290014777,0.06345403275089512,True,1.0,reject,pre_step,drift_diffusion_then_jump,iid_bank,8,every_step,True,0.0005,0.004593750000000001,867.272971353313,5054,0.000534,1.0108,2e-06,0.0
LSC-CP-RA,"LSC-CP-RA (A=8), tamed",44d6ecf1abcc7ab097c151f5d67417fb,8da7d73e85753d4e79f54062070fbc7b,True,3,125,0.625,214649389.82123655,26831.17372765457,125.0,32000.0,0.8125887832873909,0.09391982998726423,0.09352145650203636,0.24839189475162143,0.32802355302576885,0.4755586432709804,0.7475,0.24750000000000003,0.4755498768411346,0.01658709874004405,0.49423872733697694,0.04984569393473304,True,1.0,reject,pre_step,drift_diffusion_then_jump,iid_bank,8,every_step,True,0.0005,0.004593750000000001,867.272971353313,5054,0.000534,1.0108,2e-06,0.0
LSC-CP-RA,"LSC-CP-RA (A=8), tamed",44d6ecf1abcc7ab097c151f5d67417fb,8da7d73e85753d4e79f54062070fbc7b,True,0,129,0.645,221518170.29551613,27689.771286939518,129.0,33024.0,0.8276737360003424,0.09932385044485648,0.09892784075984962,0.2556430072419398,0.33689105901007693,0.4889434144135317,0.7545000000000001,0.25450000000000006,0.4883813807171135,0.00906779961877402,0.5148495918399502,0.10397399675162367,True,1.0,reject,pre_step,drift_diffusion_then_jump,iid_bank,8,every_step,True,0.0003125,0.00559375,803.2359318983556,5233,0.0005271317829457365,1.0141472868217054,1.937984496124031e-06,0.0
LSC-CP-RA,"LSC-CP-RA (A=8), tamed",44d6ecf1abcc7ab097c151f5d67417fb,8da7d73e85753d4e79f54062070fbc7b,True,1,129,0.645,221518170.29551613,27689.771286939518,129.0,33024.0,0.8504017536266496,0.10525233574532511,0.10485835398470089,0.2622561738619849,0.3475644301928422,0.506393127509962,0.7615000000000001,0.2615,0.5044487248369652,0.005880647725443722,0.557605431039743,0.23243814283902575,True,1.0,reject,pre_step,drift_diffusion_then_jump,iid_bank,8,every_step,True,0.0003125,0.00559375,803.2359318983556,5233,0.0005271317829457365,1.0141472868217054,1.937984496124031e-06,0.0
LSC-CP-RA,"LSC-CP-RA (A=8), tamed",44d6ecf1abcc7ab097c151f5d67417fb,8da7d73e85753d4e79f54062070fbc7b,True,2,129,0.645,221518170.29551613,27689.771286939518,129.0,33024.0,0.8868028467861533,0.12258436644122717,0.12220007577381797,0.28194852122623265,0.3729214442349193,0.5432175846833267,0.781,0.281,0.5410480762559139,0.0010652714686469889,0.5771129708916992,0.19745905324548463,True,1.0,reject,pre_step,drift_diffusion_then_jump,iid_bank,8,every_step,True,0.0003125,0.00559375,803.2359318983556,5233,0.0005271317829457365,1.0141472868217054,1.937984496124031e-06,0.0
LSC-CP-RA,"LSC-CP-RA (A=8), tamed",44d6ecf1abcc7ab097c151f5d67417fb,8da7d73e85753d4e79f54062070fbc7b,True,3,129,0.645,221518170.29551613,27689.771286939518,129.0,33024.0,0.812071776458724,0.09098722776386325,0.09058651525913275,0.24483015002829533,0.3248456991751043,0.4757823460000001,0.7445,0.24450000000000002,0.47578246724180023,0.0019330775544130763,0.5522649327547255,0.23059271104213563,True,1.0,reject,pre_step,drift_diffusion_then_jump,iid_bank,8,every_step,True,0.0003125,0.00559375,803.2359318983556,5233,0.0005271317829457365,1.0141472868217054,1.937984496124031e-06,0.0
LSC-CP-RA,"LSC-CP-RA (A=8), tamed",44d6ecf1abcc7ab097c151f5d67417fb,8da7d73e85753d4e79f54062070fbc7b,True,0,133,0.665,228386950.7697957,28548.36884622446,133.0,34048.0,0.81523761641959,0.09369412818536882,0.09329441617197276,0.24823230249342798,0.32671703955910053,0.47507656976337087,0.747,0.247,0.4704542252923781,0.003035176639316073,0.46357006265755063,0.20148463621176982,True,1.0,reject,pre_step,drift_diffusion_then_jump,iid_bank,8,every_step,True,0.00075,0.004937500000000001,732.0792702258594,5391,0.0005338345864661654,1.0133458646616542,1.8796992481203007e-06,0.0
LSC-CP-RA,"LSC-CP-RA (A=8), tamed",44d6ecf1abcc7ab097c151f5d67417fb,8da7d73e85753d4e79f54062070fbc7b,True,1,133,0.665,228386950.7697957,28548.36884622446,133.0,34048.0,0.8306199878704739,0.09846506423930201,0.09806757438604041,0.25309877244565027,0.3347319681238993,0.48712394437071793,0.7525000000000001,0.25250000000000006,0.48070153357584255,0.00746873772078438,0.4766755982044553,0.2669965438490417,True,1.0,reject,pre_step,drift_diffusion_then_jump,iid_bank,8,every_step,True,0.00075,0.004937500000000001,732.0792702258594,5391,0.0005338345864661654,1.0133458646616542,1.8796992481203007e-06,0.0
LSC-CP-RA,"LSC-CP-RA (A=8), tamed",44d6ecf1abcc7ab097c151f5d67417fb,8da7d73e85753d4e79f54062070fbc7b,True,2,133,0.665,228386950.7697957,28548.36884622446,133.0,34048.0,0.8756384836855482,0.11815988920527554,0.11777343665417528,0.27672558833695315,0.3661611098245412,0.5326951720622242,0.776,0.276,0.5297121512846793,0.0037672888029411933,0.5486839125914376,0.17662340787228514,True,1.0,reject,pre_step,drift_diffusion_then_jump,iid_bank,8,every_step,True,0.00075,0.004937500000000001,732.0792702258594,5391,0.0005338345864661654,1.0133458646616542,1.8796992481203007e-06,0.0
LSC-CP-RA,"LSC-CP-RA (A=8), tamed",44d6ecf1abcc7ab097c151f5d67417fb,8da7d73e85753d4e79f54062070fbc7b,True,3,133,0.665,228386950.7697957,28548.36884622446,133.0,34048.0,0.7973511528027164,0.0872763674415521,0.08687482030885607,0.23874510750740835,0.31674632025218513,0.45880143649447497,0.738,0.238,0.4572968741079199,0.0186752385085871,0.46877420977799367,0.054400599016906415,True,1.0,reject,pre_step,drift_diffusion_then_jump,iid_bank,8,every_step,True,0.00075,0.004937500000000001,732.0792702258594,5391,0.0005338345864661654,1.0133458646616542,1.8796992481203007e-06,0.0
LSC-CP-RA,"LSC-CP-RA (A=8), tamed",44d6ecf1abcc7ab097c151f5d67417fb,8da7d73e85753d4e79f54062070fbc7b,True,0,138,0.6900000000000001,236972926.36264515,29621.615795330643,138.0,35328.0,0.8040292496939518,0.08954054005204293,0.0891384829425006,0.24161264420261452,0.31862342631483337,0.46320687282267703,0.7405,0.24050000000000002,0.45429786676322187,0.0058766670058814086,0.4108564197327461,0.25153441401918897,True,1.0,reject,pre_step,drift_diffusion_then_jump,iid_bank,8,every_step,True,0.0005,0.005275000000000001,791.9125988528697,5602,0.000532608695652174,1.0148550724637682,2.7173913043478263e-06,0.0
LSC-CP-RA,"LSC-CP-RA (A=8), tamed",44d6ecf1abcc7ab097c151f5d67417fb,8da7d73e85753d4e79f54062070fbc7b,True,1,138,0.6900000000000001,236972926.36264515,29621.615795330643,138.0,35328.0,0.8078095263144089,0.09064088476509735,0.09024019291990959,0.24357237669376608,0.32198659458193507,0.46530939702163343,0.7435,0.24350000000000002,0.46274260566357767,0.006455704197818046,0.46364366506396765,0.12157895633067961,True,1.0,reject,pre_step,drift_diffusion_then_jump,iid_bank,8,every_step,True,0.0005,0.005275000000000001,791.9125988528697,5602,0.000532608695652174,1.0148550724637682,2.7173913043478263e-06,0.0
LSC-CP-RA,"LSC-CP-RA (A=8), tamed",44d6ecf1abcc7ab097c151f5d67417fb,8da7d73e85753d4e79f54062070fbc7b,True,2,138,0.6900000000000001,236972926.36264515,29621.615795330643,138.0,35328.0,0.8581461309257336,0.11017889614231302,0.10978850627048342,0.26738630776151007,0.35370058016761124,0.5126516565727082,0.767,0.267,0.5101603101910164,0.004469640926576757,0.5217438917214765,0.15214574342495435,True,1.0,reject,pre_step,drift_diffusion_then_jump,iid_bank,8,every_step,True,0.0005,0.005275000000000001,791.9125988528697,5602,0.000532608695652174,1.0148550724637682,2.7173913043478263e-06,0.0
LSC-CP-RA,"LSC-CP-RA (A=8), tamed",44d6ecf1abcc7ab097c151f5d67417fb,8da7d73e85753d4e79f54062070fbc7b,True,3,138,0.6900000000000001,236972926.36264515,29621.615795330643,138.0,35328.0,0.7955289821871795,0.08450252434557903,0.08409833557696533,0.23531563027350083,0.3132113101848111,0.457876299283005,0.735,0.235,0.45492046875026043,0.0003028647148021202,0.5005915067971366,0.25117532493535044,True,1.0,reject,pre_step,drift_diffusion_then_jump,iid_bank,8,every_step,True,0.0005,0.005275000000000001,791.9125988528697,5602,0.000532608695652174,1.0148550724637682,2.7173913043478263e-06,0.0
LSC-CP-RA,"LSC-CP-RA (A=8), tamed",44d6ecf1abcc7ab097c151f5d67417fb,8da7d73e85753d4e79f54062070fbc7b,True,0,142,0.71,243841706.83692473,30480.213354615593,142.0,36352.0,0.7906714876464396,0.08549115037605037,0.08508814402809306,0.2371036832392282,0.3124159564226789,0.45019516735610643,0.7365,0.23650000000000002,0.4478121892734742,0.014583462013381898,0.4391480659392372,0.053235943329856705,True,1.0,reject,pre_step,drift_diffusion_then_jump,iid_bank,8,every_step,True,0.00053125,0.0053124999999999995,823.5149840866463,5772,0.0005325704225352113,1.0161971830985916,2.640845070422535e-06,0.0
LSC-CP-RA,"LSC-CP-RA (A=8), tamed",44d6ecf1abcc7ab097c151f5d67417fb,8da7d73e85753d4e79f54062070fbc7b,True,1,142,0.71,243841706.83692473,30480.213354615593,142.0,36352.0,0.7864668440972771,0.08451429256086218,0.08411120197591138,0.23618426297814593,0.3101883260030268,0.44619218715737385,0.735,0.235,0.4422408199008393,0.01800776595136122,0.41431890689079803,0.04413637812599347,True,1.0,reject,pre_step,drift_diffusion_then_jump,iid_bank,8,every_step,True,0.00053125,0.0053124999999999995,823.5149840866463,5772,0.0005325704225352113,1.0161971830985916,2.640845070422535e-06,0.0
LSC-CP-RA,"LSC-CP-RA (A=8), tamed",44d6ecf1abcc7ab097c151f5d67417fb,8da7d73e85753d4e79f54062070fbc7b,True,2,142,0.71,243841706.83692473,30480.213354615593,142.0,36352.0,0.8472135768029228,0.10542595844018399,0.10503224711251513,0.2620233947424088,0.3460433097959713,0.5033192010961047,0.762,0.262,0.4984124078792285,0.0038189479161376827,0.5001982048150431,0.20965214810475052,True,1.0,reject,pre_step,drift_diffusion_then_jump,iid_bank,8,every_step,True,0.00053125,0.0053124999999999995,823.5149840866463,5772,0.0005325704225352113,1.0161971830985916,2.640845070422535e-06,0.0
LSC-CP-RA,"LSC-CP-RA (A=8), tamed",44d6ecf1abcc7ab097c151f5d67417fb,8da7d73e85753d4e79f54062070fbc7b,True,3,142,0.71,243841706.83692473,30480.213354615593,142.0,36352.0,0.7757266798906793,0.07853383601972241,0.07812695237661216,0.22807392157530093,0.3030548687365712,0.4421338740000001,0.727,0.22699999999999998,0.44213374757183566,0.008386591945874544,0.4944746799223533,0.14174071789165799,True,1.0,reject,pre_step,drift_diffusion_then_jump,iid_bank,8,every_step,True,0.00053125,0.0053124999999999995,823.5149840866463,5772,0.0005325704225352113,1.0161971830985916,2.640845070422535e-06,0.0
LSC-CP-RA,"LSC-CP-RA (A=8), tamed",44d6ecf1abcc7ab097c151f5d67417fb,8da7d73e85753d4e79f54062070fbc7b,True,0,146,0.73,250710487.31120428,31338.810913900536,146.0,37376.0,0.7902274832178081,0.083364952979611,0.08296030686955591,0.23405370383543034,0.30987554291406405,0.4494558341250465,0.734,0.23399999999999999,0.446199404507481,0.0034674712598571356,0.4532510999006826,0.1844836729688869,True,1.0,reject,pre_step,drift_diffusion_then_jump,iid_bank,8,every_step,True,0.00034375,0.00521875,716.6643242429889,5939,0.0005273972602739726,1.0169520547945206,2.5684931506849316e-06,0.0
LSC-CP-RA,"LSC-CP-RA (A=8), tamed",44d6ecf1abcc7ab097c151f5d67417fb,8da7d73e85753d4e79f54062070fbc7b,True,1,146,0.73,250710487.31120428,31338.810913900536,146.0,37376.0,0.7923178671504121,0.0843511839298392,0.08394646758307567,0.23728377941641726,0.31134527544265694,0.45435384571853643,0.735,0.235,0.4494336615960223,0.00581694147929146,0.4572907568928839,0.25600985772590856,True,1.0,reject,pre_step,drift_diffusion_then_jump,iid_bank,8,every_step,True,0.00034375,0.00521875,716.6643242429889,5939,0.0005273972602739726,1.0169520547945206,2.5684931506849316e-06,0.0
LSC-CP-RA,"LSC-CP-RA (A=8), tamed",44d6ecf1abcc7ab097c151f5d67417fb,8da7d73e85753d4e79f54062070fbc7b,True,2,146,0.73,250710487.31120428,31338.810913900536,146.0,37376.0,0.8435673383787179,0.1021822306309752,0.10178676097261896,0.2577770737278103,0.3413129903435899,0.49733335709623255,0.757,0.257,0.4916775816710344,0.01020134930766281,0.4897090271955213,0.2959187045279784,True,1.0,reject,pre_step,drift_diffusion_then_jump,iid_bank,8,every_step,True,0.00034375,0.00521875,716.6643242429889,5939,0.0005273972602739726,1.0169520547945206,2.5684931506849316e-06,0.0
LSC-CP-RA,"LSC-CP-RA (A=8), tamed",44d6ecf1abcc7ab097c151f5d67417fb,8da7d73e85753d4e79f54062070fbc7b,True,3,146,0.73,250710487.31120428,31338.810913900536,146.0,37376.0,0.7680104866285774,0.07614292790559674,0.07573479306779085,0.22445501101428195,0.29752781196513295,0.4335579157931234,0.7225,0.2225,0.43059520554092073,0.007417482112869078,0.4441629250189821,0.11371342687112451,True,1.0,reject,pre_step,drift_diffusion_then_jump,iid_bank,8,every_step,True,0.00034375,0.00521875,716.6643242429889,5939,0.0005273972602739726,1.0169520547945206,2.5684931506849316e-06,0.0
LSC-CP-RA,"LSC-CP-RA (A=8), tamed",44d6ecf1abcc7ab097c151f5d67417fb,8da7d73e85753d4e79f54062070fbc7b,True,0,150,0.75,257579267.78548387,32197.408473185482,150.0,38400.0,0.7848940049907769,0.07973131955891921,0.07932268967104827,0.22925253904675563,0.3033288709051219,0.4459328112777186,0.7285,0.2285,0.43699240066870304,0.028567603497429483,0.44582501815714476,0.4413206299119957,True,1.0,reject,pre_step,drift_diffusion_then_jump,iid_bank,8,every_step,True,0.00059375,0.0054375,733.8824057451083,6113,0.0005291666666666667,1.0188333333333333,2.5e-06,0.0
LSC-CP-RA,"LSC-CP-RA (A=8), tamed",44d6ecf1abcc7ab097c151f5d67417fb,8da7d73e85753d4e79f54062070fbc7b,True,1,150,0.75,257579267.78548387,32197.408473185482,150.0,38400.0,0.7795446978602741,0.08100907054449846,0.08060353095743977,0.2321259782330503,0.30499852946296724,0.44302987106756503,0.7305,0.2305,0.4395142830610567,0.008362263663517111,0.43652552129506794,0.1448632469922767,True,1.0,reject,pre_step,drift_diffusion_then_jump,iid_bank,8,every_step,True,0.00059375,0.0054375,733.8824057451083,6113,0.0005291666666666667,1.0188333333333333,2.5e-06,0.0
LSC-CP-RA,"LSC-CP-RA (A=8), tamed",44d6ecf1abcc7ab097c151f5d67417fb,8da7d73e85753d4e79f54062070fbc7b,True,2,150,0.75,257579267.78548387,32197.408473185482,150.0,38400.0,0.8314075826614785,0.09942549618195273,0.0990293488783982,0.254810434893891,0.3363804910941127,0.4863328886716715,0.754,0.254,0.4839434713501245,0.0033889529320454415,0.4817465638683477,0.11747211329490737,True,1.0,reject,pre_step,drift_diffusion_then_jump,iid_bank,8,every_step,True,0.00059375,0.0054375,733.8824057451083,6113,0.0005291666666666667,1.0188333333333333,2.5e-06,0.0
LSC-CP-RA,"LSC-CP-RA (A=8), tamed",44d6ecf1abcc7ab097c151f5d67417fb,8da7d73e85753d4e79f54062070fbc7b,True,3,150,0.75,257579267.78548387,32197.408473185482,150.0,38400.0,0.7643631062189268,0.07437610586828047,0.07396672223678169,0.2218089700328672,0.2948267891412339,0.4318100338660288,0.7195,0.2195,0.42840052152596847,0.0029435046007075805,0.4465224626417161,0.14307659072622092,True,1.0,reject,pre_step,drift_diffusion_then_jump,iid_bank,8,every_step,True,0.00059375,0.0054375,733.8824057451083,6113,0.0005291666666666667,1.0188333333333333,2.5e-06,0.0
LSC-CP-RA,"LSC-CP-RA (A=8), tamed",44d6ecf1abcc7ab097c151f5d67417fb,8da7d73e85753d4e79f54062070fbc7b,True,0,154,0.77,264448048.25976342,33056.006032470425,154.0,39424.0,0.7779606390883582,0.07915318653727621,0.07874569351004679,0.23009576971859524,0.30251997189036384,0.44008199738423603,0.7285,0.2285,0.4386219562736806,0.007696992975255279,0.48164800432840477,0.23945342289081017,True,1.0,reject,pre_step,drift_diffusion_then_jump,iid_bank,8,every_step,True,0.00053125,0.0050625,830.4411094101116,6275,0.0005292207792207792,1.0186688311688312,2.435064935064935e-06,0.0
LSC-CP-RA,"LSC-CP-RA (A=8), tamed",44d6ecf1abcc7ab097c151f5d67417fb,8da7d73e85753d4e79f54062070fbc7b,True,1,154,0.77,264448048.25976342,33056.006032470425,154.0,39424.0,0.7788450800895192,0.08030738325572995,0.07990078083382646,0.22993305478709414,0.30280390852511613,0.44239382709537833,0.7285,0.2285,0.43373590018600583,0.0029511478158952276,0.40035449038365883,0.25888986269712977,True,1.0,reject,pre_step,drift_diffusion_then_jump,iid_bank,8,every_step,True,0.00053125,0.0050625,830.4411094101116,6275,0.0005292207792207792,1.0186688311688312,2.435064935064935e-06,0.0
LSC-CP-RA,"LSC-CP-RA (A=8), tamed",44d6ecf1abcc7ab097c151f5d67417fb,8da7d73e85753d4e79f54062070fbc7b,True,2,154,0.77,264448048.25976342,33056.006032470425,154.0,39424.0,0.8179093901039091,0.0943221624315389,0.09392347239845522,0.24877104628220348,0.3279607275395631,0.4732181764567839,0.748,0.248,0.470708253808297,0.007523523850537672,0.4592736839286022,0.08264898737609438,True,1.0,reject,pre_step,drift_diffusion_then_jump,iid_bank,8,every_step,True,0.00053125,0.0050625,830.4411094101116,6275,0.0005292207792207792,1.0186688311688312,2.435064935064935e-06,0.0
LSC-CP-RA,"LSC-CP-RA (A=8), tamed",44d6ecf1abcc7ab097c151f5d67417fb,8da7d73e85753d4e79f54062070fbc7b,True,3,154,0.77,264448048.25976342,33056.006032470425,154.0,39424.0,0.7465856691801708,0.06989766045071488,0.06948612037592572,0.21524579845540892,0.28498067443103064,0.4152265593448216,0.7135,0.2135,0.41081346179637734,0.007400793213475199,0.4063842744314017,0.08473418157075152,True,1.0,reject,pre_step,drift_diffusion_then_jump,iid_bank,8,every_step,True,0.00053125,0.0050625,830.4411094101116,6275,0.0005292207792207792,1.0186688311688312,2.435064935064935e-06,0.0
LSC-CP-RA,"LSC-CP-RA (A=8), tamed",44d6ecf1abcc7ab097c151f5d67417fb,8da7d73e85753d4e79f54062070fbc7b,True,0,158,0.79,271316828.734043,33914.603591755375,158.0,40448.0,0.7564333834078995,0.07056054694819591,0.07014768752560374,0.2177264028792808,0.2876739157362949,0.42244321547880426,0.7175,0.2175,0.42089285233459095,0.02035867052176976,0.4996426190877486,0.3565398873387836,True,1.0,reject,pre_step,drift_diffusion_then_jump,iid_bank,8,every_step,True,0.0005,0.00553125,1449.2939080945862,6452,0.0005284810126582279,1.020886075949367,2.3734177215189875e-06,0.0
LSC-CP-RA,"LSC-CP-RA (A=8), tamed",44d6ecf1abcc7ab097c151f5d67417fb,8da7d73e85753d4e79f54062070fbc7b,True,1,158,0.79,271316828.734043,33914.603591755375,158.0,40448.0,0.7717520450123914,0.07741116315356966,0.07700333605165377,0.22764452894170772,0.2995095219345165,0.43605384228544125,0.7255,0.2255,0.43344445072756954,0.002761374210181411,0.4579132062341962,0.17822285616170175,True,1.0,reject,pre_step,drift_diffusion_then_jump,iid_bank,8,every_step,True,0.0005,0.00553125,1449.2939080945862,6452,0.0005284810126582279,1.020886075949367,2.3734177215189875e-06,0.0
LSC-CP-RA,"LSC-CP-RA (A=8), tamed",44d6ecf1abcc7ab097c151f5d67417fb,8da7d73e85753d4e79f54062070fbc7b,True,2,158,0.79,271316828.734043,33914.603591755375,158.0,40448.0,0.8114553433009855,0.09002738560441303,0.08962566751878054,0.24336445710700177,0.32205701781722224,0.4690779671875086,0.743,0.243,0.46701359339317416,0.0056530621201823505,0.5001688107066352,0.20340182608428836,True,1.0,reject,pre_step,drift_diffusion_then_jump,iid_bank,8,every_step,True,0.0005,0.00553125,1449.2939080945862,6452,0.0005284810126582279,1.020886075949367,2.3734177215189875e-06,0.0
LSC-CP-RA,"LSC-CP-RA (A=8), tamed",44d6ecf1abcc7ab097c151f5d67417fb,8da7d73e85753d4e79f54062070fbc7b,True,3,158,0.79,271316828.734043,33914.603591755375,158.0,40448.0,0.743363566970628,0.06640418482256472,0.06598891462858492,0.2099456620481372,0.2794107765782723,0.4131093770294605,0.709,0.209,0.40585415845200157,0.021308873811603513,0.4345746419057424,0.3540088934897724,True,1.0,reject,pre_step,drift_diffusion_then_jump,iid_bank,8,every_step,True,0.0005,0.00553125,1449.2939080945862,6452,0.0005284810126582279,1.020886075949367,2.3734177215189875e-06,0.0
LSC-CP-RA,"LSC-CP-RA (A=8), tamed",44d6ecf1abcc7ab097c151f5d67417fb,8da7d73e85753d4e79f54062070fbc7b,True,0,163,0.8150000000000001,279902804.3268925,34987.85054086156,163.0,41728.0,0.7353669064430676,0.06679442109285705,0.06638102957446079,0.21006146518663504,0.278523472761179,0.4048712943549563,0.709,0.209,0.40146773739076996,0.0032889643286556636,0.4006235412751975,0.10131662183858492,True,1.0,reject,pre_step,drift_diffusion_then_jump,iid_bank,8,every_step,True,0.0005750000000000001,0.00455,4205.781280975974,6634,0.0005299079754601226,1.0174846625766871,2.3006134969325154e-06,0.0
LSC-CP-RA,"LSC-CP-RA (A=8), tamed",44d6ecf1abcc7ab097c151f5d67417fb,8da7d73e85753d4e79f54062070fbc7b,True,1,163,0.8150000000000001,279902804.3268925,34987.85054086156,163.0,41728.0,0.7550481590326619,0.0744324571033641,0.07402450523550308,0.22174880657766727,0.2918555858556865,0.4181607744341402,0.7205,0.2205,0.415038546191435,0.02554549129438799,0.3811781012438675,0.03530848816704324,True,1.0,reject,pre_step,drift_diffusion_then_jump,iid_bank,8,every_step,True,0.0005750000000000001,0.00455,4205.781280975974,6634,0.0005299079754601226,1.0174846625766871,2.3006134969325154e-06,0.0
LSC-CP-RA,"LSC-CP-RA (A=8), tamed",44d6ecf1abcc7ab097c151f5d67417fb,8da7d73e85753d4e79f54062070fbc7b,True,2,163,0.8150000000000001,279902804.3268925,34987.85054086156,163.0,41728.0,0.7924984729602803,0.08380505951432204,0.08340017154217805,0.23525353255169573,0.31098783688980597,0.45223213091872483,0.7345,0.23450000000000001,0.44968361905528725,0.002914180784400977,0.46294694055435737,0.16510938752312054,True,1.0,reject,pre_step,drift_diffusion_then_jump,iid_bank,8,every_step,True,0.0005750000000000001,0.00455,4205.781280975974,6634,0.0005299079754601226,1.0174846625766871,2.3006134969325154e-06,0.0
LSC-CP-RA,"LSC-CP-RA (A=8), tamed",44d6ecf1abcc7ab097c151f5d67417fb,8da7d73e85753d4e79f54062070fbc7b,True,3,163,0.8150000000000001,279902804.3268925,34987.85054086156,163.0,41728.0,0.722134104005583,0.06197273734018727,0.06155591297001073,0.20352729995620866,0.27015277776068847,0.3973183086761082,0.7035,0.20350000000000001,0.39353177097104963,0.006025057807749312,0.4342613622298359,0.20126623123294063,True,1.0,reject,pre_step,drift_diffusion_then_jump,iid_bank,8,every_step,True,0.0005750000000000001,0.00455,4205.781280975974,6634,0.0005299079754601226,1.0174846625766871,2.3006134969325154e-06,0.0
LSC-CP-RA,"LSC-CP-RA (A=8), tamed",44d6ecf1abcc7ab097c151f5d67417fb,8da7d73e85753d4e79f54062070fbc7b,True,0,167,0.835,286771584.801172,35846.4481001465,167.0,42752.0,0.7272999315610972,0.0637902512243117,0.06337509093082394,0.20701440737855492,0.2736418628894206,0.3981050577284856,0.705,0.205,0.39626492552251213,0.001303242321420317,0.410558138427526,0.13470368235113217,True,1.0,reject,pre_step,drift_diffusion_then_jump,iid_bank,8,every_step,True,0.00053125,0.004875000000000001,873.3372876486652,6790,0.000529940119760479,1.0164670658682635,2.2455089820359283e-06,0.0
LSC-CP-RA,"LSC-CP-RA (A=8), tamed",44d6ecf1abcc7ab097c151f5d67417fb,8da7d73e85753d4e79f54062070fbc7b,True,1,167,0.835,286771584.801172,35846.4481001465,167.0,42752.0,0.7508611510801811,0.07149104455417021,0.0710810765012777,0.2184468984433341,0.2877316302671285,0.41686756241956674,0.717,0.21699999999999997,0.41382223998281853,0.016378789827314,0.4213244656627636,0.12270072768920703,True,1.0,reject,pre_step,drift_diffusion_then_jump,iid_bank,8,every_step,True,0.00053125,0.004875000000000001,873.3372876486652,6790,0.000529940119760479,1.0164670658682635,2.2455089820359283e-06,0.0
LSC-CP-RA,"LSC-CP-RA (A=8), tamed",44d6ecf1abcc7ab097c151f5d67417fb,8da7d73e85753d4e79f54062070fbc7b,True,2,167,0.835,286771584.801172,35846.4481001465,167.0,42752.0,0.7924918378475155,0.0815731652575089,0.08116601070820784,0.2323812632866259,0.3066256250583454,0.4503187080634253,0.731,0.23099999999999998,0.4421590895700073,0.02754449224917699,0.49085380933253303,0.6433219693185784,True,1.0,reject,pre_step,drift_diffusion_then_jump,iid_bank,8,every_step,True,0.00053125,0.004875000000000001,873.3372876486652,6790,0.000529940119760479,1.0164670658682635,2.2455089820359283e-06,0.0
LSC-CP-RA,"LSC-CP-RA (A=8), tamed",44d6ecf1abcc7ab097c151f5d67417fb,8da7d73e85753d4e79f54062070fbc7b,True,3,167,0.835,286771584.801172,35846.4481001465,167.0,42752.0,0.7068959696980888,0.05780259771431151,0.05738428532164097,0.19657466726372846,0.2613752261668529,0.3834181382833853,0.6965,0.1965,0.38063844519483364,0.001682148048887333,0.412453639381898,0.16145631024411633,True,1.0,reject,pre_step,drift_diffusion_then_jump,iid_bank,8,every_step,True,0.00053125,0.004875000000000001,873.3372876486652,6790,0.000529940119760479,1.0164670658682635,2.2455089820359283e-06,0.0
LSC-CP-RA,"LSC-CP-RA (A=8), tamed",44d6ecf1abcc7ab097c151f5d67417fb,8da7d73e85753d4e79f54062070fbc7b,True,0,171,0.855,293640365.2754516,36705.04565943145,171.0,43776.0,0.7161510852654155,0.060366856926073575,0.05994997452801387,0.20263950196897706,0.26656139791057953,0.38883338872247364,0.7005,0.2005,0.38692890283191844,0.0020993396942130538,0.41636209784298295,0.17791573145889472,True,1.0,reject,pre_step,drift_diffusion_then_jump,iid_bank,8,every_step,True,0.00046875,0.00471875,4609.340772087475,6941,0.0005285087719298245,1.014766081871345,2.1929824561403507e-06,0.0
LSC-CP-RA,"LSC-CP-RA (A=8), tamed",44d6ecf1abcc7ab097c151f5d67417fb,8da7d73e85753d4e79f54062070fbc7b,True,1,171,0.855,293640365.2754516,36705.04565943145,171.0,43776.0,0.7402523656784603,0.06938436240290946,0.06897419474686473,0.21485812971029894,0.2834820622522012,0.40781950687687923,0.7135,0.2135,0.406528853264764,0.031229284421881998,0.40265649045383484,0.01468543707868264,True,1.0,reject,pre_step,drift_diffusion_then_jump,iid_bank,8,every_step,True,0.00046875,0.00471875,4609.340772087475,6941,0.0005285087719298245,1.014766081871345,2.1929824561403507e-06,0.0
LSC-CP-RA,"LSC-CP-RA (A=8), tamed",44d6ecf1abcc7ab097c151f5d67417fb,8da7d73e85753d4e79f54062070fbc7b,True,2,171,0.855,293640365.2754516,36705.04565943145,171.0,43776.0,0.7743733730048727,0.07801811259368296,0.0776101525211299,0.22752118046073438,0.30120633158723015,0.4383977651539209,0.7265,0.2265,0.4374707359594122,0.0015628451882663263,0.46679446837733063,0.11762225373399471,True,1.0,reject,pre_step,drift_diffusion_then_jump,iid_bank,8,every_step,True,0.00046875,0.00471875,4609.340772087475,6941,0.0005285087719298245,1.014766081871345,2.1929824561403507e-06,0.0
LSC-CP-RA,"LSC-CP-RA (A=8), tamed",44d6ecf1abcc7ab097c151f5d67417fb,8da7d73e85753d4e79f54062070fbc7b,True,3,171,0.855,293640365.2754516,36705.04565943145,171.0,43776.0,0.6966204418136821,0.05556510995480657,0.05514584832511238,0.1937551307751536,0.2565981399988812,0.3763582405171987,0.6925,0.1925,0.3737765118354917,0.006279078664523818,0.386579570944062,0.10720622799685253,True,1.0,reject,pre_step,drift_diffusion_then_jump,iid_bank,8,every_step,True,0.00046875,0.00471875,4609.340772087475,6941,0.0005285087719298245,1.014766081871345,2.1929824561403507e-06,0.0
LSC-CP-RA,"LSC-CP-RA (A=8), tamed",44d6ecf1abcc7ab097c151f5d67417fb,8da7d73e85753d4e79f54062070fbc7b,True,0,175,0.875,300509145.7497312,37563.643218716395,175.0,44800.0,0.7012444638900083,0.05628288574043938,0.05586376763460543,0.1963527851458814,0.25817150731171423,0.3773225220842863,0.6945,0.1945,0.3758381731364211,0.0026329030018070743,0.42380452088522796,0.18375750934414825,True,1.0,reject,pre_step,drift_diffusion_then_jump,iid_bank,8,every_step,True,0.00040625000000000004,0.004656250000000001,753.7295408117278,7090,0.0005257142857142857,1.012857142857143,2.1428571428571427e-06,0.0
LSC-CP-RA,"LSC-CP-RA (A=8), tamed",44d6ecf1abcc7ab097c151f5d67417fb,8da7d73e85753d4e79f54062070fbc7b,True,1,175,0.875,300509145.7497312,37563.643218716395,175.0,44800.0,0.7306876813375922,0.06489532139793597,0.06448117705002288,0.2076510351568298,0.27443870236774653,0.3991022282436194,0.707,0.207,0.3936422218944178,0.007978880068024163,0.38039959363790965,0.14686978616989965,True,1.0,reject,pre_step,drift_diffusion_then_jump,iid_bank,8,every_step,True,0.00040625000000000004,0.004656250000000001,753.7295408117278,7090,0.0005257142857142857,1.012857142857143,2.1428571428571427e-06,0.0
LSC-CP-RA,"LSC-CP-RA (A=8), tamed",44d6ecf1abcc7ab097c151f5d67417fb,8da7d73e85753d4e79f54062070fbc7b,True,2,175,0.875,300509145.7497312,37563.643218716395,175.0,44800.0,0.7648846947463497,0.07380305551317812,0.07339228958279531,0.221892267950623,0.292287427785874,0.4281042013826262,0.7205,0.2205,0.42152009281037356,0.015965966621528493,0.43815144002630796,0.3699833136832483,True,1.0,reject,pre_step,drift_diffusion_then_jump,iid_bank,8,every_step,True,0.00040625000000000004,0.004656250000000001,753.7295408117278,7090,0.0005257142857142857,1.012857142857143,2.1428571428571427e-06,0.0
LSC-CP-RA,"LSC-CP-RA (A=8), tamed",44d6ecf1abcc7ab097c151f5d67417fb,8da7d73e85753d4e79f54062070fbc7b,True,3,175,0.875,300509145.7497312,37563.643218716395,175.0,44800.0,0.6907183373374643,0.05392546151312705,0.05350549470577903,0.1911625044409016,0.25179690935750565,0.3680546699378443,0.6895,0.1895,0.3628178218953289,0.005360043190035801,0.3523717617956753,0.18327702175897354,True,1.0,reject,pre_step,drift_diffusion_then_jump,iid_bank,8,every_step,True,0.00040625000000000004,0.004656250000000001,753.7295408117278,7090,0.0005257142857142857,1.012857142857143,2.1428571428571427e-06,0.0
LSC-CP-RA,"LSC-CP-RA (A=8), tamed",44d6ecf1abcc7ab097c151f5d67417fb,8da7d73e85753d4e79f54062070fbc7b,True,0,179,0.895,307377926.22401077,38422.240778001345,179.0,45824.0,0.6959650252964016,0.055412817937658954,0.05499371414196552,0.1944295356204454,0.2546742578116088,0.3696362843566288,0.6905,0.1905,0.36296379464373485,0.008476774047548541,0.324573699983096,0.15743698870230205,True,1.0,reject,pre_step,drift_diffusion_then_jump,iid_bank,8,every_step,True,0.00040625000000000004,0.00484375,961.5594919914216,7245,0.0005230446927374302,1.0118715083798884,2.094972067039106e-06,0.0
LSC-CP-RA,"LSC-CP-RA (A=8), tamed",44d6ecf1abcc7ab097c151f5d67417fb,8da7d73e85753d4e79f54062070fbc7b,True,1,179,0.895,307377926.22401077,38422.240778001345,179.0,45824.0,0.7129792268921304,0.05946928169390553,0.05905234606388021,0.20093637117304203,0.26456056009453743,0.3845355450272968,0.6995,0.1995,0.38286878603712987,0.009433250832119655,0.41458591372936643,0.12726539946771964,True,1.0,reject,pre_step,drift_diffusion_then_jump,iid_bank,8,every_step,True,0.00040625000000000004,0.00484375,961.5594919914216,7245,0.0005230446927374302,1.0118715083798884,2.094972067039106e-06,0.0
LSC-CP-RA,"LSC-CP-RA (A=8), tamed",44d6ecf1abcc7ab097c151f5d67417fb,8da7d73e85753d4e79f54062070fbc7b,True,2,179,0.895,307377926.22401077,38422.240778001345,179.0,45824.0,0.7579502950911844,0.07238522349551668,0.0719738902624838,0.21841892932628015,0.2898923499737831,0.42465141901591785,0.718,0.21799999999999997,0.4185237151935368,0.007587574801124264,0.41270017697320976,0.24312508358670082,True,1.0,reject,pre_step,drift_diffusion_then_jump,iid_bank,8,every_step,True,0.00040625000000000004,0.00484375,961.5594919914216,7245,0.0005230446927374302,1.0118715083798884,2.094972067039106e-06,0.0
LSC-CP-RA,"LSC-CP-RA (A=8), tamed",44d6ecf1abcc7ab097c151f5d67417fb,8da7d73e85753d4e79f54062070fbc7b,True,3,179,0.895,307377926.22401077,38422.240778001345,179.0,45824.0,0.6848667556765823,0.05132700643378141,0.05090525007039892,0.1867818181031346,0.2481187262335963,0.36281154303968277,0.686,0.18600000000000003,0.3617545739273292,0.0015149147023916232,0.41191320284627314,0.16379499976376943,True,1.0,reject,pre_step,drift_diffusion_then_jump,iid_bank,8,every_step,True,0.00040625000000000004,0.00484375,961.5594919914216,7245,0.0005230446927374302,1.0118715083798884,2.094972067039106e-06,0.0
LSC-CP-RA,"LSC-CP-RA (A=8), tamed",44d6ecf1abcc7ab097c151f5d67417fb,8da7d73e85753d4e79f54062070fbc7b,True,0,183,0.915,314246706.6982903,39280.83833728629,183.0,46848.0,0.6916990292942995,0.05235419377077133,0.0519318759633558,0.18973411304022725,0.24962290307903656,0.3677672026761082,0.6875,0.1875,0.3622086114635224,0.014235621051835845,0.38832762933795,0.3184471253444173,True,1.0,reject,pre_step,drift_diffusion_then_jump,iid_bank,8,every_step,True,0.00059375,0.004843750000000001,821.1222799310481,7400,0.0005245901639344263,1.010928961748634,2.0491803278688526e-06,0.0
LSC-CP-RA,"LSC-CP-RA (A=8), tamed",44d6ecf1abcc7ab097c151f5d67417fb,8da7d73e85753d4e79f54062070fbc7b,True,1,183,0.915,314246706.6982903,39280.83833728629,183.0,46848.0,0.7180568520763324,0.06065838190047468,0.06024161565415864,0.20215342829319854,0.26740836973864357,0.3921976948571308,0.7005,0.2005,0.38895164733770543,0.0018474556950415222,0.4088858753298008,0.17479177265726797,True,1.0,reject,pre_step,drift_diffusion_then_jump,iid_bank,8,every_step,True,0.00059375,0.004843750000000001,821.1222799310481,7400,0.0005245901639344263,1.010928961748634,2.0491803278688526e-06,0.0
LSC-CP-RA,"LSC-CP-RA (A=8), tamed",44d6ecf1abcc7ab097c151f5d67417fb,8da7d73e85753d4e79f54062070fbc7b,True,2,183,0.915,314246706.6982903,39280.83833728629,183.0,46848.0,0.7360918320263169,0.06694170892990292,0.0665287363425312,0.20973936777672791,0.2790928141597425,0.40467271225284324,0.7095,0.20950000000000002,0.4017800338743467,0.008537767368690719,0.39870563625615546,0.06990977171148616,True,1.0,reject,pre_step,drift_diffusion_then_jump,iid_bank,8,every_step,True,0.00059375,0.004843750000000001,821.1222799310481,7400,0.0005245901639344263,1.010928961748634,2.0491803278688526e-06,0.0
LSC-CP-RA,"LSC-CP-RA (A=8), tamed",44d6ecf1abcc7ab097c151f5d67417fb,8da7d73e85753d4e79f54062070fbc7b,True,3,183,0.915,314246706.6982903,39280.83833728629,183.0,46848.0,0.6729736807761423,0.04919496970704029,0.04877250053165072,0.18310775321522932,0.24224205359700635,0.3524466463235595,0.6815,0.1815,0.3507154197097693,0.007245614009377177,0.3768692048200951,0.12202736995635177,True,1.0,reject,pre_step,drift_diffusion_then_jump,iid_bank,8,every_step,True,0.00059375,0.004843750000000001,821.1222799310481,7400,0.0005245901639344263,1.010928961748634,2.0491803278688526e-06,0.0
LSC-CP-RA,"LSC-CP-RA (A=8), tamed",44d6ecf1abcc7ab097c151f5d67417fb,8da7d73e85753d4e79f54062070fbc7b,True,0,188,0.9400000000000001,322832682.2911398,40354.085286392474,188.0,48128.0,0.6672427658958234,0.04895270019716158,0.04853014904216335,0.18097120870462108,0.2401358242694069,0.3476659807181465,0.6805,0.1805,0.34251981636460294,0.011514836870714529,0.31986254554281907,0.068948976540257,True,1.0,reject,pre_step,drift_diffusion_then_jump,iid_bank,8,every_step,True,0.000575,0.004800000000000001,899.7160209765474,7592,0.0005259308510638297,1.0095744680851064,1.9946808510638297e-06,0.0
LSC-CP-RA,"LSC-CP-RA (A=8), tamed",44d6ecf1abcc7ab097c151f5d67417fb,8da7d73e85753d4e79f54062070fbc7b,True,1,188,0.9400000000000001,322832682.2911398,40354.085286392474,188.0,48128.0,0.7329353940291374,0.06389235191819698,0.06347664740174042,0.20729417978900083,0.27462624004783337,0.4044350455826249,0.705,0.205,0.39967634327955137,0.009135997892189218,0.4311491113205159,0.26546618187619175,True,1.0,reject,pre_step,drift_diffusion_then_jump,iid_bank,8,every_step,True,0.000575,0.004800000000000001,899.7160209765474,7592,0.0005259308510638297,1.0095744680851064,1.9946808510638297e-06,0.0
LSC-CP-RA,"LSC-CP-RA (A=8), tamed",44d6ecf1abcc7ab097c151f5d67417fb,8da7d73e85753d4e79f54062070fbc7b,True,2,188,0.9400000000000001,322832682.2911398,40354.085286392474,188.0,48128.0,0.7236304047395433,0.06228423256050075,0.061868763216489486,0.20497348284735778,0.2705203874203319,0.39236163059496143,0.7030000000000001,0.20300000000000004,0.391163193244137,0.007433591045949317,0.4215345585472063,0.12621477554214044,True,1.0,reject,pre_step,drift_diffusion_then_jump,iid_bank,8,every_step,True,0.000575,0.004800000000000001,899.7160209765474,7592,0.0005259308510638297,1.0095744680851064,1.9946808510638297e-06,0.0
LSC-CP-RA,"LSC-CP-RA (A=8), tamed",44d6ecf1abcc7ab097c151f5d67417fb,8da7d73e85753d4e79f54062070fbc7b,True,3,188,0.9400000000000001,322832682.2911398,40354.085286392474,188.0,48128.0,0.6774275310812916,0.05017468672180425,0.04975249599487774,0.18308352814327,0.24416844702490378,0.35683296885953586,0.6825,0.1825,0.3515447779896677,0.00413892175848074,0.3539198071016162,0.17139409791182902,True,1.0,reject,pre_step,drift_diffusion_then_jump,iid_bank,8,every_step,True,0.000575,0.004800000000000001,899.7160209765474,7592,0.0005259308510638297,1.0095744680851064,1.9946808510638297e-06,0.0
LSC-CP-RA,"LSC-CP-RA (A=8), tamed",44d6ecf1abcc7ab097c151f5d67417fb,8da7d73e85753d4e79f54062070fbc7b,True,0,192,0.96,329701462.76541936,41212.682845677424,192.0,49152.0,0.6670196694047895,0.04698844072494224,0.046564209564513126,0.17961586476984515,0.23716697949886742,0.3457546442190905,0.678,0.17800000000000002,0.3422107983553632,0.0005786373460030525,0.37089037232426114,0.20533070523066888,True,1.0,reject,pre_step,drift_diffusion_then_jump,iid_bank,8,every_step,True,0.00040625000000000004,0.00509375,816.9562633176038,7755,0.0005234375,1.009765625,1.953125e-06,0.0
LSC-CP-RA,"LSC-CP-RA (A=8), tamed",44d6ecf1abcc7ab097c151f5d67417fb,8da7d73e85753d4e79f54062070fbc7b,True,1,192,0.96,329701462.76541936,41212.682845677424,192.0,49152.0,0.7208365996335659,0.06065244281493343,0.06023540335163913,0.20134247045570225,0.2680099178468831,0.39317718461862294,0.7005,0.2005,0.3908324680061265,0.00368153180551245,0.43513300607984107,0.20167449856253505,True,1.0,reject,pre_step,drift_diffusion_then_jump,iid_bank,8,every_step,True,0.00040625000000000004,0.00509375,816.9562633176038,7755,0.0005234375,1.009765625,1.953125e-06,0.0
LSC-CP-RA,"LSC-CP-RA (A=8), tamed",44d6ecf1abcc7ab097c151f5d67417fb,8da7d73e85753d4e79f54062070fbc7b,True,2,192,0.96,329701462.76541936,41212.682845677424,192.0,49152.0,0.7210646426485785,0.06262983344764006,0.062214865477610126,0.204495089783769,0.26956240120510744,0.38930022063910763,0.7030000000000001,0.20300000000000004,0.3852928594004533,0.010505407890925245,0.36692301166603175,0.12000156596921097,True,1.0,reject,pre_step,drift_diffusion_then_jump,iid_bank,8,every_step,True,0.00040625000000000004,0.00509375,816.9562633176038,7755,0.0005234375,1.009765625,1.953125e-06,0.0
LSC-CP-RA,"LSC-CP-RA (A=8), tamed",44d6ecf1abcc7ab097c151f5d67417fb,8da7d73e85753d4e79f54062070fbc7b,True,3,192,0.96,329701462.76541936,41212.682845677424,192.0,49152.0,0.6706910294631871,0.0478420746889644,0.04741765684761157,0.1805959549287553,0.23990003128760476,0.35222699182081274,0.679,0.17900000000000002,0.3479737696748207,0.007051663291441468,0.38594255412432144,0.20078636416579287,True,1.0,reject,pre_step,drift_diffusion_then_jump,iid_bank,8,every_step,True,0.00040625000000000004,0.00509375,816.9562633176038,7755,0.0005234375,1.009765625,1.953125e-06,0.0
LSC-CP-RA,"LSC-CP-RA (A=8), tamed",44d6ecf1abcc7ab097c151f5d67417fb,8da7d73e85753d4e79f54062070fbc7b,True,0,196,0.98,336570243.2396989,42071.28040496236,196.0,50176.0,0.647015504254526,0.043581552603516927,0.04315643314297912,0.1722652249467458,0.22809998027697595,0.33003332348447106,0.671,0.171,0.32688741542662275,0.012410305439675695,0.3270741980567071,0.09386762093652268,True,1.0,reject,pre_step,drift_diffusion_then_jump,iid_bank,8,every_step,True,0.00071875,0.00478125,841.6040343400713,7908,0.0005274234693877551,1.008673469387755,1.913265306122449e-06,0.0
LSC-CP-RA,"LSC-CP-RA (A=8), tamed",44d6ecf1abcc7ab097c151f5d67417fb,8da7d73e85753d4e79f54062070fbc7b,True,1,196,0.98,336570243.2396989,42071.28040496236,196.0,50176.0,0.71422457052533,0.059260272834976147,0.05884242001302287,0.19856369166446497,0.2645813061949157,0.38869134644981407,0.6975,0.1975,0.3833072348688957,0.002951505297389745,0.3884064455001084,0.17596346658465,True,1.0,reject,pre_step,drift_diffusion_then_jump,iid_bank,8,every_step,True,0.00071875,0.00478125,841.6040343400713,7908,0.0005274234693877551,1.008673469387755,1.913265306122449e-06,0.0
LSC-CP-RA,"LSC-CP-RA (A=8), tamed",44d6ecf1abcc7ab097c151f5d67417fb,8da7d73e85753d4e79f54062070fbc7b,True,2,196,0.98,336570243.2396989,42071.28040496236,196.0,50176.0,0.714434971094746,0.05954483858309534,0.059126958882008585,0.19951022655469425,0.2635979613478643,0.38422891520753616,0.6970000000000001,0.19700000000000004,0.37681624805856695,0.007966824637862469,0.34390949682553457,0.21427817970775298,True,1.0,reject,pre_step,drift_diffusion_then_jump,iid_bank,8,every_step,True,0.00071875,0.00478125,841.6040343400713,7908,0.0005274234693877551,1.008673469387755,1.913265306122449e-06,0.0
LSC-CP-RA,"LSC-CP-RA (A=8), tamed",44d6ecf1abcc7ab097c151f5d67417fb,8da7d73e85753d4e79f54062070fbc7b,True,3,196,0.98,336570243.2396989,42071.28040496236,196.0,50176.0,0.6574188645051013,0.04563250601037572,0.04520763094118052,0.1772805566017246,0.2340156930860797,0.34227291520520065,0.675,0.17500000000000002,0.33914240196338097,0.0013048489300707677,0.3553496083999313,0.13723505918649848,True,1.0,reject,pre_step,drift_diffusion_then_jump,iid_bank,8,every_step,True,0.00071875,0.00478125,841.6040343400713,7908,0.0005274234693877551,1.008673469387755,1.913265306122449e-06,0.0
LSC-CP-RA,"LSC-CP-RA (A=8), tamed",44d6ecf1abcc7ab097c151f5d67417fb,8da7d73e85753d4e79f54062070fbc7b,True,0,200,1.0,343439023.71397847,42929.87796424731,200.0,51200.0,0.6410662727941728,0.04045584694295501,0.040027838800807625,0.16986478158007678,0.2223782402885257,0.32632437935288616,0.6665,0.16649999999999998,0.3246611729182975,0.005102543196770837,0.3877552962212786,0.26231201881579624,True,1.0,reject,pre_step,drift_diffusion_then_jump,iid_bank,8,every_step,True,0.00034375000000000003,0.00521875,763.0999127128339,8075,0.00052375,1.009375,1.875e-06,0.0
LSC-CP-RA,"LSC-CP-RA (A=8), tamed",44d6ecf1abcc7ab097c151f5d67417fb,8da7d73e85753d4e79f54062070fbc7b,True,1,200,1.0,343439023.71397847,42929.87796424731,200.0,51200.0,0.6979682631669358,0.05532411900520606,0.054904074236581724,0.1912155345586501,0.25529454851055683,0.3764472010906653,0.6905,0.1905,0.3677416834610455,0.00404375603129592,0.3411112494398126,0.20250204403296557,True,1.0,reject,pre_step,drift_diffusion_then_jump,iid_bank,8,every_step,True,0.00034375000000000003,0.00521875,763.0999127128339,8075,0.00052375,1.009375,1.875e-06,0.0
LSC-CP-RA,"LSC-CP-RA (A=8), tamed",44d6ecf1abcc7ab097c151f5d67417fb,8da7d73e85753d4e79f54062070fbc7b,True,2,200,1.0,343439023.71397847,42929.87796424731,200.0,51200.0,0.7045072643634887,0.055568334235681194,0.0551476995218142,0.1941165207815096,0.25638007051928646,0.37489246623419037,0.6915,0.1915,0.36897799973107936,0.01818137736180947,0.381780722936165,0.2987710905565625,True,1.0,reject,pre_step,drift_diffusion_then_jump,iid_bank,8,every_step,True,0.00034375000000000003,0.00521875,763.0999127128339,8075,0.00052375,1.009375,1.875e-06,0.0
LSC-CP-RA,"LSC-CP-RA (A=8), tamed",44d6ecf1abcc7ab097c151f5d67417fb,8da7d73e85753d4e79f54062070fbc7b,True,3,200,1.0,343439023.71397847,42929.87796424731,200.0,51200.0,0.6586430270510437,0.04634782839547591,0.04592414644400744,0.17804366713334568,0.23479341207291643,0.34117498242755323,0.6765,0.1765,0.3371096478843105,0.012690593810595563,0.3284511909315321,0.08024418801829791,True,1.0,reject,pre_step,drift_diffusion_then_jump,iid_bank,8,every_step,True,0.00034375000000000003,0.00521875,763.0999127128339,8075,0.00052375,1.009375,1.875e-06,0.0
LSC-CP-RA,"LSC-CP-RA (A=8), tamed",44d6ecf1abcc7ab097c151f5d67417fb,8da7d73e85753d4e79f54062070fbc7b,True,0,204,1.02,350307804.18825805,43788.47552353226,204.0,52224.0,0.6261056554878706,0.038675640414453816,0.03824728809528577,0.16776442949762171,0.217207631111094,0.31705609572141924,0.6625,0.16249999999999998,0.3163010279246691,0.0064664202297198825,0.36107807850202367,0.14764233778289382,True,1.0,reject,pre_step,drift_diffusion_then_jump,iid_bank,8,every_step,True,0.00059375,0.00525,844.1069942566645,8243,0.0005251225490196078,1.010171568627451,1.8382352941176471e-06,0.0
LSC-CP-RA,"LSC-CP-RA (A=8), tamed",44d6ecf1abcc7ab097c151f5d67417fb,8da7d73e85753d4e79f54062070fbc7b,True,1,204,1.02,350307804.18825805,43788.47552353226,204.0,52224.0,0.6820864568295886,0.049845609505257626,0.049422768681796736,0.18452134330092557,0.2456059596304577,0.36274187810008973,0.684,0.18400000000000002,0.3625183800566008,0.00508840409107425,0.4474487085964745,0.24484622594188765,True,1.0,reject,pre_step,drift_diffusion_then_jump,iid_bank,8,every_step,True,0.00059375,0.00525,844.1069942566645,8243,0.0005251225490196078,1.010171568627451,1.8382352941176471e-06,0.0
LSC-CP-RA,"LSC-CP-RA (A=8), tamed",44d6ecf1abcc7ab097c151f5d67417fb,8da7d73e85753d4e79f54062070fbc7b,True,2,204,1.02,350307804.18825805,43788.47552353226,204.0,52224.0,0.6969521828289442,0.05462488623454831,0.05420416301340525,0.19230637028107994,0.2538750691563842,0.37081261640778657,0.6895,0.1895,0.36514506371411953,0.008765146751185338,0.36794899275082055,0.1896966127829688,True,1.0,reject,pre_step,drift_diffusion_then_jump,iid_bank,8,every_step,True,0.00059375,0.00525,844.1069942566645,8243,0.0005251225490196078,1.010171568627451,1.8382352941176471e-06,0.0
LSC-CP-RA,"LSC-CP-RA (A=8), tamed",44d6ecf1abcc7ab097c151f5d67417fb,8da7d73e85753d4e79f54062070fbc7b,True,3,204,1.02,350307804.18825805,43788.47552353226,204.0,52224.0,0.6571970107991798,0.0450826938133736,0.04465717032048766,0.17696493840308603,0.23269060096065627,0.3407798193940389,0.675,0.17500000000000002,0.3380199322019133,0.002417875328869057,0.3631459108838771,0.14931934252152435,True,1.0,reject,pre_step,drift_diffusion_then_jump,iid_bank,8,every_step,True,0.00059375,0.00525,844.1069942566645,8243,0.0005251225490196078,1.010171568627451,1.8382352941176471e-06,0.0
LSC-CP-RA,"LSC-CP-RA (A=8), tamed",44d6ecf1abcc7ab097c151f5d67417fb,8da7d73e85753d4e79f54062070fbc7b,True,0,208,1.04,357176584.66253763,44647.0730828172,208.0,53248.0,0.6134952540211936,0.03655936442298713,0.03613087860670339,0.15991808382324957,0.21014939739954683,0.3047679449620806,0.6575,0.15749999999999997,0.301038622394891,0.019252614775845722,0.2930426123162362,0.04207617542062192,True,1.0,reject,pre_step,drift_diffusion_then_jump,iid_bank,8,every_step,True,0.00059375,0.0045625,802.8839661877519,8389,0.0005264423076923077,1.0082932692307693,1.8028846153846153e-06,0.0
LSC-CP-RA,"LSC-CP-RA (A=8), tamed",44d6ecf1abcc7ab097c151f5d67417fb,8da7d73e85753d4e79f54062070fbc7b,True,1,208,1.04,357176584.66253763,44647.0730828172,208.0,53248.0,0.6777651537907424,0.04948116946710235,0.049058535852617435,0.18262080120694613,0.24096971569734357,0.353799014773702,0.681,0.18100000000000002,0.3429739510315306,0.007095133126975961,0.25383404009054095,0.46055718417472125,True,1.0,reject,pre_step,drift_diffusion_then_jump,iid_bank,8,every_step,True,0.00059375,0.0045625,802.8839661877519,8389,0.0005264423076923077,1.0082932692307693,1.8028846153846153e-06,0.0
LSC-CP-RA,"LSC-CP-RA (A=8), tamed",44d6ecf1abcc7ab097c151f5d67417fb,8da7d73e85753d4e79f54062070fbc7b,True,2,208,1.04,357176584.66253763,44647.0730828172,208.0,53248.0,0.686050534230956,0.052799335564548966,0.052379241490101314,0.18917645067841216,0.24972078043706436,0.36137413105197896,0.687,0.18700000000000003,0.3586477558913742,0.012895444278993473,0.3424083756129866,0.04546740064852439,True,1.0,reject,pre_step,drift_diffusion_then_jump,iid_bank,8,every_step,True,0.00059375,0.0045625,802.8839661877519,8389,0.0005264423076923077,1.0082932692307693,1.8028846153846153e-06,0.0
LSC-CP-RA,"LSC-CP-RA (A=8), tamed",44d6ecf1abcc7ab097c151f5d67417fb,8da7d73e85753d4e79f54062070fbc7b,True,3,208,1.04,357176584.66253763,44647.0730828172,208.0,53248.0,0.6512466234138916,0.044743135606420625,0.04431842209083692,0.17521538444131096,0.23107253714911613,0.33554006922043095,0.674,0.17400000000000002,0.3333660202668794,0.011098243272240405,0.33010466141689043,0.07876940005292499,True,1.0,reject,pre_step,drift_diffusion_then_jump,iid_bank,8,every_step,True,0.00059375,0.0045625,802.8839661877519,8389,0.0005264423076923077,1.0082932692307693,1.8028846153846153e-06,0.0
LSC-CP-RA,"LSC-CP-RA (A=8), tamed",44d6ecf1abcc7ab097c151f5d67417fb,8da7d73e85753d4e79f54062070fbc7b,True,0,212,1.06,364045365.1368172,45505.67064210215,212.0,54272.0,0.6107524010725287,0.035302674413684954,0.03487235088593965,0.15886400191584382,0.20633001555618713,0.30179339449208853,0.6545,0.15449999999999997,0.2938323765925054,0.0013487024463310071,0.2682699756549985,0.22981788842266282,True,1.0,reject,pre_step,drift_diffusion_then_jump,iid_bank,8,every_step,True,0.00040625000000000004,0.004625000000000001,4235.519956123894,8537,0.0005241745283018868,1.0067216981132074,1.7688679245283019e-06,0.0
LSC-CP-RA,"LSC-CP-RA (A=8), tamed",44d6ecf1abcc7ab097c151f5d67417fb,8da7d73e85753d4e79f54062070fbc7b,True,1,212,1.06,364045365.1368172,45505.67064210215,212.0,54272.0,0.6728755464801915,0.048569934919983515,0.04814650901077688,0.18203118431658205,0.23968717964294048,0.35065777826741906,0.6805,0.1805,0.3431503813627449,0.0022626612561931214,0.32902939048402896,0.22700658368817261,True,1.0,reject,pre_step,drift_diffusion_then_jump,iid_bank,8,every_step,True,0.00040625000000000004,0.004625000000000001,4235.519956123894,8537,0.0005241745283018868,1.0067216981132074,1.7688679245283019e-06,0.0
LSC-CP-RA,"LSC-CP-RA (A=8), tamed",44d6ecf1abcc7ab097c151f5d67417fb,8da7d73e85753d4e79f54062070fbc7b,True,2,212,1.06,364045365.1368172,45505.67064210215,212.0,54272.0,0.6903317200914667,0.05247784412194978,0.05205657849553014,0.18895619525576585,0.2500009797844328,0.36594982160282435,0.6875,0.1875,0.3620657573632507,0.00046669351556771765,0.38289988144928405,0.18475857805586748,True,1.0,reject,pre_step,drift_diffusion_then_jump,iid_bank,8,every_step,True,0.00040625000000000004,0.004625000000000001,4235.519956123894,8537,0.0005241745283018868,1.0067216981132074,1.7688679245283019e-06,0.0
LSC-CP-RA,"LSC-CP-RA (A=8), tamed",44d6ecf1abcc7ab097c151f5d67417fb,8da7d73e85753d4e79f54062070fbc7b,True,3,212,1.06,364045365.1368172,45505.67064210215,212.0,54272.0,0.6423678575075007,0.04250779654774328,0.04208202826691765,0.170035893641319,0.22451908123316675,0.32486933308149035,0.6695,0.16949999999999998,0.31879055533687567,0.01101512170742669,0.2848296420767477,0.1262570094988421,True,1.0,reject,pre_step,drift_diffusion_then_jump,iid_bank,8,every_step,True,0.00040625000000000004,0.004625000000000001,4235.519956123894,8537,0.0005241745283018868,1.0067216981132074,1.7688679245283019e-06,0.0
LSC-CP-RA,"LSC-CP-RA (A=8), tamed",44d6ecf1abcc7ab097c151f5d67417fb,8da7d73e85753d4e79f54062070fbc7b,True,0,217,1.085,372631340.72966665,46578.91759120833,217.0,55552.0,0.5923606811326918,0.03284172488471904,0.03241147451750315,0.1525588974492108,0.19994299132867527,0.2898293813539564,0.65,0.15,0.28590581293509415,0.024156566874498853,0.2789783862973625,0.021431056076124944,True,1.0,reject,pre_step,drift_diffusion_then_jump,iid_bank,8,every_step,True,0.00065,0.004525,849.3919190278945,8718,0.000527073732718894,1.0043778801843317,1.728110599078341e-06,0.0
LSC-CP-RA,"LSC-CP-RA (A=8), tamed",44d6ecf1abcc7ab097c151f5d67417fb,8da7d73e85753d4e79f54062070fbc7b,True,1,217,1.085,372631340.72966665,46578.91759120833,217.0,55552.0,0.6645140305642702,0.04735234962074353,0.04692959273655084,0.1799806281738059,0.23810695856366862,0.3451344803219773,0.6785,0.1785,0.344607237007599,0.019375082780981767,0.3614415549557584,0.02761606118064852,True,1.0,reject,pre_step,drift_diffusion_then_jump,iid_bank,8,every_step,True,0.00065,0.004525,849.3919190278945,8718,0.000527073732718894,1.0043778801843317,1.728110599078341e-06,0.0
LSC-CP-RA,"LSC-CP-RA (A=8), tamed",44d6ecf1abcc7ab097c151f5d67417fb,8da7d73e85753d4e79f54062070fbc7b,True,2,217,1.085,372631340.72966665,46578.91759120833,217.0,55552.0,0.678136394805165,0.05034537035486397,0.0499235452170107,0.1844141220302848,0.2441184176542046,0.35482407911774794,0.6835,0.1835,0.3499356019346124,0.009110237526990028,0.3498669998694674,0.12717407926265467,True,1.0,reject,pre_step,drift_diffusion_then_jump,iid_bank,8,every_step,True,0.00065,0.004525,849.3919190278945,8718,0.000527073732718894,1.0043778801843317,1.728110599078341e-06,0.0
LSC-CP-RA,"LSC-CP-RA (A=8), tamed",44d6ecf1abcc7ab097c151f5d67417fb,8da7d73e85753d4e79f54062070fbc7b,True,3,217,1.085,372631340.72966665,46578.91759120833,217.0,55552.0,0.634482040288374,0.039715619661473744,0.03928745979329107,0.16564018157637944,0.21902413906439583,0.3203882409580357,0.664,0.164,0.3162776033946391,0.0025988312934250857,0.31761444655141396,0.1628840946642941,True,1.0,reject,pre_step,drift_diffusion_then_jump,iid_bank,8,every_step,True,0.00065,0.004525,849.3919190278945,8718,0.000527073732718894,1.0043778801843317,1.728110599078341e-06,0.0
LSC-CP-RA,"LSC-CP-RA (A=8), tamed",44d6ecf1abcc7ab097c151f5d67417fb,8da7d73e85753d4e79f54062070fbc7b,True,0,221,1.105,379500121.20394623,47437.51515049328,221.0,56576.0,0.5853987174373478,0.03146768530968258,0.031036521394598116,0.14849060111875573,0.19667049155641117,0.2857674120439009,0.647,0.14700000000000002,0.2818765384923394,0.02190482150175921,0.28352810121795224,0.009469336465538158,True,1.0,reject,pre_step,drift_diffusion_then_jump,iid_bank,8,every_step,True,0.00046875,0.005187499999999999,837.0000553492733,8884,0.0005260180995475114,1.0049773755656108,1.6968325791855205e-06,0.0
LSC-CP-RA,"LSC-CP-RA (A=8), tamed",44d6ecf1abcc7ab097c151f5d67417fb,8da7d73e85753d4e79f54062070fbc7b,True,1,221,1.105,379500121.20394623,47437.51515049328,221.0,56576.0,0.6677538852052592,0.04554017938320687,0.04511311891992942,0.17758844519316952,0.23452733740939918,0.3501836979618942,0.676,0.17600000000000002,0.34162476986281326,0.027607085255713093,0.3655690311212893,0.402794309283815,True,1.0,reject,pre_step,drift_diffusion_then_jump,iid_bank,8,every_step,True,0.00046875,0.005187499999999999,837.0000553492733,8884,0.0005260180995475114,1.0049773755656108,1.6968325791855205e-06,0.0
LSC-CP-RA,"LSC-CP-RA (A=8), tamed",44d6ecf1abcc7ab097c151f5d67417fb,8da7d73e85753d4e79f54062070fbc7b,True,2,221,1.105,379500121.20394623,47437.51515049328,221.0,56576.0,0.6717806163974863,0.04763633419481872,0.047212370592610964,0.18072445061334663,0.23840526981652538,0.34765827206661837,0.6795,0.1795,0.3441187065159633,0.0043393820612062095,0.3731839434291987,0.23008884954992037,True,1.0,reject,pre_step,drift_diffusion_then_jump,iid_bank,8,every_step,True,0.00046875,0.005187499999999999,837.0000553492733,8884,0.0005260180995475114,1.0049773755656108,1.6968325791855205e-06,0.0
LSC-CP-RA,"LSC-CP-RA (A=8), tamed",44d6ecf1abcc7ab097c151f5d67417fb,8da7d73e85753d4e79f54062070fbc7b,True,3,221,1.105,379500121.20394623,47437.51515049328,221.0,56576.0,0.6141243969620371,0.03455884854846891,0.03412817231779752,0.15723488812868464,0.20650958266310876,0.30252993618139834,0.655,0.155,0.3009406094636709,0.0014499935357514815,0.3657669096476597,0.22737221077718706,True,1.0,reject,pre_step,drift_diffusion_then_jump,iid_bank,8,every_step,True,0.00046875,0.005187499999999999,837.0000553492733,8884,0.0005260180995475114,1.0049773755656108,1.6968325791855205e-06,0.0
LSC-CP-RA,"LSC-CP-RA (A=8), tamed",44d6ecf1abcc7ab097c151f5d67417fb,8da7d73e85753d4e79f54062070fbc7b,True,0,225,1.125,386368901.6782258,48296.11270977823,225.0,57600.0,0.5815710119659592,0.03075309857844577,0.03032051533846425,0.14673614077455494,0.19301205867459617,0.2813600737276398,0.6455,0.1455,0.27458139984318936,0.007979475299135008,0.24310420877685576,0.10571932746406987,True,1.0,reject,pre_step,drift_diffusion_then_jump,iid_bank,8,every_step,True,0.00059375,0.00578125,874.7742918562727,9069,0.0005272222222222222,1.0076666666666667,1.6666666666666667e-06,0.0
LSC-CP-RA,"LSC-CP-RA (A=8), tamed",44d6ecf1abcc7ab097c151f5d67417fb,8da7d73e85753d4e79f54062070fbc7b,True,1,225,1.125,386368901.6782258,48296.11270977823,225.0,57600.0,0.6601461906049844,0.0443038798359463,0.043877240778176674,0.17621713896930796,0.2321196485174786,0.34413257273370246,0.6745,0.1745,0.341018333406635,0.013797323649673121,0.41108223201410105,0.313896496640807,True,1.0,reject,pre_step,drift_diffusion_then_jump,iid_bank,8,every_step,True,0.00059375,0.00578125,874.7742918562727,9069,0.0005272222222222222,1.0076666666666667,1.6666666666666667e-06,0.0
LSC-CP-RA,"LSC-CP-RA (A=8), tamed",44d6ecf1abcc7ab097c151f5d67417fb,8da7d73e85753d4e79f54062070fbc7b,True,2,225,1.125,386368901.6782258,48296.11270977823,225.0,57600.0,0.6707992639506888,0.04703540901160164,0.046610976320340725,0.1800719844840658,0.23727487450364906,0.34666262184637037,0.6785,0.1785,0.34234101235717046,0.008034698645474014,0.3898604562852448,0.2943934274039036,True,1.0,reject,pre_step,drift_diffusion_then_jump,iid_bank,8,every_step,True,0.00059375,0.00578125,874.7742918562727,9069,0.0005272222222222222,1.0076666666666667,1.6666666666666667e-06,0.0
LSC-CP-RA,"LSC-CP-RA (A=8), tamed",44d6ecf1abcc7ab097c151f5d67417fb,8da7d73e85753d4e79f54062070fbc7b,True,3,225,1.125,386368901.6782258,48296.11270977823,225.0,57600.0,0.6004078746062033,0.03342714744483155,0.03299649195395504,0.1522101764889554,0.20218461909911994,0.29360332667744704,0.6515,0.15149999999999997,0.29117319055312985,0.010367667823943716,0.2976987610275623,0.05157384645938301,True,1.0,reject,pre_step,drift_diffusion_then_jump,iid_bank,8,every_step,True,0.00059375,0.00578125,874.7742918562727,9069,0.0005272222222222222,1.0076666666666667,1.6666666666666667e-06,0.0
LSC-CP-RA,"LSC-CP-RA (A=8), tamed",44d6ecf1abcc7ab097c151f5d67417fb,8da7d73e85753d4e79f54062070fbc7b,True,0,229,1.145,393237682.15250534,49154.710269063165,229.0,58624.0,0.5693131662656848,0.028499045273200907,0.028065959465539136,0.1431418013723197,0.18773166373000363,0.27292797164702914,0.641,0.14100000000000001,0.2704640565100248,0.017595841441251814,0.28694864084265376,0.09621291339088256,True,1.0,reject,pre_step,drift_diffusion_then_jump,iid_bank,8,every_step,True,0.000375,0.004656250000000001,709.5180893316024,9218,0.0005245633187772926,1.0063318777292576,1.6375545851528385e-06,0.0
LSC-CP-RA,"LSC-CP-RA (A=8), tamed",44d6ecf1abcc7ab097c151f5d67417fb,8da7d73e85753d4e79f54062070fbc7b,True,1,229,1.145,393237682.15250534,49154.710269063165,229.0,58624.0,0.6366356505651306,0.04127222453847312,0.04084521968754107,0.1684376110361463,0.22213003390747826,0.323992359510408,0.667,0.167,0.3188862797087651,0.004880961545279283,0.30385116655540145,0.12701039453805973,True,1.0,reject,pre_step,drift_diffusion_then_jump,iid_bank,8,every_step,True,0.000375,0.004656250000000001,709.5180893316024,9218,0.0005245633187772926,1.0063318777292576,1.6375545851528385e-06,0.0
LSC-CP-RA,"LSC-CP-RA (A=8), tamed",44d6ecf1abcc7ab097c151f5d67417fb,8da7d73e85753d4e79f54062070fbc7b,True,2,229,1.145,393237682.15250534,49154.710269063165,229.0,58624.0,0.6646585050083489,0.045916727948578706,0.045491675748433935,0.1784417580289015,0.23484628847187355,0.34141397375685223,0.6765,0.1765,0.3386379429597096,0.004472418401096578,0.3706809770080459,0.22333142826019337,True,1.0,reject,pre_step,drift_diffusion_then_jump,iid_bank,8,every_step,True,0.000375,0.004656250000000001,709.5180893316024,9218,0.0005245633187772926,1.0063318777292576,1.6375545851528385e-06,0.0
LSC-CP-RA,"LSC-CP-RA (A=8), tamed",44d6ecf1abcc7ab097c151f5d67417fb,8da7d73e85753d4e79f54062070fbc7b,True,3,229,1.145,393237682.15250534,49154.710269063165,229.0,58624.0,0.6003722119516853,0.03224847297984024,0.03181579404698964,0.15176165706240663,0.19972173241679478,0.2949296180349688,0.649,0.149,0.2908314797260021,0.011021491024541419,0.3185304658065179,0.22765119662691713,True,1.0,reject,pre_step,drift_diffusion_then_jump,iid_bank,8,every_step,True,0.000375,0.004656250000000001,709.5180893316024,9218,0.0005245633187772926,1.0063318777292576,1.6375545851528385e-06,0.0
LSC-CP-RA,"LSC-CP-RA (A=8), tamed",44d6ecf1abcc7ab097c151f5d67417fb,8da7d73e85753d4e79f54062070fbc7b,True,0,233,1.165,400106462.6267849,50013.307828348115,233.0,59648.0,0.5629503551873042,0.026390110668119693,0.025955366552992132,0.14015114661883887,0.18165147838831117,0.26724726188172826,0.636,0.136,0.2640334741023706,0.0006429064143295138,0.32892021713137237,0.419492899766278,True,1.0,reject,pre_step,drift_diffusion_then_jump,iid_bank,8,every_step,True,0.0005,0.004781250000000001,837.3610716481255,9371,0.0005241416309012876,1.005472103004292,1.609442060085837e-06,0.0
LSC-CP-RA,"LSC-CP-RA (A=8), tamed",44d6ecf1abcc7ab097c151f5d67417fb,8da7d73e85753d4e79f54062070fbc7b,True,1,233,1.165,400106462.6267849,50013.307828348115,233.0,59648.0,0.6351739614153559,0.039450569000821334,0.039021742341405874,0.16524784503419027,0.21876342627620743,0.32368776689304896,0.6645,0.16449999999999998,0.31842204913815125,0.010038093320434927,0.35503943656116704,0.30841492240626056,True,1.0,reject,pre_step,drift_diffusion_then_jump,iid_bank,8,every_step,True,0.0005,0.004781250000000001,837.3610716481255,9371,0.0005241416309012876,1.005472103004292,1.609442060085837e-06,0.0
LSC-CP-RA,"LSC-CP-RA (A=8), tamed",44d6ecf1abcc7ab097c151f5d67417fb,8da7d73e85753d4e79f54062070fbc7b,True,2,233,1.165,400106462.6267849,50013.307828348115,233.0,59648.0,0.6613013463417192,0.04560406726694266,0.04517907691058942,0.17760682277437667,0.23274882416565815,0.33804937040819494,0.6745,0.1745,0.33128983111279475,0.0028861477700602434,0.30590774084800637,0.23296544228484273,True,1.0,reject,pre_step,drift_diffusion_then_jump,iid_bank,8,every_step,True,0.0005,0.004781250000000001,837.3610716481255,9371,0.0005241416309012876,1.005472103004292,1.609442060085837e-06,0.0
LSC-CP-RA,"LSC-CP-RA (A=8), tamed",44d6ecf1abcc7ab097c151f5d67417fb,8da7d73e85753d4e79f54062070fbc7b,True,3,233,1.165,400106462.6267849,50013.307828348115,233.0,59648.0,0.5986787994042814,0.031873470601444076,0.03144068930681798,0.1515405015506141,0.19828222433202414,0.29240039115254945,0.6485,0.14849999999999997,0.2866071292455815,0.008867183232873943,0.3070459073185216,0.23855946066079936,True,1.0,reject,pre_step,drift_diffusion_then_jump,iid_bank,8,every_step,True,0.0005,0.004781250000000001,837.3610716481255,9371,0.0005241416309012876,1.005472103004292,1.609442060085837e-06,0.0
LSC-CP-RA,"LSC-CP-RA (A=8), tamed",44d6ecf1abcc7ab097c151f5d67417fb,8da7d73e85753d4e79f54062070fbc7b,True,0,238,1.19,408692438.2196344,51086.5547774543,238.0,60928.0,0.5492662270491812,0.024140451099949112,0.02370292780813177,0.13059652066502592,0.17402918951530572,0.2589710465396683,0.63,0.13,0.24980250949630278,0.015283622006307063,0.2325855792271195,0.33508950391000425,True,1.0,reject,pre_step,drift_diffusion_then_jump,iid_bank,8,every_step,True,0.00055,0.0053,4224.517722851872,9583,0.0005246848739495798,1.0066176470588235,1.5756302521008404e-06,0.0
LSC-CP-RA,"LSC-CP-RA (A=8), tamed",44d6ecf1abcc7ab097c151f5d67417fb,8da7d73e85753d4e79f54062070fbc7b,True,1,238,1.19,408692438.2196344,51086.5547774543,238.0,60928.0,0.6314891955506882,0.0388875241221569,0.03845925489205759,0.16555032739914466,0.21793466830146077,0.3195687468491737,0.6635,0.16349999999999998,0.3172892211343966,0.0041055492393681225,0.369323091459817,0.20806679834445074,True,1.0,reject,pre_step,drift_diffusion_then_jump,iid_bank,8,every_step,True,0.00055,0.0053,4224.517722851872,9583,0.0005246848739495798,1.0066176470588235,1.5756302521008404e-06,0.0
LSC-CP-RA,"LSC-CP-RA (A=8), tamed",44d6ecf1abcc7ab097c151f5d67417fb,8da7d73e85753d4e79f54062070fbc7b,True,2,238,1.19,408692438.2196344,51086.5547774543,238.0,60928.0,0.6559724809422985,0.043714216849530585,0.04328828163437981,0.17370376973940127,0.22955393044106445,0.3350424938260854,0.672,0.17200000000000001,0.33167493446034246,0.0021334996274803286,0.37410362505888883,0.23830451116792906,True,1.0,reject,pre_step,drift_diffusion_then_jump,iid_bank,8,every_step,True,0.00055,0.0053,4224.517722851872,9583,0.0005246848739495798,1.0066176470588235,1.5756302521008404e-06,0.0
LSC-CP-RA,"LSC-CP-RA (A=8), tamed",44d6ecf1abcc7ab097c151f5d67417fb,8da7d73e85753d4e79f54062070fbc7b,True,3,238,1.19,408692438.2196344,51086.5547774543,238.0,60928.0,0.5891144212508291,0.03041121749393605,0.02997857544420135,0.1474922198719782,0.19346918502030933,0.2841843871639364,0.6455,0.1455,0.27774869504498995,0.0001458025397149676,0.26957649752990837,0.26604959613054613,True,1.0,reject,pre_step,drift_diffusion_then_jump,iid_bank,8,every_step,True,0.00055,0.0053,4224.517722851872,9583,0.0005246848739495798,1.0066176470588235,1.5756302521008404e-06,0.0
LSC-CP-RA,"LSC-CP-RA (A=8), tamed",44d6ecf1abcc7ab097c151f5d67417fb,8da7d73e85753d4e79f54062070fbc7b,True,0,242,1.21,415561218.693914,51945.15233673925,242.0,61952.0,0.5337750530587935,0.021671912680912064,0.021234305098554396,0.12624883870245662,0.16685481591441786,0.24525080097325863,0.624,0.124,0.24344357650488013,6.282144046521054e-06,0.30692120512417126,0.2680085091169079,True,1.0,reject,pre_step,drift_diffusion_then_jump,iid_bank,8,every_step,True,0.00084375,0.005125,1733.6257725746166,9747,0.0005299586776859504,1.0069214876033057,1.549586776859504e-06,0.0
LSC-CP-RA,"LSC-CP-RA (A=8), tamed",44d6ecf1abcc7ab097c151f5d67417fb,8da7d73e85753d4e79f54062070fbc7b,True,1,242,1.21,415561218.693914,51945.15233673925,242.0,61952.0,0.624527517350746,0.036664527321048634,0.03623359704376372,0.16130617636781752,0.2114678981103059,0.31378114391535816,0.659,0.159,0.30585589579083267,0.018396751681775347,0.3408949862153569,0.3924845914000322,True,1.0,reject,pre_step,drift_diffusion_then_jump,iid_bank,8,every_step,True,0.00084375,0.005125,1733.6257725746166,9747,0.0005299586776859504,1.0069214876033057,1.549586776859504e-06,0.0
LSC-CP-RA,"LSC-CP-RA (A=8), tamed",44d6ecf1abcc7ab097c151f5d67417fb,8da7d73e85753d4e79f54062070fbc7b,True,2,242,1.21,415561218.693914,51945.15233673925,242.0,61952.0,0.6396514274381854,0.04118066937562315,0.04075345211463044,0.16965877376983074,0.22218741146490106,0.3228069245999765,0.6675,0.16749999999999998,0.31950736594842544,0.003658603490029,0.32451419948624355,0.12192268690416841,True,1.0,reject,pre_step,drift_diffusion_then_jump,iid_bank,8,every_step,True,0.00084375,0.005125,1733.6257725746166,9747,0.0005299586776859504,1.0069214876033057,1.549586776859504e-06,0.0
LSC-CP-RA,"LSC-CP-RA (A=8), tamed",44d6ecf1abcc7ab097c151f5d67417fb,8da7d73e85753d4e79f54062070fbc7b,True,3,242,1.21,415561218.693914,51945.15233673925,242.0,61952.0,0.5738775614300002,0.028670403654216803,0.028237083232836913,0.1445196082403794,0.18812510010042477,0.27444182352401203,0.642,0.14200000000000002,0.27205957636495387,0.008832310269463295,0.2872369681331015,0.11713318841384368,True,1.0,reject,pre_step,drift_diffusion_then_jump,iid_bank,8,every_step,True,0.00084375,0.005125,1733.6257725746166,9747,0.0005299586776859504,1.0069214876033057,1.549586776859504e-06,0.0
LSC-CP-RA,"LSC-CP-RA (A=8), tamed",44d6ecf1abcc7ab097c151f5d67417fb,8da7d73e85753d4e79f54062070fbc7b,True,0,246,1.23,422429999.1681935,52803.74989602419,246.0,62976.0,0.5253270638526447,0.020643859966396394,0.020205621564462373,0.12446414922876414,0.1638291369924533,0.2416409101123601,0.6215,0.12150000000000002,0.2406159944216461,0.000665989547914414,0.30190440078263076,0.19067462826285564,True,1.0,reject,pre_step,drift_diffusion_then_jump,iid_bank,8,every_step,True,0.00040625000000000004,0.00484375,2042.2028799769148,9902,0.0005279471544715447,1.0063008130081301,1.5243902439024391e-06,0.0
LSC-CP-RA,"LSC-CP-RA (A=8), tamed",44d6ecf1abcc7ab097c151f5d67417fb,8da7d73e85753d4e79f54062070fbc7b,True,1,246,1.23,422429999.1681935,52803.74989602419,246.0,62976.0,0.5966762187573408,0.033564130642625756,0.033133855871171014,0.15451155667611216,0.20190533204979572,0.2927200980113517,0.6525,0.15249999999999997,0.29011173789514505,0.016867563905619276,0.28808388339591423,0.07760292901246613,True,1.0,reject,pre_step,drift_diffusion_then_jump,iid_bank,8,every_step,True,0.00040625000000000004,0.00484375,2042.2028799769148,9902,0.0005279471544715447,1.0063008130081301,1.5243902439024391e-06,0.0
LSC-CP-RA,"LSC-CP-RA (A=8), tamed",44d6ecf1abcc7ab097c151f5d67417fb,8da7d73e85753d4e79f54062070fbc7b,True,2,246,1.23,422429999.1681935,52803.74989602419,246.0,62976.0,0.6314932753125235,0.0397513213034022,0.039323704036479556,0.16637522014595152,0.2169142411574915,0.31407709511354037,0.6635,0.16349999999999998,0.305409483808107,0.005104323740051431,0.24586611957104468,0.11605297891977451,True,1.0,reject,pre_step,drift_diffusion_then_jump,iid_bank,8,every_step,True,0.00040625000000000004,0.00484375,2042.2028799769148,9902,0.0005279471544715447,1.0063008130081301,1.5243902439024391e-06,0.0
LSC-CP-RA,"LSC-CP-RA (A=8), tamed",44d6ecf1abcc7ab097c151f5d67417fb,8da7d73e85753d4e79f54062070fbc7b,True,3,246,1.23,422429999.1681935,52803.74989602419,246.0,62976.0,0.5650945809923452,0.027683142950250095,0.027248920893336304,0.14098724204514512,0.18370967834149357,0.2684105494154607,0.639,0.139,0.2614574984950688,0.005512631180644156,0.2385008136117193,0.14159965874600122,True,1.0,reject,pre_step,drift_diffusion_then_jump,iid_bank,8,every_step,True,0.00040625000000000004,0.00484375,2042.2028799769148,9902,0.0005279471544715447,1.0063008130081301,1.5243902439024391e-06,0.0
LSC-CP-RA,"LSC-CP-RA (A=8), tamed",44d6ecf1abcc7ab097c151f5d67417fb,8da7d73e85753d4e79f54062070fbc7b,True,0,250,1.25,429298779.6424731,53662.34745530914,250.0,64000.0,0.5146229934711356,0.019794415103834617,0.019355692889184817,0.12095039723116019,0.15810378740900138,0.23206393616821336,0.6185,0.11850000000000002,0.22450950007708148,0.0016221344694999917,0.20589758383407386,0.18319107723303263,True,1.0,reject,pre_step,drift_diffusion_then_jump,iid_bank,8,every_step,True,0.00028125000000000003,0.00553125,736.3402254212276,10079,0.000524,1.0079,1.5e-06,0.0
LSC-CP-RA,"LSC-CP-RA (A=8), tamed",44d6ecf1abcc7ab097c151f5d67417fb,8da7d73e85753d4e79f54062070fbc7b,True,1,250,1.25,429298779.6424731,53662.34745530914,250.0,64000.0,0.5954959536271338,0.03279348060737963,0.03236202941207644,0.15324868181231666,0.20044208877406006,0.29347205597920856,0.6515,0.15149999999999997,0.29116640926605164,0.00599258602067354,0.3231229243201594,0.169509025980067,True,1.0,reject,pre_step,drift_diffusion_then_jump,iid_bank,8,every_step,True,0.00028125000000000003,0.00553125,736.3402254212276,10079,0.000524,1.0079,1.5e-06,0.0
LSC-CP-RA,"LSC-CP-RA (A=8), tamed",44d6ecf1abcc7ab097c151f5d67417fb,8da7d73e85753d4e79f54062070fbc7b,True,2,250,1.25,429298779.6424731,53662.34745530914,250.0,64000.0,0.6272194936394565,0.03767382874223735,0.03724392722583014,0.16319361348219574,0.21272561695138484,0.31274169031984533,0.6605,0.16049999999999998,0.304346958912976,0.013599248926479235,0.29505214702573684,0.32535182882014635,True,1.0,reject,pre_step,drift_diffusion_then_jump,iid_bank,8,every_step,True,0.00028125000000000003,0.00553125,736.3402254212276,10079,0.000524,1.0079,1.5e-06,0.0
LSC-CP-RA,"LSC-CP-RA (A=8), tamed",44d6ecf1abcc7ab097c151f5d67417fb,8da7d73e85753d4e79f54062070fbc7b,True,3,250,1.25,429298779.6424731,53662.34745530914,250.0,64000.0,0.5570710678119364,0.025925880224416442,0.025490623678561142,0.13736911972295052,0.17944122784666902,0.2622002878449652,0.6355000000000001,0.13550000000000004,0.25803347479670047,0.004625699776077186,0.27191779575368813,0.11430612916823157,True,1.0,reject,pre_step,drift_diffusion_then_jump,iid_bank,8,every_step,True,0.00028125000000000003,0.00553125,736.3402254212276,10079,0.000524,1.0079,1.5e-06,0.0
LSC-CP-RA,"LSC-CP-RA (A=8), tamed",44d6ecf1abcc7ab097c151f5d67417fb,8da7d73e85753d4e79f54062070fbc7b,True,0,280,1.4000000000000001,480814633.1995699,60101.829149946236,280.0,71680.0,0.4532043035185889,0.012998779216214507,0.012556580674604856,0.10577262933660869,0.13209208995237426,0.1946901690407789,0.5975,0.0975,0.18801222157584696,0.007966327010800689,0.18179031214174646,0.13616880565916156,True,1.0,reject,pre_step,drift_diffusion_then_jump,iid_bank,8,every_step,True,0.0005166666666666668,0.005000000000000001,3788.3155261846223,11279,0.0005232142857142857,1.0070535714285713,1.3392857142857143e-06,0.0
LSC-CP-RA,"LSC-CP-RA (A=8), tamed",44d6ecf1abcc7ab097c151f5d67417fb,8da7d73e85753d4e79f54062070fbc7b,True,1,280,1.4000000000000001,480814633.1995699,60101.829149946236,280.0,71680.0,0.5347457284663786,0.022935674334685463,0.022499317874353775,0.1294006239947168,0.17061301445573382,0.24839898278842554,0.628,0.128,0.2476322988752851,0.01291828028585107,0.28047085278354633,0.09556702910797121,True,1.0,reject,pre_step,drift_diffusion_then_jump,iid_bank,8,every_step,True,0.0005166666666666668,0.005000000000000001,3788.3155261846223,11279,0.0005232142857142857,1.0070535714285713,1.3392857142857143e-06,0.0
LSC-CP-RA,"LSC-CP-RA (A=8), tamed",44d6ecf1abcc7ab097c151f5d67417fb,8da7d73e85753d4e79f54062070fbc7b,True,2,280,1.4000000000000001,480814633.1995699,60101.829149946236,280.0,71680.0,0.5686969179047864,0.02797914888165076,0.02754517522416433,0.14150278603536276,0.18587893488271576,0.27208082184226934,0.641,0.14100000000000001,0.2676854802021181,0.0077777657689357405,0.28153604841185415,0.12214792670484809,True,1.0,reject,pre_step,drift_diffusion_then_jump,iid_bank,8,every_step,True,0.0005166666666666668,0.005000000000000001,3788.3155261846223,11279,0.0005232142857142857,1.0070535714285713,1.3392857142857143e-06,0.0
LSC-CP-RA,"LSC-CP-RA (A=8), tamed",44d6ecf1abcc7ab097c151f5d67417fb,8da7d73e85753d4e79f54062070fbc7b,True,3,280,1.4000000000000001,480814633.1995699,60101.829149946236,280.0,71680.0,0.5129464666453935,0.01860244880515982,0.018162296781410125,0.11743880175079047,0.15576713551654076,0.23283758434893176,0.617,0.11699999999999999,0.22812805133429265,0.011476966724268567,0.28297644779181835,0.32819097493120275,True,1.0,reject,pre_step,drift_diffusion_then_jump,iid_bank,8,every_step,True,0.0005166666666666668,0.005000000000000001,3788.3155261846223,11279,0.0005232142857142857,1.0070535714285713,1.3392857142857143e-06,0.0
LSC-CP-RA,"LSC-CP-RA (A=8), tamed",44d6ecf1abcc7ab097c151f5d67417fb,8da7d73e85753d4e79f54062070fbc7b,True,0,309,1.545,530613291.63809675,66326.6614547621,309.0,79104.0,0.4254404683242994,0.0105129431138129,0.010069568005788399,0.09115114661883894,0.11999263430956664,0.17848635239919994,0.589,0.08899999999999997,0.17183655023570676,0.01021042186104626,0.16162267083752815,0.14881043053492482,True,1.0,reject,pre_step,drift_diffusion_then_jump,iid_bank,8,every_step,True,0.0005517241379310347,0.005025862068965519,1603.8020515379847,12445,0.0005258899676375405,1.0068770226537216,1.2135922330097087e-06,0.0
LSC-CP-RA,"LSC-CP-RA (A=8), tamed",44d6ecf1abcc7ab097c151f5d67417fb,8da7d73e85753d4e79f54062070fbc7b,True,1,309,1.545,530613291.63809675,66326.6614547621,309.0,79104.0,0.4984575471350715,0.01825538429877238,0.017816171508798773,0.11799643518006109,0.15295155127659754,0.2235518247986782,0.6145,0.11450000000000002,0.2187541090876397,0.009888318801003604,0.22634065582309199,0.12331479650257815,True,1.0,reject,pre_step,drift_diffusion_then_jump,iid_bank,8,every_step,True,0.0005517241379310347,0.005025862068965519,1603.8020515379847,12445,0.0005258899676375405,1.0068770226537216,1.2135922330097087e-06,0.0
LSC-CP-RA,"LSC-CP-RA (A=8), tamed",44d6ecf1abcc7ab097c151f5d67417fb,8da7d73e85753d4e79f54062070fbc7b,True,2,309,1.545,530613291.63809675,66326.6614547621,309.0,79104.0,0.5168238802198255,0.019448199782005404,0.0190089814120995,0.1194558517538245,0.15822997409731693,0.23511196293248565,0.619,0.119,0.2288538708610347,0.004111912537900331,0.25273654744298807,0.28615121389780496,True,1.0,reject,pre_step,drift_diffusion_then_jump,iid_bank,8,every_step,True,0.0005517241379310347,0.005025862068965519,1603.8020515379847,12445,0.0005258899676375405,1.0068770226537216,1.2135922330097087e-06,0.0
LSC-CP-RA,"LSC-CP-RA (A=8), tamed",44d6ecf1abcc7ab097c151f5d67417fb,8da7d73e85753d4e79f54062070fbc7b,True,3,309,1.545,530613291.63809675,66326.6614547621,309.0,79104.0,0.4272669094065932,0.010758089990833386,0.010314822978260807,0.09234529319002704,0.12134900835376507,0.17929349484687473,0.5905,0.0905,0.17201389603240802,0.012492916752669392,0.1678508339732394,0.10953811450916018,True,1.0,reject,pre_step,drift_diffusion_then_jump,iid_bank,8,every_step,True,0.0005517241379310347,0.005025862068965519,1603.8020515379847,12445,0.0005258899676375405,1.0068770226537216,1.2135922330097087e-06,0.0
LSC-CP-RA,"LSC-CP-RA (A=8), tamed",44d6ecf1abcc7ab097c151f5d67417fb,8da7d73e85753d4e79f54062070fbc7b,True,0,339,1.695,582129145.1951935,72766.14314939918,339.0,86784.0,0.379060866346859,0.006945776993833697,0.006499854471436861,0.08236284771996538,0.1017941421247755,0.15203498671216278,0.5745,0.07450000000000001,0.1495247529305832,0.003580665259061977,0.19363542628783048,0.17302110356289113,True,1.0,reject,pre_step,drift_diffusion_then_jump,iid_bank,8,every_step,True,0.0004916666666666668,0.005104166666666668,1390.1739241695852,13670,0.0005228613569321534,1.0081120943952802,1.1061946902654867e-06,0.0
LSC-CP-RA,"LSC-CP-RA (A=8), tamed",44d6ecf1abcc7ab097c151f5d67417fb,8da7d73e85753d4e79f54062070fbc7b,True,1,339,1.695,582129145.1951935,72766.14314939918,339.0,86784.0,0.42826919058604795,0.010543339590879053,0.01009943210087949,0.09419177280538693,0.12083993226174447,0.17910416726184938,0.5905,0.0905,0.17641129530629623,0.002232493699066862,0.21587221987401695,0.180556481283081,True,1.0,reject,pre_step,drift_diffusion_then_jump,iid_bank,8,every_step,True,0.0004916666666666668,0.005104166666666668,1390.1739241695852,13670,0.0005228613569321534,1.0081120943952802,1.1061946902654867e-06,0.0
LSC-CP-RA,"LSC-CP-RA (A=8), tamed",44d6ecf1abcc7ab097c151f5d67417fb,8da7d73e85753d4e79f54062070fbc7b,True,2,339,1.695,582129145.1951935,72766.14314939918,339.0,86784.0,0.4595004217732485,0.013299689631298128,0.012856784691863354,0.10207006908959215,0.13367489498867277,0.19928110707629584,0.6005,0.1005,0.19489112606715014,0.004197495399216211,0.23498227028976293,0.21703894971703386,True,1.0,reject,pre_step,drift_diffusion_then_jump,iid_bank,8,every_step,True,0.0004916666666666668,0.005104166666666668,1390.1739241695852,13670,0.0005228613569321534,1.0081120943952802,1.1061946902654867e-06,0.0
LSC-CP-RA,"LSC-CP-RA (A=8), tamed",44d6ecf1abcc7ab097c151f5d67417fb,8da7d73e85753d4e79f54062070fbc7b,True,3,339,1.695,582129145.1951935,72766.14314939918,339.0,86784.0,0.39161490673508703,0.00766595785074109,0.007219809280322398,0.08181088220320587,0.10466275403883081,0.15904895676765243,0.577,0.07699999999999999,0.14682906889641067,0.003361981103400802,0.13080225606092527,0.23412678260062358,True,1.0,reject,pre_step,drift_diffusion_then_jump,iid_bank,8,every_step,True,0.0004916666666666668,0.005104166666666668,1390.1739241695852,13670,0.0005228613569321534,1.0081120943952802,1.1061946902654867e-06,0.0
LSC-CP-RA,"LSC-CP-RA (A=8), tamed",44d6ecf1abcc7ab097c151f5d67417fb,8da7d73e85753d4e79f54062070fbc7b,True,0,369,1.845,633644998.7522902,79205.62484403628,369.0,94464.0,0.3156108610768733,0.0040361484369753065,0.0035894451192837185,0.0671570741674905,0.0802414714661604,0.11971478966272356,0.559,0.059000000000000025,0.11136808884028704,0.018450174828798183,0.11233887668740705,0.05143864040442481,True,1.0,reject,pre_step,drift_diffusion_then_jump,iid_bank,8,every_step,True,0.0004375000000000001,0.004716666666666668,3604.469342248679,14802,0.0005159214092140921,1.0028455284552846,1.016260162601626e-06,0.0
LSC-CP-RA,"LSC-CP-RA (A=8), tamed",44d6ecf1abcc7ab097c151f5d67417fb,8da7d73e85753d4e79f54062070fbc7b,True,1,369,1.845,633644998.7522902,79205.62484403628,369.0,94464.0,0.3655351496287134,0.006549593740474702,0.006103924969817598,0.08371933265054465,0.0975550849165351,0.14307545886166667,0.5725,0.07250000000000001,0.13760298116523584,0.01273073165977634,0.12560426490274756,0.12187709823212212,True,1.0,reject,pre_step,drift_diffusion_then_jump,iid_bank,8,every_step,True,0.0004375000000000001,0.004716666666666668,3604.469342248679,14802,0.0005159214092140921,1.0028455284552846,1.016260162601626e-06,0.0
LSC-CP-RA,"LSC-CP-RA (A=8), tamed",44d6ecf1abcc7ab097c151f5d67417fb,8da7d73e85753d4e79f54062070fbc7b,True,2,369,1.845,633644998.7522902,79205.62484403628,369.0,94464.0,0.42369267261649696,0.010256869604921115,0.009812909065510245,0.0908158837179705,0.11793864292261612,0.17411877480643428,0.5885,0.0885,0.1654155280558029,0.004872210310175373,0.14217518572000032,0.1661486215472262,True,1.0,reject,pre_step,drift_diffusion_then_jump,iid_bank,8,every_step,True,0.0004375000000000001,0.004716666666666668,3604.469342248679,14802,0.0005159214092140921,1.0028455284552846,1.016260162601626e-06,0.0
LSC-CP-RA,"LSC-CP-RA (A=8), tamed",44d6ecf1abcc7ab097c151f5d67417fb,8da7d73e85753d4e79f54062070fbc7b,True,3,369,1.845,633644998.7522902,79205.62484403628,369.0,94464.0,0.3703328794416195,0.006800627308806484,0.006355298534930776,0.08310821572342275,0.09978640085498916,0.14923139864184032,0.5730000000000001,0.07300000000000004,0.13950650097119593,0.01496153951989998,0.1312258715759924,0.10089916463048143,True,1.0,reject,pre_step,drift_diffusion_then_jump,iid_bank,8,every_step,True,0.0004375000000000001,0.004716666666666668,3604.469342248679,14802,0.0005159214092140921,1.0028455284552846,1.016260162601626e-06,0.0
LSC-CP-RA,"LSC-CP-RA (A=8), tamed",44d6ecf1abcc7ab097c151f5d67417fb,8da7d73e85753d4e79f54062070fbc7b,True,0,398,1.99,683443657.1908172,85430.45714885216,398.0,101888.0,0.27047940542741467,0.0020329498918177924,0.0015835296931380194,0.05333984902164102,0.06224032386025988,0.09785072537812824,0.545,0.04500000000000001,0.08753243055127892,0.0009782555343932353,0.11030586703717538,0.20382982988316212,True,1.0,reject,pre_step,drift_diffusion_then_jump,iid_bank,8,every_step,True,0.0004956896551724139,0.0050387931034482775,3252.1010479089614,15971,0.0005144472361809045,1.0032035175879397,9.422110552763819e-07,0.0
LSC-CP-RA,"LSC-CP-RA (A=8), tamed",44d6ecf1abcc7ab097c151f5d67417fb,8da7d73e85753d4e79f54062070fbc7b,True,1,398,1.99,683443657.1908172,85430.45714885216,398.0,101888.0,0.3463432120273024,0.005094095223434514,0.004646511041262791,0.06923123783861329,0.08864926407439729,0.1350396951748423,0.5655,0.0655,0.12918674027510468,0.0029441929328957173,0.13260580166400585,0.16484082303089254,True,1.0,reject,pre_step,drift_diffusion_then_jump,iid_bank,8,every_step,True,0.0004956896551724139,0.0050387931034482775,3252.1010479089614,15971,0.0005144472361809045,1.0032035175879397,9.422110552763819e-07,0.0
LSC-CP-RA,"LSC-CP-RA (A=8), tamed",44d6ecf1abcc7ab097c151f5d67417fb,8da7d73e85753d4e79f54062070fbc7b,True,2,398,1.99,683443657.1908172,85430.45714885216,398.0,101888.0,0.3625246823585531,0.006142184308851717,0.005695794467038717,0.0724296742663928,0.09447204185539788,0.1414552405361858,0.5705,0.07050000000000001,0.1319806573383543,0.002953865716883053,0.10330252515594507,0.15670609353346643,True,1.0,reject,pre_step,drift_diffusion_then_jump,iid_bank,8,every_step,True,0.0004956896551724139,0.0050387931034482775,3252.1010479089614,15971,0.0005144472361809045,1.0032035175879397,9.422110552763819e-07,0.0
LSC-CP-RA,"LSC-CP-RA (A=8), tamed",44d6ecf1abcc7ab097c151f5d67417fb,8da7d73e85753d4e79f54062070fbc7b,True,3,398,1.99,683443657.1908172,85430.45714885216,398.0,101888.0,0.3333835130631536,0.00486908864341673,0.00442254843901968,0.07587837368679773,0.08695051070582027,0.13042918028515713,0.5625,0.0625,0.12222542896919227,0.014995006784615406,0.1105826344589482,0.09531152376215057,True,1.0,reject,pre_step,drift_diffusion_then_jump,iid_bank,8,every_step,True,0.0004956896551724139,0.0050387931034482775,3252.1010479089614,15971,0.0005144472361809045,1.0032035175879397,9.422110552763819e-07,0.0
LSC-CP-RA,"LSC-CP-RA (A=8), tamed",44d6ecf1abcc7ab097c151f5d67417fb,8da7d73e85753d4e79f54062070fbc7b,True,0,428,2.14,734959510.747914,91869.93884348925,428.0,109568.0,0.27599418807758175,0.0022442161460367593,0.001794766331458142,0.05756907650026044,0.06356196829144357,0.09829237564068125,0.547,0.047000000000000014,0.09048957272260957,0.006614151056087425,0.08760016236027574,0.20579591887960513,True,1.0,reject,pre_step,drift_diffusion_then_jump,iid_bank,8,every_step,True,0.00047916666666666686,0.0047750000000000015,2134.9057261673456,17117,0.0005119742990654205,0.9998247663551402,8.761682242990654e-07,0.0
LSC-CP-RA,"LSC-CP-RA (A=8), tamed",44d6ecf1abcc7ab097c151f5d67417fb,8da7d73e85753d4e79f54062070fbc7b,True,1,428,2.14,734959510.747914,91869.93884348925,428.0,109568.0,0.3196616942759327,0.0034053043348686307,0.0029559911760932422,0.06504422128473453,0.07516633115055077,0.11787396105524846,0.555,0.05500000000000002,0.10602767426229327,0.016734388136762424,0.09803283007335009,0.3556203585478793,True,1.0,reject,pre_step,drift_diffusion_then_jump,iid_bank,8,every_step,True,0.00047916666666666686,0.0047750000000000015,2134.9057261673456,17117,0.0005119742990654205,0.9998247663551402,8.761682242990654e-07,0.0
LSC-CP-RA,"LSC-CP-RA (A=8), tamed",44d6ecf1abcc7ab097c151f5d67417fb,8da7d73e85753d4e79f54062070fbc7b,True,2,428,2.14,734959510.747914,91869.93884348925,428.0,109568.0,0.3418074819266256,0.004682591710263195,0.004234257907166583,0.06584908370922732,0.08459530411182631,0.12897355937860822,0.5630000000000001,0.06300000000000003,0.11683323222837307,0.012043172292652393,0.07040789683798424,0.22946517186536275,True,1.0,reject,pre_step,drift_diffusion_then_jump,iid_bank,8,every_step,True,0.00047916666666666686,0.0047750000000000015,2134.9057261673456,17117,0.0005119742990654205,0.9998247663551402,8.761682242990654e-07,0.0
LSC-CP-RA,"LSC-CP-RA (A=8), tamed",44d6ecf1abcc7ab097c151f5d67417fb,8da7d73e85753d4e79f54062070fbc7b,True,3,428,2.14,734959510.747914,91869.93884348925,428.0,109568.0,0.2822480046325453,0.002599861957418126,0.002151220044207758,0.05473780561949715,0.0671106414001805,0.10152891427671329,0.549,0.049000000000000016,0.0938617676594953,0.0053790930400660075,0.0749709300909922,0.15146168928957937,True,1.0,reject,pre_step,drift_diffusion_then_jump,iid_bank,8,every_step,True,0.00047916666666666686,0.0047750000000000015,2134.9057261673456,17117,0.0005119742990654205,0.9998247663551402,8.761682242990654e-07,0.0
LSC-CP-RA,"LSC-CP-RA (A=8), tamed",44d6ecf1abcc7ab097c151f5d67417fb,8da7d73e85753d4e79f54062070fbc7b,True,0,458,2.29,786475364.3050107,98309.42053812633,458.0,117248.0,0.2500802011309639,0.001704000536896233,0.0012546542457341214,0.047670955210449395,0.056758434653891056,0.0870962815095849,0.5425,0.04249999999999998,0.07880947275852539,0.002036971615425487,0.05968775988372053,0.142466793240689,True,1.0,reject,pre_step,drift_diffusion_then_jump,iid_bank,8,every_step,True,0.0005583333333333336,0.0052250000000000005,4492.379846191738,18371,0.0005150109170305677,1.0027838427947597,8.187772925764193e-07,0.0
LSC-CP-RA,"LSC-CP-RA (A=8), tamed",44d6ecf1abcc7ab097c151f5d67417fb,8da7d73e85753d4e79f54062070fbc7b,True,1,458,2.29,786475364.3050107,98309.42053812633,458.0,117248.0,0.28261946919584846,0.0028378212161140892,0.002389978921282454,0.0615238180710026,0.06991773466357097,0.10311694005412482,0.5505,0.05049999999999999,0.09830123714895693,0.01555262140630509,0.09228390403756248,0.023648134011449273,True,1.0,reject,pre_step,drift_diffusion_then_jump,iid_bank,8,every_step,True,0.0005583333333333336,0.0052250000000000005,4492.379846191738,18371,0.0005150109170305677,1.0027838427947597,8.187772925764193e-07,0.0
LSC-CP-RA,"LSC-CP-RA (A=8), tamed",44d6ecf1abcc7ab097c151f5d67417fb,8da7d73e85753d4e79f54062070fbc7b,True,2,458,2.29,786475364.3050107,98309.42053812633,458.0,117248.0,0.3186541882099673,0.0038606618329353193,0.003412724944882206,0.06283482741103508,0.07806339022447027,0.11786401638691264,0.558,0.058000000000000024,0.10707080104548222,0.0015450936402630067,0.07751401978212208,0.1272362713527423,True,1.0,reject,pre_step,drift_diffusion_then_jump,iid_bank,8,every_step,True,0.0005583333333333336,0.0052250000000000005,4492.379846191738,18371,0.0005150109170305677,1.0027838427947597,8.187772925764193e-07,0.0
LSC-CP-RA,"LSC-CP-RA (A=8), tamed",44d6ecf1abcc7ab097c151f5d67417fb,8da7d73e85753d4e79f54062070fbc7b,True,3,458,2.29,786475364.3050107,98309.42053812633,458.0,117248.0,0.24517350562632567,0.001675007556512842,0.0012254050504220126,0.054294547715804886,0.05644273445892108,0.08735390978317417,0.54,0.04000000000000001,0.07587924321411926,0.0015029509274976371,0.03953109035853774,0.16559764126607546,True,1.0,reject,pre_step,drift_diffusion_then_jump,iid_bank,8,every_step,True,0.0005583333333333336,0.0052250000000000005,4492.379846191738,18371,0.0005150109170305677,1.0027838427947597,8.187772925764193e-07,0.0
LSC-CP-RA,"LSC-CP-RA (A=8), tamed",44d6ecf1abcc7ab097c151f5d67417fb,8da7d73e85753d4e79f54062070fbc7b,True,0,488,2.44,837991217.8621075,104748.90223276344,488.0,124928.0,0.22227775004660846,0.0007984668372222892,0.00034770424090924124,0.04315828438140801,0.04390605540464157,0.0732448349515101,0.532,0.032,0.05982337571518611,0.01336969093396112,0.07375556788692478,0.36332797826173213,True,1.0,reject,pre_step,drift_diffusion_then_jump,iid_bank,8,every_step,True,0.00042500000000000014,0.004808333333333335,3663.3921327330613,19525,0.0005094774590163934,1.0002561475409837,7.684426229508196e-07,0.0
LSC-CP-RA,"LSC-CP-RA (A=8), tamed",44d6ecf1abcc7ab097c151f5d67417fb,8da7d73e85753d4e79f54062070fbc7b,True,1,488,2.44,837991217.8621075,104748.90223276344,488.0,124928.0,0.26908428910916793,0.0020471392499199492,0.0015978780038249374,0.0578938870621436,0.06319318422626417,0.09549100042490948,0.546,0.04600000000000001,0.09164419485088354,0.0015216356266950504,0.14335032411980886,0.1644520773795085,True,1.0,reject,pre_step,drift_diffusion_then_jump,iid_bank,8,every_step,True,0.00042500000000000014,0.004808333333333335,3663.3921327330613,19525,0.0005094774590163934,1.0002561475409837,7.684426229508196e-07,0.0
LSC-CP-RA,"LSC-CP-RA (A=8), tamed",44d6ecf1abcc7ab097c151f5d67417fb,8da7d73e85753d4e79f54062070fbc7b,True,2,488,2.44,837991217.8621075,104748.90223276344,488.0,124928.0,0.3133611895372707,0.003472279988856797,0.003023761118617463,0.059195054449018736,0.07612330130388938,0.11455642887441866,0.556,0.05600000000000002,0.10932027638434427,0.0031209405135511625,0.12641180673274688,0.1854815155921684,True,1.0,reject,pre_step,drift_diffusion_then_jump,iid_bank,8,every_step,True,0.00042500000000000014,0.004808333333333335,3663.3921327330613,19525,0.0005094774590163934,1.0002561475409837,7.684426229508196e-07,0.0
LSC-CP-RA,"LSC-CP-RA (A=8), tamed",44d6ecf1abcc7ab097c151f5d67417fb,8da7d73e85753d4e79f54062070fbc7b,True,3,488,2.44,837991217.8621075,104748.90223276344,488.0,124928.0,0.22682579777999348,0.0012244171743406307,0.000774856606483465,0.046909932672049015,0.05073603930175249,0.07920639135705494,0.5365,0.03649999999999998,0.07082984970605592,0.003799712903640229,0.07606645686184063,0.1627964138468544,True,1.0,reject,pre_step,drift_diffusion_then_jump,iid_bank,8,every_step,True,0.00042500000000000014,0.004808333333333335,3663.3921327330613,19525,0.0005094774590163934,1.0002561475409837,7.684426229508196e-07,0.0
LSC-CP-RA,"LSC-CP-RA (A=8), tamed",44d6ecf1abcc7ab097c151f5d67417fb,8da7d73e85753d4e79f54062070fbc7b,True,0,517,2.585,887789876.3006344,110973.7345375793,517.0,132352.0,0.20582400968914655,0.0007110301167323474,0.00026013081624831624,0.044334395788262926,0.042102210544018255,0.06804627375182024,0.53,0.03,0.056830816678109415,0.00868090359322471,0.07001084815152203,0.2707042144237347,True,1.0,reject,pre_step,drift_diffusion_then_jump,iid_bank,8,every_step,True,0.0005086206896551726,0.004987068965517242,3202.661142345532,20682,0.0005094294003868472,1.0000967117988395,7.253384912959381e-07,0.0
LSC-CP-RA,"LSC-CP-RA (A=8), tamed",44d6ecf1abcc7ab097c151f5d67417fb,8da7d73e85753d4e79f54062070fbc7b,True,1,517,2.585,887789876.3006344,110973.7345375793,517.0,132352.0,0.23164646441960454,0.0009787019780806983,0.0005276322294704983,0.04265080446499947,0.046667414810252494,0.07753860176518045,0.5345,0.034499999999999975,0.06196208830570312,0.01875186115264782,0.03973759095639211,0.4012417739657316,True,1.0,reject,pre_step,drift_diffusion_then_jump,iid_bank,8,every_step,True,0.0005086206896551726,0.004987068965517242,3202.661142345532,20682,0.0005094294003868472,1.0000967117988395,7.253384912959381e-07,0.0
LSC-CP-RA,"LSC-CP-RA (A=8), tamed",44d6ecf1abcc7ab097c151f5d67417fb,8da7d73e85753d4e79f54062070fbc7b,True,2,517,2.585,887789876.3006344,110973.7345375793,517.0,132352.0,0.33126804884806726,0.004667622950814132,0.004220366914062246,0.06500275237140418,0.08441359710513988,0.12623867886737905,0.5630000000000001,0.06300000000000003,0.11750743366448613,0.006281581013489301,0.08903131114022927,0.10621070464881177,True,1.0,reject,pre_step,drift_diffusion_then_jump,iid_bank,8,every_step,True,0.0005086206896551726,0.004987068965517242,3202.661142345532,20682,0.0005094294003868472,1.0000967117988395,7.253384912959381e-07,0.0
LSC-CP-RA,"LSC-CP-RA (A=8), tamed",44d6ecf1abcc7ab097c151f5d67417fb,8da7d73e85753d4e79f54062070fbc7b,True,3,517,2.585,887789876.3006344,110973.7345375793,517.0,132352.0,0.25775245226032384,0.001665041514209542,0.001214854066434734,0.055764232455636775,0.05722112374552967,0.0903552073712367,0.542,0.04200000000000001,0.08005906702878633,0.009761791668428721,0.07732114188460981,0.2535076738095555,True,1.0,reject,pre_step,drift_diffusion_then_jump,iid_bank,8,every_step,True,0.0005086206896551726,0.004987068965517242,3202.661142345532,20682,0.0005094294003868472,1.0000967117988395,7.253384912959381e-07,0.0
LSC-CP-RA,"LSC-CP-RA (A=8), tamed",44d6ecf1abcc7ab097c151f5d67417fb,8da7d73e85753d4e79f54062070fbc7b,True,0,547,2.735,939305729.8577311,117413.2162322164,547.0,140032.0,0.1644976877727498,0.0005404992817290566,9.094446409574353e-05,0.05011834372582624,0.03925124844815126,0.0614134565238287,0.525,0.024999999999999994,0.05306347060711217,0.013328837385690684,0.07419782108765985,0.08993128483185997,True,1.0,reject,pre_step,drift_diffusion_then_jump,iid_bank,8,every_step,True,0.0005166666666666669,0.005216666666666666,1989.9096968599456,21934,0.0005098263254113346,1.0024680073126142,9.140767824497258e-07,0.0
LSC-CP-RA,"LSC-CP-RA (A=8), tamed",44d6ecf1abcc7ab097c151f5d67417fb,8da7d73e85753d4e79f54062070fbc7b,True,1,547,2.735,939305729.8577311,117413.2162322164,547.0,140032.0,0.16952358385930086,0.00033040208887502587,-0.0001206967478432075,0.03860322259008364,0.03472386198731144,0.05759185435159637,0.5245,0.024499999999999966,0.05226342737207625,0.00978404033497815,0.0960525756885014,0.23013890065237785,True,1.0,reject,pre_step,drift_diffusion_then_jump,iid_bank,8,every_step,True,0.0005166666666666669,0.005216666666666666,1989.9096968599456,21934,0.0005098263254113346,1.0024680073126142,9.140767824497258e-07,0.0
LSC-CP-RA,"LSC-CP-RA (A=8), tamed",44d6ecf1abcc7ab097c151f5d67417fb,8da7d73e85753d4e79f54062070fbc7b,True,2,547,2.735,939305729.8577311,117413.2162322164,547.0,140032.0,0.3460382433090394,0.005231428136147187,0.00478457014969913,0.07193452052236993,0.08924414517204603,0.1347328258308027,0.5655,0.0655,0.12837955735847534,0.003917786256939726,0.13426203433597036,0.20352074371888118,True,1.0,reject,pre_step,drift_diffusion_then_jump,iid_bank,8,every_step,True,0.0005166666666666669,0.005216666666666666,1989.9096968599456,21934,0.0005098263254113346,1.0024680073126142,9.140767824497258e-07,0.0
LSC-CP-RA,"LSC-CP-RA (A=8), tamed",44d6ecf1abcc7ab097c151f5d67417fb,8da7d73e85753d4e79f54062070fbc7b,True,3,547,2.735,939305729.8577311,117413.2162322164,547.0,140032.0,0.2850790978396858,0.0024918566809749576,0.002042271627663017,0.06128359610714451,0.06715963531444523,0.1051420234550138,0.548,0.048000000000000015,0.0950022179178702,0.009464511087458605,0.08545793098825363,0.23106609462144279,True,1.0,reject,pre_step,drift_diffusion_then_jump,iid_bank,8,every_step,True,0.0005166666666666669,0.005216666666666666,1989.9096968599456,21934,0.0005098263254113346,1.0024680073126142,9.140767824497258e-07,0.0
LSC-CP-RA,"LSC-CP-RA (A=8), tamed",44d6ecf1abcc7ab097c151f5d67417fb,8da7d73e85753d4e79f54062070fbc7b,True,0,577,2.8850000000000002,990821583.414828,123852.69792685349,577.0,147712.0,0.1503125469818633,0.00026825032344113264,-0.00018262775493194106,0.03668541659160751,0.03170307525188364,0.05242976122696646,0.52,0.020000000000000018,0.04495253346764946,0.004476477313193117,0.07341781089472346,0.2242988045337867,True,1.0,reject,pre_step,drift_diffusion_then_jump,iid_bank,8,every_step,True,0.0005666666666666669,0.005016666666666668,3577.882308705274,23138,0.0005127816291161178,1.0025129982668977,8.665511265164645e-07,0.0
LSC-CP-RA,"LSC-CP-RA (A=8), tamed",44d6ecf1abcc7ab097c151f5d67417fb,8da7d73e85753d4e79f54062070fbc7b,True,1,577,2.8850000000000002,990821583.414828,123852.69792685349,577.0,147712.0,0.14389811522950036,0.00019530681477109013,-0.0002558831256993521,0.032910969564469705,0.02811784230533205,0.04747209313374727,0.5185,0.01849999999999999,0.03232217728140305,0.009309183924551934,0.007556854322204356,0.25086391844483413,True,1.0,reject,pre_step,drift_diffusion_then_jump,iid_bank,8,every_step,True,0.0005666666666666669,0.005016666666666668,3577.882308705274,23138,0.0005127816291161178,1.0025129982668977,8.665511265164645e-07,0.0
LSC-CP-RA,"LSC-CP-RA (A=8), tamed",44d6ecf1abcc7ab097c151f5d67417fb,8da7d73e85753d4e79f54062070fbc7b,True,2,577,2.8850000000000002,990821583.414828,123852.69792685349,577.0,147712.0,0.2985784290325863,0.0032289528251330246,0.0027815106252596644,0.06965529479729116,0.07432307045116517,0.11388160291974186,0.5535,0.05349999999999999,0.10470903084830151,0.015986325334605866,0.13763723570075614,0.1137435526109497,True,1.0,reject,pre_step,drift_diffusion_then_jump,iid_bank,8,every_step,True,0.0005666666666666669,0.005016666666666668,3577.882308705274,23138,0.0005127816291161178,1.0025129982668977,8.665511265164645e-07,0.0
LSC-CP-RA,"LSC-CP-RA (A=8), tamed",44d6ecf1abcc7ab097c151f5d67417fb,8da7d73e85753d4e79f54062070fbc7b,True,3,577,2.8850000000000002,990821583.414828,123852.69792685349,577.0,147712.0,0.2695613381384637,0.0019436447379688193,0.001493686063255395,0.048325786639965784,0.05929018316715845,0.09520228073528435,0.5435,0.04349999999999998,0.07642671956903671,0.009985541384538221,0.03220801542026565,0.29892980421276405,True,1.0,reject,pre_step,drift_diffusion_then_jump,iid_bank,8,every_step,True,0.0005666666666666669,0.005016666666666668,3577.882308705274,23138,0.0005127816291161178,1.0025129982668977,8.665511265164645e-07,0.0
LSC-CP-RA,"LSC-CP-RA (A=8), tamed",44d6ecf1abcc7ab097c151f5d67417fb,8da7d73e85753d4e79f54062070fbc7b,True,0,606,3.0300000000000002,1040620241.8533548,130077.53023166936,606.0,155136.0,0.09407858952930595,0.00013058922081710111,-0.00032005524966693955,0.03888585562463254,0.02373155334932451,0.038807148231004264,0.514,0.014000000000000012,0.03002748501633176,0.004917333194633167,0.06524798544282726,0.10756029009245605,True,1.0,reject,pre_step,drift_diffusion_then_jump,iid_bank,8,every_step,True,0.0005172413793103451,0.005150862068965519,920.4179122268333,24333,0.0005129950495049505,1.0038366336633664,8.250825082508251e-07,0.0
LSC-CP-RA,"LSC-CP-RA (A=8), tamed",44d6ecf1abcc7ab097c151f5d67417fb,8da7d73e85753d4e79f54062070fbc7b,True,1,606,3.0300000000000002,1040620241.8533548,130077.53023166936,606.0,155136.0,0.17978291568214746,0.000410221791036558,-4.123889385920787e-05,0.042788639063205736,0.033660222059847485,0.059800670383081775,0.5215,0.021499999999999964,0.038720378644190506,0.016718540108324742,0.00911684411202049,0.4165735393327942,True,1.0,reject,pre_step,drift_diffusion_then_jump,iid_bank,8,every_step,True,0.0005172413793103451,0.005150862068965519,920.4179122268333,24333,0.0005129950495049505,1.0038366336633664,8.250825082508251e-07,0.0
LSC-CP-RA,"LSC-CP-RA (A=8), tamed",44d6ecf1abcc7ab097c151f5d67417fb,8da7d73e85753d4e79f54062070fbc7b,True,2,606,3.0300000000000002,1040620241.8533548,130077.53023166936,606.0,155136.0,0.28338306419836345,0.0024772076363976936,0.0020280913608269335,0.05979874539637775,0.06781891544103548,0.10621777650860945,0.548,0.048000000000000015,0.09788982974547468,0.0002867012204664787,0.11928053778839143,0.19102903979960828,True,1.0,reject,pre_step,drift_diffusion_then_jump,iid_bank,8,every_step,True,0.0005172413793103451,0.005150862068965519,920.4179122268333,24333,0.0005129950495049505,1.0038366336633664,8.250825082508251e-07,0.0
LSC-CP-RA,"LSC-CP-RA (A=8), tamed",44d6ecf1abcc7ab097c151f5d67417fb,8da7d73e85753d4e79f54062070fbc7b,True,3,606,3.0300000000000002,1040620241.8533548,130077.53023166936,606.0,155136.0,0.25882513501101134,0.0016484093150126444,0.0011982197487340196,0.05440655657786375,0.05674505922355146,0.09057087757384298,0.541,0.04100000000000001,0.07754623085314291,0.009756463769636237,0.08914548174308806,0.3036015685512231,True,1.0,reject,pre_step,drift_diffusion_then_jump,iid_bank,8,every_step,True,0.0005172413793103451,0.005150862068965519,920.4179122268333,24333,0.0005129950495049505,1.0038366336633664,8.250825082508251e-07,0.0
LSC-CP-RA,"LSC-CP-RA (A=8), tamed",44d6ecf1abcc7ab097c151f5d67417fb,8da7d73e85753d4e79f54062070fbc7b,True,0,636,3.18,1092136095.4104517,136517.01192630647,636.0,162816.0,0.11119220093555375,0.00021692011792717736,-0.0002329071781900227,0.03903167791129625,0.026975964483982495,0.04349321544843096,0.517,0.017000000000000015,0.02762418400338608,0.013104642317096515,0.019190682769497917,0.08198792958041501,True,1.0,reject,pre_step,drift_diffusion_then_jump,iid_bank,8,every_step,True,0.0005625000000000002,0.004962500000000002,4238.054964770706,25524,0.0005153301886792452,1.0033018867924528,7.861635220125787e-07,0.0
LSC-CP-RA,"LSC-CP-RA (A=8), tamed",44d6ecf1abcc7ab097c151f5d67417fb,8da7d73e85753d4e79f54062070fbc7b,True,1,636,3.18,1092136095.4104517,136517.01192630647,636.0,162816.0,0.11866729361432113,0.00022276597699655287,-0.00022749610842776047,0.037562493039957734,0.027265615746724686,0.043773008599528804,0.5165,0.016499999999999987,0.03209030776752022,0.006285892965574358,0.039775108922030504,0.15730656920773878,True,1.0,reject,pre_step,drift_diffusion_then_jump,iid_bank,8,every_step,True,0.0005625000000000002,0.004962500000000002,4238.054964770706,25524,0.0005153301886792452,1.0033018867924528,7.861635220125787e-07,0.0
LSC-CP-RA,"LSC-CP-RA (A=8), tamed",44d6ecf1abcc7ab097c151f5d67417fb,8da7d73e85753d4e79f54062070fbc7b,True,2,636,3.18,1092136095.4104517,136517.01192630647,636.0,162816.0,0.242579421924987,0.0014562757138774085,0.001006481272823545,0.04751864416877194,0.053913988991019464,0.08351862891047816,0.5395,0.03949999999999998,0.07397769549085784,0.0010695933887384657,0.05708205796054383,0.16444159972202088,True,1.0,reject,pre_step,drift_diffusion_then_jump,iid_bank,8,every_step,True,0.0005625000000000002,0.004962500000000002,4238.054964770706,25524,0.0005153301886792452,1.0033018867924528,7.861635220125787e-07,0.0
LSC-CP-RA,"LSC-CP-RA (A=8), tamed",44d6ecf1abcc7ab097c151f5d67417fb,8da7d73e85753d4e79f54062070fbc7b,True,3,636,3.18,1092136095.4104517,136517.01192630647,636.0,162816.0,0.23404314407732751,0.0011015457930835248,0.0006509130921643624,0.04001566668360179,0.04843087145043191,0.0766780407339687,0.5365,0.03649999999999998,0.0660244744462349,0.012845162266594379,0.056547182571172694,0.25843318694358375,True,1.0,reject,pre_step,drift_diffusion_then_jump,iid_bank,8,every_step,True,0.0005625000000000002,0.004962500000000002,4238.054964770706,25524,0.0005153301886792452,1.0033018867924528,7.861635220125787e-07,0.0
LSC-CP-RA,"LSC-CP-RA (A=8), tamed",44d6ecf1abcc7ab097c151f5d67417fb,8da7d73e85753d4e79f54062070fbc7b,True,0,666,3.33,1143651948.9675484,142956.49362094354,666.0,170496.0,0.11183834986058612,0.00010209388362791838,-0.00035003698967817076,0.025232263467422245,0.01632479451391884,0.031061390508122618,0.51,0.010000000000000009,0.013226729151244933,0.01694681393963393,0.012745082802447535,0.266071197431078,True,1.0,reject,pre_step,drift_diffusion_then_jump,iid_bank,8,every_step,True,0.0005708333333333336,0.005083333333333335,4637.143050609898,26744,0.0005178303303303303,1.003903903903904,7.507507507507508e-07,0.0
LSC-CP-RA,"LSC-CP-RA (A=8), tamed",44d6ecf1abcc7ab097c151f5d67417fb,8da7d73e85753d4e79f54062070fbc7b,True,1,666,3.33,1143651948.9675484,142956.49362094354,666.0,170496.0,0.10257692844219585,0.00014909487118153208,-0.00030187927261660086,0.03127930949653368,0.01868249137735385,0.031939306102693535,0.5095000000000001,0.009500000000000036,0.010513933527104294,0.0008288429091094507,0.058570559016519336,0.18846395119813153,True,1.0,reject,pre_step,drift_diffusion_then_jump,iid_bank,8,every_step,True,0.0005708333333333336,0.005083333333333335,4637.143050609898,26744,0.0005178303303303303,1.003903903903904,7.507507507507508e-07,0.0
LSC-CP-RA,"LSC-CP-RA (A=8), tamed",44d6ecf1abcc7ab097c151f5d67417fb,8da7d73e85753d4e79f54062070fbc7b,True,2,666,3.33,1143651948.9675484,142956.49362094354,666.0,170496.0,0.1516729520742731,0.00033606347060000097,-0.00011409175734200527,0.03547062791776112,0.032055978899356935,0.0521453383751761,0.522,0.021999999999999992,0.04076974820740664,0.006375451955049627,0.04897587647094814,0.13021388870543216,True,1.0,reject,pre_step,drift_diffusion_then_jump,iid_bank,8,every_step,True,0.0005708333333333336,0.005083333333333335,4637.143050609898,26744,0.0005178303303303303,1.003903903903904,7.507507507507508e-07,0.0
LSC-CP-RA,"LSC-CP-RA (A=8), tamed",44d6ecf1abcc7ab097c151f5d67417fb,8da7d73e85753d4e79f54062070fbc7b,True,3,666,3.33,1143651948.9675484,142956.49362094354,666.0,170496.0,0.2322052576607345,0.001079688176062521,0.0006293537769034296,0.041896012915447756,0.049513224082787875,0.07788422609095352,0.536,0.036000000000000004,0.07198612238561797,0.006886988164944374,0.11046754321999996,0.23277714028902718,True,1.0,reject,pre_step,drift_diffusion_then_jump,iid_bank,8,every_step,True,0.0005708333333333336,0.005083333333333335,4637.143050609898,26744,0.0005178303303303303,1.003903903903904,7.507507507507508e-07,0.0
LSC-CP-RA,"LSC-CP-RA (A=8), tamed",44d6ecf1abcc7ab097c151f5d67417fb,8da7d73e85753d4e79f54062070fbc7b,True,0,695,3.475,1193450607.4060752,149181.32592575942,695.0,177920.0,0.11398541940354469,0.0001567261986117341,-0.00029413961472479766,0.037310032102210844,0.024258536419237066,0.0408243090133498,0.5145,0.014499999999999985,0.027977301767213254,0.0023470753789693877,0.02217051173288607,0.20966013839262188,True,1.0,reject,pre_step,drift_diffusion_then_jump,iid_bank,8,every_step,True,0.000577586206896552,0.004780172413793105,852.9553427399209,27853,0.0005203237410071942,1.0019064748201438,7.194244604316547e-07,0.0
LSC-CP-RA,"LSC-CP-RA (A=8), tamed",44d6ecf1abcc7ab097c151f5d67417fb,8da7d73e85753d4e79f54062070fbc7b,True,1,695,3.475,1193450607.4060752,149181.32592575942,695.0,177920.0,0.08482355758269092,7.939452049288143e-05,-0.00037197131297606045,0.035906531697425526,0.019427608068536037,0.03241736254004091,0.511,0.01100000000000001,0.020295851441038296,0.004417047945681651,0.01563628050649441,0.1478595168218505,True,1.0,reject,pre_step,drift_diffusion_then_jump,iid_bank,8,every_step,True,0.000577586206896552,0.004780172413793105,852.9553427399209,27853,0.0005203237410071942,1.0019064748201438,7.194244604316547e-07,0.0
LSC-CP-RA,"LSC-CP-RA (A=8), tamed",44d6ecf1abcc7ab097c151f5d67417fb,8da7d73e85753d4e79f54062070fbc7b,True,2,695,3.475,1193450607.4060752,149181.32592575942,695.0,177920.0,0.08626370517977237,0.00014696018159021662,-0.00030339489923592033,0.03252398915386845,0.02124846851888703,0.03412636666981302,0.5105000000000001,0.010500000000000037,0.020147015684897154,0.00621860437888877,0.011536262640983723,0.13614827704772436,True,1.0,reject,pre_step,drift_diffusion_then_jump,iid_bank,8,every_step,True,0.000577586206896552,0.004780172413793105,852.9553427399209,27853,0.0005203237410071942,1.0019064748201438,7.194244604316547e-07,0.0
LSC-CP-RA,"LSC-CP-RA (A=8), tamed",44d6ecf1abcc7ab097c151f5d67417fb,8da7d73e85753d4e79f54062070fbc7b,True,3,695,3.475,1193450607.4060752,149181.32592575942,695.0,177920.0,0.18612773212963973,0.0006776264402297283,0.00022797744903557682,0.03399681306243796,0.041235321133315885,0.06236329197735585,0.5305,0.03049999999999997,0.057220315582424144,0.009033919365238785,0.056381027957910196,0.052956861474506955,True,1.0,reject,pre_step,drift_diffusion_then_jump,iid_bank,8,every_step,True,0.000577586206896552,0.004780172413793105,852.9553427399209,27853,0.0005203237410071942,1.0019064748201438,7.194244604316547e-07,0.0
LSC-CP-RA,"LSC-CP-RA (A=8), tamed",44d6ecf1abcc7ab097c151f5d67417fb,8da7d73e85753d4e79f54062070fbc7b,True,0,725,3.625,1244966460.963172,155620.8076203965,725.0,185600.0,0.0739945348094261,5.0200371359721e-05,-0.00040080366838568526,0.022977571298812394,0.017832846379327156,0.030269704597205998,0.511,0.01100000000000001,0.022748864766538916,0.0014361637341910871,0.022823632803211896,0.10938883659708531,True,1.0,reject,pre_step,drift_diffusion_then_jump,iid_bank,8,every_step,True,0.0005000000000000002,0.005191666666666667,3933.6489659208346,29099,0.0005194827586206896,1.0034137931034484,6.896551724137931e-07,0.0
LSC-CP-RA,"LSC-CP-RA (A=8), tamed",44d6ecf1abcc7ab097c151f5d67417fb,8da7d73e85753d4e79f54062070fbc7b,True,1,725,3.625,1244966460.963172,155620.8076203965,725.0,185600.0,0.13895816944902015,0.00039437261954633485,-5.5742024597682516e-05,0.03566112445258163,0.020117602489896597,0.027759097879688388,0.5035000000000001,0.003500000000000031,0.0114332420287295,0.009707886259413101,0.06659037314738517,0.2161298469348495,True,1.0,reject,pre_step,drift_diffusion_then_jump,iid_bank,8,every_step,True,0.0005000000000000002,0.005191666666666667,3933.6489659208346,29099,0.0005194827586206896,1.0034137931034484,6.896551724137931e-07,0.0
LSC-CP-RA,"LSC-CP-RA (A=8), tamed",44d6ecf1abcc7ab097c151f5d67417fb,8da7d73e85753d4e79f54062070fbc7b,True,2,725,3.625,1244966460.963172,155620.8076203965,725.0,185600.0,0.20486621833357974,0.0010032607758726497,0.0005531587294416163,0.04444889562853316,0.024520098084976533,0.03719000511098461,0.4915,0.008500000000000035,0.021466501338128444,0.01141330326255996,0.02957289270195644,0.14518765876242068,True,1.0,reject,pre_step,drift_diffusion_then_jump,iid_bank,8,every_step,True,0.0005000000000000002,0.005191666666666667,3933.6489659208346,29099,0.0005194827586206896,1.0034137931034484,6.896551724137931e-07,0.0
LSC-CP-RA,"LSC-CP-RA (A=8), tamed",44d6ecf1abcc7ab097c151f5d67417fb,8da7d73e85753d4e79f54062070fbc7b,True,3,725,3.625,1244966460.963172,155620.8076203965,725.0,185600.0,0.1999887267117463,0.0007759909167930346,0.0003257859945183794,0.036599224746281855,0.04077083753565871,0.0655881195914115,0.53,0.03,0.04635912344545426,0.0006603308421352372,0.0328769147886622,0.1913469988023816,True,1.0,reject,pre_step,drift_diffusion_then_jump,iid_bank,8,every_step,True,0.0005000000000000002,0.005191666666666667,3933.6489659208346,29099,0.0005194827586206896,1.0034137931034484,6.896551724137931e-07,0.0
LSC-CP-RA,"LSC-CP-RA (A=8), tamed",44d6ecf1abcc7ab097c151f5d67417fb,8da7d73e85753d4e79f54062070fbc7b,True,0,755,3.775,1296482314.5202687,162060.2893150336,755.0,193280.0,0.13000106954260174,0.00027148518379283004,-0.00017912140787190722,0.025613101774296765,0.01407947270640729,0.01987752166593275,0.502,0.0020000000000000018,0.003129521917226618,0.008455934307559976,0.01195440056831333,0.07090107558897418,True,1.0,reject,pre_step,drift_diffusion_then_jump,iid_bank,8,every_step,True,0.0004958333333333336,0.004733333333333335,1773.3535213590483,30235,0.0005185430463576159,1.001158940397351,6.622516556291391e-07,0.0
LSC-CP-RA,"LSC-CP-RA (A=8), tamed",44d6ecf1abcc7ab097c151f5d67417fb,8da7d73e85753d4e79f54062070fbc7b,True,1,755,3.775,1296482314.5202687,162060.2893150336,755.0,193280.0,0.15526735569309896,0.00041194006649658554,-3.897031405575291e-05,0.04554844332128438,0.024450370578951813,0.03690734604837782,0.5045000000000001,0.004500000000000032,0.012343265702856926,0.0029837835486914432,0.0006244761660652496,0.3508603074950972,True,1.0,reject,pre_step,drift_diffusion_then_jump,iid_bank,8,every_step,True,0.0004958333333333336,0.004733333333333335,1773.3535213590483,30235,0.0005185430463576159,1.001158940397351,6.622516556291391e-07,0.0
LSC-CP-RA,"LSC-CP-RA (A=8), tamed",44d6ecf1abcc7ab097c151f5d67417fb,8da7d73e85753d4e79f54062070fbc7b,True,2,755,3.775,1296482314.5202687,162060.2893150336,755.0,193280.0,0.1832856509643552,0.0006187151979273331,0.00016752794730690024,0.030649394731980972,0.01527425918122097,0.023839846687871463,0.4945,0.005500000000000033,0.01617534475535003,0.0029923084645944176,0.027989928631930845,0.15468666675326748,True,1.0,reject,pre_step,drift_diffusion_then_jump,iid_bank,8,every_step,True,0.0004958333333333336,0.004733333333333335,1773.3535213590483,30235,0.0005185430463576159,1.001158940397351,6.622516556291391e-07,0.0
LSC-CP-RA,"LSC-CP-RA (A=8), tamed",44d6ecf1abcc7ab097c151f5d67417fb,8da7d73e85753d4e79f54062070fbc7b,True,3,755,3.775,1296482314.5202687,162060.2893150336,755.0,193280.0,0.18977183010109877,0.0008077412926097427,0.00035841310949358274,0.04623494893132485,0.04260231527025905,0.0695466930303043,0.5285,0.02849999999999997,0.05115480051694548,0.014025439539774864,0.06283640899545731,0.18191431455305695,True,1.0,reject,pre_step,drift_diffusion_then_jump,iid_bank,8,every_step,True,0.0004958333333333336,0.004733333333333335,1773.3535213590483,30235,0.0005185430463576159,1.001158940397351,6.622516556291391e-07,0.0
LSC-CP-RA,"LSC-CP-RA (A=8), tamed",44d6ecf1abcc7ab097c151f5d67417fb,8da7d73e85753d4e79f54062070fbc7b,True,0,784,3.92,1346280972.9587955,168285.12161984944,784.0,200704.0,0.15587437377064417,0.0004285735705972238,-2.1975359234538416e-05,0.03731691422850292,0.01511027006122588,0.018128144869338732,0.499,0.0010000000000000009,0.0028724191807919714,0.005943725331964633,0.021844591395907505,0.10472852566629831,True,1.0,reject,pre_step,drift_diffusion_then_jump,iid_bank,8,every_step,True,0.00045258620689655186,0.00485344827586207,4018.2981912387736,31361,0.0005161033163265306,1.000031887755102,6.377551020408163e-07,0.0
LSC-CP-RA,"LSC-CP-RA (A=8), tamed",44d6ecf1abcc7ab097c151f5d67417fb,8da7d73e85753d4e79f54062070fbc7b,True,1,784,3.92,1346280972.9587955,168285.12161984944,784.0,200704.0,0.17625495667418672,0.0006723821936659435,0.0002215754076791976,0.03568014256713231,0.017515456481457983,0.0254044092667859,0.4965,0.003500000000000031,0.007268295026741826,0.0035003378517062256,0.0228618982819077,0.16600315029737367,True,1.0,reject,pre_step,drift_diffusion_then_jump,iid_bank,8,every_step,True,0.00045258620689655186,0.00485344827586207,4018.2981912387736,31361,0.0005161033163265306,1.000031887755102,6.377551020408163e-07,0.0
LSC-CP-RA,"LSC-CP-RA (A=8), tamed",44d6ecf1abcc7ab097c151f5d67417fb,8da7d73e85753d4e79f54062070fbc7b,True,2,784,3.92,1346280972.9587955,168285.12161984944,784.0,200704.0,0.17831500134956693,0.0006106303080437581,0.00016039032823633725,0.026280242550619948,0.016107478178728707,0.02422367808192047,0.4955,0.004500000000000032,0.012932856557587085,0.008089304611822556,0.03878246593876612,0.12105364185954726,True,1.0,reject,pre_step,drift_diffusion_then_jump,iid_bank,8,every_step,True,0.00045258620689655186,0.00485344827586207,4018.2981912387736,31361,0.0005161033163265306,1.000031887755102,6.377551020408163e-07,0.0
LSC-CP-RA,"LSC-CP-RA (A=8), tamed",44d6ecf1abcc7ab097c151f5d67417fb,8da7d73e85753d4e79f54062070fbc7b,True,3,784,3.92,1346280972.9587955,168285.12161984944,784.0,200704.0,0.184650141465092,0.00039422091385044045,-5.7113818989984466e-05,0.03497904657283557,0.03602400508601079,0.06052478182523387,0.5255,0.025499999999999967,0.051222010995693984,0.01431072265885347,0.08380522367075977,0.29758754417296795,True,1.0,reject,pre_step,drift_diffusion_then_jump,iid_bank,8,every_step,True,0.00045258620689655186,0.00485344827586207,4018.2981912387736,31361,0.0005161033163265306,1.000031887755102,6.377551020408163e-07,0.0
LSC-CP-RA,"LSC-CP-RA (A=8), tamed",44d6ecf1abcc7ab097c151f5d67417fb,8da7d73e85753d4e79f54062070fbc7b,True,0,814,4.07,1397796826.5158925,174724.60331448657,814.0,208384.0,0.13711588368538583,0.0003666447780755755,-8.354222396222966e-05,0.03196158751986827,0.0168902060403095,0.02275075826297255,0.502,0.0020000000000000018,0.002768995736285576,0.011186050038121675,0.00822488040907326,0.11144062923019249,True,1.0,reject,pre_step,drift_diffusion_then_jump,iid_bank,8,every_step,True,0.0005166666666666669,0.005104166666666668,3988.170392427318,32586,0.0005161240786240787,1.000798525798526,6.142506142506143e-07,0.0
LSC-CP-RA,"LSC-CP-RA (A=8), tamed",44d6ecf1abcc7ab097c151f5d67417fb,8da7d73e85753d4e79f54062070fbc7b,True,1,814,4.07,1397796826.5158925,174724.60331448657,814.0,208384.0,0.19866015939197723,0.0008940225109254074,0.00044338036343805065,0.04130097973508645,0.021152965187580277,0.032272694971548194,0.4925,0.007500000000000034,0.01884297250608435,0.0038927357524974893,0.028728257912298587,0.1920975497985612,True,1.0,reject,pre_step,drift_diffusion_then_jump,iid_bank,8,every_step,True,0.0005166666666666669,0.005104166666666668,3988.170392427318,32586,0.0005161240786240787,1.000798525798526,6.142506142506143e-07,0.0
LSC-CP-RA,"LSC-CP-RA (A=8), tamed",44d6ecf1abcc7ab097c151f5d67417fb,8da7d73e85753d4e79f54062070fbc7b,True,2,814,4.07,1397796826.5158925,174724.60331448657,814.0,208384.0,0.16187266890672802,0.0004352833608302076,-1.508819794948657e-05,0.034886006241054646,0.018229652731928062,0.0234249733887652,0.4995,0.0005000000000000282,0.004214636192768339,0.007164832285780687,0.0457945094207709,0.1744559430242668,True,1.0,reject,pre_step,drift_diffusion_then_jump,iid_bank,8,every_step,True,0.0005166666666666669,0.005104166666666668,3988.170392427318,32586,0.0005161240786240787,1.000798525798526,6.142506142506143e-07,0.0
LSC-CP-RA,"LSC-CP-RA (A=8), tamed",44d6ecf1abcc7ab097c151f5d67417fb,8da7d73e85753d4e79f54062070fbc7b,True,3,814,4.07,1397796826.5158925,174724.60331448657,814.0,208384.0,0.16766251036697008,0.0004212917018527884,-2.8987530048318888e-05,0.045388513250523954,0.036827949303713886,0.058873198173720304,0.524,0.023999999999999994,0.05075591658555697,4.693281871370747e-05,0.05601279511151152,0.1627839890695547,True,1.0,reject,pre_step,drift_diffusion_then_jump,iid_bank,8,every_step,True,0.0005166666666666669,0.005104166666666668,3988.170392427318,32586,0.0005161240786240787,1.000798525798526,6.142506142506143e-07,0.0
LSC-CP-RA,"LSC-CP-RA (A=8), tamed",44d6ecf1abcc7ab097c151f5d67417fb,8da7d73e85753d4e79f54062070fbc7b,True,0,844,4.22,1449312680.0729892,181164.08500912366,844.0,216064.0,0.15047346122629532,0.000352409493815542,-9.839440587366965e-05,0.025857200248401102,0.014605882374931581,0.018685658532675363,0.5,0.0,0.0039214567334744195,0.0033735376179114818,0.01856948970138468,0.14534394619663382,True,1.0,reject,pre_step,drift_diffusion_then_jump,iid_bank,8,every_step,True,0.0004333333333333335,0.004979166666666668,2237.062886199695,33781,0.0005131812796208531,1.000622037914692,5.924170616113744e-07,0.0
LSC-CP-RA,"LSC-CP-RA (A=8), tamed",44d6ecf1abcc7ab097c151f5d67417fb,8da7d73e85753d4e79f54062070fbc7b,True,1,844,4.22,1449312680.0729892,181164.08500912366,844.0,216064.0,0.11819225052618702,0.00016129128579378538,-0.0002895679277751251,0.03046143613031138,0.016358407490514964,0.025876487005076193,0.506,0.006000000000000005,0.013788451228792794,0.00011428616528896818,0.02797218648307928,0.16577131156141844,True,1.0,reject,pre_step,drift_diffusion_then_jump,iid_bank,8,every_step,True,0.0004333333333333335,0.004979166666666668,2237.062886199695,33781,0.0005131812796208531,1.000622037914692,5.924170616113744e-07,0.0
LSC-CP-RA,"LSC-CP-RA (A=8), tamed",44d6ecf1abcc7ab097c151f5d67417fb,8da7d73e85753d4e79f54062070fbc7b,True,2,844,4.22,1449312680.0729892,181164.08500912366,844.0,216064.0,0.15711969925528846,0.0005056423378331232,5.5011722193909485e-05,0.03513131389162216,0.01629580451021856,0.021985600748542097,0.498,0.0020000000000000018,0.0023810309062073424,0.008379149769706107,0.037731970311466745,0.09533586116545456,True,1.0,reject,pre_step,drift_diffusion_then_jump,iid_bank,8,every_step,True,0.0004333333333333335,0.004979166666666668,2237.062886199695,33781,0.0005131812796208531,1.000622037914692,5.924170616113744e-07,0.0
LSC-CP-RA,"LSC-CP-RA (A=8), tamed",44d6ecf1abcc7ab097c151f5d67417fb,8da7d73e85753d4e79f54062070fbc7b,True,3,844,4.22,1449312680.0729892,181164.08500912366,844.0,216064.0,0.1458902201307192,0.0003155743557888835,-0.00013503193982589146,0.04871364156145941,0.03239918955249022,0.05070039013982506,0.5195,0.01949999999999999,0.04216870944352644,0.00015940516142209926,0.06263773795882521,0.236303012994583,True,1.0,reject,pre_step,drift_diffusion_then_jump,iid_bank,8,every_step,True,0.0004333333333333335,0.004979166666666668,2237.062886199695,33781,0.0005131812796208531,1.000622037914692,5.924170616113744e-07,0.0
LSC-CP-RA,"LSC-CP-RA (A=8), tamed",44d6ecf1abcc7ab097c151f5d67417fb,8da7d73e85753d4e79f54062070fbc7b,True,0,873,4.365,1499111338.511516,187388.9173139395,873.0,223488.0,0.14036268716187375,0.00028634293165230584,-0.00016418310089294508,0.03525416775236659,0.016448138166056198,0.020534989736056213,0.5015000000000001,0.001500000000000029,0.002481564853640001,0.006901998255427699,0.04845620745548065,0.10728685319107745,True,1.0,reject,pre_step,drift_diffusion_then_jump,iid_bank,8,every_step,True,0.0004698275862068968,0.00510344827586207,2889.606572082229,34965,0.0005117411225658648,1.0012886597938144,5.72737686139748e-07,0.0
LSC-CP-RA,"LSC-CP-RA (A=8), tamed",44d6ecf1abcc7ab097c151f5d67417fb,8da7d73e85753d4e79f54062070fbc7b,True,1,873,4.365,1499111338.511516,187388.9173139395,873.0,223488.0,0.09647257637904717,6.0827748692871e-05,-0.0003904243554506692,0.02414545077843533,0.01707659454386439,0.030698069449841277,0.5115000000000001,0.011500000000000038,0.020767805921794214,0.008438394034661623,0.03748821836417133,0.2046534146146083,True,1.0,reject,pre_step,drift_diffusion_then_jump,iid_bank,8,every_step,True,0.0004698275862068968,0.00510344827586207,2889.606572082229,34965,0.0005117411225658648,1.0012886597938144,5.72737686139748e-07,0.0
LSC-CP-RA,"LSC-CP-RA (A=8), tamed",44d6ecf1abcc7ab097c151f5d67417fb,8da7d73e85753d4e79f54062070fbc7b,True,2,873,4.365,1499111338.511516,187388.9173139395,873.0,223488.0,0.12285668660655857,0.00019059936452692217,-0.0002603704539096974,0.029558809501411765,0.014844265761169031,0.022946525082146098,0.5045000000000001,0.004500000000000032,0.011185551614082563,0.0017828086375223373,0.027485956871252562,0.13861314688660975,True,1.0,reject,pre_step,drift_diffusion_then_jump,iid_bank,8,every_step,True,0.0004698275862068968,0.00510344827586207,2889.606572082229,34965,0.0005117411225658648,1.0012886597938144,5.72737686139748e-07,0.0
LSC-CP-RA,"LSC-CP-RA (A=8), tamed",44d6ecf1abcc7ab097c151f5d67417fb,8da7d73e85753d4e79f54062070fbc7b,True,3,873,4.365,1499111338.511516,187388.9173139395,873.0,223488.0,0.17701044745704092,0.0006582796021734616,0.0002076741979945007,0.05742003213590674,0.041310717531863744,0.06690888418971161,0.524,0.023999999999999994,0.050565195130553534,0.0006431716200481219,0.03221918144073987,0.24824813299807047,True,1.0,reject,pre_step,drift_diffusion_then_jump,iid_bank,8,every_step,True,0.0004698275862068968,0.00510344827586207,2889.606572082229,34965,0.0005117411225658648,1.0012886597938144,5.72737686139748e-07,0.0
LSC-CP-RA,"LSC-CP-RA (A=8), tamed",44d6ecf1abcc7ab097c151f5d67417fb,8da7d73e85753d4e79f54062070fbc7b,True,0,903,4.515,1550627192.0686128,193828.3990085766,903.0,231168.0,0.11305522866558199,0.0002520516626703939,-0.0001978679404496253,0.027176957665803414,0.015213141762669543,0.022470610124898927,0.5045000000000001,0.004500000000000032,0.008912392841356441,0.014103224835167905,0.022364394309111597,0.06392064145419185,True,1.0,reject,pre_step,drift_diffusion_then_jump,iid_bank,8,every_step,True,0.0004250000000000002,0.005033333333333334,1348.188027192484,36173,0.000508859357696567,1.0014673311184938,5.537098560354375e-07,0.0
LSC-CP-RA,"LSC-CP-RA (A=8), tamed",44d6ecf1abcc7ab097c151f5d67417fb,8da7d73e85753d4e79f54062070fbc7b,True,1,903,4.515,1550627192.0686128,193828.3990085766,903.0,231168.0,0.13202633457497964,0.00028129741748428305,-0.00016894039400827676,0.032168941445948784,0.02927461582405465,0.04925463358945664,0.519,0.019000000000000017,0.03257966076027933,0.0078074275504163015,0.022561926334534157,0.1399655914604102,True,1.0,reject,pre_step,drift_diffusion_then_jump,iid_bank,8,every_step,True,0.0004250000000000002,0.005033333333333334,1348.188027192484,36173,0.000508859357696567,1.0014673311184938,5.537098560354375e-07,0.0
LSC-CP-RA,"LSC-CP-RA (A=8), tamed",44d6ecf1abcc7ab097c151f5d67417fb,8da7d73e85753d4e79f54062070fbc7b,True,2,903,4.515,1550627192.0686128,193828.3990085766,903.0,231168.0,0.10074227297218108,7.772734333577613e-05,-0.00037380329196179396,0.02808079187939716,0.01957693200212285,0.03466857819913371,0.5115000000000001,0.011500000000000038,0.024914872592531844,0.009952276292292117,0.030580152701999087,0.22673375410445373,True,1.0,reject,pre_step,drift_diffusion_then_jump,iid_bank,8,every_step,True,0.0004250000000000002,0.005033333333333334,1348.188027192484,36173,0.000508859357696567,1.0014673311184938,5.537098560354375e-07,0.0
LSC-CP-RA,"LSC-CP-RA (A=8), tamed",44d6ecf1abcc7ab097c151f5d67417fb,8da7d73e85753d4e79f54062070fbc7b,True,3,903,4.515,1550627192.0686128,193828.3990085766,903.0,231168.0,0.13786322424821942,0.0003512957028239949,-9.880222192015786e-05,0.04410212717224404,0.03371461336755624,0.053051037325282296,0.52,0.020000000000000018,0.041964155614363466,0.006686606595926459,0.00792110146993246,0.13367038715391877,True,1.0,reject,pre_step,drift_diffusion_then_jump,iid_bank,8,every_step,True,0.0004250000000000002,0.005033333333333334,1348.188027192484,36173,0.000508859357696567,1.0014673311184938,5.537098560354375e-07,0.0
LSC-CP-RA,"LSC-CP-RA (A=8), tamed",44d6ecf1abcc7ab097c151f5d67417fb,8da7d73e85753d4e79f54062070fbc7b,True,0,933,4.665,1602143045.6257095,200267.88070321368,933.0,238848.0,0.12234392828005829,0.00022256827091904352,-0.00022840660054590511,0.03270359129438838,0.01755157171637228,0.028298765707180033,0.5065000000000001,0.0065000000000000335,0.01724651148083951,0.000589845412821699,0.0698544020540943,0.1964861782543882,True,1.0,reject,pre_step,drift_diffusion_then_jump,iid_bank,8,every_step,True,0.00047083333333333347,0.004850000000000002,905.1955000234524,37337,0.0005076366559485531,1.00045551982851,6.698821007502679e-07,0.0
LSC-CP-RA,"LSC-CP-RA (A=8), tamed",44d6ecf1abcc7ab097c151f5d67417fb,8da7d73e85753d4e79f54062070fbc7b,True,1,933,4.665,1602143045.6257095,200267.88070321368,933.0,238848.0,0.1572008707419838,0.0003515560407550966,-9.903744192552022e-05,0.044351467778717235,0.032258498207066826,0.053807222584244946,0.5205,0.020499999999999963,0.04235002037416515,0.0008441293069225697,0.08692221645160922,0.2684217448661529,True,1.0,reject,pre_step,drift_diffusion_then_jump,iid_bank,8,every_step,True,0.00047083333333333347,0.004850000000000002,905.1955000234524,37337,0.0005076366559485531,1.00045551982851,6.698821007502679e-07,0.0
LSC-CP-RA,"LSC-CP-RA (A=8), tamed",44d6ecf1abcc7ab097c151f5d67417fb,8da7d73e85753d4e79f54062070fbc7b,True,2,933,4.665,1602143045.6257095,200267.88070321368,933.0,238848.0,0.1098026942437229,0.00016503492315944612,-0.00028512299269867203,0.028084755830086183,0.02693635075079435,0.044766394330684245,0.517,0.017000000000000015,0.030679912494369452,0.008712032369159739,0.031963163217436016,0.07518649150057655,True,1.0,reject,pre_step,drift_diffusion_then_jump,iid_bank,8,every_step,True,0.00047083333333333347,0.004850000000000002,905.1955000234524,37337,0.0005076366559485531,1.00045551982851,6.698821007502679e-07,0.0
LSC-CP-RA,"LSC-CP-RA (A=8), tamed",44d6ecf1abcc7ab097c151f5d67417fb,8da7d73e85753d4e79f54062070fbc7b,True,3,933,4.665,1602143045.6257095,200267.88070321368,933.0,238848.0,0.13484250751665194,0.0003225681577251338,-0.0001278866125679068,0.0473093667648985,0.030571490632529057,0.04996229365587725,0.5185,0.01849999999999999,0.03383041418243221,0.004281378471065578,0.00048479465229110425,0.18720234085477216,True,1.0,reject,pre_step,drift_diffusion_then_jump,iid_bank,8,every_step,True,0.00047083333333333347,0.004850000000000002,905.1955000234524,37337,0.0005076366559485531,1.00045551982851,6.698821007502679e-07,0.0
LSC-CP-RA,"LSC-CP-RA (A=8), tamed",44d6ecf1abcc7ab097c151f5d67417fb,8da7d73e85753d4e79f54062070fbc7b,True,0,962,4.8100000000000005,1651941704.0642364,206492.71300802956,962.0,246272.0,0.13849838712809476,0.0004881853203299036,3.855540211428199e-05,0.03469155471909657,0.020826249462589482,0.027401146952260483,0.5025000000000001,0.00250000000000003,0.003386243589264429,0.01804095765141478,0.00701193111554224,0.12537402000932796,True,1.0,reject,pre_step,drift_diffusion_then_jump,iid_bank,8,every_step,True,0.00043965517241379326,0.004844827586206898,1879.6147511324923,38461,0.000505587318087318,0.999506237006237,6.496881496881497e-07,0.0
LSC-CP-RA,"LSC-CP-RA (A=8), tamed",44d6ecf1abcc7ab097c151f5d67417fb,8da7d73e85753d4e79f54062070fbc7b,True,1,962,4.8100000000000005,1651941704.0642364,206492.71300802956,962.0,246272.0,0.19424513556840795,0.0007511398253647883,0.00030098886572416106,0.04783936783468867,0.043163605462144476,0.06978772513565723,0.529,0.028999999999999998,0.05881398614048178,0.0020620370390740383,0.07306455442404233,0.21973436229060106,True,1.0,reject,pre_step,drift_diffusion_then_jump,iid_bank,8,every_step,True,0.00043965517241379326,0.004844827586206898,1879.6147511324923,38461,0.000505587318087318,0.999506237006237,6.496881496881497e-07,0.0
LSC-CP-RA,"LSC-CP-RA (A=8), tamed",44d6ecf1abcc7ab097c151f5d67417fb,8da7d73e85753d4e79f54062070fbc7b,True,2,962,4.8100000000000005,1651941704.0642364,206492.71300802956,962.0,246272.0,0.07828311955268615,0.0002211817312828268,-0.00022828938744368088,0.033949823502025356,0.020957110434580904,0.03084842051177382,0.5085000000000001,0.008500000000000035,0.018393947472763697,0.020358972495949645,0.0072650399606203064,0.03684859131866747,True,1.0,reject,pre_step,drift_diffusion_then_jump,iid_bank,8,every_step,True,0.00043965517241379326,0.004844827586206898,1879.6147511324923,38461,0.000505587318087318,0.999506237006237,6.496881496881497e-07,0.0
LSC-CP-RA,"LSC-CP-RA (A=8), tamed",44d6ecf1abcc7ab097c151f5d67417fb,8da7d73e85753d4e79f54062070fbc7b,True,3,962,4.8100000000000005,1651941704.0642364,206492.71300802956,962.0,246272.0,0.11324244086235077,0.000406500931322884,-4.2680289971119834e-05,0.047027396406425614,0.03207662389599801,0.050141426397888086,0.5175,0.017499999999999988,0.03347210427257452,0.02305858285637985,0.02374878121633388,0.0638289108238922,True,1.0,reject,pre_step,drift_diffusion_then_jump,iid_bank,8,every_step,True,0.00043965517241379326,0.004844827586206898,1879.6147511324923,38461,0.000505587318087318,0.999506237006237,6.496881496881497e-07,0.0
LSC-CP-RA,"LSC-CP-RA (A=8), tamed",44d6ecf1abcc7ab097c151f5d67417fb,8da7d73e85753d4e79f54062070fbc7b,True,0,992,4.96,1703457557.6213334,212932.19470266666,992.0,253952.0,0.1586973978549446,0.00037086081496784384,-8.088165608077791e-05,0.031616191966345436,0.016489518410960087,0.024096593371397215,0.501,0.0010000000000000009,0.003004868202659913,0.008663437303588428,0.04175687759466924,0.2511025085034032,True,1.0,reject,pre_step,drift_diffusion_then_jump,iid_bank,8,every_step,True,0.0005500000000000002,0.005054166666666667,4638.021036976063,39674,0.0005069304435483871,0.9998487903225807,6.300403225806452e-07,0.0
LSC-CP-RA,"LSC-CP-RA (A=8), tamed",44d6ecf1abcc7ab097c151f5d67417fb,8da7d73e85753d4e79f54062070fbc7b,True,1,992,4.96,1703457557.6213334,212932.19470266666,992.0,253952.0,0.1765715991103575,0.0006905444768223745,0.00024139955084168108,0.04722464645054181,0.041241119569856724,0.0640151782187335,0.5285,0.02849999999999997,0.052950983068708456,0.018355898622986255,0.03811763309256692,0.03209640715788342,True,1.0,reject,pre_step,drift_diffusion_then_jump,iid_bank,8,every_step,True,0.0005500000000000002,0.005054166666666667,4638.021036976063,39674,0.0005069304435483871,0.9998487903225807,6.300403225806452e-07,0.0
LSC-CP-RA,"LSC-CP-RA (A=8), tamed",44d6ecf1abcc7ab097c151f5d67417fb,8da7d73e85753d4e79f54062070fbc7b,True,2,992,4.96,1703457557.6213334,212932.19470266666,992.0,253952.0,0.12060563807098919,0.00023197045395628724,-0.0002189278512718662,0.03936487517953957,0.02083247315074041,0.0309837583020773,0.506,0.006000000000000005,0.019941848477504708,0.002079828412975049,0.07822627334769514,0.18377904172223591,True,1.0,reject,pre_step,drift_diffusion_then_jump,iid_bank,8,every_step,True,0.0005500000000000002,0.005054166666666667,4638.021036976063,39674,0.0005069304435483871,0.9998487903225807,6.300403225806452e-07,0.0
LSC-CP-RA,"LSC-CP-RA (A=8), tamed",44d6ecf1abcc7ab097c151f5d67417fb,8da7d73e85753d4e79f54062070fbc7b,True,3,992,4.96,1703457557.6213334,212932.19470266666,992.0,253952.0,0.13953866939278747,0.0004382481884013245,-1.1294719293286626e-05,0.04273228012724328,0.0345183892718567,0.05149111622370847,0.5225,0.022499999999999964,0.04442466192629535,0.01656987804625576,0.0374061831107212,0.06785931989580629,True,1.0,reject,pre_step,drift_diffusion_then_jump,iid_bank,8,every_step,True,0.0005500000000000002,0.005054166666666667,4638.021036976063,39674,0.0005069304435483871,0.9998487903225807,6.300403225806452e-07,0.0
LSC-CP-RA,"LSC-CP-RA (A=8), tamed",44d6ecf1abcc7ab097c151f5d67417fb,8da7d73e85753d4e79f54062070fbc7b,True,0,1022,5.11,1754973411.17843,219371.67639730376,1022.0,261632.0,0.15799033787436204,0.00021068013581659883,-0.00024182585115795074,0.02848527032567061,0.014593347453015415,0.02624833484907326,0.504,0.0040000000000000036,0.003067387494285774,0.02400167923900387,0.019816240298603564,0.36550939424403317,True,1.0,reject,pre_step,drift_diffusion_then_jump,iid_bank,8,every_step,True,0.0005666666666666668,0.005179166666666669,2499.847235528697,40917,0.0005086839530332681,1.0009050880626222,6.11545988258317e-07,0.0
LSC-CP-RA,"LSC-CP-RA (A=8), tamed",44d6ecf1abcc7ab097c151f5d67417fb,8da7d73e85753d4e79f54062070fbc7b,True,1,1022,5.11,1754973411.17843,219371.67639730376,1022.0,261632.0,0.13265979045713389,0.00022409392535471806,-0.00022593760526612439,0.02765264403125245,0.028977992931548343,0.046442489951847236,0.52,0.020000000000000018,0.03886310021569803,0.007597473880163186,0.05419488904273431,0.09864390114071642,True,1.0,reject,pre_step,drift_diffusion_then_jump,iid_bank,8,every_step,True,0.0005666666666666668,0.005179166666666669,2499.847235528697,40917,0.0005086839530332681,1.0009050880626222,6.11545988258317e-07,0.0
LSC-CP-RA,"LSC-CP-RA (A=8), tamed",44d6ecf1abcc7ab097c151f5d67417fb,8da7d73e85753d4e79f54062070fbc7b,True,2,1022,5.11,1754973411.17843,219371.67639730376,1022.0,261632.0,0.10935347502038663,0.00011411911942793562,-0.0003369721429223871,0.03240082289037638,0.022192820217277497,0.037751061576559525,0.5135,0.013499999999999984,0.030880083313490972,0.005086398875922882,0.08772661296624784,0.2178874961649998,True,1.0,reject,pre_step,drift_diffusion_then_jump,iid_bank,8,every_step,True,0.0005666666666666668,0.005179166666666669,2499.847235528697,40917,0.0005086839530332681,1.0009050880626222,6.11545988258317e-07,0.0
LSC-CP-RA,"LSC-CP-RA (A=8), tamed",44d6ecf1abcc7ab097c151f5d67417fb,8da7d73e85753d4e79f54062070fbc7b,True,3,1022,5.11,1754973411.17843,219371.67639730376,1022.0,261632.0,0.16492820833386593,0.00029581009454771046,-0.00015567455196674462,0.04167546931441646,0.031550719916280286,0.056309052474697724,0.519,0.019000000000000017,0.038958920911813924,0.015356293788205355,0.052961326505703676,0.3916480953967828,True,1.0,reject,pre_step,drift_diffusion_then_jump,iid_bank,8,every_step,True,0.0005666666666666668,0.005179166666666669,2499.847235528697,40917,0.0005086839530332681,1.0009050880626222,6.11545988258317e-07,0.0
LSC-CP-RA,"LSC-CP-RA (A=8), tamed",44d6ecf1abcc7ab097c151f5d67417fb,8da7d73e85753d4e79f54062070fbc7b,True,0,1052,5.26,1806489264.7355268,225811.15809194086,1052.0,269312.0,0.17417947151389906,0.00023080740886693984,-0.00022176260504513934,0.022092661173522876,0.010582239565532217,0.018671315456279175,0.501,0.0010000000000000009,0.0003953995742250537,0.028925302711421796,0.0013618305789918348,0.42727197890200797,True,1.0,reject,pre_step,drift_diffusion_then_jump,iid_bank,8,every_step,True,0.0005458333333333335,0.005204166666666668,1775.659303746887,42166,0.0005097433460076045,1.0020437262357413,5.94106463878327e-07,0.0
LSC-CP-RA,"LSC-CP-RA (A=8), tamed",44d6ecf1abcc7ab097c151f5d67417fb,8da7d73e85753d4e79f54062070fbc7b,True,1,1052,5.26,1806489264.7355268,225811.15809194086,1052.0,269312.0,0.1320854546201997,8.738990810919223e-05,-0.0003642571819103546,0.02438646168838854,0.0175132063857652,0.03259081081954922,0.51,0.010000000000000009,0.017156532423299606,0.02014332985566425,0.03219370094107179,0.5601676522528328,True,1.0,reject,pre_step,drift_diffusion_then_jump,iid_bank,8,every_step,True,0.0005458333333333335,0.005204166666666668,1775.659303746887,42166,0.0005097433460076045,1.0020437262357413,5.94106463878327e-07,0.0
LSC-CP-RA,"LSC-CP-RA (A=8), tamed",44d6ecf1abcc7ab097c151f5d67417fb,8da7d73e85753d4e79f54062070fbc7b,True,2,1052,5.26,1806489264.7355268,225811.15809194086,1052.0,269312.0,0.06781971906391143,9.863004101529071e-05,-0.00035169099949783345,0.0343107901083467,0.020100114696308288,0.0316316017435855,0.512,0.01200000000000001,0.022067334701505605,0.00841787744648459,0.018667362682914152,0.06554496894083328,True,1.0,reject,pre_step,drift_diffusion_then_jump,iid_bank,8,every_step,True,0.0005458333333333335,0.005204166666666668,1775.659303746887,42166,0.0005097433460076045,1.0020437262357413,5.94106463878327e-07,0.0
LSC-CP-RA,"LSC-CP-RA (A=8), tamed",44d6ecf1abcc7ab097c151f5d67417fb,8da7d73e85753d4e79f54062070fbc7b,True,3,1052,5.26,1806489264.7355268,225811.15809194086,1052.0,269312.0,0.15364771602949623,0.0003084238207535783,-0.0001423875729941182,0.03456650582864418,0.032519891098619455,0.05356030698947613,0.523,0.022999999999999993,0.04349921473769258,0.000979584441174297,0.05953128183373506,0.1541638369796362,True,1.0,reject,pre_step,drift_diffusion_then_jump,iid_bank,8,every_step,True,0.0005458333333333335,0.005204166666666668,1775.659303746887,42166,0.0005097433460076045,1.0020437262357413,5.94106463878327e-07,0.0
LSC-CP-RA,"LSC-CP-RA (A=8), tamed",44d6ecf1abcc7ab097c151f5d67417fb,8da7d73e85753d4e79f54062070fbc7b,True,0,1081,5.405,1856287923.1740537,232035.9903967567,1081.0,276736.0,0.16499870601464187,0.00038214005988002064,-6.899131426474359e-05,0.024585927180151845,0.011721952425652448,0.017547902515321533,0.498,0.0020000000000000018,0.0008702247635542272,0.0028716011126751484,0.021322470868964757,0.1522796523430746,True,1.0,reject,pre_step,drift_diffusion_then_jump,iid_bank,8,every_step,True,0.00046120689655172433,0.00506896551724138,4682.707860976254,43342,0.0005084412580943571,1.002358926919519,5.78168362627197e-07,0.0
LSC-CP-RA,"LSC-CP-RA (A=8), tamed",44d6ecf1abcc7ab097c151f5d67417fb,8da7d73e85753d4e79f54062070fbc7b,True,1,1081,5.405,1856287923.1740537,232035.9903967567,1081.0,276736.0,0.12122799193670421,0.00019988095541823014,-0.0002510178672261443,0.029279550706580004,0.018664033338123057,0.03322978228886653,0.5085000000000001,0.008500000000000035,0.012498889450558019,0.004075000278108143,0.012446656115961574,0.2913461890896313,True,1.0,reject,pre_step,drift_diffusion_then_jump,iid_bank,8,every_step,True,0.00046120689655172433,0.00506896551724138,4682.707860976254,43342,0.0005084412580943571,1.002358926919519,5.78168362627197e-07,0.0
LSC-CP-RA,"LSC-CP-RA (A=8), tamed",44d6ecf1abcc7ab097c151f5d67417fb,8da7d73e85753d4e79f54062070fbc7b,True,2,1081,5.405,1856287923.1740537,232035.9903967567,1081.0,276736.0,0.12522208253352737,9.364537358114156e-05,-0.00035832393725443445,0.03026040973640476,0.017828748588869247,0.032922708542526144,0.5085000000000001,0.008500000000000035,0.013447051650199913,0.01669550020788102,0.03409337968842908,0.30145340335746973,True,1.0,reject,pre_step,drift_diffusion_then_jump,iid_bank,8,every_step,True,0.00046120689655172433,0.00506896551724138,4682.707860976254,43342,0.0005084412580943571,1.002358926919519,5.78168362627197e-07,0.0
LSC-CP-RA,"LSC-CP-RA (A=8), tamed",44d6ecf1abcc7ab097c151f5d67417fb,8da7d73e85753d4e79f54062070fbc7b,True,3,1081,5.405,1856287923.1740537,232035.9903967567,1081.0,276736.0,0.15910919141224722,0.00040439659680091555,-4.573198563406766e-05,0.03933048959502661,0.033265245018251705,0.05634393699844462,0.522,0.021999999999999992,0.03784533198044097,0.005979103414395004,0.04607183335339368,0.2070971071712181,True,1.0,reject,pre_step,drift_diffusion_then_jump,iid_bank,8,every_step,True,0.00046120689655172433,0.00506896551724138,4682.707860976254,43342,0.0005084412580943571,1.002358926919519,5.78168362627197e-07,0.0
LSC-CP-RA,"LSC-CP-RA (A=8), tamed",44d6ecf1abcc7ab097c151f5d67417fb,8da7d73e85753d4e79f54062070fbc7b,True,0,1111,5.555,1907803776.7311504,238475.4720913938,1111.0,284416.0,0.14142393058470681,0.0003588149317457212,-9.165940047639598e-05,0.03430416768335873,0.019209641355816147,0.026689800896386687,0.5025000000000001,0.00250000000000003,0.0020267680996314745,0.008161037401525073,0.03162787054282886,0.1614869949001233,True,1.0,reject,pre_step,drift_diffusion_then_jump,iid_bank,8,every_step,True,0.0004666666666666668,0.004775000000000001,3683.672502853889,44488,0.0005073132313231323,1.0010801080108012,5.625562556255626e-07,0.0
LSC-CP-RA,"LSC-CP-RA (A=8), tamed",44d6ecf1abcc7ab097c151f5d67417fb,8da7d73e85753d4e79f54062070fbc7b,True,1,1111,5.555,1907803776.7311504,238475.4720913938,1111.0,284416.0,0.10796101145383331,0.00021228735102607477,-0.0002377777963453731,0.029970181945788377,0.018197908657158184,0.025613482239451008,0.505,0.0050000000000000044,0.010514138630920496,0.0139000667614948,0.008155141137985674,0.05227594261818569,True,1.0,reject,pre_step,drift_diffusion_then_jump,iid_bank,8,every_step,True,0.0004666666666666668,0.004775000000000001,3683.672502853889,44488,0.0005073132313231323,1.0010801080108012,5.625562556255626e-07,0.0
LSC-CP-RA,"LSC-CP-RA (A=8), tamed",44d6ecf1abcc7ab097c151f5d67417fb,8da7d73e85753d4e79f54062070fbc7b,True,2,1111,5.555,1907803776.7311504,238475.4720913938,1111.0,284416.0,0.05383767569296675,4.8998916440279316e-05,-0.0004014505220867326,0.027652960734521614,0.01959877061944799,0.031208485234801263,0.511,0.01100000000000001,0.02683195730789459,0.005880067662106692,0.04716317235878028,0.04145713692787012,True,1.0,reject,pre_step,drift_diffusion_then_jump,iid_bank,8,every_step,True,0.0004666666666666668,0.004775000000000001,3683.672502853889,44488,0.0005073132313231323,1.0010801080108012,5.625562556255626e-07,0.0
LSC-CP-RA,"LSC-CP-RA (A=8), tamed",44d6ecf1abcc7ab097c151f5d67417fb,8da7d73e85753d4e79f54062070fbc7b,True,3,1111,5.555,1907803776.7311504,238475.4720913938,1111.0,284416.0,0.1554782012989705,0.00046173290952256085,1.230331920587524e-05,0.042297833684789454,0.03571119344239296,0.05689442281983239,0.5245,0.024499999999999966,0.04600203763336931,0.014639911427997032,0.056293945431482494,0.09771982970593773,True,1.0,reject,pre_step,drift_diffusion_then_jump,iid_bank,8,every_step,True,0.0004666666666666668,0.004775000000000001,3683.672502853889,44488,0.0005073132313231323,1.0010801080108012,5.625562556255626e-07,0.0
LSC-CP-RA,"LSC-CP-RA (A=8), tamed",44d6ecf1abcc7ab097c151f5d67417fb,8da7d73e85753d4e79f54062070fbc7b,True,0,1141,5.705,1959319630.2882473,244914.9537860309,1141.0,292096.0,0.14548060038716343,0.0003444118879991631,-0.0001057830699197071,0.03672127273839065,0.016829180862304432,0.02061962562981652,0.501,0.0010000000000000009,0.007043577126747244,0.00955258411423432,0.02869473856159382,0.13414251424672707,True,1.0,reject,pre_step,drift_diffusion_then_jump,iid_bank,8,every_step,True,0.0005541666666666668,0.005200000000000001,3355.5540783656006,45736,0.0005085451358457494,1.0021034180543382,5.477651183172656e-07,0.0
LSC-CP-RA,"LSC-CP-RA (A=8), tamed",44d6ecf1abcc7ab097c151f5d67417fb,8da7d73e85753d4e79f54062070fbc7b,True,1,1141,5.705,1959319630.2882473,244914.9537860309,1141.0,292096.0,0.12742639729279692,0.0003286507397675109,-0.00012142098059331197,0.029512306369937624,0.0158723391516552,0.021226937604156212,0.503,0.0030000000000000027,0.0036447983366505784,0.01397846453457574,0.007447955381796213,0.08253686826189022,True,1.0,reject,pre_step,drift_diffusion_then_jump,iid_bank,8,every_step,True,0.0005541666666666668,0.005200000000000001,3355.5540783656006,45736,0.0005085451358457494,1.0021034180543382,5.477651183172656e-07,0.0
LSC-CP-RA,"LSC-CP-RA (A=8), tamed",44d6ecf1abcc7ab097c151f5d67417fb,8da7d73e85753d4e79f54062070fbc7b,True,2,1141,5.705,1959319630.2882473,244914.9537860309,1141.0,292096.0,0.1447899102012582,0.00023641467545310046,-0.0002150574628587698,0.025475697762165544,0.013957511436189549,0.022560910716370532,0.504,0.0040000000000000036,0.004382482515640363,0.009292107741755262,0.0076717197364443886,0.25220754089709174,True,1.0,reject,pre_step,drift_diffusion_then_jump,iid_bank,8,every_step,True,0.0005541666666666668,0.005200000000000001,3355.5540783656006,45736,0.0005085451358457494,1.0021034180543382,5.477651183172656e-07,0.0
LSC-CP-RA,"LSC-CP-RA (A=8), tamed",44d6ecf1abcc7ab097c151f5d67417fb,8da7d73e85753d4e79f54062070fbc7b,True,3,1141,5.705,1959319630.2882473,244914.9537860309,1141.0,292096.0,0.1035952112235971,0.00026176365726715556,-0.00018766318922613934,0.03718936295306874,0.028252827123221323,0.04381540761186435,0.5175,0.017499999999999988,0.03040933546419709,0.01988733083728167,0.00968557310847129,0.0268868738552418,True,1.0,reject,pre_step,drift_diffusion_then_jump,iid_bank,8,every_step,True,0.0005541666666666668,0.005200000000000001,3355.5540783656006,45736,0.0005085451358457494,1.0021034180543382,5.477651183172656e-07,0.0
LSC-CP-RA,"LSC-CP-RA (A=8), tamed",44d6ecf1abcc7ab097c151f5d67417fb,8da7d73e85753d4e79f54062070fbc7b,True,0,1170,5.8500000000000005,2009118288.7267742,251139.78609084678,1170.0,299520.0,0.12698790589256234,0.00022060732088491353,-0.00023083206777996246,0.026032235436679207,0.016055585015152835,0.027606117157624458,0.5055000000000001,0.005500000000000033,0.012250068013044412,0.004314906396784668,0.02879254831479541,0.20357427949433682,True,1.0,reject,pre_step,drift_diffusion_then_jump,iid_bank,8,every_step,True,0.0005086206896551726,0.005163793103448277,1653.1901172890903,46934,0.0005085470085470085,1.0028632478632478,5.341880341880342e-07,0.0
LSC-CP-RA,"LSC-CP-RA (A=8), tamed",44d6ecf1abcc7ab097c151f5d67417fb,8da7d73e85753d4e79f54062070fbc7b,True,1,1170,5.8500000000000005,2009118288.7267742,251139.78609084678,1170.0,299520.0,0.14493388387449835,0.00030694218637750126,-0.00014464018302051684,0.03515693539549625,0.01976926663687066,0.032661387366358825,0.506,0.006000000000000005,0.011214376572675802,0.010402289622593708,0.05510563662762957,0.3428170338972304,True,1.0,reject,pre_step,drift_diffusion_then_jump,iid_bank,8,every_step,True,0.0005086206896551726,0.005163793103448277,1653.1901172890903,46934,0.0005085470085470085,1.0028632478632478,5.341880341880342e-07,0.0
LSC-CP-RA,"LSC-CP-RA (A=8), tamed",44d6ecf1abcc7ab097c151f5d67417fb,8da7d73e85753d4e79f54062070fbc7b,True,2,1170,5.8500000000000005,2009118288.7267742,251139.78609084678,1170.0,299520.0,0.17475953907437486,0.0004975000816341835,4.632106271673653e-05,0.0298269507195342,0.014776249685340892,0.022615927298065486,0.497,0.0030000000000000027,0.011451775591861266,0.00240821668706237,0.04350850677694464,0.1752368772548879,True,1.0,reject,pre_step,drift_diffusion_then_jump,iid_bank,8,every_step,True,0.0005086206896551726,0.005163793103448277,1653.1901172890903,46934,0.0005085470085470085,1.0028632478632478,5.341880341880342e-07,0.0
LSC-CP-RA,"LSC-CP-RA (A=8), tamed",44d6ecf1abcc7ab097c151f5d67417fb,8da7d73e85753d4e79f54062070fbc7b,True,3,1170,5.8500000000000005,2009118288.7267742,251139.78609084678,1170.0,299520.0,0.13555225671732404,0.0003010246086647683,-0.00014973749125346547,0.03220664801690698,0.017182701270078725,0.026160003898356612,0.5035000000000001,0.003500000000000031,0.01059802328587949,0.004115076142889751,0.03502732311652939,0.16993812375033646,True,1.0,reject,pre_step,drift_diffusion_then_jump,iid_bank,8,every_step,True,0.0005086206896551726,0.005163793103448277,1653.1901172890903,46934,0.0005085470085470085,1.0028632478632478,5.341880341880342e-07,0.0
LSC-CP-RA,"LSC-CP-RA (A=8), tamed",44d6ecf1abcc7ab097c151f5d67417fb,8da7d73e85753d4e79f54062070fbc7b,True,0,1200,6.0,2060634142.283871,257579.26778548385,1200.0,307200.0,0.13899239994413123,0.0003380607922742751,-0.00011275746934669151,0.03572444590765794,0.021712987009113928,0.03373823658965952,0.506,0.006000000000000005,0.006890049238076668,0.00040507656228994104,0.008908561149486861,0.27995861987212656,True,1.0,reject,pre_step,drift_diffusion_then_jump,iid_bank,8,every_step,True,0.0004458333333333335,0.005112500000000002,900.7770161149367,48161,0.0005069791666666666,1.0033541666666668,5.208333333333334e-07,0.0
LSC-CP-RA,"LSC-CP-RA (A=8), tamed",44d6ecf1abcc7ab097c151f5d67417fb,8da7d73e85753d4e79f54062070fbc7b,True,1,1200,6.0,2060634142.283871,257579.26778548385,1200.0,307200.0,0.10747663159753255,0.0001835342405084317,-0.0002668372670939778,0.02773404916053579,0.015689565539031988,0.0239965548785157,0.506,0.006000000000000005,0.006832448574504612,0.008870544401801128,0.007239949746785707,0.07895642282034465,True,1.0,reject,pre_step,drift_diffusion_then_jump,iid_bank,8,every_step,True,0.0004458333333333335,0.005112500000000002,900.7770161149367,48161,0.0005069791666666666,1.0033541666666668,5.208333333333334e-07,0.0
LSC-CP-RA,"LSC-CP-RA (A=8), tamed",44d6ecf1abcc7ab097c151f5d67417fb,8da7d73e85753d4e79f54062070fbc7b,True,2,1200,6.0,2060634142.283871,257579.26778548385,1200.0,307200.0,0.20381052135744315,0.000944121884697835,0.0004939988166090536,0.03278582138402655,0.02015118141161386,0.03272163001526883,0.4905,0.009500000000000036,0.014394512996293376,0.007967113651291102,0.016888808776942172,0.14882705847579147,True,1.0,reject,pre_step,drift_diffusion_then_jump,iid_bank,8,every_step,True,0.0004458333333333335,0.005112500000000002,900.7770161149367,48161,0.0005069791666666666,1.0033541666666668,5.208333333333334e-07,0.0
LSC-CP-RA,"LSC-CP-RA (A=8), tamed",44d6ecf1abcc7ab097c151f5d67417fb,8da7d73e85753d4e79f54062070fbc7b,True,3,1200,6.0,2060634142.283871,257579.26778548385,1200.0,307200.0,0.15073949981764515,0.00018282445336414987,-0.00026922926848349515,0.028747236471103554,0.016677023600397103,0.029875176627579256,0.5055000000000001,0.005500000000000033,0.010699776515688843,0.019223185360670914,0.0013592662739317061,0.3730818567446247,True,1.0,reject,pre_step,drift_diffusion_then_jump,iid_bank,8,every_step,True,0.0004458333333333335,0.005112500000000002,900.7770161149367,48161,0.0005069791666666666,1.0033541666666668,5.208333333333334e-07,0.0
LSC-CP-RA,"LSC-CP-RA (A=8), tamed",44d6ecf1abcc7ab097c151f5d67417fb,8da7d73e85753d4e79f54062070fbc7b,True,0,1230,6.15,2112149995.8409677,264018.74948012095,1230.0,314880.0,0.1699065455601002,0.0006807672972212186,0.0002309384657067648,0.0395426290801488,0.02223406991388119,0.0294365416331282,0.4975,0.00250000000000003,0.00651249075993834,0.017124694267674823,0.0027451849028764853,0.10682349734015506,True,1.0,reject,pre_step,drift_diffusion_then_jump,iid_bank,8,every_step,True,0.0005208333333333335,0.004945833333333334,3441.8667689522877,49348,0.0005073170731707317,1.0030081300813007,5.08130081300813e-07,0.0
LSC-CP-RA,"LSC-CP-RA (A=8), tamed",44d6ecf1abcc7ab097c151f5d67417fb,8da7d73e85753d4e79f54062070fbc7b,True,1,1230,6.15,2112149995.8409677,264018.74948012095,1230.0,314880.0,0.06582763240762869,0.0001265595487915938,-0.0003233004318576871,0.0284026119125404,0.02074999527952955,0.0335604757748046,0.5125,0.012499999999999983,0.019809775122138745,0.014743443001811851,0.004951464920495037,0.020656816403012646,True,1.0,reject,pre_step,drift_diffusion_then_jump,iid_bank,8,every_step,True,0.0005208333333333335,0.004945833333333334,3441.8667689522877,49348,0.0005073170731707317,1.0030081300813007,5.08130081300813e-07,0.0
LSC-CP-RA,"LSC-CP-RA (A=8), tamed",44d6ecf1abcc7ab097c151f5d67417fb,8da7d73e85753d4e79f54062070fbc7b,True,2,1230,6.15,2112149995.8409677,264018.74948012095,1230.0,314880.0,0.2037121618622958,0.0009912356506190934,0.0005412987335561281,0.030154196673293707,0.02080731561629932,0.033309704660981536,0.49,0.010000000000000009,0.017623589850959718,0.012659657879250497,0.00298136527933061,0.10492517137738788,True,1.0,reject,pre_step,drift_diffusion_then_jump,iid_bank,8,every_step,True,0.0005208333333333335,0.004945833333333334,3441.8667689522877,49348,0.0005073170731707317,1.0030081300813007,5.08130081300813e-07,0.0
LSC-CP-RA,"LSC-CP-RA (A=8), tamed",44d6ecf1abcc7ab097c151f5d67417fb,8da7d73e85753d4e79f54062070fbc7b,True,3,1230,6.15,2112149995.8409677,264018.74948012095,1230.0,314880.0,0.08101676302889521,0.00016058215817416066,-0.00028923547401016325,0.033987448674948295,0.023274929958456238,0.03721280963963287,0.513,0.013000000000000012,0.02555539791227617,0.013328050278373471,0.020148330509732505,0.07165819827804099,True,1.0,reject,pre_step,drift_diffusion_then_jump,iid_bank,8,every_step,True,0.0005208333333333335,0.004945833333333334,3441.8667689522877,49348,0.0005073170731707317,1.0030081300813007,5.08130081300813e-07,0.0
LSC-CP-RA,"LSC-CP-RA (A=8), tamed",44d6ecf1abcc7ab097c151f5d67417fb,8da7d73e85753d4e79f54062070fbc7b,True,0,1259,6.295,2161948654.279495,270243.58178493683,1259.0,322304.0,0.16629509121951344,0.0006190019441089101,0.00016854858598780442,0.03605838575267695,0.01981507723892264,0.02620400040369216,0.498,0.0020000000000000018,0.005840744236877319,0.010304342703933989,0.002044317881524964,0.11899841086629126,True,1.0,reject,pre_step,drift_diffusion_then_jump,iid_bank,8,every_step,True,0.0004568965517241381,0.005021551724137933,2434.2502927315713,50513,0.0005061556791104051,1.0030381254964258,4.964257347100874e-07,0.0
LSC-CP-RA,"LSC-CP-RA (A=8), tamed",44d6ecf1abcc7ab097c151f5d67417fb,8da7d73e85753d4e79f54062070fbc7b,True,1,1259,6.295,2161948654.279495,270243.58178493683,1259.0,322304.0,0.10303660436034144,9.93155690488523e-05,-0.00035175468641868157,0.029739513199683598,0.022879725928368233,0.03838912377850381,0.5135,0.013499999999999984,0.03425214457584538,0.0038424264891656623,0.08925350252217748,0.1825636812772803,True,1.0,reject,pre_step,drift_diffusion_then_jump,iid_bank,8,every_step,True,0.0004568965517241381,0.005021551724137933,2434.2502927315713,50513,0.0005061556791104051,1.0030381254964258,4.964257347100874e-07,0.0
LSC-CP-RA,"LSC-CP-RA (A=8), tamed",44d6ecf1abcc7ab097c151f5d67417fb,8da7d73e85753d4e79f54062070fbc7b,True,2,1259,6.295,2161948654.279495,270243.58178493683,1259.0,322304.0,0.1790078522634817,0.0005688696091958878,0.00011835608292287692,0.03130573830471628,0.01750080714639373,0.02565236483391956,0.495,0.0050000000000000044,0.012265309360840249,0.007004968209247342,0.06044232213291337,0.13303452037104913,True,1.0,reject,pre_step,drift_diffusion_then_jump,iid_bank,8,every_step,True,0.0004568965517241381,0.005021551724137933,2434.2502927315713,50513,0.0005061556791104051,1.0030381254964258,4.964257347100874e-07,0.0
LSC-CP-RA,"LSC-CP-RA (A=8), tamed",44d6ecf1abcc7ab097c151f5d67417fb,8da7d73e85753d4e79f54062070fbc7b,True,3,1259,6.295,2161948654.279495,270243.58178493683,1259.0,322304.0,0.10613811858530373,0.00032928038495139145,-0.00012004024573741834,0.03510183053414673,0.019596071445295103,0.025378232387414264,0.504,0.0040000000000000036,0.008752845281107645,0.02593760041718529,0.004583660016524796,0.01722722544252786,True,1.0,reject,pre_step,drift_diffusion_then_jump,iid_bank,8,every_step,True,0.0004568965517241381,0.005021551724137933,2434.2502927315713,50513,0.0005061556791104051,1.0030381254964258,4.964257347100874e-07,0.0
LSC-CP-RA,"LSC-CP-RA (A=8), tamed",44d6ecf1abcc7ab097c151f5d67417fb,8da7d73e85753d4e79f54062070fbc7b,True,0,1289,6.445,2213464507.8365912,276683.06347957393,1289.0,329984.0,0.1470296225490611,0.00043394988122757994,-1.6056097420169557e-05,0.03582222055428841,0.016785808298806923,0.01884138095260024,0.4985,0.001500000000000029,0.006707568236833065,0.015490726747581895,0.042652435398922856,0.02997027374054173,True,1.0,reject,pre_step,drift_diffusion_then_jump,iid_bank,8,every_step,True,0.0005500000000000001,0.004820833333333334,4683.119966292571,51670,0.0005071761055081459,1.002133436772692,4.848719937936385e-07,0.0
LSC-CP-RA,"LSC-CP-RA (A=8), tamed",44d6ecf1abcc7ab097c151f5d67417fb,8da7d73e85753d4e79f54062070fbc7b,True,1,1289,6.445,2213464507.8365912,276683.06347957393,1289.0,329984.0,0.10035810677503472,9.402948485004448e-05,-0.0003571802119282097,0.022256076047516116,0.015728196857920426,0.028144495250804286,0.5085000000000001,0.008500000000000035,0.01254040018201847,0.0038055336458616695,0.02117890626928679,0.16058998190311502,True,1.0,reject,pre_step,drift_diffusion_then_jump,iid_bank,8,every_step,True,0.0005500000000000001,0.004820833333333334,4683.119966292571,51670,0.0005071761055081459,1.002133436772692,4.848719937936385e-07,0.0
LSC-CP-RA,"LSC-CP-RA (A=8), tamed",44d6ecf1abcc7ab097c151f5d67417fb,8da7d73e85753d4e79f54062070fbc7b,True,2,1289,6.445,2213464507.8365912,276683.06347957393,1289.0,329984.0,0.17359884302330328,0.0006851158253138312,0.000235105701313576,0.03418596879829505,0.018779592466622856,0.026438372333580824,0.4945,0.005500000000000033,0.004621955309230969,0.01566436477307387,0.028582862026798,0.057260506838352376,True,1.0,reject,pre_step,drift_diffusion_then_jump,iid_bank,8,every_step,True,0.0005500000000000001,0.004820833333333334,4683.119966292571,51670,0.0005071761055081459,1.002133436772692,4.848719937936385e-07,0.0
LSC-CP-RA,"LSC-CP-RA (A=8), tamed",44d6ecf1abcc7ab097c151f5d67417fb,8da7d73e85753d4e79f54062070fbc7b,True,3,1289,6.445,2213464507.8365912,276683.06347957393,1289.0,329984.0,0.11883268637875778,0.0002968157139487948,-0.00015379295276440885,0.037896506731759066,0.022708659100801255,0.0357599188921021,0.5075000000000001,0.007500000000000034,0.007704686131150781,0.004819798963842881,0.055876834405830765,0.2175198181495951,True,1.0,reject,pre_step,drift_diffusion_then_jump,iid_bank,8,every_step,True,0.0005500000000000001,0.004820833333333334,4683.119966292571,51670,0.0005071761055081459,1.002133436772692,4.848719937936385e-07,0.0
LSC-CP-RA,"LSC-CP-RA (A=8), tamed",44d6ecf1abcc7ab097c151f5d67417fb,8da7d73e85753d4e79f54062070fbc7b,True,0,1319,6.595,2264980361.393688,283122.54517421103,1319.0,337664.0,0.1785228464396547,0.0005747540282642349,0.00012380013334611917,0.04153266117738097,0.018467751010273984,0.027392292541439888,0.4965,0.003500000000000031,0.001496316536990766,0.0006374077966944114,0.03690565018562013,0.2101002208301218,True,1.0,reject,pre_step,drift_diffusion_then_jump,iid_bank,8,every_step,True,0.00047916666666666686,0.0047125000000000005,4827.193545859586,52801,0.0005065390447308567,1.0007771038665656,4.7384382107657316e-07,0.0
LSC-CP-RA,"LSC-CP-RA (A=8), tamed",44d6ecf1abcc7ab097c151f5d67417fb,8da7d73e85753d4e79f54062070fbc7b,True,1,1319,6.595,2264980361.393688,283122.54517421103,1319.0,337664.0,0.11028394642976545,0.0001602409966900975,-0.00029052913003724257,0.02771827943445726,0.013029136796534505,0.01985403730062911,0.504,0.0040000000000000036,0.013203703967390637,0.0051146573095043335,0.03356392090416878,0.05320708382173056,True,1.0,reject,pre_step,drift_diffusion_then_jump,iid_bank,8,every_step,True,0.00047916666666666686,0.0047125000000000005,4827.193545859586,52801,0.0005065390447308567,1.0007771038665656,4.7384382107657316e-07,0.0
LSC-CP-RA,"LSC-CP-RA (A=8), tamed",44d6ecf1abcc7ab097c151f5d67417fb,8da7d73e85753d4e79f54062070fbc7b,True,2,1319,6.595,2264980361.393688,283122.54517421103,1319.0,337664.0,0.1904499542996699,0.0008372118108257443,0.00038621826222928757,0.04657261937437851,0.022735361690177654,0.031930208439773775,0.495,0.0050000000000000044,0.01428095716661098,0.0007029306773611577,0.0011585794350453848,0.23090526395277966,True,1.0,reject,pre_step,drift_diffusion_then_jump,iid_bank,8,every_step,True,0.00047916666666666686,0.0047125000000000005,4827.193545859586,52801,0.0005065390447308567,1.0007771038665656,4.7384382107657316e-07,0.0
LSC-CP-RA,"LSC-CP-RA (A=8), tamed",44d6ecf1abcc7ab097c151f5d67417fb,8da7d73e85753d4e79f54062070fbc7b,True,3,1319,6.595,2264980361.393688,283122.54517421103,1319.0,337664.0,0.08280905368459383,0.0002847528644330799,-0.00016439061098172392,0.035900198501008784,0.02635565011033231,0.04088887538955788,0.514,0.014000000000000012,0.02437304958439046,0.023917130667768904,0.012478560568647453,0.032588901634687084,True,1.0,reject,pre_step,drift_diffusion_then_jump,iid_bank,8,every_step,True,0.00047916666666666686,0.0047125000000000005,4827.193545859586,52801,0.0005065390447308567,1.0007771038665656,4.7384382107657316e-07,0.0
LSC-CP-RA,"LSC-CP-RA (A=8), tamed",44d6ecf1abcc7ab097c151f5d67417fb,8da7d73e85753d4e79f54062070fbc7b,True,0,1348,6.74,2314779019.832215,289347.37747902685,1348.0,345088.0,0.183145013994043,0.0005885572681818552,0.00013757850870677046,0.02480158005183064,0.015728298803412994,0.02641296314584947,0.495,0.0050000000000000044,0.011000309284651314,0.0011429502334687758,0.03127167890046957,0.16835227562430222,True,1.0,reject,pre_step,drift_diffusion_then_jump,iid_bank,8,every_step,True,0.0005517241379310347,0.005116379310344829,1287.0620241244433,53988,0.0005075111275964392,1.0012611275964391,5.56379821958457e-07,0.0
LSC-CP-RA,"LSC-CP-RA (A=8), tamed",44d6ecf1abcc7ab097c151f5d67417fb,8da7d73e85753d4e79f54062070fbc7b,True,1,1348,6.74,2314779019.832215,289347.37747902685,1348.0,345088.0,0.16458900942227775,0.000304117197335696,-0.00014727726932217688,0.0262322474547364,0.012091063798559459,0.017082228474886815,0.4995,0.0005000000000000282,0.0049802237239631045,0.008637596682236182,0.015598916099583865,0.2359525815747464,True,1.0,reject,pre_step,drift_diffusion_then_jump,iid_bank,8,every_step,True,0.0005517241379310347,0.005116379310344829,1287.0620241244433,53988,0.0005075111275964392,1.0012611275964391,5.56379821958457e-07,0.0
LSC-CP-RA,"LSC-CP-RA (A=8), tamed",44d6ecf1abcc7ab097c151f5d67417fb,8da7d73e85753d4e79f54062070fbc7b,True,2,1348,6.74,2314779019.832215,289347.37747902685,1348.0,345088.0,0.15659893497343536,0.0005908422971425686,0.00014094513300710876,0.037371040785828064,0.020479495693251432,0.02543023338257679,0.4985,0.001500000000000029,0.008741560760023127,0.017995342088171218,0.029057197920572594,0.07053873202545413,True,1.0,reject,pre_step,drift_diffusion_then_jump,iid_bank,8,every_step,True,0.0005517241379310347,0.005116379310344829,1287.0620241244433,53988,0.0005075111275964392,1.0012611275964391,5.56379821958457e-07,0.0
LSC-CP-RA,"LSC-CP-RA (A=8), tamed",44d6ecf1abcc7ab097c151f5d67417fb,8da7d73e85753d4e79f54062070fbc7b,True,3,1348,6.74,2314779019.832215,289347.37747902685,1348.0,345088.0,0.11985928915235727,0.00015133116138454916,-0.00029988524257884563,0.03422795580333077,0.022236098437327486,0.0397004839886722,0.513,0.013000000000000012,0.01896841590486312,0.00878027065974385,0.002341014469002421,0.2857753542150435,True,1.0,reject,pre_step,drift_diffusion_then_jump,iid_bank,8,every_step,True,0.0005517241379310347,0.005116379310344829,1287.0620241244433,53988,0.0005075111275964392,1.0012611275964391,5.56379821958457e-07,0.0
LSC-CP-RA,"LSC-CP-RA (A=8), tamed",44d6ecf1abcc7ab097c151f5d67417fb,8da7d73e85753d4e79f54062070fbc7b,True,0,1378,6.890000000000001,2366294873.389312,295786.85917366395,1378.0,352768.0,0.16000035543352872,0.0005040323095809596,5.377301404585477e-05,0.02668249815043866,0.015034589796748597,0.020728675267769316,0.497,0.0030000000000000027,0.007611511833714023,0.012060500033975075,0.024291756801438497,0.06816599454633676,True,1.0,reject,pre_step,drift_diffusion_then_jump,iid_bank,8,every_step,True,0.0004500000000000002,0.005154166666666667,3714.5520301115716,55225,0.0005062590711175617,1.0019049346879536,5.44267053701016e-07,0.0
LSC-CP-RA,"LSC-CP-RA (A=8), tamed",44d6ecf1abcc7ab097c151f5d67417fb,8da7d73e85753d4e79f54062070fbc7b,True,1,1378,6.890000000000001,2366294873.389312,295786.85917366395,1378.0,352768.0,0.1461180621580848,0.00030738216771153404,-0.00014334527936366026,0.021873151203719757,0.01160909229484622,0.015513615735834648,0.5,0.0,0.003162976000657566,0.0030189088164730427,0.009285845769855914,0.12876945339146018,True,1.0,reject,pre_step,drift_diffusion_then_jump,iid_bank,8,every_step,True,0.0004500000000000002,0.005154166666666667,3714.5520301115716,55225,0.0005062590711175617,1.0019049346879536,5.44267053701016e-07,0.0
LSC-CP-RA,"LSC-CP-RA (A=8), tamed",44d6ecf1abcc7ab097c151f5d67417fb,8da7d73e85753d4e79f54062070fbc7b,True,2,1378,6.890000000000001,2366294873.389312,295786.85917366395,1378.0,352768.0,0.19870274700607365,0.0008699892932989561,0.0004198376918191915,0.03360051419912302,0.020248686349677997,0.03225059691570861,0.4915,0.008500000000000035,0.017242115556711114,0.010793958802991166,0.03985414832733094,0.13515174794430662,True,1.0,reject,pre_step,drift_diffusion_then_jump,iid_bank,8,every_step,True,0.0004500000000000002,0.005154166666666667,3714.5520301115716,55225,0.0005062590711175617,1.0019049346879536,5.44267053701016e-07,0.0
LSC-CP-RA,"LSC-CP-RA (A=8), tamed",44d6ecf1abcc7ab097c151f5d67417fb,8da7d73e85753d4e79f54062070fbc7b,True,3,1378,6.890000000000001,2366294873.389312,295786.85917366395,1378.0,352768.0,0.1403016677181342,0.0001436004975834404,-0.00030769340155067937,0.03047114187597888,0.026499772793467942,0.044878995943595804,0.5185,0.01849999999999999,0.03980325876040146,0.009608698009180516,0.10863864479337984,0.24605387264252354,True,1.0,reject,pre_step,drift_diffusion_then_jump,iid_bank,8,every_step,True,0.0004500000000000002,0.005154166666666667,3714.5520301115716,55225,0.0005062590711175617,1.0019049346879536,5.44267053701016e-07,0.0
LSC-CP-RA,"LSC-CP-RA (A=8), tamed",44d6ecf1abcc7ab097c151f5d67417fb,8da7d73e85753d4e79f54062070fbc7b,True,0,1408,7.04,2417810726.9464087,302226.3408683011,1408.0,360448.0,0.17195820504461234,0.00041658614721917786,-3.534722860643047e-05,0.03656450723566407,0.01950012145968266,0.030788097810875988,0.503,0.0030000000000000027,0.010063979065367738,0.016944603516917622,0.06529502607042517,0.41913093340052165,True,1.0,reject,pre_step,drift_diffusion_then_jump,iid_bank,8,every_step,True,0.0005625000000000002,0.004983333333333335,4595.696314317284,56421,0.0005074573863636364,1.0017933238636363,5.326704545454546e-07,0.0
LSC-CP-RA,"LSC-CP-RA (A=8), tamed",44d6ecf1abcc7ab097c151f5d67417fb,8da7d73e85753d4e79f54062070fbc7b,True,1,1408,7.04,2417810726.9464087,302226.3408683011,1408.0,360448.0,0.191959596839462,0.0008091323812785545,0.00035890825067519394,0.029796566240055666,0.019747947041979935,0.03161864224250565,0.493,0.007000000000000006,0.010682496390310638,0.01003074505128454,0.005000854012615576,0.14669022920243913,True,1.0,reject,pre_step,drift_diffusion_then_jump,iid_bank,8,every_step,True,0.0005625000000000002,0.004983333333333335,4595.696314317284,56421,0.0005074573863636364,1.0017933238636363,5.326704545454546e-07,0.0
LSC-CP-RA,"LSC-CP-RA (A=8), tamed",44d6ecf1abcc7ab097c151f5d67417fb,8da7d73e85753d4e79f54062070fbc7b,True,2,1408,7.04,2417810726.9464087,302226.3408683011,1408.0,360448.0,0.19399977085411546,0.0006911764237628182,0.0002399489833118107,0.033798907693361135,0.018284222605899784,0.029288750358299732,0.4935,0.0065000000000000335,0.019272272730685904,0.0030556282697791204,0.08379312732636562,0.23990243524201993,True,1.0,reject,pre_step,drift_diffusion_then_jump,iid_bank,8,every_step,True,0.0005625000000000002,0.004983333333333335,4595.696314317284,56421,0.0005074573863636364,1.0017933238636363,5.326704545454546e-07,0.0
LSC-CP-RA,"LSC-CP-RA (A=8), tamed",44d6ecf1abcc7ab097c151f5d67417fb,8da7d73e85753d4e79f54062070fbc7b,True,3,1408,7.04,2417810726.9464087,302226.3408683011,1408.0,360448.0,0.09672934182517164,6.935700375887421e-05,-0.0003814904395139651,0.023779898710556746,0.020867712167998716,0.03572789912459476,0.5145,0.014499999999999985,0.023064538830710968,0.0013713906110527363,0.002038439826853026,0.1222849006288581,True,1.0,reject,pre_step,drift_diffusion_then_jump,iid_bank,8,every_step,True,0.0005625000000000002,0.004983333333333335,4595.696314317284,56421,0.0005074573863636364,1.0017933238636363,5.326704545454546e-07,0.0
LSC-CP-RA,"LSC-CP-RA (A=8), tamed",44d6ecf1abcc7ab097c151f5d67417fb,8da7d73e85753d4e79f54062070fbc7b,True,0,1438,7.19,2469326580.503505,308665.82256293815,1438.0,368128.0,0.10499083364219637,0.0001685495899466094,-0.0002824191791791497,0.03164465818644313,0.02266915166722527,0.039836533884559475,0.512,0.01200000000000001,0.0231824939404532,0.002084799383890945,0.019010512736753866,0.22325063919549815,True,1.0,reject,pre_step,drift_diffusion_then_jump,iid_bank,8,every_step,True,0.0005583333333333336,0.004950000000000001,2828.429761962679,57609,0.000508518776077886,1.001547287899861,6.954102920723226e-07,0.0
LSC-CP-RA,"LSC-CP-RA (A=8), tamed",44d6ecf1abcc7ab097c151f5d67417fb,8da7d73e85753d4e79f54062070fbc7b,True,1,1438,7.19,2469326580.503505,308665.82256293815,1438.0,368128.0,0.21628500272115372,0.0010828708140029342,0.0006326190349289496,0.03121319575293624,0.022601322310269102,0.03785068829441097,0.4885,0.011500000000000038,0.016468743945389386,0.008361912960483942,0.008366945041922367,0.16501508042743607,True,1.0,reject,pre_step,drift_diffusion_then_jump,iid_bank,8,every_step,True,0.0005583333333333336,0.004950000000000001,2828.429761962679,57609,0.000508518776077886,1.001547287899861,6.954102920723226e-07,0.0
LSC-CP-RA,"LSC-CP-RA (A=8), tamed",44d6ecf1abcc7ab097c151f5d67417fb,8da7d73e85753d4e79f54062070fbc7b,True,2,1438,7.19,2469326580.503505,308665.82256293815,1438.0,368128.0,0.19759449764343381,0.0007756309623028201,0.00032444044046309184,0.028104638205750127,0.017536809735793614,0.030938942318471274,0.4925,0.007500000000000034,0.012070916206960693,0.00181575246364174,0.00040050961823388727,0.19957928779350487,True,1.0,reject,pre_step,drift_diffusion_then_jump,iid_bank,8,every_step,True,0.0005583333333333336,0.004950000000000001,2828.429761962679,57609,0.000508518776077886,1.001547287899861,6.954102920723226e-07,0.0
LSC-CP-RA,"LSC-CP-RA (A=8), tamed",44d6ecf1abcc7ab097c151f5d67417fb,8da7d73e85753d4e79f54062070fbc7b,True,3,1438,7.19,2469326580.503505,308665.82256293815,1438.0,368128.0,0.12020358342109029,7.267789832088312e-05,-0.00037973042603312024,0.01512764069719652,0.011985701940315851,0.02351747940820212,0.508,0.008000000000000007,0.01659685398761111,0.022871175660501675,0.05388151372474545,0.266651681729802,True,1.0,reject,pre_step,drift_diffusion_then_jump,iid_bank,8,every_step,True,0.0005583333333333336,0.004950000000000001,2828.429761962679,57609,0.000508518776077886,1.001547287899861,6.954102920723226e-07,0.0
LSC-CP-RA,"LSC-CP-RA (A=8), tamed",44d6ecf1abcc7ab097c151f5d67417fb,8da7d73e85753d4e79f54062070fbc7b,True,0,1467,7.335,2519125238.9420323,314890.654867754,1467.0,375552.0,0.13091726741986517,0.00013941776783010784,-0.00031229662120146884,0.03776730890690283,0.018890529837251962,0.03298035396435375,0.508,0.008000000000000007,0.014522126754565533,0.014067474451036066,0.018778750428102012,0.3157955661754265,True,1.0,reject,pre_step,drift_diffusion_then_jump,iid_bank,8,every_step,True,0.0005086206896551726,0.005262931034482761,3915.4133076173084,58830,0.0005085207907293797,1.002556237218814,6.81663258350375e-07,0.0
LSC-CP-RA,"LSC-CP-RA (A=8), tamed",44d6ecf1abcc7ab097c151f5d67417fb,8da7d73e85753d4e79f54062070fbc7b,True,1,1467,7.335,2519125238.9420323,314890.654867754,1467.0,375552.0,0.25410859018749293,0.001570373175748263,0.0011186882789011587,0.03367739332596564,0.026909894961904157,0.04878984241265166,0.4835,0.016499999999999987,0.02561804380212604,0.016403951626197344,0.01927940438682581,0.387449354499691,True,1.0,reject,pre_step,drift_diffusion_then_jump,iid_bank,8,every_step,True,0.0005086206896551726,0.005262931034482761,3915.4133076173084,58830,0.0005085207907293797,1.002556237218814,6.81663258350375e-07,0.0
LSC-CP-RA,"LSC-CP-RA (A=8), tamed",44d6ecf1abcc7ab097c151f5d67417fb,8da7d73e85753d4e79f54062070fbc7b,True,2,1467,7.335,2519125238.9420323,314890.654867754,1467.0,375552.0,0.16325108401318197,0.0003685897723220144,-8.29672133854098e-05,0.033085947644709734,0.015372723851199165,0.021466889176575476,0.4995,0.0005000000000000282,0.00031080063229881207,0.005467012176910924,0.004934170057333016,0.21828177288179462,True,1.0,reject,pre_step,drift_diffusion_then_jump,iid_bank,8,every_step,True,0.0005086206896551726,0.005262931034482761,3915.4133076173084,58830,0.0005085207907293797,1.002556237218814,6.81663258350375e-07,0.0
LSC-CP-RA,"LSC-CP-RA (A=8), tamed",44d6ecf1abcc7ab097c151f5d67417fb,8da7d73e85753d4e79f54062070fbc7b,True,3,1467,7.335,2519125238.9420323,314890.654867754,1467.0,375552.0,0.16625559726531422,0.0004052469424358218,-4.576095868880081e-05,0.026409369837939692,0.012888721878411263,0.01807925724663436,0.499,0.0010000000000000009,0.0003522005657859274,0.004158211041650706,0.044225768727314985,0.2225660770683887,True,1.0,reject,pre_step,drift_diffusion_then_jump,iid_bank,8,every_step,True,0.0005086206896551726,0.005262931034482761,3915.4133076173084,58830,0.0005085207907293797,1.002556237218814,6.81663258350375e-07,0.0
LSC-CP-RA,"LSC-CP-RA (A=8), tamed",44d6ecf1abcc7ab097c151f5d67417fb,8da7d73e85753d4e79f54062070fbc7b,True,0,1497,7.485,2570641092.499129,321330.1365623911,1497.0,383232.0,0.07663361759865686,0.00012086570750180492,-0.0003296480622353437,0.03696197193660433,0.02210254516984197,0.0348297703353746,0.514,0.014000000000000012,0.024789067414642457,0.008178079729302401,0.02489155267226469,0.06419956060510745,True,1.0,reject,pre_step,drift_diffusion_then_jump,iid_bank,8,every_step,True,0.00040833333333333346,0.004725000000000002,1099.486562083716,59964,0.0005065130260521043,1.0014028056112225,6.68002672010688e-07,0.0
LSC-CP-RA,"LSC-CP-RA (A=8), tamed",44d6ecf1abcc7ab097c151f5d67417fb,8da7d73e85753d4e79f54062070fbc7b,True,1,1497,7.485,2570641092.499129,321330.1365623911,1497.0,383232.0,0.20536777838616493,0.0010120929204364693,0.00056183089871642,0.036312234543909166,0.021563000973239804,0.033227866332033715,0.4895,0.010500000000000037,0.025296226184864174,0.010415327805908814,0.04767149755154506,0.08805753741203193,True,1.0,reject,pre_step,drift_diffusion_then_jump,iid_bank,8,every_step,True,0.00040833333333333346,0.004725000000000002,1099.486562083716,59964,0.0005065130260521043,1.0014028056112225,6.68002672010688e-07,0.0
LSC-CP-RA,"LSC-CP-RA (A=8), tamed",44d6ecf1abcc7ab097c151f5d67417fb,8da7d73e85753d4e79f54062070fbc7b,True,2,1497,7.485,2570641092.499129,321330.1365623911,1497.0,383232.0,0.19606447197099713,0.0004962989438499488,4.417517393973114e-05,0.02176604407926286,0.014144071407370376,0.0268560120175622,0.496,0.0040000000000000036,0.0057605662962683804,0.01903176603798651,0.01818699794101579,0.3747061896474534,True,1.0,reject,pre_step,drift_diffusion_then_jump,iid_bank,8,every_step,True,0.00040833333333333346,0.004725000000000002,1099.486562083716,59964,0.0005065130260521043,1.0014028056112225,6.68002672010688e-07,0.0
LSC-CP-RA,"LSC-CP-RA (A=8), tamed",44d6ecf1abcc7ab097c151f5d67417fb,8da7d73e85753d4e79f54062070fbc7b,True,3,1497,7.485,2570641092.499129,321330.1365623911,1497.0,383232.0,0.18916155792956488,0.0007396135778826585,0.000289139522522186,0.03140039295947575,0.017795979483726788,0.02855729558939215,0.4925,0.007500000000000034,0.013053093547788986,0.008521442253931033,0.006911789277990678,0.06819876180769169,True,1.0,reject,pre_step,drift_diffusion_then_jump,iid_bank,8,every_step,True,0.00040833333333333346,0.004725000000000002,1099.486562083716,59964,0.0005065130260521043,1.0014028056112225,6.68002672010688e-07,0.0
LSC-CP-RA,"LSC-CP-RA (A=8), tamed",44d6ecf1abcc7ab097c151f5d67417fb,8da7d73e85753d4e79f54062070fbc7b,True,0,1527,7.635,2622156946.056226,327769.6182570282,1527.0,390912.0,0.07877975449937914,0.00027387318444893616,-0.00017556829781362193,0.03999898026426163,0.027914020194248466,0.043024624669104145,0.5125,0.012499999999999983,0.0270192564522453,0.021081619016213304,0.017132779472585003,0.04716168140060584,True,1.0,reject,pre_step,drift_diffusion_then_jump,iid_bank,8,every_step,True,0.000591666666666667,0.0049791666666666665,2302.8569230969197,61159,0.0005081859855926654,1.001293385723641,6.548788474132285e-07,0.0
LSC-CP-RA,"LSC-CP-RA (A=8), tamed",44d6ecf1abcc7ab097c151f5d67417fb,8da7d73e85753d4e79f54062070fbc7b,True,1,1527,7.635,2622156946.056226,327769.6182570282,1527.0,390912.0,0.17096369265237832,0.0006085156044914886,0.0001580828133783685,0.02857930191711583,0.015079693066718691,0.021880000244433866,0.4955,0.004500000000000032,0.011630779105988238,0.008478730808765822,0.017214268618928698,0.06937375538047086,True,1.0,reject,pre_step,drift_diffusion_then_jump,iid_bank,8,every_step,True,0.000591666666666667,0.0049791666666666665,2302.8569230969197,61159,0.0005081859855926654,1.001293385723641,6.548788474132285e-07,0.0
LSC-CP-RA,"LSC-CP-RA (A=8), tamed",44d6ecf1abcc7ab097c151f5d67417fb,8da7d73e85753d4e79f54062070fbc7b,True,2,1527,7.635,2622156946.056226,327769.6182570282,1527.0,390912.0,0.1737967486338451,0.00041032410188679425,-4.128235145484105e-05,0.023427742987016276,0.01306644395064565,0.021772175229108126,0.4975,0.00250000000000003,0.009147478985251483,0.006918450093694739,0.05144534233801195,0.20356250993938285,True,1.0,reject,pre_step,drift_diffusion_then_jump,iid_bank,8,every_step,True,0.000591666666666667,0.0049791666666666665,2302.8569230969197,61159,0.0005081859855926654,1.001293385723641,6.548788474132285e-07,0.0
LSC-CP-RA,"LSC-CP-RA (A=8), tamed",44d6ecf1abcc7ab097c151f5d67417fb,8da7d73e85753d4e79f54062070fbc7b,True,3,1527,7.635,2622156946.056226,327769.6182570282,1527.0,390912.0,0.2392487298088317,0.0015057612247237895,0.0010555321411966911,0.026417002519877664,0.02597791517461691,0.042269082780093434,0.4815,0.01849999999999999,0.032679232741583436,0.00716936602223861,0.04804889971016653,0.06647935386704928,True,1.0,reject,pre_step,drift_diffusion_then_jump,iid_bank,8,every_step,True,0.000591666666666667,0.0049791666666666665,2302.8569230969197,61159,0.0005081859855926654,1.001293385723641,6.548788474132285e-07,0.0
LSC-CP-RA,"LSC-CP-RA (A=8), tamed",44d6ecf1abcc7ab097c151f5d67417fb,8da7d73e85753d4e79f54062070fbc7b,True,0,1556,7.78,2671955604.4947524,333994.45056184405,1556.0,398336.0,0.12242025443112509,0.0003359706864067835,-0.00011475351482337359,0.04316590713922097,0.025961962521352085,0.042121694399362225,0.5105000000000001,0.010500000000000037,0.01359593721951628,0.00043317261640019034,0.05477478264347243,0.3124125667313823,True,1.0,reject,pre_step,drift_diffusion_then_jump,iid_bank,8,every_step,True,0.00043534482758620714,0.004788793103448276,3546.1400303067126,62270,0.0005068284061696658,1.000482005141388,6.426735218508997e-07,0.0
LSC-CP-RA,"LSC-CP-RA (A=8), tamed",44d6ecf1abcc7ab097c151f5d67417fb,8da7d73e85753d4e79f54062070fbc7b,True,1,1556,7.78,2671955604.4947524,333994.45056184405,1556.0,398336.0,0.18040564129204642,0.0006119398209252225,0.0001609724015050329,0.034131478716300845,0.016460417679653297,0.02446871543250283,0.4965,0.003500000000000031,0.01212174178279,0.0010135366428923875,0.019888600946003327,0.21016972751565632,True,1.0,reject,pre_step,drift_diffusion_then_jump,iid_bank,8,every_step,True,0.00043534482758620714,0.004788793103448276,3546.1400303067126,62270,0.0005068284061696658,1.000482005141388,6.426735218508997e-07,0.0
LSC-CP-RA,"LSC-CP-RA (A=8), tamed",44d6ecf1abcc7ab097c151f5d67417fb,8da7d73e85753d4e79f54062070fbc7b,True,2,1556,7.78,2671955604.4947524,333994.45056184405,1556.0,398336.0,0.14793769683537425,0.00045944604608449957,9.292982719566467e-06,0.032068183930134886,0.01860426578004158,0.02492603035473951,0.5015000000000001,0.001500000000000029,0.0037370435393493766,0.010134879365485072,0.030574051389653824,0.1677553398804622,True,1.0,reject,pre_step,drift_diffusion_then_jump,iid_bank,8,every_step,True,0.00043534482758620714,0.004788793103448276,3546.1400303067126,62270,0.0005068284061696658,1.000482005141388,6.426735218508997e-07,0.0
LSC-CP-RA,"LSC-CP-RA (A=8), tamed",44d6ecf1abcc7ab097c151f5d67417fb,8da7d73e85753d4e79f54062070fbc7b,True,3,1556,7.78,2671955604.4947524,333994.45056184405,1556.0,398336.0,0.16355064138342204,0.000636775581832838,0.00018733569831608232,0.03091787139195179,0.016513309573382734,0.02328306734520944,0.4945,0.005500000000000033,0.006410683173871522,0.023154510961736596,0.0010723551772333865,0.019480010104213963,True,1.0,reject,pre_step,drift_diffusion_then_jump,iid_bank,8,every_step,True,0.00043534482758620714,0.004788793103448276,3546.1400303067126,62270,0.0005068284061696658,1.000482005141388,6.426735218508997e-07,0.0
LSC-CP-RA,"LSC-CP-RA (A=8), tamed",44d6ecf1abcc7ab097c151f5d67417fb,8da7d73e85753d4e79f54062070fbc7b,True,0,1586,7.930000000000001,2723471458.0518494,340433.93225648114,1586.0,406016.0,0.16136484683420377,0.000554922302705374,0.00010492047935872773,0.04126040973640471,0.01815673704585765,0.02285504160769384,0.4985,0.001500000000000029,0.0058774691191700095,0.012692002266374791,0.0022121584673851715,0.11983092130513395,True,1.0,reject,pre_step,drift_diffusion_then_jump,iid_bank,8,every_step,True,0.0005333333333333336,0.005179166666666667,3611.2149835552173,63513,0.0005073297604035309,1.0011506935687264,6.305170239596469e-07,0.0
LSC-CP-RA,"LSC-CP-RA (A=8), tamed",44d6ecf1abcc7ab097c151f5d67417fb,8da7d73e85753d4e79f54062070fbc7b,True,1,1586,7.930000000000001,2723471458.0518494,340433.93225648114,1586.0,406016.0,0.19066250418783956,0.0006859030974148972,0.00023422091069980056,0.021511852310162782,0.013830731497593913,0.025009760693437015,0.4945,0.005500000000000033,0.008115653736961943,0.009840005508539695,0.03944721079793739,0.2044797296119375,True,1.0,reject,pre_step,drift_diffusion_then_jump,iid_bank,8,every_step,True,0.0005333333333333336,0.005179166666666667,3611.2149835552173,63513,0.0005073297604035309,1.0011506935687264,6.305170239596469e-07,0.0
LSC-CP-RA,"LSC-CP-RA (A=8), tamed",44d6ecf1abcc7ab097c151f5d67417fb,8da7d73e85753d4e79f54062070fbc7b,True,2,1586,7.930000000000001,2723471458.0518494,340433.93225648114,1586.0,406016.0,0.1283297344962191,0.00029329028096714005,-0.0001570383829346822,0.03371342878322314,0.017670203800284886,0.024992314009026836,0.5035000000000001,0.003500000000000031,0.011254096606476112,0.009395590712879875,0.030820634087582566,0.11724343308132179,True,1.0,reject,pre_step,drift_diffusion_then_jump,iid_bank,8,every_step,True,0.0005333333333333336,0.005179166666666667,3611.2149835552173,63513,0.0005073297604035309,1.0011506935687264,6.305170239596469e-07,0.0
LSC-CP-RA,"LSC-CP-RA (A=8), tamed",44d6ecf1abcc7ab097c151f5d67417fb,8da7d73e85753d4e79f54062070fbc7b,True,3,1586,7.930000000000001,2723471458.0518494,340433.93225648114,1586.0,406016.0,0.21220961237712635,0.0010072786847765691,0.000556508649859011,0.0394486559105951,0.02268604441916784,0.03704431200784682,0.49,0.010000000000000009,0.013123412927798625,0.0029846215121175357,0.02001084652061308,0.19636947813895478,True,1.0,reject,pre_step,drift_diffusion_then_jump,iid_bank,8,every_step,True,0.0005333333333333336,0.005179166666666667,3611.2149835552173,63513,0.0005073297604035309,1.0011506935687264,6.305170239596469e-07,0.0
LSC-CP-RA,"LSC-CP-RA (A=8), tamed",44d6ecf1abcc7ab097c151f5d67417fb,8da7d73e85753d4e79f54062070fbc7b,True,0,1616,8.08,2774987311.6089463,346873.4139511183,1616.0,413696.0,0.11627611088605028,0.00019887891729453155,-0.00025215445247495083,0.027267961591019296,0.01865088216212382,0.03213830100168509,0.508,0.008000000000000007,0.01778071319596634,0.0017434307026712448,0.03231432312074344,0.22806346471562888,True,1.0,reject,pre_step,drift_diffusion_then_jump,iid_bank,8,every_step,True,0.0004583333333333335,0.005145833333333335,872.5985409006277,64748,0.0005064201732673267,1.0016707920792078,6.188118811881188e-07,0.0
LSC-CP-RA,"LSC-CP-RA (A=8), tamed",44d6ecf1abcc7ab097c151f5d67417fb,8da7d73e85753d4e79f54062070fbc7b,True,1,1616,8.08,2774987311.6089463,346873.4139511183,1616.0,413696.0,0.21569233164350868,0.0008527611998162543,0.0004007412291902046,0.02231574349333887,0.01591796733706598,0.029381026589121124,0.4905,0.009500000000000036,0.017269272483781108,0.018010365348776203,0.002781443500613801,0.28971708491283377,True,1.0,reject,pre_step,drift_diffusion_then_jump,iid_bank,8,every_step,True,0.0004583333333333335,0.005145833333333335,872.5985409006277,64748,0.0005064201732673267,1.0016707920792078,6.188118811881188e-07,0.0
LSC-CP-RA,"LSC-CP-RA (A=8), tamed",44d6ecf1abcc7ab097c151f5d67417fb,8da7d73e85753d4e79f54062070fbc7b,True,2,1616,8.08,2774987311.6089463,346873.4139511183,1616.0,413696.0,0.1691676413621333,0.00047526716423162974,2.395574164437697e-05,0.026288639063205776,0.01352506080372865,0.020941660624275056,0.499,0.0010000000000000009,6.506483537929564e-05,0.004799608368682873,0.035792476787046175,0.22256136519887637,True,1.0,reject,pre_step,drift_diffusion_then_jump,iid_bank,8,every_step,True,0.0004583333333333335,0.005145833333333335,872.5985409006277,64748,0.0005064201732673267,1.0016707920792078,6.188118811881188e-07,0.0
LSC-CP-RA,"LSC-CP-RA (A=8), tamed",44d6ecf1abcc7ab097c151f5d67417fb,8da7d73e85753d4e79f54062070fbc7b,True,3,1616,8.08,2774987311.6089463,346873.4139511183,1616.0,413696.0,0.20202737401234722,0.0006049092771237552,0.0001533943924314496,0.03247064889989126,0.017857660305084566,0.030958680839091063,0.4935,0.0065000000000000335,0.012002162096614886,0.009041876071513966,0.06337523641685572,0.28047278323420455,True,1.0,reject,pre_step,drift_diffusion_then_jump,iid_bank,8,every_step,True,0.0004583333333333335,0.005145833333333335,872.5985409006277,64748,0.0005064201732673267,1.0016707920792078,6.188118811881188e-07,0.0
LSC-CP-RA,"LSC-CP-RA (A=8), tamed",44d6ecf1abcc7ab097c151f5d67417fb,8da7d73e85753d4e79f54062070fbc7b,True,0,1645,8.225,2824785970.047473,353098.2462559341,1645.0,421120.0,0.07458183179325932,0.00012323814567594127,-0.00032737712841857114,0.03692454049603355,0.01997040725042394,0.029771160651102396,0.5095000000000001,0.009500000000000036,0.02350129660711962,0.007536525776066116,0.026949329494272683,0.07328539081372953,True,1.0,reject,pre_step,drift_diffusion_then_jump,iid_bank,8,every_step,True,0.0005474137931034485,0.005094827586206898,1741.4760942147493,65930,0.0005071428571428572,1.0019756838905776,6.838905775075988e-07,0.0
LSC-CP-RA,"LSC-CP-RA (A=8), tamed",44d6ecf1abcc7ab097c151f5d67417fb,8da7d73e85753d4e79f54062070fbc7b,True,1,1645,8.225,2824785970.047473,353098.2462559341,1645.0,421120.0,0.23567384616007842,0.00129223236527376,0.0008408886922837144,0.02945423728730251,0.02284873035635287,0.040697398849986945,0.486,0.014000000000000012,0.0224250185270853,0.008753002929032472,0.030163377464022097,0.2543551636181579,True,1.0,reject,pre_step,drift_diffusion_then_jump,iid_bank,8,every_step,True,0.0005474137931034485,0.005094827586206898,1741.4760942147493,65930,0.0005071428571428572,1.0019756838905776,6.838905775075988e-07,0.0
LSC-CP-RA,"LSC-CP-RA (A=8), tamed",44d6ecf1abcc7ab097c151f5d67417fb,8da7d73e85753d4e79f54062070fbc7b,True,2,1645,8.225,2824785970.047473,353098.2462559341,1645.0,421120.0,0.19988772849406936,0.0009472188548308447,0.0004971247134966106,0.035102252786026966,0.020425095731332544,0.03306614627283029,0.49,0.010000000000000009,0.009817573771657673,0.0123005027725549,0.03525021444457586,0.08621537120628975,True,1.0,reject,pre_step,drift_diffusion_then_jump,iid_bank,8,every_step,True,0.0005474137931034485,0.005094827586206898,1741.4760942147493,65930,0.0005071428571428572,1.0019756838905776,6.838905775075988e-07,0.0
LSC-CP-RA,"LSC-CP-RA (A=8), tamed",44d6ecf1abcc7ab097c151f5d67417fb,8da7d73e85753d4e79f54062070fbc7b,True,3,1645,8.225,2824785970.047473,353098.2462559341,1645.0,421120.0,0.19554862132275777,0.0009322831431134437,0.00048187407014288475,0.030427883245612297,0.019621136509279505,0.031624237161161986,0.4915,0.008500000000000035,0.014283659423521411,0.009781634246018411,0.00705760263898143,0.12542712584758708,True,1.0,reject,pre_step,drift_diffusion_then_jump,iid_bank,8,every_step,True,0.0005474137931034485,0.005094827586206898,1741.4760942147493,65930,0.0005071428571428572,1.0019756838905776,6.838905775075988e-07,0.0
LSC-CP-RA,"LSC-CP-RA (A=8), tamed",44d6ecf1abcc7ab097c151f5d67417fb,8da7d73e85753d4e79f54062070fbc7b,True,0,1675,8.375,2876301823.60457,359537.7279505712,1675.0,428800.0,0.12873766619556262,0.00025182342283758263,-0.00019887175931654344,0.04280204730289139,0.029754726279582276,0.048475080314544894,0.517,0.017000000000000015,0.036250150923553666,0.002314452761736363,0.04538997242575002,0.19265065439778228,True,1.0,reject,pre_step,drift_diffusion_then_jump,iid_bank,8,every_step,True,0.0004916666666666668,0.0051125000000000025,4059.6605403301573,67157,0.000506865671641791,1.0023432835820896,6.716417910447761e-07,0.0
LSC-CP-RA,"LSC-CP-RA (A=8), tamed",44d6ecf1abcc7ab097c151f5d67417fb,8da7d73e85753d4e79f54062070fbc7b,True,1,1675,8.375,2876301823.60457,359537.7279505712,1675.0,428800.0,0.24781574580501164,0.0016976734660760773,0.001247020556983558,0.034488278647188564,0.028603560029910585,0.04740079934543251,0.4815,0.01849999999999999,0.035689454214591,0.0008686301150685471,0.024345148645283008,0.15259150575282165,True,1.0,reject,pre_step,drift_diffusion_then_jump,iid_bank,8,every_step,True,0.0004916666666666668,0.0051125000000000025,4059.6605403301573,67157,0.000506865671641791,1.0023432835820896,6.716417910447761e-07,0.0
LSC-CP-RA,"LSC-CP-RA (A=8), tamed",44d6ecf1abcc7ab097c151f5d67417fb,8da7d73e85753d4e79f54062070fbc7b,True,2,1675,8.375,2876301823.60457,359537.7279505712,1675.0,428800.0,0.19556231178645345,0.0009209736506679,0.00047107202915364077,0.03307123784236962,0.02041660511943653,0.03167023811836162,0.4915,0.008500000000000035,0.01272390039454104,0.013838968703623,0.02608441079168248,0.09903789412947284,True,1.0,reject,pre_step,drift_diffusion_then_jump,iid_bank,8,every_step,True,0.0004916666666666668,0.0051125000000000025,4059.6605403301573,67157,0.000506865671641791,1.0023432835820896,6.716417910447761e-07,0.0
LSC-CP-RA,"LSC-CP-RA (A=8), tamed",44d6ecf1abcc7ab097c151f5d67417fb,8da7d73e85753d4e79f54062070fbc7b,True,3,1675,8.375,2876301823.60457,359537.7279505712,1675.0,428800.0,0.21775130934865122,0.0008865268843801788,0.00043434414828213974,0.029842441537010544,0.018486494911511556,0.03452855685965056,0.4915,0.008500000000000035,0.01665855512830007,0.018934840934355046,0.020290774402589702,0.33178381768169196,True,1.0,reject,pre_step,drift_diffusion_then_jump,iid_bank,8,every_step,True,0.0004916666666666668,0.0051125000000000025,4059.6605403301573,67157,0.000506865671641791,1.0023432835820896,6.716417910447761e-07,0.0
LSC-CP-RA,"LSC-CP-RA (A=8), tamed",44d6ecf1abcc7ab097c151f5d67417fb,8da7d73e85753d4e79f54062070fbc7b,True,0,1705,8.525,2927817677.1616664,365977.2096452083,1705.0,436480.0,0.1285770442838427,0.0003007833418201544,-0.00014906151247928712,0.03283807164038477,0.029427360655966663,0.047127991049037615,0.5195,0.01949999999999999,0.03244613379387049,0.013684601745909686,0.011490704595658735,0.09757664993423265,True,1.0,reject,pre_step,drift_diffusion_then_jump,iid_bank,8,every_step,True,0.0005166666666666669,0.004975,4031.703986606617,68351,0.0005070381231671554,1.0022140762463343,6.598240469208212e-07,0.0
LSC-CP-RA,"LSC-CP-RA (A=8), tamed",44d6ecf1abcc7ab097c151f5d67417fb,8da7d73e85753d4e79f54062070fbc7b,True,1,1705,8.525,2927817677.1616664,365977.2096452083,1705.0,436480.0,0.24244968491469177,0.0013798486563602053,0.0009286689095167056,0.03177819882969385,0.025705156448200633,0.04431886913329876,0.4835,0.016499999999999987,0.033100474829030765,0.004054246438087272,0.050603485436452766,0.1739249462267619,True,1.0,reject,pre_step,drift_diffusion_then_jump,iid_bank,8,every_step,True,0.0005166666666666669,0.004975,4031.703986606617,68351,0.0005070381231671554,1.0022140762463343,6.598240469208212e-07,0.0
LSC-CP-RA,"LSC-CP-RA (A=8), tamed",44d6ecf1abcc7ab097c151f5d67417fb,8da7d73e85753d4e79f54062070fbc7b,True,2,1705,8.525,2927817677.1616664,365977.2096452083,1705.0,436480.0,0.1753531302998985,0.0005588654036620122,0.00010768184094722688,0.031517282916713574,0.015319447269884202,0.022800468394901425,0.498,0.0020000000000000018,0.008204434259737844,0.0037326671320739857,0.010747094013154438,0.19808348902999928,True,1.0,reject,pre_step,drift_diffusion_then_jump,iid_bank,8,every_step,True,0.0005166666666666669,0.004975,4031.703986606617,68351,0.0005070381231671554,1.0022140762463343,6.598240469208212e-07,0.0
LSC-CP-RA,"LSC-CP-RA (A=8), tamed",44d6ecf1abcc7ab097c151f5d67417fb,8da7d73e85753d4e79f54062070fbc7b,True,3,1705,8.525,2927817677.1616664,365977.2096452083,1705.0,436480.0,0.19707074170674704,0.000598187293321284,0.00014657528418415833,0.036110461405391814,0.0171318621687684,0.029079123933490506,0.4945,0.005500000000000033,0.013820402207106657,0.011070700808199496,0.04679084531603206,0.2796278822520021,True,1.0,reject,pre_step,drift_diffusion_then_jump,iid_bank,8,every_step,True,0.0005166666666666669,0.004975,4031.703986606617,68351,0.0005070381231671554,1.0022140762463343,6.598240469208212e-07,0.0
LSC-CP-RA,"LSC-CP-RA (A=8), tamed",44d6ecf1abcc7ab097c151f5d67417fb,8da7d73e85753d4e79f54062070fbc7b,True,0,1734,8.67,2977616335.6001935,372202.0419500242,1734.0,443904.0,0.1699788533638327,0.000556175333041975,0.0001066986978227602,0.03762766761870018,0.03822807278989501,0.05662259062216409,0.5285,0.02849999999999997,0.05210851697912409,0.013569903097501279,0.04398918422576312,0.014501667761109505,True,1.0,reject,pre_step,drift_diffusion_then_jump,iid_bank,8,every_step,True,0.0004913793103448278,0.00503448275862069,925.9713967993575,69519,0.0005067762399077278,1.0022923875432526,6.487889273356401e-07,0.0
LSC-CP-RA,"LSC-CP-RA (A=8), tamed",44d6ecf1abcc7ab097c151f5d67417fb,8da7d73e85753d4e79f54062070fbc7b,True,1,1734,8.67,2977616335.6001935,372202.0419500242,1734.0,443904.0,0.25500237864054004,0.0017473986458755864,0.0012968193197183675,0.03363332674909228,0.03038425904173354,0.05201032904888603,0.4805,0.01949999999999999,0.037030904298244266,0.002727569658177109,0.04892251941596064,0.1521776573105701,True,1.0,reject,pre_step,drift_diffusion_then_jump,iid_bank,8,every_step,True,0.0004913793103448278,0.00503448275862069,925.9713967993575,69519,0.0005067762399077278,1.0022923875432526,6.487889273356401e-07,0.0
LSC-CP-RA,"LSC-CP-RA (A=8), tamed",44d6ecf1abcc7ab097c151f5d67417fb,8da7d73e85753d4e79f54062070fbc7b,True,2,1734,8.67,2977616335.6001935,372202.0419500242,1734.0,443904.0,0.22766605541938512,0.0013463250322206521,0.0008953450697800625,0.029144447704312404,0.023096887438560556,0.03888528090687725,0.4855,0.014499999999999985,0.02761596647833346,0.0015017135638661916,0.0061068510477349765,0.13225577601333105,True,1.0,reject,pre_step,drift_diffusion_then_jump,iid_bank,8,every_step,True,0.0004913793103448278,0.00503448275862069,925.9713967993575,69519,0.0005067762399077278,1.0022923875432526,6.487889273356401e-07,0.0
LSC-CP-RA,"LSC-CP-RA (A=8), tamed",44d6ecf1abcc7ab097c151f5d67417fb,8da7d73e85753d4e79f54062070fbc7b,True,3,1734,8.67,2977616335.6001935,372202.0419500242,1734.0,443904.0,0.19335506025529242,0.0006031718245597117,0.00015170924684093645,0.029000849571024195,0.013737258428501365,0.024252810355586032,0.4925,0.007500000000000034,0.016370731026500003,0.008662087966619714,0.04028023618785391,0.16415316027386895,True,1.0,reject,pre_step,drift_diffusion_then_jump,iid_bank,8,every_step,True,0.0004913793103448278,0.00503448275862069,925.9713967993575,69519,0.0005067762399077278,1.0022923875432526,6.487889273356401e-07,0.0
LSC-CP-RA,"LSC-CP-RA (A=8), tamed",44d6ecf1abcc7ab097c151f5d67417fb,8da7d73e85753d4e79f54062070fbc7b,True,0,1764,8.82,3029132189.1572905,378641.5236446613,1764.0,451584.0,0.15024466187317537,0.0002980186767490567,-0.00015241626866824287,0.047063571746849275,0.03399696489372946,0.05598500561352413,0.521,0.02099999999999999,0.0489252760223632,0.002898716779050736,0.11796212902299355,0.17624232021915598,True,1.0,reject,pre_step,drift_diffusion_then_jump,iid_bank,8,every_step,True,0.00048750000000000025,0.004929166666666668,3960.5573552454425,70702,0.0005064484126984127,1.0020124716553287,6.377551020408163e-07,0.0
LSC-CP-RA,"LSC-CP-RA (A=8), tamed",44d6ecf1abcc7ab097c151f5d67417fb,8da7d73e85753d4e79f54062070fbc7b,True,1,1764,8.82,3029132189.1572905,378641.5236446613,1764.0,451584.0,0.18260519434809225,0.0006436220880441379,0.00019299803509198465,0.030635612327641004,0.015390738194596059,0.024544897477649118,0.4935,0.0065000000000000335,0.014348889231683912,0.006295500225856898,0.029363131628972673,0.06659103090586826,True,1.0,reject,pre_step,drift_diffusion_then_jump,iid_bank,8,every_step,True,0.00048750000000000025,0.004929166666666668,3960.5573552454425,70702,0.0005064484126984127,1.0020124716553287,6.377551020408163e-07,0.0
LSC-CP-RA,"LSC-CP-RA (A=8), tamed",44d6ecf1abcc7ab097c151f5d67417fb,8da7d73e85753d4e79f54062070fbc7b,True,2,1764,8.82,3029132189.1572905,378641.5236446613,1764.0,451584.0,0.25307077084186524,0.0017327841886887185,0.0012814989749305727,0.03859018287221949,0.029065545405671706,0.04985589256137662,0.482,0.018000000000000016,0.03276189682822186,0.00723414940185485,0.003550066349228105,0.241422093998103,True,1.0,reject,pre_step,drift_diffusion_then_jump,iid_bank,8,every_step,True,0.00048750000000000025,0.004929166666666668,3960.5573552454425,70702,0.0005064484126984127,1.0020124716553287,6.377551020408163e-07,0.0
LSC-CP-RA,"LSC-CP-RA (A=8), tamed",44d6ecf1abcc7ab097c151f5d67417fb,8da7d73e85753d4e79f54062070fbc7b,True,3,1764,8.82,3029132189.1572905,378641.5236446613,1764.0,451584.0,0.21352904528395789,0.0009547940350131956,0.00050414778783614,0.028273093390611903,0.020204736316262347,0.034180828143092146,0.49,0.010000000000000009,0.014719380182612478,0.0005672006628009152,0.040223030574457565,0.24983131254319135,True,1.0,reject,pre_step,drift_diffusion_then_jump,iid_bank,8,every_step,True,0.00048750000000000025,0.004929166666666668,3960.5573552454425,70702,0.0005064484126984127,1.0020124716553287,6.377551020408163e-07,0.0
LSC-CP-RA,"LSC-CP-RA (A=8), tamed",44d6ecf1abcc7ab097c151f5d67417fb,8da7d73e85753d4e79f54062070fbc7b,True,0,1794,8.97,3080648042.714387,385081.00533929834,1794.0,459264.0,0.13161553076608268,0.00037057076531943345,-7.859324591541483e-05,0.037831875319213615,0.032476390187320625,0.05002025716433326,0.5215,0.021499999999999964,0.04295843297086984,0.021519829291690162,0.07821491003304573,0.052224691772352894,True,1.0,reject,pre_step,drift_diffusion_then_jump,iid_bank,8,every_step,True,0.0005291666666666669,0.004991666666666668,4526.3605125601725,71900,0.0005068283166109253,1.0019509476031214,6.270903010033445e-07,0.0
LSC-CP-RA,"LSC-CP-RA (A=8), tamed",44d6ecf1abcc7ab097c151f5d67417fb,8da7d73e85753d4e79f54062070fbc7b,True,1,1794,8.97,3080648042.714387,385081.00533929834,1794.0,459264.0,0.2068806305401715,0.0004765189694898586,2.339976238718844e-05,0.02936324094538717,0.015276665579249548,0.028278012429693966,0.4975,0.00250000000000003,0.0050376765993425275,0.03577018910468377,0.0071485265705138095,0.527797279703032,True,1.0,reject,pre_step,drift_diffusion_then_jump,iid_bank,8,every_step,True,0.0005291666666666669,0.004991666666666668,4526.3605125601725,71900,0.0005068283166109253,1.0019509476031214,6.270903010033445e-07,0.0
LSC-CP-RA,"LSC-CP-RA (A=8), tamed",44d6ecf1abcc7ab097c151f5d67417fb,8da7d73e85753d4e79f54062070fbc7b,True,2,1794,8.97,3080648042.714387,385081.00533929834,1794.0,459264.0,0.22464561207580191,0.0012378812314390863,0.0007876260336250329,0.04502578594037926,0.02586973938952013,0.042019326327426575,0.488,0.01200000000000001,0.024655894252978927,0.0062410733713090805,0.03669433228658435,0.2252382345399816,True,1.0,reject,pre_step,drift_diffusion_then_jump,iid_bank,8,every_step,True,0.0005291666666666669,0.004991666666666668,4526.3605125601725,71900,0.0005068283166109253,1.0019509476031214,6.270903010033445e-07,0.0
LSC-CP-RA,"LSC-CP-RA (A=8), tamed",44d6ecf1abcc7ab097c151f5d67417fb,8da7d73e85753d4e79f54062070fbc7b,True,3,1794,8.97,3080648042.714387,385081.00533929834,1794.0,459264.0,0.2144994232852566,0.0009521939410608304,0.0005009436271938839,0.0301115594655047,0.020031665273391706,0.03530450761482498,0.49,0.010000000000000009,0.018640507338555955,0.003684911380391176,0.0269739865459301,0.23964372854024651,True,1.0,reject,pre_step,drift_diffusion_then_jump,iid_bank,8,every_step,True,0.0005291666666666669,0.004991666666666668,4526.3605125601725,71900,0.0005068283166109253,1.0019509476031214,6.270903010033445e-07,0.0
LSC-CP-RA,"LSC-CP-RA (A=8), tamed",44d6ecf1abcc7ab097c151f5d67417fb,8da7d73e85753d4e79f54062070fbc7b,True,0,1823,9.115,3130446701.152914,391305.8376441143,1823.0,466688.0,0.11587685071556403,0.00023488484087197392,-0.00021523140082602144,0.03926780244413586,0.02825502256808435,0.04528536452770874,0.517,0.017000000000000015,0.03451134811010277,0.01124461453465786,0.06517750799480129,0.09822780291861088,True,1.0,reject,pre_step,drift_diffusion_then_jump,iid_bank,8,every_step,True,0.0005689655172413794,0.005030172413793105,2247.1634633526846,73067,0.0005078167855183763,1.0020159078442128,6.171146461876028e-07,0.0
LSC-CP-RA,"LSC-CP-RA (A=8), tamed",44d6ecf1abcc7ab097c151f5d67417fb,8da7d73e85753d4e79f54062070fbc7b,True,1,1823,9.115,3130446701.152914,391305.8376441143,1823.0,466688.0,0.15647917386717553,0.0003680069694985688,-8.297735230056169e-05,0.028718279434457233,0.015049387210091922,0.01984930062646091,0.5005000000000001,0.0005000000000000282,0.0009233866096456306,0.0011280585057309445,0.006974657358245526,0.19786386403241008,True,1.0,reject,pre_step,drift_diffusion_then_jump,iid_bank,8,every_step,True,0.0005689655172413794,0.005030172413793105,2247.1634633526846,73067,0.0005078167855183763,1.0020159078442128,6.171146461876028e-07,0.0
LSC-CP-RA,"LSC-CP-RA (A=8), tamed",44d6ecf1abcc7ab097c151f5d67417fb,8da7d73e85753d4e79f54062070fbc7b,True,2,1823,9.115,3130446701.152914,391305.8376441143,1823.0,466688.0,0.2417263294766187,0.0012891623936915897,0.0008380409423187629,0.02777716743962355,0.0244069171293109,0.04273447036253956,0.4845,0.015499999999999986,0.03028747536842959,0.006271712911726235,0.05876262145882772,0.270565236263154,True,1.0,reject,pre_step,drift_diffusion_then_jump,iid_bank,8,every_step,True,0.0005689655172413794,0.005030172413793105,2247.1634633526846,73067,0.0005078167855183763,1.0020159078442128,6.171146461876028e-07,0.0
LSC-CP-RA,"LSC-CP-RA (A=8), tamed",44d6ecf1abcc7ab097c151f5d67417fb,8da7d73e85753d4e79f54062070fbc7b,True,3,1823,9.115,3130446701.152914,391305.8376441143,1823.0,466688.0,0.20251843114286874,0.0008855920516038784,0.0004342548188613904,0.044118855567849585,0.021829513715386138,0.03314814844110258,0.492,0.008000000000000007,0.02210323810540833,0.004506589284793638,0.03686043431303528,0.22629036667528302,True,1.0,reject,pre_step,drift_diffusion_then_jump,iid_bank,8,every_step,True,0.0005689655172413794,0.005030172413793105,2247.1634633526846,73067,0.0005078167855183763,1.0020159078442128,6.171146461876028e-07,0.0
LSC-CP-RA,"LSC-CP-RA (A=8), tamed",44d6ecf1abcc7ab097c151f5d67417fb,8da7d73e85753d4e79f54062070fbc7b,True,0,1853,9.265,3181962554.7100105,397745.3193387513,1853.0,474368.0,0.13484552817244408,0.00021347054352438555,-0.00023747422355802073,0.05432337377581542,0.031360444911138,0.04967103825658074,0.517,0.017000000000000015,0.03663965974282888,0.005209897825037668,0.027419381229954343,0.23196079951079518,True,1.0,reject,pre_step,drift_diffusion_then_jump,iid_bank,8,every_step,True,0.0004708333333333335,0.004837500000000001,868.1888615276495,74228,0.0005072180248246088,1.001457096600108,6.745817593092283e-07,0.0
LSC-CP-RA,"LSC-CP-RA (A=8), tamed",44d6ecf1abcc7ab097c151f5d67417fb,8da7d73e85753d4e79f54062070fbc7b,True,1,1853,9.265,3181962554.7100105,397745.3193387513,1853.0,474368.0,0.14017897938324841,0.00027088381951045903,-0.00017996354334903764,0.02321342878322344,0.011603821165678183,0.017487977859517882,0.5025000000000001,0.00250000000000003,0.006552876064136641,0.0016009799384487655,0.04441313944746157,0.18882474554177542,True,1.0,reject,pre_step,drift_diffusion_then_jump,iid_bank,8,every_step,True,0.0004708333333333335,0.004837500000000001,868.1888615276495,74228,0.0005072180248246088,1.001457096600108,6.745817593092283e-07,0.0
LSC-CP-RA,"LSC-CP-RA (A=8), tamed",44d6ecf1abcc7ab097c151f5d67417fb,8da7d73e85753d4e79f54062070fbc7b,True,2,1853,9.265,3181962554.7100105,397745.3193387513,1853.0,474368.0,0.23611853303629354,0.0012662561829904773,0.0008151796530906363,0.02548978991924461,0.023439954459692013,0.040498948361534476,0.484,0.016000000000000014,0.029699951721186293,0.003456560359214711,0.05035831653656164,0.18423914007863107,True,1.0,reject,pre_step,drift_diffusion_then_jump,iid_bank,8,every_step,True,0.0004708333333333335,0.004837500000000001,868.1888615276495,74228,0.0005072180248246088,1.001457096600108,6.745817593092283e-07,0.0
LSC-CP-RA,"LSC-CP-RA (A=8), tamed",44d6ecf1abcc7ab097c151f5d67417fb,8da7d73e85753d4e79f54062070fbc7b,True,3,1853,9.265,3181962554.7100105,397745.3193387513,1853.0,474368.0,0.20077692950337286,0.0008933173084327839,0.0004430415605043425,0.03457059067514598,0.020373100510773512,0.032970696277440856,0.4905,0.009500000000000036,0.019389521161274244,0.010632098240903276,0.035868580517195464,0.09987950885001207,True,1.0,reject,pre_step,drift_diffusion_then_jump,iid_bank,8,every_step,True,0.0004708333333333335,0.004837500000000001,868.1888615276495,74228,0.0005072180248246088,1.001457096600108,6.745817593092283e-07,0.0
LSC-CP-RA,"LSC-CP-RA (A=8), tamed",44d6ecf1abcc7ab097c151f5d67417fb,8da7d73e85753d4e79f54062070fbc7b,True,0,1883,9.415000000000001,3233478408.2671075,404184.8010333884,1883.0,482048.0,0.1749324277952078,0.00042641628740502924,-2.4572567717373595e-05,0.04697262275661662,0.0361108614343152,0.06067062946982986,0.5225,0.022499999999999964,0.04806402843723446,0.009157565577237459,0.04673250776172928,0.31504044203998516,True,1.0,reject,pre_step,drift_diffusion_then_jump,iid_bank,8,every_step,True,0.0005166666666666669,0.004816666666666668,3420.5281986879804,75384,0.0005073685608072225,1.0008497079129048,6.638343069569836e-07,0.0
LSC-CP-RA,"LSC-CP-RA (A=8), tamed",44d6ecf1abcc7ab097c151f5d67417fb,8da7d73e85753d4e79f54062070fbc7b,True,1,1883,9.415000000000001,3233478408.2671075,404184.8010333884,1883.0,482048.0,0.11412173439048423,0.00019065201105872287,-0.00026037138382672964,0.024938066789976038,0.0149622351918681,0.025571266163181325,0.5065000000000001,0.0065000000000000335,0.010423858746835308,1.2397001276753805e-05,0.01908205436771303,0.16535083864416567,True,1.0,reject,pre_step,drift_diffusion_then_jump,iid_bank,8,every_step,True,0.0005166666666666669,0.004816666666666668,3420.5281986879804,75384,0.0005073685608072225,1.0008497079129048,6.638343069569836e-07,0.0
LSC-CP-RA,"LSC-CP-RA (A=8), tamed",44d6ecf1abcc7ab097c151f5d67417fb,8da7d73e85753d4e79f54062070fbc7b,True,2,1883,9.415000000000001,3233478408.2671075,404184.8010333884,1883.0,482048.0,0.2567483592592359,0.0018265200078493304,0.001375553205267055,0.03376569228232351,0.029828677112836995,0.04999880293300335,0.481,0.019000000000000017,0.035656438246237404,0.004919209353963505,0.007583043558651585,0.20411819090436045,True,1.0,reject,pre_step,drift_diffusion_then_jump,iid_bank,8,every_step,True,0.0005166666666666669,0.004816666666666668,3420.5281986879804,75384,0.0005073685608072225,1.0008497079129048,6.638343069569836e-07,0.0
LSC-CP-RA,"LSC-CP-RA (A=8), tamed",44d6ecf1abcc7ab097c151f5d67417fb,8da7d73e85753d4e79f54062070fbc7b,True,3,1883,9.415000000000001,3233478408.2671075,404184.8010333884,1883.0,482048.0,0.156468859443888,0.00046050244150575015,1.061435592308868e-05,0.029536760165317366,0.014414158267099419,0.018279225378363472,0.497,0.0030000000000000027,0.004409471322071557,0.015241724903487963,0.002877005715468577,0.019038355295548537,True,1.0,reject,pre_step,drift_diffusion_then_jump,iid_bank,8,every_step,True,0.0005166666666666669,0.004816666666666668,3420.5281986879804,75384,0.0005073685608072225,1.0008497079129048,6.638343069569836e-07,0.0
LSC-CP-RA,"LSC-CP-RA (A=8), tamed",44d6ecf1abcc7ab097c151f5d67417fb,8da7d73e85753d4e79f54062070fbc7b,True,0,1912,9.56,3283277066.705634,410409.63333820424,1912.0,489472.0,0.1587532364332481,0.0004200605891965248,-3.0448830258045234e-05,0.03660897047645684,0.03538084848208352,0.054790248770274455,0.525,0.024999999999999994,0.04779838249593836,0.0024032480516671395,0.026888861572921464,0.09163936146538176,True,1.0,reject,pre_step,drift_diffusion_then_jump,iid_bank,8,every_step,True,0.0005689655172413794,0.005051724137931036,2126.836722814548,76556,0.0005083028242677825,1.0009937238493725,6.537656903765691e-07,0.0
LSC-CP-RA,"LSC-CP-RA (A=8), tamed",44d6ecf1abcc7ab097c151f5d67417fb,8da7d73e85753d4e79f54062070fbc7b,True,1,1912,9.56,3283277066.705634,410409.63333820424,1912.0,489472.0,0.09160801386931083,0.0001984122359831586,-0.00025144967393542217,0.03222850481582573,0.01686307549382773,0.023701782133002794,0.506,0.006000000000000005,0.01307487706789379,0.01764647919453377,0.011615286076722868,0.00747589169090801,True,1.0,reject,pre_step,drift_diffusion_then_jump,iid_bank,8,every_step,True,0.0005689655172413794,0.005051724137931036,2126.836722814548,76556,0.0005083028242677825,1.0009937238493725,6.537656903765691e-07,0.0
LSC-CP-RA,"LSC-CP-RA (A=8), tamed",44d6ecf1abcc7ab097c151f5d67417fb,8da7d73e85753d4e79f54062070fbc7b,True,2,1912,9.56,3283277066.705634,410409.63333820424,1912.0,489472.0,0.26795240917710006,0.002286440692146563,0.001836441351414142,0.05014174611824479,0.036430079090171236,0.057476048473812234,0.47800000000000004,0.021999999999999992,0.045981381617741776,0.006627846296767381,0.048077176517405396,0.17260057227780978,True,1.0,reject,pre_step,drift_diffusion_then_jump,iid_bank,8,every_step,True,0.0005689655172413794,0.005051724137931036,2126.836722814548,76556,0.0005083028242677825,1.0009937238493725,6.537656903765691e-07,0.0
LSC-CP-RA,"LSC-CP-RA (A=8), tamed",44d6ecf1abcc7ab097c151f5d67417fb,8da7d73e85753d4e79f54062070fbc7b,True,3,1912,9.56,3283277066.705634,410409.63333820424,1912.0,489472.0,0.1356833232626823,0.00029738994408068375,-0.00015312348135798626,0.033657964989965095,0.01754323911020315,0.022684532671451305,0.503,0.0030000000000000027,0.011279132244929388,0.006380050622023736,0.02685886889888211,0.14617214585754656,True,1.0,reject,pre_step,drift_diffusion_then_jump,iid_bank,8,every_step,True,0.0005689655172413794,0.005051724137931036,2126.836722814548,76556,0.0005083028242677825,1.0009937238493725,6.537656903765691e-07,0.0
LSC-CP-RA,"LSC-CP-RA (A=8), tamed",44d6ecf1abcc7ab097c151f5d67417fb,8da7d73e85753d4e79f54062070fbc7b,True,0,1942,9.71,3334792920.262731,416849.1150328414,1942.0,497152.0,0.1040357707363973,0.00020154083800472122,-0.0002493528072368134,0.03352265889287853,0.023030766945958462,0.03964354096607461,0.512,0.01200000000000001,0.019388308902010862,0.00018977255745256105,0.020097474877506415,0.2175709882703617,True,1.0,reject,pre_step,drift_diffusion_then_jump,iid_bank,8,every_step,True,0.0005291666666666668,0.004891666666666668,4853.65847035568,77730,0.0005086251287332647,1.000643666323378,6.436663233779608e-07,0.0
LSC-CP-RA,"LSC-CP-RA (A=8), tamed",44d6ecf1abcc7ab097c151f5d67417fb,8da7d73e85753d4e79f54062070fbc7b,True,1,1942,9.71,3334792920.262731,416849.1150328414,1942.0,497152.0,0.0801792583893122,0.00014024498341302927,-0.00031036037288778573,0.02456223752124187,0.019641022527907115,0.03348405175997149,0.5105000000000001,0.010500000000000037,0.02250747618455432,0.005675557383362673,0.058534126884535014,0.11611587389955191,True,1.0,reject,pre_step,drift_diffusion_then_jump,iid_bank,8,every_step,True,0.0005291666666666668,0.004891666666666668,4853.65847035568,77730,0.0005086251287332647,1.000643666323378,6.436663233779608e-07,0.0
LSC-CP-RA,"LSC-CP-RA (A=8), tamed",44d6ecf1abcc7ab097c151f5d67417fb,8da7d73e85753d4e79f54062070fbc7b,True,2,1942,9.71,3334792920.262731,416849.1150328414,1942.0,497152.0,0.2758426278138933,0.0024370887521961704,0.00198675546770799,0.04023027620437719,0.0359994354683552,0.057385035719921845,0.47450000000000003,0.025499999999999967,0.04639027309325553,0.002604466322790655,0.03775770602904655,0.1413921184991297,True,1.0,reject,pre_step,drift_diffusion_then_jump,iid_bank,8,every_step,True,0.0005291666666666668,0.004891666666666668,4853.65847035568,77730,0.0005086251287332647,1.000643666323378,6.436663233779608e-07,0.0
LSC-CP-RA,"LSC-CP-RA (A=8), tamed",44d6ecf1abcc7ab097c151f5d67417fb,8da7d73e85753d4e79f54062070fbc7b,True,3,1942,9.71,3334792920.262731,416849.1150328414,1942.0,497152.0,0.13603813069141632,0.00022578945706297482,-0.00022531025456129505,0.03658004898506939,0.01495447989395549,0.02026878775789069,0.5025000000000001,0.00250000000000003,0.01336489553567228,0.0013314158807467003,0.05378623698393914,0.14712945458128812,True,1.0,reject,pre_step,drift_diffusion_then_jump,iid_bank,8,every_step,True,0.0005291666666666668,0.004891666666666668,4853.65847035568,77730,0.0005086251287332647,1.000643666323378,6.436663233779608e-07,0.0
LSC-CP-RA,"LSC-CP-RA (A=8), tamed",44d6ecf1abcc7ab097c151f5d67417fb,8da7d73e85753d4e79f54062070fbc7b,True,0,1972,9.86,3386308773.819828,423288.5967274785,1972.0,504832.0,0.10525798915488868,0.00020739833318816903,-0.00024323947291082781,0.037212666864427035,0.024499498278670286,0.04068594362769822,0.514,0.014000000000000012,0.02639200596661113,0.004968560461202753,0.031339713615172175,0.1527274749873907,True,1.0,reject,pre_step,drift_diffusion_then_jump,iid_bank,8,every_step,True,0.0004291666666666669,0.004870833333333335,882.7486997386794,78899,0.0005074163286004057,1.0002408722109533,6.338742393509127e-07,0.0
LSC-CP-RA,"LSC-CP-RA (A=8), tamed",44d6ecf1abcc7ab097c151f5d67417fb,8da7d73e85753d4e79f54062070fbc7b,True,1,1972,9.86,3386308773.819828,423288.5967274785,1972.0,504832.0,0.1662340997118012,0.0003699329747776092,-8.171604658635534e-05,0.021573457782085026,0.011399538087809066,0.01830545575487115,0.4985,0.001500000000000029,0.005222454537931034,0.008595521213435209,0.013633197875601211,0.20557241979025476,True,1.0,reject,pre_step,drift_diffusion_then_jump,iid_bank,8,every_step,True,0.0004291666666666669,0.004870833333333335,882.7486997386794,78899,0.0005074163286004057,1.0002408722109533,6.338742393509127e-07,0.0
LSC-CP-RA,"LSC-CP-RA (A=8), tamed",44d6ecf1abcc7ab097c151f5d67417fb,8da7d73e85753d4e79f54062070fbc7b,True,2,1972,9.86,3386308773.819828,423288.5967274785,1972.0,504832.0,0.26795430177778007,0.0020734518510611144,0.0016231274596449907,0.04130389960933373,0.03423266054310627,0.055593682656996476,0.47650000000000003,0.023499999999999965,0.046218352144198165,0.00406775957590777,0.06049077023143774,0.14487748703120296,True,1.0,reject,pre_step,drift_diffusion_then_jump,iid_bank,8,every_step,True,0.0004291666666666669,0.004870833333333335,882.7486997386794,78899,0.0005074163286004057,1.0002408722109533,6.338742393509127e-07,0.0
LSC-CP-RA,"LSC-CP-RA (A=8), tamed",44d6ecf1abcc7ab097c151f5d67417fb,8da7d73e85753d4e79f54062070fbc7b,True,3,1972,9.86,3386308773.819828,423288.5967274785,1972.0,504832.0,0.1443235846178083,0.0001745105352530807,-0.0002770949346898588,0.036009564665147153,0.015225759305681109,0.01965600109006305,0.502,0.0020000000000000018,0.005335020300439339,0.0076846095760403355,0.036351292501300696,0.18437825219339288,True,1.0,reject,pre_step,drift_diffusion_then_jump,iid_bank,8,every_step,True,0.0004291666666666669,0.004870833333333335,882.7486997386794,78899,0.0005074163286004057,1.0002408722109533,6.338742393509127e-07,0.0
LSC-CP-RA,"LSC-CP-RA (A=8), tamed",44d6ecf1abcc7ab097c151f5d67417fb,8da7d73e85753d4e79f54062070fbc7b,True,0,2002,10.01,3437824627.3769245,429728.0784221156,2002.0,512512.0,0.18533593047676936,0.0006642674734157472,0.0002145113456225589,0.045432493681801356,0.04238195210381444,0.06743324308503439,0.5285,0.02849999999999997,0.05857896860467558,0.008005128826131691,0.07430989181119621,0.12912904966209282,True,1.0,reject,pre_step,drift_diffusion_then_jump,iid_bank,8,every_step,True,0.0004500000000000002,0.004879166666666668,2474.4713926995732,80070,0.0005065559440559441,0.9998751248751249,6.243756243756244e-07,0.0
LSC-CP-RA,"LSC-CP-RA (A=8), tamed",44d6ecf1abcc7ab097c151f5d67417fb,8da7d73e85753d4e79f54062070fbc7b,True,1,2002,10.01,3437824627.3769245,429728.0784221156,2002.0,512512.0,0.11088432716946159,0.000285244721284883,-0.00016495593479315396,0.03350231229043665,0.018559707501310845,0.028289656369646574,0.5055000000000001,0.005500000000000033,0.014913245819003348,0.012540393923708093,0.05626457338246837,0.09935207937893431,True,1.0,reject,pre_step,drift_diffusion_then_jump,iid_bank,8,every_step,True,0.0004500000000000002,0.004879166666666668,2474.4713926995732,80070,0.0005065559440559441,0.9998751248751249,6.243756243756244e-07,0.0
LSC-CP-RA,"LSC-CP-RA (A=8), tamed",44d6ecf1abcc7ab097c151f5d67417fb,8da7d73e85753d4e79f54062070fbc7b,True,2,2002,10.01,3437824627.3769245,429728.0784221156,2002.0,512512.0,0.22691440072567068,0.0009048822780401977,0.00045373668583825744,0.02771827943445726,0.019185408126995578,0.03555098979264977,0.49,0.010000000000000009,0.014242560919261037,0.012588866655104392,0.05518022178751749,0.5301319722294789,True,1.0,reject,pre_step,drift_diffusion_then_jump,iid_bank,8,every_step,True,0.0004500000000000002,0.004879166666666668,2474.4713926995732,80070,0.0005065559440559441,0.9998751248751249,6.243756243756244e-07,0.0
LSC-CP-RA,"LSC-CP-RA (A=8), tamed",44d6ecf1abcc7ab097c151f5d67417fb,8da7d73e85753d4e79f54062070fbc7b,True,3,2002,10.01,3437824627.3769245,429728.0784221156,2002.0,512512.0,0.19197716121717978,0.0006558889086485387,0.00020503649433667448,0.03159608019765692,0.019039598220718646,0.031283658374087045,0.4935,0.0065000000000000335,0.008990708728629703,0.0038804227341621145,0.022067660831145794,0.16247824748456796,True,1.0,reject,pre_step,drift_diffusion_then_jump,iid_bank,8,every_step,True,0.0004500000000000002,0.004879166666666668,2474.4713926995732,80070,0.0005065559440559441,0.9998751248751249,6.243756243756244e-07,0.0
LSC-CP-RA,"LSC-CP-RA (A=8), tamed",44d6ecf1abcc7ab097c151f5d67417fb,8da7d73e85753d4e79f54062070fbc7b,True,0,2031,10.155,3487623285.8154516,435952.91072693147,2031.0,519936.0,0.18660779353935622,0.00046206236538492984,1.1236944616022093e-05,0.04404337201494868,0.038227803573514386,0.06350681533564465,0.526,0.025999999999999995,0.05430372021394461,0.009365511239816438,0.07846183388147215,0.27661809799028714,True,1.0,reject,pre_step,drift_diffusion_then_jump,iid_bank,8,every_step,True,0.0004698275862068967,0.0050603448275862075,4511.942185992544,81244,0.0005060315115706549,1.0000492368291483,6.770064007877893e-07,0.0
LSC-CP-RA,"LSC-CP-RA (A=8), tamed",44d6ecf1abcc7ab097c151f5d67417fb,8da7d73e85753d4e79f54062070fbc7b,True,1,2031,10.155,3487623285.8154516,435952.91072693147,2031.0,519936.0,0.15976384439681685,0.0003135547183507059,-0.00013769179286404754,0.022569372052815284,0.010110997405937223,0.015390639612635409,0.498,0.0020000000000000018,0.00025252342008733996,0.003909112619414512,0.004035967757988892,0.13961730050312926,True,1.0,reject,pre_step,drift_diffusion_then_jump,iid_bank,8,every_step,True,0.0004698275862068967,0.0050603448275862075,4511.942185992544,81244,0.0005060315115706549,1.0000492368291483,6.770064007877893e-07,0.0
LSC-CP-RA,"LSC-CP-RA (A=8), tamed",44d6ecf1abcc7ab097c151f5d67417fb,8da7d73e85753d4e79f54062070fbc7b,True,2,2031,10.155,3487623285.8154516,435952.91072693147,2031.0,519936.0,0.1868642893969571,0.0006976226229276072,0.0002469088854267776,0.036808929755733855,0.018214735637871838,0.028066531397368727,0.494,0.006000000000000005,0.012367208535934664,0.004831462055767788,0.01017628827451642,0.1426158177852085,True,1.0,reject,pre_step,drift_diffusion_then_jump,iid_bank,8,every_step,True,0.0004698275862068967,0.0050603448275862075,4511.942185992544,81244,0.0005060315115706549,1.0000492368291483,6.770064007877893e-07,0.0
LSC-CP-RA,"LSC-CP-RA (A=8), tamed",44d6ecf1abcc7ab097c151f5d67417fb,8da7d73e85753d4e79f54062070fbc7b,True,3,2031,10.155,3487623285.8154516,435952.91072693147,2031.0,519936.0,0.23500904041170353,0.001153327187247477,0.0007020302884243046,0.02803891203486819,0.022360731441805583,0.03950688345779148,0.4845,0.015499999999999986,0.020639606686386515,0.006624310633260411,0.020378754816920322,0.22557012073949412,True,1.0,reject,pre_step,drift_diffusion_then_jump,iid_bank,8,every_step,True,0.0004698275862068967,0.0050603448275862075,4511.942185992544,81244,0.0005060315115706549,1.0000492368291483,6.770064007877893e-07,0.0
LSC-CP-RA,"LSC-CP-RA (A=8), tamed",44d6ecf1abcc7ab097c151f5d67417fb,8da7d73e85753d4e79f54062070fbc7b,True,0,2061,10.305,3539139139.372548,442392.3924215685,2061.0,527616.0,0.14490499463886541,0.00015784238471128198,-0.0002936245741382848,0.027268229086780615,0.027179438519018967,0.04713877514121319,0.5195,0.01949999999999999,0.03358596122597561,0.01552516807839599,0.007316744930682144,0.24366783277495296,True,1.0,reject,pre_step,drift_diffusion_then_jump,iid_bank,8,every_step,True,0.0004625000000000002,0.0048958333333333345,888.3649668446449,82419,0.0005053978651140223,0.999745269286754,6.671518680252305e-07,0.0
LSC-CP-RA,"LSC-CP-RA (A=8), tamed",44d6ecf1abcc7ab097c151f5d67417fb,8da7d73e85753d4e79f54062070fbc7b,True,1,2061,10.305,3539139139.372548,442392.3924215685,2061.0,527616.0,0.21203963010011634,0.0009949701118998622,0.0005441673791689583,0.039857200248401004,0.02216371141032375,0.03548278874189974,0.489,0.01100000000000001,0.01878404502498088,0.002330616369996763,0.01274119511496482,0.1515317200583416,True,1.0,reject,pre_step,drift_diffusion_then_jump,iid_bank,8,every_step,True,0.0004625000000000002,0.0048958333333333345,888.3649668446449,82419,0.0005053978651140223,0.999745269286754,6.671518680252305e-07,0.0
LSC-CP-RA,"LSC-CP-RA (A=8), tamed",44d6ecf1abcc7ab097c151f5d67417fb,8da7d73e85753d4e79f54062070fbc7b,True,2,2061,10.305,3539139139.372548,442392.3924215685,2061.0,527616.0,0.13504722146476048,0.0003267515557751066,-0.00012394052312691972,0.039473618292305584,0.020297682587086988,0.028998842538618452,0.504,0.0040000000000000036,0.006315018741018141,0.004493370946957453,0.016581737614807635,0.19541512749081613,True,1.0,reject,pre_step,drift_diffusion_then_jump,iid_bank,8,every_step,True,0.0004625000000000002,0.0048958333333333345,888.3649668446449,82419,0.0005053978651140223,0.999745269286754,6.671518680252305e-07,0.0
LSC-CP-RA,"LSC-CP-RA (A=8), tamed",44d6ecf1abcc7ab097c151f5d67417fb,8da7d73e85753d4e79f54062070fbc7b,True,3,2061,10.305,3539139139.372548,442392.3924215685,2061.0,527616.0,0.2374074533497891,0.0010708611504620658,0.0006188476818287381,0.02626907050740268,0.020976174467028864,0.04030614516793038,0.4875,0.012499999999999983,0.01919235787341435,0.021115485842687742,0.011435725392250668,0.3841392379438687,True,1.0,reject,pre_step,drift_diffusion_then_jump,iid_bank,8,every_step,True,0.0004625000000000002,0.0048958333333333345,888.3649668446449,82419,0.0005053978651140223,0.999745269286754,6.671518680252305e-07,0.0
LSC-CP-RA,"LSC-CP-RA (A=8), tamed",44d6ecf1abcc7ab097c151f5d67417fb,8da7d73e85753d4e79f54062070fbc7b,True,0,2091,10.455,3590654992.929645,448831.8741162056,2091.0,535296.0,0.16986156762757604,0.0003707305608540157,-7.995741270583334e-05,0.03411886628552285,0.034875134845288765,0.05541094137736739,0.5255,0.025499999999999967,0.04951977773087109,0.001772638818375305,0.07185344574503294,0.15293663073686836,True,1.0,reject,pre_step,drift_diffusion_then_jump,iid_bank,8,every_step,True,0.00045833333333333343,0.004808333333333335,1161.3102255327938,83573,0.0005047226207556193,0.9991989478718316,6.575801052128168e-07,0.0
LSC-CP-RA,"LSC-CP-RA (A=8), tamed",44d6ecf1abcc7ab097c151f5d67417fb,8da7d73e85753d4e79f54062070fbc7b,True,1,2091,10.455,3590654992.929645,448831.8741162056,2091.0,535296.0,0.21442341413131025,0.001194178022559611,0.0007445403398627093,0.03282135155767224,0.023212552697224897,0.03718460737500372,0.487,0.013000000000000012,0.022629126383378807,0.017766949366728735,0.017351181215722638,0.04152632049662042,True,1.0,reject,pre_step,drift_diffusion_then_jump,iid_bank,8,every_step,True,0.00045833333333333343,0.004808333333333335,1161.3102255327938,83573,0.0005047226207556193,0.9991989478718316,6.575801052128168e-07,0.0
LSC-CP-RA,"LSC-CP-RA (A=8), tamed",44d6ecf1abcc7ab097c151f5d67417fb,8da7d73e85753d4e79f54062070fbc7b,True,2,2091,10.455,3590654992.929645,448831.8741162056,2091.0,535296.0,0.11434166210188383,0.0002199202522129573,-0.00023048705117367785,0.03663465968757722,0.017799234182094715,0.02891601592773489,0.507,0.007000000000000006,0.01183158077179148,0.005331768004627868,0.02319548205968433,0.16457029463658068,True,1.0,reject,pre_step,drift_diffusion_then_jump,iid_bank,8,every_step,True,0.00045833333333333343,0.004808333333333335,1161.3102255327938,83573,0.0005047226207556193,0.9991989478718316,6.575801052128168e-07,0.0
LSC-CP-RA,"LSC-CP-RA (A=8), tamed",44d6ecf1abcc7ab097c151f5d67417fb,8da7d73e85753d4e79f54062070fbc7b,True,3,2091,10.455,3590654992.929645,448831.8741162056,2091.0,535296.0,0.2098847051574963,0.0009355004492378471,0.0004845924992873396,0.028715198853818402,0.019635294023627535,0.03311381285096444,0.4895,0.010500000000000037,0.0245588213418445,2.782148458913003e-05,0.03626041497714383,0.15492034033898883,True,1.0,reject,pre_step,drift_diffusion_then_jump,iid_bank,8,every_step,True,0.00045833333333333343,0.004808333333333335,1161.3102255327938,83573,0.0005047226207556193,0.9991989478718316,6.575801052128168e-07,0.0
LSC-CP-RA,"LSC-CP-RA (A=8), tamed",44d6ecf1abcc7ab097c151f5d67417fb,8da7d73e85753d4e79f54062070fbc7b,True,0,2120,10.6,3640453651.368172,455056.70642102155,2120.0,542720.0,0.17192491336832266,0.0007527720744047173,0.0003034784799045287,0.05377517774640794,0.042416055543504104,0.06669550860635634,0.5255,0.025499999999999967,0.05063685475316788,0.014460040234432148,0.012649388155682277,0.13430548286200683,True,1.0,reject,pre_step,drift_diffusion_then_jump,iid_bank,8,every_step,True,0.00043965517241379326,0.004775862068965519,1945.8940428009332,84681,0.0005038325471698114,0.9985966981132075,6.485849056603774e-07,0.0
LSC-CP-RA,"LSC-CP-RA (A=8), tamed",44d6ecf1abcc7ab097c151f5d67417fb,8da7d73e85753d4e79f54062070fbc7b,True,1,2120,10.6,3640453651.368172,455056.70642102155,2120.0,542720.0,0.1973021856951113,0.0008006934188147241,0.00035035072589562066,0.02761055049583591,0.016275605260726217,0.026380270447322867,0.4905,0.009500000000000036,0.01563433818966572,0.005872489698322769,0.004242188450176741,0.08347149343806659,True,1.0,reject,pre_step,drift_diffusion_then_jump,iid_bank,8,every_step,True,0.00043965517241379326,0.004775862068965519,1945.8940428009332,84681,0.0005038325471698114,0.9985966981132075,6.485849056603774e-07,0.0
LSC-CP-RA,"LSC-CP-RA (A=8), tamed",44d6ecf1abcc7ab097c151f5d67417fb,8da7d73e85753d4e79f54062070fbc7b,True,2,2120,10.6,3640453651.368172,455056.70642102155,2120.0,542720.0,0.15742041427047757,0.000271540811025206,-0.0001802087628300919,0.02801452241727423,0.01407721105824394,0.021775183415897854,0.502,0.0020000000000000018,0.00040008510204905004,0.012644901640664896,0.01717603148566731,0.27575647508032286,True,1.0,reject,pre_step,drift_diffusion_then_jump,iid_bank,8,every_step,True,0.00043965517241379326,0.004775862068965519,1945.8940428009332,84681,0.0005038325471698114,0.9985966981132075,6.485849056603774e-07,0.0
LSC-CP-RA,"LSC-CP-RA (A=8), tamed",44d6ecf1abcc7ab097c151f5d67417fb,8da7d73e85753d4e79f54062070fbc7b,True,3,2120,10.6,3640453651.368172,455056.70642102155,2120.0,542720.0,0.2131859853998418,0.0008403254083987344,0.00038902450066991,0.029686900609701694,0.02005300682504304,0.035570317528389725,0.49,0.010000000000000009,0.021496242747806246,0.0037436518179113643,0.05531325356971909,0.1793857976490446,True,1.0,reject,pre_step,drift_diffusion_then_jump,iid_bank,8,every_step,True,0.00043965517241379326,0.004775862068965519,1945.8940428009332,84681,0.0005038325471698114,0.9985966981132075,6.485849056603774e-07,0.0
LSC-CP-RA,"LSC-CP-RA (A=8), tamed",44d6ecf1abcc7ab097c151f5d67417fb,8da7d73e85753d4e79f54062070fbc7b,True,0,2150,10.75,3691969504.9252687,461496.1881156586,2150.0,550400.0,0.06940602118818932,0.00016737344198602955,-0.00028254635389912686,0.03644006757617757,0.021905499298832884,0.03456902359844695,0.511,0.01100000000000001,0.022323157699934607,0.014027555337897235,0.03232166688706246,0.06298284819117084,True,1.0,reject,pre_step,drift_diffusion_then_jump,iid_bank,8,every_step,True,0.0005375000000000002,0.0051083333333333345,4842.556796829707,85907,0.0005043023255813954,0.9989186046511628,6.395348837209303e-07,0.0
LSC-CP-RA,"LSC-CP-RA (A=8), tamed",44d6ecf1abcc7ab097c151f5d67417fb,8da7d73e85753d4e79f54062070fbc7b,True,1,2150,10.75,3691969504.9252687,461496.1881156586,2150.0,550400.0,0.22273115312030425,0.0009971095192197188,0.0005451235860857162,0.025228465440156278,0.01825885201437038,0.03424297308051989,0.4885,0.011500000000000038,0.016433504443570876,0.018084104044729266,0.016940733505048117,0.32899002822174495,True,1.0,reject,pre_step,drift_diffusion_then_jump,iid_bank,8,every_step,True,0.0005375000000000002,0.0051083333333333345,4842.556796829707,85907,0.0005043023255813954,0.9989186046511628,6.395348837209303e-07,0.0
LSC-CP-RA,"LSC-CP-RA (A=8), tamed",44d6ecf1abcc7ab097c151f5d67417fb,8da7d73e85753d4e79f54062070fbc7b,True,2,2150,10.75,3691969504.9252687,461496.1881156586,2150.0,550400.0,0.12839646540059613,0.00027716998635607393,-0.00017310142774129567,0.030803811590592756,0.015358371828982394,0.0204523841389396,0.5025000000000001,0.00250000000000003,0.0017497199685281447,0.01011339865468508,0.0034813695551594564,0.06972105063947243,True,1.0,reject,pre_step,drift_diffusion_then_jump,iid_bank,8,every_step,True,0.0005375000000000002,0.0051083333333333345,4842.556796829707,85907,0.0005043023255813954,0.9989186046511628,6.395348837209303e-07,0.0
LSC-CP-RA,"LSC-CP-RA (A=8), tamed",44d6ecf1abcc7ab097c151f5d67417fb,8da7d73e85753d4e79f54062070fbc7b,True,3,2150,10.75,3691969504.9252687,461496.1881156586,2150.0,550400.0,0.21444659947676661,0.0010488884572870116,0.0005973193355406359,0.02684485367662559,0.01825984341462475,0.031668665982244215,0.4885,0.011500000000000038,0.019303978478474697,0.009615374244404395,0.018498040140226362,0.17501067454285357,True,1.0,reject,pre_step,drift_diffusion_then_jump,iid_bank,8,every_step,True,0.0005375000000000002,0.0051083333333333345,4842.556796829707,85907,0.0005043023255813954,0.9989186046511628,6.395348837209303e-07,0.0
LSC-CP-RA,"LSC-CP-RA (A=8), tamed",44d6ecf1abcc7ab097c151f5d67417fb,8da7d73e85753d4e79f54062070fbc7b,True,0,2180,10.9,3743485358.4823656,467935.6698102957,2180.0,558080.0,0.08109429645737973,0.00016695877727990194,-0.0002830918342644484,0.03400541574057925,0.022752903678607557,0.03646844643798001,0.513,0.013000000000000012,0.02476600887075425,0.012080570142139035,0.024998210156844107,0.07954169128557276,True,1.0,reject,pre_step,drift_diffusion_then_jump,iid_bank,8,every_step,True,0.0005291666666666669,0.005091666666666666,4622.637184168374,87129,0.000504644495412844,0.9991857798165138,6.307339449541285e-07,0.0
LSC-CP-RA,"LSC-CP-RA (A=8), tamed",44d6ecf1abcc7ab097c151f5d67417fb,8da7d73e85753d4e79f54062070fbc7b,True,1,2180,10.9,3743485358.4823656,467935.6698102957,2180.0,558080.0,0.2065959984702878,0.0007422093475468738,0.0002906710032856141,0.026160514329755274,0.01642379403969557,0.030346109476311348,0.4925,0.007500000000000034,0.010779874605655255,0.010593702684589701,0.013477258052377015,0.2866043431617361,True,1.0,reject,pre_step,drift_diffusion_then_jump,iid_bank,8,every_step,True,0.0005291666666666669,0.005091666666666666,4622.637184168374,87129,0.000504644495412844,0.9991857798165138,6.307339449541285e-07,0.0
LSC-CP-RA,"LSC-CP-RA (A=8), tamed",44d6ecf1abcc7ab097c151f5d67417fb,8da7d73e85753d4e79f54062070fbc7b,True,2,2180,10.9,3743485358.4823656,467935.6698102957,2180.0,558080.0,0.11460060625237967,0.00035339259889544117,-9.647209023655456e-05,0.031007479444577823,0.019313707633701514,0.027774420045871495,0.504,0.0040000000000000036,0.012031311332433202,0.017849765804921258,0.04241905117562996,0.07155180703919017,True,1.0,reject,pre_step,drift_diffusion_then_jump,iid_bank,8,every_step,True,0.0005291666666666669,0.005091666666666666,4622.637184168374,87129,0.000504644495412844,0.9991857798165138,6.307339449541285e-07,0.0
LSC-CP-RA,"LSC-CP-RA (A=8), tamed",44d6ecf1abcc7ab097c151f5d67417fb,8da7d73e85753d4e79f54062070fbc7b,True,3,2180,10.9,3743485358.4823656,467935.6698102957,2180.0,558080.0,0.21161953906285325,0.0009607556215578406,0.0005102651506644351,0.03641544855825893,0.02123723404611794,0.034010568404298835,0.4905,0.009500000000000036,0.021288571718223875,0.0024931766487954476,0.01870527054116435,0.19201429658565272,True,1.0,reject,pre_step,drift_diffusion_then_jump,iid_bank,8,every_step,True,0.0005291666666666669,0.005091666666666666,4622.637184168374,87129,0.000504644495412844,0.9991857798165138,6.307339449541285e-07,0.0
LSC-CP-RA,"LSC-CP-RA (A=8), tamed",44d6ecf1abcc7ab097c151f5d67417fb,8da7d73e85753d4e79f54062070fbc7b,True,0,2209,11.045,3793284016.9208922,474160.5021151115,2209.0,565504.0,0.13732232481893986,0.0002726425017937073,-0.00017843252782878682,0.037837723892729325,0.016656742977717614,0.026311482600651928,0.504,0.0040000000000000036,0.004893307319549135,1.8892770116352153e-05,0.021685862774567043,0.1966957830224575,True,1.0,reject,pre_step,drift_diffusion_then_jump,iid_bank,8,every_step,True,0.0005474137931034485,0.005077586206896553,4348.004006389311,88307,0.0005052059755545496,0.9994001810774106,6.224535989135355e-07,0.0
LSC-CP-RA,"LSC-CP-RA (A=8), tamed",44d6ecf1abcc7ab097c151f5d67417fb,8da7d73e85753d4e79f54062070fbc7b,True,1,2209,11.045,3793284016.9208922,474160.5021151115,2209.0,565504.0,0.17335315038890983,0.0006491310859528809,0.00019911790006832408,0.038179116269710545,0.01976497553363631,0.026781994578136237,0.4965,0.003500000000000031,0.0037045204568854997,0.012456138696953944,0.031799807411657915,0.13249327659978782,True,1.0,reject,pre_step,drift_diffusion_then_jump,iid_bank,8,every_step,True,0.0005474137931034485,0.005077586206896553,4348.004006389311,88307,0.0005052059755545496,0.9994001810774106,6.224535989135355e-07,0.0
LSC-CP-RA,"LSC-CP-RA (A=8), tamed",44d6ecf1abcc7ab097c151f5d67417fb,8da7d73e85753d4e79f54062070fbc7b,True,2,2209,11.045,3793284016.9208922,474160.5021151115,2209.0,565504.0,0.14503689030228134,0.00026389940795290556,-0.00018710680134059743,0.028985425509923946,0.014215237644427767,0.019897037013332296,0.5015000000000001,0.001500000000000029,0.0025205266555756393,0.0013691348358789712,0.03730360957978855,0.16910886288748206,True,1.0,reject,pre_step,drift_diffusion_then_jump,iid_bank,8,every_step,True,0.0005474137931034485,0.005077586206896553,4348.004006389311,88307,0.0005052059755545496,0.9994001810774106,6.224535989135355e-07,0.0
LSC-CP-RA,"LSC-CP-RA (A=8), tamed",44d6ecf1abcc7ab097c151f5d67417fb,8da7d73e85753d4e79f54062070fbc7b,True,3,2209,11.045,3793284016.9208922,474160.5021151115,2209.0,565504.0,0.16987207076778726,0.0004957497590497573,4.56978683738285e-05,0.04547569776216576,0.019444074210597666,0.02380071239905761,0.4965,0.003500000000000031,0.002213126037487274,0.01142989132390515,0.02345604999867856,0.09690101168215215,True,1.0,reject,pre_step,drift_diffusion_then_jump,iid_bank,8,every_step,True,0.0005474137931034485,0.005077586206896553,4348.004006389311,88307,0.0005052059755545496,0.9994001810774106,6.224535989135355e-07,0.0
LSC-CP-RA,"LSC-CP-RA (A=8), tamed",44d6ecf1abcc7ab097c151f5d67417fb,8da7d73e85753d4e79f54062070fbc7b,True,0,2239,11.195,3844799870.477989,480599.98380974866,2239.0,573184.0,0.20704808570684394,0.0007411137150945546,0.0002898498204310096,0.03483528586621806,0.01862870744761595,0.03201406104237772,0.4925,0.007500000000000034,0.017203744758612614,0.007762665678811009,0.05857113181330158,0.29939795811062797,True,1.0,reject,pre_step,drift_diffusion_then_jump,iid_bank,8,every_step,True,0.0005625000000000002,0.005308333333333334,1728.4539310567127,89581,0.0005059736489504243,1.000234479678428,6.141134435015632e-07,0.0
LSC-CP-RA,"LSC-CP-RA (A=8), tamed",44d6ecf1abcc7ab097c151f5d67417fb,8da7d73e85753d4e79f54062070fbc7b,True,1,2239,11.195,3844799870.477989,480599.98380974866,2239.0,573184.0,0.14534113079079825,0.000309145550507095,-0.00014143736574334653,0.028830320375920482,0.01545728202694958,0.01903882062165279,0.501,0.0010000000000000009,0.008633579412199536,0.005640060092458099,0.03151588559510059,0.1346097192740877,True,1.0,reject,pre_step,drift_diffusion_then_jump,iid_bank,8,every_step,True,0.0005625000000000002,0.005308333333333334,1728.4539310567127,89581,0.0005059736489504243,1.000234479678428,6.141134435015632e-07,0.0
LSC-CP-RA,"LSC-CP-RA (A=8), tamed",44d6ecf1abcc7ab097c151f5d67417fb,8da7d73e85753d4e79f54062070fbc7b,True,2,2239,11.195,3844799870.477989,480599.98380974866,2239.0,573184.0,0.15891212574369643,0.00040484058719558735,-4.613357876115387e-05,0.026129870037795433,0.014760730735676322,0.020487352943400004,0.4995,0.0005000000000000282,0.004349271678266433,0.0014648919393480675,0.03181880622175611,0.16758179330044654,True,1.0,reject,pre_step,drift_diffusion_then_jump,iid_bank,8,every_step,True,0.0005625000000000002,0.005308333333333334,1728.4539310567127,89581,0.0005059736489504243,1.000234479678428,6.141134435015632e-07,0.0
LSC-CP-RA,"LSC-CP-RA (A=8), tamed",44d6ecf1abcc7ab097c151f5d67417fb,8da7d73e85753d4e79f54062070fbc7b,True,3,2239,11.195,3844799870.477989,480599.98380974866,2239.0,573184.0,0.15091018788910052,0.0005177571117267465,6.782507102753854e-05,0.03704599839949285,0.01813457543778239,0.02247061505270813,0.4985,0.001500000000000029,0.002169196176454234,0.017058241247612127,0.005164403845740713,0.05059358022207994,True,1.0,reject,pre_step,drift_diffusion_then_jump,iid_bank,8,every_step,True,0.0005625000000000002,0.005308333333333334,1728.4539310567127,89581,0.0005059736489504243,1.000234479678428,6.141134435015632e-07,0.0
LSC-CP-RA,"LSC-CP-RA (A=8), tamed",44d6ecf1abcc7ab097c151f5d67417fb,8da7d73e85753d4e79f54062070fbc7b,True,0,2269,11.345,3896315724.035086,487039.46550438576,2269.0,580864.0,0.19324938555180518,0.0008626191210620027,0.00041299366463520837,0.03567518638447742,0.020430337119772938,0.030544589021594976,0.491,0.009000000000000008,0.014846713782260188,0.01852754264022305,0.0071292888429558155,0.017372770507924185,True,1.0,reject,pre_step,drift_diffusion_then_jump,iid_bank,8,every_step,True,0.0005000000000000002,0.004837500000000001,1974.6394676975565,90742,0.0005058946672542971,0.9998016747465844,6.059938298810049e-07,0.0
LSC-CP-RA,"LSC-CP-RA (A=8), tamed",44d6ecf1abcc7ab097c151f5d67417fb,8da7d73e85753d4e79f54062070fbc7b,True,1,2269,11.345,3896315724.035086,487039.46550438576,2269.0,580864.0,0.17721224996914636,0.0006043813707637957,0.00015422110973384306,0.039954820622277454,0.021072863699268102,0.028340594157766408,0.4965,0.003500000000000031,0.008407708391377106,0.009973197800501321,0.038773926286544934,0.17711185818300212,True,1.0,reject,pre_step,drift_diffusion_then_jump,iid_bank,8,every_step,True,0.0005000000000000002,0.004837500000000001,1974.6394676975565,90742,0.0005058946672542971,0.9998016747465844,6.059938298810049e-07,0.0
LSC-CP-RA,"LSC-CP-RA (A=8), tamed",44d6ecf1abcc7ab097c151f5d67417fb,8da7d73e85753d4e79f54062070fbc7b,True,2,2269,11.345,3896315724.035086,487039.46550438576,2269.0,580864.0,0.22441708138639938,0.001272492971417405,0.0008212856897980014,0.04253991837439133,0.024938706594319616,0.04097132143784641,0.4865,0.013499999999999984,0.03260064799013816,0.0026657079781807758,0.048925705139785045,0.134857176913035,True,1.0,reject,pre_step,drift_diffusion_then_jump,iid_bank,8,every_step,True,0.0005000000000000002,0.004837500000000001,1974.6394676975565,90742,0.0005058946672542971,0.9998016747465844,6.059938298810049e-07,0.0
LSC-CP-RA,"LSC-CP-RA (A=8), tamed",44d6ecf1abcc7ab097c151f5d67417fb,8da7d73e85753d4e79f54062070fbc7b,True,3,2269,11.345,3896315724.035086,487039.46550438576,2269.0,580864.0,0.19618962305330515,0.0009847676943925965,0.0005347392039354304,0.036898377869715004,0.022193952778179062,0.034242994897792964,0.492,0.008000000000000007,0.017539133282766524,0.013607007674391047,0.017481778328376912,0.12447086909676963,True,1.0,reject,pre_step,drift_diffusion_then_jump,iid_bank,8,every_step,True,0.0005000000000000002,0.004837500000000001,1974.6394676975565,90742,0.0005058946672542971,0.9998016747465844,6.059938298810049e-07,0.0
LSC-CP-RA,"LSC-CP-RA (A=8), tamed",44d6ecf1abcc7ab097c151f5d67417fb,8da7d73e85753d4e79f54062070fbc7b,True,0,2298,11.49,3946114382.473613,493264.2978092016,2298.0,588288.0,0.19735967927053488,0.0007152751189650752,0.0002641708071534632,0.023894489006858532,0.015098278722625369,0.02657111471475593,0.492,0.008000000000000007,0.00997594094604394,0.0022136509376586844,0.015710304792299134,0.15811272669108367,True,1.0,reject,pre_step,drift_diffusion_then_jump,iid_bank,8,every_step,True,0.0004870689655172416,0.005034482758620691,1611.0396811721882,91910,0.000505657093124456,0.9998912097476066,5.983463881636205e-07,0.0
LSC-CP-RA,"LSC-CP-RA (A=8), tamed",44d6ecf1abcc7ab097c151f5d67417fb,8da7d73e85753d4e79f54062070fbc7b,True,1,2298,11.49,3946114382.473613,493264.2978092016,2298.0,588288.0,0.13510696173473694,0.00019004891010165892,-0.0002616602960199277,0.040153202211251626,0.018184775532707174,0.027817056165399822,0.504,0.0040000000000000036,0.017435563245520456,0.008334250688368017,0.06329047839473612,0.2220209638242151,True,1.0,reject,pre_step,drift_diffusion_then_jump,iid_bank,8,every_step,True,0.0004870689655172416,0.005034482758620691,1611.0396811721882,91910,0.000505657093124456,0.9998912097476066,5.983463881636205e-07,0.0
LSC-CP-RA,"LSC-CP-RA (A=8), tamed",44d6ecf1abcc7ab097c151f5d67417fb,8da7d73e85753d4e79f54062070fbc7b,True,2,2298,11.49,3946114382.473613,493264.2978092016,2298.0,588288.0,0.22424436120078828,0.00143216977898164,0.0009825240791615508,0.02968010373696356,0.02458978051492642,0.03791090123500423,0.484,0.016000000000000014,0.029871465348235062,0.01644664657300643,0.026364976696224136,0.030090538036993686,True,1.0,reject,pre_step,drift_diffusion_then_jump,iid_bank,8,every_step,True,0.0004870689655172416,0.005034482758620691,1611.0396811721882,91910,0.000505657093124456,0.9998912097476066,5.983463881636205e-07,0.0
LSC-CP-RA,"LSC-CP-RA (A=8), tamed",44d6ecf1abcc7ab097c151f5d67417fb,8da7d73e85753d4e79f54062070fbc7b,True,3,2298,11.49,3946114382.473613,493264.2978092016,2298.0,588288.0,0.1910917822277177,0.000626781994129022,0.0001752344121913607,0.03139199941360299,0.017210254387952265,0.0293671094197846,0.4955,0.004500000000000032,0.00905078808074922,0.006500277173211555,0.005578689648656003,0.23024817296771027,True,1.0,reject,pre_step,drift_diffusion_then_jump,iid_bank,8,every_step,True,0.0004870689655172416,0.005034482758620691,1611.0396811721882,91910,0.000505657093124456,0.9998912097476066,5.983463881636205e-07,0.0
LSC-CP-RA,"LSC-CP-RA (A=8), tamed",44d6ecf1abcc7ab097c151f5d67417fb,8da7d73e85753d4e79f54062070fbc7b,True,0,2328,11.64,3997630236.0307097,499703.77950383874,2328.0,595968.0,0.17036429398687294,0.0004933774001639746,4.2690418178725764e-05,0.02451434623024229,0.014337973611476304,0.022535607080542027,0.496,0.0040000000000000036,0.007105131247769591,0.00576023278653115,0.007467415723556463,0.09580722115418905,True,1.0,reject,pre_step,drift_diffusion_then_jump,iid_bank,8,every_step,True,0.0005250000000000002,0.004970833333333334,3803.4983244821556,93103,0.0005059063573883162,0.9998174398625429,5.906357388316151e-07,0.0
LSC-CP-RA,"LSC-CP-RA (A=8), tamed",44d6ecf1abcc7ab097c151f5d67417fb,8da7d73e85753d4e79f54062070fbc7b,True,1,2328,11.64,3997630236.0307097,499703.77950383874,2328.0,595968.0,0.142432209533027,0.00036934513221864584,-8.065465703466224e-05,0.040318630286680035,0.020067021422861066,0.022999591128242774,0.501,0.0010000000000000009,0.004403597904590409,0.01370115762711055,0.0024823138100729353,0.1009691039201922,True,1.0,reject,pre_step,drift_diffusion_then_jump,iid_bank,8,every_step,True,0.0005250000000000002,0.004970833333333334,3803.4983244821556,93103,0.0005059063573883162,0.9998174398625429,5.906357388316151e-07,0.0
LSC-CP-RA,"LSC-CP-RA (A=8), tamed",44d6ecf1abcc7ab097c151f5d67417fb,8da7d73e85753d4e79f54062070fbc7b,True,2,2328,11.64,3997630236.0307097,499703.77950383874,2328.0,595968.0,0.25811253582788896,0.0017656361078326466,0.001314738217781275,0.038244640422214954,0.03070730070113726,0.052905030173815745,0.4805,0.01949999999999999,0.0390215211928945,0.0013404723488885661,0.050570243964483876,0.17759346143708543,True,1.0,reject,pre_step,drift_diffusion_then_jump,iid_bank,8,every_step,True,0.0005250000000000002,0.004970833333333334,3803.4983244821556,93103,0.0005059063573883162,0.9998174398625429,5.906357388316151e-07,0.0
LSC-CP-RA,"LSC-CP-RA (A=8), tamed",44d6ecf1abcc7ab097c151f5d67417fb,8da7d73e85753d4e79f54062070fbc7b,True,3,2328,11.64,3997630236.0307097,499703.77950383874,2328.0,595968.0,0.1820707873701268,0.0006568649230235257,0.00020621173008095184,0.024769256862510525,0.014979163492919983,0.02437889651574579,0.4945,0.005500000000000033,0.006298286673634764,0.003909514538653958,0.024239634471221225,0.1539355572161979,True,1.0,reject,pre_step,drift_diffusion_then_jump,iid_bank,8,every_step,True,0.0005250000000000002,0.004970833333333334,3803.4983244821556,93103,0.0005059063573883162,0.9998174398625429,5.906357388316151e-07,0.0
LSC-CP-RA,"LSC-CP-RA (A=8), tamed",44d6ecf1abcc7ab097c151f5d67417fb,8da7d73e85753d4e79f54062070fbc7b,True,0,2358,11.790000000000001,4049146089.587806,506143.2611984758,2358.0,603648.0,0.15265195328526593,0.00035612904109283416,-9.490251673471839e-05,0.03246297352692129,0.015616809288886382,0.020352984104652177,0.5005000000000001,0.0005000000000000282,0.00501067394518235,0.0008317282131546921,0.022580433998786918,0.16349660028020818,True,1.0,reject,pre_step,drift_diffusion_then_jump,iid_bank,8,every_step,True,0.0004875000000000002,0.005141666666666669,4575.209581131724,94337,0.0005056721798134012,1.0001802374893978,6.361323155216285e-07,0.0
LSC-CP-RA,"LSC-CP-RA (A=8), tamed",44d6ecf1abcc7ab097c151f5d67417fb,8da7d73e85753d4e79f54062070fbc7b,True,1,2358,11.790000000000001,4049146089.587806,506143.2611984758,2358.0,603648.0,0.14913949735366797,0.00024024067017514028,-0.000210993594276343,0.029127294949933713,0.015524107748225543,0.02413202945572043,0.5025000000000001,0.00250000000000003,0.0023501181102768163,0.005003056083040858,0.038871959416313384,0.23844530423310994,True,1.0,reject,pre_step,drift_diffusion_then_jump,iid_bank,8,every_step,True,0.0004875000000000002,0.005141666666666669,4575.209581131724,94337,0.0005056721798134012,1.0001802374893978,6.361323155216285e-07,0.0
LSC-CP-RA,"LSC-CP-RA (A=8), tamed",44d6ecf1abcc7ab097c151f5d67417fb,8da7d73e85753d4e79f54062070fbc7b,True,2,2358,11.790000000000001,4049146089.587806,506143.2611984758,2358.0,603648.0,0.22910187586569852,0.001242877952356003,0.0007920137390132753,0.036006753537954975,0.022633964824218512,0.03933115395141382,0.487,0.013000000000000012,0.023131433635176158,0.004221377495517098,0.021507988109120028,0.224556847527002,True,1.0,reject,pre_step,drift_diffusion_then_jump,iid_bank,8,every_step,True,0.0004875000000000002,0.005141666666666669,4575.209581131724,94337,0.0005056721798134012,1.0001802374893978,6.361323155216285e-07,0.0
LSC-CP-RA,"LSC-CP-RA (A=8), tamed",44d6ecf1abcc7ab097c151f5d67417fb,8da7d73e85753d4e79f54062070fbc7b,True,3,2358,11.790000000000001,4049146089.587806,506143.2611984758,2358.0,603648.0,0.22123493313255888,0.0013480386088980945,0.0008981777911348798,0.03676589015421236,0.024129924795708833,0.037742884836394916,0.485,0.015000000000000013,0.029189741299778017,0.013824038893453183,0.029051779057208463,0.06295806051549635,True,1.0,reject,pre_step,drift_diffusion_then_jump,iid_bank,8,every_step,True,0.0004875000000000002,0.005141666666666669,4575.209581131724,94337,0.0005056721798134012,1.0001802374893978,6.361323155216285e-07,0.0
LSC-CP-RA,"LSC-CP-RA (A=8), tamed",44d6ecf1abcc7ab097c151f5d67417fb,8da7d73e85753d4e79f54062070fbc7b,True,0,2388,11.94,4100661943.144903,512582.7428931129,2388.0,611328.0,0.18978371031117916,0.0005569833053167272,0.0001059386444212107,0.031234995732588616,0.018660187941174012,0.027935053269871377,0.4975,0.00250000000000003,0.002663661555094605,0.007270640813013318,0.018154511810373097,0.33850331659057054,True,1.0,reject,pre_step,drift_diffusion_then_jump,iid_bank,8,every_step,True,0.0006250000000000002,0.005183333333333334,4809.558787343586,95581,0.0005071712730318258,1.0006386097152429,6.28140703517588e-07,0.0
LSC-CP-RA,"LSC-CP-RA (A=8), tamed",44d6ecf1abcc7ab097c151f5d67417fb,8da7d73e85753d4e79f54062070fbc7b,True,1,2388,11.94,4100661943.144903,512582.7428931129,2388.0,611328.0,0.14880639587980762,0.000311566014237763,-0.0001396172934887696,0.030312463555605823,0.014276891323895605,0.019559587244450317,0.501,0.0010000000000000009,0.003512031598957039,0.0017930650000922421,0.03134504635172801,0.1720345485580025,True,1.0,reject,pre_step,drift_diffusion_then_jump,iid_bank,8,every_step,True,0.0006250000000000002,0.005183333333333334,4809.558787343586,95581,0.0005071712730318258,1.0006386097152429,6.28140703517588e-07,0.0
LSC-CP-RA,"LSC-CP-RA (A=8), tamed",44d6ecf1abcc7ab097c151f5d67417fb,8da7d73e85753d4e79f54062070fbc7b,True,2,2388,11.94,4100661943.144903,512582.7428931129,2388.0,611328.0,0.23315164547131303,0.0015496783750195142,0.0010994461677706902,0.037017100690960036,0.025807719228787517,0.04023912964437776,0.483,0.017000000000000015,0.031075054404775877,0.008626275460689614,0.00852787995378434,0.05738192803859288,True,1.0,reject,pre_step,drift_diffusion_then_jump,iid_bank,8,every_step,True,0.0006250000000000002,0.005183333333333334,4809.558787343586,95581,0.0005071712730318258,1.0006386097152429,6.28140703517588e-07,0.0
LSC-CP-RA,"LSC-CP-RA (A=8), tamed",44d6ecf1abcc7ab097c151f5d67417fb,8da7d73e85753d4e79f54062070fbc7b,True,3,2388,11.94,4100661943.144903,512582.7428931129,2388.0,611328.0,0.20756289731204075,0.0007924005011776813,0.00034110128179343224,0.03042131283951871,0.019520336325701507,0.03383607061865529,0.4915,0.008500000000000035,0.021140861858735115,0.004037180302392973,0.07742012183639652,0.2427337921066458,True,1.0,reject,pre_step,drift_diffusion_then_jump,iid_bank,8,every_step,True,0.0006250000000000002,0.005183333333333334,4809.558787343586,95581,0.0005071712730318258,1.0006386097152429,6.28140703517588e-07,0.0
LSC-CP-RA,"LSC-CP-RA (A=8), tamed",44d6ecf1abcc7ab097c151f5d67417fb,8da7d73e85753d4e79f54062070fbc7b,True,0,2417,12.085,4150460601.58343,518807.5751979287,2417.0,618752.0,0.12976349552985447,0.0002561503122522346,-0.00019484699345850842,0.026223782304433285,0.012619357000474124,0.018317470465472413,0.503,0.0030000000000000027,0.0006115600591956937,0.0007604827886633636,0.00413899589963889,0.10617928522456499,True,1.0,reject,pre_step,drift_diffusion_then_jump,iid_bank,8,every_step,True,0.0005474137931034485,0.0051336206896551734,4759.011235376789,96772,0.0005076541166735623,1.0009515928837402,6.206040546131568e-07,0.0
LSC-CP-RA,"LSC-CP-RA (A=8), tamed",44d6ecf1abcc7ab097c151f5d67417fb,8da7d73e85753d4e79f54062070fbc7b,True,1,2417,12.085,4150460601.58343,518807.5751979287,2417.0,618752.0,0.16707696597759342,0.0004724704233877164,2.162514548775807e-05,0.024576819215756496,0.014129192015577444,0.02153888421324642,0.4975,0.00250000000000003,0.0031395939189435957,0.0024998456340999953,0.008522092616376636,0.1558422416493911,True,1.0,reject,pre_step,drift_diffusion_then_jump,iid_bank,8,every_step,True,0.0005474137931034485,0.0051336206896551734,4759.011235376789,96772,0.0005076541166735623,1.0009515928837402,6.206040546131568e-07,0.0
LSC-CP-RA,"LSC-CP-RA (A=8), tamed",44d6ecf1abcc7ab097c151f5d67417fb,8da7d73e85753d4e79f54062070fbc7b,True,2,2417,12.085,4150460601.58343,518807.5751979287,2417.0,618752.0,0.20810971330685749,0.0010489875964978523,0.0005984098424124396,0.040421532908516106,0.0217364684049904,0.03446955999189852,0.49,0.010000000000000009,0.019109877931719813,0.004178655065175896,0.0027904133698284928,0.16505471044275677,True,1.0,reject,pre_step,drift_diffusion_then_jump,iid_bank,8,every_step,True,0.0005474137931034485,0.0051336206896551734,4759.011235376789,96772,0.0005076541166735623,1.0009515928837402,6.206040546131568e-07,0.0
LSC-CP-RA,"LSC-CP-RA (A=8), tamed",44d6ecf1abcc7ab097c151f5d67417fb,8da7d73e85753d4e79f54062070fbc7b,True,3,2417,12.085,4150460601.58343,518807.5751979287,2417.0,618752.0,0.2151837087748636,0.0010909114126662622,0.0006400330942917254,0.03564681971846112,0.021816723897113328,0.03609180395745418,0.489,0.01100000000000001,0.02299245339705581,0.0007715439004712943,0.027140687926269648,0.19969745377312675,True,1.0,reject,pre_step,drift_diffusion_then_jump,iid_bank,8,every_step,True,0.0005474137931034485,0.0051336206896551734,4759.011235376789,96772,0.0005076541166735623,1.0009515928837402,6.206040546131568e-07,0.0
LSC-CP-RA,"LSC-CP-RA (A=8), tamed",44d6ecf1abcc7ab097c151f5d67417fb,8da7d73e85753d4e79f54062070fbc7b,True,0,2447,12.235,4201976455.140527,525247.0568925658,2447.0,626432.0,0.12611604379155894,0.00023273874061091604,-0.00021780929388182102,0.024489300155743687,0.012726207134526657,0.018024570927360685,0.5025000000000001,0.00250000000000003,0.007674628990060385,0.005818328664005223,0.034885139338385655,0.07877618725283775,True,1.0,reject,pre_step,drift_diffusion_then_jump,iid_bank,8,every_step,True,0.0005166666666666669,0.005145833333333335,1941.24103790061,98007,0.0005077646097261954,1.0012975071516141,6.129955046996322e-07,0.0
LSC-CP-RA,"LSC-CP-RA (A=8), tamed",44d6ecf1abcc7ab097c151f5d67417fb,8da7d73e85753d4e79f54062070fbc7b,True,1,2447,12.235,4201976455.140527,525247.0568925658,2447.0,626432.0,0.18070212168514033,0.0005226265974277444,7.109576634800607e-05,0.02767215024960923,0.016714350623940954,0.026550182065408934,0.497,0.0030000000000000027,0.0018784676132646409,0.0059700902788819565,0.024975617638932773,0.21770520047667496,True,1.0,reject,pre_step,drift_diffusion_then_jump,iid_bank,8,every_step,True,0.0005166666666666669,0.005145833333333335,1941.24103790061,98007,0.0005077646097261954,1.0012975071516141,6.129955046996322e-07,0.0
LSC-CP-RA,"LSC-CP-RA (A=8), tamed",44d6ecf1abcc7ab097c151f5d67417fb,8da7d73e85753d4e79f54062070fbc7b,True,2,2447,12.235,4201976455.140527,525247.0568925658,2447.0,626432.0,0.21793846547884238,0.0010853714360603561,0.0006341603914781224,0.026494997029217315,0.01911579137898217,0.03207963459646787,0.4875,0.012499999999999983,0.02197770695146018,0.00382556702964143,0.005455801576651486,0.13621619702959353,True,1.0,reject,pre_step,drift_diffusion_then_jump,iid_bank,8,every_step,True,0.0005166666666666669,0.005145833333333335,1941.24103790061,98007,0.0005077646097261954,1.0012975071516141,6.129955046996322e-07,0.0
LSC-CP-RA,"LSC-CP-RA (A=8), tamed",44d6ecf1abcc7ab097c151f5d67417fb,8da7d73e85753d4e79f54062070fbc7b,True,3,2447,12.235,4201976455.140527,525247.0568925658,2447.0,626432.0,0.1630175690148383,0.0004682008728208453,1.771490917557017e-05,0.033378591027615756,0.014967271058517022,0.020747130740249208,0.497,0.0030000000000000027,0.006383148492465266,0.009073886113163288,0.02907427277448293,0.07488642000061374,True,1.0,reject,pre_step,drift_diffusion_then_jump,iid_bank,8,every_step,True,0.0005166666666666669,0.005145833333333335,1941.24103790061,98007,0.0005077646097261954,1.0012975071516141,6.129955046996322e-07,0.0
LSC-CP-RA,"LSC-CP-RA (A=8), tamed",44d6ecf1abcc7ab097c151f5d67417fb,8da7d73e85753d4e79f54062070fbc7b,True,0,2477,12.385,4253492308.6976237,531686.538587203,2477.0,634112.0,0.10140870693209317,0.00015416580877425368,-0.0002963696759443746,0.035615813350861614,0.019108210027675564,0.030176050814786207,0.5075000000000001,0.007500000000000034,0.021274236413297915,0.005619368090598931,0.06723145592094629,0.11162879828807182,True,1.0,reject,pre_step,drift_diffusion_then_jump,iid_bank,8,every_step,True,0.0005208333333333334,0.005091666666666667,843.0570573592751,99229,0.0005079228905934598,1.0015038352846184,6.055712555510699e-07,0.0
LSC-CP-RA,"LSC-CP-RA (A=8), tamed",44d6ecf1abcc7ab097c151f5d67417fb,8da7d73e85753d4e79f54062070fbc7b,True,1,2477,12.385,4253492308.6976237,531686.538587203,2477.0,634112.0,0.13478197595731986,0.00023554944462012006,-0.00021576425738834004,0.036692749829271065,0.0163423000895846,0.025206843395155096,0.5045000000000001,0.004500000000000032,0.013092376040474554,0.00459256646507733,0.045802011676099215,0.21363547722504717,True,1.0,reject,pre_step,drift_diffusion_then_jump,iid_bank,8,every_step,True,0.0005208333333333334,0.005091666666666667,843.0570573592751,99229,0.0005079228905934598,1.0015038352846184,6.055712555510699e-07,0.0
LSC-CP-RA,"LSC-CP-RA (A=8), tamed",44d6ecf1abcc7ab097c151f5d67417fb,8da7d73e85753d4e79f54062070fbc7b,True,2,2477,12.385,4253492308.6976237,531686.538587203,2477.0,634112.0,0.21841472996755507,0.0007151554791080539,0.0002638851712947199,0.02300624697308673,0.01605254964787438,0.02997511476663588,0.491,0.009000000000000008,0.017557920034725526,0.013547285602775738,0.07347329845890097,0.43937564843108634,True,1.0,reject,pre_step,drift_diffusion_then_jump,iid_bank,8,every_step,True,0.0005208333333333334,0.005091666666666667,843.0570573592751,99229,0.0005079228905934598,1.0015038352846184,6.055712555510699e-07,0.0
LSC-CP-RA,"LSC-CP-RA (A=8), tamed",44d6ecf1abcc7ab097c151f5d67417fb,8da7d73e85753d4e79f54062070fbc7b,True,3,2477,12.385,4253492308.6976237,531686.538587203,2477.0,634112.0,0.15886262585437508,0.00025704615803279207,-0.0001948466680317118,0.027007668973074717,0.014487439025264278,0.02330570960822578,0.503,0.0030000000000000027,0.0134331907062453,0.016195526050055253,0.07555507743883866,0.3219334195836393,True,1.0,reject,pre_step,drift_diffusion_then_jump,iid_bank,8,every_step,True,0.0005208333333333334,0.005091666666666667,843.0570573592751,99229,0.0005079228905934598,1.0015038352846184,6.055712555510699e-07,0.0
LSC-CP-RA,"LSC-CP-RA (A=8), tamed",44d6ecf1abcc7ab097c151f5d67417fb,8da7d73e85753d4e79f54062070fbc7b,True,0,2506,12.530000000000001,4303290967.13615,537911.3708920188,2506.0,641536.0,0.0792257507328043,0.0001680258649411348,-0.00028199833497222215,0.026533137321217093,0.017925849413623053,0.029222023588265353,0.509,0.009000000000000008,0.013452524557949335,0.01341073274643001,0.007537554703967357,0.05195937407595175,True,1.0,reject,pre_step,drift_diffusion_then_jump,iid_bank,8,every_step,True,0.0005172413793103451,0.005004310344827586,3442.0889168166364,100390,0.0005080307262569833,1.0014964086193137,5.985634477254589e-07,0.0
LSC-CP-RA,"LSC-CP-RA (A=8), tamed",44d6ecf1abcc7ab097c151f5d67417fb,8da7d73e85753d4e79f54062070fbc7b,True,1,2506,12.530000000000001,4303290967.13615,537911.3708920188,2506.0,641536.0,0.16324725650268393,0.00030147852337947256,-0.00015050069329547444,0.026976012014730127,0.01662384562267371,0.02952992676765338,0.5035000000000001,0.003500000000000031,0.002606451172937148,0.017724732167714974,0.014149875624961209,0.3968104126504214,True,1.0,reject,pre_step,drift_diffusion_then_jump,iid_bank,8,every_step,True,0.0005172413793103451,0.005004310344827586,3442.0889168166364,100390,0.0005080307262569833,1.0014964086193137,5.985634477254589e-07,0.0
LSC-CP-RA,"LSC-CP-RA (A=8), tamed",44d6ecf1abcc7ab097c151f5d67417fb,8da7d73e85753d4e79f54062070fbc7b,True,2,2506,12.530000000000001,4303290967.13615,537911.3708920188,2506.0,641536.0,0.14322060157599745,0.0002993274680304081,-0.0001520094446813003,0.029638881538966766,0.01673671378456692,0.026221985389339002,0.503,0.0030000000000000027,0.002665025160006972,0.0024988219535377887,0.02098725458408795,0.21079727620669841,True,1.0,reject,pre_step,drift_diffusion_then_jump,iid_bank,8,every_step,True,0.0005172413793103451,0.005004310344827586,3442.0889168166364,100390,0.0005080307262569833,1.0014964086193137,5.985634477254589e-07,0.0
LSC-CP-RA,"LSC-CP-RA (A=8), tamed",44d6ecf1abcc7ab097c151f5d67417fb,8da7d73e85753d4e79f54062070fbc7b,True,3,2506,12.530000000000001,4303290967.13615,537911.3708920188,2506.0,641536.0,0.12975972530861393,0.00022901476653325314,-0.00022170800496823517,0.026104805167096012,0.01325740541740984,0.0180400313606928,0.502,0.0020000000000000018,0.00816594000102878,0.004077816438355253,0.024857676502252894,0.08907661884944418,True,1.0,reject,pre_step,drift_diffusion_then_jump,iid_bank,8,every_step,True,0.0005172413793103451,0.005004310344827586,3442.0889168166364,100390,0.0005080307262569833,1.0014964086193137,5.985634477254589e-07,0.0
LSC-CP-RA,"LSC-CP-RA (A=8), tamed",44d6ecf1abcc7ab097c151f5d67417fb,8da7d73e85753d4e79f54062070fbc7b,True,0,2536,12.68,4354806820.693247,544350.8525866559,2536.0,649216.0,0.0994278979724287,0.0001623918265342139,-0.00028824690977535816,0.03182545135260717,0.019366578192836905,0.03236858285013379,0.5095000000000001,0.009500000000000036,0.019203844059116917,0.0031090606533134,0.03785703801633802,0.16893386615545325,True,1.0,reject,pre_step,drift_diffusion_then_jump,iid_bank,8,every_step,True,0.00045000000000000015,0.004908333333333334,938.4274316462571,101568,0.0005073442429022082,1.001261829652997,6.407728706624606e-07,0.0
LSC-CP-RA,"LSC-CP-RA (A=8), tamed",44d6ecf1abcc7ab097c151f5d67417fb,8da7d73e85753d4e79f54062070fbc7b,True,1,2536,12.68,4354806820.693247,544350.8525866559,2536.0,649216.0,0.0858776826211543,0.00018675448003302453,-0.00026334869512290027,0.04008265618380025,0.021374454269452565,0.03215997946389895,0.5085000000000001,0.008500000000000035,0.01679285361991088,0.013462497395343553,0.009562803076634176,0.06761460827076837,True,1.0,reject,pre_step,drift_diffusion_then_jump,iid_bank,8,every_step,True,0.00045000000000000015,0.004908333333333334,938.4274316462571,101568,0.0005073442429022082,1.001261829652997,6.407728706624606e-07,0.0
LSC-CP-RA,"LSC-CP-RA (A=8), tamed",44d6ecf1abcc7ab097c151f5d67417fb,8da7d73e85753d4e79f54062070fbc7b,True,2,2536,12.68,4354806820.693247,544350.8525866559,2536.0,649216.0,0.12611984393764222,0.000264660149760787,-0.00018603165432129476,0.03196064766595752,0.016547322935611213,0.024122487194841943,0.504,0.0040000000000000036,0.012355882665404633,0.004573625134614234,0.04938115547956512,0.1509154742494071,True,1.0,reject,pre_step,drift_diffusion_then_jump,iid_bank,8,every_step,True,0.00045000000000000015,0.004908333333333334,938.4274316462571,101568,0.0005073442429022082,1.001261829652997,6.407728706624606e-07,0.0
LSC-CP-RA,"LSC-CP-RA (A=8), tamed",44d6ecf1abcc7ab097c151f5d67417fb,8da7d73e85753d4e79f54062070fbc7b,True,3,2536,12.68,4354806820.693247,544350.8525866559,2536.0,649216.0,0.16599433830076638,0.00032519452068846544,-0.00012664133736184358,0.03514174611824478,0.016777401093327354,0.023490346248737567,0.501,0.0010000000000000009,0.0037001025520819143,0.012656722821036137,0.048378752731810845,0.2976201158836246,True,1.0,reject,pre_step,drift_diffusion_then_jump,iid_bank,8,every_step,True,0.00045000000000000015,0.004908333333333334,938.4274316462571,101568,0.0005073442429022082,1.001261829652997,6.407728706624606e-07,0.0
LSC-CP-RA,"LSC-CP-RA (A=8), tamed",44d6ecf1abcc7ab097c151f5d67417fb,8da7d73e85753d4e79f54062070fbc7b,True,0,2566,12.83,4406322674.250344,550790.334281293,2566.0,656896.0,0.18428617140161957,0.0006507232659339612,0.00020000293551447612,0.031193463669406174,0.01972042198883766,0.02974789764765187,0.497,0.0030000000000000027,0.008898631646761478,0.002587243781347004,0.03258136751958064,0.24499130063036534,True,1.0,reject,pre_step,drift_diffusion_then_jump,iid_bank,8,every_step,True,0.00042083333333333344,0.005304166666666667,3222.85052754878,102841,0.0005063328137178488,1.0019583008573656,6.332813717848792e-07,0.0
LSC-CP-RA,"LSC-CP-RA (A=8), tamed",44d6ecf1abcc7ab097c151f5d67417fb,8da7d73e85753d4e79f54062070fbc7b,True,1,2566,12.83,4406322674.250344,550790.334281293,2566.0,656896.0,0.14847612452467662,0.00037892266093131344,-7.18394984422499e-05,0.03204673502677691,0.016554598788804598,0.02285622819511085,0.5015000000000001,0.001500000000000029,0.00865352582983358,0.0036954260710025943,0.06266773939292616,0.18138496380328728,True,1.0,reject,pre_step,drift_diffusion_then_jump,iid_bank,8,every_step,True,0.00042083333333333344,0.005304166666666667,3222.85052754878,102841,0.0005063328137178488,1.0019583008573656,6.332813717848792e-07,0.0
LSC-CP-RA,"LSC-CP-RA (A=8), tamed",44d6ecf1abcc7ab097c151f5d67417fb,8da7d73e85753d4e79f54062070fbc7b,True,2,2566,12.83,4406322674.250344,550790.334281293,2566.0,656896.0,0.11697391835023578,0.00017499830026246332,-0.0002763329875131726,0.02887006390859309,0.01913324649994642,0.03450532058821497,0.51,0.010000000000000009,0.009026481699554183,0.009027664880582376,0.05461667033423287,0.29469714328388774,True,1.0,reject,pre_step,drift_diffusion_then_jump,iid_bank,8,every_step,True,0.00042083333333333344,0.005304166666666667,3222.85052754878,102841,0.0005063328137178488,1.0019583008573656,6.332813717848792e-07,0.0
LSC-CP-RA,"LSC-CP-RA (A=8), tamed",44d6ecf1abcc7ab097c151f5d67417fb,8da7d73e85753d4e79f54062070fbc7b,True,3,2566,12.83,4406322674.250344,550790.334281293,2566.0,656896.0,0.16390072853927382,0.0003944501829996616,-5.642482856460518e-05,0.03218626968193691,0.013538026736449061,0.019011906804507584,0.4985,0.001500000000000029,0.004086506063789889,1.5667699128307788e-05,0.005033065289504671,0.16927147797113695,True,1.0,reject,pre_step,drift_diffusion_then_jump,iid_bank,8,every_step,True,0.00042083333333333344,0.005304166666666667,3222.85052754878,102841,0.0005063328137178488,1.0019583008573656,6.332813717848792e-07,0.0
LSC-CP-RA,"LSC-CP-RA (A=8), tamed",44d6ecf1abcc7ab097c151f5d67417fb,8da7d73e85753d4e79f54062070fbc7b,True,0,2595,12.975,4456121332.68887,557015.1665861089,2595.0,664320.0,0.13708726057416076,0.0003568295573229685,-9.339838839228509e-05,0.03785408670122478,0.01728156750413439,0.021211637056503495,0.502,0.0020000000000000018,0.0024159918995769907,0.010514881255076158,0.022590719211395962,0.09947101404982839,True,1.0,reject,pre_step,drift_diffusion_then_jump,iid_bank,8,every_step,True,0.00044396551724137944,0.005189655172413794,4753.905790953907,104045,0.000505635838150289,1.0023603082851638,6.26204238921002e-07,0.0
LSC-CP-RA,"LSC-CP-RA (A=8), tamed",44d6ecf1abcc7ab097c151f5d67417fb,8da7d73e85753d4e79f54062070fbc7b,True,1,2595,12.975,4456121332.68887,557015.1665861089,2595.0,664320.0,0.16667584767477822,0.0005554842845358898,0.00010526419850842572,0.026064671579529686,0.015413015556552013,0.021959809320211764,0.4965,0.003500000000000031,0.007965334837321352,0.01105438454818497,0.006433994683446359,0.08924315772571767,True,1.0,reject,pre_step,drift_diffusion_then_jump,iid_bank,8,every_step,True,0.00044396551724137944,0.005189655172413794,4753.905790953907,104045,0.000505635838150289,1.0023603082851638,6.26204238921002e-07,0.0
LSC-CP-RA,"LSC-CP-RA (A=8), tamed",44d6ecf1abcc7ab097c151f5d67417fb,8da7d73e85753d4e79f54062070fbc7b,True,2,2595,12.975,4456121332.68887,557015.1665861089,2595.0,664320.0,0.13871850626972296,0.00045611793500832665,6.374295219435666e-06,0.03740610087705687,0.01605029932573013,0.016634394191776813,0.5,0.0,0.0073309375138414,0.018264479818430046,0.021214894846591264,0.017860783817962855,True,1.0,reject,pre_step,drift_diffusion_then_jump,iid_bank,8,every_step,True,0.00044396551724137944,0.005189655172413794,4753.905790953907,104045,0.000505635838150289,1.0023603082851638,6.26204238921002e-07,0.0
LSC-CP-RA,"LSC-CP-RA (A=8), tamed",44d6ecf1abcc7ab097c151f5d67417fb,8da7d73e85753d4e79f54062070fbc7b,True,3,2595,12.975,4456121332.68887,557015.1665861089,2595.0,664320.0,0.16347245228078477,0.00044676257579279177,-3.4882809115677205e-06,0.033078002235512605,0.016052849081575685,0.02120579322953555,0.497,0.0030000000000000027,4.4560524146775584e-05,0.010979387232992965,0.01611241711612949,0.06845728416759822,True,1.0,reject,pre_step,drift_diffusion_then_jump,iid_bank,8,every_step,True,0.00044396551724137944,0.005189655172413794,4753.905790953907,104045,0.000505635838150289,1.0023603082851638,6.26204238921002e-07,0.0
LSC-CP-RA,"LSC-CP-RA (A=8), tamed",44d6ecf1abcc7ab097c151f5d67417fb,8da7d73e85753d4e79f54062070fbc7b,True,0,2625,13.125,4507637186.245968,563454.648280746,2625.0,672000.0,0.15723208323503401,0.0004696513788201573,1.969724042161225e-05,0.03467179126436504,0.01649021702380346,0.019618001547260795,0.4985,0.001500000000000029,0.00028748583642776383,0.011694228219688574,0.03781030857563544,0.0976519539226649,True,1.0,reject,pre_step,drift_diffusion_then_jump,iid_bank,8,every_step,True,0.0004708333333333334,0.0051,1855.293960809959,105269,0.0005052380952380953,1.0025619047619048,6.190476190476191e-07,0.0
LSC-CP-RA,"LSC-CP-RA (A=8), tamed",44d6ecf1abcc7ab097c151f5d67417fb,8da7d73e85753d4e79f54062070fbc7b,True,1,2625,13.125,4507637186.245968,563454.648280746,2625.0,672000.0,0.16174010907479366,0.0006094087393437864,0.00015941989205547902,0.036341344954225585,0.020102648897517044,0.02711594596198183,0.4965,0.003500000000000031,0.0036667198952933288,0.018462087924570603,0.010794791709794329,0.04354325886046506,True,1.0,reject,pre_step,drift_diffusion_then_jump,iid_bank,8,every_step,True,0.0004708333333333334,0.0051,1855.293960809959,105269,0.0005052380952380953,1.0025619047619048,6.190476190476191e-07,0.0
LSC-CP-RA,"LSC-CP-RA (A=8), tamed",44d6ecf1abcc7ab097c151f5d67417fb,8da7d73e85753d4e79f54062070fbc7b,True,2,2625,13.125,4507637186.245968,563454.648280746,2625.0,672000.0,0.18022846726605768,0.0005345228631307153,8.329723531330657e-05,0.03701434623024222,0.016138752659641466,0.023076994491860084,0.498,0.0020000000000000018,0.010373668561162518,0.007150979841909488,0.00847411479607672,0.2703281175150748,True,1.0,reject,pre_step,drift_diffusion_then_jump,iid_bank,8,every_step,True,0.0004708333333333334,0.0051,1855.293960809959,105269,0.0005052380952380953,1.0025619047619048,6.190476190476191e-07,0.0
LSC-CP-RA,"LSC-CP-RA (A=8), tamed",44d6ecf1abcc7ab097c151f5d67417fb,8da7d73e85753d4e79f54062070fbc7b,True,3,2625,13.125,4507637186.245968,563454.648280746,2625.0,672000.0,0.2014048258360522,0.0009217452144969496,0.000471131808645886,0.037871689454423485,0.020976546524322032,0.03328040349032011,0.492,0.008000000000000007,0.014127377494594081,0.003349305661639601,0.012659150092457222,0.19392562914723677,True,1.0,reject,pre_step,drift_diffusion_then_jump,iid_bank,8,every_step,True,0.0004708333333333334,0.0051,1855.293960809959,105269,0.0005052380952380953,1.0025619047619048,6.190476190476191e-07,0.0
LSC-CP-RA,"LSC-CP-RA (A=8), tamed",44d6ecf1abcc7ab097c151f5d67417fb,8da7d73e85753d4e79f54062070fbc7b,True,0,2655,13.275,4559153039.803064,569894.129975383,2655.0,679680.0,0.1721347344947547,0.0003536710277294297,-9.824217218623588e-05,0.034830065922412334,0.01544292711613377,0.02287002527606683,0.499,0.0010000000000000009,0.006747441675242013,0.013782854030062075,0.04737318055908448,0.3050632930818892,True,1.0,reject,pre_step,drift_diffusion_then_jump,iid_bank,8,every_step,True,0.0005541666666666668,0.0052875000000000005,3945.4999844700737,106538,0.0005057909604519774,1.0031826741996233,6.120527306967985e-07,0.0
LSC-CP-RA,"LSC-CP-RA (A=8), tamed",44d6ecf1abcc7ab097c151f5d67417fb,8da7d73e85753d4e79f54062070fbc7b,True,1,2655,13.275,4559153039.803064,569894.129975383,2655.0,679680.0,0.15582742945200254,0.00038239407394558,-6.898676064770459e-05,0.0275813635251132,0.012888428193232515,0.017507333088888147,0.5,0.0,0.00219230747728498,0.0028607916473234463,0.005029867595205537,0.1698739041512446,True,1.0,reject,pre_step,drift_diffusion_then_jump,iid_bank,8,every_step,True,0.0005541666666666668,0.0052875000000000005,3945.4999844700737,106538,0.0005057909604519774,1.0031826741996233,6.120527306967985e-07,0.0
LSC-CP-RA,"LSC-CP-RA (A=8), tamed",44d6ecf1abcc7ab097c151f5d67417fb,8da7d73e85753d4e79f54062070fbc7b,True,2,2655,13.275,4559153039.803064,569894.129975383,2655.0,679680.0,0.15296072015519707,0.0004619511338518345,1.1603944159777058e-05,0.035745161838921846,0.01597089274998471,0.01861562846903443,0.499,0.0010000000000000009,0.008703485868374425,0.008691693139678769,0.024904289823695386,0.10748729617493702,True,1.0,reject,pre_step,drift_diffusion_then_jump,iid_bank,8,every_step,True,0.0005541666666666668,0.0052875000000000005,3945.4999844700737,106538,0.0005057909604519774,1.0031826741996233,6.120527306967985e-07,0.0
LSC-CP-RA,"LSC-CP-RA (A=8), tamed",44d6ecf1abcc7ab097c151f5d67417fb,8da7d73e85753d4e79f54062070fbc7b,True,3,2655,13.275,4559153039.803064,569894.129975383,2655.0,679680.0,0.19758605288727313,0.0007310722032197736,0.00028014078741234183,0.03752967007611907,0.019195614691190122,0.029772337848723216,0.493,0.007000000000000006,0.023524214128734747,0.0009869880689914456,0.0898655095371921,0.187403303726153,True,1.0,reject,pre_step,drift_diffusion_then_jump,iid_bank,8,every_step,True,0.0005541666666666668,0.0052875000000000005,3945.4999844700737,106538,0.0005057909604519774,1.0031826741996233,6.120527306967985e-07,0.0
LSC-CP-RA,"LSC-CP-RA (A=8), tamed",44d6ecf1abcc7ab097c151f5d67417fb,8da7d73e85753d4e79f54062070fbc7b,True,0,2684,13.42,4608951698.241591,576118.9622801989,2684.0,687104.0,0.15794420535339687,0.00035135251526730027,-9.932227081355105e-05,0.02915986087340039,0.012500908407587141,0.01750210936237735,0.4985,0.001500000000000029,0.0017582302579311681,0.004134961697955464,0.014372438597283802,0.10408253858528449,True,1.0,reject,pre_step,drift_diffusion_then_jump,iid_bank,8,every_step,True,0.0005215517241379311,0.0048663793103448285,2301.5604851243997,107667,0.0005059612518628912,1.0028595380029806,6.054396423248882e-07,0.0
LSC-CP-RA,"LSC-CP-RA (A=8), tamed",44d6ecf1abcc7ab097c151f5d67417fb,8da7d73e85753d4e79f54062070fbc7b,True,1,2684,13.42,4608951698.241591,576118.9622801989,2684.0,687104.0,0.1474596622359295,0.0004307291129490576,-1.9766111254093666e-05,0.038862026471509825,0.016218814691081846,0.017669376924483234,0.4995,0.0005000000000000282,0.005629378291741028,0.009006063317249846,0.0070132685565067925,0.07627768138010771,True,1.0,reject,pre_step,drift_diffusion_then_jump,iid_bank,8,every_step,True,0.0005215517241379311,0.0048663793103448285,2301.5604851243997,107667,0.0005059612518628912,1.0028595380029806,6.054396423248882e-07,0.0
LSC-CP-RA,"LSC-CP-RA (A=8), tamed",44d6ecf1abcc7ab097c151f5d67417fb,8da7d73e85753d4e79f54062070fbc7b,True,2,2684,13.42,4608951698.241591,576118.9622801989,2684.0,687104.0,0.1717240543335959,0.0005700732476027204,0.00011923152270143511,0.02988270567707954,0.014390752060388715,0.021053016578848845,0.4965,0.003500000000000031,0.01193620439728653,0.0006548067557433646,0.0021761174456790718,0.1667943339124861,True,1.0,reject,pre_step,drift_diffusion_then_jump,iid_bank,8,every_step,True,0.0005215517241379311,0.0048663793103448285,2301.5604851243997,107667,0.0005059612518628912,1.0028595380029806,6.054396423248882e-07,0.0
LSC-CP-RA,"LSC-CP-RA (A=8), tamed",44d6ecf1abcc7ab097c151f5d67417fb,8da7d73e85753d4e79f54062070fbc7b,True,3,2684,13.42,4608951698.241591,576118.9622801989,2684.0,687104.0,0.21603443098949332,0.0012036196214748607,0.0007536369967369172,0.03242835696525914,0.023527791582659094,0.036750724351446475,0.4875,0.012499999999999983,0.02833375671282688,0.01181277515060053,0.03435875582305918,0.053356945655018806,True,1.0,reject,pre_step,drift_diffusion_then_jump,iid_bank,8,every_step,True,0.0005215517241379311,0.0048663793103448285,2301.5604851243997,107667,0.0005059612518628912,1.0028595380029806,6.054396423248882e-07,0.0
LSC-CP-RA,"LSC-CP-RA (A=8), tamed",44d6ecf1abcc7ab097c151f5d67417fb,8da7d73e85753d4e79f54062070fbc7b,True,0,2714,13.57,4660467551.798688,582558.443974836,2714.0,694784.0,0.17988306027389775,0.0006577950944908206,0.0002072936854238261,0.029178784108349953,0.015128378370035948,0.02331435626363888,0.494,0.006000000000000005,0.0146819966936295,0.006663679028605651,0.02583694881346226,0.07102517522916829,True,1.0,reject,pre_step,drift_diffusion_then_jump,iid_bank,8,every_step,True,0.0004750000000000001,0.004975000000000002,4226.812749571823,108861,0.0005056190125276345,1.0027726602800295,5.987472365512159e-07,0.0
LSC-CP-RA,"LSC-CP-RA (A=8), tamed",44d6ecf1abcc7ab097c151f5d67417fb,8da7d73e85753d4e79f54062070fbc7b,True,1,2714,13.57,4660467551.798688,582558.443974836,2714.0,694784.0,0.1506691706890004,0.00023517735361433534,-0.0002170971182449133,0.021721339986226357,0.012469773393041663,0.02306906580911127,0.503,0.0030000000000000027,0.0033236312300921455,0.0177753900146147,0.007562020989428865,0.29505044893706056,True,1.0,reject,pre_step,drift_diffusion_then_jump,iid_bank,8,every_step,True,0.0004750000000000001,0.004975000000000002,4226.812749571823,108861,0.0005056190125276345,1.0027726602800295,5.987472365512159e-07,0.0
LSC-CP-RA,"LSC-CP-RA (A=8), tamed",44d6ecf1abcc7ab097c151f5d67417fb,8da7d73e85753d4e79f54062070fbc7b,True,2,2714,13.57,4660467551.798688,582558.443974836,2714.0,694784.0,0.1937311457341977,0.0005913176846623625,0.0001398051489029939,0.032154120727931945,0.015428477598147082,0.026080231140605273,0.4945,0.005500000000000033,0.01770011319758223,0.009865889186106425,0.06095338942731157,0.26168773825589564,True,1.0,reject,pre_step,drift_diffusion_then_jump,iid_bank,8,every_step,True,0.0004750000000000001,0.004975000000000002,4226.812749571823,108861,0.0005056190125276345,1.0027726602800295,5.987472365512159e-07,0.0
LSC-CP-RA,"LSC-CP-RA (A=8), tamed",44d6ecf1abcc7ab097c151f5d67417fb,8da7d73e85753d4e79f54062070fbc7b,True,3,2714,13.57,4660467551.798688,582558.443974836,2714.0,694784.0,0.1351204710085652,0.00015625828487642046,-0.00029556482509451865,0.019944394161672763,0.011613991884927363,0.021817653848557175,0.5045000000000001,0.004500000000000032,0.004321235954190231,0.012543559077201616,0.009431276044561412,0.23370872832381673,True,1.0,reject,pre_step,drift_diffusion_then_jump,iid_bank,8,every_step,True,0.0004750000000000001,0.004975000000000002,4226.812749571823,108861,0.0005056190125276345,1.0027726602800295,5.987472365512159e-07,0.0
LSC-CP-RA,"LSC-CP-RA (A=8), tamed",44d6ecf1abcc7ab097c151f5d67417fb,8da7d73e85753d4e79f54062070fbc7b,True,0,2744,13.72,4711983405.355784,588997.925669473,2744.0,702464.0,0.17678850806074703,0.000429391866437534,-2.2297933174986184e-05,0.029589616390426815,0.013581646341872122,0.02134449756424603,0.497,0.0030000000000000027,0.010033165470046564,0.009754616991599185,0.04111367815522579,0.2147888169076989,True,1.0,reject,pre_step,drift_diffusion_then_jump,iid_bank,8,every_step,True,0.00048750000000000014,0.005033333333333334,4236.398796578709,110069,0.0005054209183673469,1.0028152332361515,5.92201166180758e-07,0.0
LSC-CP-RA,"LSC-CP-RA (A=8), tamed",44d6ecf1abcc7ab097c151f5d67417fb,8da7d73e85753d4e79f54062070fbc7b,True,1,2744,13.72,4711983405.355784,588997.925669473,2744.0,702464.0,0.10158887120015932,0.00018194149789818592,-0.00026857549298919814,0.037778823386994786,0.020699093149672297,0.03260111110307512,0.508,0.008000000000000007,0.017673083303550767,0.006624492170401175,0.01916640913664217,0.12759387982776438,True,1.0,reject,pre_step,drift_diffusion_then_jump,iid_bank,8,every_step,True,0.00048750000000000014,0.005033333333333334,4236.398796578709,110069,0.0005054209183673469,1.0028152332361515,5.92201166180758e-07,0.0
LSC-CP-RA,"LSC-CP-RA (A=8), tamed",44d6ecf1abcc7ab097c151f5d67417fb,8da7d73e85753d4e79f54062070fbc7b,True,2,2744,13.72,4711983405.355784,588997.925669473,2744.0,702464.0,0.12569786289339596,0.00028852786609678827,-0.00016213712362556087,0.030850126540814593,0.014066750185753703,0.020679649970404168,0.5035000000000001,0.003500000000000031,0.0035182181498242095,0.0052985707711367125,0.018455556407140927,0.11063785474996612,True,1.0,reject,pre_step,drift_diffusion_then_jump,iid_bank,8,every_step,True,0.00048750000000000014,0.005033333333333334,4236.398796578709,110069,0.0005054209183673469,1.0028152332361515,5.92201166180758e-07,0.0
LSC-CP-RA,"LSC-CP-RA (A=8), tamed",44d6ecf1abcc7ab097c151f5d67417fb,8da7d73e85753d4e79f54062070fbc7b,True,3,2744,13.72,4711983405.355784,588997.925669473,2744.0,702464.0,0.148104111291561,0.0004122098609684599,-3.856577173921849e-05,0.028595382095036453,0.014021269053108477,0.01733815455330954,0.499,0.0010000000000000009,0.002629238015354647,0.0063814297133216735,0.01004161222999122,0.0841783386927667,True,1.0,reject,pre_step,drift_diffusion_then_jump,iid_bank,8,every_step,True,0.00048750000000000014,0.005033333333333334,4236.398796578709,110069,0.0005054209183673469,1.0028152332361515,5.92201166180758e-07,0.0
LSC-CP-RA,"LSC-CP-RA (A=8), tamed",44d6ecf1abcc7ab097c151f5d67417fb,8da7d73e85753d4e79f54062070fbc7b,True,0,2773,13.865,4761782063.794312,595222.7579742889,2773.0,709888.0,0.17978474588005744,0.0005120692549844819,6.0832415395006834e-05,0.030912503373327516,0.015795315551457263,0.0248225442889083,0.496,0.0040000000000000036,0.006933151435953616,0.003959518038825882,0.0038065254678909385,0.22411373574488513,True,1.0,reject,pre_step,drift_diffusion_then_jump,iid_bank,8,every_step,True,0.00048275862068965545,0.0051853448275862085,1481.5400012791886,111272,0.0005051839163360981,1.0031734583483591,5.860079336458709e-07,0.0
LSC-CP-RA,"LSC-CP-RA (A=8), tamed",44d6ecf1abcc7ab097c151f5d67417fb,8da7d73e85753d4e79f54062070fbc7b,True,1,2773,13.865,4761782063.794312,595222.7579742889,2773.0,709888.0,0.11552707462514522,0.00028097066469312537,-0.00016903914920829433,0.0265338782154535,0.016257482128095652,0.02440866115679609,0.5045000000000001,0.004500000000000032,0.004346770337377316,0.01415070036638233,0.029919557422513277,0.08291818408268525,True,1.0,reject,pre_step,drift_diffusion_then_jump,iid_bank,8,every_step,True,0.00048275862068965545,0.0051853448275862085,1481.5400012791886,111272,0.0005051839163360981,1.0031734583483591,5.860079336458709e-07,0.0
LSC-CP-RA,"LSC-CP-RA (A=8), tamed",44d6ecf1abcc7ab097c151f5d67417fb,8da7d73e85753d4e79f54062070fbc7b,True,2,2773,13.865,4761782063.794312,595222.7579742889,2773.0,709888.0,0.16936582085455826,0.0005398056179792832,8.922936381450253e-05,0.0354537520278595,0.016665841835155237,0.02372453728340098,0.497,0.0030000000000000027,0.0075589833810205875,0.0053850015783605265,0.012971125598953323,0.15909040113707784,True,1.0,reject,pre_step,drift_diffusion_then_jump,iid_bank,8,every_step,True,0.00048275862068965545,0.0051853448275862085,1481.5400012791886,111272,0.0005051839163360981,1.0031734583483591,5.860079336458709e-07,0.0
LSC-CP-RA,"LSC-CP-RA (A=8), tamed",44d6ecf1abcc7ab097c151f5d67417fb,8da7d73e85753d4e79f54062070fbc7b,True,3,2773,13.865,4761782063.794312,595222.7579742889,2773.0,709888.0,0.1553887063729972,0.0003411032061597652,-0.00011048718745643171,0.029533390449872438,0.014687363042280332,0.021460816439078212,0.5015000000000001,0.001500000000000029,0.004585809633536501,0.007907555188975457,0.03229546414205957,0.2385177464662004,True,1.0,reject,pre_step,drift_diffusion_then_jump,iid_bank,8,every_step,True,0.00048275862068965545,0.0051853448275862085,1481.5400012791886,111272,0.0005051839163360981,1.0031734583483591,5.860079336458709e-07,0.0
LSC-CP-RA,"LSC-CP-RA (A=8), tamed",44d6ecf1abcc7ab097c151f5d67417fb,8da7d73e85753d4e79f54062070fbc7b,True,0,2803,14.015,4813297917.351408,601662.239668926,2803.0,717568.0,0.21555200283932405,0.001190227041060532,0.0007401307362832066,0.045008488551320835,0.025634227007814394,0.04013322198767501,0.489,0.01100000000000001,0.0237764897575623,0.0109496890018701,0.023180314867630124,0.15837780851236338,True,1.0,reject,pre_step,drift_diffusion_then_jump,iid_bank,8,every_step,True,0.0005083333333333335,0.005204166666666668,1570.6095803010003,112521,0.0005052176239743133,1.0035765251516233,5.79735997145915e-07,0.0
LSC-CP-RA,"LSC-CP-RA (A=8), tamed",44d6ecf1abcc7ab097c151f5d67417fb,8da7d73e85753d4e79f54062070fbc7b,True,1,2803,14.015,4813297917.351408,601662.239668926,2803.0,717568.0,0.07965378921135989,0.00014176483102090742,-0.00030839319043030056,0.03370359120613431,0.022950843033308414,0.037142383591286715,0.513,0.013000000000000012,0.02665391011283115,0.011162619181439792,0.04061672790590052,0.06482572906085238,True,1.0,reject,pre_step,drift_diffusion_then_jump,iid_bank,8,every_step,True,0.0005083333333333335,0.005204166666666668,1570.6095803010003,112521,0.0005052176239743133,1.0035765251516233,5.79735997145915e-07,0.0
LSC-CP-RA,"LSC-CP-RA (A=8), tamed",44d6ecf1abcc7ab097c151f5d67417fb,8da7d73e85753d4e79f54062070fbc7b,True,2,2803,14.015,4813297917.351408,601662.239668926,2803.0,717568.0,0.13103843343723934,0.0002758436584989754,-0.00017466346290961887,0.03193478050811527,0.01457142832707694,0.019257841249824457,0.5015000000000001,0.001500000000000029,0.007851309579652388,0.00809152281431369,0.015979729935411864,0.08503591964393153,True,1.0,reject,pre_step,drift_diffusion_then_jump,iid_bank,8,every_step,True,0.0005083333333333335,0.005204166666666668,1570.6095803010003,112521,0.0005052176239743133,1.0035765251516233,5.79735997145915e-07,0.0
LSC-CP-RA,"LSC-CP-RA (A=8), tamed",44d6ecf1abcc7ab097c151f5d67417fb,8da7d73e85753d4e79f54062070fbc7b,True,3,2803,14.015,4813297917.351408,601662.239668926,2803.0,717568.0,0.12407287322237984,0.0002063344670794054,-0.0002442943525535757,0.02987201610969714,0.014735636739166388,0.023025009845717623,0.5045000000000001,0.004500000000000032,0.005125791352827651,0.0035792395151545975,0.007488412214387455,0.13403453748783034,True,1.0,reject,pre_step,drift_diffusion_then_jump,iid_bank,8,every_step,True,0.0005083333333333335,0.005204166666666668,1570.6095803010003,112521,0.0005052176239743133,1.0035765251516233,5.79735997145915e-07,0.0
LSC-CP-RA,"LSC-CP-RA (A=8), tamed",44d6ecf1abcc7ab097c151f5d67417fb,8da7d73e85753d4e79f54062070fbc7b,True,0,2833,14.165000000000001,4864813770.908505,608101.7213635632,2833.0,725248.0,0.24490742179454617,0.0018866001918924624,0.0014375481853492467,0.03731454757102892,0.032370132330714084,0.050459225519747554,0.4805,0.01949999999999999,0.04108392865651482,0.023536238958917766,0.05974683702575066,0.0013373538712131428,True,1.0,reject,pre_step,drift_diffusion_then_jump,iid_bank,8,every_step,True,0.0005000000000000002,0.005066666666666667,2940.076895164463,113737,0.0005051623720437699,1.0036798446876103,6.177197317331451e-07,0.0
LSC-CP-RA,"LSC-CP-RA (A=8), tamed",44d6ecf1abcc7ab097c151f5d67417fb,8da7d73e85753d4e79f54062070fbc7b,True,1,2833,14.165000000000001,4864813770.908505,608101.7213635632,2833.0,725248.0,0.11419541896063881,9.391146110160342e-05,-0.00035794575933367767,0.032800477121745164,0.019744332226698094,0.03499511835180162,0.5105000000000001,0.010500000000000037,0.02442099649391895,0.016097719880422856,0.045877766540624546,0.31267816613529786,True,1.0,reject,pre_step,drift_diffusion_then_jump,iid_bank,8,every_step,True,0.0005000000000000002,0.005066666666666667,2940.076895164463,113737,0.0005051623720437699,1.0036798446876103,6.177197317331451e-07,0.0
LSC-CP-RA,"LSC-CP-RA (A=8), tamed",44d6ecf1abcc7ab097c151f5d67417fb,8da7d73e85753d4e79f54062070fbc7b,True,2,2833,14.165000000000001,4864813770.908505,608101.7213635632,2833.0,725248.0,0.16729612180083134,0.0005120581901058019,6.13623829281984e-05,0.026497389821215966,0.014317758468820682,0.020976622321704285,0.4965,0.003500000000000031,0.00325920104148899,0.005490142958267108,0.00516513605867373,0.10216538724984836,True,1.0,reject,pre_step,drift_diffusion_then_jump,iid_bank,8,every_step,True,0.0005000000000000002,0.005066666666666667,2940.076895164463,113737,0.0005051623720437699,1.0036798446876103,6.177197317331451e-07,0.0
LSC-CP-RA,"LSC-CP-RA (A=8), tamed",44d6ecf1abcc7ab097c151f5d67417fb,8da7d73e85753d4e79f54062070fbc7b,True,3,2833,14.165000000000001,4864813770.908505,608101.7213635632,2833.0,725248.0,0.11586993158838427,6.121923116886308e-05,-0.00039004503797102075,0.02399738982121591,0.015443802528984614,0.027102825464794228,0.509,0.009000000000000008,0.016732429395649707,0.011806820063981482,0.029027966436292425,0.3611093716500692,True,1.0,reject,pre_step,drift_diffusion_then_jump,iid_bank,8,every_step,True,0.0005000000000000002,0.005066666666666667,2940.076895164463,113737,0.0005051623720437699,1.0036798446876103,6.177197317331451e-07,0.0
LSC-CP-RA,"LSC-CP-RA (A=8), tamed",44d6ecf1abcc7ab097c151f5d67417fb,8da7d73e85753d4e79f54062070fbc7b,True,0,2862,14.31,4914612429.347033,614326.5536683791,2862.0,732672.0,0.2479107381139659,0.0017469830761985827,0.0012972242667012024,0.039347873647024634,0.031670131814666914,0.05184708162619482,0.4815,0.01849999999999999,0.03684720950677352,0.014262568714210722,0.05401972035508256,0.0906184464451737,True,1.0,reject,pre_step,drift_diffusion_then_jump,iid_bank,8,every_step,True,0.0005000000000000002,0.005224137931034483,4409.606801643844,114949,0.0005051100628930817,1.00409678546471,6.114605171208945e-07,0.0
LSC-CP-RA,"LSC-CP-RA (A=8), tamed",44d6ecf1abcc7ab097c151f5d67417fb,8da7d73e85753d4e79f54062070fbc7b,True,1,2862,14.31,4914612429.347033,614326.5536683791,2862.0,732672.0,0.14134597271479216,0.0003369738120913013,-0.00011335924459998648,0.04270496778545918,0.020492854604777483,0.028817932652298872,0.5045000000000001,0.004500000000000032,0.015668586981548396,0.004127393760448461,0.09775928614185433,0.25857393124353856,True,1.0,reject,pre_step,drift_diffusion_then_jump,iid_bank,8,every_step,True,0.0005000000000000002,0.005224137931034483,4409.606801643844,114949,0.0005051100628930817,1.00409678546471,6.114605171208945e-07,0.0
LSC-CP-RA,"LSC-CP-RA (A=8), tamed",44d6ecf1abcc7ab097c151f5d67417fb,8da7d73e85753d4e79f54062070fbc7b,True,2,2862,14.31,4914612429.347033,614326.5536683791,2862.0,732672.0,0.17817632326666102,0.0006231497347031212,0.0001726219376141369,0.03168791751653255,0.016883303608482236,0.025300476786401765,0.496,0.0040000000000000036,0.0045088940093709505,0.005586812068046787,0.04244806039306511,0.1470234234851212,True,1.0,reject,pre_step,drift_diffusion_then_jump,iid_bank,8,every_step,True,0.0005000000000000002,0.005224137931034483,4409.606801643844,114949,0.0005051100628930817,1.00409678546471,6.114605171208945e-07,0.0
LSC-CP-RA,"LSC-CP-RA (A=8), tamed",44d6ecf1abcc7ab097c151f5d67417fb,8da7d73e85753d4e79f54062070fbc7b,True,3,2862,14.31,4914612429.347033,614326.5536683791,2862.0,732672.0,0.13049715469189338,0.00030639148792388493,-0.0001438996933982306,0.026643965260943342,0.01589847855500984,0.02443972480790505,0.504,0.0040000000000000036,0.009442133287255773,0.007359521016554682,0.040881945598876736,0.16221699670396783,True,1.0,reject,pre_step,drift_diffusion_then_jump,iid_bank,8,every_step,True,0.0005000000000000002,0.005224137931034483,4409.606801643844,114949,0.0005051100628930817,1.00409678546471,6.114605171208945e-07,0.0
LSC-CP-RA,"LSC-CP-RA (A=8), tamed",44d6ecf1abcc7ab097c151f5d67417fb,8da7d73e85753d4e79f54062070fbc7b,True,0,2892,14.46,4966128282.904129,620766.0353630162,2892.0,740352.0,0.2244741329288743,0.0011756688714104069,0.0007245052257180973,0.028006668892789133,0.021498349863852666,0.03748967665951783,0.4875,0.012499999999999983,0.01851566754288104,0.003708092720373646,0.026066116080278316,0.19529764369347868,True,1.0,reject,pre_step,drift_diffusion_then_jump,iid_bank,8,every_step,True,0.0005625000000000002,0.005200000000000001,4313.144418314024,116197,0.0005057053941908714,1.004469225449516,6.051175656984785e-07,0.0
LSC-CP-RA,"LSC-CP-RA (A=8), tamed",44d6ecf1abcc7ab097c151f5d67417fb,8da7d73e85753d4e79f54062070fbc7b,True,1,2892,14.46,4966128282.904129,620766.0353630162,2892.0,740352.0,0.12178117320038881,0.00018638887534550008,-0.00026392130839769656,0.027012079967890124,0.013804690046673698,0.02031923624273631,0.504,0.0040000000000000036,0.01063971537359945,0.006305618880133479,0.010928985996877617,0.11390873942735091,True,1.0,reject,pre_step,drift_diffusion_then_jump,iid_bank,8,every_step,True,0.0005625000000000002,0.005200000000000001,4313.144418314024,116197,0.0005057053941908714,1.004469225449516,6.051175656984785e-07,0.0
LSC-CP-RA,"LSC-CP-RA (A=8), tamed",44d6ecf1abcc7ab097c151f5d67417fb,8da7d73e85753d4e79f54062070fbc7b,True,2,2892,14.46,4966128282.904129,620766.0353630162,2892.0,740352.0,0.16208492062181895,0.0004693099908316123,1.868402592919427e-05,0.034451792173121776,0.015744312073209737,0.02098101653517222,0.499,0.0010000000000000009,0.004072346942582195,0.004713276254016074,0.004673486349462262,0.1540618834087265,True,1.0,reject,pre_step,drift_diffusion_then_jump,iid_bank,8,every_step,True,0.0005625000000000002,0.005200000000000001,4313.144418314024,116197,0.0005057053941908714,1.004469225449516,6.051175656984785e-07,0.0
LSC-CP-RA,"LSC-CP-RA (A=8), tamed",44d6ecf1abcc7ab097c151f5d67417fb,8da7d73e85753d4e79f54062070fbc7b,True,3,2892,14.46,4966128282.904129,620766.0353630162,2892.0,740352.0,0.13693041956526722,0.0004183947053049142,-3.182447862382087e-05,0.03689203373149316,0.024042249553720627,0.03501421171192853,0.5045000000000001,0.004500000000000032,0.011466854436357001,0.009701305715625552,0.01552681672984028,0.21371796204775506,True,1.0,reject,pre_step,drift_diffusion_then_jump,iid_bank,8,every_step,True,0.0005625000000000002,0.005200000000000001,4313.144418314024,116197,0.0005057053941908714,1.004469225449516,6.051175656984785e-07,0.0
LSC-CP-RA,"LSC-CP-RA (A=8), tamed",44d6ecf1abcc7ab097c151f5d67417fb,8da7d73e85753d4e79f54062070fbc7b,True,0,2922,14.61,5017644136.4612255,627205.5170576532,2922.0,748032.0,0.26065278683294557,0.0022206085089421235,0.0017710927790151043,0.03650806646856397,0.03389039702634925,0.05230039413020883,0.47750000000000004,0.022499999999999964,0.04378770449200998,0.01482091638858618,0.037364951179181156,0.028499711796381555,True,1.0,reject,pre_step,drift_diffusion_then_jump,iid_bank,8,every_step,True,0.0005541666666666668,0.004954166666666668,884.1438259277768,117386,0.0005062029431895962,1.0043292265571526,5.989048596851472e-07,0.0
LSC-CP-RA,"LSC-CP-RA (A=8), tamed",44d6ecf1abcc7ab097c151f5d67417fb,8da7d73e85753d4e79f54062070fbc7b,True,1,2922,14.61,5017644136.4612255,627205.5170576532,2922.0,748032.0,0.17400163715344694,0.0006099093902084407,0.00015965483260960145,0.027308929755733846,0.013983942117757189,0.02156284585068095,0.494,0.006000000000000005,0.01312341658761451,0.010385670924986545,0.02327711416656022,0.043697450350552836,True,1.0,reject,pre_step,drift_diffusion_then_jump,iid_bank,8,every_step,True,0.0005541666666666668,0.004954166666666668,884.1438259277768,117386,0.0005062029431895962,1.0043292265571526,5.989048596851472e-07,0.0
LSC-CP-RA,"LSC-CP-RA (A=8), tamed",44d6ecf1abcc7ab097c151f5d67417fb,8da7d73e85753d4e79f54062070fbc7b,True,2,2922,14.61,5017644136.4612255,627205.5170576532,2922.0,748032.0,0.10601442615085224,0.0002513557619497897,-0.0001981760482586692,0.030181906478460196,0.018815878836352686,0.026407722083023062,0.505,0.0050000000000000044,0.010300077294639302,0.01961627805136512,0.006014980966314933,0.03560705570394307,True,1.0,reject,pre_step,drift_diffusion_then_jump,iid_bank,8,every_step,True,0.0005541666666666668,0.004954166666666668,884.1438259277768,117386,0.0005062029431895962,1.0043292265571526,5.989048596851472e-07,0.0
LSC-CP-RA,"LSC-CP-RA (A=8), tamed",44d6ecf1abcc7ab097c151f5d67417fb,8da7d73e85753d4e79f54062070fbc7b,True,3,2922,14.61,5017644136.4612255,627205.5170576532,2922.0,748032.0,0.16851647343861711,0.0005337628254049598,8.28728943367274e-05,0.03581223441524839,0.02013408281995769,0.02763086192902456,0.4995,0.0005000000000000282,0.0006346755738271696,0.00305508994235848,0.011498477238453255,0.22334641209885164,True,1.0,reject,pre_step,drift_diffusion_then_jump,iid_bank,8,every_step,True,0.0005541666666666668,0.004954166666666668,884.1438259277768,117386,0.0005062029431895962,1.0043292265571526,5.989048596851472e-07,0.0
LSC-CP-RA,"LSC-CP-RA (A=8), tamed",44d6ecf1abcc7ab097c151f5d67417fb,8da7d73e85753d4e79f54062070fbc7b,True,0,2952,14.76,5069159990.018322,633644.9987522903,2952.0,755712.0,0.21811838311636586,0.001144027848413276,0.0006939227455966535,0.032610287484632516,0.02188175235184701,0.035101493713034726,0.4865,0.013499999999999984,0.02837833169657657,0.01014413772624534,0.05114984894470941,0.07128495630310738,True,1.0,reject,pre_step,drift_diffusion_then_jump,iid_bank,8,every_step,True,0.0005041666666666669,0.005000000000000001,1937.91757732483,118586,0.0005061822493224932,1.0042852303523035,6.351626016260163e-07,0.0
LSC-CP-RA,"LSC-CP-RA (A=8), tamed",44d6ecf1abcc7ab097c151f5d67417fb,8da7d73e85753d4e79f54062070fbc7b,True,1,2952,14.76,5069159990.018322,633644.9987522903,2952.0,755712.0,0.17092231779548986,0.0006292736164125179,0.00017919084025841414,0.03834713085331509,0.018383779343781055,0.02602025406368948,0.4965,0.003500000000000031,0.004122440760141708,0.012973220529160612,0.016403904636945014,0.10747079717477404,True,1.0,reject,pre_step,drift_diffusion_then_jump,iid_bank,8,every_step,True,0.0005041666666666669,0.005000000000000001,1937.91757732483,118586,0.0005061822493224932,1.0042852303523035,6.351626016260163e-07,0.0
LSC-CP-RA,"LSC-CP-RA (A=8), tamed",44d6ecf1abcc7ab097c151f5d67417fb,8da7d73e85753d4e79f54062070fbc7b,True,2,2952,14.76,5069159990.018322,633644.9987522903,2952.0,755712.0,0.20405793563294702,0.0009650812497471462,0.0005143069605072492,0.03791221621003399,0.020310113519960246,0.03221412869917413,0.49,0.010000000000000009,0.020999783754016118,0.0048632615876460505,0.020359590048764743,0.10534244617736699,True,1.0,reject,pre_step,drift_diffusion_then_jump,iid_bank,8,every_step,True,0.0005041666666666669,0.005000000000000001,1937.91757732483,118586,0.0005061822493224932,1.0042852303523035,6.351626016260163e-07,0.0
LSC-CP-RA,"LSC-CP-RA (A=8), tamed",44d6ecf1abcc7ab097c151f5d67417fb,8da7d73e85753d4e79f54062070fbc7b,True,3,2952,14.76,5069159990.018322,633644.9987522903,2952.0,755712.0,0.11986019191893288,0.0002575163683807835,-0.00019247119295284776,0.03263561232764123,0.015591253515924736,0.020297640220958143,0.5035000000000001,0.003500000000000031,0.012917086386738939,0.012548532535539558,0.05597180162944229,0.06525191203878788,True,1.0,reject,pre_step,drift_diffusion_then_jump,iid_bank,8,every_step,True,0.0005041666666666669,0.005000000000000001,1937.91757732483,118586,0.0005061822493224932,1.0042852303523035,6.351626016260163e-07,0.0
LSC-CP-RA,"LSC-CP-RA (A=8), tamed",44d6ecf1abcc7ab097c151f5d67417fb,8da7d73e85753d4e79f54062070fbc7b,True,0,2981,14.905000000000001,5118958648.456849,639869.8310571061,2981.0,763136.0,0.2459406922724982,0.0017357628779707257,0.0012857707345003133,0.034612881744568835,0.02948805582160654,0.047810566246845654,0.482,0.018000000000000016,0.034448746460065675,0.008761994896880565,0.019053951162987134,0.0975447935868502,True,1.0,reject,pre_step,drift_diffusion_then_jump,iid_bank,8,every_step,True,0.0005560344827586208,0.005086206896551725,3204.1454769852876,119766,0.0005066672257631668,1.0044112713854412,6.289835625628984e-07,0.0
LSC-CP-RA,"LSC-CP-RA (A=8), tamed",44d6ecf1abcc7ab097c151f5d67417fb,8da7d73e85753d4e79f54062070fbc7b,True,1,2981,14.905000000000001,5118958648.456849,639869.8310571061,2981.0,763136.0,0.18226981722940053,0.0005795918500400843,0.00012874003069252016,0.0316915728482795,0.017407259368066613,0.0270976285603071,0.496,0.0040000000000000036,0.0003093991929910828,0.00044327000247024184,0.03282137132394359,0.2297016537428055,True,1.0,reject,pre_step,drift_diffusion_then_jump,iid_bank,8,every_step,True,0.0005560344827586208,0.005086206896551725,3204.1454769852876,119766,0.0005066672257631668,1.0044112713854412,6.289835625628984e-07,0.0
LSC-CP-RA,"LSC-CP-RA (A=8), tamed",44d6ecf1abcc7ab097c151f5d67417fb,8da7d73e85753d4e79f54062070fbc7b,True,2,2981,14.905000000000001,5118958648.456849,639869.8310571061,2981.0,763136.0,0.2668330356488424,0.002094101709238516,0.0016435440149810132,0.04483533943610474,0.034937769072670176,0.05731839668279251,0.47800000000000004,0.021999999999999992,0.04789972798533519,0.0002577375078425259,0.08254788286578427,0.21939625141018781,True,1.0,reject,pre_step,drift_diffusion_then_jump,iid_bank,8,every_step,True,0.0005560344827586208,0.005086206896551725,3204.1454769852876,119766,0.0005066672257631668,1.0044112713854412,6.289835625628984e-07,0.0
LSC-CP-RA,"LSC-CP-RA (A=8), tamed",44d6ecf1abcc7ab097c151f5d67417fb,8da7d73e85753d4e79f54062070fbc7b,True,3,2981,14.905000000000001,5118958648.456849,639869.8310571061,2981.0,763136.0,0.09379107259520074,0.00024650242306745174,-0.0002031516627054586,0.035131354252154634,0.020206035116974618,0.030408017564807006,0.5075000000000001,0.007500000000000034,0.015862179851897012,0.01765659574331624,0.030857568157950637,0.06662607136812138,True,1.0,reject,pre_step,drift_diffusion_then_jump,iid_bank,8,every_step,True,0.0005560344827586208,0.005086206896551725,3204.1454769852876,119766,0.0005066672257631668,1.0044112713854412,6.289835625628984e-07,0.0
LSC-CP-RA,"LSC-CP-RA (A=8), tamed",44d6ecf1abcc7ab097c151f5d67417fb,8da7d73e85753d4e79f54062070fbc7b,True,0,3011,15.055,5170474502.013947,646309.3127517434,3011.0,770816.0,0.2095392854406442,0.001008611472165577,0.0005581954335645012,0.0300807918793968,0.019809545989098225,0.030559147881729767,0.488,0.01200000000000001,0.026292678316152597,0.006550838402143544,0.05151162719746055,0.06731127093519185,True,1.0,reject,pre_step,drift_diffusion_then_jump,iid_bank,8,every_step,True,0.0004500000000000001,0.005179166666666668,1948.921985045177,121009,0.0005061026237130522,1.004724344071737,6.227167054134839e-07,0.0
LSC-CP-RA,"LSC-CP-RA (A=8), tamed",44d6ecf1abcc7ab097c151f5d67417fb,8da7d73e85753d4e79f54062070fbc7b,True,1,3011,15.055,5170474502.013947,646309.3127517434,3011.0,770816.0,0.27405426164397895,0.0022183572730953838,0.001768100264785022,0.035305257108172616,0.03483476801071406,0.05668810473414555,0.47650000000000003,0.023499999999999965,0.04862657673454642,0.0022131316300048054,0.06536269345425982,0.170753717486812,True,1.0,reject,pre_step,drift_diffusion_then_jump,iid_bank,8,every_step,True,0.0004500000000000001,0.005179166666666668,1948.921985045177,121009,0.0005061026237130522,1.004724344071737,6.227167054134839e-07,0.0
LSC-CP-RA,"LSC-CP-RA (A=8), tamed",44d6ecf1abcc7ab097c151f5d67417fb,8da7d73e85753d4e79f54062070fbc7b,True,2,3011,15.055,5170474502.013947,646309.3127517434,3011.0,770816.0,0.19032472333526473,0.0006839129308324754,0.00023249814603909513,0.032118352489463264,0.016941948591326226,0.027449294415610496,0.495,0.0050000000000000044,0.013707362712442687,0.006025606985087806,0.009622253399745172,0.2116597390812064,True,1.0,reject,pre_step,drift_diffusion_then_jump,iid_bank,8,every_step,True,0.0004500000000000001,0.005179166666666668,1948.921985045177,121009,0.0005061026237130522,1.004724344071737,6.227167054134839e-07,0.0
LSC-CP-RA,"LSC-CP-RA (A=8), tamed",44d6ecf1abcc7ab097c151f5d67417fb,8da7d73e85753d4e79f54062070fbc7b,True,3,3011,15.055,5170474502.013947,646309.3127517434,3011.0,770816.0,0.10759405027546046,0.000167988373390493,-0.0002826327407337015,0.027791078223572185,0.016299250424081237,0.027928495982731436,0.508,0.008000000000000007,0.013642274390099464,0.0018604418677060641,0.020972193174308273,0.18089491316394224,True,1.0,reject,pre_step,drift_diffusion_then_jump,iid_bank,8,every_step,True,0.0004500000000000001,0.005179166666666668,1948.921985045177,121009,0.0005061026237130522,1.004724344071737,6.227167054134839e-07,0.0
LSC-CP-RA,"LSC-CP-RA (A=8), tamed",44d6ecf1abcc7ab097c151f5d67417fb,8da7d73e85753d4e79f54062070fbc7b,True,0,3041,15.205,5221990355.571043,652748.7944463803,3041.0,778496.0,0.22032282323692776,0.0010074824537915639,0.0005557883013732612,0.03304678297069499,0.018977218767235425,0.033272243129547324,0.4905,0.009500000000000036,0.016098051221360925,0.01567846201688694,0.05148039405613393,0.32391794642212146,True,1.0,reject,pre_step,drift_diffusion_then_jump,iid_bank,8,every_step,True,0.0005166666666666668,0.004966666666666668,2469.2292816902705,122201,0.0005062068398553108,1.004611969746794,6.165734955606708e-07,0.0
LSC-CP-RA,"LSC-CP-RA (A=8), tamed",44d6ecf1abcc7ab097c151f5d67417fb,8da7d73e85753d4e79f54062070fbc7b,True,1,3041,15.205,5221990355.571043,652748.7944463803,3041.0,778496.0,0.26743406906468387,0.002510602668654993,0.002061642494049165,0.03604160485128183,0.03616901334944271,0.055040132895729295,0.47450000000000003,0.025499999999999967,0.04608702387865218,0.020689484946046166,0.02567884389968985,0.004718804284045253,True,1.0,reject,pre_step,drift_diffusion_then_jump,iid_bank,8,every_step,True,0.0005166666666666668,0.004966666666666668,2469.2292816902705,122201,0.0005062068398553108,1.004611969746794,6.165734955606708e-07,0.0
LSC-CP-RA,"LSC-CP-RA (A=8), tamed",44d6ecf1abcc7ab097c151f5d67417fb,8da7d73e85753d4e79f54062070fbc7b,True,2,3041,15.205,5221990355.571043,652748.7944463803,3041.0,778496.0,0.21955252913625872,0.0007535630652745207,0.0003011387808674604,0.02986936990947174,0.01781537166320557,0.03403249689935195,0.492,0.008000000000000007,0.01827060619565705,0.02380951223522887,0.0397339999852796,0.38697183639675703,True,1.0,reject,pre_step,drift_diffusion_then_jump,iid_bank,8,every_step,True,0.0005166666666666668,0.004966666666666668,2469.2292816902705,122201,0.0005062068398553108,1.004611969746794,6.165734955606708e-07,0.0
LSC-CP-RA,"LSC-CP-RA (A=8), tamed",44d6ecf1abcc7ab097c151f5d67417fb,8da7d73e85753d4e79f54062070fbc7b,True,3,3041,15.205,5221990355.571043,652748.7944463803,3041.0,778496.0,0.17585116083734068,0.0004315800078907861,-2.0000423802568612e-05,0.02849633324251348,0.012787947853909073,0.019516355432930867,0.497,0.0030000000000000027,0.0073124385422920135,0.011288820920569043,0.00036439281636953377,0.2202673132199241,True,1.0,reject,pre_step,drift_diffusion_then_jump,iid_bank,8,every_step,True,0.0005166666666666668,0.004966666666666668,2469.2292816902705,122201,0.0005062068398553108,1.004611969746794,6.165734955606708e-07,0.0
LSC-CP-RA,"LSC-CP-RA (A=8), tamed",44d6ecf1abcc7ab097c151f5d67417fb,8da7d73e85753d4e79f54062070fbc7b,True,0,3070,15.35,5271789014.00957,658973.6267511962,3070.0,785920.0,0.18959208617110296,0.0005477087030951733,9.610499737389144e-05,0.025376770841981422,0.01426872582826347,0.024486073294340403,0.4965,0.003500000000000031,0.0024089858597833845,0.012887357772519148,0.031037649914449444,0.3175263683525372,True,1.0,reject,pre_step,drift_diffusion_then_jump,iid_bank,8,every_step,True,0.0004396551724137933,0.00490948275862069,3038.9701757352927,123340,0.0005055781758957655,1.0043973941368078,6.107491856677524e-07,0.0
LSC-CP-RA,"LSC-CP-RA (A=8), tamed",44d6ecf1abcc7ab097c151f5d67417fb,8da7d73e85753d4e79f54062070fbc7b,True,1,3070,15.35,5271789014.00957,658973.6267511962,3070.0,785920.0,0.26019972412727077,0.0019851861301276585,0.0015344570837627636,0.03043154703747919,0.030486412536238384,0.05041850029513949,0.47950000000000004,0.020499999999999963,0.03565105745460083,0.0011430877830751474,0.013228604632494118,0.1678912314636788,True,1.0,reject,pre_step,drift_diffusion_then_jump,iid_bank,8,every_step,True,0.0004396551724137933,0.00490948275862069,3038.9701757352927,123340,0.0005055781758957655,1.0043973941368078,6.107491856677524e-07,0.0
LSC-CP-RA,"LSC-CP-RA (A=8), tamed",44d6ecf1abcc7ab097c151f5d67417fb,8da7d73e85753d4e79f54062070fbc7b,True,2,3070,15.35,5271789014.00957,658973.6267511962,3070.0,785920.0,0.2377632839745046,0.0015092807248354712,0.0010584069555769071,0.03290021858826345,0.026822945537969215,0.043786497890082654,0.483,0.017000000000000015,0.03524494619658338,0.0010497710315445774,0.06085288182354085,0.12856715197832036,True,1.0,reject,pre_step,drift_diffusion_then_jump,iid_bank,8,every_step,True,0.0004396551724137933,0.00490948275862069,3038.9701757352927,123340,0.0005055781758957655,1.0043973941368078,6.107491856677524e-07,0.0
LSC-CP-RA,"LSC-CP-RA (A=8), tamed",44d6ecf1abcc7ab097c151f5d67417fb,8da7d73e85753d4e79f54062070fbc7b,True,3,3070,15.35,5271789014.00957,658973.6267511962,3070.0,785920.0,0.14439887334573814,0.00025767693483480514,-0.0001935765413839663,0.03155541824683114,0.017396878475568246,0.028446971238279897,0.5045000000000001,0.004500000000000032,0.0043877477521256595,0.005866031659186199,0.01788758907479138,0.2688142941420574,True,1.0,reject,pre_step,drift_diffusion_then_jump,iid_bank,8,every_step,True,0.0004396551724137933,0.00490948275862069,3038.9701757352927,123340,0.0005055781758957655,1.0043973941368078,6.107491856677524e-07,0.0
LSC-CP-RA,"LSC-CP-RA (A=8), tamed",44d6ecf1abcc7ab097c151f5d67417fb,8da7d73e85753d4e79f54062070fbc7b,True,0,3100,15.5,5323304867.566667,665413.1084458333,3100.0,793600.0,0.20570312971204108,0.0010775030080817372,0.0006273683144161213,0.0366982267283143,0.023877222740543623,0.0368251816316323,0.4895,0.010500000000000037,0.02267584555531709,0.013881445405092507,0.0354073459997611,0.0846110044390781,True,1.0,reject,pre_step,drift_diffusion_then_jump,iid_bank,8,every_step,True,0.0005666666666666669,0.0052875000000000005,4746.449900730188,124609,0.0005061693548387096,1.0049112903225808,6.451612903225806e-07,0.0
LSC-CP-RA,"LSC-CP-RA (A=8), tamed",44d6ecf1abcc7ab097c151f5d67417fb,8da7d73e85753d4e79f54062070fbc7b,True,1,3100,15.5,5323304867.566667,665413.1084458333,3100.0,793600.0,0.2800544157724058,0.0021298095747103174,0.001677901231559864,0.026951646696068254,0.03170171072156183,0.05511887876104619,0.47750000000000004,0.022499999999999964,0.04034234047672148,0.022904919644555988,0.0003597348811966081,0.34871976806162797,True,1.0,reject,pre_step,drift_diffusion_then_jump,iid_bank,8,every_step,True,0.0005666666666666669,0.0052875000000000005,4746.449900730188,124609,0.0005061693548387096,1.0049112903225808,6.451612903225806e-07,0.0
LSC-CP-RA,"LSC-CP-RA (A=8), tamed",44d6ecf1abcc7ab097c151f5d67417fb,8da7d73e85753d4e79f54062070fbc7b,True,2,3100,15.5,5323304867.566667,665413.1084458333,3100.0,793600.0,0.24784584388409536,0.0013677272949209618,0.0009168256074105763,0.03750071394565668,0.02854029446789422,0.049212437969097175,0.483,0.017000000000000015,0.029369447667003407,0.0010988592425181798,0.07410974273926324,0.22900842056923898,True,1.0,reject,pre_step,drift_diffusion_then_jump,iid_bank,8,every_step,True,0.0005666666666666669,0.0052875000000000005,4746.449900730188,124609,0.0005061693548387096,1.0049112903225808,6.451612903225806e-07,0.0
LSC-CP-RA,"LSC-CP-RA (A=8), tamed",44d6ecf1abcc7ab097c151f5d67417fb,8da7d73e85753d4e79f54062070fbc7b,True,3,3100,15.5,5323304867.566667,665413.1084458333,3100.0,793600.0,0.13198589537730937,0.0003416328212030306,-0.00010888507436312977,0.037473135169535765,0.02050786710875477,0.03051514453968415,0.505,0.0050000000000000044,0.009863818562127072,0.00687626406137154,0.009102818533378736,0.178188657551554,True,1.0,reject,pre_step,drift_diffusion_then_jump,iid_bank,8,every_step,True,0.0005666666666666669,0.0052875000000000005,4746.449900730188,124609,0.0005061693548387096,1.0049112903225808,6.451612903225806e-07,0.0
LSC-CP-RA,"LSC-CP-RA (A=8), tamed",44d6ecf1abcc7ab097c151f5d67417fb,8da7d73e85753d4e79f54062070fbc7b,True,0,3130,15.65,5374820721.123763,671852.5901404704,3130.0,801280.0,0.20167071654227178,0.0008021175501817801,0.00035174037827234717,0.02723523931904226,0.019050040707740305,0.03129090021082783,0.4905,0.009500000000000036,0.01992595512845019,0.008322435651119897,0.06258625001661472,0.10687668596715938,True,1.0,reject,pre_step,drift_diffusion_then_jump,iid_bank,8,every_step,True,0.0005541666666666669,0.005054166666666668,1397.4458028878594,125822,0.000506629392971246,1.0049680511182109,6.389776357827476e-07,0.0
LSC-CP-RA,"LSC-CP-RA (A=8), tamed",44d6ecf1abcc7ab097c151f5d67417fb,8da7d73e85753d4e79f54062070fbc7b,True,1,3130,15.65,5374820721.123763,671852.5901404704,3130.0,801280.0,0.2314026427221615,0.0013701706187129181,0.0009197372825023864,0.03129968506612163,0.025126902284100514,0.04204431208562369,0.4855,0.014499999999999985,0.026151130925482897,0.005379955973610406,0.01958971203020677,0.14461686048620914,True,1.0,reject,pre_step,drift_diffusion_then_jump,iid_bank,8,every_step,True,0.0005541666666666669,0.005054166666666668,1397.4458028878594,125822,0.000506629392971246,1.0049680511182109,6.389776357827476e-07,0.0
LSC-CP-RA,"LSC-CP-RA (A=8), tamed",44d6ecf1abcc7ab097c151f5d67417fb,8da7d73e85753d4e79f54062070fbc7b,True,2,3130,15.65,5374820721.123763,671852.5901404704,3130.0,801280.0,0.25157441946689707,0.0018415564461546907,0.0013917026128280607,0.04362160127004025,0.031434961721163175,0.05084672101433499,0.4805,0.01949999999999999,0.034651462029811245,0.010535675705371172,0.019535290435144608,0.12528612088419477,True,1.0,reject,pre_step,drift_diffusion_then_jump,iid_bank,8,every_step,True,0.0005541666666666669,0.005054166666666668,1397.4458028878594,125822,0.000506629392971246,1.0049680511182109,6.389776357827476e-07,0.0
LSC-CP-RA,"LSC-CP-RA (A=8), tamed",44d6ecf1abcc7ab097c151f5d67417fb,8da7d73e85753d4e79f54062070fbc7b,True,3,3130,15.65,5374820721.123763,671852.5901404704,3130.0,801280.0,0.17167743998515464,0.0007745555983696972,0.0003249171935411077,0.04689307425813663,0.0241607478441647,0.030930385155760933,0.4975,0.00250000000000003,0.010384276376794106,0.0181150872940099,0.03380974691964816,0.15707404448751106,True,1.0,reject,pre_step,drift_diffusion_then_jump,iid_bank,8,every_step,True,0.0005541666666666669,0.005054166666666668,1397.4458028878594,125822,0.000506629392971246,1.0049680511182109,6.389776357827476e-07,0.0
LSC-CP-RA,"LSC-CP-RA (A=8), tamed",44d6ecf1abcc7ab097c151f5d67417fb,8da7d73e85753d4e79f54062070fbc7b,True,0,3159,15.795,5424619379.56229,678077.4224452863,3159.0,808704.0,0.23287118668539694,0.001167124482456594,0.0007154076907384121,0.03765412072793195,0.023524268668355806,0.04099967180239429,0.487,0.013000000000000012,0.031193034867164657,0.01216144794274543,0.05841268028889706,0.2583669554771787,True,1.0,reject,pre_step,drift_diffusion_then_jump,iid_bank,8,every_step,True,0.0004827586206896553,0.005081896551724139,4844.558103254865,127001,0.0005064102564102564,1.0050728078505857,6.331117442228554e-07,0.0
LSC-CP-RA,"LSC-CP-RA (A=8), tamed",44d6ecf1abcc7ab097c151f5d67417fb,8da7d73e85753d4e79f54062070fbc7b,True,1,3159,15.795,5424619379.56229,678077.4224452863,3159.0,808704.0,0.25546641122641195,0.0015338174532286697,0.0010823403793663866,0.033745924298823726,0.027577162445736856,0.0493013052248691,0.482,0.018000000000000016,0.03440523641841713,0.010991893123915353,0.06223200332573778,0.27374928015895506,True,1.0,reject,pre_step,drift_diffusion_then_jump,iid_bank,8,every_step,True,0.0004827586206896553,0.005081896551724139,4844.558103254865,127001,0.0005064102564102564,1.0050728078505857,6.331117442228554e-07,0.0
LSC-CP-RA,"LSC-CP-RA (A=8), tamed",44d6ecf1abcc7ab097c151f5d67417fb,8da7d73e85753d4e79f54062070fbc7b,True,2,3159,15.795,5424619379.56229,678077.4224452863,3159.0,808704.0,0.23605157661450527,0.0014392756006649243,0.0009886948908645055,0.035864502609659676,0.026720826421693274,0.043653041499533286,0.484,0.016000000000000014,0.03226811078895537,0.004483687941907455,0.04527692274136962,0.13039237174610763,True,1.0,reject,pre_step,drift_diffusion_then_jump,iid_bank,8,every_step,True,0.0004827586206896553,0.005081896551724139,4844.558103254865,127001,0.0005064102564102564,1.0050728078505857,6.331117442228554e-07,0.0
LSC-CP-RA,"LSC-CP-RA (A=8), tamed",44d6ecf1abcc7ab097c151f5d67417fb,8da7d73e85753d4e79f54062070fbc7b,True,3,3159,15.795,5424619379.56229,678077.4224452863,3159.0,808704.0,0.18071326410508462,0.000774405509259446,0.00032407541529166917,0.03721811552304638,0.019734470468072127,0.029947392971971954,0.4945,0.005500000000000033,0.010386720393057228,0.011229130719808245,0.0006848519424785261,0.11320717049275142,True,1.0,reject,pre_step,drift_diffusion_then_jump,iid_bank,8,every_step,True,0.0004827586206896553,0.005081896551724139,4844.558103254865,127001,0.0005064102564102564,1.0050728078505857,6.331117442228554e-07,0.0
LSC-CP-RA,"LSC-CP-RA (A=8), tamed",44d6ecf1abcc7ab097c151f5d67417fb,8da7d73e85753d4e79f54062070fbc7b,True,0,3189,15.945,5476135233.119387,684516.9041399233,3189.0,816384.0,0.23522242869228516,0.0013906588980049372,0.0009402324846944365,0.03232571888581376,0.025882167134813613,0.04288224402440259,0.484,0.016000000000000014,0.033151751538356915,0.004433980281993599,0.059187765271882485,0.12697105896956107,True,1.0,reject,pre_step,drift_diffusion_then_jump,iid_bank,8,every_step,True,0.00047500000000000016,0.004858333333333335,4233.277499987853,128167,0.0005061147695202258,1.0047585449984322,6.271558482282847e-07,0.0
LSC-CP-RA,"LSC-CP-RA (A=8), tamed",44d6ecf1abcc7ab097c151f5d67417fb,8da7d73e85753d4e79f54062070fbc7b,True,1,3189,15.945,5476135233.119387,684516.9041399233,3189.0,816384.0,0.2164173540205478,0.0010768426508652729,0.0006266956808416158,0.030094390606690502,0.023588789608647538,0.0389127570130821,0.4885,0.011500000000000038,0.0210839334791825,0.010356122005035107,0.034828908971511446,0.15957726478903045,True,1.0,reject,pre_step,drift_diffusion_then_jump,iid_bank,8,every_step,True,0.00047500000000000016,0.004858333333333335,4233.277499987853,128167,0.0005061147695202258,1.0047585449984322,6.271558482282847e-07,0.0
LSC-CP-RA,"LSC-CP-RA (A=8), tamed",44d6ecf1abcc7ab097c151f5d67417fb,8da7d73e85753d4e79f54062070fbc7b,True,2,3189,15.945,5476135233.119387,684516.9041399233,3189.0,816384.0,0.1888354043550873,0.0007000102827828814,0.00024923136426302506,0.029446018597467677,0.016500202410949665,0.02735801505814681,0.493,0.007000000000000006,0.013404495800886188,0.0037556125753350766,0.017339915647375335,0.11911682424784364,True,1.0,reject,pre_step,drift_diffusion_then_jump,iid_bank,8,every_step,True,0.00047500000000000016,0.004858333333333335,4233.277499987853,128167,0.0005061147695202258,1.0047585449984322,6.271558482282847e-07,0.0
LSC-CP-RA,"LSC-CP-RA (A=8), tamed",44d6ecf1abcc7ab097c151f5d67417fb,8da7d73e85753d4e79f54062070fbc7b,True,3,3189,15.945,5476135233.119387,684516.9041399233,3189.0,816384.0,0.2070743576035585,0.0007988316986700106,0.0003473603962348415,0.02241700251987766,0.01581572114740478,0.02882092445548847,0.491,0.009000000000000008,0.01723337656451342,0.008093225962378048,0.007992263317513149,0.2145921072638698,True,1.0,reject,pre_step,drift_diffusion_then_jump,iid_bank,8,every_step,True,0.00047500000000000016,0.004858333333333335,4233.277499987853,128167,0.0005061147695202258,1.0047585449984322,6.271558482282847e-07,0.0
LSC-CP-RA,"LSC-CP-RA (A=8), tamed",44d6ecf1abcc7ab097c151f5d67417fb,8da7d73e85753d4e79f54062070fbc7b,True,0,3219,16.095,5527651086.676484,690956.3858345605,3219.0,824064.0,0.26076467139847703,0.0020206006651408703,0.0015702726547996981,0.03369736071936469,0.03212250518894531,0.05198510282434711,0.47800000000000004,0.021999999999999992,0.042157623267326985,0.005711152665765606,0.046688010787289375,0.11092357548044662,True,1.0,reject,pre_step,drift_diffusion_then_jump,iid_bank,8,every_step,True,0.0005125000000000003,0.005079166666666668,1928.769890783364,129386,0.0005061742777260019,1.004861758310034,6.213109661385523e-07,0.0
LSC-CP-RA,"LSC-CP-RA (A=8), tamed",44d6ecf1abcc7ab097c151f5d67417fb,8da7d73e85753d4e79f54062070fbc7b,True,1,3219,16.095,5527651086.676484,690956.3858345605,3219.0,824064.0,0.17155905693362844,0.000643305345565448,0.00019323589298536614,0.04022133998622657,0.021458195000340262,0.02981185041638363,0.497,0.0030000000000000027,0.0036636161117459477,0.014378683366693346,0.019193948812411685,0.14329603122488244,True,1.0,reject,pre_step,drift_diffusion_then_jump,iid_bank,8,every_step,True,0.0005125000000000003,0.005079166666666668,1928.769890783364,129386,0.0005061742777260019,1.004861758310034,6.213109661385523e-07,0.0
LSC-CP-RA,"LSC-CP-RA (A=8), tamed",44d6ecf1abcc7ab097c151f5d67417fb,8da7d73e85753d4e79f54062070fbc7b,True,2,3219,16.095,5527651086.676484,690956.3858345605,3219.0,824064.0,0.10566871947670765,0.0002749479718439085,-0.00017476759493428862,0.029524891802046288,0.01465207230771079,0.019873591490662357,0.504,0.0040000000000000036,0.005094285242465875,0.018619256976075915,0.011123139042970813,0.005021064809345499,True,1.0,reject,pre_step,drift_diffusion_then_jump,iid_bank,8,every_step,True,0.0005125000000000003,0.005079166666666668,1928.769890783364,129386,0.0005061742777260019,1.004861758310034,6.213109661385523e-07,0.0
LSC-CP-RA,"LSC-CP-RA (A=8), tamed",44d6ecf1abcc7ab097c151f5d67417fb,8da7d73e85753d4e79f54062070fbc7b,True,3,3219,16.095,5527651086.676484,690956.3858345605,3219.0,824064.0,0.20931791586626683,0.0010168555062252116,0.0005659632463325126,0.029497443056511946,0.01955043330608335,0.03271733400158186,0.489,0.01100000000000001,0.019349594414978577,0.002559354451725837,0.0013643359690944843,0.12059650969500557,True,1.0,reject,pre_step,drift_diffusion_then_jump,iid_bank,8,every_step,True,0.0005125000000000003,0.005079166666666668,1928.769890783364,129386,0.0005061742777260019,1.004861758310034,6.213109661385523e-07,0.0
LSC-CP-RA,"LSC-CP-RA (A=8), tamed",44d6ecf1abcc7ab097c151f5d67417fb,8da7d73e85753d4e79f54062070fbc7b,True,0,3248,16.240000000000002,5577449745.11501,697181.2181393763,3248.0,831488.0,0.2363377775143206,0.0013675923214119257,0.0009168386134431605,0.026221438886836645,0.0240542192828395,0.040307387431170585,0.4835,0.016499999999999987,0.02912167393879933,0.0013891840962336754,0.029525754561069803,0.09792042200209317,True,1.0,reject,pre_step,drift_diffusion_then_jump,iid_bank,8,every_step,True,0.0005000000000000002,0.004948275862068967,4167.9222225069925,130534,0.0005061191502463054,1.0047259852216748,6.157635467980296e-07,0.0
LSC-CP-RA,"LSC-CP-RA (A=8), tamed",44d6ecf1abcc7ab097c151f5d67417fb,8da7d73e85753d4e79f54062070fbc7b,True,1,3248,16.240000000000002,5577449745.11501,697181.2181393763,3248.0,831488.0,0.21048627277041054,0.0010629877343780736,0.0006122375539667768,0.03104709252831489,0.019789960459133112,0.03259344109936715,0.489,0.01100000000000001,0.019854664186510468,0.002908218059171519,0.010104484615077916,0.14894267301357356,True,1.0,reject,pre_step,drift_diffusion_then_jump,iid_bank,8,every_step,True,0.0005000000000000002,0.004948275862068967,4167.9222225069925,130534,0.0005061191502463054,1.0047259852216748,6.157635467980296e-07,0.0
LSC-CP-RA,"LSC-CP-RA (A=8), tamed",44d6ecf1abcc7ab097c151f5d67417fb,8da7d73e85753d4e79f54062070fbc7b,True,2,3248,16.240000000000002,5577449745.11501,697181.2181393763,3248.0,831488.0,0.17066562225821386,0.00043519419719662,-1.6085182650948937e-05,0.03472467977172111,0.017473582592226356,0.023036854420500213,0.5,0.0,0.0008466551436056226,0.007665813236094721,0.013124237900680373,0.355089847179907,True,1.0,reject,pre_step,drift_diffusion_then_jump,iid_bank,8,every_step,True,0.0005000000000000002,0.004948275862068967,4167.9222225069925,130534,0.0005061191502463054,1.0047259852216748,6.157635467980296e-07,0.0
LSC-CP-RA,"LSC-CP-RA (A=8), tamed",44d6ecf1abcc7ab097c151f5d67417fb,8da7d73e85753d4e79f54062070fbc7b,True,3,3248,16.240000000000002,5577449745.11501,697181.2181393763,3248.0,831488.0,0.22036469806360046,0.001247806088218284,0.0007983803903186537,0.028323983613861098,0.023810694127556487,0.03761759912445721,0.4855,0.014499999999999985,0.027623599607880658,0.01781089264602176,0.039028038827358766,0.013411191422139201,True,1.0,reject,pre_step,drift_diffusion_then_jump,iid_bank,8,every_step,True,0.0005000000000000002,0.004948275862068967,4167.9222225069925,130534,0.0005061191502463054,1.0047259852216748,6.157635467980296e-07,0.0
LSC-CP-RA,"LSC-CP-RA (A=8), tamed",44d6ecf1abcc7ab097c151f5d67417fb,8da7d73e85753d4e79f54062070fbc7b,True,0,3278,16.39,5628965598.672108,703620.6998340135,3278.0,839168.0,0.27358524807585505,0.0022869156767044707,0.0018367557162696224,0.03901244681672236,0.034904019480689365,0.05524972498579161,0.47550000000000003,0.024499999999999966,0.047664798840578115,0.0029681674483100773,0.06120362129532127,0.14887847736184,True,1.0,reject,pre_step,drift_diffusion_then_jump,iid_bank,8,every_step,True,0.0005250000000000002,0.005087500000000002,3956.633686371227,131755,0.0005062919463087248,1.0048428920073216,6.101281269066504e-07,0.0
LSC-CP-RA,"LSC-CP-RA (A=8), tamed",44d6ecf1abcc7ab097c151f5d67417fb,8da7d73e85753d4e79f54062070fbc7b,True,1,3278,16.39,5628965598.672108,703620.6998340135,3278.0,839168.0,0.21727781704028698,0.0007624966688464241,0.00031071929382031627,0.03673797497075504,0.02246991198363368,0.038191537634878564,0.494,0.006000000000000005,0.009823111185369184,0.017673220048813665,0.018419268802403105,0.4730869618517525,True,1.0,reject,pre_step,drift_diffusion_then_jump,iid_bank,8,every_step,True,0.0005250000000000002,0.005087500000000002,3956.633686371227,131755,0.0005062919463087248,1.0048428920073216,6.101281269066504e-07,0.0
LSC-CP-RA,"LSC-CP-RA (A=8), tamed",44d6ecf1abcc7ab097c151f5d67417fb,8da7d73e85753d4e79f54062070fbc7b,True,2,3278,16.39,5628965598.672108,703620.6998340135,3278.0,839168.0,0.1855770875079281,0.0006407314779679485,0.0001896877237002048,0.030291853663471563,0.016071797710491942,0.02628128709449212,0.495,0.0050000000000000044,0.0077202283217236035,0.0012022134918588945,0.020853171574222968,0.1899572671471238,True,1.0,reject,pre_step,drift_diffusion_then_jump,iid_bank,8,every_step,True,0.0005250000000000002,0.005087500000000002,3956.633686371227,131755,0.0005062919463087248,1.0048428920073216,6.101281269066504e-07,0.0
LSC-CP-RA,"LSC-CP-RA (A=8), tamed",44d6ecf1abcc7ab097c151f5d67417fb,8da7d73e85753d4e79f54062070fbc7b,True,3,3278,16.39,5628965598.672108,703620.6998340135,3278.0,839168.0,0.17550549394583623,0.000444606250198043,-7.042433047166341e-06,0.020936267300326383,0.012438940580415331,0.021319551556488986,0.4975,0.00250000000000003,0.003619685833098856,0.009187581160578717,0.0008781290875287859,0.23714066187738803,True,1.0,reject,pre_step,drift_diffusion_then_jump,iid_bank,8,every_step,True,0.0005250000000000002,0.005087500000000002,3956.633686371227,131755,0.0005062919463087248,1.0048428920073216,6.101281269066504e-07,0.0
LSC-CP-RA,"LSC-CP-RA (A=8), tamed",44d6ecf1abcc7ab097c151f5d67417fb,8da7d73e85753d4e79f54062070fbc7b,True,0,3308,16.54,5680481452.229204,710060.1815286506,3308.0,846848.0,0.29236584759179673,0.002301509730087914,0.0018488939877328026,0.028890031430095997,0.03388957125483238,0.060155509672888005,0.47500000000000003,0.024999999999999994,0.043564826567835724,0.03133728888677034,0.016448109498428856,0.4150703513673225,True,1.0,reject,pre_step,drift_diffusion_then_jump,iid_bank,8,every_step,True,0.0004916666666666669,0.004995833333333335,1583.0157515037672,132954,0.0005061593107617896,1.004791414752116,6.045949214026602e-07,0.0
LSC-CP-RA,"LSC-CP-RA (A=8), tamed",44d6ecf1abcc7ab097c151f5d67417fb,8da7d73e85753d4e79f54062070fbc7b,True,1,3308,16.54,5680481452.229204,710060.1815286506,3308.0,846848.0,0.1981383618437022,0.0007825989896471652,0.00033173247065099165,0.03183335695032774,0.01862029164691079,0.03049259813579036,0.494,0.006000000000000005,0.0004366981800582376,0.002998364179394475,0.09441237294934987,0.28676943960667345,True,1.0,reject,pre_step,drift_diffusion_then_jump,iid_bank,8,every_step,True,0.0004916666666666669,0.004995833333333335,1583.0157515037672,132954,0.0005061593107617896,1.004791414752116,6.045949214026602e-07,0.0
LSC-CP-RA,"LSC-CP-RA (A=8), tamed",44d6ecf1abcc7ab097c151f5d67417fb,8da7d73e85753d4e79f54062070fbc7b,True,2,3308,16.54,5680481452.229204,710060.1815286506,3308.0,846848.0,0.16900661879720877,0.0005936332803777589,0.00014397237432517418,0.030207110351404276,0.017128909922862135,0.02270157766880954,0.4955,0.004500000000000032,0.009232232669992787,0.01687655080222006,0.011428276834596407,0.0453101599136051,True,1.0,reject,pre_step,drift_diffusion_then_jump,iid_bank,8,every_step,True,0.0004916666666666669,0.004995833333333335,1583.0157515037672,132954,0.0005061593107617896,1.004791414752116,6.045949214026602e-07,0.0
LSC-CP-RA,"LSC-CP-RA (A=8), tamed",44d6ecf1abcc7ab097c151f5d67417fb,8da7d73e85753d4e79f54062070fbc7b,True,3,3308,16.54,5680481452.229204,710060.1815286506,3308.0,846848.0,0.18847932819231897,0.0008389426471440142,0.00038882210029722586,0.03888556955699596,0.02125659524477074,0.03138147187155833,0.4935,0.0065000000000000335,0.014420689080212913,0.012478913207114806,0.013061866065602086,0.10073205551368958,True,1.0,reject,pre_step,drift_diffusion_then_jump,iid_bank,8,every_step,True,0.0004916666666666669,0.004995833333333335,1583.0157515037672,132954,0.0005061593107617896,1.004791414752116,6.045949214026602e-07,0.0
LSC-CP-RA,"LSC-CP-RA (A=8), tamed",44d6ecf1abcc7ab097c151f5d67417fb,8da7d73e85753d4e79f54062070fbc7b,True,0,3338,16.69,5731997305.786301,716499.6632232876,3338.0,854528.0,0.26832744502611694,0.0020060691325030078,0.0015551987017679014,0.041449823502025196,0.03291403162883604,0.054687767673070514,0.47850000000000004,0.021499999999999964,0.0416716020580437,0.004526212474268432,0.055591579035613056,0.2463040002725282,True,1.0,reject,pre_step,drift_diffusion_then_jump,iid_bank,8,every_step,True,0.00047916666666666686,0.004975,4584.396134388252,134148,0.0005059167165967645,1.0047034152186938,6.366087477531456e-07,0.0
LSC-CP-RA,"LSC-CP-RA (A=8), tamed",44d6ecf1abcc7ab097c151f5d67417fb,8da7d73e85753d4e79f54062070fbc7b,True,1,3338,16.69,5731997305.786301,716499.6632232876,3338.0,854528.0,0.24855509065878703,0.0014972276119655792,0.0010459160427557235,0.03718717390324244,0.027305873284949104,0.04594004431310365,0.483,0.017000000000000015,0.03687011208312904,0.00830551764056564,0.072593443370183,0.24649355565433806,True,1.0,reject,pre_step,drift_diffusion_then_jump,iid_bank,8,every_step,True,0.00047916666666666686,0.004975,4584.396134388252,134148,0.0005059167165967645,1.0047034152186938,6.366087477531456e-07,0.0
LSC-CP-RA,"LSC-CP-RA (A=8), tamed",44d6ecf1abcc7ab097c151f5d67417fb,8da7d73e85753d4e79f54062070fbc7b,True,2,3338,16.69,5731997305.786301,716499.6632232876,3338.0,854528.0,0.22769071465430316,0.0008058342994385903,0.00035335871249397854,0.015374369194641357,0.01515086119544719,0.029861142287847954,0.4895,0.010500000000000037,0.02152224330615966,0.029474235324487008,0.058629220049082394,0.42975541182226007,True,1.0,reject,pre_step,drift_diffusion_then_jump,iid_bank,8,every_step,True,0.00047916666666666686,0.004975,4584.396134388252,134148,0.0005059167165967645,1.0047034152186938,6.366087477531456e-07,0.0
LSC-CP-RA,"LSC-CP-RA (A=8), tamed",44d6ecf1abcc7ab097c151f5d67417fb,8da7d73e85753d4e79f54062070fbc7b,True,3,3338,16.69,5731997305.786301,716499.6632232876,3338.0,854528.0,0.2086062549963222,0.0010411907413064858,0.0005905402056457509,0.02760071769806202,0.02044095222384355,0.03490433900472004,0.4905,0.009500000000000036,0.011356447770975225,0.0029413397852131595,0.05966878131732856,0.1927468626135217,True,1.0,reject,pre_step,drift_diffusion_then_jump,iid_bank,8,every_step,True,0.00047916666666666686,0.004975,4584.396134388252,134148,0.0005059167165967645,1.0047034152186938,6.366087477531456e-07,0.0
LSC-CP-RA,"LSC-CP-RA (A=8), tamed",44d6ecf1abcc7ab097c151f5d67417fb,8da7d73e85753d4e79f54062070fbc7b,True,0,3367,16.835,5781795964.224828,722724.4955281034,3367.0,861952.0,0.26837280821925596,0.001984043085337839,0.001533028420638849,0.03481645116838389,0.03194886159611104,0.05335165289435296,0.47800000000000004,0.021999999999999992,0.04263875007748252,0.006304488566235555,0.06066316338178854,0.21912698046379708,True,1.0,reject,pre_step,drift_diffusion_then_jump,iid_bank,8,every_step,True,0.0005948275862068966,0.004948275862068967,3985.522281263043,135296,0.0005066825066825067,1.0045738045738046,6.311256311256311e-07,0.0
LSC-CP-RA,"LSC-CP-RA (A=8), tamed",44d6ecf1abcc7ab097c151f5d67417fb,8da7d73e85753d4e79f54062070fbc7b,True,1,3367,16.835,5781795964.224828,722724.4955281034,3367.0,861952.0,0.2155534103468508,0.0009667851039630859,0.000515130935673791,0.028471773724388805,0.019287631158437398,0.03269548994462943,0.4895,0.010500000000000037,0.025077458866218143,0.009247452007350443,0.03907097957172723,0.18073431399447182,True,1.0,reject,pre_step,drift_diffusion_then_jump,iid_bank,8,every_step,True,0.0005948275862068966,0.004948275862068967,3985.522281263043,135296,0.0005066825066825067,1.0045738045738046,6.311256311256311e-07,0.0
LSC-CP-RA,"LSC-CP-RA (A=8), tamed",44d6ecf1abcc7ab097c151f5d67417fb,8da7d73e85753d4e79f54062070fbc7b,True,2,3367,16.835,5781795964.224828,722724.4955281034,3367.0,861952.0,0.19637716741612612,0.0008193367265033613,0.0003688926336481435,0.026534665917662625,0.0168382386316604,0.0273056359139719,0.4905,0.009500000000000036,0.015578441151450994,0.006758481535801497,0.003106229361743708,0.06124262141588199,True,1.0,reject,pre_step,drift_diffusion_then_jump,iid_bank,8,every_step,True,0.0005948275862068966,0.004948275862068967,3985.522281263043,135296,0.0005066825066825067,1.0045738045738046,6.311256311256311e-07,0.0
LSC-CP-RA,"LSC-CP-RA (A=8), tamed",44d6ecf1abcc7ab097c151f5d67417fb,8da7d73e85753d4e79f54062070fbc7b,True,3,3367,16.835,5781795964.224828,722724.4955281034,3367.0,861952.0,0.193727009942285,0.0007708565200087447,0.0003201604020590665,0.02184158884187938,0.01545467090686375,0.026128423970249254,0.491,0.009000000000000008,0.013223535601074636,0.004442524473106113,0.0032823919980977095,0.07862237214851675,True,1.0,reject,pre_step,drift_diffusion_then_jump,iid_bank,8,every_step,True,0.0005948275862068966,0.004948275862068967,3985.522281263043,135296,0.0005066825066825067,1.0045738045738046,6.311256311256311e-07,0.0
LSC-CP-RA,"LSC-CP-RA (A=8), tamed",44d6ecf1abcc7ab097c151f5d67417fb,8da7d73e85753d4e79f54062070fbc7b,True,0,3397,16.985,5833311817.781924,729163.9772227405,3397.0,869632.0,0.24260849671767035,0.0016185631170765324,0.0011683002113398455,0.04071140081470559,0.02903953601493344,0.0471237558527606,0.484,0.016000000000000014,0.032723099003597,0.00595581863209349,0.029289781579633484,0.161888543188207,True,1.0,reject,pre_step,drift_diffusion_then_jump,iid_bank,8,every_step,True,0.0005250000000000002,0.004908333333333334,1967.5733022319546,136474,0.0005068442743597292,1.0043715042684722,6.255519576096556e-07,0.0
LSC-CP-RA,"LSC-CP-RA (A=8), tamed",44d6ecf1abcc7ab097c151f5d67417fb,8da7d73e85753d4e79f54062070fbc7b,True,1,3397,16.985,5833311817.781924,729163.9772227405,3397.0,869632.0,0.13600404597035537,0.00026229775957919976,-0.0001886757628893898,0.02949043308509469,0.01368679733507282,0.02023461381047452,0.5025000000000001,0.00250000000000003,0.0014173891298875257,6.477479897093463e-05,0.005178298533437203,0.156959265267835,True,1.0,reject,pre_step,drift_diffusion_then_jump,iid_bank,8,every_step,True,0.0005250000000000002,0.004908333333333334,1967.5733022319546,136474,0.0005068442743597292,1.0043715042684722,6.255519576096556e-07,0.0
LSC-CP-RA,"LSC-CP-RA (A=8), tamed",44d6ecf1abcc7ab097c151f5d67417fb,8da7d73e85753d4e79f54062070fbc7b,True,2,3397,16.985,5833311817.781924,729163.9772227405,3397.0,869632.0,0.20068082767676085,0.0009982051914887435,0.0005485816882832006,0.030533255711260976,0.021535756254264526,0.03390892531667844,0.49,0.010000000000000009,0.013223721916643939,0.017903432757814253,0.020523984242506472,0.04443344124447057,True,1.0,reject,pre_step,drift_diffusion_then_jump,iid_bank,8,every_step,True,0.0005250000000000002,0.004908333333333334,1967.5733022319546,136474,0.0005068442743597292,1.0043715042684722,6.255519576096556e-07,0.0
LSC-CP-RA,"LSC-CP-RA (A=8), tamed",44d6ecf1abcc7ab097c151f5d67417fb,8da7d73e85753d4e79f54062070fbc7b,True,3,3397,16.985,5833311817.781924,729163.9772227405,3397.0,869632.0,0.20106815278125842,0.000614673150353906,0.00016258275465530492,0.02147960823620665,0.013867667596465351,0.0267735323888732,0.494,0.006000000000000005,0.005880286418208682,0.018722221974324493,0.03662458204040469,0.3320771689946346,True,1.0,reject,pre_step,drift_diffusion_then_jump,iid_bank,8,every_step,True,0.0005250000000000002,0.004908333333333334,1967.5733022319546,136474,0.0005068442743597292,1.0043715042684722,6.255519576096556e-07,0.0
LSC-CP-RA,"LSC-CP-RA (A=8), tamed",44d6ecf1abcc7ab097c151f5d67417fb,8da7d73e85753d4e79f54062070fbc7b,True,0,3427,17.135,5884827671.339022,735603.4589173777,3427.0,877312.0,0.22424951434272777,0.001460268542531007,0.0010102868783172791,0.04379406712893441,0.02688934993475179,0.04199102142694682,0.485,0.015000000000000013,0.028770750193130606,0.014792511763669691,0.01947400140179514,0.07980702442834786,True,1.0,reject,pre_step,drift_diffusion_then_jump,iid_bank,8,every_step,True,0.0005208333333333335,0.005100000000000002,2235.6905865671833,137698,0.0005069667347534286,1.0045083163116428,6.200758681062153e-07,0.0
LSC-CP-RA,"LSC-CP-RA (A=8), tamed",44d6ecf1abcc7ab097c151f5d67417fb,8da7d73e85753d4e79f54062070fbc7b,True,1,3427,17.135,5884827671.339022,735603.4589173777,3427.0,877312.0,0.15112615151513425,0.0002934308558669718,-0.00015806105056237474,0.026023708098345588,0.012433643486896653,0.016809314062181675,0.5,0.0,0.004471698831616453,0.0037753050626891937,0.04157139565085927,0.16097884337923218,True,1.0,reject,pre_step,drift_diffusion_then_jump,iid_bank,8,every_step,True,0.0005208333333333335,0.005100000000000002,2235.6905865671833,137698,0.0005069667347534286,1.0045083163116428,6.200758681062153e-07,0.0
LSC-CP-RA,"LSC-CP-RA (A=8), tamed",44d6ecf1abcc7ab097c151f5d67417fb,8da7d73e85753d4e79f54062070fbc7b,True,2,3427,17.135,5884827671.339022,735603.4589173777,3427.0,877312.0,0.17664850477182317,0.0004163524352042147,-3.469287396384857e-05,0.034783581226523586,0.015948073455514068,0.02264569684148774,0.4965,0.003500000000000031,0.009400141916572588,0.0012906909993585236,0.052457764879558465,0.15495991790484098,True,1.0,reject,pre_step,drift_diffusion_then_jump,iid_bank,8,every_step,True,0.0005208333333333335,0.005100000000000002,2235.6905865671833,137698,0.0005069667347534286,1.0045083163116428,6.200758681062153e-07,0.0
LSC-CP-RA,"LSC-CP-RA (A=8), tamed",44d6ecf1abcc7ab097c151f5d67417fb,8da7d73e85753d4e79f54062070fbc7b,True,3,3427,17.135,5884827671.339022,735603.4589173777,3427.0,877312.0,0.22592480949311383,0.0011074399792511125,0.0006559478796515084,0.02285701638866644,0.01969855460617001,0.03513714174513488,0.487,0.013000000000000012,0.02130054313145301,0.009742901289753414,0.00233855409343388,0.22305356773169593,True,1.0,reject,pre_step,drift_diffusion_then_jump,iid_bank,8,every_step,True,0.0005208333333333335,0.005100000000000002,2235.6905865671833,137698,0.0005069667347534286,1.0045083163116428,6.200758681062153e-07,0.0
LSC-CP-RA,"LSC-CP-RA (A=8), tamed",44d6ecf1abcc7ab097c151f5d67417fb,8da7d73e85753d4e79f54062070fbc7b,True,0,3456,17.28,5934626329.777548,741828.2912221935,3456.0,884736.0,0.24425460439757285,0.00151478898664259,0.0010644640799178928,0.04338057634853143,0.028605420357224597,0.04589820657250933,0.483,0.017000000000000015,0.038026853189261293,0.005688037635262599,0.08835365265751918,0.15151696339308474,True,1.0,reject,pre_step,drift_diffusion_then_jump,iid_bank,8,every_step,True,0.0004913793103448278,0.004814655172413794,931.7839191446596,138815,0.0005068359375,1.0041594328703705,6.148726851851852e-07,0.0
LSC-CP-RA,"LSC-CP-RA (A=8), tamed",44d6ecf1abcc7ab097c151f5d67417fb,8da7d73e85753d4e79f54062070fbc7b,True,1,3456,17.28,5934626329.777548,741828.2912221935,3456.0,884736.0,0.14686402050371197,0.0002636536710023396,-0.00018803555607671552,0.02428772130707646,0.013741792472934515,0.021265807543012438,0.502,0.0020000000000000018,0.011140783472449197,0.009135681493514958,0.06251329149225335,0.23863424961561053,True,1.0,reject,pre_step,drift_diffusion_then_jump,iid_bank,8,every_step,True,0.0004913793103448278,0.004814655172413794,931.7839191446596,138815,0.0005068359375,1.0041594328703705,6.148726851851852e-07,0.0
LSC-CP-RA,"LSC-CP-RA (A=8), tamed",44d6ecf1abcc7ab097c151f5d67417fb,8da7d73e85753d4e79f54062070fbc7b,True,2,3456,17.28,5934626329.777548,741828.2912221935,3456.0,884736.0,0.1748042349071878,0.0004827867148244902,3.133976902247593e-05,0.03628629048861548,0.015033362781600156,0.02190371179840154,0.4965,0.003500000000000031,0.012428800881884283,0.005864378207874443,0.04122764268069566,0.1950824158799479,True,1.0,reject,pre_step,drift_diffusion_then_jump,iid_bank,8,every_step,True,0.0004913793103448278,0.004814655172413794,931.7839191446596,138815,0.0005068359375,1.0041594328703705,6.148726851851852e-07,0.0
LSC-CP-RA,"LSC-CP-RA (A=8), tamed",44d6ecf1abcc7ab097c151f5d67417fb,8da7d73e85753d4e79f54062070fbc7b,True,3,3456,17.28,5934626329.777548,741828.2912221935,3456.0,884736.0,0.2016848681101377,0.0008556481201097421,0.00040497483477930363,0.026330622450032398,0.017988682665720804,0.030560040504345107,0.49,0.010000000000000009,0.015659222637800917,0.004469144916284362,0.007975327270706916,0.12621252402282657,True,1.0,reject,pre_step,drift_diffusion_then_jump,iid_bank,8,every_step,True,0.0004913793103448278,0.004814655172413794,931.7839191446596,138815,0.0005068359375,1.0041594328703705,6.148726851851852e-07,0.0
LSC-CP-RA,"LSC-CP-RA (A=8), tamed",44d6ecf1abcc7ab097c151f5d67417fb,8da7d73e85753d4e79f54062070fbc7b,True,0,3486,17.43,5986142183.334645,748267.7729168306,3486.0,892416.0,0.22102548242440612,0.0013297320122457323,0.0008800258737805544,0.035113101774296746,0.025610225335875317,0.04201290519617225,0.4865,0.013499999999999984,0.021678859144427895,0.016456911804446417,0.014358988912521313,0.10025606811394716,True,1.0,reject,pre_step,drift_diffusion_then_jump,iid_bank,8,every_step,True,0.0004916666666666668,0.0050999999999999995,4387.90387024628,140039,0.0005067053930005737,1.0042957544463569,6.095811818703385e-07,0.0
LSC-CP-RA,"LSC-CP-RA (A=8), tamed",44d6ecf1abcc7ab097c151f5d67417fb,8da7d73e85753d4e79f54062070fbc7b,True,1,3486,17.43,5986142183.334645,748267.7729168306,3486.0,892416.0,0.22634876919061006,0.0010295596015849062,0.000578210451305905,0.027305163741705163,0.021389445568880058,0.03811822935219956,0.489,0.01100000000000001,0.020264171836416024,0.009341542670464498,0.017138399404804838,0.28584619913839104,True,1.0,reject,pre_step,drift_diffusion_then_jump,iid_bank,8,every_step,True,0.0004916666666666668,0.0050999999999999995,4387.90387024628,140039,0.0005067053930005737,1.0042957544463569,6.095811818703385e-07,0.0
LSC-CP-RA,"LSC-CP-RA (A=8), tamed",44d6ecf1abcc7ab097c151f5d67417fb,8da7d73e85753d4e79f54062070fbc7b,True,2,3486,17.43,5986142183.334645,748267.7729168306,3486.0,892416.0,0.18443863059748422,0.0007821441107863647,0.000332208097800768,0.03285149532345727,0.020509116285489636,0.03022377432554031,0.4945,0.005500000000000033,0.009834382428300559,0.013311853920007888,0.002184833448765906,0.13569305747010973,True,1.0,reject,pre_step,drift_diffusion_then_jump,iid_bank,8,every_step,True,0.0004916666666666668,0.0050999999999999995,4387.90387024628,140039,0.0005067053930005737,1.0042957544463569,6.095811818703385e-07,0.0
LSC-CP-RA,"LSC-CP-RA (A=8), tamed",44d6ecf1abcc7ab097c151f5d67417fb,8da7d73e85753d4e79f54062070fbc7b,True,3,3486,17.43,5986142183.334645,748267.7729168306,3486.0,892416.0,0.2270727670440056,0.0010752459173077877,0.0006241338536073782,0.03458660812149933,0.023062607116222544,0.0403875716751945,0.488,0.01200000000000001,0.02136450960665058,0.005456965730708863,0.028756186040957202,0.3195907885574535,True,1.0,reject,pre_step,drift_diffusion_then_jump,iid_bank,8,every_step,True,0.0004916666666666668,0.0050999999999999995,4387.90387024628,140039,0.0005067053930005737,1.0042957544463569,6.095811818703385e-07,0.0
LSC-CP-RA,"LSC-CP-RA (A=8), tamed",44d6ecf1abcc7ab097c151f5d67417fb,8da7d73e85753d4e79f54062070fbc7b,True,0,3516,17.580000000000002,6037658036.891742,754707.2546114677,3516.0,900096.0,0.2002711629137681,0.0009446215968800242,0.0004939355202885354,0.04187514483281202,0.023077385193627363,0.03599960340517074,0.4925,0.007500000000000034,0.013758296711244946,0.004892268851034665,0.0069311628968495255,0.19095942821148137,True,1.0,reject,pre_step,drift_diffusion_then_jump,iid_bank,8,every_step,True,0.0005166666666666669,0.0047416666666666675,4386.378794410382,141177,0.0005067903868031854,1.0038182593856655,6.043799772468714e-07,0.0
LSC-CP-RA,"LSC-CP-RA (A=8), tamed",44d6ecf1abcc7ab097c151f5d67417fb,8da7d73e85753d4e79f54062070fbc7b,True,1,3516,17.580000000000002,6037658036.891742,754707.2546114677,3516.0,900096.0,0.1919135045391572,0.0007274213189932821,0.0002765943671442228,0.026994975957973427,0.01701350025175988,0.02793318876283516,0.493,0.007000000000000006,0.007733359884240384,0.0021918594505865308,0.028289701950718425,0.14088874640586535,True,1.0,reject,pre_step,drift_diffusion_then_jump,iid_bank,8,every_step,True,0.0005166666666666669,0.0047416666666666675,4386.378794410382,141177,0.0005067903868031854,1.0038182593856655,6.043799772468714e-07,0.0
LSC-CP-RA,"LSC-CP-RA (A=8), tamed",44d6ecf1abcc7ab097c151f5d67417fb,8da7d73e85753d4e79f54062070fbc7b,True,2,3516,17.580000000000002,6037658036.891742,754707.2546114677,3516.0,900096.0,0.2058151071562157,0.0007534481650086633,0.00030193877654893786,0.027903540844802205,0.0179156337463026,0.031748101409821344,0.4925,0.007500000000000034,0.016483202580066723,0.008214894841921061,0.02222640003540807,0.2390785819536293,True,1.0,reject,pre_step,drift_diffusion_then_jump,iid_bank,8,every_step,True,0.0005166666666666669,0.0047416666666666675,4386.378794410382,141177,0.0005067903868031854,1.0038182593856655,6.043799772468714e-07,0.0
LSC-CP-RA,"LSC-CP-RA (A=8), tamed",44d6ecf1abcc7ab097c151f5d67417fb,8da7d73e85753d4e79f54062070fbc7b,True,3,3516,17.580000000000002,6037658036.891742,754707.2546114677,3516.0,900096.0,0.23535694203453789,0.0013621913299322053,0.0009111787184278297,0.039921552302249974,0.02403561754039647,0.039435817010744285,0.485,0.015000000000000013,0.025936397332222257,0.004178747635410263,0.0037439456157007107,0.18885143921950232,True,1.0,reject,pre_step,drift_diffusion_then_jump,iid_bank,8,every_step,True,0.0005166666666666669,0.0047416666666666675,4386.378794410382,141177,0.0005067903868031854,1.0038182593856655,6.043799772468714e-07,0.0
LSC-CP-RA,"LSC-CP-RA (A=8), tamed",44d6ecf1abcc7ab097c151f5d67417fb,8da7d73e85753d4e79f54062070fbc7b,True,0,3545,17.725,6087456695.330269,760932.0869162836,3545.0,907520.0,0.19154881914697466,0.0009372228650416092,0.0004875754768943752,0.04164303559683111,0.022853598686623577,0.03301812289265933,0.492,0.008000000000000007,0.020557628880854387,0.018971125834240432,0.04689639748868216,0.060412104129699995,True,1.0,reject,pre_step,drift_diffusion_then_jump,iid_bank,8,every_step,True,0.0005905172413793107,0.005150862068965518,2588.0716845196807,142372,0.000507475317348378,1.004033850493653,5.994358251057828e-07,0.0
LSC-CP-RA,"LSC-CP-RA (A=8), tamed",44d6ecf1abcc7ab097c151f5d67417fb,8da7d73e85753d4e79f54062070fbc7b,True,1,3545,17.725,6087456695.330269,760932.0869162836,3545.0,907520.0,0.20139735140218876,0.0009400479628268732,0.0004896027596540398,0.03207232461640935,0.020157500635754493,0.03302089150558893,0.4915,0.008500000000000035,0.015823594051932798,0.007415239926034434,0.011221512151123342,0.13895834749132374,True,1.0,reject,pre_step,drift_diffusion_then_jump,iid_bank,8,every_step,True,0.0005905172413793107,0.005150862068965518,2588.0716845196807,142372,0.000507475317348378,1.004033850493653,5.994358251057828e-07,0.0
LSC-CP-RA,"LSC-CP-RA (A=8), tamed",44d6ecf1abcc7ab097c151f5d67417fb,8da7d73e85753d4e79f54062070fbc7b,True,2,3545,17.725,6087456695.330269,760932.0869162836,3545.0,907520.0,0.2006344818482128,0.0008215780371375603,0.0003709957716009349,0.034390761031228345,0.020405622229135764,0.03252107138140331,0.492,0.008000000000000007,0.022274496865305412,0.004702229069884378,0.08146618565333466,0.17617898172562751,True,1.0,reject,pre_step,drift_diffusion_then_jump,iid_bank,8,every_step,True,0.0005905172413793107,0.005150862068965518,2588.0716845196807,142372,0.000507475317348378,1.004033850493653,5.994358251057828e-07,0.0
LSC-CP-RA,"LSC-CP-RA (A=8), tamed",44d6ecf1abcc7ab097c151f5d67417fb,8da7d73e85753d4e79f54062070fbc7b,True,3,3545,17.725,6087456695.330269,760932.0869162836,3545.0,907520.0,0.26423065038477944,0.002177860924062025,0.0017268650980392097,0.05008854419093167,0.03398068247623445,0.05452939801380646,0.47800000000000004,0.021999999999999992,0.0407296769276197,0.004466028186020821,0.0068046329314858656,0.2138561049066211,True,1.0,reject,pre_step,drift_diffusion_then_jump,iid_bank,8,every_step,True,0.0005905172413793107,0.005150862068965518,2588.0716845196807,142372,0.000507475317348378,1.004033850493653,5.994358251057828e-07,0.0
LSC-CP-RA,"LSC-CP-RA (A=8), tamed",44d6ecf1abcc7ab097c151f5d67417fb,8da7d73e85753d4e79f54062070fbc7b,True,0,3575,17.875,6138972548.887365,767371.5686109207,3575.0,915200.0,0.18618124708510878,0.0006047555068298127,0.00015398752823347905,0.03196009302886718,0.01586812316339907,0.025606147457500374,0.4945,0.005500000000000033,0.012382232806764617,0.0008373782019015508,0.038773514767259376,0.19588644005217903,True,1.0,reject,pre_step,drift_diffusion_then_jump,iid_bank,8,every_step,True,0.00045416666666666685,0.004829166666666668,895.978334383498,143531,0.0005070279720279721,1.0037132867132867,5.944055944055944e-07,0.0
LSC-CP-RA,"LSC-CP-RA (A=8), tamed",44d6ecf1abcc7ab097c151f5d67417fb,8da7d73e85753d4e79f54062070fbc7b,True,1,3575,17.875,6138972548.887365,767371.5686109207,3575.0,915200.0,0.17655964539193522,0.0006228893286731596,0.00017247663786001954,0.031591289079109824,0.018574955369274886,0.027297788961111902,0.495,0.0050000000000000044,0.0076430450178635095,0.009380527598645272,0.01818464668139307,0.12140557325577273,True,1.0,reject,pre_step,drift_diffusion_then_jump,iid_bank,8,every_step,True,0.00045416666666666685,0.004829166666666668,895.978334383498,143531,0.0005070279720279721,1.0037132867132867,5.944055944055944e-07,0.0
LSC-CP-RA,"LSC-CP-RA (A=8), tamed",44d6ecf1abcc7ab097c151f5d67417fb,8da7d73e85753d4e79f54062070fbc7b,True,2,3575,17.875,6138972548.887365,767371.5686109207,3575.0,915200.0,0.20115259096318183,0.0008264180955339651,0.0003752763415388882,0.025711630334812358,0.017499662630253078,0.030246057430462495,0.491,0.009000000000000008,0.015456041995457304,0.0009588540276883606,0.004837063068021865,0.14700779750462367,True,1.0,reject,pre_step,drift_diffusion_then_jump,iid_bank,8,every_step,True,0.00045416666666666685,0.004829166666666668,895.978334383498,143531,0.0005070279720279721,1.0037132867132867,5.944055944055944e-07,0.0
LSC-CP-RA,"LSC-CP-RA (A=8), tamed",44d6ecf1abcc7ab097c151f5d67417fb,8da7d73e85753d4e79f54062070fbc7b,True,3,3575,17.875,6138972548.887365,767371.5686109207,3575.0,915200.0,0.3094673179395012,0.0033077230863596263,0.0028573643878273547,0.043555337358197554,0.04445272999803408,0.07108911896245698,0.468,0.032,0.059053430867084,0.004104699326788586,0.029567284437172943,0.2160062500286063,True,1.0,reject,pre_step,drift_diffusion_then_jump,iid_bank,8,every_step,True,0.00045416666666666685,0.004829166666666668,895.978334383498,143531,0.0005070279720279721,1.0037132867132867,5.944055944055944e-07,0.0
LSC-CP-RA,"LSC-CP-RA (A=8), tamed",44d6ecf1abcc7ab097c151f5d67417fb,8da7d73e85753d4e79f54062070fbc7b,True,0,3605,18.025000000000002,6190488402.444462,773811.0503055577,3605.0,922880.0,0.16777301277382237,0.00027824241790708193,-0.00017348074830236815,0.026397965601338558,0.0132910664325462,0.019181112495772742,0.5,0.0,0.0006611513976243756,0.012481106660719221,0.0398402759457581,0.28651979483652246,True,1.0,reject,pre_step,drift_diffusion_then_jump,iid_bank,8,every_step,True,0.0004666666666666669,0.005125000000000001,2046.8223561213595,144761,0.0005066920943134535,1.003890429958391,5.894590846047157e-07,0.0
LSC-CP-RA,"LSC-CP-RA (A=8), tamed",44d6ecf1abcc7ab097c151f5d67417fb,8da7d73e85753d4e79f54062070fbc7b,True,1,3605,18.025000000000002,6190488402.444462,773811.0503055577,3605.0,922880.0,0.12519643669484312,0.00027040627206298407,-0.00017970996667093786,0.029256472596323302,0.016844402841622284,0.022686573403092224,0.503,0.0030000000000000027,0.00828785642769616,0.01265198408361834,0.018375537118770276,0.07652838001833928,True,1.0,reject,pre_step,drift_diffusion_then_jump,iid_bank,8,every_step,True,0.0004666666666666669,0.005125000000000001,2046.8223561213595,144761,0.0005066920943134535,1.003890429958391,5.894590846047157e-07,0.0
LSC-CP-RA,"LSC-CP-RA (A=8), tamed",44d6ecf1abcc7ab097c151f5d67417fb,8da7d73e85753d4e79f54062070fbc7b,True,2,3605,18.025000000000002,6190488402.444462,773811.0503055577,3605.0,922880.0,0.2124824902230918,0.001165341141851295,0.0007158658369472715,0.04051018791075037,0.02433433998502726,0.037556794800815405,0.488,0.01200000000000001,0.020912595869310335,0.01857824961221255,0.004475722899996035,0.06790831957387,True,1.0,reject,pre_step,drift_diffusion_then_jump,iid_bank,8,every_step,True,0.0004666666666666669,0.005125000000000001,2046.8223561213595,144761,0.0005066920943134535,1.003890429958391,5.894590846047157e-07,0.0
LSC-CP-RA,"LSC-CP-RA (A=8), tamed",44d6ecf1abcc7ab097c151f5d67417fb,8da7d73e85753d4e79f54062070fbc7b,True,3,3605,18.025000000000002,6190488402.444462,773811.0503055577,3605.0,922880.0,0.3293763655911766,0.004278720056845597,0.0038292419217794693,0.04058503828006155,0.0518517692891426,0.07874887086898687,0.46,0.04000000000000001,0.07196410622799293,0.005530587809067566,0.09000809393726664,0.09543932389613119,True,1.0,reject,pre_step,drift_diffusion_then_jump,iid_bank,8,every_step,True,0.0004666666666666669,0.005125000000000001,2046.8223561213595,144761,0.0005066920943134535,1.003890429958391,5.894590846047157e-07,0.0
LSC-CP-RA,"LSC-CP-RA (A=8), tamed",44d6ecf1abcc7ab097c151f5d67417fb,8da7d73e85753d4e79f54062070fbc7b,True,0,3634,18.17,6240287060.882989,780035.8826103737,3634.0,930304.0,0.1306966923401595,0.0002968161071413844,-0.000153395744062923,0.045546409836742074,0.019411401183163802,0.02420887284887671,0.5035000000000001,0.003500000000000031,0.01349652953517177,0.009632488777636339,0.0521507439779076,0.13256195201815435,True,1.0,reject,pre_step,drift_diffusion_then_jump,iid_bank,8,every_step,True,0.000474137931034483,0.0047198275862068975,1988.9980568612282,145856,0.0005064323059988993,1.003412217941662,5.847550908090259e-07,0.0
LSC-CP-RA,"LSC-CP-RA (A=8), tamed",44d6ecf1abcc7ab097c151f5d67417fb,8da7d73e85753d4e79f54062070fbc7b,True,1,3634,18.17,6240287060.882989,780035.8826103737,3634.0,930304.0,0.11835301249243767,0.00030816657810772696,-0.00014135205399590234,0.029609004647096038,0.017187482877454384,0.022043128417973075,0.504,0.0040000000000000036,0.005231968550236027,0.01934802999124685,0.005155503098031725,0.03565298360874258,True,1.0,reject,pre_step,drift_diffusion_then_jump,iid_bank,8,every_step,True,0.000474137931034483,0.0047198275862068975,1988.9980568612282,145856,0.0005064323059988993,1.003412217941662,5.847550908090259e-07,0.0
LSC-CP-RA,"LSC-CP-RA (A=8), tamed",44d6ecf1abcc7ab097c151f5d67417fb,8da7d73e85753d4e79f54062070fbc7b,True,2,3634,18.17,6240287060.882989,780035.8826103737,3634.0,930304.0,0.2515224037129435,0.0014105212431970715,0.0009585393221985816,0.023312234543909155,0.024743491739652568,0.04437236129249329,0.4825,0.017499999999999988,0.03146443415152911,0.016970196966108464,0.04971963530843466,0.29422934170572546,True,1.0,reject,pre_step,drift_diffusion_then_jump,iid_bank,8,every_step,True,0.000474137931034483,0.0047198275862068975,1988.9980568612282,145856,0.0005064323059988993,1.003412217941662,5.847550908090259e-07,0.0
LSC-CP-RA,"LSC-CP-RA (A=8), tamed",44d6ecf1abcc7ab097c151f5d67417fb,8da7d73e85753d4e79f54062070fbc7b,True,3,3634,18.17,6240287060.882989,780035.8826103737,3634.0,930304.0,0.31768870085976125,0.004042855520701605,0.0035942597054101633,0.05306890388744401,0.05225006192496914,0.07930140367033739,0.4635,0.03649999999999998,0.07209279015121227,0.020714733245746686,0.09076485583677404,0.02045531542543333,True,1.0,reject,pre_step,drift_diffusion_then_jump,iid_bank,8,every_step,True,0.000474137931034483,0.0047198275862068975,1988.9980568612282,145856,0.0005064323059988993,1.003412217941662,5.847550908090259e-07,0.0
LSC-CP-RA,"LSC-CP-RA (A=8), tamed",44d6ecf1abcc7ab097c151f5d67417fb,8da7d73e85753d4e79f54062070fbc7b,True,0,3664,18.32,6291802914.440085,786475.3643050106,3664.0,937984.0,0.11900284363146237,0.00017845794811799376,-0.000272626328823411,0.03724653399598532,0.01896608262612829,0.02908855527275249,0.506,0.006000000000000005,0.017010456539294977,0.0010881314115384066,0.02880252578841559,0.18492525553078865,True,1.0,reject,pre_step,drift_diffusion_then_jump,iid_bank,8,every_step,True,0.0004875000000000002,0.0052125,3094.0335442538876,147107,0.0005062772925764192,1.0037322598253275,5.79967248908297e-07,0.0
LSC-CP-RA,"LSC-CP-RA (A=8), tamed",44d6ecf1abcc7ab097c151f5d67417fb,8da7d73e85753d4e79f54062070fbc7b,True,1,3664,18.32,6291802914.440085,786475.3643050106,3664.0,937984.0,0.14204172773603044,0.00034900896010858773,-0.00010088119226003833,0.04037924821696448,0.03234569920523728,0.05026947530914522,0.521,0.02099999999999999,0.04198791799870775,0.009011963585914273,0.04385680681466209,0.15005820584783314,True,1.0,reject,pre_step,drift_diffusion_then_jump,iid_bank,8,every_step,True,0.0004875000000000002,0.0052125,3094.0335442538876,147107,0.0005062772925764192,1.0037322598253275,5.79967248908297e-07,0.0
LSC-CP-RA,"LSC-CP-RA (A=8), tamed",44d6ecf1abcc7ab097c151f5d67417fb,8da7d73e85753d4e79f54062070fbc7b,True,2,3664,18.32,6291802914.440085,786475.3643050106,3664.0,937984.0,0.2522059180354312,0.0018299613340370113,0.001380063951239352,0.04087212487839159,0.0316590312311275,0.04932791159724577,0.47950000000000004,0.020499999999999963,0.044107018377934536,0.011854255412007797,0.09001876003595433,0.10114847600813837,True,1.0,reject,pre_step,drift_diffusion_then_jump,iid_bank,8,every_step,True,0.0004875000000000002,0.0052125,3094.0335442538876,147107,0.0005062772925764192,1.0037322598253275,5.79967248908297e-07,0.0
LSC-CP-RA,"LSC-CP-RA (A=8), tamed",44d6ecf1abcc7ab097c151f5d67417fb,8da7d73e85753d4e79f54062070fbc7b,True,3,3664,18.32,6291802914.440085,786475.3643050106,3664.0,937984.0,0.3109199208848048,0.0031851706697452187,0.002734294245356206,0.04405942979637706,0.044793765838641496,0.07260817531992424,0.4685,0.03149999999999997,0.06515720261171372,0.010589723527938188,0.1176580813937243,0.30503364303087077,True,1.0,reject,pre_step,drift_diffusion_then_jump,iid_bank,8,every_step,True,0.0004875000000000002,0.0052125,3094.0335442538876,147107,0.0005062772925764192,1.0037322598253275,5.79967248908297e-07,0.0
LSC-CP-RA,"LSC-CP-RA (A=8), tamed",44d6ecf1abcc7ab097c151f5d67417fb,8da7d73e85753d4e79f54062070fbc7b,True,0,3694,18.47,6343318767.997183,792914.8459996479,3694.0,945664.0,0.12022024496704947,0.00031486897084287424,-0.0001354359142570205,0.037577634113033276,0.021318436857434137,0.03368211434747855,0.5065000000000001,0.0065000000000000335,0.01538798324745846,0.007947544519403604,0.010221129450031405,0.20737915508638827,True,1.0,reject,pre_step,drift_diffusion_then_jump,iid_bank,8,every_step,True,0.0004833333333333335,0.004958333333333333,898.8752846612042,148297,0.0005060909583107742,1.0036342717920952,6.090958310774229e-07,0.0
LSC-CP-RA,"LSC-CP-RA (A=8), tamed",44d6ecf1abcc7ab097c151f5d67417fb,8da7d73e85753d4e79f54062070fbc7b,True,1,3694,18.47,6343318767.997183,792914.8459996479,3694.0,945664.0,0.1433160191228794,0.0003277494898280553,-0.00012237500335599005,0.04322362665814228,0.03321263948127616,0.05387189047711357,0.5205,0.020499999999999963,0.044897302044808914,0.008357252760524903,0.08565088853711189,0.13672496585356952,True,1.0,reject,pre_step,drift_diffusion_then_jump,iid_bank,8,every_step,True,0.0004833333333333335,0.004958333333333333,898.8752846612042,148297,0.0005060909583107742,1.0036342717920952,6.090958310774229e-07,0.0
LSC-CP-RA,"LSC-CP-RA (A=8), tamed",44d6ecf1abcc7ab097c151f5d67417fb,8da7d73e85753d4e79f54062070fbc7b,True,2,3694,18.47,6343318767.997183,792914.8459996479,3694.0,945664.0,0.25128468404726506,0.0021243789435673177,0.0016751819536443557,0.04000498536106428,0.03241377614044141,0.04832184647197641,0.47700000000000004,0.022999999999999993,0.04085199999496267,0.02089904731207215,0.02877638209072846,0.006792076606699782,True,1.0,reject,pre_step,drift_diffusion_then_jump,iid_bank,8,every_step,True,0.0004833333333333335,0.004958333333333333,898.8752846612042,148297,0.0005060909583107742,1.0036342717920952,6.090958310774229e-07,0.0
LSC-CP-RA,"LSC-CP-RA (A=8), tamed",44d6ecf1abcc7ab097c151f5d67417fb,8da7d73e85753d4e79f54062070fbc7b,True,3,3694,18.47,6343318767.997183,792914.8459996479,3694.0,945664.0,0.29076587317180136,0.0028502153999695468,0.002399668182478276,0.03140768854434284,0.03902281601447907,0.06449273259932597,0.47200000000000003,0.027999999999999997,0.04822643929073062,0.002686261285221092,0.004783577299356281,0.18016128423877797,True,1.0,reject,pre_step,drift_diffusion_then_jump,iid_bank,8,every_step,True,0.0004833333333333335,0.004958333333333333,898.8752846612042,148297,0.0005060909583107742,1.0036342717920952,6.090958310774229e-07,0.0
LSC-CP-RA,"LSC-CP-RA (A=8), tamed",44d6ecf1abcc7ab097c151f5d67417fb,8da7d73e85753d4e79f54062070fbc7b,True,0,3723,18.615000000000002,6393117426.43571,799139.6783044637,3723.0,953088.0,0.144530015240637,0.0005584619991739759,0.00010868704244948457,0.045863051438445934,0.02228064940020066,0.027053341285674645,0.501,0.0010000000000000009,0.004281788647975297,0.019053106446747625,0.0349797329826345,0.10367665870361831,True,1.0,reject,pre_step,drift_diffusion_then_jump,iid_bank,8,every_step,True,0.0005172413793103451,0.005262931034482761,3962.140736693125,149518,0.0005061778135911899,1.0040155788342735,6.043513295729251e-07,0.0
LSC-CP-RA,"LSC-CP-RA (A=8), tamed",44d6ecf1abcc7ab097c151f5d67417fb,8da7d73e85753d4e79f54062070fbc7b,True,1,3723,18.615000000000002,6393117426.43571,799139.6783044637,3723.0,953088.0,0.1865263696067699,0.0006308169680931952,0.00017999061249562853,0.04859773207517304,0.03929033909797908,0.06502224711164949,0.5245,0.024499999999999966,0.04687242806070736,0.009325771328544286,0.020591100704043363,0.3364240316299504,True,1.0,reject,pre_step,drift_diffusion_then_jump,iid_bank,8,every_step,True,0.0005172413793103451,0.005262931034482761,3962.140736693125,149518,0.0005061778135911899,1.0040155788342735,6.043513295729251e-07,0.0
LSC-CP-RA,"LSC-CP-RA (A=8), tamed",44d6ecf1abcc7ab097c151f5d67417fb,8da7d73e85753d4e79f54062070fbc7b,True,2,3723,18.615000000000002,6393117426.43571,799139.6783044637,3723.0,953088.0,0.2578101196755437,0.0016127013397723156,0.001161224410837991,0.03245081499098096,0.028145204677554072,0.04919555938793552,0.4815,0.01849999999999999,0.03592258514892987,0.010816496647078622,0.04464388542439396,0.26507691584968296,True,1.0,reject,pre_step,drift_diffusion_then_jump,iid_bank,8,every_step,True,0.0005172413793103451,0.005262931034482761,3962.140736693125,149518,0.0005061778135911899,1.0040155788342735,6.043513295729251e-07,0.0
LSC-CP-RA,"LSC-CP-RA (A=8), tamed",44d6ecf1abcc7ab097c151f5d67417fb,8da7d73e85753d4e79f54062070fbc7b,True,3,3723,18.615000000000002,6393117426.43571,799139.6783044637,3723.0,953088.0,0.2401143061313872,0.0013813156417853412,0.0009300536001262127,0.03944795744734564,0.02447873419119299,0.04136791834183525,0.4835,0.016499999999999987,0.028983636427722823,0.006497293042920571,0.01804570270437531,0.2004689355036492,True,1.0,reject,pre_step,drift_diffusion_then_jump,iid_bank,8,every_step,True,0.0005172413793103451,0.005262931034482761,3962.140736693125,149518,0.0005061778135911899,1.0040155788342735,6.043513295729251e-07,0.0
LSC-CP-RA,"LSC-CP-RA (A=8), tamed",44d6ecf1abcc7ab097c151f5d67417fb,8da7d73e85753d4e79f54062070fbc7b,True,0,3753,18.765,6444633279.992806,805579.1599991008,3753.0,960768.0,0.13450151819767303,0.0003077809239373508,-0.00014246395357697672,0.03368831319443244,0.014844785531010063,0.019324220202098542,0.501,0.0010000000000000009,0.0011947430798929012,0.011002976988194857,0.025225727713679754,0.07825913928396189,True,1.0,reject,pre_step,drift_diffusion_then_jump,iid_bank,8,every_step,True,0.0004833333333333336,0.004733333333333335,1951.6385685499547,150654,0.0005059952038369305,1.0035571542765787,5.995203836930456e-07,0.0
LSC-CP-RA,"LSC-CP-RA (A=8), tamed",44d6ecf1abcc7ab097c151f5d67417fb,8da7d73e85753d4e79f54062070fbc7b,True,1,3753,18.765,6444633279.992806,805579.1599991008,3753.0,960768.0,0.14471241044895092,0.00026970236408929704,-0.0001811376530960196,0.049481224955238434,0.03250975972135838,0.05261463851769565,0.519,0.019000000000000017,0.044371303046264715,0.002451491617806445,0.09510990110478806,0.22495324403691097,True,1.0,reject,pre_step,drift_diffusion_then_jump,iid_bank,8,every_step,True,0.0004833333333333336,0.004733333333333335,1951.6385685499547,150654,0.0005059952038369305,1.0035571542765787,5.995203836930456e-07,0.0
LSC-CP-RA,"LSC-CP-RA (A=8), tamed",44d6ecf1abcc7ab097c151f5d67417fb,8da7d73e85753d4e79f54062070fbc7b,True,2,3753,18.765,6444633279.992806,805579.1599991008,3753.0,960768.0,0.21866175791187056,0.0007651002287467623,0.00031286801981633694,0.020316269397123443,0.015577644723089229,0.030297983146792322,0.4905,0.009500000000000036,0.020123814331863176,0.022191886775355663,0.060316314651703264,0.36354869267173184,True,1.0,reject,pre_step,drift_diffusion_then_jump,iid_bank,8,every_step,True,0.0004833333333333336,0.004733333333333335,1951.6385685499547,150654,0.0005059952038369305,1.0035571542765787,5.995203836930456e-07,0.0
LSC-CP-RA,"LSC-CP-RA (A=8), tamed",44d6ecf1abcc7ab097c151f5d67417fb,8da7d73e85753d4e79f54062070fbc7b,True,3,3753,18.765,6444633279.992806,805579.1599991008,3753.0,960768.0,0.23504692273515115,0.0009969137193628352,0.0005448712094222596,0.029416172821201042,0.020093673346660873,0.03685805575745375,0.4865,0.013499999999999984,0.027563374219134188,0.019993283670672546,0.07643247877350817,0.3110786991741227,True,1.0,reject,pre_step,drift_diffusion_then_jump,iid_bank,8,every_step,True,0.0004833333333333336,0.004733333333333335,1951.6385685499547,150654,0.0005059952038369305,1.0035571542765787,5.995203836930456e-07,0.0
LSC-CP-RA,"LSC-CP-RA (A=8), tamed",44d6ecf1abcc7ab097c151f5d67417fb,8da7d73e85753d4e79f54062070fbc7b,True,0,3783,18.915,6496149133.549903,812018.6416937378,3783.0,968448.0,0.13687102057891262,0.0003311225738950041,-0.00011882994006029435,0.035503184787864295,0.01388950514573151,0.014555298251248284,0.499,0.0010000000000000009,0.0018363926396012548,0.016920878976249165,0.003472911182205886,0.016970472797760983,True,1.0,reject,pre_step,drift_diffusion_then_jump,iid_bank,8,every_step,True,0.00047500000000000016,0.005266666666666668,2020.2897591364692,151918,0.0005057494052339413,1.0039518900343642,6.608511763150938e-07,0.0
LSC-CP-RA,"LSC-CP-RA (A=8), tamed",44d6ecf1abcc7ab097c151f5d67417fb,8da7d73e85753d4e79f54062070fbc7b,True,1,3783,18.915,6496149133.549903,812018.6416937378,3783.0,968448.0,0.08890647620188678,0.00010133171922666051,-0.00034946185282036524,0.02961581335086161,0.016246828379537125,0.026517135816320765,0.508,0.008000000000000007,0.020640428479180486,0.002913177012118795,0.046917527883038906,0.09587126294305504,True,1.0,reject,pre_step,drift_diffusion_then_jump,iid_bank,8,every_step,True,0.00047500000000000016,0.005266666666666668,2020.2897591364692,151918,0.0005057494052339413,1.0039518900343642,6.608511763150938e-07,0.0
LSC-CP-RA,"LSC-CP-RA (A=8), tamed",44d6ecf1abcc7ab097c151f5d67417fb,8da7d73e85753d4e79f54062070fbc7b,True,2,3783,18.915,6496149133.549903,812018.6416937378,3783.0,968448.0,0.203181605079148,0.0008820458659793973,0.0004314167764203347,0.02621271575150269,0.01755479633009634,0.02985376840921745,0.4895,0.010500000000000037,0.015392161997512041,0.004225003169247787,0.00036721801777728165,0.10842427504291907,True,1.0,reject,pre_step,drift_diffusion_then_jump,iid_bank,8,every_step,True,0.00047500000000000016,0.005266666666666668,2020.2897591364692,151918,0.0005057494052339413,1.0039518900343642,6.608511763150938e-07,0.0
LSC-CP-RA,"LSC-CP-RA (A=8), tamed",44d6ecf1abcc7ab097c151f5d67417fb,8da7d73e85753d4e79f54062070fbc7b,True,3,3783,18.915,6496149133.549903,812018.6416937378,3783.0,968448.0,0.23585666774703265,0.0012084076741307737,0.0007572587518328566,0.02408934994997136,0.022545766385776485,0.03995744710520748,0.4845,0.015499999999999986,0.02348986842632259,0.004250828216044167,0.012304662457880748,0.18903599077596456,True,1.0,reject,pre_step,drift_diffusion_then_jump,iid_bank,8,every_step,True,0.00047500000000000016,0.005266666666666668,2020.2897591364692,151918,0.0005057494052339413,1.0039518900343642,6.608511763150938e-07,0.0
LSC-CP-RA,"LSC-CP-RA (A=8), tamed",44d6ecf1abcc7ab097c151f5d67417fb,8da7d73e85753d4e79f54062070fbc7b,True,0,3812,19.06,6545947791.98843,818243.4739985537,3812.0,975872.0,0.15755735904836426,0.00048349599975006097,3.361189617956395e-05,0.02776761581728837,0.01268741261241479,0.016815762331633635,0.4955,0.004500000000000032,0.0037165911516449882,0.015836173912445628,0.00033086989893063595,0.009751388878759704,True,1.0,reject,pre_step,drift_diffusion_then_jump,iid_bank,8,every_step,True,0.00046551724137931056,0.004810344827586208,1824.0708663908824,153034,0.0005054433368310598,1.0036332633788039,6.558237145855194e-07,0.0
LSC-CP-RA,"LSC-CP-RA (A=8), tamed",44d6ecf1abcc7ab097c151f5d67417fb,8da7d73e85753d4e79f54062070fbc7b,True,1,3812,19.06,6545947791.98843,818243.4739985537,3812.0,975872.0,0.1356432544632768,0.000320861894710478,-0.00012975963236627752,0.033224646450541545,0.015795138773648642,0.023646929356382823,0.503,0.0030000000000000027,0.003433894827066939,0.004869156571415401,0.002235738137688195,0.16382955305620428,True,1.0,reject,pre_step,drift_diffusion_then_jump,iid_bank,8,every_step,True,0.00046551724137931056,0.004810344827586208,1824.0708663908824,153034,0.0005054433368310598,1.0036332633788039,6.558237145855194e-07,0.0
LSC-CP-RA,"LSC-CP-RA (A=8), tamed",44d6ecf1abcc7ab097c151f5d67417fb,8da7d73e85753d4e79f54062070fbc7b,True,2,3812,19.06,6545947791.98843,818243.4739985537,3812.0,975872.0,0.2464946302639003,0.0015064560017645778,0.001054702103476024,0.03595109163995691,0.026459322810415523,0.04580570779865619,0.484,0.016000000000000014,0.03425250337214859,0.014836885107924913,0.02160305139732442,0.2679998257838313,True,1.0,reject,pre_step,drift_diffusion_then_jump,iid_bank,8,every_step,True,0.00046551724137931056,0.004810344827586208,1824.0708663908824,153034,0.0005054433368310598,1.0036332633788039,6.558237145855194e-07,0.0
LSC-CP-RA,"LSC-CP-RA (A=8), tamed",44d6ecf1abcc7ab097c151f5d67417fb,8da7d73e85753d4e79f54062070fbc7b,True,3,3812,19.06,6545947791.98843,818243.4739985537,3812.0,975872.0,0.2174450021968946,0.0011938470504763155,0.0007436172104767769,0.034129870037795385,0.02128603976417992,0.03329575457025995,0.486,0.014000000000000012,0.0244532443872549,0.008284971894490512,0.013765384323750005,0.07123778121260804,True,1.0,reject,pre_step,drift_diffusion_then_jump,iid_bank,8,every_step,True,0.00046551724137931056,0.004810344827586208,1824.0708663908824,153034,0.0005054433368310598,1.0036332633788039,6.558237145855194e-07,0.0
LSC-CP-RA,"LSC-CP-RA (A=8), tamed",44d6ecf1abcc7ab097c151f5d67417fb,8da7d73e85753d4e79f54062070fbc7b,True,0,3842,19.21,6597463645.5455265,824682.9556931908,3842.0,983552.0,0.19470553894350903,0.00045775131586756057,5.950617635863686e-06,0.03264606033830664,0.016072521219491702,0.026360117428120618,0.4955,0.004500000000000032,0.010140202099154255,0.015400677838846688,0.06260312956251488,0.3048993923264488,True,1.0,reject,pre_step,drift_diffusion_then_jump,iid_bank,8,every_step,True,0.0005625000000000002,0.005025000000000001,4023.4251593516974,154240,0.0005058888599687662,1.0036439354502864,6.50702758979698e-07,0.0
LSC-CP-RA,"LSC-CP-RA (A=8), tamed",44d6ecf1abcc7ab097c151f5d67417fb,8da7d73e85753d4e79f54062070fbc7b,True,1,3842,19.21,6597463645.5455265,824682.9556931908,3842.0,983552.0,0.11449325853706496,0.00023510790746084087,-0.00021566825080743257,0.02814979294423775,0.016205478574901913,0.02593345388770889,0.506,0.006000000000000005,0.010638110506628398,0.003662158479893818,0.03434186959522919,0.14814850134789703,True,1.0,reject,pre_step,drift_diffusion_then_jump,iid_bank,8,every_step,True,0.0005625000000000002,0.005025000000000001,4023.4251593516974,154240,0.0005058888599687662,1.0036439354502864,6.50702758979698e-07,0.0
LSC-CP-RA,"LSC-CP-RA (A=8), tamed",44d6ecf1abcc7ab097c151f5d67417fb,8da7d73e85753d4e79f54062070fbc7b,True,2,3842,19.21,6597463645.5455265,824682.9556931908,3842.0,983552.0,0.20887242303571388,0.0010433085898424732,0.0005930072578305134,0.034655310329564815,0.022401848220009526,0.03646624131201365,0.489,0.01100000000000001,0.01883211956473306,0.010941585505069185,0.011850536175640407,0.0816610150641025,True,1.0,reject,pre_step,drift_diffusion_then_jump,iid_bank,8,every_step,True,0.0005625000000000002,0.005025000000000001,4023.4251593516974,154240,0.0005058888599687662,1.0036439354502864,6.50702758979698e-07,0.0
LSC-CP-RA,"LSC-CP-RA (A=8), tamed",44d6ecf1abcc7ab097c151f5d67417fb,8da7d73e85753d4e79f54062070fbc7b,True,3,3842,19.21,6597463645.5455265,824682.9556931908,3842.0,983552.0,0.2128054780639814,0.0008373136087150845,0.000385677329761136,0.04294064997990338,0.02285400610214441,0.03777453444733392,0.4935,0.0065000000000000335,0.012807717156446066,0.011669149364284093,0.0024642137801596823,0.37629844990450423,True,1.0,reject,pre_step,drift_diffusion_then_jump,iid_bank,8,every_step,True,0.0005625000000000002,0.005025000000000001,4023.4251593516974,154240,0.0005058888599687662,1.0036439354502864,6.50702758979698e-07,0.0
LSC-CP-RA,"LSC-CP-RA (A=8), tamed",44d6ecf1abcc7ab097c151f5d67417fb,8da7d73e85753d4e79f54062070fbc7b,True,0,3872,19.36,6648979499.102624,831122.437387828,3872.0,991232.0,0.10888909432589083,0.00013328230558340426,-0.0003178867110843475,0.028997510302186336,0.017434902266459763,0.030640761117186253,0.5085000000000001,0.008500000000000035,0.016735590457556963,0.003747120856785857,0.007870199505713703,0.2015823497634871,True,1.0,reject,pre_step,drift_diffusion_then_jump,iid_bank,8,every_step,True,0.000579166666666667,0.005104166666666668,1849.3728283202497,155465,0.000506456611570248,1.003777117768595,6.456611570247934e-07,0.0
LSC-CP-RA,"LSC-CP-RA (A=8), tamed",44d6ecf1abcc7ab097c151f5d67417fb,8da7d73e85753d4e79f54062070fbc7b,True,1,3872,19.36,6648979499.102624,831122.437387828,3872.0,991232.0,0.14886884748943516,0.0003623745748734253,-8.89372575639813e-05,0.038306755665301506,0.017451662680527422,0.025341811332207143,0.503,0.0030000000000000027,0.01476408209360694,0.003855628680907053,0.09125229427052906,0.22765676423897252,True,1.0,reject,pre_step,drift_diffusion_then_jump,iid_bank,8,every_step,True,0.000579166666666667,0.005104166666666668,1849.3728283202497,155465,0.000506456611570248,1.003777117768595,6.456611570247934e-07,0.0
LSC-CP-RA,"LSC-CP-RA (A=8), tamed",44d6ecf1abcc7ab097c151f5d67417fb,8da7d73e85753d4e79f54062070fbc7b,True,2,3872,19.36,6648979499.102624,831122.437387828,3872.0,991232.0,0.2508621100544666,0.0016256128101349576,0.0011748752468684343,0.024499276000345405,0.026287672322946345,0.0447730360400168,0.481,0.019000000000000017,0.029963712975926385,0.0022956294455594994,0.013525814129645694,0.1962245814010083,True,1.0,reject,pre_step,drift_diffusion_then_jump,iid_bank,8,every_step,True,0.000579166666666667,0.005104166666666668,1849.3728283202497,155465,0.000506456611570248,1.003777117768595,6.456611570247934e-07,0.0
LSC-CP-RA,"LSC-CP-RA (A=8), tamed",44d6ecf1abcc7ab097c151f5d67417fb,8da7d73e85753d4e79f54062070fbc7b,True,3,3872,19.36,6648979499.102624,831122.437387828,3872.0,991232.0,0.21227146415329964,0.0005340972337022354,8.17606410402627e-05,0.029550383864181184,0.016875588404857193,0.03133308118105495,0.4955,0.004500000000000032,0.012958371355559056,0.025480229889475625,0.07151784610461567,0.4766213212206719,True,1.0,reject,pre_step,drift_diffusion_then_jump,iid_bank,8,every_step,True,0.000579166666666667,0.005104166666666668,1849.3728283202497,155465,0.000506456611570248,1.003777117768595,6.456611570247934e-07,0.0
LSC-CP-RA,"LSC-CP-RA (A=8), tamed",44d6ecf1abcc7ab097c151f5d67417fb,8da7d73e85753d4e79f54062070fbc7b,True,0,3902,19.51,6700495352.65972,837561.919082465,3902.0,998912.0,0.11371558438257695,0.0003499291263493465,-9.981675545056579e-05,0.03160261686789445,0.018717419696790166,0.02553287002014895,0.504,0.0040000000000000036,0.011611799070322068,0.019589385015592042,0.044253335902399264,0.038562043565738446,True,1.0,reject,pre_step,drift_diffusion_then_jump,iid_bank,8,every_step,True,0.0005416666666666669,0.004954166666666667,3485.497561048372,156654,0.0005067273193234239,1.0036776012301385,6.406970784213224e-07,0.0
LSC-CP-RA,"LSC-CP-RA (A=8), tamed",44d6ecf1abcc7ab097c151f5d67417fb,8da7d73e85753d4e79f54062070fbc7b,True,1,3902,19.51,6700495352.65972,837561.919082465,3902.0,998912.0,0.15697812655106433,0.00029954074460614155,-0.00015216510315985143,0.02309173964349015,0.012430373230884544,0.01755681359448477,0.5,0.0,0.0002959738160993651,0.008218579314036578,0.0075962364099733054,0.18340827009361493,True,1.0,reject,pre_step,drift_diffusion_then_jump,iid_bank,8,every_step,True,0.0005416666666666669,0.004954166666666667,3485.497561048372,156654,0.0005067273193234239,1.0036776012301385,6.406970784213224e-07,0.0
LSC-CP-RA,"LSC-CP-RA (A=8), tamed",44d6ecf1abcc7ab097c151f5d67417fb,8da7d73e85753d4e79f54062070fbc7b,True,2,3902,19.51,6700495352.65972,837561.919082465,3902.0,998912.0,0.24132088961498,0.0012255752152102728,0.0007743072734680556,0.03342041207123192,0.02360530903797114,0.04211646881349854,0.4845,0.015499999999999986,0.02197481794638986,0.008959437964648598,0.018700271049265825,0.27809004614528343,True,1.0,reject,pre_step,drift_diffusion_then_jump,iid_bank,8,every_step,True,0.0005416666666666669,0.004954166666666667,3485.497561048372,156654,0.0005067273193234239,1.0036776012301385,6.406970784213224e-07,0.0
LSC-CP-RA,"LSC-CP-RA (A=8), tamed",44d6ecf1abcc7ab097c151f5d67417fb,8da7d73e85753d4e79f54062070fbc7b,True,3,3902,19.51,6700495352.65972,837561.919082465,3902.0,998912.0,0.18987302743254938,0.0007276321692742949,0.00027712263755630406,0.029378503083476115,0.01756105723423389,0.027950259259071762,0.4925,0.007500000000000034,0.01032091457043436,0.006732369826830342,0.006092772891642675,0.1071204675718388,True,1.0,reject,pre_step,drift_diffusion_then_jump,iid_bank,8,every_step,True,0.0005416666666666669,0.004954166666666667,3485.497561048372,156654,0.0005067273193234239,1.0036776012301385,6.406970784213224e-07,0.0
LSC-CP-RA,"LSC-CP-RA (A=8), tamed",44d6ecf1abcc7ab097c151f5d67417fb,8da7d73e85753d4e79f54062070fbc7b,True,0,3931,19.655,6750294011.098248,843786.751387281,3931.0,1006336.0,0.12690559896631884,0.00014181599656648558,-0.0003096676672168508,0.022212715751502965,0.013245768080021387,0.024213672528706296,0.506,0.006000000000000005,0.013045498932677228,0.009524356152254665,0.03695286263999933,0.23795955376603695,True,1.0,reject,pre_step,drift_diffusion_then_jump,iid_bank,8,every_step,True,0.0005689655172413796,0.0048663793103448285,3002.645013019935,157783,0.0005071864665479521,1.003453319765963,6.359704909692191e-07,0.0
LSC-CP-RA,"LSC-CP-RA (A=8), tamed",44d6ecf1abcc7ab097c151f5d67417fb,8da7d73e85753d4e79f54062070fbc7b,True,1,3931,19.655,6750294011.098248,843786.751387281,3931.0,1006336.0,0.13096391862688114,0.00025657593836414527,-0.0001943315672053858,0.020592254062054005,0.00982657184062184,0.014763585726778019,0.503,0.0030000000000000027,0.0010459469117372383,0.000981894619701884,0.011792952882245583,0.10389802945523308,True,1.0,reject,pre_step,drift_diffusion_then_jump,iid_bank,8,every_step,True,0.0005689655172413796,0.0048663793103448285,3002.645013019935,157783,0.0005071864665479521,1.003453319765963,6.359704909692191e-07,0.0
LSC-CP-RA,"LSC-CP-RA (A=8), tamed",44d6ecf1abcc7ab097c151f5d67417fb,8da7d73e85753d4e79f54062070fbc7b,True,2,3931,19.655,6750294011.098248,843786.751387281,3931.0,1006336.0,0.1936942063389889,0.0007558318435006983,0.0003055310812456469,0.03551230636993763,0.02034877016274784,0.031723463926736216,0.492,0.008000000000000007,0.013888365703815011,0.011346109266832993,0.032455813876052196,0.08165245267705112,True,1.0,reject,pre_step,drift_diffusion_then_jump,iid_bank,8,every_step,True,0.0005689655172413796,0.0048663793103448285,3002.645013019935,157783,0.0005071864665479521,1.003453319765963,6.359704909692191e-07,0.0
LSC-CP-RA,"LSC-CP-RA (A=8), tamed",44d6ecf1abcc7ab097c151f5d67417fb,8da7d73e85753d4e79f54062070fbc7b,True,3,3931,19.655,6750294011.098248,843786.751387281,3931.0,1006336.0,0.1808014373620482,0.0004985843632504539,4.738587176766895e-05,0.0242679529159624,0.013947211710637229,0.023359616803964863,0.497,0.0030000000000000027,0.003320446132417298,0.005391144378173229,0.0016609891715652983,0.26007696664849334,True,1.0,reject,pre_step,drift_diffusion_then_jump,iid_bank,8,every_step,True,0.0005689655172413796,0.0048663793103448285,3002.645013019935,157783,0.0005071864665479521,1.003453319765963,6.359704909692191e-07,0.0
LSC-CP-RA,"LSC-CP-RA (A=8), tamed",44d6ecf1abcc7ab097c151f5d67417fb,8da7d73e85753d4e79f54062070fbc7b,True,0,3961,19.805,6801809864.655344,850226.233081918,3961.0,1014016.0,0.18053228270832247,0.0006377090969384991,0.00018689887620060297,0.03434427002015658,0.01621810518530317,0.025014746803460927,0.495,0.0050000000000000044,0.009653832023230823,0.0029523022107205144,0.007860017694429533,0.14421439630345578,True,1.0,reject,pre_step,drift_diffusion_then_jump,iid_bank,8,every_step,True,0.0004833333333333336,0.004783333333333334,4601.138951203844,158931,0.0005070058066144913,1.0030989649078514,6.311537490532694e-07,0.0
LSC-CP-RA,"LSC-CP-RA (A=8), tamed",44d6ecf1abcc7ab097c151f5d67417fb,8da7d73e85753d4e79f54062070fbc7b,True,1,3961,19.805,6801809864.655344,850226.233081918,3961.0,1014016.0,0.1642142013604886,0.0003277151062635042,-0.00012375723593083254,0.033721272738390456,0.014206394021283035,0.01844500496224878,0.4995,0.0005000000000000282,0.007546336703761633,0.007809869313734064,0.053463938656175804,0.22127953208724438,True,1.0,reject,pre_step,drift_diffusion_then_jump,iid_bank,8,every_step,True,0.0004833333333333336,0.004783333333333334,4601.138951203844,158931,0.0005070058066144913,1.0030989649078514,6.311537490532694e-07,0.0
LSC-CP-RA,"LSC-CP-RA (A=8), tamed",44d6ecf1abcc7ab097c151f5d67417fb,8da7d73e85753d4e79f54062070fbc7b,True,2,3961,19.805,6801809864.655344,850226.233081918,3961.0,1014016.0,0.1929209747710219,0.0007855440801999292,0.0003353663124818773,0.034640632672785276,0.018879800636962672,0.02974378329389278,0.4915,0.008500000000000035,0.014242624471732353,0.011312390709537712,0.016699912313805947,0.08594231088670912,True,1.0,reject,pre_step,drift_diffusion_then_jump,iid_bank,8,every_step,True,0.0004833333333333336,0.004783333333333334,4601.138951203844,158931,0.0005070058066144913,1.0030989649078514,6.311537490532694e-07,0.0
LSC-CP-RA,"LSC-CP-RA (A=8), tamed",44d6ecf1abcc7ab097c151f5d67417fb,8da7d73e85753d4e79f54062070fbc7b,True,3,3961,19.805,6801809864.655344,850226.233081918,3961.0,1014016.0,0.18947515760416664,0.0007682826898697259,0.00031755116755671775,0.03711886628552269,0.019490594215109645,0.029107374120182508,0.494,0.006000000000000005,0.016865151599858918,0.0037105612976034985,0.023359102759255967,0.16153854003575063,True,1.0,reject,pre_step,drift_diffusion_then_jump,iid_bank,8,every_step,True,0.0004833333333333336,0.004783333333333334,4601.138951203844,158931,0.0005070058066144913,1.0030989649078514,6.311537490532694e-07,0.0
LSC-CP-RA,"LSC-CP-RA (A=8), tamed",44d6ecf1abcc7ab097c151f5d67417fb,8da7d73e85753d4e79f54062070fbc7b,True,0,3991,19.955000000000002,6853325718.2124405,856665.7147765551,3991.0,1021696.0,0.15118281301937386,0.0004185533533496155,-3.2005212146857254e-05,0.03320889019687323,0.01986810603742042,0.0275264592393301,0.5015000000000001,0.001500000000000029,0.00035452593797314616,0.0070114991302890894,0.02953343421480757,0.19163870599695987,True,1.0,reject,pre_step,drift_diffusion_then_jump,iid_bank,8,every_step,True,0.00047916666666666686,0.004975,2343.2161924864904,160125,0.000506796542219995,1.0030380856928087,6.264094211976948e-07,0.0
LSC-CP-RA,"LSC-CP-RA (A=8), tamed",44d6ecf1abcc7ab097c151f5d67417fb,8da7d73e85753d4e79f54062070fbc7b,True,1,3991,19.955000000000002,6853325718.2124405,856665.7147765551,3991.0,1021696.0,0.16796290326012117,0.0005578774428848243,0.00010753905330240787,0.02926173879799432,0.01775735542086348,0.025485291917734035,0.497,0.0030000000000000027,0.00865698375268494,0.010817874983542475,0.019265698680583032,0.10503427980765745,True,1.0,reject,pre_step,drift_diffusion_then_jump,iid_bank,8,every_step,True,0.00047916666666666686,0.004975,2343.2161924864904,160125,0.000506796542219995,1.0030380856928087,6.264094211976948e-07,0.0
LSC-CP-RA,"LSC-CP-RA (A=8), tamed",44d6ecf1abcc7ab097c151f5d67417fb,8da7d73e85753d4e79f54062070fbc7b,True,2,3991,19.955000000000002,6853325718.2124405,856665.7147765551,3991.0,1021696.0,0.18233830009661145,0.0005206947739194723,6.985811992654689e-05,0.034367259728423805,0.01804114410712802,0.02706515297668077,0.4965,0.003500000000000031,0.010470934260447408,0.0009010427553141076,0.06491771220722678,0.22598092413470894,True,1.0,reject,pre_step,drift_diffusion_then_jump,iid_bank,8,every_step,True,0.00047916666666666686,0.004975,2343.2161924864904,160125,0.000506796542219995,1.0030380856928087,6.264094211976948e-07,0.0
LSC-CP-RA,"LSC-CP-RA (A=8), tamed",44d6ecf1abcc7ab097c151f5d67417fb,8da7d73e85753d4e79f54062070fbc7b,True,3,3991,19.955000000000002,6853325718.2124405,856665.7147765551,3991.0,1021696.0,0.1744012430614473,0.0005223192487320283,7.180697848174766e-05,0.028312422597648712,0.01756866487559507,0.025674298415006458,0.497,0.0030000000000000027,0.007584312275079527,0.006277591505974067,0.04278130412151699,0.16247382152122347,True,1.0,reject,pre_step,drift_diffusion_then_jump,iid_bank,8,every_step,True,0.00047916666666666686,0.004975,2343.2161924864904,160125,0.000506796542219995,1.0030380856928087,6.264094211976948e-07,0.0
LSC-CP-RA,"LSC-CP-RA (A=8), tamed",44d6ecf1abcc7ab097c151f5d67417fb,8da7d73e85753d4e79f54062070fbc7b,True,0,4020,20.1,6903124376.650968,862890.547081371,4020.0,1029120.0,0.1503854913448304,0.0005706238636998817,0.00012101881766957145,0.037612636545956146,0.01958511237836098,0.02451614325932651,0.4985,0.001500000000000029,0.00016611051541193256,0.021373981322693858,0.0141241957294811,0.06971867118360697,True,1.0,reject,pre_step,drift_diffusion_then_jump,iid_bank,8,every_step,True,0.0004181034482758622,0.00492241379310345,1850.874684008001,161267,0.0005061567164179105,1.0029042288557215,6.218905472636816e-07,0.0
LSC-CP-RA,"LSC-CP-RA (A=8), tamed",44d6ecf1abcc7ab097c151f5d67417fb,8da7d73e85753d4e79f54062070fbc7b,True,1,4020,20.1,6903124376.650968,862890.547081371,4020.0,1029120.0,0.1929905082781701,0.0009718536011719126,0.0005224642628258724,0.036304474669217435,0.023203256212370443,0.03393047138906867,0.492,0.008000000000000007,0.014877491748732253,0.021499194934200605,0.0020610846121738085,0.046887952372288155,True,1.0,reject,pre_step,drift_diffusion_then_jump,iid_bank,8,every_step,True,0.0004181034482758622,0.00492241379310345,1850.874684008001,161267,0.0005061567164179105,1.0029042288557215,6.218905472636816e-07,0.0
LSC-CP-RA,"LSC-CP-RA (A=8), tamed",44d6ecf1abcc7ab097c151f5d67417fb,8da7d73e85753d4e79f54062070fbc7b,True,2,4020,20.1,6903124376.650968,862890.547081371,4020.0,1029120.0,0.15891713463170898,0.0002897590611266043,-0.00016129531122788254,0.025039225966200618,0.013195349810833416,0.01867831096322731,0.5005000000000001,0.0005000000000000282,0.0037987089503987237,0.00448238369594256,0.05746774448393881,0.23097577829490434,True,1.0,reject,pre_step,drift_diffusion_then_jump,iid_bank,8,every_step,True,0.0004181034482758622,0.00492241379310345,1850.874684008001,161267,0.0005061567164179105,1.0029042288557215,6.218905472636816e-07,0.0
LSC-CP-RA,"LSC-CP-RA (A=8), tamed",44d6ecf1abcc7ab097c151f5d67417fb,8da7d73e85753d4e79f54062070fbc7b,True,3,4020,20.1,6903124376.650968,862890.547081371,4020.0,1029120.0,0.14795368032056117,0.0003677953070887474,-8.310818115020435e-05,0.032449797529075425,0.01749567259754073,0.024436399922250145,0.502,0.0020000000000000018,0.00018638132837156107,0.0023115686160342097,0.020608168580667375,0.18732493135157735,True,1.0,reject,pre_step,drift_diffusion_then_jump,iid_bank,8,every_step,True,0.0004181034482758622,0.00492241379310345,1850.874684008001,161267,0.0005061567164179105,1.0029042288557215,6.218905472636816e-07,0.0
LSC-CP-RA,"LSC-CP-RA (A=8), tamed",44d6ecf1abcc7ab097c151f5d67417fb,8da7d73e85753d4e79f54062070fbc7b,True,0,4050,20.25,6954640230.208064,869330.028776008,4050.0,1036800.0,0.16636210295744985,0.0003814472381791223,-6.975772125383806e-05,0.031487652258861965,0.018048334971787,0.027354395279357187,0.502,0.0020000000000000018,0.012001451603848697,0.00944034683035544,0.06972243352115065,0.372371248058618,True,1.0,reject,pre_step,drift_diffusion_then_jump,iid_bank,8,every_step,True,0.0005041666666666669,0.004920833333333334,1678.4102502946344,162448,0.000506141975308642,1.0027654320987653,6.17283950617284e-07,0.0
LSC-CP-RA,"LSC-CP-RA (A=8), tamed",44d6ecf1abcc7ab097c151f5d67417fb,8da7d73e85753d4e79f54062070fbc7b,True,1,4050,20.25,6954640230.208064,869330.028776008,4050.0,1036800.0,0.18171650219981347,0.0007892951665238179,0.00033942810998588424,0.03234181581411977,0.02028799549203761,0.030140459998670648,0.4935,0.0065000000000000335,0.008886044699954965,0.017847691207094396,0.011503839561225004,0.05628313081744707,True,1.0,reject,pre_step,drift_diffusion_then_jump,iid_bank,8,every_step,True,0.0005041666666666669,0.004920833333333334,1678.4102502946344,162448,0.000506141975308642,1.0027654320987653,6.17283950617284e-07,0.0
LSC-CP-RA,"LSC-CP-RA (A=8), tamed",44d6ecf1abcc7ab097c151f5d67417fb,8da7d73e85753d4e79f54062070fbc7b,True,2,4050,20.25,6954640230.208064,869330.028776008,4050.0,1036800.0,0.19862903428707468,0.0009114081607206614,0.0004613096684740192,0.03431581944767004,0.020782447592379558,0.03143225184642715,0.491,0.009000000000000008,0.02182465919470834,0.011957087176883707,0.05410574233747742,0.10378019185402743,True,1.0,reject,pre_step,drift_diffusion_then_jump,iid_bank,8,every_step,True,0.0005041666666666669,0.004920833333333334,1678.4102502946344,162448,0.000506141975308642,1.0027654320987653,6.17283950617284e-07,0.0
LSC-CP-RA,"LSC-CP-RA (A=8), tamed",44d6ecf1abcc7ab097c151f5d67417fb,8da7d73e85753d4e79f54062070fbc7b,True,3,4050,20.25,6954640230.208064,869330.028776008,4050.0,1036800.0,0.19417991203819795,0.00038712618796321596,-6.59633396185022e-05,0.021317803730657503,0.01139252871916574,0.0225172012458216,0.497,0.0030000000000000027,0.007184209541531368,0.030981922051940836,0.0383791584121611,0.385873032160612,True,1.0,reject,pre_step,drift_diffusion_then_jump,iid_bank,8,every_step,True,0.0005041666666666669,0.004920833333333334,1678.4102502946344,162448,0.000506141975308642,1.0027654320987653,6.17283950617284e-07,0.0
LSC-CP-RA,"LSC-CP-RA (A=8), tamed",44d6ecf1abcc7ab097c151f5d67417fb,8da7d73e85753d4e79f54062070fbc7b,True,0,4080,20.400000000000002,7006156083.7651615,875769.5104706452,4080.0,1044480.0,0.1482463640838614,0.00031815091827513964,-0.0001331979753665946,0.027460093028867427,0.014243540905488523,0.02249129382562096,0.502,0.0020000000000000018,0.006735631381652481,0.0048452281177220335,0.0466827757609405,0.22983020748424987,True,1.0,reject,pre_step,drift_diffusion_then_jump,iid_bank,8,every_step,True,0.0004875000000000002,0.005141666666666668,1468.6785884465085,163682,0.0005060049019607843,1.002953431372549,6.127450980392157e-07,0.0
LSC-CP-RA,"LSC-CP-RA (A=8), tamed",44d6ecf1abcc7ab097c151f5d67417fb,8da7d73e85753d4e79f54062070fbc7b,True,1,4080,20.400000000000002,7006156083.7651615,875769.5104706452,4080.0,1044480.0,0.1902705637597996,0.0005467581185253367,9.513906953584339e-05,0.036701353399076764,0.015774116826199246,0.02557195814560568,0.4945,0.005500000000000033,0.0037262561186066677,0.008982840447574136,0.016901425357913332,0.22879091583140354,True,1.0,reject,pre_step,drift_diffusion_then_jump,iid_bank,8,every_step,True,0.0004875000000000002,0.005141666666666668,1468.6785884465085,163682,0.0005060049019607843,1.002953431372549,6.127450980392157e-07,0.0
LSC-CP-RA,"LSC-CP-RA (A=8), tamed",44d6ecf1abcc7ab097c151f5d67417fb,8da7d73e85753d4e79f54062070fbc7b,True,2,4080,20.400000000000002,7006156083.7651615,875769.5104706452,4080.0,1044480.0,0.16345457918489636,0.00047145218278732415,2.0856064193552903e-05,0.030158284381407913,0.014255766534925428,0.019478556223882084,0.4975,0.00250000000000003,0.008707598305698689,0.004641114172796779,0.024295716836463976,0.11503556412778082,True,1.0,reject,pre_step,drift_diffusion_then_jump,iid_bank,8,every_step,True,0.0004875000000000002,0.005141666666666668,1468.6785884465085,163682,0.0005060049019607843,1.002953431372549,6.127450980392157e-07,0.0
LSC-CP-RA,"LSC-CP-RA (A=8), tamed",44d6ecf1abcc7ab097c151f5d67417fb,8da7d73e85753d4e79f54062070fbc7b,True,3,4080,20.400000000000002,7006156083.7651615,875769.5104706452,4080.0,1044480.0,0.1608112960112025,0.00024745897827105345,-0.00020466812811326118,0.02642458311953577,0.012164716047641199,0.020298825058713887,0.502,0.0020000000000000018,0.0047679164249614,0.017644115385952674,0.011620702194813896,0.3075777082728087,True,1.0,reject,pre_step,drift_diffusion_then_jump,iid_bank,8,every_step,True,0.0004875000000000002,0.005141666666666668,1468.6785884465085,163682,0.0005060049019607843,1.002953431372549,6.127450980392157e-07,0.0
LSC-CP-RA,"LSC-CP-RA (A=8), tamed",44d6ecf1abcc7ab097c151f5d67417fb,8da7d73e85753d4e79f54062070fbc7b,True,0,4109,20.545,7055954742.203688,881994.3427754609,4109.0,1051904.0,0.08820188710039618,0.00019511682455508605,-0.00025505575713835604,0.03165220337209562,0.023629467531381124,0.039016312034647824,0.5135,0.013499999999999984,0.023060551891450027,0.011193980007795257,0.013300924921025421,0.09405507561716242,True,1.0,reject,pre_step,drift_diffusion_then_jump,iid_bank,8,every_step,True,0.0005086206896551726,0.004918103448275863,900.3544155770239,164823,0.0005060233633487467,1.0028169871014845,6.084205402774398e-07,0.0
LSC-CP-RA,"LSC-CP-RA (A=8), tamed",44d6ecf1abcc7ab097c151f5d67417fb,8da7d73e85753d4e79f54062070fbc7b,True,1,4109,20.545,7055954742.203688,881994.3427754609,4109.0,1051904.0,0.14679744793985627,0.00035428287795502555,-9.609629785489737e-05,0.029861767892556457,0.013087479373244873,0.016348965022358303,0.4995,0.0005000000000000282,0.0002657614693507392,0.007871263488552493,0.005764167076087997,0.10633305472193821,True,1.0,reject,pre_step,drift_diffusion_then_jump,iid_bank,8,every_step,True,0.0005086206896551726,0.004918103448275863,900.3544155770239,164823,0.0005060233633487467,1.0028169871014845,6.084205402774398e-07,0.0
LSC-CP-RA,"LSC-CP-RA (A=8), tamed",44d6ecf1abcc7ab097c151f5d67417fb,8da7d73e85753d4e79f54062070fbc7b,True,2,4109,20.545,7055954742.203688,881994.3427754609,4109.0,1051904.0,0.17577467946466613,0.0005849477362147582,0.0001344261080207243,0.035677425379336825,0.017971428040229626,0.025680862576027218,0.496,0.0040000000000000036,0.007506570819050651,0.006423847654901449,0.0046968480592556585,0.1395030703205321,True,1.0,reject,pre_step,drift_diffusion_then_jump,iid_bank,8,every_step,True,0.0005086206896551726,0.004918103448275863,900.3544155770239,164823,0.0005060233633487467,1.0028169871014845,6.084205402774398e-07,0.0
LSC-CP-RA,"LSC-CP-RA (A=8), tamed",44d6ecf1abcc7ab097c151f5d67417fb,8da7d73e85753d4e79f54062070fbc7b,True,3,4109,20.545,7055954742.203688,881994.3427754609,4109.0,1051904.0,0.1634840051894917,0.00037705522542175185,-7.381340769652134e-05,0.023721434864856894,0.011840793662572653,0.016773693094711176,0.497,0.0030000000000000027,0.0017566017909241632,0.0007422402249187554,0.003280125548049853,0.10972117333244358,True,1.0,reject,pre_step,drift_diffusion_then_jump,iid_bank,8,every_step,True,0.0005086206896551726,0.004918103448275863,900.3544155770239,164823,0.0005060233633487467,1.0028169871014845,6.084205402774398e-07,0.0
LSC-CP-RA,"LSC-CP-RA (A=8), tamed",44d6ecf1abcc7ab097c151f5d67417fb,8da7d73e85753d4e79f54062070fbc7b,True,0,4139,20.695,7107470595.760785,888433.8244700981,4139.0,1059584.0,0.15269991224820728,0.00018912127166315074,-0.00026250416322359804,0.04085358123484484,0.029137176812057165,0.049376262080536595,0.52,0.020000000000000018,0.03861636856173676,0.017148792670791058,0.021371905825546066,0.283775230887226,True,1.0,reject,pre_step,drift_diffusion_then_jump,iid_bank,8,every_step,True,0.00045416666666666685,0.005066666666666667,3427.744213076268,166039,0.0005056474993959893,1.0028932109205122,6.342111621164532e-07,0.0
LSC-CP-RA,"LSC-CP-RA (A=8), tamed",44d6ecf1abcc7ab097c151f5d67417fb,8da7d73e85753d4e79f54062070fbc7b,True,1,4139,20.695,7107470595.760785,888433.8244700981,4139.0,1059584.0,0.17407257805225657,0.00043674897257217626,-1.4992167902239117e-05,0.02633679876787487,0.01420884259357538,0.022904156895231148,0.497,0.0030000000000000027,0.002390878034115416,0.007911870361624884,0.00633608263537992,0.2236299572023005,True,1.0,reject,pre_step,drift_diffusion_then_jump,iid_bank,8,every_step,True,0.00045416666666666685,0.005066666666666667,3427.744213076268,166039,0.0005056474993959893,1.0028932109205122,6.342111621164532e-07,0.0
LSC-CP-RA,"LSC-CP-RA (A=8), tamed",44d6ecf1abcc7ab097c151f5d67417fb,8da7d73e85753d4e79f54062070fbc7b,True,2,4139,20.695,7107470595.760785,888433.8244700981,4139.0,1059584.0,0.221361582514676,0.001012163967475499,0.0005612026570522843,0.027714485477248696,0.020682852147301763,0.036895559523489704,0.4885,0.011500000000000038,0.019577771178749905,0.0034257208243803072,0.010675750223546875,0.21560407023649997,True,1.0,reject,pre_step,drift_diffusion_then_jump,iid_bank,8,every_step,True,0.00045416666666666685,0.005066666666666667,3427.744213076268,166039,0.0005056474993959893,1.0028932109205122,6.342111621164532e-07,0.0
LSC-CP-RA,"LSC-CP-RA (A=8), tamed",44d6ecf1abcc7ab097c151f5d67417fb,8da7d73e85753d4e79f54062070fbc7b,True,3,4139,20.695,7107470595.760785,888433.8244700981,4139.0,1059584.0,0.16544341681874333,0.0002881925354778492,-0.00016434610890725398,0.021980109225784417,0.01330037848843028,0.02517018800584997,0.5025000000000001,0.00250000000000003,0.008696953349786672,0.024328860695944865,0.05037438056271382,0.4009826851321131,True,1.0,reject,pre_step,drift_diffusion_then_jump,iid_bank,8,every_step,True,0.00045416666666666685,0.005066666666666667,3427.744213076268,166039,0.0005056474993959893,1.0028932109205122,6.342111621164532e-07,0.0
LSC-CP-RA,"LSC-CP-RA (A=8), tamed",44d6ecf1abcc7ab097c151f5d67417fb,8da7d73e85753d4e79f54062070fbc7b,True,0,4169,20.845,7158986449.317882,894873.3061647352,4169.0,1067264.0,0.12964657916108754,0.0001447985872833346,-0.0003069153100296873,0.02452052677643568,0.013183323147146524,0.02401752864294763,0.5055000000000001,0.005500000000000033,0.016653872006132442,0.012416806455316287,0.06614706367445475,0.24667767910029925,True,1.0,reject,pre_step,drift_diffusion_then_jump,iid_bank,8,every_step,True,0.0004250000000000002,0.004900000000000001,4659.4162978597715,167215,0.0005050671623890622,1.0027284720556489,6.296473974574238e-07,0.0
LSC-CP-RA,"LSC-CP-RA (A=8), tamed",44d6ecf1abcc7ab097c151f5d67417fb,8da7d73e85753d4e79f54062070fbc7b,True,1,4169,20.845,7158986449.317882,894873.3061647352,4169.0,1067264.0,0.14214025048965728,0.00020083140528903698,-0.00025039968562945436,0.03541485770284891,0.018341853080136007,0.027461370438940192,0.504,0.0040000000000000036,0.011062255115476757,0.005593507238596307,0.022234613074317608,0.2507774649347273,True,1.0,reject,pre_step,drift_diffusion_then_jump,iid_bank,8,every_step,True,0.0004250000000000002,0.004900000000000001,4659.4162978597715,167215,0.0005050671623890622,1.0027284720556489,6.296473974574238e-07,0.0
LSC-CP-RA,"LSC-CP-RA (A=8), tamed",44d6ecf1abcc7ab097c151f5d67417fb,8da7d73e85753d4e79f54062070fbc7b,True,2,4169,20.845,7158986449.317882,894873.3061647352,4169.0,1067264.0,0.21628033315721074,0.0008405350082427709,0.0003889263557501632,0.03174952797620206,0.02046374995058958,0.036891929366553146,0.4925,0.007500000000000034,0.017328151265733546,0.012474844714656985,0.029311317215108892,0.3292244813170596,True,1.0,reject,pre_step,drift_diffusion_then_jump,iid_bank,8,every_step,True,0.0004250000000000002,0.004900000000000001,4659.4162978597715,167215,0.0005050671623890622,1.0027284720556489,6.296473974574238e-07,0.0
LSC-CP-RA,"LSC-CP-RA (A=8), tamed",44d6ecf1abcc7ab097c151f5d67417fb,8da7d73e85753d4e79f54062070fbc7b,True,3,4169,20.845,7158986449.317882,894873.3061647352,4169.0,1067264.0,0.1874081304610721,0.0005047525837319489,5.325301922609604e-05,0.03319221501838637,0.016255312850375275,0.024674051740122813,0.4965,0.003500000000000031,0.014426422306250818,0.009968581733690196,0.07076733542050867,0.28708511400300607,True,1.0,reject,pre_step,drift_diffusion_then_jump,iid_bank,8,every_step,True,0.0004250000000000002,0.004900000000000001,4659.4162978597715,167215,0.0005050671623890622,1.0027284720556489,6.296473974574238e-07,0.0
LSC-CP-RA,"LSC-CP-RA (A=8), tamed",44d6ecf1abcc7ab097c151f5d67417fb,8da7d73e85753d4e79f54062070fbc7b,True,0,4198,20.990000000000002,7208785107.756409,901098.1384695511,4198.0,1074688.0,0.1532078442315332,0.0003155258933871252,-0.00013516604845631441,0.019837775581869735,0.011539886480907114,0.016191423571647642,0.5005000000000001,0.0005000000000000282,0.0008691957839464158,0.0003992235821967949,0.0036072478389037642,0.19119083015743865,True,1.0,reject,pre_step,drift_diffusion_then_jump,iid_bank,8,every_step,True,0.0005043103448275865,0.005155172413793106,1292.2262230549484,168411,0.0005050619342544068,1.002924011434016,6.550738446879467e-07,0.0
LSC-CP-RA,"LSC-CP-RA (A=8), tamed",44d6ecf1abcc7ab097c151f5d67417fb,8da7d73e85753d4e79f54062070fbc7b,True,1,4198,20.990000000000002,7208785107.756409,901098.1384695511,4198.0,1074688.0,0.13369411350074956,0.00025133175563474275,-0.000199906149843887,0.027122361090610392,0.013707168580043672,0.019744383170200823,0.5015000000000001,0.001500000000000029,0.006400667535866391,0.00016779050551885,0.010272381822386895,0.12678537011850965,True,1.0,reject,pre_step,drift_diffusion_then_jump,iid_bank,8,every_step,True,0.0005043103448275865,0.005155172413793106,1292.2262230549484,168411,0.0005050619342544068,1.002924011434016,6.550738446879467e-07,0.0
LSC-CP-RA,"LSC-CP-RA (A=8), tamed",44d6ecf1abcc7ab097c151f5d67417fb,8da7d73e85753d4e79f54062070fbc7b,True,2,4198,20.990000000000002,7208785107.756409,901098.1384695511,4198.0,1074688.0,0.19900794326778498,0.0006688806127027602,0.00021785569866261678,0.02415094064535883,0.01620859642441686,0.028700813602133113,0.493,0.007000000000000006,0.011855859594178517,0.002120513625862741,0.029486384747283587,0.19618918509804606,True,1.0,reject,pre_step,drift_diffusion_then_jump,iid_bank,8,every_step,True,0.0005043103448275865,0.005155172413793106,1292.2262230549484,168411,0.0005050619342544068,1.002924011434016,6.550738446879467e-07,0.0
LSC-CP-RA,"LSC-CP-RA (A=8), tamed",44d6ecf1abcc7ab097c151f5d67417fb,8da7d73e85753d4e79f54062070fbc7b,True,3,4198,20.990000000000002,7208785107.756409,901098.1384695511,4198.0,1074688.0,0.16138976819161463,0.0004235212197931659,-2.7141970568633766e-05,0.02705616218679094,0.013642237103175555,0.01922173523796195,0.498,0.0020000000000000018,0.009367016163954675,0.004704158153335136,0.04889078756518569,0.13161959809081714,True,1.0,reject,pre_step,drift_diffusion_then_jump,iid_bank,8,every_step,True,0.0005043103448275865,0.005155172413793106,1292.2262230549484,168411,0.0005050619342544068,1.002924011434016,6.550738446879467e-07,0.0
LSC-CP-RA,"LSC-CP-RA (A=8), tamed",44d6ecf1abcc7ab097c151f5d67417fb,8da7d73e85753d4e79f54062070fbc7b,True,0,4228,21.14,7260300961.313505,907537.6201641881,4228.0,1082368.0,0.113957193153275,8.746263058712067e-05,-0.000364213169735228,0.023131408492342187,0.013101711863454112,0.023349970999001907,0.5065000000000001,0.0065000000000000335,0.012803530783906853,0.009806832652950348,0.004437255337930159,0.18417427377200302,True,1.0,reject,pre_step,drift_diffusion_then_jump,iid_bank,8,every_step,True,0.0005416666666666669,0.005104166666666668,1251.8431011466569,169636,0.000505321665089877,1.0030510879848629,6.504257332071902e-07,0.0
LSC-CP-RA,"LSC-CP-RA (A=8), tamed",44d6ecf1abcc7ab097c151f5d67417fb,8da7d73e85753d4e79f54062070fbc7b,True,1,4228,21.14,7260300961.313505,907537.6201641881,4228.0,1082368.0,0.1630494693836095,0.0002858052419092427,-0.00016563661143731423,0.026348475917491183,0.01124543121635926,0.015860326469169763,0.4995,0.0005000000000000282,0.005440006084069993,0.010512327877049588,0.038637463631570806,0.21762562892986737,True,1.0,reject,pre_step,drift_diffusion_then_jump,iid_bank,8,every_step,True,0.0005416666666666669,0.005104166666666668,1251.8431011466569,169636,0.000505321665089877,1.0030510879848629,6.504257332071902e-07,0.0
LSC-CP-RA,"LSC-CP-RA (A=8), tamed",44d6ecf1abcc7ab097c151f5d67417fb,8da7d73e85753d4e79f54062070fbc7b,True,2,4228,21.14,7260300961.313505,907537.6201641881,4228.0,1082368.0,0.1294089259844819,0.00045192076189926045,2.2272166528836124e-06,0.034405621728658256,0.01860839425102959,0.024010358773283655,0.5025000000000001,0.00250000000000003,0.0025134185709490735,0.019749074601358996,0.025475061954991555,0.061043605813675295,True,1.0,reject,pre_step,drift_diffusion_then_jump,iid_bank,8,every_step,True,0.0005416666666666669,0.005104166666666668,1251.8431011466569,169636,0.000505321665089877,1.0030510879848629,6.504257332071902e-07,0.0
LSC-CP-RA,"LSC-CP-RA (A=8), tamed",44d6ecf1abcc7ab097c151f5d67417fb,8da7d73e85753d4e79f54062070fbc7b,True,3,4228,21.14,7260300961.313505,907537.6201641881,4228.0,1082368.0,0.14009368750793047,0.0003827535062349563,-6.756568076293767e-05,0.03336940976827307,0.01760141839540823,0.023628600276356826,0.502,0.0020000000000000018,0.007281825775524241,0.01002782784550793,0.041797415074073835,0.1181229558249085,True,1.0,reject,pre_step,drift_diffusion_then_jump,iid_bank,8,every_step,True,0.0005416666666666669,0.005104166666666668,1251.8431011466569,169636,0.000505321665089877,1.0030510879848629,6.504257332071902e-07,0.0
LSC-CP-RA,"LSC-CP-RA (A=8), tamed",44d6ecf1abcc7ab097c151f5d67417fb,8da7d73e85753d4e79f54062070fbc7b,True,0,4258,21.29,7311816814.870602,913977.1018588252,4258.0,1090048.0,0.168125645857995,0.0003697873026706766,-8.111759048068379e-05,0.030464732394656288,0.017989568960664292,0.023470959887331472,0.4995,0.0005000000000000282,0.007443979948130655,0.0006479410777199268,0.0893412089887548,0.23292872732318226,True,1.0,reject,pre_step,drift_diffusion_then_jump,iid_bank,8,every_step,True,0.0005791666666666668,0.005058333333333335,3582.4166686824205,170850,0.0005058419445749178,1.0031117895725692,6.458431188351339e-07,0.0
LSC-CP-RA,"LSC-CP-RA (A=8), tamed",44d6ecf1abcc7ab097c151f5d67417fb,8da7d73e85753d4e79f54062070fbc7b,True,1,4258,21.29,7311816814.870602,913977.1018588252,4258.0,1090048.0,0.16344633265055744,0.0002996132467674162,-0.00015246831532389482,0.040096360251061114,0.017522759407543685,0.025281701059909557,0.502,0.0020000000000000018,0.007760855158307734,0.016834889865540048,0.07643294423699504,0.31194553459967567,True,1.0,reject,pre_step,drift_diffusion_then_jump,iid_bank,8,every_step,True,0.0005791666666666668,0.005058333333333335,3582.4166686824205,170850,0.0005058419445749178,1.0031117895725692,6.458431188351339e-07,0.0
LSC-CP-RA,"LSC-CP-RA (A=8), tamed",44d6ecf1abcc7ab097c151f5d67417fb,8da7d73e85753d4e79f54062070fbc7b,True,2,4258,21.29,7311816814.870602,913977.1018588252,4258.0,1090048.0,0.07356259695135732,0.00017195035074957232,-0.00027801164807716994,0.03587613604787887,0.022661007124980155,0.034278863166051006,0.511,0.01100000000000001,0.024996074650236146,0.012770424130432612,0.035742542902598096,0.08485784896823689,True,1.0,reject,pre_step,drift_diffusion_then_jump,iid_bank,8,every_step,True,0.0005791666666666668,0.005058333333333335,3582.4166686824205,170850,0.0005058419445749178,1.0031117895725692,6.458431188351339e-07,0.0
LSC-CP-RA,"LSC-CP-RA (A=8), tamed",44d6ecf1abcc7ab097c151f5d67417fb,8da7d73e85753d4e79f54062070fbc7b,True,3,4258,21.29,7311816814.870602,913977.1018588252,4258.0,1090048.0,0.14791660196361966,0.0003182872652857105,-0.00013256037263476017,0.02525802896645335,0.013757748958200339,0.018026759135811442,0.5005000000000001,0.0005000000000000282,0.001557680742771244,0.0034754979729915148,0.028583698994894383,0.13290946772684753,True,1.0,reject,pre_step,drift_diffusion_then_jump,iid_bank,8,every_step,True,0.0005791666666666668,0.005058333333333335,3582.4166686824205,170850,0.0005058419445749178,1.0031117895725692,6.458431188351339e-07,0.0
LSC-CP-RA,"LSC-CP-RA (A=8), tamed",44d6ecf1abcc7ab097c151f5d67417fb,8da7d73e85753d4e79f54062070fbc7b,True,0,4288,21.44,7363332668.427699,920416.5835534624,4288.0,1097728.0,0.13124285845556116,0.00029324631486271624,-0.00015694629604279253,0.04434694116469684,0.019804806282727242,0.025532781434725982,0.503,0.0030000000000000027,0.004965965730927301,0.01259864247482878,0.035199488449695324,0.09197405294952354,True,1.0,reject,pre_step,drift_diffusion_then_jump,iid_bank,8,every_step,True,0.0004583333333333335,0.005000000000000003,2345.3765243639486,172050,0.0005055095615671642,1.0030900186567164,6.704757462686567e-07,0.0
LSC-CP-RA,"LSC-CP-RA (A=8), tamed",44d6ecf1abcc7ab097c151f5d67417fb,8da7d73e85753d4e79f54062070fbc7b,True,1,4288,21.44,7363332668.427699,920416.5835534624,4288.0,1097728.0,0.14550314649546728,0.00039478674502380073,-5.5296231586066114e-05,0.039866765667822684,0.020112381148568316,0.02604287640237573,0.502,0.0020000000000000018,0.004094363072633097,0.011309969248110896,0.06517281098022637,0.15331739613662554,True,1.0,reject,pre_step,drift_diffusion_then_jump,iid_bank,8,every_step,True,0.0004583333333333335,0.005000000000000003,2345.3765243639486,172050,0.0005055095615671642,1.0030900186567164,6.704757462686567e-07,0.0
LSC-CP-RA,"LSC-CP-RA (A=8), tamed",44d6ecf1abcc7ab097c151f5d67417fb,8da7d73e85753d4e79f54062070fbc7b,True,2,4288,21.44,7363332668.427699,920416.5835534624,4288.0,1097728.0,0.1324208928590207,0.00019771733093176813,-0.0002531563410959059,0.034798729217200175,0.017154032191901772,0.025049373985760813,0.5045000000000001,0.004500000000000032,0.009385705156943272,1.1559012944251101e-05,0.008786455824051544,0.1745636093099997,True,1.0,reject,pre_step,drift_diffusion_then_jump,iid_bank,8,every_step,True,0.0004583333333333335,0.005000000000000003,2345.3765243639486,172050,0.0005055095615671642,1.0030900186567164,6.704757462686567e-07,0.0
LSC-CP-RA,"LSC-CP-RA (A=8), tamed",44d6ecf1abcc7ab097c151f5d67417fb,8da7d73e85753d4e79f54062070fbc7b,True,3,4288,21.44,7363332668.427699,920416.5835534624,4288.0,1097728.0,0.18402935635054038,0.0006716566841292737,0.0002212339811373809,0.03709679337989025,0.018137544825529633,0.027593202668436366,0.4945,0.005500000000000033,0.009917762046090305,0.006792324540868311,0.005344347060359482,0.1469991933071474,True,1.0,reject,pre_step,drift_diffusion_then_jump,iid_bank,8,every_step,True,0.0004583333333333335,0.005000000000000003,2345.3765243639486,172050,0.0005055095615671642,1.0030900186567164,6.704757462686567e-07,0.0
LSC-CP-RA,"LSC-CP-RA (A=8), tamed",44d6ecf1abcc7ab097c151f5d67417fb,8da7d73e85753d4e79f54062070fbc7b,True,0,4317,21.585,7413131326.866225,926641.4158582782,4317.0,1105152.0,0.10593233344254104,0.00030208903008999144,-0.00014807163688546066,0.03235149532345738,0.021677151178088657,0.034664581867298865,0.5085000000000001,0.008500000000000035,0.01649961045830686,0.01067512890584199,0.017066681936806355,0.17521797215932466,True,1.0,reject,pre_step,drift_diffusion_then_jump,iid_bank,8,every_step,True,0.0005474137931034484,0.005094827586206898,4188.642603991326,173232,0.0005057910586055131,1.0031966643502432,6.65971739634005e-07,0.0
LSC-CP-RA,"LSC-CP-RA (A=8), tamed",44d6ecf1abcc7ab097c151f5d67417fb,8da7d73e85753d4e79f54062070fbc7b,True,1,4317,21.585,7413131326.866225,926641.4158582782,4317.0,1105152.0,0.13831000526780973,0.00016118413850629842,-0.00029057882625493914,0.0230233126659367,0.014369008874252904,0.027123263587776315,0.506,0.006000000000000005,0.0021013580255289537,0.014160469674616816,0.0781268190961239,0.30512663924530103,True,1.0,reject,pre_step,drift_diffusion_then_jump,iid_bank,8,every_step,True,0.0005474137931034484,0.005094827586206898,4188.642603991326,173232,0.0005057910586055131,1.0031966643502432,6.65971739634005e-07,0.0
LSC-CP-RA,"LSC-CP-RA (A=8), tamed",44d6ecf1abcc7ab097c151f5d67417fb,8da7d73e85753d4e79f54062070fbc7b,True,2,4317,21.585,7413131326.866225,926641.4158582782,4317.0,1105152.0,0.09128054122981062,0.00015014762237264279,-0.00030038953092537124,0.03468065770538342,0.02079535350135845,0.03408008280165755,0.509,0.009000000000000008,0.015229667005069449,0.007076291290165404,0.016606737166686848,0.1003945525600517,True,1.0,reject,pre_step,drift_diffusion_then_jump,iid_bank,8,every_step,True,0.0005474137931034484,0.005094827586206898,4188.642603991326,173232,0.0005057910586055131,1.0031966643502432,6.65971739634005e-07,0.0
LSC-CP-RA,"LSC-CP-RA (A=8), tamed",44d6ecf1abcc7ab097c151f5d67417fb,8da7d73e85753d4e79f54062070fbc7b,True,3,4317,21.585,7413131326.866225,926641.4158582782,4317.0,1105152.0,0.1755885890375873,0.0005075391866625756,5.67486863852773e-05,0.030329107017071644,0.017373326489962707,0.02556008467776923,0.4975,0.00250000000000003,0.013577538584956111,0.0016030700525714314,0.08330962955245816,0.2155217978192151,True,1.0,reject,pre_step,drift_diffusion_then_jump,iid_bank,8,every_step,True,0.0005474137931034484,0.005094827586206898,4188.642603991326,173232,0.0005057910586055131,1.0031966643502432,6.65971739634005e-07,0.0
LSC-CP-RA,"LSC-CP-RA (A=8), tamed",44d6ecf1abcc7ab097c151f5d67417fb,8da7d73e85753d4e79f54062070fbc7b,True,0,4347,21.735,7464647180.423323,933080.8975529154,4347.0,1112832.0,0.1200583630683039,0.000143426650466294,-0.0003073690435584364,0.031055880872014052,0.025274391983195303,0.043141190977158704,0.516,0.016000000000000014,0.03512713355909044,0.001277124016430764,0.095952888668808,0.18603392689281495,True,1.0,reject,pre_step,drift_diffusion_then_jump,iid_bank,8,every_step,True,0.00047500000000000016,0.005095833333333333,3907.1358284370963,174455,0.000505578559926386,1.0033068783068784,6.613756613756614e-07,0.0
LSC-CP-RA,"LSC-CP-RA (A=8), tamed",44d6ecf1abcc7ab097c151f5d67417fb,8da7d73e85753d4e79f54062070fbc7b,True,1,4347,21.735,7464647180.423323,933080.8975529154,4347.0,1112832.0,0.14268907262515443,0.00030301553542610993,-0.00014839648366526959,0.021119665987205383,0.011143288631365078,0.01785706486032427,0.502,0.0020000000000000018,0.005591105796267507,0.005843283640118213,0.05831118487649865,0.18312369008255558,True,1.0,reject,pre_step,drift_diffusion_then_jump,iid_bank,8,every_step,True,0.00047500000000000016,0.005095833333333333,3907.1358284370963,174455,0.000505578559926386,1.0033068783068784,6.613756613756614e-07,0.0
LSC-CP-RA,"LSC-CP-RA (A=8), tamed",44d6ecf1abcc7ab097c151f5d67417fb,8da7d73e85753d4e79f54062070fbc7b,True,2,4347,21.735,7464647180.423323,933080.8975529154,4347.0,1112832.0,0.09900115740914696,7.080841273232608e-05,-0.0003805469493518565,0.02531957912997984,0.020652744524034154,0.037053507321098085,0.512,0.01200000000000001,0.02678596935008822,0.00793858544623316,0.04602777944836015,0.1988959517005583,True,1.0,reject,pre_step,drift_diffusion_then_jump,iid_bank,8,every_step,True,0.00047500000000000016,0.005095833333333333,3907.1358284370963,174455,0.000505578559926386,1.0033068783068784,6.613756613756614e-07,0.0
LSC-CP-RA,"LSC-CP-RA (A=8), tamed",44d6ecf1abcc7ab097c151f5d67417fb,8da7d73e85753d4e79f54062070fbc7b,True,3,4347,21.735,7464647180.423323,933080.8975529154,4347.0,1112832.0,0.16005608918689435,0.0005120107307617916,6.140521750408467e-05,0.022918026272459813,0.014288501410905348,0.02044161868007173,0.497,0.0030000000000000027,0.005931536658370876,0.007807524848394198,0.013286457843155809,0.09021640283381804,True,1.0,reject,pre_step,drift_diffusion_then_jump,iid_bank,8,every_step,True,0.00047500000000000016,0.005095833333333333,3907.1358284370963,174455,0.000505578559926386,1.0033068783068784,6.613756613756614e-07,0.0
LSC-CP-RA,"LSC-CP-RA (A=8), tamed",44d6ecf1abcc7ab097c151f5d67417fb,8da7d73e85753d4e79f54062070fbc7b,True,0,4377,21.885,7516163033.980419,939520.3792475524,4377.0,1120512.0,0.1122966227485464,0.00023821687954128645,-0.0002125785663333879,0.036533676798986,0.020927049632518388,0.035590789045450856,0.509,0.009000000000000008,0.01529870759902028,0.001407497659350776,0.006836949368909402,0.22183940356429133,True,1.0,reject,pre_step,drift_diffusion_then_jump,iid_bank,8,every_step,True,0.0004708333333333335,0.004945833333333334,4033.3864643893585,175642,0.0005053404158099154,1.0032099611606122,6.568425862462874e-07,0.0
LSC-CP-RA,"LSC-CP-RA (A=8), tamed",44d6ecf1abcc7ab097c151f5d67417fb,8da7d73e85753d4e79f54062070fbc7b,True,1,4377,21.885,7516163033.980419,939520.3792475524,4377.0,1120512.0,0.1416866207846168,0.0004296156145947583,-2.021690513265284e-05,0.029047384399502496,0.015693077772060776,0.01700614215004373,0.4995,0.0005000000000000282,0.0004744270464443411,0.017023708770475543,0.007266392762676278,0.03253274143182916,True,1.0,reject,pre_step,drift_diffusion_then_jump,iid_bank,8,every_step,True,0.0004708333333333335,0.004945833333333334,4033.3864643893585,175642,0.0005053404158099154,1.0032099611606122,6.568425862462874e-07,0.0
LSC-CP-RA,"LSC-CP-RA (A=8), tamed",44d6ecf1abcc7ab097c151f5d67417fb,8da7d73e85753d4e79f54062070fbc7b,True,2,4377,21.885,7516163033.980419,939520.3792475524,4377.0,1120512.0,0.1042698166095077,0.00021427342292645868,-0.00023634816365591949,0.03419660108993172,0.022169508329568578,0.03884960016714853,0.5115000000000001,0.011500000000000038,0.017182694263736205,0.002226828994718155,0.019717500213081062,0.21410102775920603,True,1.0,reject,pre_step,drift_diffusion_then_jump,iid_bank,8,every_step,True,0.0004708333333333335,0.004945833333333334,4033.3864643893585,175642,0.0005053404158099154,1.0032099611606122,6.568425862462874e-07,0.0
LSC-CP-RA,"LSC-CP-RA (A=8), tamed",44d6ecf1abcc7ab097c151f5d67417fb,8da7d73e85753d4e79f54062070fbc7b,True,3,4377,21.885,7516163033.980419,939520.3792475524,4377.0,1120512.0,0.17666960770329676,0.0003580975214018123,-9.454910959205698e-05,0.027691718722250513,0.013515012533851433,0.02245752801418236,0.499,0.0010000000000000009,0.0018224662178449522,0.02204828771897771,0.006773101218092332,0.3425988571756059,True,1.0,reject,pre_step,drift_diffusion_then_jump,iid_bank,8,every_step,True,0.0004708333333333335,0.004945833333333334,4033.3864643893585,175642,0.0005053404158099154,1.0032099611606122,6.568425862462874e-07,0.0
LSC-CP-RA,"LSC-CP-RA (A=8), tamed",44d6ecf1abcc7ab097c151f5d67417fb,8da7d73e85753d4e79f54062070fbc7b,True,0,4406,22.03,7565961692.418946,945745.2115523682,4406.0,1127936.0,0.13059348908592078,0.0002545367023600864,-0.00019640443528912144,0.034246446106992456,0.027276741390594432,0.04765289194029452,0.5155,0.015499999999999986,0.03112231683486949,0.001993669960013267,0.043761808263540376,0.254442927031696,True,1.0,reject,pre_step,drift_diffusion_then_jump,iid_bank,8,every_step,True,0.0005301724137931037,0.0050862068965517255,863.5506447107888,176822,0.0005055038583749433,1.003302315024966,6.525192918747163e-07,0.0
LSC-CP-RA,"LSC-CP-RA (A=8), tamed",44d6ecf1abcc7ab097c151f5d67417fb,8da7d73e85753d4e79f54062070fbc7b,True,1,4406,22.03,7565961692.418946,945745.2115523682,4406.0,1127936.0,0.18262499015664874,0.0006698982524980801,0.0002187386522168877,0.04180068480085647,0.019296276521584794,0.027968752789423193,0.4965,0.003500000000000031,0.007791156060635875,0.002522873859058805,0.026814154061097675,0.22549957754284045,True,1.0,reject,pre_step,drift_diffusion_then_jump,iid_bank,8,every_step,True,0.0005301724137931037,0.0050862068965517255,863.5506447107888,176822,0.0005055038583749433,1.003302315024966,6.525192918747163e-07,0.0
LSC-CP-RA,"LSC-CP-RA (A=8), tamed",44d6ecf1abcc7ab097c151f5d67417fb,8da7d73e85753d4e79f54062070fbc7b,True,2,4406,22.03,7565961692.418946,945745.2115523682,4406.0,1127936.0,0.1363794955768225,0.0003683101052021076,-8.173471584493885e-05,0.03175438176754665,0.01786111153171847,0.02409655281259338,0.5025000000000001,0.00250000000000003,0.002771529080063661,0.012326576153250945,0.004181484098204998,0.11932225696959298,True,1.0,reject,pre_step,drift_diffusion_then_jump,iid_bank,8,every_step,True,0.0005301724137931037,0.0050862068965517255,863.5506447107888,176822,0.0005055038583749433,1.003302315024966,6.525192918747163e-07,0.0
LSC-CP-RA,"LSC-CP-RA (A=8), tamed",44d6ecf1abcc7ab097c151f5d67417fb,8da7d73e85753d4e79f54062070fbc7b,True,3,4406,22.03,7565961692.418946,945745.2115523682,4406.0,1127936.0,0.12247186819212548,0.00026548108618074107,-0.00018523998034070122,0.03471149149239883,0.018956983065665706,0.030317107882194425,0.5065000000000001,0.0065000000000000335,0.01587412344021932,0.0030402908918392146,0.05577078032322829,0.19048425036810046,True,1.0,reject,pre_step,drift_diffusion_then_jump,iid_bank,8,every_step,True,0.0005301724137931037,0.0050862068965517255,863.5506447107888,176822,0.0005055038583749433,1.003302315024966,6.525192918747163e-07,0.0
LSC-CP-RA,"LSC-CP-RA (A=8), tamed",44d6ecf1abcc7ab097c151f5d67417fb,8da7d73e85753d4e79f54062070fbc7b,True,0,4436,22.18,7617477545.976043,952184.6932470053,4436.0,1135616.0,0.1267169302002811,0.00028275851487435943,-0.00016713741029439344,0.0420284153051288,0.03209720653934445,0.05117498779341152,0.5185,0.01849999999999999,0.03971803856221376,0.01154158493124624,0.05784511175549206,0.09061124962060785,True,1.0,reject,pre_step,drift_diffusion_then_jump,iid_bank,8,every_step,True,0.0004916666666666668,0.004908333333333334,893.7807528098454,178000,0.0005054102795311091,1.003155996393147,6.481064021641118e-07,0.0
LSC-CP-RA,"LSC-CP-RA (A=8), tamed",44d6ecf1abcc7ab097c151f5d67417fb,8da7d73e85753d4e79f54062070fbc7b,True,1,4436,22.18,7617477545.976043,952184.6932470053,4436.0,1135616.0,0.15663600279432371,0.0003893794341454093,-6.158830897962098e-05,0.03288231688973875,0.0142137387770342,0.018472010550340687,0.4985,0.001500000000000029,0.005569902769670205,0.0023132755079431355,0.03110627620195679,0.1300911759193094,True,1.0,reject,pre_step,drift_diffusion_then_jump,iid_bank,8,every_step,True,0.0004916666666666668,0.004908333333333334,893.7807528098454,178000,0.0005054102795311091,1.003155996393147,6.481064021641118e-07,0.0
LSC-CP-RA,"LSC-CP-RA (A=8), tamed",44d6ecf1abcc7ab097c151f5d67417fb,8da7d73e85753d4e79f54062070fbc7b,True,2,4436,22.18,7617477545.976043,952184.6932470053,4436.0,1135616.0,0.12253839936479242,0.000170027492909397,-0.0002812134787988363,0.035159860873400395,0.01960161217306761,0.03390432175751168,0.5085000000000001,0.008500000000000035,0.014013784624263047,0.00679959600767599,0.00411709513313111,0.2673758429917926,True,1.0,reject,pre_step,drift_diffusion_then_jump,iid_bank,8,every_step,True,0.0004916666666666668,0.004908333333333334,893.7807528098454,178000,0.0005054102795311091,1.003155996393147,6.481064021641118e-07,0.0
LSC-CP-RA,"LSC-CP-RA (A=8), tamed",44d6ecf1abcc7ab097c151f5d67417fb,8da7d73e85753d4e79f54062070fbc7b,True,3,4436,22.18,7617477545.976043,952184.6932470053,4436.0,1135616.0,0.16229945880613483,0.0005951739438760928,0.00014525474176518838,0.037221763360805626,0.018074184987699273,0.02179239281847,0.4975,0.00250000000000003,0.012446091355462492,0.013993768898158399,0.0200396445306069,0.05890154228698863,True,1.0,reject,pre_step,drift_diffusion_then_jump,iid_bank,8,every_step,True,0.0004916666666666668,0.004908333333333334,893.7807528098454,178000,0.0005054102795311091,1.003155996393147,6.481064021641118e-07,0.0
LSC-CP-RA,"LSC-CP-RA (A=8), tamed",44d6ecf1abcc7ab097c151f5d67417fb,8da7d73e85753d4e79f54062070fbc7b,True,0,4466,22.330000000000002,7668993399.533139,958624.1749416424,4466.0,1143296.0,0.11168875668192342,0.00025390309718542614,-0.00019611113183415352,0.046034956209428435,0.028887359130255103,0.04635699151566055,0.5155,0.015499999999999986,0.034484056982095425,0.011217428902045357,0.06760981993779666,0.12690243136831636,True,1.0,reject,pre_step,drift_diffusion_then_jump,iid_bank,8,every_step,True,0.00047916666666666686,0.0050458333333333345,1787.1936663799738,179211,0.0005052339901477832,1.0031963725929243,6.437527989252127e-07,0.0
LSC-CP-RA,"LSC-CP-RA (A=8), tamed",44d6ecf1abcc7ab097c151f5d67417fb,8da7d73e85753d4e79f54062070fbc7b,True,1,4466,22.330000000000002,7668993399.533139,958624.1749416424,4466.0,1143296.0,0.18781332655820557,0.0004819768202846131,2.9190116301203162e-05,0.02806131435677714,0.012602492465902589,0.021359921578192408,0.4975,0.00250000000000003,0.008284788186497744,0.027424219120189774,0.017728647419327538,0.37410124838613024,True,1.0,reject,pre_step,drift_diffusion_then_jump,iid_bank,8,every_step,True,0.00047916666666666686,0.0050458333333333345,1787.1936663799738,179211,0.0005052339901477832,1.0031963725929243,6.437527989252127e-07,0.0
LSC-CP-RA,"LSC-CP-RA (A=8), tamed",44d6ecf1abcc7ab097c151f5d67417fb,8da7d73e85753d4e79f54062070fbc7b,True,2,4466,22.330000000000002,7668993399.533139,958624.1749416424,4466.0,1143296.0,0.10536694164026252,0.00018012994207294852,-0.0002706799672304028,0.02416944391563694,0.01690368183421405,0.02953516034465279,0.5085000000000001,0.008500000000000035,0.013920270671572374,0.0008870073712766713,0.04447291104812864,0.16613696721615712,True,1.0,reject,pre_step,drift_diffusion_then_jump,iid_bank,8,every_step,True,0.00047916666666666686,0.0050458333333333345,1787.1936663799738,179211,0.0005052339901477832,1.0031963725929243,6.437527989252127e-07,0.0
LSC-CP-RA,"LSC-CP-RA (A=8), tamed",44d6ecf1abcc7ab097c151f5d67417fb,8da7d73e85753d4e79f54062070fbc7b,True,3,4466,22.330000000000002,7668993399.533139,958624.1749416424,4466.0,1143296.0,0.17698164055244778,0.0004152924486227061,-3.645850539157891e-05,0.026405662984868072,0.013478157373685837,0.02126623342033411,0.4985,0.001500000000000029,0.006065032713630234,0.01337133529109813,0.032354709007276265,0.31061812103656694,True,1.0,reject,pre_step,drift_diffusion_then_jump,iid_bank,8,every_step,True,0.00047916666666666686,0.0050458333333333345,1787.1936663799738,179211,0.0005052339901477832,1.0031963725929243,6.437527989252127e-07,0.0
LSC-CP-RA,"LSC-CP-RA (A=8), tamed",44d6ecf1abcc7ab097c151f5d67417fb,8da7d73e85753d4e79f54062070fbc7b,True,0,4495,22.475,7718792057.971666,964849.0072464583,4495.0,1150720.0,0.13354499757779942,0.000170063405694032,-0.0002820725298693372,0.024444203953520344,0.01436830318966893,0.02701293340871574,0.5055000000000001,0.005500000000000033,0.011983338163925208,0.015122552741794748,0.049834850786166125,0.2651035420705098,True,1.0,reject,pre_step,drift_diffusion_then_jump,iid_bank,8,every_step,True,0.00046120689655172433,0.0052327586206896565,1878.2514429634944,180425,0.0005049499443826474,1.003476084538376,6.395995550611791e-07,0.0
LSC-CP-RA,"LSC-CP-RA (A=8), tamed",44d6ecf1abcc7ab097c151f5d67417fb,8da7d73e85753d4e79f54062070fbc7b,True,1,4495,22.475,7718792057.971666,964849.0072464583,4495.0,1150720.0,0.15163717742528132,0.0003407868973482886,-0.00010998060750833094,0.023057567191028416,0.011282465862629489,0.015359107884112107,0.4995,0.0005000000000000282,0.0007415216260687788,0.002629090105228382,0.014330559939478236,0.11597936761501948,True,1.0,reject,pre_step,drift_diffusion_then_jump,iid_bank,8,every_step,True,0.00046120689655172433,0.0052327586206896565,1878.2514429634944,180425,0.0005049499443826474,1.003476084538376,6.395995550611791e-07,0.0
LSC-CP-RA,"LSC-CP-RA (A=8), tamed",44d6ecf1abcc7ab097c151f5d67417fb,8da7d73e85753d4e79f54062070fbc7b,True,2,4495,22.475,7718792057.971666,964849.0072464583,4495.0,1150720.0,0.10258339252780922,9.82471408829122e-05,-0.0003532911964344576,0.031981129885574736,0.017983988519574976,0.03237078058100311,0.5105000000000001,0.010500000000000037,0.009619300697587483,0.010649802274405817,0.05952775536182385,0.2260644591304123,True,1.0,reject,pre_step,drift_diffusion_then_jump,iid_bank,8,every_step,True,0.00046120689655172433,0.0052327586206896565,1878.2514429634944,180425,0.0005049499443826474,1.003476084538376,6.395995550611791e-07,0.0
LSC-CP-RA,"LSC-CP-RA (A=8), tamed",44d6ecf1abcc7ab097c151f5d67417fb,8da7d73e85753d4e79f54062070fbc7b,True,3,4495,22.475,7718792057.971666,964849.0072464583,4495.0,1150720.0,0.14476737743360388,0.0005781003498463999,0.00012880926867953058,0.032794895607507146,0.019627886404638514,0.021899083845982513,0.4995,0.0005000000000000282,0.006270377822752242,0.025258407547888773,0.019451140980273184,0.020677317173556475,True,1.0,reject,pre_step,drift_diffusion_then_jump,iid_bank,8,every_step,True,0.00046120689655172433,0.0052327586206896565,1878.2514429634944,180425,0.0005049499443826474,1.003476084538376,6.395995550611791e-07,0.0
LSC-CP-RA,"LSC-CP-RA (A=8), tamed",44d6ecf1abcc7ab097c151f5d67417fb,8da7d73e85753d4e79f54062070fbc7b,True,0,4525,22.625,7770307911.528763,971288.4889410953,4525.0,1158400.0,0.14662556173161784,0.0003851525258590227,-6.569769796771485e-05,0.03453150847016298,0.017742286749455227,0.025025283956046647,0.5025000000000001,0.00250000000000003,0.001089804191314026,0.001601323806618371,0.010803463731895889,0.19912511734780625,True,1.0,reject,pre_step,drift_diffusion_then_jump,iid_bank,8,every_step,True,0.0004958333333333336,0.005183333333333334,3474.7672768166253,181669,0.000504889502762431,1.003696132596685,6.353591160220994e-07,0.0
LSC-CP-RA,"LSC-CP-RA (A=8), tamed",44d6ecf1abcc7ab097c151f5d67417fb,8da7d73e85753d4e79f54062070fbc7b,True,1,4525,22.625,7770307911.528763,971288.4889410953,4525.0,1158400.0,0.20660549596306865,0.0010882623720819273,0.0006380970454278323,0.035556973088549604,0.02258582146810306,0.035625922384822394,0.4895,0.010500000000000037,0.021327253558907636,0.01095832377540884,0.008651906226372522,0.09971109211370421,True,1.0,reject,pre_step,drift_diffusion_then_jump,iid_bank,8,every_step,True,0.0004958333333333336,0.005183333333333334,3474.7672768166253,181669,0.000504889502762431,1.003696132596685,6.353591160220994e-07,0.0
LSC-CP-RA,"LSC-CP-RA (A=8), tamed",44d6ecf1abcc7ab097c151f5d67417fb,8da7d73e85753d4e79f54062070fbc7b,True,2,4525,22.625,7770307911.528763,971288.4889410953,4525.0,1158400.0,0.1276584751362825,0.00016981283713868311,-0.00028133890075887624,0.031398823855728564,0.026095033231449703,0.04464411490429298,0.517,0.017000000000000015,0.03038940314161843,0.006944709866912535,0.0111552782859457,0.2302712255829994,True,1.0,reject,pre_step,drift_diffusion_then_jump,iid_bank,8,every_step,True,0.0004958333333333336,0.005183333333333334,3474.7672768166253,181669,0.000504889502762431,1.003696132596685,6.353591160220994e-07,0.0
LSC-CP-RA,"LSC-CP-RA (A=8), tamed",44d6ecf1abcc7ab097c151f5d67417fb,8da7d73e85753d4e79f54062070fbc7b,True,3,4525,22.625,7770307911.528763,971288.4889410953,4525.0,1158400.0,0.13283453422444869,0.0003275854789714927,-0.00012343259880753799,0.03127809281512378,0.018309921061718228,0.028603405014128176,0.5045000000000001,0.004500000000000032,0.008448613886580622,0.002223117408806652,0.02468325143283949,0.1922772409546757,True,1.0,reject,pre_step,drift_diffusion_then_jump,iid_bank,8,every_step,True,0.0004958333333333336,0.005183333333333334,3474.7672768166253,181669,0.000504889502762431,1.003696132596685,6.353591160220994e-07,0.0
LSC-CP-RA,"LSC-CP-RA (A=8), tamed",44d6ecf1abcc7ab097c151f5d67417fb,8da7d73e85753d4e79f54062070fbc7b,True,0,4555,22.775000000000002,7821823765.08586,977727.9706357325,4555.0,1166080.0,0.1592829989026601,0.0003790467943843856,-7.219095665678132e-05,0.03146535032065556,0.012991740785956055,0.01690068394383251,0.499,0.0010000000000000009,0.0037380851892129946,0.003880870924459212,0.0003991733091615571,0.17377979356245954,True,1.0,reject,pre_step,drift_diffusion_then_jump,iid_bank,8,every_step,True,0.00045416666666666685,0.004900000000000001,857.6835789768519,182845,0.0005045554335894621,1.0035400658616904,6.311745334796927e-07,0.0
LSC-CP-RA,"LSC-CP-RA (A=8), tamed",44d6ecf1abcc7ab097c151f5d67417fb,8da7d73e85753d4e79f54062070fbc7b,True,1,4555,22.775000000000002,7821823765.08586,977727.9706357325,4555.0,1166080.0,0.21185794214667822,0.0009028627888379992,0.0004512086033623408,0.03229772737848255,0.017616558630007273,0.03129822999666026,0.4895,0.010500000000000037,0.018593580260168743,0.009127991254650358,0.0017152295005208528,0.2126306120534539,True,1.0,reject,pre_step,drift_diffusion_then_jump,iid_bank,8,every_step,True,0.00045416666666666685,0.004900000000000001,857.6835789768519,182845,0.0005045554335894621,1.0035400658616904,6.311745334796927e-07,0.0
LSC-CP-RA,"LSC-CP-RA (A=8), tamed",44d6ecf1abcc7ab097c151f5d67417fb,8da7d73e85753d4e79f54062070fbc7b,True,2,4555,22.775000000000002,7821823765.08586,977727.9706357325,4555.0,1166080.0,0.12406405141037401,0.0003807174079982767,-6.823855507298582e-05,0.041674672439731,0.034287963898845406,0.05083380818629947,0.5215,0.021499999999999964,0.045882578086868554,0.024793274103062646,0.055257429586168125,0.03532972208822449,True,1.0,reject,pre_step,drift_diffusion_then_jump,iid_bank,8,every_step,True,0.00045416666666666685,0.004900000000000001,857.6835789768519,182845,0.0005045554335894621,1.0035400658616904,6.311745334796927e-07,0.0
LSC-CP-RA,"LSC-CP-RA (A=8), tamed",44d6ecf1abcc7ab097c151f5d67417fb,8da7d73e85753d4e79f54062070fbc7b,True,3,4555,22.775000000000002,7821823765.08586,977727.9706357325,4555.0,1166080.0,0.1270940841250385,0.0002297557194951283,-0.00022105519368209592,0.03369174300275854,0.01787215143037379,0.02614210437637013,0.5045000000000001,0.004500000000000032,0.007350639169351582,0.003439961974222472,0.006723047376676852,0.14715530006430277,True,1.0,reject,pre_step,drift_diffusion_then_jump,iid_bank,8,every_step,True,0.00045416666666666685,0.004900000000000001,857.6835789768519,182845,0.0005045554335894621,1.0035400658616904,6.311745334796927e-07,0.0
LSC-CP-RA,"LSC-CP-RA (A=8), tamed",44d6ecf1abcc7ab097c151f5d67417fb,8da7d73e85753d4e79f54062070fbc7b,True,0,4584,22.92,7871622423.524387,983952.8029405484,4584.0,1173504.0,0.16008711026788838,0.000469384392519423,1.867827806811828e-05,0.02511297053601197,0.01391905247658992,0.020288563639443598,0.4985,0.001500000000000029,0.005604951869591227,0.0045708932315216,0.00984779870464946,0.13744574782678554,True,1.0,reject,pre_step,drift_diffusion_then_jump,iid_bank,8,every_step,True,0.00048706896551724163,0.005262931034482759,3935.1541235205314,184066,0.0005044448080279232,1.0038503490401396,6.271815008726003e-07,0.0
LSC-CP-RA,"LSC-CP-RA (A=8), tamed",44d6ecf1abcc7ab097c151f5d67417fb,8da7d73e85753d4e79f54062070fbc7b,True,1,4584,22.92,7871622423.524387,983952.8029405484,4584.0,1173504.0,0.18341380377147135,0.0008342935954921415,0.0003841010345212448,0.03523407929402228,0.01977908843696232,0.029807594636308457,0.494,0.006000000000000005,0.010691185961824383,0.01250402465211109,0.015361778079137928,0.10185506348599971,True,1.0,reject,pre_step,drift_diffusion_then_jump,iid_bank,8,every_step,True,0.00048706896551724163,0.005262931034482759,3935.1541235205314,184066,0.0005044448080279232,1.0038503490401396,6.271815008726003e-07,0.0
LSC-CP-RA,"LSC-CP-RA (A=8), tamed",44d6ecf1abcc7ab097c151f5d67417fb,8da7d73e85753d4e79f54062070fbc7b,True,2,4584,22.92,7871622423.524387,983952.8029405484,4584.0,1173504.0,0.16698887263902237,0.0002809977847092471,-0.00017079644679529604,0.03573379327928039,0.03162332361733026,0.054666811452297515,0.5215,0.021499999999999964,0.041011723142997246,0.01638379173380733,0.059740245937792195,0.3263988976961948,True,1.0,reject,pre_step,drift_diffusion_then_jump,iid_bank,8,every_step,True,0.00048706896551724163,0.005262931034482759,3935.1541235205314,184066,0.0005044448080279232,1.0038503490401396,6.271815008726003e-07,0.0
LSC-CP-RA,"LSC-CP-RA (A=8), tamed",44d6ecf1abcc7ab097c151f5d67417fb,8da7d73e85753d4e79f54062070fbc7b,True,3,4584,22.92,7871622423.524387,983952.8029405484,4584.0,1173504.0,0.11450776806683684,0.00021692995942435012,-0.00023371979834618806,0.04108178178147592,0.021513141931018734,0.03237857080740764,0.508,0.008000000000000007,0.017790827892414457,0.002956904715218478,0.03826400138985813,0.1950022194783566,True,1.0,reject,pre_step,drift_diffusion_then_jump,iid_bank,8,every_step,True,0.00048706896551724163,0.005262931034482759,3935.1541235205314,184066,0.0005044448080279232,1.0038503490401396,6.271815008726003e-07,0.0
LSC-CP-RA,"LSC-CP-RA (A=8), tamed",44d6ecf1abcc7ab097c151f5d67417fb,8da7d73e85753d4e79f54062070fbc7b,True,0,4614,23.07,7923138277.081484,990392.2846351855,4614.0,1181184.0,0.15271245521565957,0.0003348009297771126,-0.00011602763897189394,0.02080060115364557,0.009194026559664748,0.012012593630113574,0.4995,0.0005000000000000282,0.003999523555389392,0.0024340493196782775,0.01109795825582426,0.17446352097220974,True,1.0,reject,pre_step,drift_diffusion_then_jump,iid_bank,8,every_step,True,0.0004916666666666669,0.004875,1497.032201295644,185236,0.000504361725184222,1.0036627654963155,6.231035977459904e-07,0.0
LSC-CP-RA,"LSC-CP-RA (A=8), tamed",44d6ecf1abcc7ab097c151f5d67417fb,8da7d73e85753d4e79f54062070fbc7b,True,1,4614,23.07,7923138277.081484,990392.2846351855,4614.0,1181184.0,0.19347716725422234,0.0008559911476360149,0.00040597795615704424,0.030025785940379246,0.01945264623718616,0.030874708141446022,0.4925,0.007500000000000034,0.013688279141825186,0.0134194129640125,0.003198968008063108,0.08035070394378507,True,1.0,reject,pre_step,drift_diffusion_then_jump,iid_bank,8,every_step,True,0.0004916666666666669,0.004875,1497.032201295644,185236,0.000504361725184222,1.0036627654963155,6.231035977459904e-07,0.0
LSC-CP-RA,"LSC-CP-RA (A=8), tamed",44d6ecf1abcc7ab097c151f5d67417fb,8da7d73e85753d4e79f54062070fbc7b,True,2,4614,23.07,7923138277.081484,990392.2846351855,4614.0,1181184.0,0.15193362365908855,0.0003515928477068053,-9.889742943358648e-05,0.050302942194685896,0.03254358163158657,0.054799084449898436,0.52,0.020000000000000018,0.03735432561613797,0.00032971403131309973,0.04235942519166133,0.25282654724311004,True,1.0,reject,pre_step,drift_diffusion_then_jump,iid_bank,8,every_step,True,0.0004916666666666669,0.004875,1497.032201295644,185236,0.000504361725184222,1.0036627654963155,6.231035977459904e-07,0.0
LSC-CP-RA,"LSC-CP-RA (A=8), tamed",44d6ecf1abcc7ab097c151f5d67417fb,8da7d73e85753d4e79f54062070fbc7b,True,3,4614,23.07,7923138277.081484,990392.2846351855,4614.0,1181184.0,0.11336738082464459,0.00027122186263062176,-0.00017922977831141829,0.04144992942259951,0.022359167790131796,0.035827057186771094,0.508,0.008000000000000007,0.015084464163921138,0.006522164981546119,0.005338618076153719,0.1915911543873433,True,1.0,reject,pre_step,drift_diffusion_then_jump,iid_bank,8,every_step,True,0.0004916666666666669,0.004875,1497.032201295644,185236,0.000504361725184222,1.0036627654963155,6.231035977459904e-07,0.0
LSC-CP-RA,"LSC-CP-RA (A=8), tamed",44d6ecf1abcc7ab097c151f5d67417fb,8da7d73e85753d4e79f54062070fbc7b,True,0,4644,23.22,7974654130.63858,996831.7663298226,4644.0,1188864.0,0.16908516138978494,0.000536408948099032,8.605290269059207e-05,0.02717181108898531,0.01391067738256007,0.019858509390167506,0.4965,0.003500000000000031,0.01009423312202557,0.006318871172727447,0.01538696305826005,0.11666079668476315,True,1.0,reject,pre_step,drift_diffusion_then_jump,iid_bank,8,every_step,True,0.0004291666666666669,0.005054166666666667,1863.178531907374,186449,0.0005038759689922481,1.0037090869939707,6.190783807062877e-07,0.0
LSC-CP-RA,"LSC-CP-RA (A=8), tamed",44d6ecf1abcc7ab097c151f5d67417fb,8da7d73e85753d4e79f54062070fbc7b,True,1,4644,23.22,7974654130.63858,996831.7663298226,4644.0,1188864.0,0.2121417808961543,0.001273702669770893,0.0008242736320205335,0.037353297576083855,0.025799922694720888,0.04006875572057311,0.488,0.01200000000000001,0.021425108145855225,0.0206933995654085,0.0033157531937140355,0.06577234794529174,True,1.0,reject,pre_step,drift_diffusion_then_jump,iid_bank,8,every_step,True,0.0004291666666666669,0.005054166666666667,1863.178531907374,186449,0.0005038759689922481,1.0037090869939707,6.190783807062877e-07,0.0
LSC-CP-RA,"LSC-CP-RA (A=8), tamed",44d6ecf1abcc7ab097c151f5d67417fb,8da7d73e85753d4e79f54062070fbc7b,True,2,4644,23.22,7974654130.63858,996831.7663298226,4644.0,1188864.0,0.125222986722347,7.8255195875232e-05,-0.00037390731419328915,0.025993037721273482,0.02045831444181627,0.037980468718359396,0.5125,0.012499999999999983,0.03171312260507256,0.022015288801367494,0.10994510817390488,0.3517061804826883,True,1.0,reject,pre_step,drift_diffusion_then_jump,iid_bank,8,every_step,True,0.0004291666666666669,0.005054166666666667,1863.178531907374,186449,0.0005038759689922481,1.0037090869939707,6.190783807062877e-07,0.0
LSC-CP-RA,"LSC-CP-RA (A=8), tamed",44d6ecf1abcc7ab097c151f5d67417fb,8da7d73e85753d4e79f54062070fbc7b,True,3,4644,23.22,7974654130.63858,996831.7663298226,4644.0,1188864.0,0.1317141595818848,0.00030611783197298514,-0.00014461424917877608,0.037525951244721925,0.023465537494761067,0.037452763064880636,0.507,0.007000000000000006,0.004927066311990984,0.001222521457583503,0.05932604102654797,0.25289857001441407,True,1.0,reject,pre_step,drift_diffusion_then_jump,iid_bank,8,every_step,True,0.0004291666666666669,0.005054166666666667,1863.178531907374,186449,0.0005038759689922481,1.0037090869939707,6.190783807062877e-07,0.0
LSC-CP-RA,"LSC-CP-RA (A=8), tamed",44d6ecf1abcc7ab097c151f5d67417fb,8da7d73e85753d4e79f54062070fbc7b,True,0,4673,23.365000000000002,8024452789.077107,1003056.5986346385,4673.0,1196288.0,0.20720765340404726,0.0008529406457442601,0.0004015815439903925,0.03442610679885871,0.018601609690502053,0.030616516704304687,0.493,0.007000000000000006,0.012379308833800005,0.009525874203483053,0.03589936057450496,0.3010554606315793,True,1.0,reject,pre_step,drift_diffusion_then_jump,iid_bank,8,every_step,True,0.0004482758620689657,0.004965517241379311,1322.7699387469388,187601,0.000503530922319709,1.0036432698480633,6.419858763107212e-07,0.0
LSC-CP-RA,"LSC-CP-RA (A=8), tamed",44d6ecf1abcc7ab097c151f5d67417fb,8da7d73e85753d4e79f54062070fbc7b,True,1,4673,23.365000000000002,8024452789.077107,1003056.5986346385,4673.0,1196288.0,0.17479242642061882,0.0005333943466765412,8.237818157164067e-05,0.040759339352638535,0.018421826558209654,0.025426220025662936,0.498,0.0020000000000000018,0.0020854829620311575,0.0014340972285225018,0.019880083348865422,0.25330103627270606,True,1.0,reject,pre_step,drift_diffusion_then_jump,iid_bank,8,every_step,True,0.0004482758620689657,0.004965517241379311,1322.7699387469388,187601,0.000503530922319709,1.0036432698480633,6.419858763107212e-07,0.0
LSC-CP-RA,"LSC-CP-RA (A=8), tamed",44d6ecf1abcc7ab097c151f5d67417fb,8da7d73e85753d4e79f54062070fbc7b,True,2,4673,23.365000000000002,8024452789.077107,1003056.5986346385,4673.0,1196288.0,0.13836576200473494,0.0003407595943976105,-0.0001097020898986889,0.02205524479033122,0.012240977427593233,0.015174238026831868,0.5005000000000001,0.0005000000000000282,0.0016888310054871088,0.009410801310895778,0.005345936754661644,0.03498278774492014,True,1.0,reject,pre_step,drift_diffusion_then_jump,iid_bank,8,every_step,True,0.0004482758620689657,0.004965517241379311,1322.7699387469388,187601,0.000503530922319709,1.0036432698480633,6.419858763107212e-07,0.0
LSC-CP-RA,"LSC-CP-RA (A=8), tamed",44d6ecf1abcc7ab097c151f5d67417fb,8da7d73e85753d4e79f54062070fbc7b,True,3,4673,23.365000000000002,8024452789.077107,1003056.5986346385,4673.0,1196288.0,0.13649519788582454,0.00024375613663074613,-0.00020700847773480469,0.03999045440424642,0.030577308199159974,0.05034997514899053,0.5185,0.01849999999999999,0.042219163182190315,0.0005368238342815523,0.06855388793821954,0.19976449398861018,True,1.0,reject,pre_step,drift_diffusion_then_jump,iid_bank,8,every_step,True,0.0004482758620689657,0.004965517241379311,1322.7699387469388,187601,0.000503530922319709,1.0036432698480633,6.419858763107212e-07,0.0
LSC-CP-RA,"LSC-CP-RA (A=8), tamed",44d6ecf1abcc7ab097c151f5d67417fb,8da7d73e85753d4e79f54062070fbc7b,True,0,4703,23.515,8075968642.634204,1009496.0803292755,4703.0,1203968.0,0.2301776980986738,0.0009788193258821742,0.0005264762109222776,0.041409102173664614,0.02368878093816449,0.04097824899947399,0.4905,0.009500000000000036,0.02912918976293553,0.021540598352108975,0.08838386388130981,0.4222244413304649,True,1.0,reject,pre_step,drift_diffusion_then_jump,iid_bank,8,every_step,True,0.0004958333333333336,0.005020833333333335,1663.826344924675,188806,0.0005034818201148203,1.0036466085477356,6.37890708058686e-07,0.0
LSC-CP-RA,"LSC-CP-RA (A=8), tamed",44d6ecf1abcc7ab097c151f5d67417fb,8da7d73e85753d4e79f54062070fbc7b,True,1,4703,23.515,8075968642.634204,1009496.0803292755,4703.0,1203968.0,0.16372258687442026,0.00047861173856478256,2.789231252919855e-05,0.03046720591876248,0.015655293262549556,0.022365592837126823,0.4975,0.00250000000000003,0.0030963298842933795,0.005131334026630685,0.0012264693451266352,0.1365510079397333,True,1.0,reject,pre_step,drift_diffusion_then_jump,iid_bank,8,every_step,True,0.0004958333333333336,0.005020833333333335,1663.826344924675,188806,0.0005034818201148203,1.0036466085477356,6.37890708058686e-07,0.0
LSC-CP-RA,"LSC-CP-RA (A=8), tamed",44d6ecf1abcc7ab097c151f5d67417fb,8da7d73e85753d4e79f54062070fbc7b,True,2,4703,23.515,8075968642.634204,1009496.0803292755,4703.0,1203968.0,0.1583802900594854,0.0003269999215068653,-0.00012445566729513136,0.024996876982761873,0.012851363449102053,0.01896031536330922,0.5005000000000001,0.0005000000000000282,0.004263881202501872,0.007292655653408087,0.02309605072553813,0.23578610141047618,True,1.0,reject,pre_step,drift_diffusion_then_jump,iid_bank,8,every_step,True,0.0004958333333333336,0.005020833333333335,1663.826344924675,188806,0.0005034818201148203,1.0036466085477356,6.37890708058686e-07,0.0
LSC-CP-RA,"LSC-CP-RA (A=8), tamed",44d6ecf1abcc7ab097c151f5d67417fb,8da7d73e85753d4e79f54062070fbc7b,True,3,4703,23.515,8075968642.634204,1009496.0803292755,4703.0,1203968.0,0.09038445822183741,0.00021649395920042558,-0.00023351010604799605,0.036062232051938814,0.02323305611214007,0.03800201356664801,0.511,0.01100000000000001,0.017530942125606342,0.010182530616085095,0.014549988020869162,0.14427589546509834,True,1.0,reject,pre_step,drift_diffusion_then_jump,iid_bank,8,every_step,True,0.0004958333333333336,0.005020833333333335,1663.826344924675,188806,0.0005034818201148203,1.0036466085477356,6.37890708058686e-07,0.0
LSC-CP-RA,"LSC-CP-RA (A=8), tamed",44d6ecf1abcc7ab097c151f5d67417fb,8da7d73e85753d4e79f54062070fbc7b,True,0,4733,23.665,8127484496.1913,1015935.5620239126,4733.0,1211648.0,0.18383131237200787,0.0007107380789771467,0.0002606103838072027,0.04023359826227724,0.021130959813116506,0.03071012443953792,0.495,0.0050000000000000044,0.007149414596953235,0.011281928661754481,0.00039941530934816023,0.15150699276094637,True,1.0,reject,pre_step,drift_diffusion_then_jump,iid_bank,8,every_step,True,0.0004708333333333335,0.0049541666666666675,4591.297462599239,189995,0.0005032748785125713,1.003565391929009,6.338474540460596e-07,0.0
LSC-CP-RA,"LSC-CP-RA (A=8), tamed",44d6ecf1abcc7ab097c151f5d67417fb,8da7d73e85753d4e79f54062070fbc7b,True,1,4733,23.665,8127484496.1913,1015935.5620239126,4733.0,1211648.0,0.17964080163481788,0.0004492557533308794,-2.852848170142863e-06,0.02076942974933066,0.012629624100596256,0.022334333772356524,0.498,0.0020000000000000018,0.003260199629977136,0.01558125225346707,0.019211330248629206,0.28761709801253466,True,1.0,reject,pre_step,drift_diffusion_then_jump,iid_bank,8,every_step,True,0.0004708333333333335,0.0049541666666666675,4591.297462599239,189995,0.0005032748785125713,1.003565391929009,6.338474540460596e-07,0.0
LSC-CP-RA,"LSC-CP-RA (A=8), tamed",44d6ecf1abcc7ab097c151f5d67417fb,8da7d73e85753d4e79f54062070fbc7b,True,2,4733,23.665,8127484496.1913,1015935.5620239126,4733.0,1211648.0,0.15221290402358373,0.0004643887823279069,1.4349400728419504e-05,0.03203285595997318,0.016937858360303232,0.020780128661568323,0.4995,0.0005000000000000282,0.004470550579890841,0.01255513950966991,0.01384104460663984,0.11120239149990152,True,1.0,reject,pre_step,drift_diffusion_then_jump,iid_bank,8,every_step,True,0.0004708333333333335,0.0049541666666666675,4591.297462599239,189995,0.0005032748785125713,1.003565391929009,6.338474540460596e-07,0.0
LSC-CP-RA,"LSC-CP-RA (A=8), tamed",44d6ecf1abcc7ab097c151f5d67417fb,8da7d73e85753d4e79f54062070fbc7b,True,3,4733,23.665,8127484496.1913,1015935.5620239126,4733.0,1211648.0,0.12552496354331263,0.00030268736601091195,-0.00014769396603198093,0.029300477121744994,0.01432590303403449,0.018612320380184726,0.5025000000000001,0.00250000000000003,0.0020250477666846553,0.010113324278587577,0.01539070482265451,0.0470984521320007,True,1.0,reject,pre_step,drift_diffusion_then_jump,iid_bank,8,every_step,True,0.0004708333333333335,0.0049541666666666675,4591.297462599239,189995,0.0005032748785125713,1.003565391929009,6.338474540460596e-07,0.0
LSC-CP-RA,"LSC-CP-RA (A=8), tamed",44d6ecf1abcc7ab097c151f5d67417fb,8da7d73e85753d4e79f54062070fbc7b,True,0,4762,23.81,8177283154.6298275,1022160.3943287284,4762.0,1219072.0,0.1312189521902265,9.307466265406905e-05,-0.00035884799336793893,0.024087879480827357,0.012928963004085995,0.02283357141239651,0.5045000000000001,0.004500000000000032,0.010821255095714624,0.014594680180314734,0.002747054295114118,0.20800660272921212,True,1.0,reject,pre_step,drift_diffusion_then_jump,iid_bank,8,every_step,True,0.0004568965517241381,0.0051853448275862085,1080.6175247332344,191198,0.000502992440151197,1.0037694246115079,6.29987400251995e-07,0.0
LSC-CP-RA,"LSC-CP-RA (A=8), tamed",44d6ecf1abcc7ab097c151f5d67417fb,8da7d73e85753d4e79f54062070fbc7b,True,1,4762,23.81,8177283154.6298275,1022160.3943287284,4762.0,1219072.0,0.13707605184353705,0.000343869041292133,-0.00010657694421500885,0.041948358530500496,0.01783799611424106,0.02347408072612943,0.502,0.0020000000000000018,0.01208561025373274,0.007880136815347383,0.05574406136637269,0.147734588871269,True,1.0,reject,pre_step,drift_diffusion_then_jump,iid_bank,8,every_step,True,0.0004568965517241381,0.0051853448275862085,1080.6175247332344,191198,0.000502992440151197,1.0037694246115079,6.29987400251995e-07,0.0
LSC-CP-RA,"LSC-CP-RA (A=8), tamed",44d6ecf1abcc7ab097c151f5d67417fb,8da7d73e85753d4e79f54062070fbc7b,True,2,4762,23.81,8177283154.6298275,1022160.3943287284,4762.0,1219072.0,0.15404456243852097,0.0003533158920249191,-9.719124155982417e-05,0.02892303507721361,0.017284798664208297,0.023614152092174857,0.5015000000000001,0.001500000000000029,0.009652154896932837,0.0013241332108214765,0.07115792138537327,0.26041256506433685,True,1.0,reject,pre_step,drift_diffusion_then_jump,iid_bank,8,every_step,True,0.0004568965517241381,0.0051853448275862085,1080.6175247332344,191198,0.000502992440151197,1.0037694246115079,6.29987400251995e-07,0.0
LSC-CP-RA,"LSC-CP-RA (A=8), tamed",44d6ecf1abcc7ab097c151f5d67417fb,8da7d73e85753d4e79f54062070fbc7b,True,3,4762,23.81,8177283154.6298275,1022160.3943287284,4762.0,1219072.0,0.15063664730943546,0.00038130458877394524,-6.956941007174589e-05,0.0277213399862265,0.014824820716280645,0.021682950798717075,0.501,0.0010000000000000009,3.2444541404022976e-05,0.0023818975943520337,0.015596309227838764,0.1865904615292927,True,1.0,reject,pre_step,drift_diffusion_then_jump,iid_bank,8,every_step,True,0.0004568965517241381,0.0051853448275862085,1080.6175247332344,191198,0.000502992440151197,1.0037694246115079,6.29987400251995e-07,0.0
LSC-CP-RA,"LSC-CP-RA (A=8), tamed",44d6ecf1abcc7ab097c151f5d67417fb,8da7d73e85753d4e79f54062070fbc7b,True,0,4792,23.96,8228799008.186925,1028599.8760233657,4792.0,1226752.0,0.09934070802933952,0.00010517230199869054,-0.0003464284014028651,0.031810284110950215,0.019835577020230408,0.034321751884419785,0.511,0.01100000000000001,0.024793579799328357,0.008607556913638126,0.052148889160585174,0.21807889564571925,True,1.0,reject,pre_step,drift_diffusion_then_jump,iid_bank,8,every_step,True,0.00047083333333333347,0.005054166666666668,1487.6522544922414,192411,0.0005027911101836394,1.0038136477462438,6.260434056761269e-07,0.0
LSC-CP-RA,"LSC-CP-RA (A=8), tamed",44d6ecf1abcc7ab097c151f5d67417fb,8da7d73e85753d4e79f54062070fbc7b,True,1,4792,23.96,8228799008.186925,1028599.8760233657,4792.0,1226752.0,0.11527002204504062,0.00010555812053025804,-0.00034666055990684175,0.03465436330258387,0.02025551852496743,0.03520583361050683,0.51,0.010000000000000009,0.01842300335129084,0.018113852288157095,0.04334654480914917,0.30155564552619574,True,1.0,reject,pre_step,drift_diffusion_then_jump,iid_bank,8,every_step,True,0.00047083333333333347,0.005054166666666668,1487.6522544922414,192411,0.0005027911101836394,1.0038136477462438,6.260434056761269e-07,0.0
LSC-CP-RA,"LSC-CP-RA (A=8), tamed",44d6ecf1abcc7ab097c151f5d67417fb,8da7d73e85753d4e79f54062070fbc7b,True,2,4792,23.96,8228799008.186925,1028599.8760233657,4792.0,1226752.0,0.08466596000134309,5.0365313796429945e-05,-0.0004012878248218499,0.02187006390859325,0.01698437839108946,0.029898865674386276,0.5105000000000001,0.010500000000000037,0.02104501278014479,0.008486612815591488,0.02744156291855901,0.1585110884968005,True,1.0,reject,pre_step,drift_diffusion_then_jump,iid_bank,8,every_step,True,0.00047083333333333347,0.005054166666666668,1487.6522544922414,192411,0.0005027911101836394,1.0038136477462438,6.260434056761269e-07,0.0
LSC-CP-RA,"LSC-CP-RA (A=8), tamed",44d6ecf1abcc7ab097c151f5d67417fb,8da7d73e85753d4e79f54062070fbc7b,True,3,4792,23.96,8228799008.186925,1028599.8760233657,4792.0,1226752.0,0.1241701384015827,0.0003080082465586331,-0.00014261710044805032,0.03800747944457783,0.020689044111709496,0.03180590583401866,0.5055000000000001,0.005500000000000033,0.0130312085412939,0.005747829430601481,0.022130529571887624,0.18318847665336102,True,1.0,reject,pre_step,drift_diffusion_then_jump,iid_bank,8,every_step,True,0.00047083333333333347,0.005054166666666668,1487.6522544922414,192411,0.0005027911101836394,1.0038136477462438,6.260434056761269e-07,0.0
LSC-CP-RA,"LSC-CP-RA (A=8), tamed",44d6ecf1abcc7ab097c151f5d67417fb,8da7d73e85753d4e79f54062070fbc7b,True,0,4822,24.11,8280314861.744021,1035039.3577180026,4822.0,1234432.0,0.0834212393072906,0.00012363231791667761,-0.0003269345345852104,0.031266741221540606,0.019688210199975586,0.03355920592735522,0.5105000000000001,0.010500000000000037,0.01582037212641964,0.004375264968578874,0.013388499676899323,0.11905434661067071,True,1.0,reject,pre_step,drift_diffusion_then_jump,iid_bank,8,every_step,True,0.0004833333333333335,0.005141666666666668,4311.423396997356,193645,0.0005026700539195355,1.0039661965989215,6.221484861053505e-07,0.0
LSC-CP-RA,"LSC-CP-RA (A=8), tamed",44d6ecf1abcc7ab097c151f5d67417fb,8da7d73e85753d4e79f54062070fbc7b,True,1,4822,24.11,8280314861.744021,1035039.3577180026,4822.0,1234432.0,0.153255663345282,0.0003394576334021515,-0.0001119832294279588,0.040391078484449505,0.01628140472938359,0.02196766111803734,0.5015000000000001,0.001500000000000029,0.0006230453354397997,0.006854884196720201,0.0017781366305942218,0.22989427084855463,True,1.0,reject,pre_step,drift_diffusion_then_jump,iid_bank,8,every_step,True,0.0004833333333333335,0.005141666666666668,4311.423396997356,193645,0.0005026700539195355,1.0039661965989215,6.221484861053505e-07,0.0
LSC-CP-RA,"LSC-CP-RA (A=8), tamed",44d6ecf1abcc7ab097c151f5d67417fb,8da7d73e85753d4e79f54062070fbc7b,True,2,4822,24.11,8280314861.744021,1035039.3577180026,4822.0,1234432.0,0.16074076797041434,0.00027576778592341977,-0.000175494472854143,0.03568739140783406,0.029769398391140376,0.052549124435725396,0.5185,0.01849999999999999,0.035620938602379706,0.01278374826002504,0.06535078020547977,0.44659675994291737,True,1.0,reject,pre_step,drift_diffusion_then_jump,iid_bank,8,every_step,True,0.0004833333333333335,0.005141666666666668,4311.423396997356,193645,0.0005026700539195355,1.0039661965989215,6.221484861053505e-07,0.0
LSC-CP-RA,"LSC-CP-RA (A=8), tamed",44d6ecf1abcc7ab097c151f5d67417fb,8da7d73e85753d4e79f54062070fbc7b,True,3,4822,24.11,8280314861.744021,1035039.3577180026,4822.0,1234432.0,0.09895585593339032,0.00024445394706251733,-0.00020537966002931451,0.04482540027689941,0.024319618596635912,0.03649951525947297,0.509,0.009000000000000008,0.02006949848885965,0.013284523498441225,0.011306422459388224,0.12690325487489884,True,1.0,reject,pre_step,drift_diffusion_then_jump,iid_bank,8,every_step,True,0.0004833333333333335,0.005141666666666668,4311.423396997356,193645,0.0005026700539195355,1.0039661965989215,6.221484861053505e-07,0.0
LSC-CP-RA,"LSC-CP-RA (A=8), tamed",44d6ecf1abcc7ab097c151f5d67417fb,8da7d73e85753d4e79f54062070fbc7b,True,0,4852,24.26,8331830715.301118,1041478.8394126397,4852.0,1242112.0,0.14057521259445174,0.00023798111477513206,-0.00021382734206798482,0.029452482905209798,0.015128575763501616,0.02509832672514643,0.5045000000000001,0.004500000000000032,0.0006991076798555874,0.012659255732879182,0.02835178620579359,0.27254831625901044,True,1.0,reject,pre_step,drift_diffusion_then_jump,iid_bank,8,every_step,True,0.0005125000000000003,0.004870833333333335,3062.2837455934637,194814,0.0005027308326463314,1.0037819455894477,6.183017312448475e-07,0.0
LSC-CP-RA,"LSC-CP-RA (A=8), tamed",44d6ecf1abcc7ab097c151f5d67417fb,8da7d73e85753d4e79f54062070fbc7b,True,1,4852,24.26,8331830715.301118,1041478.8394126397,4852.0,1242112.0,0.1630368648821305,0.0002695578964262424,-0.00018298432964714006,0.024933145526099598,0.014972583701165254,0.02685341831260997,0.502,0.0020000000000000018,0.002353114100122114,0.021111421281569398,0.04432449580368606,0.372245161883746,True,1.0,reject,pre_step,drift_diffusion_then_jump,iid_bank,8,every_step,True,0.0005125000000000003,0.004870833333333335,3062.2837455934637,194814,0.0005027308326463314,1.0037819455894477,6.183017312448475e-07,0.0
LSC-CP-RA,"LSC-CP-RA (A=8), tamed",44d6ecf1abcc7ab097c151f5d67417fb,8da7d73e85753d4e79f54062070fbc7b,True,2,4852,24.26,8331830715.301118,1041478.8394126397,4852.0,1242112.0,0.1228442632708951,0.00025800517548479895,-0.00019242462220181444,0.034388733297590734,0.02703360816863859,0.04579887623961065,0.516,0.016000000000000014,0.025496761055614887,0.004740047325588415,0.025066190069993274,0.18894624325816822,True,1.0,reject,pre_step,drift_diffusion_then_jump,iid_bank,8,every_step,True,0.0005125000000000003,0.004870833333333335,3062.2837455934637,194814,0.0005027308326463314,1.0037819455894477,6.183017312448475e-07,0.0
LSC-CP-RA,"LSC-CP-RA (A=8), tamed",44d6ecf1abcc7ab097c151f5d67417fb,8da7d73e85753d4e79f54062070fbc7b,True,3,4852,24.26,8331830715.301118,1041478.8394126397,4852.0,1242112.0,0.16371972918988473,0.0004600555454353783,9.205832398384572e-06,0.027773956963262098,0.01590234407824609,0.02224080890378039,0.4985,0.001500000000000029,0.0009371512996361285,0.002233232503680016,0.03732533571870614,0.17687231766682843,True,1.0,reject,pre_step,drift_diffusion_then_jump,iid_bank,8,every_step,True,0.0005125000000000003,0.004870833333333335,3062.2837455934637,194814,0.0005027308326463314,1.0037819455894477,6.183017312448475e-07,0.0
LSC-CP-RA,"LSC-CP-RA (A=8), tamed",44d6ecf1abcc7ab097c151f5d67417fb,8da7d73e85753d4e79f54062070fbc7b,True,0,4881,24.405,8381629373.739645,1047703.6717174556,4881.0,1249536.0,0.1244853172863991,0.00024373516920161986,-0.00020736280945166108,0.038410517170938296,0.01916010018398845,0.03202952395967233,0.5075000000000001,0.007500000000000034,0.008928315295029245,0.0037456394812198646,0.007849994330666198,0.24943996707568206,True,1.0,reject,pre_step,drift_diffusion_then_jump,iid_bank,8,every_step,True,0.00047844827586206916,0.005025862068965519,4051.31668512437,195980,0.0005025865601311207,1.0037902069248106,6.146281499692686e-07,0.0
LSC-CP-RA,"LSC-CP-RA (A=8), tamed",44d6ecf1abcc7ab097c151f5d67417fb,8da7d73e85753d4e79f54062070fbc7b,True,1,4881,24.405,8381629373.739645,1047703.6717174556,4881.0,1249536.0,0.20145924141535862,0.0009274993251736641,0.00047758309595591353,0.03456062621853925,0.02163663252709187,0.03425739770069809,0.49,0.010000000000000009,0.02033185038847233,0.013811655424505465,0.04404131782391685,0.09953177305847538,True,1.0,reject,pre_step,drift_diffusion_then_jump,iid_bank,8,every_step,True,0.00047844827586206916,0.005025862068965519,4051.31668512437,195980,0.0005025865601311207,1.0037902069248106,6.146281499692686e-07,0.0
LSC-CP-RA,"LSC-CP-RA (A=8), tamed",44d6ecf1abcc7ab097c151f5d67417fb,8da7d73e85753d4e79f54062070fbc7b,True,2,4881,24.405,8381629373.739645,1047703.6717174556,4881.0,1249536.0,0.14603553147877268,0.0003371855953462344,-0.00011363857097124175,0.028981484508752722,0.01721405865537747,0.02560352592853532,0.5025000000000001,0.00250000000000003,0.002956419286368406,0.001662353308863329,0.008491974438112596,0.20674971522276675,True,1.0,reject,pre_step,drift_diffusion_then_jump,iid_bank,8,every_step,True,0.00047844827586206916,0.005025862068965519,4051.31668512437,195980,0.0005025865601311207,1.0037902069248106,6.146281499692686e-07,0.0
LSC-CP-RA,"LSC-CP-RA (A=8), tamed",44d6ecf1abcc7ab097c151f5d67417fb,8da7d73e85753d4e79f54062070fbc7b,True,3,4881,24.405,8381629373.739645,1047703.6717174556,4881.0,1249536.0,0.09143027637384325,0.0002324486718814356,-0.0002173473847161267,0.02858131333992786,0.017514982847657717,0.02621130073771868,0.5065000000000001,0.0065000000000000335,0.009749693856265403,0.017599741091499865,0.002124797124421474,0.0332688924614567,True,1.0,reject,pre_step,drift_diffusion_then_jump,iid_bank,8,every_step,True,0.00047844827586206916,0.005025862068965519,4051.31668512437,195980,0.0005025865601311207,1.0037902069248106,6.146281499692686e-07,0.0
LSC-CP-RA,"LSC-CP-RA (A=8), tamed",44d6ecf1abcc7ab097c151f5d67417fb,8da7d73e85753d4e79f54062070fbc7b,True,0,4911,24.555,8433145227.2967415,1054143.1534120927,4911.0,1257216.0,0.14192675759313483,0.0002914395783845114,-0.00015965499797965244,0.023949892238457143,0.010990803944084847,0.015537980874720393,0.5015000000000001,0.001500000000000029,0.0005869756850955824,0.0024640895832572784,0.01882874579133985,0.15043298329164634,True,1.0,reject,pre_step,drift_diffusion_then_jump,iid_bank,8,every_step,True,0.0005125000000000003,0.004995833333333335,1977.4371219010693,197179,0.000502647118713093,1.003761962940338,6.108735491753207e-07,0.0
LSC-CP-RA,"LSC-CP-RA (A=8), tamed",44d6ecf1abcc7ab097c151f5d67417fb,8da7d73e85753d4e79f54062070fbc7b,True,1,4911,24.555,8433145227.2967415,1054143.1534120927,4911.0,1257216.0,0.185268141142156,0.0007097865486136445,0.0002596660547805607,0.038099750826975365,0.01932333220499861,0.029984114556619222,0.492,0.008000000000000007,0.008781346655480955,0.014720202604322608,0.01580677895573479,0.06839881342963372,True,1.0,reject,pre_step,drift_diffusion_then_jump,iid_bank,8,every_step,True,0.0005125000000000003,0.004995833333333335,1977.4371219010693,197179,0.000502647118713093,1.003761962940338,6.108735491753207e-07,0.0
LSC-CP-RA,"LSC-CP-RA (A=8), tamed",44d6ecf1abcc7ab097c151f5d67417fb,8da7d73e85753d4e79f54062070fbc7b,True,2,4911,24.555,8433145227.2967415,1054143.1534120927,4911.0,1257216.0,0.15808598603474067,0.0002759383008736904,-0.00017603004733601768,0.03546720591876262,0.015677672535023203,0.02441989984483456,0.502,0.0020000000000000018,0.007362981899128941,0.012946617790914883,0.004128096786314203,0.2904321202100838,True,1.0,reject,pre_step,drift_diffusion_then_jump,iid_bank,8,every_step,True,0.0005125000000000003,0.004995833333333335,1977.4371219010693,197179,0.000502647118713093,1.003761962940338,6.108735491753207e-07,0.0
LSC-CP-RA,"LSC-CP-RA (A=8), tamed",44d6ecf1abcc7ab097c151f5d67417fb,8da7d73e85753d4e79f54062070fbc7b,True,3,4911,24.555,8433145227.2967415,1054143.1534120927,4911.0,1257216.0,0.11702923387237393,0.00023436249742825321,-0.00021625796794877417,0.03422352334371134,0.01800290939367188,0.027882587704241322,0.506,0.006000000000000005,0.005981754306303972,0.005020816945809803,0.004232080532242729,0.13817292311958018,True,1.0,reject,pre_step,drift_diffusion_then_jump,iid_bank,8,every_step,True,0.0005125000000000003,0.004995833333333335,1977.4371219010693,197179,0.000502647118713093,1.003761962940338,6.108735491753207e-07,0.0
LSC-CP-RA,"LSC-CP-RA (A=8), tamed",44d6ecf1abcc7ab097c151f5d67417fb,8da7d73e85753d4e79f54062070fbc7b,True,0,4941,24.705000000000002,8484661080.853839,1060582.6351067298,4941.0,1264896.0,0.13524998947624833,0.0002141147930827536,-0.00023636427475148825,0.028143965260943427,0.013396888446929383,0.016762610334474015,0.502,0.0020000000000000018,0.0033129520041533054,0.004772186564891978,0.008475715819066676,0.09427232054423051,True,1.0,reject,pre_step,drift_diffusion_then_jump,iid_bank,8,every_step,True,0.0005250000000000002,0.005254166666666668,3802.4074309281878,198440,0.000502782837482291,1.004047763610605,6.071645415907711e-07,0.0
LSC-CP-RA,"LSC-CP-RA (A=8), tamed",44d6ecf1abcc7ab097c151f5d67417fb,8da7d73e85753d4e79f54062070fbc7b,True,1,4941,24.705000000000002,8484661080.853839,1060582.6351067298,4941.0,1264896.0,0.21954470207403862,0.0004901974899702566,3.683504913287727e-05,0.03525476364319957,0.016807755631161922,0.031010884151649605,0.4975,0.00250000000000003,0.006670229253220968,0.0455126926777516,0.027602533864547616,0.8374999461844782,True,1.0,reject,pre_step,drift_diffusion_then_jump,iid_bank,8,every_step,True,0.0005250000000000002,0.005254166666666668,3802.4074309281878,198440,0.000502782837482291,1.004047763610605,6.071645415907711e-07,0.0
LSC-CP-RA,"LSC-CP-RA (A=8), tamed",44d6ecf1abcc7ab097c151f5d67417fb,8da7d73e85753d4e79f54062070fbc7b,True,2,4941,24.705000000000002,8484661080.853839,1060582.6351067298,4941.0,1264896.0,0.16475852970023422,0.0005096873172684147,5.9625537262575357e-05,0.0378528874847589,0.017802136411038283,0.023584137629830658,0.4975,0.00250000000000003,0.0027988886685996746,0.011058757206312886,0.018046648988354244,0.16141366661794965,True,1.0,reject,pre_step,drift_diffusion_then_jump,iid_bank,8,every_step,True,0.0005250000000000002,0.005254166666666668,3802.4074309281878,198440,0.000502782837482291,1.004047763610605,6.071645415907711e-07,0.0
LSC-CP-RA,"LSC-CP-RA (A=8), tamed",44d6ecf1abcc7ab097c151f5d67417fb,8da7d73e85753d4e79f54062070fbc7b,True,3,4941,24.705000000000002,8484661080.853839,1060582.6351067298,4941.0,1264896.0,0.11247460970734212,0.00014466589181028056,-0.0003061478142006857,0.02265084767482528,0.014460769311168086,0.024988366751990846,0.5065000000000001,0.0065000000000000335,0.011721131831647691,0.0008753758653584631,0.0041282258773329625,0.14822415574437564,True,1.0,reject,pre_step,drift_diffusion_then_jump,iid_bank,8,every_step,True,0.0005250000000000002,0.005254166666666668,3802.4074309281878,198440,0.000502782837482291,1.004047763610605,6.071645415907711e-07,0.0
LSC-CP-RA,"LSC-CP-RA (A=8), tamed",44d6ecf1abcc7ab097c151f5d67417fb,8da7d73e85753d4e79f54062070fbc7b,True,0,4970,24.85,8534459739.292365,1066807.4674115456,4970.0,1272320.0,0.12027076478976843,0.0001971078414398919,-0.00025391607224600765,0.035312234415248445,0.01767582899531199,0.02843262768837638,0.506,0.006000000000000005,0.015488754342030146,0.0010749816568255133,0.04158293373327828,0.19761155825966015,True,1.0,reject,pre_step,drift_diffusion_then_jump,iid_bank,8,every_step,True,0.0004396551724137933,0.0050862068965517255,4203.218754882895,199620,0.0005024144869215292,1.0041247484909457,6.036217303822938e-07,0.0
LSC-CP-RA,"LSC-CP-RA (A=8), tamed",44d6ecf1abcc7ab097c151f5d67417fb,8da7d73e85753d4e79f54062070fbc7b,True,1,4970,24.85,8534459739.292365,1066807.4674115456,4970.0,1272320.0,0.16338014840739817,0.0004544240108678155,3.6784007858559065e-06,0.03692155230224997,0.014765865451219374,0.01883482776529958,0.498,0.0020000000000000018,0.009163819687032332,0.001652228782915155,0.026383975903049865,0.15477059009579375,True,1.0,reject,pre_step,drift_diffusion_then_jump,iid_bank,8,every_step,True,0.0004396551724137933,0.0050862068965517255,4203.218754882895,199620,0.0005024144869215292,1.0041247484909457,6.036217303822938e-07,0.0
LSC-CP-RA,"LSC-CP-RA (A=8), tamed",44d6ecf1abcc7ab097c151f5d67417fb,8da7d73e85753d4e79f54062070fbc7b,True,2,4970,24.85,8534459739.292365,1066807.4674115456,4970.0,1272320.0,0.17058927287664513,0.0006183038235836325,0.00016858120719698277,0.030005267052544055,0.017461634625506414,0.024970637475188823,0.496,0.0040000000000000036,0.004325066020602923,0.01676787013822556,0.026741229812722558,0.07366533301909672,True,1.0,reject,pre_step,drift_diffusion_then_jump,iid_bank,8,every_step,True,0.0004396551724137933,0.0050862068965517255,4203.218754882895,199620,0.0005024144869215292,1.0041247484909457,6.036217303822938e-07,0.0
LSC-CP-RA,"LSC-CP-RA (A=8), tamed",44d6ecf1abcc7ab097c151f5d67417fb,8da7d73e85753d4e79f54062070fbc7b,True,3,4970,24.85,8534459739.292365,1066807.4674115456,4970.0,1272320.0,0.11669893180497531,6.980345129525833e-05,-0.00038218171154047464,0.03633945467828137,0.018577687488860208,0.030782952522607095,0.5085000000000001,0.008500000000000035,0.01956608868646901,0.01615085955639417,0.0003858656045372357,0.254354197575145,True,1.0,reject,pre_step,drift_diffusion_then_jump,iid_bank,8,every_step,True,0.0004396551724137933,0.0050862068965517255,4203.218754882895,199620,0.0005024144869215292,1.0041247484909457,6.036217303822938e-07,0.0
LSC-CP-RA,"LSC-CP-RA (A=8), tamed",44d6ecf1abcc7ab097c151f5d67417fb,8da7d73e85753d4e79f54062070fbc7b,True,0,5000,25.0,8585975592.8494625,1073246.949106183,5000.0,1280000.0,0.149140450123203,0.00023343606975700926,-0.00021842223824075635,0.023256472596323297,0.012337276154201557,0.02276321944489472,0.5035000000000001,0.003500000000000031,0.0012235139949082834,0.013812078223115809,0.021853768761283702,0.28259602483780644,True,1.0,reject,pre_step,drift_diffusion_then_jump,iid_bank,8,every_step,True,0.00047916666666666686,0.004912500000000002,1505.2616086358591,200799,0.000502275,1.003995,6e-07,0.0
LSC-CP-RA,"LSC-CP-RA (A=8), tamed",44d6ecf1abcc7ab097c151f5d67417fb,8da7d73e85753d4e79f54062070fbc7b,True,1,5000,25.0,8585975592.8494625,1073246.949106183,5000.0,1280000.0,0.16042086442872722,0.0002850065403785518,-0.00016667707291173617,0.02051677997151946,0.012098944467193503,0.02015851661133475,0.501,0.0010000000000000009,0.005924828155185558,0.012338029473555556,0.04462992856517111,0.27864230430510617,True,1.0,reject,pre_step,drift_diffusion_then_jump,iid_bank,8,every_step,True,0.00047916666666666686,0.004912500000000002,1505.2616086358591,200799,0.000502275,1.003995,6e-07,0.0
LSC-CP-RA,"LSC-CP-RA (A=8), tamed",44d6ecf1abcc7ab097c151f5d67417fb,8da7d73e85753d4e79f54062070fbc7b,True,2,5000,25.0,8585975592.8494625,1073246.949106183,5000.0,1280000.0,0.19704012663263742,0.0007148475734729542,0.00026393764964249833,0.03489203373149316,0.018678835701990363,0.03023061337599757,0.4945,0.005500000000000033,0.009785651768020077,0.002267827860444771,0.0013749327377127662,0.26507466400160784,True,1.0,reject,pre_step,drift_diffusion_then_jump,iid_bank,8,every_step,True,0.00047916666666666686,0.004912500000000002,1505.2616086358591,200799,0.000502275,1.003995,6e-07,0.0
LSC-CP-RA,"LSC-CP-RA (A=8), tamed",44d6ecf1abcc7ab097c151f5d67417fb,8da7d73e85753d4e79f54062070fbc7b,True,3,5000,25.0,8585975592.8494625,1073246.949106183,5000.0,1280000.0,0.12069044302317644,0.0001529086157247006,-0.00029838200260068337,0.024654395807504836,0.013366867352598344,0.022978014481042627,0.5055000000000001,0.005500000000000033,0.01096601411571961,0.004157907239363601,0.019792403500216934,0.17451845184175518,True,1.0,reject,pre_step,drift_diffusion_then_jump,iid_bank,8,every_step,True,0.00047916666666666686,0.004912500000000002,1505.2616086358591,200799,0.000502275,1.003995,6e-07,0.0
