method,variant_label,variant_hash,metric_definition_hash,tame,seed,step,t,n_fee,n_fee_per_particle,n_force_per_particle,n_extra_potential_equivalent_per_particle,CV_SW2,CV_MMD2_biased,CV_MMD2_unbiased,latent_z1_KS,CV_KDE_Hellinger,basin_outside_mass,basin_JS,basin_TV,tamed,tame_cap,boundary_rule,gamma,integrator,boundary_reject_fraction_cumulative,nonfinite_proposal_fraction_cumulative
ULD,"ULD gamma=1, tamed",e6c4a104a924b32b17e71efad43c7504,c87203a12406cc5114b7ffa2d8877465,True,0,0,0.0,0.0,0.0,0.0,0.0,0.7386621408960241,0.518938006051488,0.5184400712505989,0.805,0.5321930774365455,0.0,0.36550095012754413,0.7311477216369078,True,1.0,reject,1.0,BAOAB,,
ULD,"ULD gamma=1, tamed",e6c4a104a924b32b17e71efad43c7504,c87203a12406cc5114b7ffa2d8877465,True,1,0,0.0,0.0,0.0,0.0,0.0,0.7373013516640339,0.517600714963346,0.517102288036273,0.8037500000000001,0.5321039544358058,0.0,0.36550095012754413,0.7311477216369078,True,1.0,reject,1.0,BAOAB,,
ULD,"ULD gamma=1, tamed",e6c4a104a924b32b17e71efad43c7504,c87203a12406cc5114b7ffa2d8877465,True,2,0,0.0,0.0,0.0,0.0,0.0,0.7378048780843204,0.5193359487026696,0.518836860952783,0.8,0.5335110808343468,0.0,0.36550095012754413,0.7311477216369078,True,1.0,reject,1.0,BAOAB,,
ULD,"ULD gamma=1, tamed",e6c4a104a924b32b17e71efad43c7504,c87203a12406cc5114b7ffa2d8877465,True,3,0,0.0,0.0,0.0,0.0,0.0,0.7397362512151985,0.5218632027837117,0.5213643420847149,0.79625,0.5330248863167208,0.0,0.36550095012754413,0.7311477216369078,True,1.0,reject,1.0,BAOAB,,
ULD,"ULD gamma=1, tamed",e6c4a104a924b32b17e71efad43c7504,c87203a12406cc5114b7ffa2d8877465,True,0,8,0.04,25600.0,8.0,8.0,0.0,0.7380103144591932,0.518237973659821,0.5177398806662371,0.8025,0.5309328183722515,0.0,0.36550095012754413,0.7311477216369078,True,1.0,reject,1.0,BAOAB,0.0,0.0
ULD,"ULD gamma=1, tamed",e6c4a104a924b32b17e71efad43c7504,c87203a12406cc5114b7ffa2d8877465,True,1,8,0.04,25600.0,8.0,8.0,0.0,0.7369694031377536,0.5171377847030721,0.5166392939167703,0.8,0.5306908467521345,0.0,0.36550095012754413,0.7311477216369078,True,1.0,reject,1.0,BAOAB,0.0,0.0
ULD,"ULD gamma=1, tamed",e6c4a104a924b32b17e71efad43c7504,c87203a12406cc5114b7ffa2d8877465,True,2,8,0.04,25600.0,8.0,8.0,0.0,0.7375162292172974,0.5193009905891526,0.5188016612772033,0.7975,0.5328923054678776,0.0,0.36550095012754413,0.7311477216369078,True,1.0,reject,1.0,BAOAB,0.0,0.0
ULD,"ULD gamma=1, tamed",e6c4a104a924b32b17e71efad43c7504,c87203a12406cc5114b7ffa2d8877465,True,3,8,0.04,25600.0,8.0,8.0,0.0,0.7394181335585245,0.5217341162522836,0.5212350062329424,0.7937500000000001,0.5324883606676456,0.0,0.36550095012754413,0.7311477216369078,True,1.0,reject,1.0,BAOAB,0.0,0.0
ULD,"ULD gamma=1, tamed",e6c4a104a924b32b17e71efad43c7504,c87203a12406cc5114b7ffa2d8877465,True,0,17,0.085,54400.0,17.0,17.0,0.0,0.7367627119937714,0.5171413585496628,0.5166427831531556,0.7937500000000001,0.5279600928338875,0.0,0.36550095012754413,0.7311477216369078,True,1.0,reject,1.0,BAOAB,0.0,0.0
ULD,"ULD gamma=1, tamed",e6c4a104a924b32b17e71efad43c7504,c87203a12406cc5114b7ffa2d8877465,True,1,17,0.085,54400.0,17.0,17.0,0.0,0.7360492637259414,0.5163143520461826,0.5158154810686598,0.7937500000000001,0.5278218564139148,0.0,0.36550095012754413,0.7311477216369078,True,1.0,reject,1.0,BAOAB,0.0,0.0
ULD,"ULD gamma=1, tamed",e6c4a104a924b32b17e71efad43c7504,c87203a12406cc5114b7ffa2d8877465,True,2,17,0.085,54400.0,17.0,17.0,0.0,0.7366288702936087,0.5187093928124701,0.5182095472635025,0.79125,0.5303247013192646,0.0,0.36550095012754413,0.7311477216369078,True,1.0,reject,1.0,BAOAB,0.0,0.0
ULD,"ULD gamma=1, tamed",e6c4a104a924b32b17e71efad43c7504,c87203a12406cc5114b7ffa2d8877465,True,3,17,0.085,54400.0,17.0,17.0,0.0,0.7385637731085613,0.5211750074591113,0.5206753472885717,0.79125,0.5301381930310106,0.0,0.36550095012754413,0.7311477216369078,True,1.0,reject,1.0,BAOAB,0.0,0.0
ULD,"ULD gamma=1, tamed",e6c4a104a924b32b17e71efad43c7504,c87203a12406cc5114b7ffa2d8877465,True,0,25,0.125,80000.0,25.0,25.0,0.0,0.735351765628377,0.516021445971421,0.515522180393439,0.7887500000000001,0.5246812913286099,0.0,0.36550095012754413,0.7311477216369078,True,1.0,reject,1.0,BAOAB,0.0,0.0
ULD,"ULD gamma=1, tamed",e6c4a104a924b32b17e71efad43c7504,c87203a12406cc5114b7ffa2d8877465,True,1,25,0.125,80000.0,25.0,25.0,0.0,0.7348098023657661,0.5152680334912135,0.514768597231595,0.78625,0.5246553589531164,0.0,0.36550095012754413,0.7311477216369078,True,1.0,reject,1.0,BAOAB,0.0,0.0
ULD,"ULD gamma=1, tamed",e6c4a104a924b32b17e71efad43c7504,c87203a12406cc5114b7ffa2d8877465,True,2,25,0.125,80000.0,25.0,25.0,0.0,0.7354327050631472,0.5177983597283509,0.5172978125089182,0.785,0.5269410893663953,0.0,0.36550095012754413,0.7311477216369078,True,1.0,reject,1.0,BAOAB,0.0,0.0
ULD,"ULD gamma=1, tamed",e6c4a104a924b32b17e71efad43c7504,c87203a12406cc5114b7ffa2d8877465,True,3,25,0.125,80000.0,25.0,25.0,0.0,0.7374225294418271,0.5203278684388267,0.5198275184959279,0.785,0.5270433443655089,0.0,0.36550095012754413,0.7311477216369078,True,1.0,reject,1.0,BAOAB,0.0,0.0
ULD,"ULD gamma=1, tamed",e6c4a104a924b32b17e71efad43c7504,c87203a12406cc5114b7ffa2d8877465,True,0,33,0.165,105600.0,33.0,33.0,0.0,0.7336644376528557,0.5146783559431967,0.5141781850515109,0.7837500000000001,0.5211998139073032,0.0,0.36550095012754413,0.7311477216369078,True,1.0,reject,1.0,BAOAB,0.0,0.0
ULD,"ULD gamma=1, tamed",e6c4a104a924b32b17e71efad43c7504,c87203a12406cc5114b7ffa2d8877465,True,1,33,0.165,105600.0,33.0,33.0,0.0,0.7331870687093599,0.513939404701527,0.5134391588737139,0.7812500000000001,0.5214952125090315,0.0,0.36550095012754413,0.7311477216369078,True,1.0,reject,1.0,BAOAB,0.0,0.0
ULD,"ULD gamma=1, tamed",e6c4a104a924b32b17e71efad43c7504,c87203a12406cc5114b7ffa2d8877465,True,2,33,0.165,105600.0,33.0,33.0,0.0,0.7339841197934385,0.5165997891468217,0.5160983396790296,0.7775,0.5231078744113313,0.0,0.36550095012754413,0.7311477216369078,True,1.0,reject,1.0,BAOAB,0.0,0.0
ULD,"ULD gamma=1, tamed",e6c4a104a924b32b17e71efad43c7504,c87203a12406cc5114b7ffa2d8877465,True,3,33,0.165,105600.0,33.0,33.0,0.0,0.7360830312710798,0.5192063576603974,0.5187052094709872,0.78,0.5235203401703832,0.0,0.36550095012754413,0.7311477216369078,True,1.0,reject,1.0,BAOAB,0.0,0.0
ULD,"ULD gamma=1, tamed",e6c4a104a924b32b17e71efad43c7504,c87203a12406cc5114b7ffa2d8877465,True,0,42,0.21,134400.0,42.0,42.0,0.0,0.7315011214659348,0.5128833596141016,0.5123819366249868,0.7775000000000001,0.5175122590285544,0.0,0.36550095012754413,0.7311477216369078,True,1.0,reject,1.0,BAOAB,0.0,0.0
ULD,"ULD gamma=1, tamed",e6c4a104a924b32b17e71efad43c7504,c87203a12406cc5114b7ffa2d8877465,True,1,42,0.21,134400.0,42.0,42.0,0.0,0.7311225104034358,0.5123446044310589,0.5118431973532215,0.775,0.5184356084830797,0.0,0.36550095012754413,0.7311477216369078,True,1.0,reject,1.0,BAOAB,0.0,0.0
ULD,"ULD gamma=1, tamed",e6c4a104a924b32b17e71efad43c7504,c87203a12406cc5114b7ffa2d8877465,True,2,42,0.21,134400.0,42.0,42.0,0.0,0.7321708580816896,0.5150840526925335,0.5145813815009318,0.7712500000000001,0.519215189103045,0.0,0.36550095012754413,0.7311477216369078,True,1.0,reject,1.0,BAOAB,0.0,0.0
ULD,"ULD gamma=1, tamed",e6c4a104a924b32b17e71efad43c7504,c87203a12406cc5114b7ffa2d8877465,True,3,42,0.21,134400.0,42.0,42.0,0.0,0.734245931243882,0.5175843369477457,0.5170821094500475,0.77375,0.5196687310027323,0.0,0.36550095012754413,0.7311477216369078,True,1.0,reject,1.0,BAOAB,0.0,0.0
ULD,"ULD gamma=1, tamed",e6c4a104a924b32b17e71efad43c7504,c87203a12406cc5114b7ffa2d8877465,True,0,50,0.25,160000.0,50.0,50.0,0.0,0.7294497783328124,0.5111485716638974,0.5106459050271952,0.7725000000000001,0.5149067467225077,0.0,0.36550095012754413,0.7311477216369078,True,1.0,reject,1.0,BAOAB,0.0,0.0
ULD,"ULD gamma=1, tamed",e6c4a104a924b32b17e71efad43c7504,c87203a12406cc5114b7ffa2d8877465,True,1,50,0.25,160000.0,50.0,50.0,0.0,0.7292081924051292,0.510877865742365,0.510375269890491,0.76875,0.5162544344430946,0.0,0.36550095012754413,0.7311477216369078,True,1.0,reject,1.0,BAOAB,0.0,0.0
ULD,"ULD gamma=1, tamed",e6c4a104a924b32b17e71efad43c7504,c87203a12406cc5114b7ffa2d8877465,True,2,50,0.25,160000.0,50.0,50.0,0.0,0.7303963138626006,0.5135589875712949,0.5130550828038357,0.7675000000000001,0.516475944792532,0.0,0.36550095012754413,0.7311477216369078,True,1.0,reject,1.0,BAOAB,0.0,0.0
ULD,"ULD gamma=1, tamed",e6c4a104a924b32b17e71efad43c7504,c87203a12406cc5114b7ffa2d8877465,True,3,50,0.25,160000.0,50.0,50.0,0.0,0.7323783580064955,0.5158714038703727,0.5153680593244123,0.77,0.5166779898800612,0.0,0.36550095012754413,0.7311477216369078,True,1.0,reject,1.0,BAOAB,0.0,0.0
ULD,"ULD gamma=1, tamed",e6c4a104a924b32b17e71efad43c7504,c87203a12406cc5114b7ffa2d8877465,True,0,58,0.29,185600.0,58.0,58.0,0.0,0.727221397884357,0.5092471645613199,0.5087431041758507,0.7675000000000001,0.5132009871948007,0.0,0.36550095012754413,0.7311477216369078,True,1.0,reject,1.0,BAOAB,0.0,0.0
ULD,"ULD gamma=1, tamed",e6c4a104a924b32b17e71efad43c7504,c87203a12406cc5114b7ffa2d8877465,True,1,58,0.29,185600.0,58.0,58.0,0.0,0.7271633636305577,0.5091748866042874,0.5086709928648664,0.7625000000000001,0.5145886397902053,0.0,0.36550095012754413,0.7311477216369078,True,1.0,reject,1.0,BAOAB,0.0,0.0
ULD,"ULD gamma=1, tamed",e6c4a104a924b32b17e71efad43c7504,c87203a12406cc5114b7ffa2d8877465,True,2,58,0.29,185600.0,58.0,58.0,0.0,0.7283444212205403,0.5117635752736954,0.5112582725312951,0.76375,0.5144777197071702,0.0,0.36550095012754413,0.7311477216369078,True,1.0,reject,1.0,BAOAB,0.0,0.0
ULD,"ULD gamma=1, tamed",e6c4a104a924b32b17e71efad43c7504,c87203a12406cc5114b7ffa2d8877465,True,3,58,0.29,185600.0,58.0,58.0,0.0,0.7304442547521892,0.5139983084700346,0.5134937359073268,0.765,0.5142587151688798,0.0,0.36550095012754413,0.7311477216369078,True,1.0,reject,1.0,BAOAB,0.0,0.0
ULD,"ULD gamma=1, tamed",e6c4a104a924b32b17e71efad43c7504,c87203a12406cc5114b7ffa2d8877465,True,0,67,0.335,214400.0,67.0,67.0,0.0,0.7244988215255448,0.5068086841786942,0.5063029210449183,0.7625000000000001,0.5121790631732295,0.0,0.36550095012754413,0.7311477216369078,True,1.0,reject,1.0,BAOAB,0.0,0.0
ULD,"ULD gamma=1, tamed",e6c4a104a924b32b17e71efad43c7504,c87203a12406cc5114b7ffa2d8877465,True,1,67,0.335,214400.0,67.0,67.0,0.0,0.7249051515246173,0.5071784300106484,0.5066730310324817,0.76,0.513204202578767,0.0,0.36550095012754413,0.7311477216369078,True,1.0,reject,1.0,BAOAB,0.0,0.0
ULD,"ULD gamma=1, tamed",e6c4a104a924b32b17e71efad43c7504,c87203a12406cc5114b7ffa2d8877465,True,2,67,0.335,214400.0,67.0,67.0,0.0,0.7258707343166999,0.5095414001079315,0.5090344533766503,0.76,0.5132863286526937,0.0,0.36550095012754413,0.7311477216369078,True,1.0,reject,1.0,BAOAB,0.0,0.0
ULD,"ULD gamma=1, tamed",e6c4a104a924b32b17e71efad43c7504,c87203a12406cc5114b7ffa2d8877465,True,3,67,0.335,214400.0,67.0,67.0,0.0,0.7281302659683908,0.5116833588080275,0.511177313254523,0.75875,0.5124124902735454,0.0,0.36550095012754413,0.7311477216369078,True,1.0,reject,1.0,BAOAB,0.0,0.0
ULD,"ULD gamma=1, tamed",e6c4a104a924b32b17e71efad43c7504,c87203a12406cc5114b7ffa2d8877465,True,0,75,0.375,240000.0,75.0,75.0,0.0,0.7220225179578641,0.5044719910446961,0.5039647302995434,0.75875,0.5118465662518313,0.0,0.36550095012754413,0.7311477216369078,True,1.0,reject,1.0,BAOAB,0.0,0.0
ULD,"ULD gamma=1, tamed",e6c4a104a924b32b17e71efad43c7504,c87203a12406cc5114b7ffa2d8877465,True,1,75,0.375,240000.0,75.0,75.0,0.0,0.7230603791704303,0.5054788253954269,0.5049721443245979,0.75875,0.5123715543682997,0.0,0.36550095012754413,0.7311477216369078,True,1.0,reject,1.0,BAOAB,0.0,0.0
ULD,"ULD gamma=1, tamed",e6c4a104a924b32b17e71efad43c7504,c87203a12406cc5114b7ffa2d8877465,True,2,75,0.375,240000.0,75.0,75.0,0.0,0.7236341880419193,0.5074730281970735,0.506964598052689,0.75625,0.5129736156712479,0.0,0.36550095012754413,0.7311477216369078,True,1.0,reject,1.0,BAOAB,0.0,0.0
ULD,"ULD gamma=1, tamed",e6c4a104a924b32b17e71efad43c7504,c87203a12406cc5114b7ffa2d8877465,True,3,75,0.375,240000.0,75.0,75.0,0.0,0.7260178762474059,0.5095457844911433,0.5090384395904335,0.75625,0.5114372276701953,0.0,0.36550095012754413,0.7311477216369078,True,1.0,reject,1.0,BAOAB,0.0,0.0
ULD,"ULD gamma=1, tamed",e6c4a104a924b32b17e71efad43c7504,c87203a12406cc5114b7ffa2d8877465,True,0,83,0.41500000000000004,265600.0,83.0,83.0,0.0,0.7195936901537074,0.5020708620063457,0.5015621491816151,0.7575000000000001,0.5118105095338542,0.0,0.36550095012754413,0.7311477216369078,True,1.0,reject,1.0,BAOAB,0.0,0.0
ULD,"ULD gamma=1, tamed",e6c4a104a924b32b17e71efad43c7504,c87203a12406cc5114b7ffa2d8877465,True,1,83,0.41500000000000004,265600.0,83.0,83.0,0.0,0.721464340796504,0.5039640543880358,0.5034562046263541,0.75625,0.5117883529224057,0.0,0.36550095012754413,0.7311477216369078,True,1.0,reject,1.0,BAOAB,0.0,0.0
ULD,"ULD gamma=1, tamed",e6c4a104a924b32b17e71efad43c7504,c87203a12406cc5114b7ffa2d8877465,True,2,83,0.41500000000000004,265600.0,83.0,83.0,0.0,0.7213852667271041,0.5052992962523103,0.5047894012675935,0.7525000000000001,0.5130465082032971,0.0,0.36550095012754413,0.7311477216369078,True,1.0,reject,1.0,BAOAB,0.0,0.0
ULD,"ULD gamma=1, tamed",e6c4a104a924b32b17e71efad43c7504,c87203a12406cc5114b7ffa2d8877465,True,3,83,0.41500000000000004,265600.0,83.0,83.0,0.0,0.7238245120161878,0.5072976783232889,0.5067891027628084,0.75625,0.510787267705898,0.0,0.36550095012754413,0.7311477216369078,True,1.0,reject,1.0,BAOAB,0.0,0.0
ULD,"ULD gamma=1, tamed",e6c4a104a924b32b17e71efad43c7504,c87203a12406cc5114b7ffa2d8877465,True,0,92,0.46,294400.0,92.0,92.0,0.0,0.7169935565346541,0.49937887145239335,0.4988687225726176,0.7550000000000001,0.5117597694661982,0.0,0.36550095012754413,0.7311477216369078,True,1.0,reject,1.0,BAOAB,0.0,0.0
ULD,"ULD gamma=1, tamed",e6c4a104a924b32b17e71efad43c7504,c87203a12406cc5114b7ffa2d8877465,True,1,92,0.46,294400.0,92.0,92.0,0.0,0.7197693922538974,0.5022832496589832,0.5017741825936711,0.755,0.5111545193986402,0.0,0.36550095012754413,0.7311477216369078,True,1.0,reject,1.0,BAOAB,0.0,0.0
ULD,"ULD gamma=1, tamed",e6c4a104a924b32b17e71efad43c7504,c87203a12406cc5114b7ffa2d8877465,True,2,92,0.46,294400.0,92.0,92.0,0.0,0.718948625160937,0.5028700289407416,0.5023585373654066,0.7525000000000001,0.5132903843210186,0.0,0.36550095012754413,0.7311477216369078,True,1.0,reject,1.0,BAOAB,0.0,0.0
ULD,"ULD gamma=1, tamed",e6c4a104a924b32b17e71efad43c7504,c87203a12406cc5114b7ffa2d8877465,True,3,92,0.46,294400.0,92.0,92.0,0.0,0.7213375909738671,0.5047226030217903,0.5042127920805073,0.755,0.5103412335342519,0.0,0.36550095012754413,0.7311477216369078,True,1.0,reject,1.0,BAOAB,0.0,0.0
ULD,"ULD gamma=1, tamed",e6c4a104a924b32b17e71efad43c7504,c87203a12406cc5114b7ffa2d8877465,True,0,100,0.5,320000.0,100.0,100.0,0.0,0.7148323111287349,0.49704190834157047,0.49653067652647653,0.75375,0.5114769015524733,0.0,0.36550095012754413,0.7311477216369078,True,1.0,reject,1.0,BAOAB,0.0,0.0
ULD,"ULD gamma=1, tamed",e6c4a104a924b32b17e71efad43c7504,c87203a12406cc5114b7ffa2d8877465,True,1,100,0.5,320000.0,100.0,100.0,0.0,0.7184395910250869,0.5009165104809945,0.5004064946488637,0.7525000000000001,0.5105984778858399,0.0,0.36550095012754413,0.7311477216369078,True,1.0,reject,1.0,BAOAB,0.0,0.0
ULD,"ULD gamma=1, tamed",e6c4a104a924b32b17e71efad43c7504,c87203a12406cc5114b7ffa2d8877465,True,2,100,0.5,320000.0,100.0,100.0,0.0,0.7170093420417535,0.5008787776816833,0.5003659975684024,0.75125,0.5133293715189553,0.0,0.36550095012754413,0.7311477216369078,True,1.0,reject,1.0,BAOAB,0.0,0.0
ULD,"ULD gamma=1, tamed",e6c4a104a924b32b17e71efad43c7504,c87203a12406cc5114b7ffa2d8877465,True,3,100,0.5,320000.0,100.0,100.0,0.0,0.7193010667093552,0.5025765378011201,0.5020658307748284,0.75375,0.5101525131684022,0.0,0.36550095012754413,0.7311477216369078,True,1.0,reject,1.0,BAOAB,0.0,0.0
ULD,"ULD gamma=1, tamed",e6c4a104a924b32b17e71efad43c7504,c87203a12406cc5114b7ffa2d8877465,True,0,108,0.54,345600.0,108.0,108.0,0.0,0.7129264326420642,0.49475817085742313,0.49424612922550226,0.7525000000000001,0.5104405348280282,0.0,0.36550095012754413,0.7311477216369078,True,1.0,reject,1.0,BAOAB,0.0,0.0
ULD,"ULD gamma=1, tamed",e6c4a104a924b32b17e71efad43c7504,c87203a12406cc5114b7ffa2d8877465,True,1,108,0.54,345600.0,108.0,108.0,0.0,0.717215007441274,0.4995952728154529,0.4990844475948223,0.7512500000000001,0.5099969987137061,0.0,0.36550095012754413,0.7311477216369078,True,1.0,reject,1.0,BAOAB,0.0,0.0
ULD,"ULD gamma=1, tamed",e6c4a104a924b32b17e71efad43c7504,c87203a12406cc5114b7ffa2d8877465,True,2,108,0.54,345600.0,108.0,108.0,0.0,0.7152878619879279,0.4990279828184827,0.49851413641649645,0.75,0.5128887287697013,0.0,0.36550095012754413,0.7311477216369078,True,1.0,reject,1.0,BAOAB,0.0,0.0
ULD,"ULD gamma=1, tamed",e6c4a104a924b32b17e71efad43c7504,c87203a12406cc5114b7ffa2d8877465,True,3,108,0.54,345600.0,108.0,108.0,0.0,0.7173981458312852,0.5005103878512883,0.4999989130182554,0.7525000000000001,0.5099199014412852,0.0,0.36550095012754413,0.7311477216369078,True,1.0,reject,1.0,BAOAB,0.0,0.0
ULD,"ULD gamma=1, tamed",e6c4a104a924b32b17e71efad43c7504,c87203a12406cc5114b7ffa2d8877465,True,0,117,0.585,374400.0,117.0,117.0,0.0,0.7111291955519605,0.4923920535246853,0.4918793986157145,0.7512500000000001,0.5086793573924262,0.0,0.36550095012754413,0.7311477216369078,True,1.0,reject,1.0,BAOAB,0.0,0.0
ULD,"ULD gamma=1, tamed",e6c4a104a924b32b17e71efad43c7504,c87203a12406cc5114b7ffa2d8877465,True,1,117,0.585,374400.0,117.0,117.0,0.0,0.7160503425156882,0.4982299163338778,0.49771833483730976,0.7512500000000001,0.5091702151441373,0.0,0.36550095012754413,0.7311477216369078,True,1.0,reject,1.0,BAOAB,0.0,0.0
ULD,"ULD gamma=1, tamed",e6c4a104a924b32b17e71efad43c7504,c87203a12406cc5114b7ffa2d8877465,True,2,117,0.585,374400.0,117.0,117.0,0.0,0.7137177761781208,0.49722998153694886,0.4967151643265899,0.7475,0.5117381495345443,0.0,0.3581375190341678,0.7286477216369078,True,1.0,reject,1.0,BAOAB,0.0,0.0
ULD,"ULD gamma=1, tamed",e6c4a104a924b32b17e71efad43c7504,c87203a12406cc5114b7ffa2d8877465,True,3,117,0.585,374400.0,117.0,117.0,0.0,0.7154428590638089,0.4983202197991654,0.4978079677475523,0.7500000000000001,0.5095107906265568,0.0,0.36550095012754413,0.7311477216369078,True,1.0,reject,1.0,BAOAB,0.0,0.0
ULD,"ULD gamma=1, tamed",e6c4a104a924b32b17e71efad43c7504,c87203a12406cc5114b7ffa2d8877465,True,0,125,0.625,400000.0,125.0,125.0,0.0,0.7097296540764448,0.49046885195463785,0.4899558207175537,0.7500000000000001,0.5070285154364736,0.0,0.36550095012754413,0.7311477216369078,True,1.0,reject,1.0,BAOAB,0.0,0.0
ULD,"ULD gamma=1, tamed",e6c4a104a924b32b17e71efad43c7504,c87203a12406cc5114b7ffa2d8877465,True,1,125,0.625,400000.0,125.0,125.0,0.0,0.7152103687251222,0.49721690624634685,0.49670476418563103,0.7500000000000001,0.508451447121395,0.0,0.36550095012754413,0.7311477216369078,True,1.0,reject,1.0,BAOAB,0.0,0.0
ULD,"ULD gamma=1, tamed",e6c4a104a924b32b17e71efad43c7504,c87203a12406cc5114b7ffa2d8877465,True,2,125,0.625,400000.0,125.0,125.0,0.0,0.7125582863718056,0.49570784734933415,0.49519243211893627,0.7462500000000001,0.5100870616551999,0.0,0.3581375190341678,0.7286477216369078,True,1.0,reject,1.0,BAOAB,0.0,0.0
ULD,"ULD gamma=1, tamed",e6c4a104a924b32b17e71efad43c7504,c87203a12406cc5114b7ffa2d8877465,True,3,125,0.625,400000.0,125.0,125.0,0.0,0.7139400819433612,0.4964914161221091,0.4959786253008174,0.74875,0.5087855559953443,0.0,0.36550095012754413,0.7311477216369078,True,1.0,reject,1.0,BAOAB,0.0,0.0
ULD,"ULD gamma=1, tamed",e6c4a104a924b32b17e71efad43c7504,c87203a12406cc5114b7ffa2d8877465,True,0,133,0.665,425600.0,133.0,133.0,0.0,0.7084505525572027,0.4886682885268673,0.48815500579244064,0.7475,0.5054505070522688,0.0,0.36138685991337355,0.7298977216369078,True,1.0,reject,1.0,BAOAB,0.0,0.0
ULD,"ULD gamma=1, tamed",e6c4a104a924b32b17e71efad43c7504,c87203a12406cc5114b7ffa2d8877465,True,1,133,0.665,425600.0,133.0,133.0,0.0,0.7144176785975578,0.49621190457601905,0.4956993408834751,0.74875,0.5076614062005671,0.0,0.36550095012754413,0.7311477216369078,True,1.0,reject,1.0,BAOAB,0.0,0.0
ULD,"ULD gamma=1, tamed",e6c4a104a924b32b17e71efad43c7504,c87203a12406cc5114b7ffa2d8877465,True,2,133,0.665,425600.0,133.0,133.0,0.0,0.7115281361545575,0.4942100923603151,0.4936942630290454,0.7462500000000001,0.5079027092484726,0.0,0.3552135294390274,0.7273977216369079,True,1.0,reject,1.0,BAOAB,0.0,0.0
ULD,"ULD gamma=1, tamed",e6c4a104a924b32b17e71efad43c7504,c87203a12406cc5114b7ffa2d8877465,True,3,133,0.665,425600.0,133.0,133.0,0.0,0.712626260084519,0.4947423932265199,0.49422921779563234,0.74875,0.5076002920945956,0.0,0.36138685991337355,0.7298977216369078,True,1.0,reject,1.0,BAOAB,0.0,0.0
ULD,"ULD gamma=1, tamed",e6c4a104a924b32b17e71efad43c7504,c87203a12406cc5114b7ffa2d8877465,True,0,142,0.71,454400.0,142.0,142.0,0.0,0.7071873646457786,0.48687934301445224,0.4863658442655593,0.7475,0.5038360736544292,0.0,0.36138685991337355,0.7298977216369078,True,1.0,reject,1.0,BAOAB,0.0,0.0
ULD,"ULD gamma=1, tamed",e6c4a104a924b32b17e71efad43c7504,c87203a12406cc5114b7ffa2d8877465,True,1,142,0.71,454400.0,142.0,142.0,0.0,0.7135563762521334,0.4951166414154863,0.49460367074085976,0.7462500000000001,0.506642693495413,0.0,0.36550095012754413,0.7311477216369078,True,1.0,reject,1.0,BAOAB,0.0,0.0
ULD,"ULD gamma=1, tamed",e6c4a104a924b32b17e71efad43c7504,c87203a12406cc5114b7ffa2d8877465,True,2,142,0.71,454400.0,142.0,142.0,0.0,0.7105412233004432,0.4925968532809597,0.49208086480934066,0.7462500000000001,0.504666165700614,0.0,0.35250024063813834,0.7261477216369079,True,1.0,reject,1.0,BAOAB,0.0,0.0
ULD,"ULD gamma=1, tamed",e6c4a104a924b32b17e71efad43c7504,c87203a12406cc5114b7ffa2d8877465,True,3,142,0.71,454400.0,142.0,142.0,0.0,0.7114128885310055,0.492905877298616,0.4923924740305068,0.7462500000000001,0.5056603974191631,0.0,0.3581375190341678,0.7286477216369078,True,1.0,reject,1.0,BAOAB,0.0,0.0
ULD,"ULD gamma=1, tamed",e6c4a104a924b32b17e71efad43c7504,c87203a12406cc5114b7ffa2d8877465,True,0,150,0.75,480000.0,150.0,150.0,0.0,0.706191280273871,0.4854585407093548,0.4849449072722395,0.7475,0.5025611469134097,0.0,0.36138685991337355,0.7298977216369078,True,1.0,reject,1.0,BAOAB,0.0,0.0
ULD,"ULD gamma=1, tamed",e6c4a104a924b32b17e71efad43c7504,c87203a12406cc5114b7ffa2d8877465,True,1,150,0.75,480000.0,150.0,150.0,0.0,0.7128458246040812,0.49416598244311916,0.4936527676340602,0.7450000000000001,0.5055546361966788,0.0,0.36550095012754413,0.7311477216369078,True,1.0,reject,1.0,BAOAB,0.0,0.0
ULD,"ULD gamma=1, tamed",e6c4a104a924b32b17e71efad43c7504,c87203a12406cc5114b7ffa2d8877465,True,2,150,0.75,480000.0,150.0,150.0,0.0,0.7098555616827138,0.49126706717205193,0.4907511561747736,0.7450000000000001,0.5010216555006117,0.0,0.35250024063813834,0.7261477216369079,True,1.0,reject,1.0,BAOAB,0.0,0.0
ULD,"ULD gamma=1, tamed",e6c4a104a924b32b17e71efad43c7504,c87203a12406cc5114b7ffa2d8877465,True,3,150,0.75,480000.0,150.0,150.0,0.0,0.7105840264465371,0.4914035259271192,0.49089011976957175,0.7475,0.5035333863264635,0.0,0.3552135294390274,0.7273977216369079,True,1.0,reject,1.0,BAOAB,0.0,0.0
ULD,"ULD gamma=1, tamed",e6c4a104a924b32b17e71efad43c7504,c87203a12406cc5114b7ffa2d8877465,True,0,158,0.79,505600.0,158.0,158.0,0.0,0.7052475724783711,0.4841425874770551,0.4836288041030399,0.7462500000000001,0.5014045842368491,0.0,0.3581375190341678,0.7286477216369078,True,1.0,reject,1.0,BAOAB,0.0,0.0
ULD,"ULD gamma=1, tamed",e6c4a104a924b32b17e71efad43c7504,c87203a12406cc5114b7ffa2d8877465,True,1,158,0.79,505600.0,158.0,158.0,0.0,0.7120754660143364,0.4930929920311913,0.492579618365264,0.7450000000000001,0.5042304316784212,0.0,0.36550095012754413,0.7311477216369078,True,1.0,reject,1.0,BAOAB,0.0,0.0
ULD,"ULD gamma=1, tamed",e6c4a104a924b32b17e71efad43c7504,c87203a12406cc5114b7ffa2d8877465,True,2,158,0.79,505600.0,158.0,158.0,0.0,0.7092701674022047,0.489997154070163,0.48948145621658823,0.74375,0.49735743859079184,0.0,0.35250024063813834,0.7261477216369079,True,1.0,reject,1.0,BAOAB,0.0,0.0
ULD,"ULD gamma=1, tamed",e6c4a104a924b32b17e71efad43c7504,c87203a12406cc5114b7ffa2d8877465,True,3,158,0.79,505600.0,158.0,158.0,0.0,0.7099153150699921,0.49002271094502914,0.4895094315484714,0.745,0.5011812694799871,0.0,0.35250024063813834,0.7261477216369079,True,1.0,reject,1.0,BAOAB,0.0,0.0
ULD,"ULD gamma=1, tamed",e6c4a104a924b32b17e71efad43c7504,c87203a12406cc5114b7ffa2d8877465,True,0,167,0.835,534400.0,167.0,167.0,0.0,0.7042802632393899,0.48273470627860005,0.4822207842824485,0.7462500000000001,0.500123721192121,0.0,0.3552135294390274,0.7273977216369079,True,1.0,reject,1.0,BAOAB,0.0,0.0
ULD,"ULD gamma=1, tamed",e6c4a104a924b32b17e71efad43c7504,c87203a12406cc5114b7ffa2d8877465,True,1,167,0.835,534400.0,167.0,167.0,0.0,0.7111840253789496,0.4917556448934026,0.49124212578752435,0.7450000000000001,0.5025350441258083,0.0,0.3552135294390274,0.7273977216369079,True,1.0,reject,1.0,BAOAB,0.0,0.0
ULD,"ULD gamma=1, tamed",e6c4a104a924b32b17e71efad43c7504,c87203a12406cc5114b7ffa2d8877465,True,2,167,0.835,534400.0,167.0,167.0,0.0,0.7085653734113169,0.4885121052324435,0.4879966561425262,0.74375,0.4935188371514707,0.0,0.3499432043209468,0.7248977216369079,True,1.0,reject,1.0,BAOAB,0.0,0.0
ULD,"ULD gamma=1, tamed",e6c4a104a924b32b17e71efad43c7504,c87203a12406cc5114b7ffa2d8877465,True,3,167,0.835,534400.0,167.0,167.0,0.0,0.7092502293558942,0.4886163043354723,0.4881031372176834,0.7425,0.4983077431594949,0.0,0.35250024063813834,0.7261477216369079,True,1.0,reject,1.0,BAOAB,0.0,0.0
ULD,"ULD gamma=1, tamed",e6c4a104a924b32b17e71efad43c7504,c87203a12406cc5114b7ffa2d8877465,True,0,175,0.875,560000.0,175.0,175.0,0.0,0.7035832775930502,0.4816522889283664,0.4811382598540942,0.7450000000000001,0.49896524405748155,0.0,0.3552135294390274,0.7273977216369079,True,1.0,reject,1.0,BAOAB,0.0,0.0
ULD,"ULD gamma=1, tamed",e6c4a104a924b32b17e71efad43c7504,c87203a12406cc5114b7ffa2d8877465,True,1,175,0.875,560000.0,175.0,175.0,0.0,0.7104311224150718,0.4905470454350511,0.49003344817238625,0.7450000000000001,0.5006509020649267,0.0,0.3499432043209468,0.7248977216369079,True,1.0,reject,1.0,BAOAB,0.0,0.0
ULD,"ULD gamma=1, tamed",e6c4a104a924b32b17e71efad43c7504,c87203a12406cc5114b7ffa2d8877465,True,2,175,0.875,560000.0,175.0,175.0,0.0,0.707898260524978,0.48721773113869105,0.48670243665567214,0.74375,0.49040730688219636,0.0,0.34751035347823656,0.7236477216369078,True,1.0,reject,1.0,BAOAB,0.0,0.0
ULD,"ULD gamma=1, tamed",e6c4a104a924b32b17e71efad43c7504,c87203a12406cc5114b7ffa2d8877465,True,3,175,0.875,560000.0,175.0,175.0,0.0,0.7087239535801475,0.48746108759693174,0.4869480589103772,0.7412500000000001,0.4958011949385467,0.0,0.35250024063813834,0.7261477216369079,True,1.0,reject,1.0,BAOAB,0.0,0.0
ULD,"ULD gamma=1, tamed",e6c4a104a924b32b17e71efad43c7504,c87203a12406cc5114b7ffa2d8877465,True,0,183,0.915,585600.0,183.0,183.0,0.0,0.7028640544924616,0.4806217243504425,0.48010756043269154,0.7462500000000001,0.4978402701459068,0.0,0.3552135294390274,0.7273977216369079,True,1.0,reject,1.0,BAOAB,0.0,0.0
ULD,"ULD gamma=1, tamed",e6c4a104a924b32b17e71efad43c7504,c87203a12406cc5114b7ffa2d8877465,True,1,183,0.915,585600.0,183.0,183.0,0.0,0.7096297292958224,0.4893467748365896,0.488833057390915,0.7450000000000001,0.49844233250095815,0.0,0.3451805012226348,0.7223977216369079,True,1.0,reject,1.0,BAOAB,0.0,0.0
ULD,"ULD gamma=1, tamed",e6c4a104a924b32b17e71efad43c7504,c87203a12406cc5114b7ffa2d8877465,True,2,183,0.915,585600.0,183.0,183.0,0.0,0.7071793687062996,0.485952597194245,0.4854374735265433,0.74375,0.48736636880299655,0.0,0.3451805012226348,0.7223977216369079,True,1.0,reject,1.0,BAOAB,0.0,0.0
ULD,"ULD gamma=1, tamed",e6c4a104a924b32b17e71efad43c7504,c87203a12406cc5114b7ffa2d8877465,True,3,183,0.915,585600.0,183.0,183.0,0.0,0.7081492758693746,0.48630414474255357,0.4857912271321321,0.7450000000000001,0.4932944776608831,0.0,0.3499432043209468,0.7248977216369079,True,1.0,reject,1.0,BAOAB,0.0,0.0
ULD,"ULD gamma=1, tamed",e6c4a104a924b32b17e71efad43c7504,c87203a12406cc5114b7ffa2d8877465,True,0,192,0.96,614400.0,192.0,192.0,0.0,0.7021182953150189,0.4795483253987287,0.47903394649236564,0.7462500000000001,0.49605725132044476,0.0,0.3499432043209468,0.7248977216369079,True,1.0,reject,1.0,BAOAB,0.0,0.0
ULD,"ULD gamma=1, tamed",e6c4a104a924b32b17e71efad43c7504,c87203a12406cc5114b7ffa2d8877465,True,1,192,0.96,614400.0,192.0,192.0,0.0,0.708629866033315,0.4879150636419122,0.4874011768016735,0.74375,0.49546593482182444,0.0,0.3451805012226348,0.7223977216369079,True,1.0,reject,1.0,BAOAB,0.0,0.0
ULD,"ULD gamma=1, tamed",e6c4a104a924b32b17e71efad43c7504,c87203a12406cc5114b7ffa2d8877465,True,2,192,0.96,614400.0,192.0,192.0,0.0,0.7062158859414172,0.4844539000832607,0.4839388769717867,0.7450000000000001,0.4840805834416443,0.0,0.3429385907919372,0.7211477216369078,True,1.0,reject,1.0,BAOAB,0.0,0.0
ULD,"ULD gamma=1, tamed",e6c4a104a924b32b17e71efad43c7504,c87203a12406cc5114b7ffa2d8877465,True,3,192,0.96,614400.0,192.0,192.0,0.0,0.7074527684588955,0.4850512521955812,0.48453838576439634,0.7462500000000001,0.49061423154222694,0.0,0.3499432043209468,0.7248977216369079,True,1.0,reject,1.0,BAOAB,0.0,0.0
ULD,"ULD gamma=1, tamed",e6c4a104a924b32b17e71efad43c7504,c87203a12406cc5114b7ffa2d8877465,True,0,200,1.0,640000.0,200.0,200.0,0.0,0.7014638269239495,0.4786389011696892,0.47812427473202834,0.7462500000000001,0.4944015805595431,0.0,0.3499432043209468,0.7248977216369079,True,1.0,reject,1.0,BAOAB,0.0,0.0
ULD,"ULD gamma=1, tamed",e6c4a104a924b32b17e71efad43c7504,c87203a12406cc5114b7ffa2d8877465,True,1,200,1.0,640000.0,200.0,200.0,0.0,0.7076575828891261,0.4865739905936538,0.4860599039044997,0.7425,0.49232366246532555,0.0,0.3451805012226348,0.7223977216369079,True,1.0,reject,1.0,BAOAB,0.0,0.0
ULD,"ULD gamma=1, tamed",e6c4a104a924b32b17e71efad43c7504,c87203a12406cc5114b7ffa2d8877465,True,2,200,1.0,640000.0,200.0,200.0,0.0,0.70529355495009,0.48306910723761776,0.48255408377704223,0.7462500000000001,0.48088623910306283,0.0,0.3407733656590063,0.7198977216369078,True,1.0,reject,1.0,BAOAB,0.0,0.0
ULD,"ULD gamma=1, tamed",e6c4a104a924b32b17e71efad43c7504,c87203a12406cc5114b7ffa2d8877465,True,3,200,1.0,640000.0,200.0,200.0,0.0,0.7068315726154829,0.4840373886624322,0.48352455918052906,0.7450000000000001,0.48847169034397964,0.0,0.3499432043209468,0.7248977216369079,True,1.0,reject,1.0,BAOAB,0.0,0.0
ULD,"ULD gamma=1, tamed",e6c4a104a924b32b17e71efad43c7504,c87203a12406cc5114b7ffa2d8877465,True,0,208,1.04,665600.0,208.0,208.0,0.0,0.7008404397673651,0.4777292519659996,0.47721434593801515,0.74375,0.49253516512292106,0.0,0.34751035347823656,0.7236477216369078,True,1.0,reject,1.0,BAOAB,0.0,0.0
ULD,"ULD gamma=1, tamed",e6c4a104a924b32b17e71efad43c7504,c87203a12406cc5114b7ffa2d8877465,True,1,208,1.04,665600.0,208.0,208.0,0.0,0.7067093673737426,0.48525736064407965,0.4847430962554743,0.7425,0.48899836277569697,0.0,0.3429385907919372,0.7211477216369078,True,1.0,reject,1.0,BAOAB,0.0,0.0
ULD,"ULD gamma=1, tamed",e6c4a104a924b32b17e71efad43c7504,c87203a12406cc5114b7ffa2d8877465,True,2,208,1.04,665600.0,208.0,208.0,0.0,0.7043642865858641,0.4817131330640684,0.4811980263824396,0.7425,0.4778147022297373,0.0,0.3407733656590063,0.7198977216369078,True,1.0,reject,1.0,BAOAB,0.0,0.0
ULD,"ULD gamma=1, tamed",e6c4a104a924b32b17e71efad43c7504,c87203a12406cc5114b7ffa2d8877465,True,3,208,1.04,665600.0,208.0,208.0,0.0,0.7061566212320531,0.4830812937080794,0.48256841678573525,0.7425,0.48655370559821165,0.0,0.3499432043209468,0.7248977216369079,True,1.0,reject,1.0,BAOAB,0.0,0.0
ULD,"ULD gamma=1, tamed",e6c4a104a924b32b17e71efad43c7504,c87203a12406cc5114b7ffa2d8877465,True,0,217,1.085,694400.0,217.0,217.0,0.0,0.7002575482230704,0.47684502304648146,0.47632978553812355,0.7425,0.49021264396550046,0.0,0.34751035347823656,0.7236477216369078,True,1.0,reject,1.0,BAOAB,0.0,0.0
ULD,"ULD gamma=1, tamed",e6c4a104a924b32b17e71efad43c7504,c87203a12406cc5114b7ffa2d8877465,True,1,217,1.085,694400.0,217.0,217.0,0.0,0.705691165041787,0.48379377393597556,0.48327934060576205,0.7425,0.4853092080212238,0.0,0.3429385907919372,0.7211477216369078,True,1.0,reject,1.0,BAOAB,0.0,0.0
ULD,"ULD gamma=1, tamed",e6c4a104a924b32b17e71efad43c7504,c87203a12406cc5114b7ffa2d8877465,True,2,217,1.085,694400.0,217.0,217.0,0.0,0.7032540430099228,0.48016635337996016,0.47965099515529164,0.7412500000000001,0.47405848574346066,0.0,0.3407733656590063,0.7198977216369078,True,1.0,reject,1.0,BAOAB,0.0,0.0
ULD,"ULD gamma=1, tamed",e6c4a104a924b32b17e71efad43c7504,c87203a12406cc5114b7ffa2d8877465,True,3,217,1.085,694400.0,217.0,217.0,0.0,0.7052967411545309,0.48201362036167317,0.4815005911868093,0.7412500000000001,0.48483695724400544,0.0,0.3499432043209468,0.7248977216369079,True,1.0,reject,1.0,BAOAB,0.0,0.0
ULD,"ULD gamma=1, tamed",e6c4a104a924b32b17e71efad43c7504,c87203a12406cc5114b7ffa2d8877465,True,0,225,1.125,720000.0,225.0,225.0,0.0,0.6999139791444238,0.4762609672332109,0.4757454997069701,0.7412500000000001,0.4878650671156295,0.0,0.34751035347823656,0.7236477216369078,True,1.0,reject,1.0,BAOAB,0.0,0.0
ULD,"ULD gamma=1, tamed",e6c4a104a924b32b17e71efad43c7504,c87203a12406cc5114b7ffa2d8877465,True,1,225,1.125,720000.0,225.0,225.0,0.0,0.7047182054067046,0.4824607479089209,0.48194612920226976,0.74375,0.4821033324732611,0.0,0.3429385907919372,0.7211477216369078,True,1.0,reject,1.0,BAOAB,0.0,0.0
ULD,"ULD gamma=1, tamed",e6c4a104a924b32b17e71efad43c7504,c87203a12406cc5114b7ffa2d8877465,True,2,225,1.125,720000.0,225.0,225.0,0.0,0.7023299897487958,0.47890249176416655,0.478386856091893,0.7412500000000001,0.4710488793006322,0.0,0.3407733656590063,0.7198977216369078,True,1.0,reject,1.0,BAOAB,0.0,0.0
ULD,"ULD gamma=1, tamed",e6c4a104a924b32b17e71efad43c7504,c87203a12406cc5114b7ffa2d8877465,True,3,225,1.125,720000.0,225.0,225.0,0.0,0.7044291634408393,0.48106002581727836,0.4805467004833429,0.73875,0.48338186922307547,0.0,0.34751035347823656,0.7236477216369078,True,1.0,reject,1.0,BAOAB,0.0,0.0
ULD,"ULD gamma=1, tamed",e6c4a104a924b32b17e71efad43c7504,c87203a12406cc5114b7ffa2d8877465,True,0,233,1.165,745600.0,233.0,233.0,0.0,0.699689875589876,0.4758344654581509,0.4753187398066514,0.7400000000000001,0.48506118838758094,0.0,0.3451805012226348,0.7223977216369079,True,1.0,reject,1.0,BAOAB,0.0,0.0
ULD,"ULD gamma=1, tamed",e6c4a104a924b32b17e71efad43c7504,c87203a12406cc5114b7ffa2d8877465,True,1,233,1.165,745600.0,233.0,233.0,0.0,0.7037441060922194,0.48114795555538425,0.48063314020481374,0.74375,0.4796344349850893,0.0,0.3429385907919372,0.7211477216369078,True,1.0,reject,1.0,BAOAB,0.0,0.0
ULD,"ULD gamma=1, tamed",e6c4a104a924b32b17e71efad43c7504,c87203a12406cc5114b7ffa2d8877465,True,2,233,1.165,745600.0,233.0,233.0,0.0,0.7013311763713554,0.477688753366729,0.47717274467441495,0.7400000000000001,0.46891879589875174,0.0,0.3407733656590063,0.7198977216369078,True,1.0,reject,1.0,BAOAB,0.0,0.0
ULD,"ULD gamma=1, tamed",e6c4a104a924b32b17e71efad43c7504,c87203a12406cc5114b7ffa2d8877465,True,3,233,1.165,745600.0,233.0,233.0,0.0,0.7035332542714016,0.4801271688975761,0.4796134491289178,0.73875,0.4817903345280572,0.0,0.34751035347823656,0.7236477216369078,True,1.0,reject,1.0,BAOAB,0.0,0.0
ULD,"ULD gamma=1, tamed",e6c4a104a924b32b17e71efad43c7504,c87203a12406cc5114b7ffa2d8877465,True,0,242,1.21,774400.0,242.0,242.0,0.0,0.6994767622157685,0.4754770984725257,0.47496099062247765,0.7400000000000001,0.4816729455763705,0.0,0.3407733656590063,0.7198977216369078,True,1.0,reject,1.0,BAOAB,0.0,0.0
ULD,"ULD gamma=1, tamed",e6c4a104a924b32b17e71efad43c7504,c87203a12406cc5114b7ffa2d8877465,True,1,242,1.21,774400.0,242.0,242.0,0.0,0.7027589784756534,0.4798098405065472,0.47929482676217305,0.74375,0.47745905872922156,0.0,0.3429385907919372,0.7211477216369078,True,1.0,reject,1.0,BAOAB,0.0,0.0
ULD,"ULD gamma=1, tamed",e6c4a104a924b32b17e71efad43c7504,c87203a12406cc5114b7ffa2d8877465,True,2,242,1.21,774400.0,242.0,242.0,0.0,0.7002100457038012,0.4764028165359997,0.4758863146570338,0.7375,0.4679922016243292,0.0,0.3407733656590063,0.7198977216369078,True,1.0,reject,1.0,BAOAB,0.0,0.0
ULD,"ULD gamma=1, tamed",e6c4a104a924b32b17e71efad43c7504,c87203a12406cc5114b7ffa2d8877465,True,3,242,1.21,774400.0,242.0,242.0,0.0,0.7024221057522464,0.4789677034342421,0.47845347337399036,0.7400000000000001,0.4800773653243011,0.0,0.34751035347823656,0.7236477216369078,True,1.0,reject,1.0,BAOAB,0.0,0.0
ULD,"ULD gamma=1, tamed",e6c4a104a924b32b17e71efad43c7504,c87203a12406cc5114b7ffa2d8877465,True,0,250,1.25,800000.0,250.0,250.0,0.0,0.6993665226472863,0.475311403324006,0.474794909191806,0.7412500000000001,0.47869091752615867,0.0,0.3407733656590063,0.7198977216369078,True,1.0,reject,1.0,BAOAB,0.0,0.0
ULD,"ULD gamma=1, tamed",e6c4a104a924b32b17e71efad43c7504,c87203a12406cc5114b7ffa2d8877465,True,1,250,1.25,800000.0,250.0,250.0,0.0,0.7020062415749494,0.47870654235643284,0.4781913192506462,0.7425,0.47547153283952426,0.0,0.3429385907919372,0.7211477216369078,True,1.0,reject,1.0,BAOAB,0.0,0.0
ULD,"ULD gamma=1, tamed",e6c4a104a924b32b17e71efad43c7504,c87203a12406cc5114b7ffa2d8877465,True,2,250,1.25,800000.0,250.0,250.0,0.0,0.6991940166129896,0.4752050948821315,0.4746881153918866,0.7375,0.4677774026487277,0.0,0.3407733656590063,0.7198977216369078,True,1.0,reject,1.0,BAOAB,0.0,0.0
ULD,"ULD gamma=1, tamed",e6c4a104a924b32b17e71efad43c7504,c87203a12406cc5114b7ffa2d8877465,True,3,250,1.25,800000.0,250.0,250.0,0.0,0.7013876974873852,0.4778477535272949,0.47733298696880067,0.7375,0.4786285420840479,0.0,0.3429385907919372,0.7211477216369078,True,1.0,reject,1.0,BAOAB,0.0,0.0
ULD,"ULD gamma=1, tamed",e6c4a104a924b32b17e71efad43c7504,c87203a12406cc5114b7ffa2d8877465,True,0,258,1.29,825600.0,258.0,258.0,0.0,0.6993160268258419,0.4752372865527823,0.4747204435302851,0.7425,0.47586615496520024,0.0,0.3407733656590063,0.7198977216369078,True,1.0,reject,1.0,BAOAB,0.0,0.0
ULD,"ULD gamma=1, tamed",e6c4a104a924b32b17e71efad43c7504,c87203a12406cc5114b7ffa2d8877465,True,1,258,1.29,825600.0,258.0,258.0,0.0,0.701336598800061,0.47768956194185863,0.4771740935350758,0.73875,0.4733782407264415,0.0,0.3429385907919372,0.7211477216369078,True,1.0,reject,1.0,BAOAB,0.0,0.0
ULD,"ULD gamma=1, tamed",e6c4a104a924b32b17e71efad43c7504,c87203a12406cc5114b7ffa2d8877465,True,2,258,1.29,825600.0,258.0,258.0,0.0,0.6983009912653189,0.47406615628075977,0.47354865391151657,0.7350000000000001,0.4673557809995187,0.0,0.3407733656590063,0.7198977216369078,True,1.0,reject,1.0,BAOAB,0.0,0.0
ULD,"ULD gamma=1, tamed",e6c4a104a924b32b17e71efad43c7504,c87203a12406cc5114b7ffa2d8877465,True,3,258,1.29,825600.0,258.0,258.0,0.0,0.7003773023195292,0.47668783697772776,0.4761725030222298,0.7362500000000001,0.4770315038126368,0.0,0.3429385907919372,0.7211477216369078,True,1.0,reject,1.0,BAOAB,0.0,0.0
ULD,"ULD gamma=1, tamed",e6c4a104a924b32b17e71efad43c7504,c87203a12406cc5114b7ffa2d8877465,True,0,267,1.335,854400.0,267.0,267.0,0.0,0.6994070601956395,0.47534143326301104,0.47482413590787476,0.7412500000000001,0.4727721420279972,0.0,0.3407733656590063,0.7198977216369078,True,1.0,reject,1.0,BAOAB,0.0,0.0
ULD,"ULD gamma=1, tamed",e6c4a104a924b32b17e71efad43c7504,c87203a12406cc5114b7ffa2d8877465,True,1,267,1.335,854400.0,267.0,267.0,0.0,0.7005385867558833,0.4765761899461535,0.4760603686740499,0.7400000000000001,0.471193401895303,0.0,0.3429385907919372,0.7211477216369078,True,1.0,reject,1.0,BAOAB,0.0,0.0
ULD,"ULD gamma=1, tamed",e6c4a104a924b32b17e71efad43c7504,c87203a12406cc5114b7ffa2d8877465,True,2,267,1.335,854400.0,267.0,267.0,0.0,0.6974431150944251,0.4728709728196804,0.4723528937855658,0.7362500000000001,0.46615787582421087,0.0,0.3407733656590063,0.7198977216369078,True,1.0,reject,1.0,BAOAB,0.0,0.0
ULD,"ULD gamma=1, tamed",e6c4a104a924b32b17e71efad43c7504,c87203a12406cc5114b7ffa2d8877465,True,3,267,1.335,854400.0,267.0,267.0,0.0,0.6991902021757537,0.47528595922119377,0.4747699279714468,0.7362500000000001,0.47580674716319515,0.0,0.3429385907919372,0.7211477216369078,True,1.0,reject,1.0,BAOAB,0.0,0.0
ULD,"ULD gamma=1, tamed",e6c4a104a924b32b17e71efad43c7504,c87203a12406cc5114b7ffa2d8877465,True,0,275,1.375,880000.0,275.0,275.0,0.0,0.6995896686356267,0.475491180074866,0.47497346933072626,0.7400000000000001,0.4704421351656798,0.0,0.3407733656590063,0.7198977216369078,True,1.0,reject,1.0,BAOAB,0.0,0.0
ULD,"ULD gamma=1, tamed",e6c4a104a924b32b17e71efad43c7504,c87203a12406cc5114b7ffa2d8877465,True,1,275,1.375,880000.0,275.0,275.0,0.0,0.6998594170886161,0.47569303568388144,0.4751767751377256,0.7400000000000001,0.46937298850014064,0.0,0.3429385907919372,0.7211477216369078,True,1.0,reject,1.0,BAOAB,0.0,0.0
ULD,"ULD gamma=1, tamed",e6c4a104a924b32b17e71efad43c7504,c87203a12406cc5114b7ffa2d8877465,True,2,275,1.375,880000.0,275.0,275.0,0.0,0.6967247520347912,0.47186779980909377,0.4713491729421657,0.7350000000000001,0.464863830224138,0.0,0.3407733656590063,0.7198977216369078,True,1.0,reject,1.0,BAOAB,0.0,0.0
ULD,"ULD gamma=1, tamed",e6c4a104a924b32b17e71efad43c7504,c87203a12406cc5114b7ffa2d8877465,True,3,275,1.375,880000.0,275.0,275.0,0.0,0.6982365958102826,0.4741163444721477,0.47359965742183463,0.7362500000000001,0.4746713265983823,0.0,0.3407733656590063,0.7198977216369078,True,1.0,reject,1.0,BAOAB,0.0,0.0
ULD,"ULD gamma=1, tamed",e6c4a104a924b32b17e71efad43c7504,c87203a12406cc5114b7ffa2d8877465,True,0,283,1.415,905600.0,283.0,283.0,0.0,0.6996355130514911,0.4755167563141731,0.4749985361940734,0.73875,0.4686765714785025,0.0,0.3407733656590063,0.7198977216369078,True,1.0,reject,1.0,BAOAB,0.0,0.0
ULD,"ULD gamma=1, tamed",e6c4a104a924b32b17e71efad43c7504,c87203a12406cc5114b7ffa2d8877465,True,1,283,1.415,905600.0,283.0,283.0,0.0,0.6992954018341354,0.47496433620019085,0.47444758581987323,0.7400000000000001,0.4674702880870236,0.0,0.3429385907919372,0.7211477216369078,True,1.0,reject,1.0,BAOAB,0.0,0.0
ULD,"ULD gamma=1, tamed",e6c4a104a924b32b17e71efad43c7504,c87203a12406cc5114b7ffa2d8877465,True,2,283,1.415,905600.0,283.0,283.0,0.0,0.6959823908628198,0.4708753111061037,0.4703560582151872,0.73375,0.46336710443348994,0.0,0.3386760897601658,0.7186477216369078,True,1.0,reject,1.0,BAOAB,0.0,0.0
ULD,"ULD gamma=1, tamed",e6c4a104a924b32b17e71efad43c7504,c87203a12406cc5114b7ffa2d8877465,True,3,283,1.415,905600.0,283.0,283.0,0.0,0.6973685651093186,0.4730368955880002,0.47251954172959465,0.7325,0.4728911208140766,0.0,0.3407733656590063,0.7198977216369078,True,1.0,reject,1.0,BAOAB,0.0,0.0
ULD,"ULD gamma=1, tamed",e6c4a104a924b32b17e71efad43c7504,c87203a12406cc5114b7ffa2d8877465,True,0,292,1.46,934400.0,292.0,292.0,0.0,0.69961235506637,0.475550202012876,0.47503140750804784,0.73875,0.46781946477722913,0.0,0.3407733656590063,0.7198977216369078,True,1.0,reject,1.0,BAOAB,0.0,0.0
ULD,"ULD gamma=1, tamed",e6c4a104a924b32b17e71efad43c7504,c87203a12406cc5114b7ffa2d8877465,True,1,292,1.46,934400.0,292.0,292.0,0.0,0.6987855337233242,0.4743553663818951,0.4738379868635978,0.7375,0.46538498871921585,0.0,0.3429385907919372,0.7211477216369078,True,1.0,reject,1.0,BAOAB,0.0,0.0
ULD,"ULD gamma=1, tamed",e6c4a104a924b32b17e71efad43c7504,c87203a12406cc5114b7ffa2d8877465,True,2,292,1.46,934400.0,292.0,292.0,0.0,0.6951137637436451,0.4698490988423979,0.4693291101310346,0.7325,0.46128095195670205,0.0,0.3386760897601658,0.7186477216369078,True,1.0,reject,1.0,BAOAB,0.0,0.0
ULD,"ULD gamma=1, tamed",e6c4a104a924b32b17e71efad43c7504,c87203a12406cc5114b7ffa2d8877465,True,3,292,1.46,934400.0,292.0,292.0,0.0,0.6966705479835007,0.47207220896979807,0.47155415095434317,0.7350000000000001,0.470932820750783,0.0,0.3407733656590063,0.7198977216369078,True,1.0,reject,1.0,BAOAB,0.0,0.0
ULD,"ULD gamma=1, tamed",e6c4a104a924b32b17e71efad43c7504,c87203a12406cc5114b7ffa2d8877465,True,0,300,1.5,960000.0,300.0,300.0,0.0,0.6995436240780616,0.4755686516127844,0.4750493145102799,0.7400000000000001,0.46670545100348415,0.0,0.3407733656590063,0.7198977216369078,True,1.0,reject,1.0,BAOAB,0.0,0.0
ULD,"ULD gamma=1, tamed",e6c4a104a924b32b17e71efad43c7504,c87203a12406cc5114b7ffa2d8877465,True,1,300,1.5,960000.0,300.0,300.0,0.0,0.6983628441649083,0.47386840182658796,0.47335037131395374,0.7350000000000001,0.46354534296016814,0.0,0.3429385907919372,0.7211477216369078,True,1.0,reject,1.0,BAOAB,0.0,0.0
ULD,"ULD gamma=1, tamed",e6c4a104a924b32b17e71efad43c7504,c87203a12406cc5114b7ffa2d8877465,True,2,300,1.5,960000.0,300.0,300.0,0.0,0.6943412565617062,0.468971601736519,0.46845095146061944,0.7325,0.4590418773979582,0.0,0.3366397852320472,0.7173977216369078,True,1.0,reject,1.0,BAOAB,0.0,0.0
ULD,"ULD gamma=1, tamed",e6c4a104a924b32b17e71efad43c7504,c87203a12406cc5114b7ffa2d8877465,True,3,300,1.5,960000.0,300.0,300.0,0.0,0.6961758220662393,0.471297544726038,0.47077888896412634,0.7350000000000001,0.46869135414872054,0.0,0.3407733656590063,0.7198977216369078,True,1.0,reject,1.0,BAOAB,0.0,0.0
ULD,"ULD gamma=1, tamed",e6c4a104a924b32b17e71efad43c7504,c87203a12406cc5114b7ffa2d8877465,True,0,308,1.54,985600.0,308.0,308.0,0.0,0.6993706919640799,0.4755148604557411,0.47499495208652454,0.7400000000000001,0.46491541697663086,0.0,0.3366397852320472,0.7173977216369078,True,1.0,reject,1.0,BAOAB,0.0,0.0
ULD,"ULD gamma=1, tamed",e6c4a104a924b32b17e71efad43c7504,c87203a12406cc5114b7ffa2d8877465,True,1,308,1.54,985600.0,308.0,308.0,0.0,0.6979015609298096,0.4733864291989599,0.47286767174097866,0.73375,0.46181070509819755,0.0,0.3451805012226348,0.7223977216369079,True,1.0,reject,1.0,BAOAB,0.0,0.0
ULD,"ULD gamma=1, tamed",e6c4a104a924b32b17e71efad43c7504,c87203a12406cc5114b7ffa2d8877465,True,2,308,1.54,985600.0,308.0,308.0,0.0,0.6936152359031629,0.4681083801083461,0.4675870740732353,0.7325,0.45668728329195607,0.0,0.3346587497596659,0.7161477216369079,True,1.0,reject,1.0,BAOAB,0.0,0.0
ULD,"ULD gamma=1, tamed",e6c4a104a924b32b17e71efad43c7504,c87203a12406cc5114b7ffa2d8877465,True,3,308,1.54,985600.0,308.0,308.0,0.0,0.6957983356895618,0.47067847376035565,0.4701592259225291,0.73375,0.46631808569870914,0.0,0.3386760897601658,0.7186477216369078,True,1.0,reject,1.0,BAOAB,0.0,0.0
ULD,"ULD gamma=1, tamed",e6c4a104a924b32b17e71efad43c7504,c87203a12406cc5114b7ffa2d8877465,True,0,317,1.585,1014400.0,317.0,317.0,0.0,0.6990468721331319,0.4752875801353136,0.4747669977171539,0.73875,0.4619509632226215,0.0,0.3386760897601658,0.7186477216369078,True,1.0,reject,1.0,BAOAB,0.0,0.0
ULD,"ULD gamma=1, tamed",e6c4a104a924b32b17e71efad43c7504,c87203a12406cc5114b7ffa2d8877465,True,1,317,1.585,1014400.0,317.0,317.0,0.0,0.6974818288497617,0.473007001882611,0.47248735802562736,0.7325,0.45993712117888463,0.0,0.3429385907919372,0.7211477216369078,True,1.0,reject,1.0,BAOAB,0.0,0.0
ULD,"ULD gamma=1, tamed",e6c4a104a924b32b17e71efad43c7504,c87203a12406cc5114b7ffa2d8877465,True,2,317,1.585,1014400.0,317.0,317.0,0.0,0.6929914986311698,0.4673103823258864,0.4667883362777664,0.7325,0.45391752820768794,0.0,0.3346587497596659,0.7161477216369079,True,1.0,reject,1.0,BAOAB,0.0,0.0
ULD,"ULD gamma=1, tamed",e6c4a104a924b32b17e71efad43c7504,c87203a12406cc5114b7ffa2d8877465,True,3,317,1.585,1014400.0,317.0,317.0,0.0,0.6953639902670148,0.47009509643459135,0.46957513512003435,0.7350000000000001,0.46357403132238373,0.0,0.3386760897601658,0.7186477216369078,True,1.0,reject,1.0,BAOAB,0.0,0.0
ULD,"ULD gamma=1, tamed",e6c4a104a924b32b17e71efad43c7504,c87203a12406cc5114b7ffa2d8877465,True,0,325,1.625,1040000.0,325.0,325.0,0.0,0.6987451950637716,0.47498822567180776,0.4744670888467821,0.7362500000000001,0.4588163019665923,0.0,0.3386760897601658,0.7186477216369078,True,1.0,reject,1.0,BAOAB,0.0,0.0
ULD,"ULD gamma=1, tamed",e6c4a104a924b32b17e71efad43c7504,c87203a12406cc5114b7ffa2d8877465,True,1,325,1.625,1040000.0,325.0,325.0,0.0,0.697188659391216,0.47278243103284767,0.47226194631824403,0.7325,0.45835690389351147,0.0,0.3429385907919372,0.7211477216369078,True,1.0,reject,1.0,BAOAB,0.0,0.0
ULD,"ULD gamma=1, tamed",e6c4a104a924b32b17e71efad43c7504,c87203a12406cc5114b7ffa2d8877465,True,2,325,1.625,1040000.0,325.0,325.0,0.0,0.6924634884833705,0.4666932599730311,0.46617049317555703,0.7325,0.45141737373419943,0.0,0.33272823596095336,0.7148977216369079,True,1.0,reject,1.0,BAOAB,0.0,0.0
ULD,"ULD gamma=1, tamed",e6c4a104a924b32b17e71efad43c7504,c87203a12406cc5114b7ffa2d8877465,True,3,325,1.625,1040000.0,325.0,325.0,0.0,0.6949438819139806,0.4696444354459678,0.4691238332028421,0.7350000000000001,0.46068182820009096,0.0,0.3386760897601658,0.7186477216369078,True,1.0,reject,1.0,BAOAB,0.0,0.0
ULD,"ULD gamma=1, tamed",e6c4a104a924b32b17e71efad43c7504,c87203a12406cc5114b7ffa2d8877465,True,0,333,1.665,1065600.0,333.0,333.0,0.0,0.698543356385845,0.4746754994893434,0.47415380428409404,0.7375,0.45527415089320056,0.0,0.3366397852320472,0.7173977216369078,True,1.0,reject,1.0,BAOAB,0.0,0.0
ULD,"ULD gamma=1, tamed",e6c4a104a924b32b17e71efad43c7504,c87203a12406cc5114b7ffa2d8877465,True,1,333,1.665,1065600.0,333.0,333.0,0.0,0.6969436487185329,0.4726326894865325,0.47211138157794486,0.7350000000000001,0.4572067520428753,0.0,0.3386760897601658,0.7186477216369078,True,1.0,reject,1.0,BAOAB,0.0,0.0
ULD,"ULD gamma=1, tamed",e6c4a104a924b32b17e71efad43c7504,c87203a12406cc5114b7ffa2d8877465,True,2,333,1.665,1065600.0,333.0,333.0,0.0,0.6918633329103678,0.4660649537853502,0.4655413475382163,0.7312500000000001,0.44892537922921605,0.0,0.33272823596095336,0.7148977216369079,True,1.0,reject,1.0,BAOAB,0.0,0.0
ULD,"ULD gamma=1, tamed",e6c4a104a924b32b17e71efad43c7504,c87203a12406cc5114b7ffa2d8877465,True,3,333,1.665,1065600.0,333.0,333.0,0.0,0.6945006046210891,0.4692160617629232,0.46869480408842346,0.7350000000000001,0.4573667359178657,0.0,0.3366397852320472,0.7173977216369078,True,1.0,reject,1.0,BAOAB,0.0,0.0
ULD,"ULD gamma=1, tamed",e6c4a104a924b32b17e71efad43c7504,c87203a12406cc5114b7ffa2d8877465,True,0,342,1.71,1094400.0,342.0,342.0,0.0,0.6984128783444097,0.47435002573931495,0.4738277586650874,0.7362500000000001,0.4510915690723606,0.0,0.3346587497596659,0.7161477216369079,True,1.0,reject,1.0,BAOAB,0.0,0.0
ULD,"ULD gamma=1, tamed",e6c4a104a924b32b17e71efad43c7504,c87203a12406cc5114b7ffa2d8877465,True,1,342,1.71,1094400.0,342.0,342.0,0.0,0.6966968560300568,0.47250464143408843,0.4719823588604509,0.7325,0.45599230751493813,0.0,0.3386760897601658,0.7186477216369078,True,1.0,reject,1.0,BAOAB,0.0,0.0
ULD,"ULD gamma=1, tamed",e6c4a104a924b32b17e71efad43c7504,c87203a12406cc5114b7ffa2d8877465,True,2,342,1.71,1094400.0,342.0,342.0,0.0,0.6913046207781969,0.4655131026167423,0.4649886077947528,0.7300000000000001,0.4467126362176068,0.0,0.32720244959821626,0.7111477216369078,True,1.0,reject,1.0,BAOAB,0.0,0.0
ULD,"ULD gamma=1, tamed",e6c4a104a924b32b17e71efad43c7504,c87203a12406cc5114b7ffa2d8877465,True,3,342,1.71,1094400.0,342.0,342.0,0.0,0.6940859770568526,0.4688660376782493,0.4683440759931331,0.73375,0.4537066399584213,0.0,0.3346587497596659,0.7161477216369079,True,1.0,reject,1.0,BAOAB,0.0,0.0
ULD,"ULD gamma=1, tamed",e6c4a104a924b32b17e71efad43c7504,c87203a12406cc5114b7ffa2d8877465,True,0,350,1.75,1120000.0,350.0,350.0,0.0,0.698321031551556,0.4740896046335795,0.4735668288446332,0.7362500000000001,0.44775698994113766,0.0,0.33272823596095336,0.7148977216369079,True,1.0,reject,1.0,BAOAB,0.0,0.0
ULD,"ULD gamma=1, tamed",e6c4a104a924b32b17e71efad43c7504,c87203a12406cc5114b7ffa2d8877465,True,1,350,1.75,1120000.0,350.0,350.0,0.0,0.6965220974907786,0.47239175783926146,0.47186864326958133,0.7312500000000001,0.4545683941651172,0.0,0.3366397852320472,0.7173977216369078,True,1.0,reject,1.0,BAOAB,0.0,0.0
ULD,"ULD gamma=1, tamed",e6c4a104a924b32b17e71efad43c7504,c87203a12406cc5114b7ffa2d8877465,True,2,350,1.75,1120000.0,350.0,350.0,0.0,0.6908673552066606,0.46512590484533156,0.46460057059296533,0.7300000000000001,0.44491619800651605,0.0,0.32720244959821626,0.7111477216369078,True,1.0,reject,1.0,BAOAB,0.0,0.0
ULD,"ULD gamma=1, tamed",e6c4a104a924b32b17e71efad43c7504,c87203a12406cc5114b7ffa2d8877465,True,3,350,1.75,1120000.0,350.0,350.0,0.0,0.6938518269946472,0.46867465326163094,0.4681521666887337,0.7350000000000001,0.45060846503487284,0.0,0.3346587497596659,0.7161477216369079,True,1.0,reject,1.0,BAOAB,0.0,0.0
ULD,"ULD gamma=1, tamed",e6c4a104a924b32b17e71efad43c7504,c87203a12406cc5114b7ffa2d8877465,True,0,358,1.79,1145600.0,358.0,358.0,0.0,0.6981755110062754,0.47376814473652173,0.4732448058849177,0.73375,0.4448601710008061,0.0,0.33272823596095336,0.7148977216369079,True,1.0,reject,1.0,BAOAB,0.0,0.0
ULD,"ULD gamma=1, tamed",e6c4a104a924b32b17e71efad43c7504,c87203a12406cc5114b7ffa2d8877465,True,1,358,1.79,1145600.0,358.0,358.0,0.0,0.6963018602253731,0.4721358456588979,0.47161199731614767,0.7300000000000001,0.45284394742886513,0.0,0.3366397852320472,0.7173977216369078,True,1.0,reject,1.0,BAOAB,0.0,0.0
ULD,"ULD gamma=1, tamed",e6c4a104a924b32b17e71efad43c7504,c87203a12406cc5114b7ffa2d8877465,True,2,358,1.79,1145600.0,358.0,358.0,0.0,0.690458089506088,0.46474915658726235,0.46422298151529817,0.72875,0.4434300391489584,0.0,0.3254390930902886,0.7098977216369078,True,1.0,reject,1.0,BAOAB,0.0,0.0
ULD,"ULD gamma=1, tamed",e6c4a104a924b32b17e71efad43c7504,c87203a12406cc5114b7ffa2d8877465,True,3,358,1.79,1145600.0,358.0,358.0,0.0,0.6937356240898097,0.4686239913878498,0.4681010357423975,0.7362500000000001,0.44762179836277316,0.0,0.33272823596095336,0.7148977216369079,True,1.0,reject,1.0,BAOAB,0.0,0.0
ULD,"ULD gamma=1, tamed",e6c4a104a924b32b17e71efad43c7504,c87203a12406cc5114b7ffa2d8877465,True,0,367,1.835,1174400.0,367.0,367.0,0.0,0.6979309445257644,0.4733843516558498,0.47286039051579154,0.73375,0.4423661228026394,0.0,0.330844230012035,0.7136477216369078,True,1.0,reject,1.0,BAOAB,0.0,0.0
ULD,"ULD gamma=1, tamed",e6c4a104a924b32b17e71efad43c7504,c87203a12406cc5114b7ffa2d8877465,True,1,367,1.835,1174400.0,367.0,367.0,0.0,0.6960915496123575,0.4718983744183346,0.4713738120279486,0.7300000000000001,0.4508295948170369,0.0,0.3346587497596659,0.7161477216369079,True,1.0,reject,1.0,BAOAB,0.0,0.0
ULD,"ULD gamma=1, tamed",e6c4a104a924b32b17e71efad43c7504,c87203a12406cc5114b7ffa2d8877465,True,2,367,1.835,1174400.0,367.0,367.0,0.0,0.6902064099151414,0.4645936462300976,0.4640665621607901,0.7312500000000001,0.44161063497364184,0.0,0.32371092768595733,0.7086477216369078,True,1.0,reject,1.0,BAOAB,0.0,0.0
ULD,"ULD gamma=1, tamed",e6c4a104a924b32b17e71efad43c7504,c87203a12406cc5114b7ffa2d8877465,True,3,367,1.835,1174400.0,367.0,367.0,0.0,0.6938248198411385,0.46876089928311526,0.4682374746103092,0.7350000000000001,0.44516180903278935,0.0,0.330844230012035,0.7136477216369078,True,1.0,reject,1.0,BAOAB,0.0,0.0
ULD,"ULD gamma=1, tamed",e6c4a104a924b32b17e71efad43c7504,c87203a12406cc5114b7ffa2d8877465,True,0,375,1.875,1200000.0,375.0,375.0,0.0,0.6978068121238806,0.47318013302545314,0.4726556346215284,0.7325,0.44068356138632137,0.0,0.32720244959821626,0.7111477216369078,True,1.0,reject,1.0,BAOAB,0.0,0.0
ULD,"ULD gamma=1, tamed",e6c4a104a924b32b17e71efad43c7504,c87203a12406cc5114b7ffa2d8877465,True,1,375,1.875,1200000.0,375.0,375.0,0.0,0.6958743582036142,0.4717115358539995,0.47118640129860623,0.7275,0.449122286019891,0.0,0.330844230012035,0.7136477216369078,True,1.0,reject,1.0,BAOAB,0.0,0.0
ULD,"ULD gamma=1, tamed",e6c4a104a924b32b17e71efad43c7504,c87203a12406cc5114b7ffa2d8877465,True,2,375,1.875,1200000.0,375.0,375.0,0.0,0.6901017836568698,0.4646177675399501,0.4640899086935042,0.7312500000000001,0.44009150905778593,0.0,0.32371092768595733,0.7086477216369078,True,1.0,reject,1.0,BAOAB,0.0,0.0
ULD,"ULD gamma=1, tamed",e6c4a104a924b32b17e71efad43c7504,c87203a12406cc5114b7ffa2d8877465,True,3,375,1.875,1200000.0,375.0,375.0,0.0,0.6941577203867434,0.4691384764645974,0.4686147242650498,0.7350000000000001,0.4441036170326508,0.0,0.330844230012035,0.7136477216369078,True,1.0,reject,1.0,BAOAB,0.0,0.0
ULD,"ULD gamma=1, tamed",e6c4a104a924b32b17e71efad43c7504,c87203a12406cc5114b7ffa2d8877465,True,0,383,1.915,1225600.0,383.0,383.0,0.0,0.6977475580209724,0.47307345443522264,0.47254841664445724,0.7300000000000001,0.4394589233370273,0.0,0.3254390930902886,0.7098977216369078,True,1.0,reject,1.0,BAOAB,0.0,0.0
ULD,"ULD gamma=1, tamed",e6c4a104a924b32b17e71efad43c7504,c87203a12406cc5114b7ffa2d8877465,True,1,383,1.915,1225600.0,383.0,383.0,0.0,0.6957385871990805,0.4715511571240236,0.4710255293234825,0.72875,0.44739582955362667,0.0,0.3290032938430366,0.7123977216369078,True,1.0,reject,1.0,BAOAB,0.0,0.0
ULD,"ULD gamma=1, tamed",e6c4a104a924b32b17e71efad43c7504,c87203a12406cc5114b7ffa2d8877465,True,2,383,1.915,1225600.0,383.0,383.0,0.0,0.6901383248268841,0.4647410732932198,0.4642125086613157,0.7300000000000001,0.43849949077200245,0.0,0.3254390930902886,0.7098977216369078,True,1.0,reject,1.0,BAOAB,0.0,0.0
ULD,"ULD gamma=1, tamed",e6c4a104a924b32b17e71efad43c7504,c87203a12406cc5114b7ffa2d8877465,True,3,383,1.915,1225600.0,383.0,383.0,0.0,0.6945605585339285,0.46959999529447083,0.46907598581765697,0.7325,0.4436679976138397,0.0,0.330844230012035,0.7136477216369078,True,1.0,reject,1.0,BAOAB,0.0,0.0
ULD,"ULD gamma=1, tamed",e6c4a104a924b32b17e71efad43c7504,c87203a12406cc5114b7ffa2d8877465,True,0,392,1.96,1254400.0,392.0,392.0,0.0,0.6976791931640217,0.47298475407761076,0.4724590749277233,0.72875,0.43843957999392413,0.0,0.3254390930902886,0.7098977216369078,True,1.0,reject,1.0,BAOAB,0.0,0.0
ULD,"ULD gamma=1, tamed",e6c4a104a924b32b17e71efad43c7504,c87203a12406cc5114b7ffa2d8877465,True,1,392,1.96,1254400.0,392.0,392.0,0.0,0.6956974487294445,0.4713825142479674,0.4708564594178949,0.72875,0.44531776529155864,0.0,0.3290032938430366,0.7123977216369078,True,1.0,reject,1.0,BAOAB,0.0,0.0
ULD,"ULD gamma=1, tamed",e6c4a104a924b32b17e71efad43c7504,c87203a12406cc5114b7ffa2d8877465,True,2,392,1.96,1254400.0,392.0,392.0,0.0,0.6902371091506049,0.46486810671215884,0.46433879637077746,0.72875,0.4368046113638143,0.0,0.32371092768595733,0.7086477216369078,True,1.0,reject,1.0,BAOAB,0.0,0.0
ULD,"ULD gamma=1, tamed",e6c4a104a924b32b17e71efad43c7504,c87203a12406cc5114b7ffa2d8877465,True,3,392,1.96,1254400.0,392.0,392.0,0.0,0.6950330509947189,0.4701311230541114,0.46960684061713387,0.7325,0.44359035412895464,0.0,0.3290032938430366,0.7123977216369078,True,1.0,reject,1.0,BAOAB,0.0,0.0
ULD,"ULD gamma=1, tamed",e6c4a104a924b32b17e71efad43c7504,c87203a12406cc5114b7ffa2d8877465,True,0,400,2.0,1280000.0,400.0,400.0,0.0,0.6975986716374798,0.4728954959962036,0.4723693172024984,0.72875,0.4375185511143985,0.0,0.3254390930902886,0.7098977216369078,True,1.0,reject,1.0,BAOAB,0.0,0.0
ULD,"ULD gamma=1, tamed",e6c4a104a924b32b17e71efad43c7504,c87203a12406cc5114b7ffa2d8877465,True,1,400,2.0,1280000.0,400.0,400.0,0.0,0.6957051824066209,0.4713005929819454,0.47077419767198614,0.72875,0.4438855397587178,0.0,0.3290032938430366,0.7123977216369078,True,1.0,reject,1.0,BAOAB,0.0,0.0
ULD,"ULD gamma=1, tamed",e6c4a104a924b32b17e71efad43c7504,c87203a12406cc5114b7ffa2d8877465,True,2,400,2.0,1280000.0,400.0,400.0,0.0,0.690481733158315,0.46510556118497015,0.46457570936384796,0.7262500000000001,0.4355151300194424,0.0,0.32371092768595733,0.7086477216369078,True,1.0,reject,1.0,BAOAB,0.0,0.0
ULD,"ULD gamma=1, tamed",e6c4a104a924b32b17e71efad43c7504,c87203a12406cc5114b7ffa2d8877465,True,3,400,2.0,1280000.0,400.0,400.0,0.0,0.6954439964177591,0.47055599080891686,0.47003139508637437,0.7312500000000001,0.4436483828153276,0.0,0.3290032938430366,0.7123977216369078,True,1.0,reject,1.0,BAOAB,0.0,0.0
ULD,"ULD gamma=1, tamed",e6c4a104a924b32b17e71efad43c7504,c87203a12406cc5114b7ffa2d8877465,True,0,408,2.04,1305600.0,408.0,408.0,0.0,0.6975336419324845,0.47284457629150745,0.47231791603397977,0.72875,0.43657801150771636,0.0,0.32720244959821626,0.7111477216369078,True,1.0,reject,1.0,BAOAB,0.0,0.0
ULD,"ULD gamma=1, tamed",e6c4a104a924b32b17e71efad43c7504,c87203a12406cc5114b7ffa2d8877465,True,1,408,2.04,1305600.0,408.0,408.0,0.0,0.6957980999617637,0.4712689192559446,0.47074228548778274,0.7275,0.4426186546710078,0.0,0.3290032938430366,0.7123977216369078,True,1.0,reject,1.0,BAOAB,0.0,0.0
ULD,"ULD gamma=1, tamed",e6c4a104a924b32b17e71efad43c7504,c87203a12406cc5114b7ffa2d8877465,True,2,408,2.04,1305600.0,408.0,408.0,0.0,0.6907983193207672,0.4654110344585939,0.46488067976527037,0.7262500000000001,0.43451932878190336,0.0,0.32371092768595733,0.7086477216369078,True,1.0,reject,1.0,BAOAB,0.0,0.0
ULD,"ULD gamma=1, tamed",e6c4a104a924b32b17e71efad43c7504,c87203a12406cc5114b7ffa2d8877465,True,3,408,2.04,1305600.0,408.0,408.0,0.0,0.695883767452653,0.47095205988383315,0.4704271868837583,0.7312500000000001,0.44321680330678326,0.0,0.3290032938430366,0.7123977216369078,True,1.0,reject,1.0,BAOAB,0.0,0.0
ULD,"ULD gamma=1, tamed",e6c4a104a924b32b17e71efad43c7504,c87203a12406cc5114b7ffa2d8877465,True,0,417,2.085,1334400.0,417.0,417.0,0.0,0.6974715694107377,0.4728425499714587,0.47231530205750527,0.7275,0.4355186120405885,0.0,0.3254390930902886,0.7098977216369078,True,1.0,reject,1.0,BAOAB,0.0,0.0
ULD,"ULD gamma=1, tamed",e6c4a104a924b32b17e71efad43c7504,c87203a12406cc5114b7ffa2d8877465,True,1,417,2.085,1334400.0,417.0,417.0,0.0,0.6958315924424553,0.47110913966846746,0.47058225298145184,0.7300000000000001,0.4415000479410668,0.0,0.3290032938430366,0.7123977216369078,True,1.0,reject,1.0,BAOAB,0.0,0.0
ULD,"ULD gamma=1, tamed",e6c4a104a924b32b17e71efad43c7504,c87203a12406cc5114b7ffa2d8877465,True,2,417,2.085,1334400.0,417.0,417.0,0.0,0.6909844367323288,0.46554555581810764,0.465014667101749,0.72375,0.43350696156967816,0.0,0.32201591292663234,0.7073977216369078,True,1.0,reject,1.0,BAOAB,0.0,0.0
ULD,"ULD gamma=1, tamed",e6c4a104a924b32b17e71efad43c7504,c87203a12406cc5114b7ffa2d8877465,True,3,417,2.085,1334400.0,417.0,417.0,0.0,0.696499503193721,0.4715116029017933,0.47098641895165194,0.7312500000000001,0.44218671879996696,0.0,0.3290032938430366,0.7123977216369078,True,1.0,reject,1.0,BAOAB,0.0,0.0
ULD,"ULD gamma=1, tamed",e6c4a104a924b32b17e71efad43c7504,c87203a12406cc5114b7ffa2d8877465,True,0,425,2.125,1360000.0,425.0,425.0,0.0,0.6974612992669625,0.472839229156481,0.4723114629683338,0.72875,0.43441763566366753,0.0,0.3254390930902886,0.7098977216369078,True,1.0,reject,1.0,BAOAB,0.0,0.0
ULD,"ULD gamma=1, tamed",e6c4a104a924b32b17e71efad43c7504,c87203a12406cc5114b7ffa2d8877465,True,1,425,2.125,1360000.0,425.0,425.0,0.0,0.6958457941994872,0.4709861972761854,0.4704590946424312,0.7275,0.4406093774897242,0.0,0.32720244959821626,0.7111477216369078,True,1.0,reject,1.0,BAOAB,0.0,0.0
ULD,"ULD gamma=1, tamed",e6c4a104a924b32b17e71efad43c7504,c87203a12406cc5114b7ffa2d8877465,True,2,425,2.125,1360000.0,425.0,425.0,0.0,0.6911666835586794,0.4656281125191414,0.4650967895300774,0.72375,0.4325373788366801,0.0,0.3203522239940927,0.7061477216369079,True,1.0,reject,1.0,BAOAB,0.0,0.0
ULD,"ULD gamma=1, tamed",e6c4a104a924b32b17e71efad43c7504,c87203a12406cc5114b7ffa2d8877465,True,3,425,2.125,1360000.0,425.0,425.0,0.0,0.6970063339945991,0.4719248967978166,0.47139941606957625,0.7312500000000001,0.440677460310518,0.0,0.3290032938430366,0.7123977216369078,True,1.0,reject,1.0,BAOAB,0.0,0.0
ULD,"ULD gamma=1, tamed",e6c4a104a924b32b17e71efad43c7504,c87203a12406cc5114b7ffa2d8877465,True,0,433,2.165,1385600.0,433.0,433.0,0.0,0.6975597088497407,0.4729131804841227,0.4723848904785487,0.7275,0.4334067679555913,0.0,0.3254390930902886,0.7098977216369078,True,1.0,reject,1.0,BAOAB,0.0,0.0
ULD,"ULD gamma=1, tamed",e6c4a104a924b32b17e71efad43c7504,c87203a12406cc5114b7ffa2d8877465,True,1,433,2.165,1385600.0,433.0,433.0,0.0,0.6958341182265163,0.4708914751294314,0.47036414600861587,0.7275,0.4398160026949264,0.0,0.32720244959821626,0.7111477216369078,True,1.0,reject,1.0,BAOAB,0.0,0.0
ULD,"ULD gamma=1, tamed",e6c4a104a924b32b17e71efad43c7504,c87203a12406cc5114b7ffa2d8877465,True,2,433,2.165,1385600.0,433.0,433.0,0.0,0.6914566017148203,0.4657836833887572,0.46525199196147127,0.7200000000000001,0.43136909607451424,0.0,0.3155334598958748,0.7023977216369078,True,1.0,reject,1.0,BAOAB,0.0,0.0
ULD,"ULD gamma=1, tamed",e6c4a104a924b32b17e71efad43c7504,c87203a12406cc5114b7ffa2d8877465,True,3,433,2.165,1385600.0,433.0,433.0,0.0,0.6974393592100399,0.47228117309542683,0.4717553482449812,0.7300000000000001,0.43893529986172275,0.0,0.32720244959821626,0.7111477216369078,True,1.0,reject,1.0,BAOAB,0.0,0.0
ULD,"ULD gamma=1, tamed",e6c4a104a924b32b17e71efad43c7504,c87203a12406cc5114b7ffa2d8877465,True,0,442,2.21,1414400.0,442.0,442.0,0.0,0.6977614926529114,0.4730524389205102,0.4725234748293138,0.7250000000000001,0.4322761449336153,0.0,0.32371092768595733,0.7086477216369078,True,1.0,reject,1.0,BAOAB,0.0,0.0
ULD,"ULD gamma=1, tamed",e6c4a104a924b32b17e71efad43c7504,c87203a12406cc5114b7ffa2d8877465,True,1,442,2.21,1414400.0,442.0,442.0,0.0,0.6958863117499217,0.4708405923492458,0.4703130743277647,0.7262500000000001,0.4391054763995358,0.0,0.32720244959821626,0.7111477216369078,True,1.0,reject,1.0,BAOAB,0.0,0.0
ULD,"ULD gamma=1, tamed",e6c4a104a924b32b17e71efad43c7504,c87203a12406cc5114b7ffa2d8877465,True,2,442,2.21,1414400.0,442.0,442.0,0.0,0.6918591819189457,0.4659891423422775,0.4654570416965632,0.7175,0.4299071563556903,0.0,0.3155334598958748,0.7023977216369078,True,1.0,reject,1.0,BAOAB,0.0,0.0
ULD,"ULD gamma=1, tamed",e6c4a104a924b32b17e71efad43c7504,c87203a12406cc5114b7ffa2d8877465,True,3,442,2.21,1414400.0,442.0,442.0,0.0,0.6978951349948588,0.47268587924270633,0.4721595804890971,0.72875,0.4369993749484874,0.0,0.32720244959821626,0.7111477216369078,True,1.0,reject,1.0,BAOAB,0.0,0.0
ULD,"ULD gamma=1, tamed",e6c4a104a924b32b17e71efad43c7504,c87203a12406cc5114b7ffa2d8877465,True,0,450,2.25,1440000.0,450.0,450.0,0.0,0.6980141321788729,0.47320413749256796,0.4726745885181737,0.7250000000000001,0.4310802674957699,0.0,0.32371092768595733,0.7086477216369078,True,1.0,reject,1.0,BAOAB,0.0,0.0
ULD,"ULD gamma=1, tamed",e6c4a104a924b32b17e71efad43c7504,c87203a12406cc5114b7ffa2d8877465,True,1,450,2.25,1440000.0,450.0,450.0,0.0,0.6960040055541498,0.47081944459476543,0.4702918417605785,0.7275,0.4387965726574625,0.0,0.32720244959821626,0.7111477216369078,True,1.0,reject,1.0,BAOAB,0.0,0.0
ULD,"ULD gamma=1, tamed",e6c4a104a924b32b17e71efad43c7504,c87203a12406cc5114b7ffa2d8877465,True,2,450,2.25,1440000.0,450.0,450.0,0.0,0.6922366504310932,0.46614094811268103,0.46560848819561695,0.71625,0.4282865448051266,0.0,0.3155334598958748,0.7023977216369078,True,1.0,reject,1.0,BAOAB,0.0,0.0
ULD,"ULD gamma=1, tamed",e6c4a104a924b32b17e71efad43c7504,c87203a12406cc5114b7ffa2d8877465,True,3,450,2.25,1440000.0,450.0,450.0,0.0,0.698212564146997,0.47294897272471315,0.4724221611527468,0.72875,0.43532630632981295,0.0,0.32720244959821626,0.7111477216369078,True,1.0,reject,1.0,BAOAB,0.0,0.0
ULD,"ULD gamma=1, tamed",e6c4a104a924b32b17e71efad43c7504,c87203a12406cc5114b7ffa2d8877465,True,0,458,2.29,1465600.0,458.0,458.0,0.0,0.6982661388483584,0.4733625032708523,0.4728323455174296,0.7262500000000001,0.4302998208425095,0.0,0.32371092768595733,0.7086477216369078,True,1.0,reject,1.0,BAOAB,0.0,0.0
ULD,"ULD gamma=1, tamed",e6c4a104a924b32b17e71efad43c7504,c87203a12406cc5114b7ffa2d8877465,True,1,458,2.29,1465600.0,458.0,458.0,0.0,0.696178341491142,0.4708006994991397,0.4702730611162895,0.7275,0.43794346804480044,0.0,0.32720244959821626,0.7111477216369078,True,1.0,reject,1.0,BAOAB,0.0,0.0
ULD,"ULD gamma=1, tamed",e6c4a104a924b32b17e71efad43c7504,c87203a12406cc5114b7ffa2d8877465,True,2,458,2.29,1465600.0,458.0,458.0,0.0,0.6924511559132713,0.46611730428330755,0.4655844163804308,0.71625,0.4266571410135327,0.0,0.31245128156130386,0.6998977216369078,True,1.0,reject,1.0,BAOAB,0.0,0.0
ULD,"ULD gamma=1, tamed",e6c4a104a924b32b17e71efad43c7504,c87203a12406cc5114b7ffa2d8877465,True,3,458,2.29,1465600.0,458.0,458.0,0.0,0.6985050732285689,0.47318654360391676,0.4726591790904121,0.7262500000000001,0.43387708673408854,0.0,0.32720244959821626,0.7111477216369078,True,1.0,reject,1.0,BAOAB,0.0,0.0
ULD,"ULD gamma=1, tamed",e6c4a104a924b32b17e71efad43c7504,c87203a12406cc5114b7ffa2d8877465,True,0,467,2.335,1494400.0,467.0,467.0,0.0,0.6984350598784532,0.4733676133919539,0.4728367348973277,0.7250000000000001,0.42931069771611385,0.0,0.32371092768595733,0.7086477216369078,True,1.0,reject,1.0,BAOAB,0.0,0.0
ULD,"ULD gamma=1, tamed",e6c4a104a924b32b17e71efad43c7504,c87203a12406cc5114b7ffa2d8877465,True,1,467,2.335,1494400.0,467.0,467.0,0.0,0.6963384476784766,0.4706624394892328,0.4701347324016575,0.7262500000000001,0.43621578884149936,0.0,0.32371092768595733,0.7086477216369078,True,1.0,reject,1.0,BAOAB,0.0,0.0
ULD,"ULD gamma=1, tamed",e6c4a104a924b32b17e71efad43c7504,c87203a12406cc5114b7ffa2d8877465,True,2,467,2.335,1494400.0,467.0,467.0,0.0,0.6925548209570986,0.4659886998548399,0.46545519287582215,0.7175,0.4248227815013139,0.0,0.31094589220335966,0.6986477216369078,True,1.0,reject,1.0,BAOAB,0.0,0.0
ULD,"ULD gamma=1, tamed",e6c4a104a924b32b17e71efad43c7504,c87203a12406cc5114b7ffa2d8877465,True,3,467,2.335,1494400.0,467.0,467.0,0.0,0.698702424841305,0.47329481623070957,0.4727668290663861,0.7262500000000001,0.43236443445454653,0.0,0.3254390930902886,0.7098977216369078,True,1.0,reject,1.0,BAOAB,0.0,0.0
ULD,"ULD gamma=1, tamed",e6c4a104a924b32b17e71efad43c7504,c87203a12406cc5114b7ffa2d8877465,True,0,475,2.375,1520000.0,475.0,475.0,0.0,0.6985278421797741,0.47332391846174315,0.4727923836477067,0.7275,0.4283782478988095,0.0,0.32371092768595733,0.7086477216369078,True,1.0,reject,1.0,BAOAB,0.0,0.0
ULD,"ULD gamma=1, tamed",e6c4a104a924b32b17e71efad43c7504,c87203a12406cc5114b7ffa2d8877465,True,1,475,2.375,1520000.0,475.0,475.0,0.0,0.6963507408683582,0.470414281407633,0.46988640256545844,0.7275,0.43477333695848486,0.0,0.32371092768595733,0.7086477216369078,True,1.0,reject,1.0,BAOAB,0.0,0.0
ULD,"ULD gamma=1, tamed",e6c4a104a924b32b17e71efad43c7504,c87203a12406cc5114b7ffa2d8877465,True,2,475,2.375,1520000.0,475.0,475.0,0.0,0.6924359013578203,0.4656945262298823,0.4651604076163519,0.71625,0.42323851028359516,0.0,0.31094589220335966,0.6986477216369078,True,1.0,reject,1.0,BAOAB,0.0,0.0
ULD,"ULD gamma=1, tamed",e6c4a104a924b32b17e71efad43c7504,c87203a12406cc5114b7ffa2d8877465,True,3,475,2.375,1520000.0,475.0,475.0,0.0,0.698906813404102,0.47343008139221476,0.47290154344572344,0.7262500000000001,0.43128815732756054,0.0,0.3254390930902886,0.7098977216369078,True,1.0,reject,1.0,BAOAB,0.0,0.0
ULD,"ULD gamma=1, tamed",e6c4a104a924b32b17e71efad43c7504,c87203a12406cc5114b7ffa2d8877465,True,0,483,2.415,1545600.0,483.0,483.0,0.0,0.698506005712872,0.4732001143085418,0.4726679249895621,0.7275,0.4274776528740608,0.0,0.32371092768595733,0.7086477216369078,True,1.0,reject,1.0,BAOAB,0.0,0.0
ULD,"ULD gamma=1, tamed",e6c4a104a924b32b17e71efad43c7504,c87203a12406cc5114b7ffa2d8877465,True,1,483,2.415,1545600.0,483.0,483.0,0.0,0.6962936759595788,0.47012559602200976,0.46959742493184,0.7275,0.4331897444330234,0.0,0.32371092768595733,0.7086477216369078,True,1.0,reject,1.0,BAOAB,0.0,0.0
ULD,"ULD gamma=1, tamed",e6c4a104a924b32b17e71efad43c7504,c87203a12406cc5114b7ffa2d8877465,True,2,483,2.415,1545600.0,483.0,483.0,0.0,0.6922955304088609,0.4653806943044162,0.4648460234163875,0.71625,0.4217070100261333,0.0,0.30946299982446435,0.6973977216369078,True,1.0,reject,1.0,BAOAB,0.0,0.0
ULD,"ULD gamma=1, tamed",e6c4a104a924b32b17e71efad43c7504,c87203a12406cc5114b7ffa2d8877465,True,3,483,2.415,1545600.0,483.0,483.0,0.0,0.6990898765179303,0.47354110131446625,0.47301195080799496,0.7262500000000001,0.43066836841216605,0.0,0.3254390930902886,0.7098977216369078,True,1.0,reject,1.0,BAOAB,0.0,0.0
ULD,"ULD gamma=1, tamed",e6c4a104a924b32b17e71efad43c7504,c87203a12406cc5114b7ffa2d8877465,True,0,492,2.46,1574400.0,492.0,492.0,0.0,0.6984115475450172,0.4730274800797032,0.4724946129432398,0.72875,0.42668027078358983,0.0,0.32371092768595733,0.7086477216369078,True,1.0,reject,1.0,BAOAB,0.0,0.0
ULD,"ULD gamma=1, tamed",e6c4a104a924b32b17e71efad43c7504,c87203a12406cc5114b7ffa2d8877465,True,1,492,2.46,1574400.0,492.0,492.0,0.0,0.6960992040863196,0.46974828501275545,0.4692196035869195,0.7275,0.43138728690231454,0.0,0.32201591292663234,0.7073977216369078,True,1.0,reject,1.0,BAOAB,0.0,0.0
ULD,"ULD gamma=1, tamed",e6c4a104a924b32b17e71efad43c7504,c87203a12406cc5114b7ffa2d8877465,True,2,492,2.46,1574400.0,492.0,492.0,0.0,0.6920128895295313,0.4649161386087515,0.4643808897690366,0.71625,0.42030059627021954,0.0,0.30946299982446435,0.6973977216369078,True,1.0,reject,1.0,BAOAB,0.0,0.0
ULD,"ULD gamma=1, tamed",e6c4a104a924b32b17e71efad43c7504,c87203a12406cc5114b7ffa2d8877465,True,3,492,2.46,1574400.0,492.0,492.0,0.0,0.6991369168356644,0.4735634717256376,0.4730335513391499,0.7262500000000001,0.4304788570427731,0.0,0.3254390930902886,0.7098977216369078,True,1.0,reject,1.0,BAOAB,0.0,0.0
ULD,"ULD gamma=1, tamed",e6c4a104a924b32b17e71efad43c7504,c87203a12406cc5114b7ffa2d8877465,True,0,500,2.5,1600000.0,500.0,500.0,0.0,0.6981198805620834,0.472645135386491,0.4721117362421171,0.7275,0.4260836498026568,0.0,0.32371092768595733,0.7086477216369078,True,1.0,reject,1.0,BAOAB,0.0,0.0
ULD,"ULD gamma=1, tamed",e6c4a104a924b32b17e71efad43c7504,c87203a12406cc5114b7ffa2d8877465,True,1,500,2.5,1600000.0,500.0,500.0,0.0,0.6958262207905439,0.46936382742836547,0.4688345437991014,0.7262500000000001,0.4301482440052934,0.0,0.3203522239940927,0.7061477216369079,True,1.0,reject,1.0,BAOAB,0.0,0.0
ULD,"ULD gamma=1, tamed",e6c4a104a924b32b17e71efad43c7504,c87203a12406cc5114b7ffa2d8877465,True,2,500,2.5,1600000.0,500.0,500.0,0.0,0.6915427908197334,0.4642811614208212,0.46374538144288546,0.7150000000000001,0.4193877169772541,0.0,0.30946299982446435,0.6973977216369078,True,1.0,reject,1.0,BAOAB,0.0,0.0
ULD,"ULD gamma=1, tamed",e6c4a104a924b32b17e71efad43c7504,c87203a12406cc5114b7ffa2d8877465,True,3,500,2.5,1600000.0,500.0,500.0,0.0,0.6990582192314999,0.4734634862227961,0.47293281786190644,0.7262500000000001,0.43037527022270805,0.0,0.3254390930902886,0.7098977216369078,True,1.0,reject,1.0,BAOAB,0.0,0.0
ULD,"ULD gamma=1, tamed",e6c4a104a924b32b17e71efad43c7504,c87203a12406cc5114b7ffa2d8877465,True,0,559,2.795,1788800.0,559.0,559.0,0.0,0.6946819106641637,0.46747963520948643,0.4669444390604276,0.7262500000000001,0.4214916019980097,0.0,0.31871821930200944,0.7048977216369079,True,1.0,reject,1.0,BAOAB,0.0,0.0
ULD,"ULD gamma=1, tamed",e6c4a104a924b32b17e71efad43c7504,c87203a12406cc5114b7ffa2d8877465,True,1,559,2.795,1788800.0,559.0,559.0,0.0,0.6930396150167863,0.46594968618710964,0.4654160587824918,0.7200000000000001,0.426814141239961,0.0,0.3171124142735573,0.7036477216369078,True,1.0,reject,1.0,BAOAB,0.0,0.0
ULD,"ULD gamma=1, tamed",e6c4a104a924b32b17e71efad43c7504,c87203a12406cc5114b7ffa2d8877465,True,2,559,2.795,1788800.0,559.0,559.0,0.0,0.6868645448631152,0.45688483530634516,0.4563458173752786,0.71125,0.40611491427213253,0.0,0.3051407581892986,0.6936477216369079,True,1.0,reject,1.0,BAOAB,0.0,0.0
ULD,"ULD gamma=1, tamed",e6c4a104a924b32b17e71efad43c7504,c87203a12406cc5114b7ffa2d8877465,True,3,559,2.795,1788800.0,559.0,559.0,0.0,0.6959775380819954,0.4685676164437158,0.4680329133102953,0.72875,0.4308486386026864,0.0,0.32201591292663234,0.7073977216369078,True,1.0,reject,1.0,BAOAB,0.0,0.0
ULD,"ULD gamma=1, tamed",e6c4a104a924b32b17e71efad43c7504,c87203a12406cc5114b7ffa2d8877465,True,0,619,3.095,1980800.0,619.0,619.0,0.0,0.6900658062996545,0.4611435058003862,0.4606077797006919,0.7212500000000001,0.4137610083588472,0.0,0.31245128156130386,0.6998977216369078,True,1.0,reject,1.0,BAOAB,0.0,0.0
ULD,"ULD gamma=1, tamed",e6c4a104a924b32b17e71efad43c7504,c87203a12406cc5114b7ffa2d8877465,True,1,619,3.095,1980800.0,619.0,619.0,0.0,0.6900048694351709,0.46061965028678986,0.4600838354782212,0.71875,0.42011392732056196,0.0,0.3171124142735573,0.7036477216369078,True,1.0,reject,1.0,BAOAB,0.0,0.0
ULD,"ULD gamma=1, tamed",e6c4a104a924b32b17e71efad43c7504,c87203a12406cc5114b7ffa2d8877465,True,2,619,3.095,1980800.0,619.0,619.0,0.0,0.6799898101401262,0.4477740637923944,0.4472302916630926,0.70125,0.4066109098456039,0.0,0.30235708494444435,0.6911477216369077,True,1.0,reject,1.0,BAOAB,0.0,0.0
ULD,"ULD gamma=1, tamed",e6c4a104a924b32b17e71efad43c7504,c87203a12406cc5114b7ffa2d8877465,True,3,619,3.095,1980800.0,619.0,619.0,0.0,0.691753460850707,0.46333293769561823,0.46279676587344043,0.7212500000000001,0.42016032090243993,0.0,0.3139801250107021,0.7011477216369078,True,1.0,reject,1.0,BAOAB,0.0,0.0
ULD,"ULD gamma=1, tamed",e6c4a104a924b32b17e71efad43c7504,c87203a12406cc5114b7ffa2d8877465,True,0,678,3.39,2169600.0,678.0,678.0,0.0,0.6869129826287907,0.45726945789274265,0.4567302718473135,0.71625,0.4104539740987314,0.0,0.31094589220335966,0.6986477216369078,True,1.0,reject,1.0,BAOAB,0.0,0.0
ULD,"ULD gamma=1, tamed",e6c4a104a924b32b17e71efad43c7504,c87203a12406cc5114b7ffa2d8877465,True,1,678,3.39,2169600.0,678.0,678.0,0.0,0.6861855203171778,0.45626536717967625,0.4557273766570763,0.7125,0.4119854187366576,0.0,0.31094589220335966,0.6986477216369078,True,1.0,reject,1.0,BAOAB,0.0,0.0
ULD,"ULD gamma=1, tamed",e6c4a104a924b32b17e71efad43c7504,c87203a12406cc5114b7ffa2d8877465,True,2,678,3.39,2169600.0,678.0,678.0,0.0,0.6768430804845583,0.4426082704132983,0.4420615257921249,0.7025,0.39322349475630414,0.0,0.29831533064468696,0.6873977216369078,True,1.0,reject,1.0,BAOAB,0.0,0.0
ULD,"ULD gamma=1, tamed",e6c4a104a924b32b17e71efad43c7504,c87203a12406cc5114b7ffa2d8877465,True,3,678,3.39,2169600.0,678.0,678.0,0.0,0.6891329033657675,0.4603331007705139,0.4597952239271107,0.71625,0.41530533363815125,0.0,0.30800171861825143,0.6961477216369079,True,1.0,reject,1.0,BAOAB,0.0,0.0
ULD,"ULD gamma=1, tamed",e6c4a104a924b32b17e71efad43c7504,c87203a12406cc5114b7ffa2d8877465,True,0,738,3.69,2361600.0,738.0,738.0,0.0,0.6839816171575323,0.4524954776502258,0.4519525339973045,0.7087500000000001,0.40801429481650175,0.0,0.30946299982446435,0.6973977216369078,True,1.0,reject,1.0,BAOAB,0.0,0.0
ULD,"ULD gamma=1, tamed",e6c4a104a924b32b17e71efad43c7504,c87203a12406cc5114b7ffa2d8877465,True,1,738,3.69,2361600.0,738.0,738.0,0.0,0.6826286225694098,0.45197589276498706,0.45143619532656376,0.7175,0.4104338156892826,0.0,0.3065612264351387,0.6948977216369079,True,1.0,reject,1.0,BAOAB,0.0,0.0
ULD,"ULD gamma=1, tamed",e6c4a104a924b32b17e71efad43c7504,c87203a12406cc5114b7ffa2d8877465,True,2,738,3.69,2361600.0,738.0,738.0,0.0,0.672763888113938,0.438023373881109,0.43747290355998336,0.6975,0.3905982105312725,0.0,0.2906614038800197,0.6798977216369078,True,1.0,reject,1.0,BAOAB,0.0,0.0
ULD,"ULD gamma=1, tamed",e6c4a104a924b32b17e71efad43c7504,c87203a12406cc5114b7ffa2d8877465,True,3,738,3.69,2361600.0,738.0,738.0,0.0,0.6867645221975069,0.45674441355110884,0.4562046830004679,0.71625,0.4087547958094081,0.0,0.3065612264351387,0.6948977216369079,True,1.0,reject,1.0,BAOAB,0.0,0.0
ULD,"ULD gamma=1, tamed",e6c4a104a924b32b17e71efad43c7504,c87203a12406cc5114b7ffa2d8877465,True,0,797,3.985,2550400.0,797.0,797.0,0.0,0.6829086607552837,0.4507690510622092,0.4502241274853851,0.7100000000000001,0.4072383049133248,0.0,0.30235708494444435,0.6911477216369077,True,1.0,reject,1.0,BAOAB,0.0,0.0
ULD,"ULD gamma=1, tamed",e6c4a104a924b32b17e71efad43c7504,c87203a12406cc5114b7ffa2d8877465,True,1,797,3.985,2550400.0,797.0,797.0,0.0,0.6809385097741949,0.44999210172201376,0.44945083608900216,0.7125,0.4052066664669767,0.0,0.300992587249029,0.6898977216369078,True,1.0,reject,1.0,BAOAB,0.0,0.0
ULD,"ULD gamma=1, tamed",e6c4a104a924b32b17e71efad43c7504,c87203a12406cc5114b7ffa2d8877465,True,2,797,3.985,2550400.0,797.0,797.0,0.0,0.6713727105039408,0.43550397335699553,0.43495086239022773,0.6950000000000001,0.3819719971355675,0.0,0.2870259006959148,0.6761477216369078,True,1.0,reject,1.0,BAOAB,0.0,0.0
ULD,"ULD gamma=1, tamed",e6c4a104a924b32b17e71efad43c7504,c87203a12406cc5114b7ffa2d8877465,True,3,797,3.985,2550400.0,797.0,797.0,0.0,0.6848788317488356,0.4537119445502772,0.4531707551753661,0.71125,0.4025446644010301,0.0,0.3065612264351387,0.6948977216369079,True,1.0,reject,1.0,BAOAB,0.0,0.0
ULD,"ULD gamma=1, tamed",e6c4a104a924b32b17e71efad43c7504,c87203a12406cc5114b7ffa2d8877465,True,0,856,4.28,2739200.0,856.0,856.0,0.0,0.6832419575862418,0.4504072126884462,0.449860875121751,0.70625,0.3981588081537111,0.0,0.299645519920715,0.6886477216369078,True,1.0,reject,1.0,BAOAB,0.0,0.0
ULD,"ULD gamma=1, tamed",e6c4a104a924b32b17e71efad43c7504,c87203a12406cc5114b7ffa2d8877465,True,1,856,4.28,2739200.0,856.0,856.0,0.0,0.6808214682631468,0.4493454338305676,0.44880219848952796,0.7075,0.40042191484223844,0.0,0.29831533064468696,0.6873977216369078,True,1.0,reject,1.0,BAOAB,0.0,0.0
ULD,"ULD gamma=1, tamed",e6c4a104a924b32b17e71efad43c7504,c87203a12406cc5114b7ffa2d8877465,True,2,856,4.28,2739200.0,856.0,856.0,0.0,0.671181417770706,0.4341495120013773,0.43359310145975094,0.6887500000000001,0.3779058117666776,0.0,0.28350521155600267,0.6723977216369078,True,1.0,reject,1.0,BAOAB,0.0,0.0
ULD,"ULD gamma=1, tamed",e6c4a104a924b32b17e71efad43c7504,c87203a12406cc5114b7ffa2d8877465,True,3,856,4.28,2739200.0,856.0,856.0,0.0,0.680290539769693,0.4481024338846815,0.4475587299479298,0.7087500000000001,0.3993176300947332,0.0,0.299645519920715,0.6886477216369078,True,1.0,reject,1.0,BAOAB,0.0,0.0
ULD,"ULD gamma=1, tamed",e6c4a104a924b32b17e71efad43c7504,c87203a12406cc5114b7ffa2d8877465,True,0,916,4.58,2931200.0,916.0,916.0,0.0,0.6822826538033537,0.4484644188435557,0.4479168567663412,0.7037500000000001,0.39097314932326166,0.0,0.29570353351130657,0.6848977216369079,True,1.0,reject,1.0,BAOAB,0.0,0.0
ULD,"ULD gamma=1, tamed",e6c4a104a924b32b17e71efad43c7504,c87203a12406cc5114b7ffa2d8877465,True,1,916,4.58,2931200.0,916.0,916.0,0.0,0.6790410489334227,0.44752737196370784,0.4469794331635788,0.7050000000000001,0.39464554192487034,0.0,0.29700149894156525,0.6861477216369078,True,1.0,reject,1.0,BAOAB,0.0,0.0
ULD,"ULD gamma=1, tamed",e6c4a104a924b32b17e71efad43c7504,c87203a12406cc5114b7ffa2d8877465,True,2,916,4.58,2931200.0,916.0,916.0,0.0,0.6709806893243392,0.43301982662064264,0.43245881679956,0.68625,0.37196258632578993,0.0,0.27677705419760534,0.6648977216369079,True,1.0,reject,1.0,BAOAB,0.0,0.0
ULD,"ULD gamma=1, tamed",e6c4a104a924b32b17e71efad43c7504,c87203a12406cc5114b7ffa2d8877465,True,3,916,4.58,2931200.0,916.0,916.0,0.0,0.6768591454439357,0.4434639187808771,0.4429184978040468,0.70625,0.39260436401998855,0.0,0.29700149894156525,0.6861477216369078,True,1.0,reject,1.0,BAOAB,0.0,0.0
ULD,"ULD gamma=1, tamed",e6c4a104a924b32b17e71efad43c7504,c87203a12406cc5114b7ffa2d8877465,True,0,975,4.875,3120000.0,975.0,975.0,0.0,0.6779680689209544,0.4440012039280069,0.4434502222742611,0.70125,0.3897321446023895,0.0,0.2931533682029146,0.6823977216369078,True,1.0,reject,1.0,BAOAB,0.0,0.0
ULD,"ULD gamma=1, tamed",e6c4a104a924b32b17e71efad43c7504,c87203a12406cc5114b7ffa2d8877465,True,1,975,4.875,3120000.0,975.0,975.0,0.0,0.6781272727784347,0.4457603042461179,0.4452090196224042,0.7025,0.3923772006279489,0.0,0.2931533682029146,0.6823977216369078,True,1.0,reject,1.0,BAOAB,0.0,0.0
ULD,"ULD gamma=1, tamed",e6c4a104a924b32b17e71efad43c7504,c87203a12406cc5114b7ffa2d8877465,True,2,975,4.875,3120000.0,975.0,975.0,0.0,0.6678205144560715,0.42927384469055185,0.42870837322402555,0.68125,0.37179961300916575,0.0,0.27677705419760534,0.6648977216369079,True,1.0,reject,1.0,BAOAB,0.0,0.0
ULD,"ULD gamma=1, tamed",e6c4a104a924b32b17e71efad43c7504,c87203a12406cc5114b7ffa2d8877465,True,3,975,4.875,3120000.0,975.0,975.0,0.0,0.6747097374975852,0.43930011598832486,0.43875047076561646,0.6987500000000001,0.386108916853536,0.0,0.29190031151820106,0.6811477216369078,True,1.0,reject,1.0,BAOAB,0.0,0.0
ULD,"ULD gamma=1, tamed",e6c4a104a924b32b17e71efad43c7504,c87203a12406cc5114b7ffa2d8877465,True,0,1034,5.17,3308800.0,1034.0,1034.0,0.0,0.6732826335391421,0.43760922719397355,0.4370543602119351,0.6937500000000001,0.3871323517240616,0.0,0.28943626889189533,0.6786477216369078,True,1.0,reject,1.0,BAOAB,0.0,0.0
ULD,"ULD gamma=1, tamed",e6c4a104a924b32b17e71efad43c7504,c87203a12406cc5114b7ffa2d8877465,True,1,1034,5.17,3308800.0,1034.0,1034.0,0.0,0.6792180495897618,0.44509309786992246,0.44454185033974825,0.6975,0.38631488774678213,0.0,0.2870259006959148,0.6761477216369078,True,1.0,reject,1.0,BAOAB,0.0,0.0
ULD,"ULD gamma=1, tamed",e6c4a104a924b32b17e71efad43c7504,c87203a12406cc5114b7ffa2d8877465,True,2,1034,5.17,3308800.0,1034.0,1034.0,0.0,0.6626994975347675,0.42208088443680414,0.4215104177596546,0.68,0.3652337085722943,0.0,0.273556261986616,0.6611477216369078,True,1.0,reject,1.0,BAOAB,0.0,0.0
ULD,"ULD gamma=1, tamed",e6c4a104a924b32b17e71efad43c7504,c87203a12406cc5114b7ffa2d8877465,True,3,1034,5.17,3308800.0,1034.0,1034.0,0.0,0.6745652869742618,0.43777759912259384,0.43722308310673796,0.6987500000000001,0.3816813218169124,0.0,0.28943626889189533,0.6786477216369078,True,1.0,reject,1.0,BAOAB,0.0,0.0
ULD,"ULD gamma=1, tamed",e6c4a104a924b32b17e71efad43c7504,c87203a12406cc5114b7ffa2d8877465,True,0,1094,5.47,3500800.0,1094.0,1094.0,0.0,0.6697856945217242,0.43315746553491263,0.43260124082505425,0.6875,0.3829343099655397,0.0,0.28235574120248125,0.6711477216369078,True,1.0,reject,1.0,BAOAB,0.0,0.0
ULD,"ULD gamma=1, tamed",e6c4a104a924b32b17e71efad43c7504,c87203a12406cc5114b7ffa2d8877465,True,1,1094,5.47,3500800.0,1094.0,1094.0,0.0,0.6772417765508982,0.44212753472142896,0.4415734816064375,0.69625,0.3787003632479493,0.0,0.28584000042494284,0.6748977216369079,True,1.0,reject,1.0,BAOAB,0.0,0.0
ULD,"ULD gamma=1, tamed",e6c4a104a924b32b17e71efad43c7504,c87203a12406cc5114b7ffa2d8877465,True,2,1094,5.47,3500800.0,1094.0,1094.0,0.0,0.6591167952567338,0.4160199958576831,0.41544590632056877,0.6725000000000001,0.3607872438787909,0.0,0.2653837194995967,0.6511477216369078,True,1.0,reject,1.0,BAOAB,0.0,0.0
ULD,"ULD gamma=1, tamed",e6c4a104a924b32b17e71efad43c7504,c87203a12406cc5114b7ffa2d8877465,True,3,1094,5.47,3500800.0,1094.0,1094.0,0.0,0.6731147354698093,0.43611198693254116,0.43555294663889466,0.6937500000000001,0.3821149778823272,0.0,0.28466653647648305,0.6736477216369079,True,1.0,reject,1.0,BAOAB,0.0,0.0
ULD,"ULD gamma=1, tamed",e6c4a104a924b32b17e71efad43c7504,c87203a12406cc5114b7ffa2d8877465,True,0,1153,5.765,3689600.0,1153.0,1153.0,0.0,0.6687881614061385,0.43066381738135273,0.43010807716688515,0.685,0.37431829793758975,0.0,0.27569336275044,0.6636477216369079,True,1.0,reject,1.0,BAOAB,0.0,0.0
ULD,"ULD gamma=1, tamed",e6c4a104a924b32b17e71efad43c7504,c87203a12406cc5114b7ffa2d8877465,True,1,1153,5.765,3689600.0,1153.0,1153.0,0.0,0.6742803255275986,0.4381840246290165,0.4376261937487077,0.6937500000000001,0.37898700336896407,0.0,0.28350521155600267,0.6723977216369078,True,1.0,reject,1.0,BAOAB,0.0,0.0
ULD,"ULD gamma=1, tamed",e6c4a104a924b32b17e71efad43c7504,c87203a12406cc5114b7ffa2d8877465,True,2,1153,5.765,3689600.0,1153.0,1153.0,0.0,0.6561285945753406,0.41129726800942756,0.410720486965085,0.6675,0.3594303444346906,0.0,0.2624620047805697,0.6473977216369078,True,1.0,reject,1.0,BAOAB,0.0,0.0
ULD,"ULD gamma=1, tamed",e6c4a104a924b32b17e71efad43c7504,c87203a12406cc5114b7ffa2d8877465,True,3,1153,5.765,3689600.0,1153.0,1153.0,0.0,0.6707242917142023,0.43326150997450374,0.43270005169145664,0.6887500000000001,0.37895681054700336,0.0,0.28235574120248125,0.6711477216369078,True,1.0,reject,1.0,BAOAB,0.0,0.0
ULD,"ULD gamma=1, tamed",e6c4a104a924b32b17e71efad43c7504,c87203a12406cc5114b7ffa2d8877465,True,0,1212,6.0600000000000005,3878400.0,1212.0,1212.0,0.0,0.6664478374085517,0.42796311227716133,0.42740398254200407,0.68125,0.37076254806936526,0.0,0.2704233371636918,0.6573977216369078,True,1.0,reject,1.0,BAOAB,0.0,0.0
ULD,"ULD gamma=1, tamed",e6c4a104a924b32b17e71efad43c7504,c87203a12406cc5114b7ffa2d8877465,True,1,1212,6.0600000000000005,3878400.0,1212.0,1212.0,0.0,0.6700838013462487,0.43203053531150915,0.4314699318105589,0.69125,0.3743735917610581,0.0,0.28009128576471687,0.6686477216369078,True,1.0,reject,1.0,BAOAB,0.0,0.0
ULD,"ULD gamma=1, tamed",e6c4a104a924b32b17e71efad43c7504,c87203a12406cc5114b7ffa2d8877465,True,2,1212,6.0600000000000005,3878400.0,1212.0,1212.0,0.0,0.6525995756275694,0.4070846175991666,0.406506377384821,0.66,0.3513923714283358,0.0,0.2615042322544388,0.6461477216369078,True,1.0,reject,1.0,BAOAB,0.0,0.0
ULD,"ULD gamma=1, tamed",e6c4a104a924b32b17e71efad43c7504,c87203a12406cc5114b7ffa2d8877465,True,3,1212,6.0600000000000005,3878400.0,1212.0,1212.0,0.0,0.6686497765100132,0.43007472708355543,0.4295131178580317,0.68625,0.3773501341489347,0.0,0.28121785298496016,0.6698977216369078,True,1.0,reject,1.0,BAOAB,0.0,0.0
ULD,"ULD gamma=1, tamed",e6c4a104a924b32b17e71efad43c7504,c87203a12406cc5114b7ffa2d8877465,True,0,1272,6.36,4070400.0,1272.0,1272.0,0.0,0.6635160348709965,0.42401994622168804,0.4234551689305702,0.6737500000000001,0.3619588338505384,0.0,0.2663742282444134,0.6523977216369079,True,1.0,reject,1.0,BAOAB,0.0,0.0
ULD,"ULD gamma=1, tamed",e6c4a104a924b32b17e71efad43c7504,c87203a12406cc5114b7ffa2d8877465,True,1,1272,6.36,4070400.0,1272.0,1272.0,0.0,0.6649982229182897,0.42590427773989636,0.4253407818363393,0.6837500000000001,0.3734115868042097,0.0,0.277871122203018,0.6661477216369078,True,1.0,reject,1.0,BAOAB,0.0,0.0
ULD,"ULD gamma=1, tamed",e6c4a104a924b32b17e71efad43c7504,c87203a12406cc5114b7ffa2d8877465,True,2,1272,6.36,4070400.0,1272.0,1272.0,0.0,0.6492326925165324,0.404517407907927,0.4039370718966888,0.66,0.3502287597915512,0.0,0.2586774499059882,0.6423977216369079,True,1.0,reject,1.0,BAOAB,0.0,0.0
ULD,"ULD gamma=1, tamed",e6c4a104a924b32b17e71efad43c7504,c87203a12406cc5114b7ffa2d8877465,True,3,1272,6.36,4070400.0,1272.0,1272.0,0.0,0.6677548969975979,0.42838613854090823,0.4278249104660632,0.68625,0.37051203385691645,0.0,0.27569336275044,0.6636477216369079,True,1.0,reject,1.0,BAOAB,0.0,0.0
ULD,"ULD gamma=1, tamed",e6c4a104a924b32b17e71efad43c7504,c87203a12406cc5114b7ffa2d8877465,True,0,1331,6.655,4259200.0,1331.0,1331.0,0.0,0.6598180887031686,0.4190338392958155,0.4184625829087706,0.67,0.35935194101647494,0.0,0.2653837194995967,0.6511477216369078,True,1.0,reject,1.0,BAOAB,0.0,0.0
ULD,"ULD gamma=1, tamed",e6c4a104a924b32b17e71efad43c7504,c87203a12406cc5114b7ffa2d8877465,True,1,1331,6.655,4259200.0,1331.0,1331.0,0.0,0.6622059554782689,0.4219901690056377,0.4214252690980096,0.68125,0.37109142467904754,0.0,0.274619833994358,0.6623977216369079,True,1.0,reject,1.0,BAOAB,0.0,0.0
ULD,"ULD gamma=1, tamed",e6c4a104a924b32b17e71efad43c7504,c87203a12406cc5114b7ffa2d8877465,True,2,1331,6.655,4259200.0,1331.0,1331.0,0.0,0.6494603706708844,0.4047406434232794,0.4041603073059289,0.66,0.3502369424356627,0.0,0.2568304646819386,0.6398977216369078,True,1.0,reject,1.0,BAOAB,0.0,0.0
ULD,"ULD gamma=1, tamed",e6c4a104a924b32b17e71efad43c7504,c87203a12406cc5114b7ffa2d8877465,True,3,1331,6.655,4259200.0,1331.0,1331.0,0.0,0.6662564389379475,0.42701467340486066,0.42645168638207,0.6825000000000001,0.3648750154893521,0.0,0.274619833994358,0.6623977216369079,True,1.0,reject,1.0,BAOAB,0.0,0.0
ULD,"ULD gamma=1, tamed",e6c4a104a924b32b17e71efad43c7504,c87203a12406cc5114b7ffa2d8877465,True,0,1391,6.955,4451200.0,1391.0,1391.0,0.0,0.6581169703476063,0.415647093259785,0.4150719463835487,0.6675000000000001,0.356072820273145,0.0,0.2605543009305054,0.6448977216369078,True,1.0,reject,1.0,BAOAB,0.0,0.0
ULD,"ULD gamma=1, tamed",e6c4a104a924b32b17e71efad43c7504,c87203a12406cc5114b7ffa2d8877465,True,1,1391,6.955,4451200.0,1391.0,1391.0,0.0,0.6609165544876564,0.4203219686406049,0.4197554359252579,0.68,0.36483026775927163,0.0,0.27569336275044,0.6636477216369079,True,1.0,reject,1.0,BAOAB,0.0,0.0
ULD,"ULD gamma=1, tamed",e6c4a104a924b32b17e71efad43c7504,c87203a12406cc5114b7ffa2d8877465,True,2,1391,6.955,4451200.0,1391.0,1391.0,0.0,0.6502025503761536,0.4051982466882399,0.40461936359496575,0.6575000000000001,0.3423525482792107,0.0,0.2550124139347286,0.6373977216369078,True,1.0,reject,1.0,BAOAB,0.0,0.0
ULD,"ULD gamma=1, tamed",e6c4a104a924b32b17e71efad43c7504,c87203a12406cc5114b7ffa2d8877465,True,3,1391,6.955,4451200.0,1391.0,1391.0,0.0,0.6639195110784859,0.4240690686236712,0.4235033663808775,0.675,0.3639736040285936,0.0,0.26838104869460633,0.6548977216369078,True,1.0,reject,1.0,BAOAB,0.0,0.0
ULD,"ULD gamma=1, tamed",e6c4a104a924b32b17e71efad43c7504,c87203a12406cc5114b7ffa2d8877465,True,0,1450,7.25,4640000.0,1450.0,1450.0,0.0,0.655906237034762,0.41195547661909393,0.4113774512367393,0.6587500000000001,0.35212061307619646,0.0,0.2577502835272605,0.6411477216369079,True,1.0,reject,1.0,BAOAB,0.0,0.0
ULD,"ULD gamma=1, tamed",e6c4a104a924b32b17e71efad43c7504,c87203a12406cc5114b7ffa2d8877465,True,1,1450,7.25,4640000.0,1450.0,1450.0,0.0,0.6627144904203539,0.4208657252093807,0.42029868055211184,0.6787500000000001,0.36398034985806993,0.0,0.274619833994358,0.6623977216369079,True,1.0,reject,1.0,BAOAB,0.0,0.0
ULD,"ULD gamma=1, tamed",e6c4a104a924b32b17e71efad43c7504,c87203a12406cc5114b7ffa2d8877465,True,2,1450,7.25,4640000.0,1450.0,1450.0,0.0,0.6493158577234903,0.4041104658208198,0.40352959745781236,0.65375,0.3442021472183767,0.0,0.2514596426984029,0.6323977216369079,True,1.0,reject,1.0,BAOAB,0.0,0.0
ULD,"ULD gamma=1, tamed",e6c4a104a924b32b17e71efad43c7504,c87203a12406cc5114b7ffa2d8877465,True,3,1450,7.25,4640000.0,1450.0,1450.0,0.0,0.6596888683034274,0.41857169132408245,0.4180032964506599,0.675,0.35695857972218814,0.0,0.26737328609301075,0.6536477216369079,True,1.0,reject,1.0,BAOAB,0.0,0.0
ULD,"ULD gamma=1, tamed",e6c4a104a924b32b17e71efad43c7504,c87203a12406cc5114b7ffa2d8877465,True,0,1509,7.545,4828800.0,1509.0,1509.0,0.0,0.6516843403651262,0.40720963463131155,0.406628043165728,0.65625,0.3480424577601764,0.0,0.2550124139347286,0.6373977216369078,True,1.0,reject,1.0,BAOAB,0.0,0.0
ULD,"ULD gamma=1, tamed",e6c4a104a924b32b17e71efad43c7504,c87203a12406cc5114b7ffa2d8877465,True,1,1509,7.545,4828800.0,1509.0,1509.0,0.0,0.6622229738627641,0.42077620199783994,0.4202056881262751,0.6725000000000001,0.3613474138386127,0.0,0.27145820154425127,0.6586477216369078,True,1.0,reject,1.0,BAOAB,0.0,0.0
ULD,"ULD gamma=1, tamed",e6c4a104a924b32b17e71efad43c7504,c87203a12406cc5114b7ffa2d8877465,True,2,1509,7.545,4828800.0,1509.0,1509.0,0.0,0.6478329623417012,0.40185635988514357,0.4012726183707922,0.6462500000000001,0.3376620917201152,0.0,0.24801264075937182,0.6273977216369078,True,1.0,reject,1.0,BAOAB,0.0,0.0
ULD,"ULD gamma=1, tamed",e6c4a104a924b32b17e71efad43c7504,c87203a12406cc5114b7ffa2d8877465,True,3,1509,7.545,4828800.0,1509.0,1509.0,0.0,0.6567382703074496,0.41379755939487395,0.4132260132837352,0.6687500000000001,0.35253341541284855,0.0,0.2653837194995967,0.6511477216369078,True,1.0,reject,1.0,BAOAB,0.0,0.0
ULD,"ULD gamma=1, tamed",e6c4a104a924b32b17e71efad43c7504,c87203a12406cc5114b7ffa2d8877465,True,0,1569,7.845,5020800.0,1569.0,1569.0,0.0,0.6485359087515068,0.4033855540913669,0.4028003661804205,0.6512500000000001,0.3459997456324847,0.0,0.2514596426984029,0.6323977216369079,True,1.0,reject,1.0,BAOAB,0.0,0.0
ULD,"ULD gamma=1, tamed",e6c4a104a924b32b17e71efad43c7504,c87203a12406cc5114b7ffa2d8877465,True,1,1569,7.845,5020800.0,1569.0,1569.0,0.0,0.6615994336718265,0.41914236011100736,0.41856963446404616,0.6725000000000001,0.360478647306939,0.0,0.26939767692796956,0.6561477216369078,True,1.0,reject,1.0,BAOAB,0.0,0.0
ULD,"ULD gamma=1, tamed",e6c4a104a924b32b17e71efad43c7504,c87203a12406cc5114b7ffa2d8877465,True,2,1569,7.845,5020800.0,1569.0,1569.0,0.0,0.6458775438008778,0.3984162101366543,0.39782953401603327,0.645,0.33180187188561683,0.0,0.24716671863732104,0.6261477216369078,True,1.0,reject,1.0,BAOAB,0.0,0.0
ULD,"ULD gamma=1, tamed",e6c4a104a924b32b17e71efad43c7504,c87203a12406cc5114b7ffa2d8877465,True,3,1569,7.845,5020800.0,1569.0,1569.0,0.0,0.6556070463218252,0.4113581460190844,0.410782735924063,0.6675,0.3528644358846167,0.0,0.2624620047805697,0.6473977216369078,True,1.0,reject,1.0,BAOAB,0.0,0.0
ULD,"ULD gamma=1, tamed",e6c4a104a924b32b17e71efad43c7504,c87203a12406cc5114b7ffa2d8877465,True,0,1628,8.14,5209600.0,1628.0,1628.0,0.0,0.6441892968363454,0.3970008326442034,0.3964133041008142,0.6462500000000001,0.33776117797339433,0.0,0.24801264075937182,0.6273977216369078,True,1.0,reject,1.0,BAOAB,0.0,0.0
ULD,"ULD gamma=1, tamed",e6c4a104a924b32b17e71efad43c7504,c87203a12406cc5114b7ffa2d8877465,True,1,1628,8.14,5209600.0,1628.0,1628.0,0.0,0.6597167928799917,0.4175486484621038,0.416974472941415,0.6737500000000001,0.35905672213220874,0.0,0.2634277514121334,0.6486477216369078,True,1.0,reject,1.0,BAOAB,0.0,0.0
ULD,"ULD gamma=1, tamed",e6c4a104a924b32b17e71efad43c7504,c87203a12406cc5114b7ffa2d8877465,True,2,1628,8.14,5209600.0,1628.0,1628.0,0.0,0.6443871778331197,0.39647494516110704,0.395884617793274,0.645,0.33139594609711376,0.0,0.24549326130303512,0.6236477216369078,True,1.0,reject,1.0,BAOAB,0.0,0.0
ULD,"ULD gamma=1, tamed",e6c4a104a924b32b17e71efad43c7504,c87203a12406cc5114b7ffa2d8877465,True,3,1628,8.14,5209600.0,1628.0,1628.0,0.0,0.6556833289654938,0.4113476755182809,0.41076873771796807,0.665,0.35305268623050623,0.0,0.2615042322544388,0.6461477216369078,True,1.0,reject,1.0,BAOAB,0.0,0.0
ULD,"ULD gamma=1, tamed",e6c4a104a924b32b17e71efad43c7504,c87203a12406cc5114b7ffa2d8877465,True,0,1688,8.44,5401600.0,1688.0,1688.0,0.0,0.6384488014170755,0.3900246001458435,0.38943525614388463,0.6462500000000001,0.33433483723882584,0.0,0.2463269533251169,0.6248977216369078,True,1.0,reject,1.0,BAOAB,0.0,0.0
ULD,"ULD gamma=1, tamed",e6c4a104a924b32b17e71efad43c7504,c87203a12406cc5114b7ffa2d8877465,True,1,1688,8.44,5401600.0,1688.0,1688.0,0.0,0.6574324180237364,0.4154088909486351,0.41483452391417863,0.6725000000000001,0.356271381830751,0.0,0.2624620047805697,0.6473977216369078,True,1.0,reject,1.0,BAOAB,0.0,0.0
ULD,"ULD gamma=1, tamed",e6c4a104a924b32b17e71efad43c7504,c87203a12406cc5114b7ffa2d8877465,True,2,1688,8.44,5401600.0,1688.0,1688.0,0.0,0.6425504407070597,0.3936083316230381,0.39301581736175384,0.64375,0.3287160035371537,0.0,0.243843773086165,0.6211477216369079,True,1.0,reject,1.0,BAOAB,0.0,0.0
ULD,"ULD gamma=1, tamed",e6c4a104a924b32b17e71efad43c7504,c87203a12406cc5114b7ffa2d8877465,True,3,1688,8.44,5401600.0,1688.0,1688.0,0.0,0.6553113353630775,0.41090268667612306,0.4103215553436962,0.6625000000000001,0.35113078611730186,0.0,0.25961208186553897,0.6436477216369079,True,1.0,reject,1.0,BAOAB,0.0,0.0
ULD,"ULD gamma=1, tamed",e6c4a104a924b32b17e71efad43c7504,c87203a12406cc5114b7ffa2d8877465,True,0,1747,8.735,5590400.0,1747.0,1747.0,0.0,0.6350384570143587,0.3858197653858907,0.3852279446953478,0.635,0.3325269900624659,0.0,0.24302781968068685,0.6198977216369078,True,1.0,reject,1.0,BAOAB,0.0,0.0
ULD,"ULD gamma=1, tamed",e6c4a104a924b32b17e71efad43c7504,c87203a12406cc5114b7ffa2d8877465,True,1,1747,8.735,5590400.0,1747.0,1747.0,0.0,0.6554571125790394,0.4123418736559872,0.41176599369018263,0.6675000000000001,0.3514505677961476,0.0,0.25961208186553897,0.6436477216369079,True,1.0,reject,1.0,BAOAB,0.0,0.0
ULD,"ULD gamma=1, tamed",e6c4a104a924b32b17e71efad43c7504,c87203a12406cc5114b7ffa2d8877465,True,2,1747,8.735,5590400.0,1747.0,1747.0,0.0,0.6393264270674031,0.389619061952274,0.38902375365507025,0.6425000000000001,0.332986106165975,0.0,0.243843773086165,0.6211477216369079,True,1.0,reject,1.0,BAOAB,0.0,0.0
ULD,"ULD gamma=1, tamed",e6c4a104a924b32b17e71efad43c7504,c87203a12406cc5114b7ffa2d8877465,True,3,1747,8.735,5590400.0,1747.0,1747.0,0.0,0.6542446091571488,0.4097080868218518,0.40912562821817466,0.66,0.34703183876561017,0.0,0.25411396207104753,0.6361477216369078,True,1.0,reject,1.0,BAOAB,0.0,0.0
ULD,"ULD gamma=1, tamed",e6c4a104a924b32b17e71efad43c7504,c87203a12406cc5114b7ffa2d8877465,True,0,1806,9.03,5779200.0,1806.0,1806.0,0.0,0.6333914060048974,0.3841928242800786,0.3835985367760214,0.63,0.3313083539293279,0.0,0.23903297723138478,0.6136477216369078,True,1.0,reject,1.0,BAOAB,0.0,0.0
ULD,"ULD gamma=1, tamed",e6c4a104a924b32b17e71efad43c7504,c87203a12406cc5114b7ffa2d8877465,True,1,1806,9.03,5779200.0,1806.0,1806.0,0.0,0.6535559919145291,0.40942620438291866,0.4088487870511879,0.6587500000000001,0.3441715038587646,0.0,0.2586774499059882,0.6423977216369079,True,1.0,reject,1.0,BAOAB,0.0,0.0
ULD,"ULD gamma=1, tamed",e6c4a104a924b32b17e71efad43c7504,c87203a12406cc5114b7ffa2d8877465,True,2,1806,9.03,5779200.0,1806.0,1806.0,0.0,0.6374086189847968,0.38776883001860063,0.3871726464276649,0.6412500000000001,0.3303401562925208,0.0,0.24141311499998264,0.6173977216369078,True,1.0,reject,1.0,BAOAB,0.0,0.0
ULD,"ULD gamma=1, tamed",e6c4a104a924b32b17e71efad43c7504,c87203a12406cc5114b7ffa2d8877465,True,3,1806,9.03,5779200.0,1806.0,1806.0,0.0,0.6509071599112255,0.40580083884086393,0.4052151553184108,0.6575000000000001,0.3443171265772139,0.0,0.25058821506775364,0.6311477216369079,True,1.0,reject,1.0,BAOAB,0.0,0.0
ULD,"ULD gamma=1, tamed",e6c4a104a924b32b17e71efad43c7504,c87203a12406cc5114b7ffa2d8877465,True,0,1866,9.33,5971200.0,1866.0,1866.0,0.0,0.6340044824297215,0.3842695862746002,0.38367546554704524,0.625,0.3262002025224391,0.0,0.23670149146010055,0.6098977216369079,True,1.0,reject,1.0,BAOAB,0.0,0.0
ULD,"ULD gamma=1, tamed",e6c4a104a924b32b17e71efad43c7504,c87203a12406cc5114b7ffa2d8877465,True,1,1866,9.33,5971200.0,1866.0,1866.0,0.0,0.6498635961330698,0.40465580066100304,0.4040762099238221,0.6575000000000001,0.34619862771030974,0.0,0.2577502835272605,0.6411477216369079,True,1.0,reject,1.0,BAOAB,0.0,0.0
ULD,"ULD gamma=1, tamed",e6c4a104a924b32b17e71efad43c7504,c87203a12406cc5114b7ffa2d8877465,True,2,1866,9.33,5971200.0,1866.0,1866.0,0.0,0.6351273883800028,0.3849711778225554,0.384375085053449,0.635,0.3233453937117825,0.0,0.23825049819478517,0.6123977216369079,True,1.0,reject,1.0,BAOAB,0.0,0.0
ULD,"ULD gamma=1, tamed",e6c4a104a924b32b17e71efad43c7504,c87203a12406cc5114b7ffa2d8877465,True,3,1866,9.33,5971200.0,1866.0,1866.0,0.0,0.6449354878653829,0.398239604935718,0.3976498591619956,0.64875,0.3406918395135049,0.0,0.24716671863732104,0.6261477216369078,True,1.0,reject,1.0,BAOAB,0.0,0.0
ULD,"ULD gamma=1, tamed",e6c4a104a924b32b17e71efad43c7504,c87203a12406cc5114b7ffa2d8877465,True,0,1925,9.625,6160000.0,1925.0,1925.0,0.0,0.6324973779413675,0.38267792759427643,0.3820818257976215,0.625,0.32255416584681584,0.0,0.23366552070898144,0.6048977216369078,True,1.0,reject,1.0,BAOAB,0.0,0.0
ULD,"ULD gamma=1, tamed",e6c4a104a924b32b17e71efad43c7504,c87203a12406cc5114b7ffa2d8877465,True,1,1925,9.625,6160000.0,1925.0,1925.0,0.0,0.6471124197541084,0.4005723819778294,0.3999904504703925,0.6525000000000001,0.3434787835785522,0.0,0.2514596426984029,0.6323977216369079,True,1.0,reject,1.0,BAOAB,0.0,0.0
ULD,"ULD gamma=1, tamed",e6c4a104a924b32b17e71efad43c7504,c87203a12406cc5114b7ffa2d8877465,True,2,1925,9.625,6160000.0,1925.0,1925.0,0.0,0.6306791036280666,0.38046324841357104,0.37986786468151257,0.6275000000000001,0.3229856996997327,0.0,0.23441691040804613,0.6061477216369078,True,1.0,reject,1.0,BAOAB,0.0,0.0
ULD,"ULD gamma=1, tamed",e6c4a104a924b32b17e71efad43c7504,c87203a12406cc5114b7ffa2d8877465,True,3,1925,9.625,6160000.0,1925.0,1925.0,0.0,0.640265527059098,0.39156166484183463,0.39096901849313814,0.64,0.33464770289248613,0.0,0.243843773086165,0.6211477216369079,True,1.0,reject,1.0,BAOAB,0.0,0.0
ULD,"ULD gamma=1, tamed",e6c4a104a924b32b17e71efad43c7504,c87203a12406cc5114b7ffa2d8877465,True,0,1984,9.92,6348800.0,1984.0,1984.0,0.0,0.6309115635583202,0.38081891555657055,0.38022019900139303,0.6212500000000001,0.3216416577697254,0.0,0.2299820140102503,0.5986477216369078,True,1.0,reject,1.0,BAOAB,0.0,0.0
ULD,"ULD gamma=1, tamed",e6c4a104a924b32b17e71efad43c7504,c87203a12406cc5114b7ffa2d8877465,True,1,1984,9.92,6348800.0,1984.0,1984.0,0.0,0.6450282649688829,0.3983853554041811,0.39780184453303125,0.6525000000000001,0.3385295813682583,0.0,0.2514596426984029,0.6323977216369079,True,1.0,reject,1.0,BAOAB,0.0,0.0
ULD,"ULD gamma=1, tamed",e6c4a104a924b32b17e71efad43c7504,c87203a12406cc5114b7ffa2d8877465,True,2,1984,9.92,6348800.0,1984.0,1984.0,0.0,0.6283291359311163,0.37664812616332033,0.37605063268380456,0.625,0.3196826350958629,0.0,0.2321775968673436,0.6023977216369079,True,1.0,reject,1.0,BAOAB,0.0,0.0
ULD,"ULD gamma=1, tamed",e6c4a104a924b32b17e71efad43c7504,c87203a12406cc5114b7ffa2d8877465,True,3,1984,9.92,6348800.0,1984.0,1984.0,0.0,0.6350973952136432,0.3848452806781336,0.38424971103399164,0.6362500000000001,0.3298889631891472,0.0,0.23903297723138478,0.6136477216369078,True,1.0,reject,1.0,BAOAB,0.0,0.0
ULD,"ULD gamma=1, tamed",e6c4a104a924b32b17e71efad43c7504,c87203a12406cc5114b7ffa2d8877465,True,0,2044,10.22,6540800.0,2044.0,2044.0,0.0,0.6300216943603021,0.37845981940773965,0.37785771262383283,0.61875,0.3191855699641022,0.0,0.22925961873522077,0.5973977216369077,True,1.0,reject,1.0,BAOAB,0.0,0.0
ULD,"ULD gamma=1, tamed",e6c4a104a924b32b17e71efad43c7504,c87203a12406cc5114b7ffa2d8877465,True,1,2044,10.22,6540800.0,2044.0,2044.0,0.0,0.6432793469465901,0.3960463834237188,0.39545966792109755,0.6462500000000001,0.33876742087272915,0.0,0.2463269533251169,0.6248977216369078,True,1.0,reject,1.0,BAOAB,0.0,0.0
ULD,"ULD gamma=1, tamed",e6c4a104a924b32b17e71efad43c7504,c87203a12406cc5114b7ffa2d8877465,True,2,2044,10.22,6540800.0,2044.0,2044.0,0.0,0.627110750579186,0.37456704276722297,0.37396513110006724,0.62375,0.31772179503372533,0.0,0.2314409501215543,0.6011477216369079,True,1.0,reject,1.0,BAOAB,0.0,0.0
ULD,"ULD gamma=1, tamed",e6c4a104a924b32b17e71efad43c7504,c87203a12406cc5114b7ffa2d8877465,True,3,2044,10.22,6540800.0,2044.0,2044.0,0.0,0.6286779539442992,0.37624598818147226,0.37564657135072266,0.6325000000000001,0.32679633370215144,0.0,0.23441691040804613,0.6061477216369078,True,1.0,reject,1.0,BAOAB,0.0,0.0
ULD,"ULD gamma=1, tamed",e6c4a104a924b32b17e71efad43c7504,c87203a12406cc5114b7ffa2d8877465,True,0,2103,10.515,6729600.0,2103.0,2103.0,0.0,0.6292430546358728,0.37675185469682937,0.37614764154089364,0.6212500000000001,0.31889177518565504,0.0,0.22925961873522077,0.5973977216369077,True,1.0,reject,1.0,BAOAB,0.0,0.0
ULD,"ULD gamma=1, tamed",e6c4a104a924b32b17e71efad43c7504,c87203a12406cc5114b7ffa2d8877465,True,1,2103,10.515,6729600.0,2103.0,2103.0,0.0,0.6435754055145979,0.3954836413204952,0.39489474164262606,0.6425000000000001,0.3325967627586799,0.0,0.24466556107253318,0.6223977216369079,True,1.0,reject,1.0,BAOAB,0.0,0.0
ULD,"ULD gamma=1, tamed",e6c4a104a924b32b17e71efad43c7504,c87203a12406cc5114b7ffa2d8877465,True,2,2103,10.515,6729600.0,2103.0,2103.0,0.0,0.6282713768918031,0.3751164185164644,0.37451190653525424,0.6212500000000001,0.31565282230273073,0.0,0.23070910699870184,0.5998977216369079,True,1.0,reject,1.0,BAOAB,0.0,0.0
ULD,"ULD gamma=1, tamed",e6c4a104a924b32b17e71efad43c7504,c87203a12406cc5114b7ffa2d8877465,True,3,2103,10.515,6729600.0,2103.0,2103.0,0.0,0.6244516949926314,0.3716079423444303,0.37100270058989404,0.625,0.32623104748217613,0.0,0.2329191018235104,0.6036477216369078,True,1.0,reject,1.0,BAOAB,0.0,0.0
ULD,"ULD gamma=1, tamed",e6c4a104a924b32b17e71efad43c7504,c87203a12406cc5114b7ffa2d8877465,True,0,2162,10.81,6918400.0,2162.0,2162.0,0.0,0.6271043353201039,0.3738712971039537,0.3732665002218615,0.6175,0.3176801793632149,0.0,0.22925961873522077,0.5973977216369077,True,1.0,reject,1.0,BAOAB,0.0,0.0
ULD,"ULD gamma=1, tamed",e6c4a104a924b32b17e71efad43c7504,c87203a12406cc5114b7ffa2d8877465,True,1,2162,10.81,6918400.0,2162.0,2162.0,0.0,0.6420894907054162,0.39279193019825454,0.3922004111640579,0.63875,0.32879098604588786,0.0,0.24221762501317406,0.6186477216369078,True,1.0,reject,1.0,BAOAB,0.0,0.0
ULD,"ULD gamma=1, tamed",e6c4a104a924b32b17e71efad43c7504,c87203a12406cc5114b7ffa2d8877465,True,2,2162,10.81,6918400.0,2162.0,2162.0,0.0,0.629763596827124,0.3766919254778731,0.37608575636778907,0.6162500000000001,0.3173921950604748,0.0,0.23070910699870184,0.5998977216369079,True,1.0,reject,1.0,BAOAB,0.0,0.0
ULD,"ULD gamma=1, tamed",e6c4a104a924b32b17e71efad43c7504,c87203a12406cc5114b7ffa2d8877465,True,3,2162,10.81,6918400.0,2162.0,2162.0,0.0,0.6254166894841734,0.372136957930161,0.37152835475626633,0.6175,0.3193739261027564,0.0,0.2314409501215543,0.6011477216369079,True,1.0,reject,1.0,BAOAB,0.0,0.0
ULD,"ULD gamma=1, tamed",e6c4a104a924b32b17e71efad43c7504,c87203a12406cc5114b7ffa2d8877465,True,0,2222,11.11,7110400.0,2222.0,2222.0,0.0,0.6233525458031549,0.36947480457070825,0.36886676057987877,0.6162500000000001,0.3131766405666706,0.0,0.22854186979001712,0.5961477216369078,True,1.0,reject,1.0,BAOAB,0.0,0.0
ULD,"ULD gamma=1, tamed",e6c4a104a924b32b17e71efad43c7504,c87203a12406cc5114b7ffa2d8877465,True,1,2222,11.11,7110400.0,2222.0,2222.0,0.0,0.638860123676273,0.3887307566596545,0.3881363355881907,0.635,0.3286856158624927,0.0,0.23825049819478517,0.6123977216369079,True,1.0,reject,1.0,BAOAB,0.0,0.0
ULD,"ULD gamma=1, tamed",e6c4a104a924b32b17e71efad43c7504,c87203a12406cc5114b7ffa2d8877465,True,2,2222,11.11,7110400.0,2222.0,2222.0,0.0,0.6292567226954568,0.37610986076343556,0.37550315545169544,0.6212500000000001,0.31666908921299375,0.0,0.23070910699870184,0.5998977216369079,True,1.0,reject,1.0,BAOAB,0.0,0.0
ULD,"ULD gamma=1, tamed",e6c4a104a924b32b17e71efad43c7504,c87203a12406cc5114b7ffa2d8877465,True,3,2222,11.11,7110400.0,2222.0,2222.0,0.0,0.6273784067920396,0.37403150489962556,0.373423338805981,0.6162500000000001,0.3204582597953828,0.0,0.2299820140102503,0.5986477216369078,True,1.0,reject,1.0,BAOAB,0.0,0.0
ULD,"ULD gamma=1, tamed",e6c4a104a924b32b17e71efad43c7504,c87203a12406cc5114b7ffa2d8877465,True,0,2281,11.405,7299200.0,2281.0,2281.0,0.0,0.6208146337262144,0.3661924906372547,0.3655798566460562,0.615,0.31601203905717634,0.0,0.22433019517166858,0.5886477216369078,True,1.0,reject,1.0,BAOAB,0.0,0.0
ULD,"ULD gamma=1, tamed",e6c4a104a924b32b17e71efad43c7504,c87203a12406cc5114b7ffa2d8877465,True,1,2281,11.405,7299200.0,2281.0,2281.0,0.0,0.6384744970282228,0.3877331107290918,0.38713640990969267,0.63375,0.3238411240764455,0.0,0.23825049819478517,0.6123977216369079,True,1.0,reject,1.0,BAOAB,0.0,0.0
ULD,"ULD gamma=1, tamed",e6c4a104a924b32b17e71efad43c7504,c87203a12406cc5114b7ffa2d8877465,True,2,2281,11.405,7299200.0,2281.0,2281.0,0.0,0.6288680329631156,0.3752351796714395,0.3746287867274901,0.61375,0.31225038733416577,0.0,0.22854186979001712,0.5961477216369078,True,1.0,reject,1.0,BAOAB,0.0,0.0
ULD,"ULD gamma=1, tamed",e6c4a104a924b32b17e71efad43c7504,c87203a12406cc5114b7ffa2d8877465,True,3,2281,11.405,7299200.0,2281.0,2281.0,0.0,0.6276310459963509,0.37368419910575923,0.3730764632838838,0.61875,0.31460610900475316,0.0,0.227828716799374,0.5948977216369078,True,1.0,reject,1.0,BAOAB,0.0,0.0
ULD,"ULD gamma=1, tamed",e6c4a104a924b32b17e71efad43c7504,c87203a12406cc5114b7ffa2d8877465,True,0,2341,11.705,7491200.0,2341.0,2341.0,0.0,0.6198052874132858,0.3649890137556413,0.3643767288394335,0.6112500000000001,0.3117730545894487,0.0,0.22364361309330366,0.5873977216369078,True,1.0,reject,1.0,BAOAB,0.0,0.0
ULD,"ULD gamma=1, tamed",e6c4a104a924b32b17e71efad43c7504,c87203a12406cc5114b7ffa2d8877465,True,1,2341,11.705,7491200.0,2341.0,2341.0,0.0,0.6375606245682855,0.3862452703138842,0.3856458015351638,0.635,0.32784781649731976,0.0,0.23825049819478517,0.6123977216369079,True,1.0,reject,1.0,BAOAB,0.0,0.0
ULD,"ULD gamma=1, tamed",e6c4a104a924b32b17e71efad43c7504,c87203a12406cc5114b7ffa2d8877465,True,2,2341,11.705,7491200.0,2341.0,2341.0,0.0,0.6265924459028014,0.372771246952989,0.372163866988681,0.61375,0.31340431288531045,0.0,0.22854186979001712,0.5961477216369078,True,1.0,reject,1.0,BAOAB,0.0,0.0
ULD,"ULD gamma=1, tamed",e6c4a104a924b32b17e71efad43c7504,c87203a12406cc5114b7ffa2d8877465,True,3,2341,11.705,7491200.0,2341.0,2341.0,0.0,0.6234345979149687,0.36955739202339766,0.36894727668278815,0.6162500000000001,0.31353456930004875,0.0,0.22712011036837376,0.5936477216369078,True,1.0,reject,1.0,BAOAB,0.0,0.0
ULD,"ULD gamma=1, tamed",e6c4a104a924b32b17e71efad43c7504,c87203a12406cc5114b7ffa2d8877465,True,0,2400,12.0,7680000.0,2400.0,2400.0,0.0,0.6204094954048229,0.3655072147132763,0.3648959470215246,0.6075,0.30868539727595534,0.0,0.22364361309330366,0.5873977216369078,True,1.0,reject,1.0,BAOAB,0.0,0.0
ULD,"ULD gamma=1, tamed",e6c4a104a924b32b17e71efad43c7504,c87203a12406cc5114b7ffa2d8877465,True,1,2400,12.0,7680000.0,2400.0,2400.0,0.0,0.6328157113545323,0.3811481512472161,0.3805461577045395,0.6312500000000001,0.3265379619259814,0.0,0.23747335782735152,0.6111477216369079,True,1.0,reject,1.0,BAOAB,0.0,0.0
ULD,"ULD gamma=1, tamed",e6c4a104a924b32b17e71efad43c7504,c87203a12406cc5114b7ffa2d8877465,True,2,2400,12.0,7680000.0,2400.0,2400.0,0.0,0.6235881817529845,0.3693925777316238,0.36878387571852644,0.61375,0.30987556590508913,0.0,0.2264160020554838,0.5923977216369078,True,1.0,reject,1.0,BAOAB,0.0,0.0
ULD,"ULD gamma=1, tamed",e6c4a104a924b32b17e71efad43c7504,c87203a12406cc5114b7ffa2d8877465,True,3,2400,12.0,7680000.0,2400.0,2400.0,0.0,0.6191219483680712,0.36463890086540396,0.3640269426524426,0.6100000000000001,0.31353813241470185,0.0,0.22433019517166858,0.5886477216369078,True,1.0,reject,1.0,BAOAB,0.0,0.0
ULD,"ULD gamma=1, tamed",e6c4a104a924b32b17e71efad43c7504,c87203a12406cc5114b7ffa2d8877465,True,0,2459,12.295,7868800.0,2459.0,2459.0,0.0,0.6216938473040419,0.36705259581844585,0.36644180885448385,0.6125,0.3086072697539626,0.0,0.22296130034834058,0.5861477216369078,True,1.0,reject,1.0,BAOAB,0.0,0.0
ULD,"ULD gamma=1, tamed",e6c4a104a924b32b17e71efad43c7504,c87203a12406cc5114b7ffa2d8877465,True,1,2459,12.295,7868800.0,2459.0,2459.0,0.0,0.6305065454302341,0.3782400390401047,0.37763734368623514,0.6275000000000001,0.32290006108522884,0.0,0.23517332900558918,0.6073977216369078,True,1.0,reject,1.0,BAOAB,0.0,0.0
ULD,"ULD gamma=1, tamed",e6c4a104a924b32b17e71efad43c7504,c87203a12406cc5114b7ffa2d8877465,True,2,2459,12.295,7868800.0,2459.0,2459.0,0.0,0.6201460656215707,0.36630808731614883,0.3656983492747772,0.6100000000000001,0.3131474154665199,0.0,0.22502109062983738,0.5898977216369079,True,1.0,reject,1.0,BAOAB,0.0,0.0
ULD,"ULD gamma=1, tamed",e6c4a104a924b32b17e71efad43c7504,c87203a12406cc5114b7ffa2d8877465,True,3,2459,12.295,7868800.0,2459.0,2459.0,0.0,0.6177233062233294,0.3625226644972953,0.36191062276416086,0.6050000000000001,0.3067436548103435,0.0,0.2222832137010122,0.5848977216369078,True,1.0,reject,1.0,BAOAB,0.0,0.0
ULD,"ULD gamma=1, tamed",e6c4a104a924b32b17e71efad43c7504,c87203a12406cc5114b7ffa2d8877465,True,0,2519,12.595,8060800.0,2519.0,2519.0,0.0,0.6201297872467704,0.36571751937221453,0.3651058604138768,0.6062500000000001,0.30747913995588416,0.0,0.2222832137010122,0.5848977216369078,True,1.0,reject,1.0,BAOAB,0.0,0.0
ULD,"ULD gamma=1, tamed",e6c4a104a924b32b17e71efad43c7504,c87203a12406cc5114b7ffa2d8877465,True,1,2519,12.595,8060800.0,2519.0,2519.0,0.0,0.6307558817508073,0.3778961096653116,0.3772926475690793,0.62375,0.3204068548392883,0.0,0.23441691040804613,0.6061477216369078,True,1.0,reject,1.0,BAOAB,0.0,0.0
ULD,"ULD gamma=1, tamed",e6c4a104a924b32b17e71efad43c7504,c87203a12406cc5114b7ffa2d8877465,True,2,2519,12.595,8060800.0,2519.0,2519.0,0.0,0.6186179494452863,0.3632015662117466,0.3625904213648399,0.60875,0.30854920850173917,0.0,0.22433019517166858,0.5886477216369078,True,1.0,reject,1.0,BAOAB,0.0,0.0
ULD,"ULD gamma=1, tamed",e6c4a104a924b32b17e71efad43c7504,c87203a12406cc5114b7ffa2d8877465,True,3,2519,12.595,8060800.0,2519.0,2519.0,0.0,0.61803263295319,0.3624050350115735,0.3617922553195281,0.6025,0.30634057772665313,0.0,0.22027388971112008,0.5811477216369079,True,1.0,reject,1.0,BAOAB,0.0,0.0
ULD,"ULD gamma=1, tamed",e6c4a104a924b32b17e71efad43c7504,c87203a12406cc5114b7ffa2d8877465,True,0,2578,12.89,8249600.0,2578.0,2578.0,0.0,0.6146045601493367,0.3603732183025974,0.3597609353396931,0.60875,0.3068013362107236,0.0,0.22093954968421167,0.5823977216369078,True,1.0,reject,1.0,BAOAB,0.0,0.0
ULD,"ULD gamma=1, tamed",e6c4a104a924b32b17e71efad43c7504,c87203a12406cc5114b7ffa2d8877465,True,1,2578,12.89,8249600.0,2578.0,2578.0,0.0,0.6295106430058767,0.37692113918574044,0.3763146502973045,0.6212500000000001,0.3218677491347486,0.0,0.23441691040804613,0.6061477216369078,True,1.0,reject,1.0,BAOAB,0.0,0.0
ULD,"ULD gamma=1, tamed",e6c4a104a924b32b17e71efad43c7504,c87203a12406cc5114b7ffa2d8877465,True,2,2578,12.89,8249600.0,2578.0,2578.0,0.0,0.6162252146780445,0.3606386407093274,0.3600243780463933,0.6062500000000001,0.31094930893299,0.0,0.22364361309330366,0.5873977216369078,True,1.0,reject,1.0,BAOAB,0.0,0.0
ULD,"ULD gamma=1, tamed",e6c4a104a924b32b17e71efad43c7504,c87203a12406cc5114b7ffa2d8877465,True,3,2578,12.89,8249600.0,2578.0,2578.0,0.0,0.6182099863999805,0.3618763807726266,0.361262312480932,0.60375,0.30522367063657097,0.0,0.21961229058991982,0.5798977216369079,True,1.0,reject,1.0,BAOAB,0.0,0.0
ULD,"ULD gamma=1, tamed",e6c4a104a924b32b17e71efad43c7504,c87203a12406cc5114b7ffa2d8877465,True,0,2638,13.19,8441600.0,2638.0,2638.0,0.0,0.6099905076622938,0.35470414106052717,0.35409061821422894,0.5950000000000001,0.3036653909239817,0.0,0.21830111766441093,0.5773977216369078,True,1.0,reject,1.0,BAOAB,0.0,0.0
ULD,"ULD gamma=1, tamed",e6c4a104a924b32b17e71efad43c7504,c87203a12406cc5114b7ffa2d8877465,True,1,2638,13.19,8441600.0,2638.0,2638.0,0.0,0.6280243042062692,0.3753750245305536,0.37476773352408155,0.6212500000000001,0.320691179274915,0.0,0.2314409501215543,0.6011477216369079,True,1.0,reject,1.0,BAOAB,0.0,0.0
ULD,"ULD gamma=1, tamed",e6c4a104a924b32b17e71efad43c7504,c87203a12406cc5114b7ffa2d8877465,True,2,2638,13.19,8441600.0,2638.0,2638.0,0.0,0.6171735257048875,0.3615222557330813,0.3609072858292701,0.6012500000000001,0.307227119647578,0.0,0.22296130034834058,0.5861477216369078,True,1.0,reject,1.0,BAOAB,0.0,0.0
ULD,"ULD gamma=1, tamed",e6c4a104a924b32b17e71efad43c7504,c87203a12406cc5114b7ffa2d8877465,True,3,2638,13.19,8441600.0,2638.0,2638.0,0.0,0.6177957531559419,0.3614097501854917,0.3607942020130743,0.6025,0.3060615741049101,0.0,0.21961229058991982,0.5798977216369079,True,1.0,reject,1.0,BAOAB,0.0,0.0
ULD,"ULD gamma=1, tamed",e6c4a104a924b32b17e71efad43c7504,c87203a12406cc5114b7ffa2d8877465,True,0,2697,13.485,8630400.0,2697.0,2697.0,0.0,0.6057274107963463,0.3500307948259014,0.3494154947411696,0.5887500000000001,0.30332489285680697,0.0,0.21830111766441093,0.5773977216369078,True,1.0,reject,1.0,BAOAB,0.0,0.0
ULD,"ULD gamma=1, tamed",e6c4a104a924b32b17e71efad43c7504,c87203a12406cc5114b7ffa2d8877465,True,1,2697,13.485,8630400.0,2697.0,2697.0,0.0,0.6257893410247535,0.37341907016920417,0.3728122912895385,0.61875,0.32060045845518637,0.0,0.2299820140102503,0.5986477216369078,True,1.0,reject,1.0,BAOAB,0.0,0.0
ULD,"ULD gamma=1, tamed",e6c4a104a924b32b17e71efad43c7504,c87203a12406cc5114b7ffa2d8877465,True,2,2697,13.485,8630400.0,2697.0,2697.0,0.0,0.6172652956775875,0.3610945639884383,0.3604786402328183,0.6050000000000001,0.30573544508447914,0.0,0.22093954968421167,0.5823977216369078,True,1.0,reject,1.0,BAOAB,0.0,0.0
ULD,"ULD gamma=1, tamed",e6c4a104a924b32b17e71efad43c7504,c87203a12406cc5114b7ffa2d8877465,True,3,2697,13.485,8630400.0,2697.0,2697.0,0.0,0.6150099495354528,0.359810398417317,0.3591910593322183,0.6000000000000001,0.30645144857989703,0.0,0.21765146696084364,0.5761477216369078,True,1.0,reject,1.0,BAOAB,0.0,0.0
ULD,"ULD gamma=1, tamed",e6c4a104a924b32b17e71efad43c7504,c87203a12406cc5114b7ffa2d8877465,True,0,2756,13.780000000000001,8819200.0,2756.0,2756.0,0.0,0.6034403691077537,0.34757269925246437,0.34695564011715196,0.5875,0.3014373728226738,0.0,0.21509156943368268,0.5711477216369079,True,1.0,reject,1.0,BAOAB,0.0,0.0
ULD,"ULD gamma=1, tamed",e6c4a104a924b32b17e71efad43c7504,c87203a12406cc5114b7ffa2d8877465,True,1,2756,13.780000000000001,8819200.0,2756.0,2756.0,0.0,0.6240516435971805,0.3703629711840102,0.36975623307519523,0.61375,0.31058628916804354,0.0,0.22925961873522077,0.5973977216369077,True,1.0,reject,1.0,BAOAB,0.0,0.0
ULD,"ULD gamma=1, tamed",e6c4a104a924b32b17e71efad43c7504,c87203a12406cc5114b7ffa2d8877465,True,2,2756,13.780000000000001,8819200.0,2756.0,2756.0,0.0,0.6145705178309813,0.3575564718811529,0.35693757255657255,0.6000000000000001,0.3066410249613368,0.0,0.22093954968421167,0.5823977216369078,True,1.0,reject,1.0,BAOAB,0.0,0.0
ULD,"ULD gamma=1, tamed",e6c4a104a924b32b17e71efad43c7504,c87203a12406cc5114b7ffa2d8877465,True,3,2756,13.780000000000001,8819200.0,2756.0,2756.0,0.0,0.613797069705612,0.35806571793757325,0.3574459032680948,0.59375,0.30398925700120805,0.0,0.21636384980847895,0.5736477216369078,True,1.0,reject,1.0,BAOAB,0.0,0.0
ULD,"ULD gamma=1, tamed",e6c4a104a924b32b17e71efad43c7504,c87203a12406cc5114b7ffa2d8877465,True,0,2816,14.08,9011200.0,2816.0,2816.0,0.0,0.6038711401393617,0.3475694305190151,0.3469483803716258,0.5875,0.3005075028858192,0.0,0.21321129079428686,0.5673977216369078,True,1.0,reject,1.0,BAOAB,0.0,0.0
ULD,"ULD gamma=1, tamed",e6c4a104a924b32b17e71efad43c7504,c87203a12406cc5114b7ffa2d8877465,True,1,2816,14.08,9011200.0,2816.0,2816.0,0.0,0.6196670405786449,0.3656252290160077,0.3650154818490464,0.6112500000000001,0.31532374987333955,0.0,0.227828716799374,0.5948977216369078,True,1.0,reject,1.0,BAOAB,0.0,0.0
ULD,"ULD gamma=1, tamed",e6c4a104a924b32b17e71efad43c7504,c87203a12406cc5114b7ffa2d8877465,True,2,2816,14.08,9011200.0,2816.0,2816.0,0.0,0.6117266124989735,0.35363918710266784,0.35301860768653726,0.5925,0.3040236620398483,0.0,0.21895471283719048,0.5786477216369079,True,1.0,reject,1.0,BAOAB,0.0,0.0
ULD,"ULD gamma=1, tamed",e6c4a104a924b32b17e71efad43c7504,c87203a12406cc5114b7ffa2d8877465,True,3,2816,14.08,9011200.0,2816.0,2816.0,0.0,0.6103176337464246,0.35419666316296705,0.3535763486055079,0.5925,0.30500619038205345,0.0,0.21383434372821114,0.5686477216369079,True,1.0,reject,1.0,BAOAB,0.0,0.0
ULD,"ULD gamma=1, tamed",e6c4a104a924b32b17e71efad43c7504,c87203a12406cc5114b7ffa2d8877465,True,0,2875,14.375,9200000.0,2875.0,2875.0,0.0,0.60558329947952,0.3491461632331645,0.34852276969493945,0.5850000000000001,0.2985380415745841,0.0,0.2125918999632181,0.5661477216369077,True,1.0,reject,1.0,BAOAB,0.0,0.0
ULD,"ULD gamma=1, tamed",e6c4a104a924b32b17e71efad43c7504,c87203a12406cc5114b7ffa2d8877465,True,1,2875,14.375,9200000.0,2875.0,2875.0,0.0,0.618767149833253,0.3638791236706952,0.3632685007841292,0.60875,0.3091138752641831,0.0,0.2257163443465696,0.5911477216369079,True,1.0,reject,1.0,BAOAB,0.0,0.0
ULD,"ULD gamma=1, tamed",e6c4a104a924b32b17e71efad43c7504,c87203a12406cc5114b7ffa2d8877465,True,2,2875,14.375,9200000.0,2875.0,2875.0,0.0,0.6104989639026286,0.35328317403039344,0.35266233685806925,0.5925,0.3023273608833974,0.0,0.21636384980847895,0.5736477216369078,True,1.0,reject,1.0,BAOAB,0.0,0.0
ULD,"ULD gamma=1, tamed",e6c4a104a924b32b17e71efad43c7504,c87203a12406cc5114b7ffa2d8877465,True,3,2875,14.375,9200000.0,2875.0,2875.0,0.0,0.6065267828058909,0.3498806947156635,0.34925986690122657,0.5900000000000001,0.3010914218701275,0.0,0.21321129079428686,0.5673977216369078,True,1.0,reject,1.0,BAOAB,0.0,0.0
ULD,"ULD gamma=1, tamed",e6c4a104a924b32b17e71efad43c7504,c87203a12406cc5114b7ffa2d8877465,True,0,2934,14.67,9388800.0,2934.0,2934.0,0.0,0.6057749325908691,0.34830066492197687,0.3476744289665663,0.5825,0.2975809787844297,0.0,0.21136397435843518,0.5636477216369078,True,1.0,reject,1.0,BAOAB,0.0,0.0
ULD,"ULD gamma=1, tamed",e6c4a104a924b32b17e71efad43c7504,c87203a12406cc5114b7ffa2d8877465,True,1,2934,14.67,9388800.0,2934.0,2934.0,0.0,0.6180195751021234,0.3636547840256015,0.36304294066573095,0.6075,0.31127899371022294,0.0,0.22364361309330366,0.5873977216369078,True,1.0,reject,1.0,BAOAB,0.0,0.0
ULD,"ULD gamma=1, tamed",e6c4a104a924b32b17e71efad43c7504,c87203a12406cc5114b7ffa2d8877465,True,2,2934,14.67,9388800.0,2934.0,2934.0,0.0,0.6085856774554428,0.35171624136127544,0.35109588107435796,0.5875,0.302560986772333,0.0,0.21636384980847895,0.5736477216369078,True,1.0,reject,1.0,BAOAB,0.0,0.0
ULD,"ULD gamma=1, tamed",e6c4a104a924b32b17e71efad43c7504,c87203a12406cc5114b7ffa2d8877465,True,3,2934,14.67,9388800.0,2934.0,2934.0,0.0,0.6038631061484931,0.34588226761771235,0.3452609120823953,0.58625,0.30003922092297763,0.0,0.21383434372821114,0.5686477216369079,True,1.0,reject,1.0,BAOAB,0.0,0.0
ULD,"ULD gamma=1, tamed",e6c4a104a924b32b17e71efad43c7504,c87203a12406cc5114b7ffa2d8877465,True,0,2994,14.97,9580800.0,2994.0,2994.0,0.0,0.6035812492314261,0.34515043633996645,0.34452213606895365,0.5825,0.2965867385581138,0.0,0.2101503116772147,0.5611477216369078,True,1.0,reject,1.0,BAOAB,0.0,0.0
ULD,"ULD gamma=1, tamed",e6c4a104a924b32b17e71efad43c7504,c87203a12406cc5114b7ffa2d8877465,True,1,2994,14.97,9580800.0,2994.0,2994.0,0.0,0.6180187832350055,0.36319460402276815,0.3625826606775371,0.6100000000000001,0.3092168346573225,0.0,0.2222832137010122,0.5848977216369078,True,1.0,reject,1.0,BAOAB,0.0,0.0
ULD,"ULD gamma=1, tamed",e6c4a104a924b32b17e71efad43c7504,c87203a12406cc5114b7ffa2d8877465,True,2,2994,14.97,9580800.0,2994.0,2994.0,0.0,0.606079662688964,0.34965978053022706,0.3490400364524898,0.59125,0.30009540574137994,0.0,0.21636384980847895,0.5736477216369078,True,1.0,reject,1.0,BAOAB,0.0,0.0
ULD,"ULD gamma=1, tamed",e6c4a104a924b32b17e71efad43c7504,c87203a12406cc5114b7ffa2d8877465,True,3,2994,14.97,9580800.0,2994.0,2994.0,0.0,0.6017086010105117,0.3444083063212807,0.3437855515486684,0.58375,0.29827200294724654,0.0,0.2125918999632181,0.5661477216369077,True,1.0,reject,1.0,BAOAB,0.0,0.0
ULD,"ULD gamma=1, tamed",e6c4a104a924b32b17e71efad43c7504,c87203a12406cc5114b7ffa2d8877465,True,0,3053,15.265,9769600.0,3053.0,3053.0,0.0,0.6005405509667678,0.3419690240586567,0.3413398970022764,0.5725,0.2955282481946031,0.0,0.2054334637555285,0.5511477216369078,True,1.0,reject,1.0,BAOAB,0.0,0.0
ULD,"ULD gamma=1, tamed",e6c4a104a924b32b17e71efad43c7504,c87203a12406cc5114b7ffa2d8877465,True,1,3053,15.265,9769600.0,3053.0,3053.0,0.0,0.6174429257880392,0.3629741026961667,0.3623605772177495,0.5987500000000001,0.3109110545282655,0.0,0.22160931070520806,0.5836477216369078,True,1.0,reject,1.0,BAOAB,0.0,0.0
ULD,"ULD gamma=1, tamed",e6c4a104a924b32b17e71efad43c7504,c87203a12406cc5114b7ffa2d8877465,True,2,3053,15.265,9769600.0,3053.0,3053.0,0.0,0.6040723960340273,0.3477553889713747,0.3471356374810417,0.58875,0.2989889560990999,0.0,0.21321129079428686,0.5673977216369078,True,1.0,reject,1.0,BAOAB,0.0,0.0
ULD,"ULD gamma=1, tamed",e6c4a104a924b32b17e71efad43c7504,c87203a12406cc5114b7ffa2d8877465,True,3,3053,15.265,9769600.0,3053.0,3053.0,0.0,0.6023083258551682,0.3445242903590072,0.3439002632985335,0.58375,0.2975493387532496,0.0,0.21136397435843518,0.5636477216369078,True,1.0,reject,1.0,BAOAB,0.0,0.0
ULD,"ULD gamma=1, tamed",e6c4a104a924b32b17e71efad43c7504,c87203a12406cc5114b7ffa2d8877465,True,0,3112,15.56,9958400.0,3112.0,3112.0,0.0,0.5962522740067441,0.3376494553102176,0.33701894249410613,0.5700000000000001,0.2915169397792935,0.0,0.2037194562723229,0.5473977216369078,True,1.0,reject,1.0,BAOAB,0.0,0.0
ULD,"ULD gamma=1, tamed",e6c4a104a924b32b17e71efad43c7504,c87203a12406cc5114b7ffa2d8877465,True,1,3112,15.56,9958400.0,3112.0,3112.0,0.0,0.6149862368317174,0.3605711439700824,0.35995458241527034,0.5950000000000001,0.3083371958277389,0.0,0.21895471283719048,0.5786477216369079,True,1.0,reject,1.0,BAOAB,0.0,0.0
ULD,"ULD gamma=1, tamed",e6c4a104a924b32b17e71efad43c7504,c87203a12406cc5114b7ffa2d8877465,True,2,3112,15.56,9958400.0,3112.0,3112.0,0.0,0.6026396565673622,0.34605434665890156,0.3454327133812851,0.5787500000000001,0.29577833971521805,0.0,0.21136397435843518,0.5636477216369078,True,1.0,reject,1.0,BAOAB,0.0,0.0
ULD,"ULD gamma=1, tamed",e6c4a104a924b32b17e71efad43c7504,c87203a12406cc5114b7ffa2d8877465,True,3,3112,15.56,9958400.0,3112.0,3112.0,0.0,0.6019759653003792,0.3431962214930582,0.34256785279296176,0.58375,0.2971517982839791,0.0,0.2101503116772147,0.5611477216369078,True,1.0,reject,1.0,BAOAB,0.0,0.0
ULD,"ULD gamma=1, tamed",e6c4a104a924b32b17e71efad43c7504,c87203a12406cc5114b7ffa2d8877465,True,0,3172,15.860000000000001,10150400.0,3172.0,3172.0,0.0,0.59366451936877,0.33488438510714236,0.33425253487775275,0.5650000000000001,0.2903886663083084,0.0,0.20259281255543976,0.5448977216369078,True,1.0,reject,1.0,BAOAB,0.0,0.0
ULD,"ULD gamma=1, tamed",e6c4a104a924b32b17e71efad43c7504,c87203a12406cc5114b7ffa2d8877465,True,1,3172,15.860000000000001,10150400.0,3172.0,3172.0,0.0,0.6117451314259508,0.3572689715813725,0.3566498942182972,0.5950000000000001,0.3099730440977049,0.0,0.21700572327697354,0.5748977216369078,True,1.0,reject,1.0,BAOAB,0.0,0.0
ULD,"ULD gamma=1, tamed",e6c4a104a924b32b17e71efad43c7504,c87203a12406cc5114b7ffa2d8877465,True,2,3172,15.860000000000001,10150400.0,3172.0,3172.0,0.0,0.6006344480539691,0.34409513576628004,0.3434719061328789,0.5750000000000001,0.29707386735849084,0.0,0.21075537578150882,0.5623977216369078,True,1.0,reject,1.0,BAOAB,0.0,0.0
ULD,"ULD gamma=1, tamed",e6c4a104a924b32b17e71efad43c7504,c87203a12406cc5114b7ffa2d8877465,True,3,3172,15.860000000000001,10150400.0,3172.0,3172.0,0.0,0.5995566211735002,0.34056026690956454,0.3399282487764532,0.5825,0.29608846560213686,0.0,0.20835602230588257,0.5573977216369078,True,1.0,reject,1.0,BAOAB,0.0,0.0
ULD,"ULD gamma=1, tamed",e6c4a104a924b32b17e71efad43c7504,c87203a12406cc5114b7ffa2d8877465,True,0,3231,16.155,10339200.0,3231.0,3231.0,0.0,0.5920698652727931,0.3328080072604137,0.3321749550991221,0.5625,0.29005372513527194,0.0,0.20092638406092844,0.5411477216369078,True,1.0,reject,1.0,BAOAB,0.0,0.0
ULD,"ULD gamma=1, tamed",e6c4a104a924b32b17e71efad43c7504,c87203a12406cc5114b7ffa2d8877465,True,1,3231,16.155,10339200.0,3231.0,3231.0,0.0,0.6115562899532101,0.3560458786842896,0.35542722870731924,0.59125,0.30232726454983294,0.0,0.2125918999632181,0.5661477216369077,True,1.0,reject,1.0,BAOAB,0.0,0.0
ULD,"ULD gamma=1, tamed",e6c4a104a924b32b17e71efad43c7504,c87203a12406cc5114b7ffa2d8877465,True,2,3231,16.155,10339200.0,3231.0,3231.0,0.0,0.5993246658964929,0.3423972296224239,0.34177115839712147,0.5725,0.29799854369737555,0.0,0.21075537578150882,0.5623977216369078,True,1.0,reject,1.0,BAOAB,0.0,0.0
ULD,"ULD gamma=1, tamed",e6c4a104a924b32b17e71efad43c7504,c87203a12406cc5114b7ffa2d8877465,True,3,3231,16.155,10339200.0,3231.0,3231.0,0.0,0.5990547236951193,0.339360619983075,0.33872837067108597,0.5775,0.29353728934024703,0.0,0.2071769529626386,0.5548977216369078,True,1.0,reject,1.0,BAOAB,0.0,0.0
ULD,"ULD gamma=1, tamed",e6c4a104a924b32b17e71efad43c7504,c87203a12406cc5114b7ffa2d8877465,True,0,3291,16.455000000000002,10531200.0,3291.0,3291.0,0.0,0.5909589582065251,0.33123171083323877,0.3305961705284832,0.5625,0.28829050331727757,0.0,0.19874740118689257,0.5361477216369078,True,1.0,reject,1.0,BAOAB,0.0,0.0
ULD,"ULD gamma=1, tamed",e6c4a104a924b32b17e71efad43c7504,c87203a12406cc5114b7ffa2d8877465,True,1,3291,16.455000000000002,10531200.0,3291.0,3291.0,0.0,0.610112283447419,0.3538490815181299,0.35322969320652753,0.5900000000000001,0.3020083199216981,0.0,0.2125918999632181,0.5661477216369077,True,1.0,reject,1.0,BAOAB,0.0,0.0
ULD,"ULD gamma=1, tamed",e6c4a104a924b32b17e71efad43c7504,c87203a12406cc5114b7ffa2d8877465,True,2,3291,16.455000000000002,10531200.0,3291.0,3291.0,0.0,0.600714872854804,0.34269570335411037,0.3420668240555139,0.5800000000000001,0.2980609018325523,0.0,0.20954875141341062,0.5598977216369079,True,1.0,reject,1.0,BAOAB,0.0,0.0
ULD,"ULD gamma=1, tamed",e6c4a104a924b32b17e71efad43c7504,c87203a12406cc5114b7ffa2d8877465,True,3,3291,16.455000000000002,10531200.0,3291.0,3291.0,0.0,0.5989557361245558,0.3394604474812407,0.33882714798564484,0.5725,0.29222462144194006,0.0,0.20428756070031265,0.5486477216369079,True,1.0,reject,1.0,BAOAB,0.0,0.0
ULD,"ULD gamma=1, tamed",e6c4a104a924b32b17e71efad43c7504,c87203a12406cc5114b7ffa2d8877465,True,0,3350,16.75,10720000.0,3350.0,3350.0,0.0,0.5900767681157757,0.3302953320564025,0.32965781285231865,0.5525,0.2877796217904709,0.0,0.19821016488362397,0.5348977216369077,True,1.0,reject,1.0,BAOAB,0.0,0.0
ULD,"ULD gamma=1, tamed",e6c4a104a924b32b17e71efad43c7504,c87203a12406cc5114b7ffa2d8877465,True,1,3350,16.75,10720000.0,3350.0,3350.0,0.0,0.60465285416816,0.3476115405559218,0.34698747433487365,0.5875,0.30032906285582095,0.0,0.2125918999632181,0.5661477216369077,True,1.0,reject,1.0,BAOAB,0.0,0.0
ULD,"ULD gamma=1, tamed",e6c4a104a924b32b17e71efad43c7504,c87203a12406cc5114b7ffa2d8877465,True,2,3350,16.75,10720000.0,3350.0,3350.0,0.0,0.6020216573071138,0.34289789410044336,0.34226744633451955,0.5800000000000001,0.29325108679277756,0.0,0.20776479459321542,0.5561477216369078,True,1.0,reject,1.0,BAOAB,0.0,0.0
ULD,"ULD gamma=1, tamed",e6c4a104a924b32b17e71efad43c7504,c87203a12406cc5114b7ffa2d8877465,True,3,3350,16.75,10720000.0,3350.0,3350.0,0.0,0.599740255387304,0.33983985420280083,0.3392056359614195,0.5687500000000001,0.29529553957196875,0.0,0.2037194562723229,0.5473977216369078,True,1.0,reject,1.0,BAOAB,0.0,0.0
ULD,"ULD gamma=1, tamed",e6c4a104a924b32b17e71efad43c7504,c87203a12406cc5114b7ffa2d8877465,True,0,3409,17.045,10908800.0,3409.0,3409.0,0.0,0.5873825247226632,0.3275992005637701,0.326959969418101,0.55,0.28578858109033833,0.0,0.1976758872832069,0.5336477216369078,True,1.0,reject,1.0,BAOAB,0.0,0.0
ULD,"ULD gamma=1, tamed",e6c4a104a924b32b17e71efad43c7504,c87203a12406cc5114b7ffa2d8877465,True,1,3409,17.045,10908800.0,3409.0,3409.0,0.0,0.6005654645761378,0.3426842257785009,0.3420552949963892,0.5750000000000001,0.30059453228769684,0.0,0.20954875141341062,0.5598977216369079,True,1.0,reject,1.0,BAOAB,0.0,0.0
ULD,"ULD gamma=1, tamed",e6c4a104a924b32b17e71efad43c7504,c87203a12406cc5114b7ffa2d8877465,True,2,3409,17.045,10908800.0,3409.0,3409.0,0.0,0.6009622168686886,0.3418371302787613,0.3412049694002127,0.57625,0.29208002485602635,0.0,0.20601131519130356,0.5523977216369078,True,1.0,reject,1.0,BAOAB,0.0,0.0
ULD,"ULD gamma=1, tamed",e6c4a104a924b32b17e71efad43c7504,c87203a12406cc5114b7ffa2d8877465,True,3,3409,17.045,10908800.0,3409.0,3409.0,0.0,0.5978336707130784,0.3375205799345061,0.33688464986310107,0.5675000000000001,0.2931871283404677,0.0,0.20315454869914257,0.5461477216369078,True,1.0,reject,1.0,BAOAB,0.0,0.0
ULD,"ULD gamma=1, tamed",e6c4a104a924b32b17e71efad43c7504,c87203a12406cc5114b7ffa2d8877465,True,0,3469,17.345,11100800.0,3469.0,3469.0,0.0,0.5827064193650815,0.3231578728148914,0.3225180163884649,0.5487500000000001,0.28360026647165915,0.0,0.19556792905163184,0.5286477216369079,True,1.0,reject,1.0,BAOAB,0.0,0.0
ULD,"ULD gamma=1, tamed",e6c4a104a924b32b17e71efad43c7504,c87203a12406cc5114b7ffa2d8877465,True,1,3469,17.345,11100800.0,3469.0,3469.0,0.0,0.5991650077946677,0.34021891295856077,0.3395876441266763,0.5725,0.29895068700451943,0.0,0.20776479459321542,0.5561477216369078,True,1.0,reject,1.0,BAOAB,0.0,0.0
ULD,"ULD gamma=1, tamed",e6c4a104a924b32b17e71efad43c7504,c87203a12406cc5114b7ffa2d8877465,True,2,3469,17.345,11100800.0,3469.0,3469.0,0.0,0.5976045572812014,0.3375527584607869,0.3369173389088851,0.5725,0.2889713624623773,0.0,0.2054334637555285,0.5511477216369078,True,1.0,reject,1.0,BAOAB,0.0,0.0
ULD,"ULD gamma=1, tamed",e6c4a104a924b32b17e71efad43c7504,c87203a12406cc5114b7ffa2d8877465,True,3,3469,17.345,11100800.0,3469.0,3469.0,0.0,0.5943253464185791,0.33367123773420804,0.33303623118863335,0.565,0.2907751783735155,0.0,0.20147875473371918,0.5423977216369078,True,1.0,reject,1.0,BAOAB,0.0,0.0
ULD,"ULD gamma=1, tamed",e6c4a104a924b32b17e71efad43c7504,c87203a12406cc5114b7ffa2d8877465,True,0,3528,17.64,11289600.0,3528.0,3528.0,0.0,0.578235025022101,0.3176487081348497,0.31700654738917,0.54625,0.28035888073579884,0.0,0.19401698026440356,0.5248977216369078,True,1.0,reject,1.0,BAOAB,0.0,0.0
ULD,"ULD gamma=1, tamed",e6c4a104a924b32b17e71efad43c7504,c87203a12406cc5114b7ffa2d8877465,True,1,3528,17.64,11289600.0,3528.0,3528.0,0.0,0.598210382476839,0.33833879477602735,0.33770425794217207,0.5687500000000001,0.2960950976596666,0.0,0.2071769529626386,0.5548977216369078,True,1.0,reject,1.0,BAOAB,0.0,0.0
ULD,"ULD gamma=1, tamed",e6c4a104a924b32b17e71efad43c7504,c87203a12406cc5114b7ffa2d8877465,True,2,3528,17.64,11289600.0,3528.0,3528.0,0.0,0.5932354202112599,0.33275978792012373,0.33212246207382257,0.57125,0.2903129227296749,0.0,0.20428756070031265,0.5486477216369079,True,1.0,reject,1.0,BAOAB,0.0,0.0
ULD,"ULD gamma=1, tamed",e6c4a104a924b32b17e71efad43c7504,c87203a12406cc5114b7ffa2d8877465,True,3,3528,17.64,11289600.0,3528.0,3528.0,0.0,0.5920914954533081,0.33164930631135614,0.3310128795544198,0.5675000000000001,0.28575272205373625,0.0,0.19983083937774704,0.5386477216369079,True,1.0,reject,1.0,BAOAB,0.0,0.0
ULD,"ULD gamma=1, tamed",e6c4a104a924b32b17e71efad43c7504,c87203a12406cc5114b7ffa2d8877465,True,0,3588,17.94,11481600.0,3588.0,3588.0,0.0,0.5747946323700055,0.3128444352929043,0.31219631092794464,0.545,0.2800907395961789,0.0,0.1929970043758919,0.5223977216369078,True,1.0,reject,1.0,BAOAB,0.0,0.0
ULD,"ULD gamma=1, tamed",e6c4a104a924b32b17e71efad43c7504,c87203a12406cc5114b7ffa2d8877465,True,1,3588,17.94,11481600.0,3588.0,3588.0,0.0,0.594502779280565,0.33357930068211195,0.3329428894523705,0.56625,0.2931012308123565,0.0,0.20428756070031265,0.5486477216369079,True,1.0,reject,1.0,BAOAB,0.0,0.0
ULD,"ULD gamma=1, tamed",e6c4a104a924b32b17e71efad43c7504,c87203a12406cc5114b7ffa2d8877465,True,2,3588,17.94,11481600.0,3588.0,3588.0,0.0,0.5922532845883939,0.3306204797207285,0.3299845155291704,0.565,0.2849266300669713,0.0,0.20315454869914257,0.5461477216369078,True,1.0,reject,1.0,BAOAB,0.0,0.0
ULD,"ULD gamma=1, tamed",e6c4a104a924b32b17e71efad43c7504,c87203a12406cc5114b7ffa2d8877465,True,3,3588,17.94,11481600.0,3588.0,3588.0,0.0,0.5898667046963105,0.32976913281554243,0.32913124827565987,0.5650000000000001,0.28873537573477304,0.0,0.19983083937774704,0.5386477216369079,True,1.0,reject,1.0,BAOAB,0.0,0.0
ULD,"ULD gamma=1, tamed",e6c4a104a924b32b17e71efad43c7504,c87203a12406cc5114b7ffa2d8877465,True,0,3647,18.235,11670400.0,3647.0,3647.0,0.0,0.5741763667040483,0.31117237245349993,0.31051938682675007,0.54,0.2786798293555721,0.0,0.19049489822706972,0.5161477216369078,True,1.0,reject,1.0,BAOAB,0.0,0.0
ULD,"ULD gamma=1, tamed",e6c4a104a924b32b17e71efad43c7504,c87203a12406cc5114b7ffa2d8877465,True,1,3647,18.235,11670400.0,3647.0,3647.0,0.0,0.5916773136183953,0.33101816490972846,0.33038353075874904,0.5687500000000001,0.2919686776293613,0.0,0.20315454869914257,0.5461477216369078,True,1.0,reject,1.0,BAOAB,0.0,0.0
ULD,"ULD gamma=1, tamed",e6c4a104a924b32b17e71efad43c7504,c87203a12406cc5114b7ffa2d8877465,True,2,3647,18.235,11670400.0,3647.0,3647.0,0.0,0.5898980541770009,0.3290582641268168,0.32842108281450055,0.56125,0.28657051476788087,0.0,0.20147875473371918,0.5423977216369078,True,1.0,reject,1.0,BAOAB,0.0,0.0
ULD,"ULD gamma=1, tamed",e6c4a104a924b32b17e71efad43c7504,c87203a12406cc5114b7ffa2d8877465,True,3,3647,18.235,11670400.0,3647.0,3647.0,0.0,0.5866832417838619,0.32544058105027196,0.32479965987258674,0.5525,0.284182160846572,0.0,0.19821016488362397,0.5348977216369077,True,1.0,reject,1.0,BAOAB,0.0,0.0
ULD,"ULD gamma=1, tamed",e6c4a104a924b32b17e71efad43c7504,c87203a12406cc5114b7ffa2d8877465,True,0,3706,18.53,11859200.0,3706.0,3706.0,0.0,0.5751424888803345,0.31181921749603214,0.31116623654993325,0.5325000000000001,0.2767095535817966,0.0,0.18951279811053767,0.5136477216369078,True,1.0,reject,1.0,BAOAB,0.0,0.0
ULD,"ULD gamma=1, tamed",e6c4a104a924b32b17e71efad43c7504,c87203a12406cc5114b7ffa2d8877465,True,1,3706,18.53,11859200.0,3706.0,3706.0,0.0,0.5934340623941186,0.33328687354682185,0.33265442424675373,0.5650000000000001,0.2909727686154606,0.0,0.20259281255543976,0.5448977216369078,True,1.0,reject,1.0,BAOAB,0.0,0.0
ULD,"ULD gamma=1, tamed",e6c4a104a924b32b17e71efad43c7504,c87203a12406cc5114b7ffa2d8877465,True,2,3706,18.53,11859200.0,3706.0,3706.0,0.0,0.5881132432920361,0.3278260046495207,0.3271869062345487,0.5587500000000001,0.28559151242061953,0.0,0.19983083937774704,0.5386477216369079,True,1.0,reject,1.0,BAOAB,0.0,0.0
ULD,"ULD gamma=1, tamed",e6c4a104a924b32b17e71efad43c7504,c87203a12406cc5114b7ffa2d8877465,True,3,3706,18.53,11859200.0,3706.0,3706.0,0.0,0.583925309114133,0.32187766337135093,0.3212333399648598,0.5475000000000001,0.28337104855666473,0.0,0.19714454641245732,0.5323977216369078,True,1.0,reject,1.0,BAOAB,0.0,0.0
ULD,"ULD gamma=1, tamed",e6c4a104a924b32b17e71efad43c7504,c87203a12406cc5114b7ffa2d8877465,True,0,3766,18.830000000000002,12051200.0,3766.0,3766.0,0.0,0.5752799213621527,0.31198443734029213,0.31133366895966297,0.5325000000000001,0.2742375675289611,0.0,0.19000252755920555,0.5148977216369078,True,1.0,reject,1.0,BAOAB,0.0,0.0
ULD,"ULD gamma=1, tamed",e6c4a104a924b32b17e71efad43c7504,c87203a12406cc5114b7ffa2d8877465,True,1,3766,18.830000000000002,12051200.0,3766.0,3766.0,0.0,0.5948331597658969,0.3356882382459584,0.33505762313210696,0.5650000000000001,0.2879042483571177,0.0,0.20315454869914257,0.5461477216369078,True,1.0,reject,1.0,BAOAB,0.0,0.0
ULD,"ULD gamma=1, tamed",e6c4a104a924b32b17e71efad43c7504,c87203a12406cc5114b7ffa2d8877465,True,2,3766,18.830000000000002,12051200.0,3766.0,3766.0,0.0,0.5890805915211395,0.3286857646214475,0.32804672120258904,0.5587500000000001,0.2846330390055082,0.0,0.19714454641245732,0.5323977216369078,True,1.0,reject,1.0,BAOAB,0.0,0.0
ULD,"ULD gamma=1, tamed",e6c4a104a924b32b17e71efad43c7504,c87203a12406cc5114b7ffa2d8877465,True,3,3766,18.830000000000002,12051200.0,3766.0,3766.0,0.0,0.5811527940416963,0.3189327309968901,0.31828566991686147,0.54125,0.28332138895346903,0.0,0.19453114527266124,0.5261477216369078,True,1.0,reject,1.0,BAOAB,0.0,0.0
ULD,"ULD gamma=1, tamed",e6c4a104a924b32b17e71efad43c7504,c87203a12406cc5114b7ffa2d8877465,True,0,3825,19.125,12240000.0,3825.0,3825.0,0.0,0.5726478440983733,0.310117252867845,0.30946490118347714,0.5325,0.27889783120872613,0.0,0.19000252755920555,0.5148977216369078,True,1.0,reject,1.0,BAOAB,0.0,0.0
ULD,"ULD gamma=1, tamed",e6c4a104a924b32b17e71efad43c7504,c87203a12406cc5114b7ffa2d8877465,True,1,3825,19.125,12240000.0,3825.0,3825.0,0.0,0.5937860276228971,0.3351846755687965,0.3345535075331626,0.56125,0.2889775143527603,0.0,0.20092638406092844,0.5411477216369078,True,1.0,reject,1.0,BAOAB,0.0,0.0
ULD,"ULD gamma=1, tamed",e6c4a104a924b32b17e71efad43c7504,c87203a12406cc5114b7ffa2d8877465,True,2,3825,19.125,12240000.0,3825.0,3825.0,0.0,0.5889254557461823,0.32854986642368633,0.3279114446009488,0.55625,0.28294338511263806,0.0,0.19609058850812677,0.5298977216369078,True,1.0,reject,1.0,BAOAB,0.0,0.0
ULD,"ULD gamma=1, tamed",e6c4a104a924b32b17e71efad43c7504,c87203a12406cc5114b7ffa2d8877465,True,3,3825,19.125,12240000.0,3825.0,3825.0,0.0,0.5786215107653069,0.3165622003432954,0.3159139401429304,0.5475000000000001,0.28311180527755075,0.0,0.19453114527266124,0.5261477216369078,True,1.0,reject,1.0,BAOAB,0.0,0.0
ULD,"ULD gamma=1, tamed",e6c4a104a924b32b17e71efad43c7504,c87203a12406cc5114b7ffa2d8877465,True,0,3884,19.42,12428800.0,3884.0,3884.0,0.0,0.5721987434847694,0.30950073639907216,0.3088494391268527,0.5362500000000001,0.27388295359559356,0.0,0.19049489822706972,0.5161477216369078,True,1.0,reject,1.0,BAOAB,0.0,0.0
ULD,"ULD gamma=1, tamed",e6c4a104a924b32b17e71efad43c7504,c87203a12406cc5114b7ffa2d8877465,True,1,3884,19.42,12428800.0,3884.0,3884.0,0.0,0.5926369325681851,0.3341443388410624,0.3335123723172545,0.5575000000000001,0.28773923007107804,0.0,0.20037708681341265,0.5398977216369079,True,1.0,reject,1.0,BAOAB,0.0,0.0
ULD,"ULD gamma=1, tamed",e6c4a104a924b32b17e71efad43c7504,c87203a12406cc5114b7ffa2d8877465,True,2,3884,19.42,12428800.0,3884.0,3884.0,0.0,0.5851281848424228,0.32477086778069086,0.32413043386251195,0.5537500000000001,0.2839160186465296,0.0,0.19609058850812677,0.5298977216369078,True,1.0,reject,1.0,BAOAB,0.0,0.0
ULD,"ULD gamma=1, tamed",e6c4a104a924b32b17e71efad43c7504,c87203a12406cc5114b7ffa2d8877465,True,3,3884,19.42,12428800.0,3884.0,3884.0,0.0,0.5776693938238897,0.3157239083083849,0.31507616421765516,0.5437500000000001,0.28058854009767076,0.0,0.1929970043758919,0.5223977216369078,True,1.0,reject,1.0,BAOAB,0.0,0.0
ULD,"ULD gamma=1, tamed",e6c4a104a924b32b17e71efad43c7504,c87203a12406cc5114b7ffa2d8877465,True,0,3944,19.72,12620800.0,3944.0,3944.0,0.0,0.5710771929719267,0.30844894680268475,0.30779642312546274,0.5349999999999999,0.27377533832326106,0.0,0.18902569222857088,0.5123977216369078,True,1.0,reject,1.0,BAOAB,0.0,0.0
ULD,"ULD gamma=1, tamed",e6c4a104a924b32b17e71efad43c7504,c87203a12406cc5114b7ffa2d8877465,True,1,3944,19.72,12620800.0,3944.0,3944.0,0.0,0.5910193605094565,0.33170607174247524,0.33107275609222087,0.56125,0.285201208203685,0.0,0.19983083937774704,0.5386477216369079,True,1.0,reject,1.0,BAOAB,0.0,0.0
ULD,"ULD gamma=1, tamed",e6c4a104a924b32b17e71efad43c7504,c87203a12406cc5114b7ffa2d8877465,True,2,3944,19.72,12620800.0,3944.0,3944.0,0.0,0.5818891217118566,0.32142460986773425,0.32078182147146417,0.55,0.28235077384700247,0.0,0.1950481214676829,0.5273977216369078,True,1.0,reject,1.0,BAOAB,0.0,0.0
ULD,"ULD gamma=1, tamed",e6c4a104a924b32b17e71efad43c7504,c87203a12406cc5114b7ffa2d8877465,True,3,3944,19.72,12620800.0,3944.0,3944.0,0.0,0.5761880015820094,0.31423760111323673,0.31358879933184547,0.5437500000000001,0.2788572451862742,0.0,0.19249115445265896,0.5211477216369078,True,1.0,reject,1.0,BAOAB,0.0,0.0
ULD,"ULD gamma=1, tamed",e6c4a104a924b32b17e71efad43c7504,c87203a12406cc5114b7ffa2d8877465,True,0,4003,20.015,12809600.0,4003.0,4003.0,0.0,0.5707830716939012,0.30737797927461963,0.3067238004042472,0.5325000000000001,0.2717084480900249,0.0,0.18757994289780322,0.5086477216369079,True,1.0,reject,1.0,BAOAB,0.0,0.0
ULD,"ULD gamma=1, tamed",e6c4a104a924b32b17e71efad43c7504,c87203a12406cc5114b7ffa2d8877465,True,1,4003,20.015,12809600.0,4003.0,4003.0,0.0,0.5900991513443943,0.3306195940579286,0.32998510028525896,0.5587500000000001,0.28440909188285257,0.0,0.19821016488362397,0.5348977216369077,True,1.0,reject,1.0,BAOAB,0.0,0.0
ULD,"ULD gamma=1, tamed",e6c4a104a924b32b17e71efad43c7504,c87203a12406cc5114b7ffa2d8877465,True,2,4003,20.015,12809600.0,4003.0,4003.0,0.0,0.5795051646118762,0.31871199807742334,0.3180669150764811,0.5437500000000001,0.2819850316728323,0.0,0.19401698026440356,0.5248977216369078,True,1.0,reject,1.0,BAOAB,0.0,0.0
ULD,"ULD gamma=1, tamed",e6c4a104a924b32b17e71efad43c7504,c87203a12406cc5114b7ffa2d8877465,True,3,4003,20.015,12809600.0,4003.0,4003.0,0.0,0.5754023906090929,0.3132026277155373,0.31255302239044513,0.5425,0.28007793201666586,0.0,0.19198803762050204,0.5198977216369078,True,1.0,reject,1.0,BAOAB,0.0,0.0
ULD,"ULD gamma=1, tamed",e6c4a104a924b32b17e71efad43c7504,c87203a12406cc5114b7ffa2d8877465,True,0,4062,20.31,12998400.0,4062.0,4062.0,0.0,0.5691278532039242,0.3053919260364516,0.3047367041824036,0.53,0.27145706307686324,0.0,0.1871031593168053,0.5073977216369079,True,1.0,reject,1.0,BAOAB,0.0,0.0
ULD,"ULD gamma=1, tamed",e6c4a104a924b32b17e71efad43c7504,c87203a12406cc5114b7ffa2d8877465,True,1,4062,20.31,12998400.0,4062.0,4062.0,0.0,0.5903796042018141,0.32959848079101195,0.3289618027600215,0.55125,0.28096640279206675,0.0,0.19661612060754474,0.5311477216369078,True,1.0,reject,1.0,BAOAB,0.0,0.0
ULD,"ULD gamma=1, tamed",e6c4a104a924b32b17e71efad43c7504,c87203a12406cc5114b7ffa2d8877465,True,2,4062,20.31,12998400.0,4062.0,4062.0,0.0,0.576220507097385,0.3150853642064574,0.3144394001065418,0.5425000000000001,0.27917346314727165,0.0,0.19098992800160086,0.5173977216369079,True,1.0,reject,1.0,BAOAB,0.0,0.0
ULD,"ULD gamma=1, tamed",e6c4a104a924b32b17e71efad43c7504,c87203a12406cc5114b7ffa2d8877465,True,3,4062,20.31,12998400.0,4062.0,4062.0,0.0,0.573969837553965,0.3121506887757405,0.31150093459561135,0.5387500000000001,0.27797353081790743,0.0,0.19098992800160086,0.5173977216369079,True,1.0,reject,1.0,BAOAB,0.0,0.0
ULD,"ULD gamma=1, tamed",e6c4a104a924b32b17e71efad43c7504,c87203a12406cc5114b7ffa2d8877465,True,0,4122,20.61,13190400.0,4122.0,4122.0,0.0,0.5655557271310654,0.30204695270399706,0.30138980526933445,0.5262500000000001,0.26908925033327025,0.0,0.18475699836593737,0.5011477216369078,True,1.0,reject,1.0,BAOAB,0.0,0.0
ULD,"ULD gamma=1, tamed",e6c4a104a924b32b17e71efad43c7504,c87203a12406cc5114b7ffa2d8877465,True,1,4122,20.61,13190400.0,4122.0,4122.0,0.0,0.5867667867312452,0.3260092922591822,0.3253681816157724,0.55,0.28023987835692954,0.0,0.19453114527266124,0.5261477216369078,True,1.0,reject,1.0,BAOAB,0.0,0.0
ULD,"ULD gamma=1, tamed",e6c4a104a924b32b17e71efad43c7504,c87203a12406cc5114b7ffa2d8877465,True,2,4122,20.61,13190400.0,4122.0,4122.0,0.0,0.5718720218291,0.3098014452044583,0.30915294519906267,0.5387500000000001,0.27457868890214954,0.0,0.19098992800160086,0.5173977216369079,True,1.0,reject,1.0,BAOAB,0.0,0.0
ULD,"ULD gamma=1, tamed",e6c4a104a924b32b17e71efad43c7504,c87203a12406cc5114b7ffa2d8877465,True,3,4122,20.61,13190400.0,4122.0,4122.0,0.0,0.5713360196427009,0.3094018426537457,0.30875089162286073,0.5349999999999999,0.2781312232413249,0.0,0.18902569222857088,0.5123977216369078,True,1.0,reject,1.0,BAOAB,0.0,0.0
ULD,"ULD gamma=1, tamed",e6c4a104a924b32b17e71efad43c7504,c87203a12406cc5114b7ffa2d8877465,True,0,4181,20.905,13379200.0,4181.0,4181.0,0.0,0.5632607962990609,0.2997378653288545,0.2990770074499556,0.5175000000000001,0.2699970509427946,0.0,0.182472325044047,0.4948977216369078,True,1.0,reject,1.0,BAOAB,0.0,0.0
ULD,"ULD gamma=1, tamed",e6c4a104a924b32b17e71efad43c7504,c87203a12406cc5114b7ffa2d8877465,True,1,4181,20.905,13379200.0,4181.0,4181.0,0.0,0.580374059156762,0.3194176994498642,0.31877357599662637,0.5437500000000001,0.2750779340686812,0.0,0.19350560651702878,0.5236477216369078,True,1.0,reject,1.0,BAOAB,0.0,0.0
ULD,"ULD gamma=1, tamed",e6c4a104a924b32b17e71efad43c7504,c87203a12406cc5114b7ffa2d8877465,True,2,4181,20.905,13379200.0,4181.0,4181.0,0.0,0.5688861929380957,0.30666780162565,0.30601612861167327,0.5337500000000001,0.27665672548251996,0.0,0.18854119249171825,0.5111477216369078,True,1.0,reject,1.0,BAOAB,0.0,0.0
ULD,"ULD gamma=1, tamed",e6c4a104a924b32b17e71efad43c7504,c87203a12406cc5114b7ffa2d8877465,True,3,4181,20.905,13379200.0,4181.0,4181.0,0.0,0.5687811533828584,0.30660557676098976,0.30595340025517426,0.53,0.2722383524666736,0.0,0.18615719189918029,0.5048977216369078,True,1.0,reject,1.0,BAOAB,0.0,0.0
ULD,"ULD gamma=1, tamed",e6c4a104a924b32b17e71efad43c7504,c87203a12406cc5114b7ffa2d8877465,True,0,4241,21.205000000000002,13571200.0,4241.0,4241.0,0.0,0.5606231785508263,0.2973112117854302,0.29664971603481305,0.5125000000000001,0.26778509815155416,0.0,0.1802472711820498,0.48864772163690784,True,1.0,reject,1.0,BAOAB,0.0,0.0
ULD,"ULD gamma=1, tamed",e6c4a104a924b32b17e71efad43c7504,c87203a12406cc5114b7ffa2d8877465,True,1,4241,21.205000000000002,13571200.0,4241.0,4241.0,0.0,0.5744253782450436,0.31302782168319565,0.3123819951849278,0.5387500000000001,0.2752695200136933,0.0,0.19098992800160086,0.5173977216369079,True,1.0,reject,1.0,BAOAB,0.0,0.0
ULD,"ULD gamma=1, tamed",e6c4a104a924b32b17e71efad43c7504,c87203a12406cc5114b7ffa2d8877465,True,2,4241,21.205000000000002,13571200.0,4241.0,4241.0,0.0,0.5685680270138145,0.3057569724248197,0.3051051583862223,0.53125,0.27094742168618235,0.0,0.18854119249171825,0.5111477216369078,True,1.0,reject,1.0,BAOAB,0.0,0.0
ULD,"ULD gamma=1, tamed",e6c4a104a924b32b17e71efad43c7504,c87203a12406cc5114b7ffa2d8877465,True,3,4241,21.205000000000002,13571200.0,4241.0,4241.0,0.0,0.56794000473294,0.3048682812724268,0.3042135013980528,0.5275000000000001,0.2742183581205372,0.0,0.18475699836593737,0.5011477216369078,True,1.0,reject,1.0,BAOAB,0.0,0.0
ULD,"ULD gamma=1, tamed",e6c4a104a924b32b17e71efad43c7504,c87203a12406cc5114b7ffa2d8877465,True,0,4300,21.5,13760000.0,4300.0,4300.0,0.0,0.5579773891266727,0.29510184683774643,0.29444137145367977,0.50875,0.2656051355479375,0.0,0.1811302531691091,0.4911477216369078,True,1.0,reject,1.0,BAOAB,0.0,0.0
ULD,"ULD gamma=1, tamed",e6c4a104a924b32b17e71efad43c7504,c87203a12406cc5114b7ffa2d8877465,True,1,4300,21.5,13760000.0,4300.0,4300.0,0.0,0.5710813990911658,0.309357336289959,0.30870932824386765,0.5362500000000001,0.2746041122902565,0.0,0.18951279811053767,0.5136477216369078,True,1.0,reject,1.0,BAOAB,0.0,0.0
ULD,"ULD gamma=1, tamed",e6c4a104a924b32b17e71efad43c7504,c87203a12406cc5114b7ffa2d8877465,True,2,4300,21.5,13760000.0,4300.0,4300.0,0.0,0.5685556049359125,0.30645074261955996,0.30580008323075514,0.5262500000000001,0.27226026684772753,0.0,0.18805928170532832,0.5098977216369078,True,1.0,reject,1.0,BAOAB,0.0,0.0
ULD,"ULD gamma=1, tamed",e6c4a104a924b32b17e71efad43c7504,c87203a12406cc5114b7ffa2d8877465,True,3,4300,21.5,13760000.0,4300.0,4300.0,0.0,0.5670050086076712,0.30308454616821023,0.3024258794548528,0.525,0.27341452600010696,0.0,0.18475699836593737,0.5011477216369078,True,1.0,reject,1.0,BAOAB,0.0,0.0
ULD,"ULD gamma=1, tamed",e6c4a104a924b32b17e71efad43c7504,c87203a12406cc5114b7ffa2d8877465,True,0,4359,21.795,13948800.0,4359.0,4359.0,0.0,0.5584716663737486,0.29546912885308796,0.29481034203700074,0.51,0.2665348224848906,0.0,0.18157524990412918,0.49239772163690776,True,1.0,reject,1.0,BAOAB,0.0,0.0
ULD,"ULD gamma=1, tamed",e6c4a104a924b32b17e71efad43c7504,c87203a12406cc5114b7ffa2d8877465,True,1,4359,21.795,13948800.0,4359.0,4359.0,0.0,0.5707072051251965,0.30831076217588027,0.307660059370477,0.535,0.2747695031379498,0.0,0.18854119249171825,0.5111477216369078,True,1.0,reject,1.0,BAOAB,0.0,0.0
ULD,"ULD gamma=1, tamed",e6c4a104a924b32b17e71efad43c7504,c87203a12406cc5114b7ffa2d8877465,True,2,4359,21.795,13948800.0,4359.0,4359.0,0.0,0.5695040611203144,0.3072868262312771,0.30663453061757484,0.5275000000000001,0.2676084013963004,0.0,0.18757994289780322,0.5086477216369079,True,1.0,reject,1.0,BAOAB,0.0,0.0
ULD,"ULD gamma=1, tamed",e6c4a104a924b32b17e71efad43c7504,c87203a12406cc5114b7ffa2d8877465,True,3,4359,21.795,13948800.0,4359.0,4359.0,0.0,0.5650498379892448,0.30073120824009436,0.3000727306781563,0.525,0.2705186279950257,0.0,0.18522124968015038,0.5023977216369078,True,1.0,reject,1.0,BAOAB,0.0,0.0
ULD,"ULD gamma=1, tamed",e6c4a104a924b32b17e71efad43c7504,c87203a12406cc5114b7ffa2d8877465,True,0,4419,22.095,14140800.0,4419.0,4419.0,0.0,0.557489740988789,0.2952917478003041,0.294631731892838,0.5112500000000001,0.2675581440571697,0.0,0.1802472711820498,0.48864772163690784,True,1.0,reject,1.0,BAOAB,0.0,0.0
ULD,"ULD gamma=1, tamed",e6c4a104a924b32b17e71efad43c7504,c87203a12406cc5114b7ffa2d8877465,True,1,4419,22.095,14140800.0,4419.0,4419.0,0.0,0.569750830313747,0.3070722905745651,0.30641857561298524,0.53125,0.27458104126498395,0.0,0.18805928170532832,0.5098977216369078,True,1.0,reject,1.0,BAOAB,0.0,0.0
ULD,"ULD gamma=1, tamed",e6c4a104a924b32b17e71efad43c7504,c87203a12406cc5114b7ffa2d8877465,True,2,4419,22.095,14140800.0,4419.0,4419.0,0.0,0.569588112621529,0.3073762283927468,0.3067186996499137,0.52125,0.27465960481016005,0.0,0.1856879756212289,0.5036477216369077,True,1.0,reject,1.0,BAOAB,0.0,0.0
ULD,"ULD gamma=1, tamed",e6c4a104a924b32b17e71efad43c7504,c87203a12406cc5114b7ffa2d8877465,True,3,4419,22.095,14140800.0,4419.0,4419.0,0.0,0.5632811105381723,0.29932489674741736,0.29866753248449285,0.5262500000000001,0.2707996818989724,0.0,0.18522124968015038,0.5023977216369078,True,1.0,reject,1.0,BAOAB,0.0,0.0
ULD,"ULD gamma=1, tamed",e6c4a104a924b32b17e71efad43c7504,c87203a12406cc5114b7ffa2d8877465,True,0,4478,22.39,14329600.0,4478.0,4478.0,0.0,0.5558625448911806,0.2941031499695662,0.2934432018319628,0.5112500000000001,0.26929358003698356,0.0,0.1785089707640357,0.48364772163690783,True,1.0,reject,1.0,BAOAB,0.0,0.0
ULD,"ULD gamma=1, tamed",e6c4a104a924b32b17e71efad43c7504,c87203a12406cc5114b7ffa2d8877465,True,1,4478,22.39,14329600.0,4478.0,4478.0,0.0,0.5679029010934833,0.3045226497279263,0.3038651196840111,0.5325,0.2767313433546249,0.0,0.1871031593168053,0.5073977216369079,True,1.0,reject,1.0,BAOAB,0.0,0.0
ULD,"ULD gamma=1, tamed",e6c4a104a924b32b17e71efad43c7504,c87203a12406cc5114b7ffa2d8877465,True,2,4478,22.39,14329600.0,4478.0,4478.0,0.0,0.5683124443368068,0.30583557762206814,0.3051775605155289,0.5225000000000001,0.2685760366719653,0.0,0.18475699836593737,0.5011477216369078,True,1.0,reject,1.0,BAOAB,0.0,0.0
ULD,"ULD gamma=1, tamed",e6c4a104a924b32b17e71efad43c7504,c87203a12406cc5114b7ffa2d8877465,True,3,4478,22.39,14329600.0,4478.0,4478.0,0.0,0.5611577757475114,0.298048466814433,0.2973891974255338,0.5225000000000001,0.2735253629530082,0.0,0.18475699836593737,0.5011477216369078,True,1.0,reject,1.0,BAOAB,0.0,0.0
ULD,"ULD gamma=1, tamed",e6c4a104a924b32b17e71efad43c7504,c87203a12406cc5114b7ffa2d8877465,True,0,4538,22.69,14521600.0,4538.0,4538.0,0.0,0.554530859165007,0.292745025861157,0.2920860949300661,0.51,0.2657102412022452,0.0,0.1789401214452118,0.48489772163690786,True,1.0,reject,1.0,BAOAB,0.0,0.0
ULD,"ULD gamma=1, tamed",e6c4a104a924b32b17e71efad43c7504,c87203a12406cc5114b7ffa2d8877465,True,1,4538,22.69,14521600.0,4538.0,4538.0,0.0,0.567086405691168,0.3034184266095469,0.30275945028685936,0.53,0.2748797468217613,0.0,0.18662891442554957,0.5061477216369078,True,1.0,reject,1.0,BAOAB,0.0,0.0
ULD,"ULD gamma=1, tamed",e6c4a104a924b32b17e71efad43c7504,c87203a12406cc5114b7ffa2d8877465,True,2,4538,22.69,14521600.0,4538.0,4538.0,0.0,0.5649359456105545,0.30275815318533095,0.30210299280057296,0.51875,0.26892801818758183,0.0,0.18383585776597097,0.4986477216369078,True,1.0,reject,1.0,BAOAB,0.0,0.0
ULD,"ULD gamma=1, tamed",e6c4a104a924b32b17e71efad43c7504,c87203a12406cc5114b7ffa2d8877465,True,3,4538,22.69,14521600.0,4538.0,4538.0,0.0,0.5609283748156704,0.29801882585725215,0.2973625465167309,0.5225000000000001,0.26838890652157243,0.0,0.18383585776597097,0.4986477216369078,True,1.0,reject,1.0,BAOAB,0.0,0.0
ULD,"ULD gamma=1, tamed",e6c4a104a924b32b17e71efad43c7504,c87203a12406cc5114b7ffa2d8877465,True,0,4597,22.985,14710400.0,4597.0,4597.0,0.0,0.5539393544986599,0.2917508584816839,0.29109277377606313,0.5037499999999999,0.26645126385822115,0.0,0.17937354624472868,0.48614772163690784,True,1.0,reject,1.0,BAOAB,0.0,0.0
ULD,"ULD gamma=1, tamed",e6c4a104a924b32b17e71efad43c7504,c87203a12406cc5114b7ffa2d8877465,True,1,4597,22.985,14710400.0,4597.0,4597.0,0.0,0.5667770409511048,0.3032508052072802,0.30259325644273405,0.5225000000000001,0.2674888554751511,0.0,0.1856879756212289,0.5036477216369077,True,1.0,reject,1.0,BAOAB,0.0,0.0
ULD,"ULD gamma=1, tamed",e6c4a104a924b32b17e71efad43c7504,c87203a12406cc5114b7ffa2d8877465,True,2,4597,22.985,14710400.0,4597.0,4597.0,0.0,0.5618168467613142,0.299848196151716,0.29919394078839157,0.5175000000000001,0.26771091160338156,0.0,0.18202260245876328,0.49364772163690784,True,1.0,reject,1.0,BAOAB,0.0,0.0
ULD,"ULD gamma=1, tamed",e6c4a104a924b32b17e71efad43c7504,c87203a12406cc5114b7ffa2d8877465,True,3,4597,22.985,14710400.0,4597.0,4597.0,0.0,0.5603784093754168,0.2980817264423121,0.2974274023695409,0.51875,0.2673396686182504,0.0,0.18202260245876328,0.49364772163690784,True,1.0,reject,1.0,BAOAB,0.0,0.0
ULD,"ULD gamma=1, tamed",e6c4a104a924b32b17e71efad43c7504,c87203a12406cc5114b7ffa2d8877465,True,0,4656,23.28,14899200.0,4656.0,4656.0,0.0,0.5526432933376411,0.29052907895397384,0.28987054833774684,0.5050000000000001,0.26417657207210266,0.0,0.1780800811543753,0.48239772163690775,True,1.0,reject,1.0,BAOAB,0.0,0.0
ULD,"ULD gamma=1, tamed",e6c4a104a924b32b17e71efad43c7504,c87203a12406cc5114b7ffa2d8877465,True,1,4656,23.28,14899200.0,4656.0,4656.0,0.0,0.5666646433358883,0.303153986645915,0.30249810495195295,0.52125,0.2681825593610764,0.0,0.18429520616680867,0.4998977216369078,True,1.0,reject,1.0,BAOAB,0.0,0.0
ULD,"ULD gamma=1, tamed",e6c4a104a924b32b17e71efad43c7504,c87203a12406cc5114b7ffa2d8877465,True,2,4656,23.28,14899200.0,4656.0,4656.0,0.0,0.5584020580423428,0.2970029178775182,0.296346210944881,0.5112500000000001,0.26673173533002414,0.0,0.1811302531691091,0.4911477216369078,True,1.0,reject,1.0,BAOAB,0.0,0.0
ULD,"ULD gamma=1, tamed",e6c4a104a924b32b17e71efad43c7504,c87203a12406cc5114b7ffa2d8877465,True,3,4656,23.28,14899200.0,4656.0,4656.0,0.0,0.5586711019606562,0.2967126282199487,0.296055983486764,0.51375,0.2653518801609448,0.0,0.18068759821686783,0.4898977216369078,True,1.0,reject,1.0,BAOAB,0.0,0.0
ULD,"ULD gamma=1, tamed",e6c4a104a924b32b17e71efad43c7504,c87203a12406cc5114b7ffa2d8877465,True,0,4716,23.580000000000002,15091200.0,4716.0,4716.0,0.0,0.5520082326557565,0.28935047414528714,0.28868739660286424,0.50375,0.26390845389685647,0.0,0.17680685061674856,0.47864772163690783,True,1.0,reject,1.0,BAOAB,0.0,0.0
ULD,"ULD gamma=1, tamed",e6c4a104a924b32b17e71efad43c7504,c87203a12406cc5114b7ffa2d8877465,True,1,4716,23.580000000000002,15091200.0,4716.0,4716.0,0.0,0.5638487350102093,0.300251127988989,0.29959453659513,0.52125,0.266257263642079,0.0,0.18337893803845107,0.4973977216369078,True,1.0,reject,1.0,BAOAB,0.0,0.0
ULD,"ULD gamma=1, tamed",e6c4a104a924b32b17e71efad43c7504,c87203a12406cc5114b7ffa2d8877465,True,2,4716,23.580000000000002,15091200.0,4716.0,4716.0,0.0,0.5541953379689017,0.29235449565319216,0.29169471602648966,0.5062500000000001,0.26089393654918624,0.0,0.1802472711820498,0.48864772163690784,True,1.0,reject,1.0,BAOAB,0.0,0.0
ULD,"ULD gamma=1, tamed",e6c4a104a924b32b17e71efad43c7504,c87203a12406cc5114b7ffa2d8877465,True,3,4716,23.580000000000002,15091200.0,4716.0,4716.0,0.0,0.5562418945549099,0.29401735841933163,0.2933578113049643,0.51375,0.26384854700127225,0.0,0.1802472711820498,0.48864772163690784,True,1.0,reject,1.0,BAOAB,0.0,0.0
ULD,"ULD gamma=1, tamed",e6c4a104a924b32b17e71efad43c7504,c87203a12406cc5114b7ffa2d8877465,True,0,4775,23.875,15280000.0,4775.0,4775.0,0.0,0.5502067639428926,0.2871950449327827,0.28652756532547696,0.50125,0.26283989036460675,0.0,0.1759691033509642,0.47614772163690783,True,1.0,reject,1.0,BAOAB,0.0,0.0
ULD,"ULD gamma=1, tamed",e6c4a104a924b32b17e71efad43c7504,c87203a12406cc5114b7ffa2d8877465,True,1,4775,23.875,15280000.0,4775.0,4775.0,0.0,0.5606648349625627,0.29808574656256737,0.2974283436519204,0.51875,0.2684580278160904,0.0,0.182924432047997,0.49614772163690785,True,1.0,reject,1.0,BAOAB,0.0,0.0
ULD,"ULD gamma=1, tamed",e6c4a104a924b32b17e71efad43c7504,c87203a12406cc5114b7ffa2d8877465,True,2,4775,23.875,15280000.0,4775.0,4775.0,0.0,0.5497332696134027,0.28770681538041865,0.28704159927510864,0.5075000000000001,0.2655562747766209,0.0,0.1772290337414721,0.4798977216369078,True,1.0,reject,1.0,BAOAB,0.0,0.0
ULD,"ULD gamma=1, tamed",e6c4a104a924b32b17e71efad43c7504,c87203a12406cc5114b7ffa2d8877465,True,3,4775,23.875,15280000.0,4775.0,4775.0,0.0,0.5550220836425269,0.29203175481535626,0.2913693570711622,0.5125000000000001,0.2642189249169906,0.0,0.17937354624472868,0.48614772163690784,True,1.0,reject,1.0,BAOAB,0.0,0.0
ULD,"ULD gamma=1, tamed",e6c4a104a924b32b17e71efad43c7504,c87203a12406cc5114b7ffa2d8877465,True,0,4834,24.17,15468800.0,4834.0,4834.0,0.0,0.5480263371665499,0.2847018785295584,0.28403269510854134,0.49875,0.26068693342791904,0.0,0.17514010019752774,0.4736477216369078,True,1.0,reject,1.0,BAOAB,0.0,0.0
ULD,"ULD gamma=1, tamed",e6c4a104a924b32b17e71efad43c7504,c87203a12406cc5114b7ffa2d8877465,True,1,4834,24.17,15468800.0,4834.0,4834.0,0.0,0.5631558908829213,0.30123709281483413,0.30058222473934104,0.52,0.2679067373543367,0.0,0.18337893803845107,0.4973977216369078,True,1.0,reject,1.0,BAOAB,0.0,0.0
ULD,"ULD gamma=1, tamed",e6c4a104a924b32b17e71efad43c7504,c87203a12406cc5114b7ffa2d8877465,True,2,4834,24.17,15468800.0,4834.0,4834.0,0.0,0.5468582441087848,0.2837036780380716,0.2830344115287724,0.49750000000000005,0.26110032895920887,0.0,0.1759691033509642,0.47614772163690783,True,1.0,reject,1.0,BAOAB,0.0,0.0
ULD,"ULD gamma=1, tamed",e6c4a104a924b32b17e71efad43c7504,c87203a12406cc5114b7ffa2d8877465,True,3,4834,24.17,15468800.0,4834.0,4834.0,0.0,0.5539671568192476,0.29057281398320445,0.28990762837139994,0.51,0.26600863980931744,0.0,0.1785089707640357,0.48364772163690783,True,1.0,reject,1.0,BAOAB,0.0,0.0
ULD,"ULD gamma=1, tamed",e6c4a104a924b32b17e71efad43c7504,c87203a12406cc5114b7ffa2d8877465,True,0,4894,24.47,15660800.0,4894.0,4894.0,0.0,0.54698608391841,0.2837244890868379,0.2830562409043371,0.49500000000000005,0.26057697368091426,0.0,0.17472884774915887,0.47239772163690774,True,1.0,reject,1.0,BAOAB,0.0,0.0
ULD,"ULD gamma=1, tamed",e6c4a104a924b32b17e71efad43c7504,c87203a12406cc5114b7ffa2d8877465,True,1,4894,24.47,15660800.0,4894.0,4894.0,0.0,0.566890943541871,0.30506147821433516,0.3044098155758007,0.52,0.2663446456114539,0.0,0.182472325044047,0.4948977216369078,True,1.0,reject,1.0,BAOAB,0.0,0.0
ULD,"ULD gamma=1, tamed",e6c4a104a924b32b17e71efad43c7504,c87203a12406cc5114b7ffa2d8877465,True,2,4894,24.47,15660800.0,4894.0,4894.0,0.0,0.5427990272655322,0.27965427948179766,0.27898289078897254,0.4962500000000001,0.26249290804411973,0.0,0.17555351477826794,0.47489772163690785,True,1.0,reject,1.0,BAOAB,0.0,0.0
ULD,"ULD gamma=1, tamed",e6c4a104a924b32b17e71efad43c7504,c87203a12406cc5114b7ffa2d8877465,True,3,4894,24.47,15660800.0,4894.0,4894.0,0.0,0.5518130433932136,0.2871422066280126,0.2864730523063248,0.5025000000000001,0.2638161523456217,0.0,0.17765343972570968,0.4811477216369078,True,1.0,reject,1.0,BAOAB,0.0,0.0
ULD,"ULD gamma=1, tamed",e6c4a104a924b32b17e71efad43c7504,c87203a12406cc5114b7ffa2d8877465,True,0,4953,24.765,15849600.0,4953.0,4953.0,0.0,0.5464010516760411,0.2826880917438136,0.28201937906372,0.4912500000000001,0.25568809151088456,0.0,0.1735079466722305,0.4686477216369078,True,1.0,reject,1.0,BAOAB,0.0,0.0
ULD,"ULD gamma=1, tamed",e6c4a104a924b32b17e71efad43c7504,c87203a12406cc5114b7ffa2d8877465,True,1,4953,24.765,15849600.0,4953.0,4953.0,0.0,0.5651774458200681,0.30395041503851605,0.3032966558416421,0.525,0.26947312090699505,0.0,0.18202260245876328,0.49364772163690784,True,1.0,reject,1.0,BAOAB,0.0,0.0
ULD,"ULD gamma=1, tamed",e6c4a104a924b32b17e71efad43c7504,c87203a12406cc5114b7ffa2d8877465,True,2,4953,24.765,15849600.0,4953.0,4953.0,0.0,0.5392117180266226,0.27625101127595,0.2755793954903566,0.49000000000000005,0.25861318487139207,0.0,0.17391278250311396,0.4698977216369078,True,1.0,reject,1.0,BAOAB,0.0,0.0
ULD,"ULD gamma=1, tamed",e6c4a104a924b32b17e71efad43c7504,c87203a12406cc5114b7ffa2d8877465,True,3,4953,24.765,15849600.0,4953.0,4953.0,0.0,0.5485993559963117,0.28411888550528164,0.28344614545597724,0.49875,0.2645798526312776,0.0,0.1772290337414721,0.4798977216369078,True,1.0,reject,1.0,BAOAB,0.0,0.0
ULD,"ULD gamma=1, tamed",e6c4a104a924b32b17e71efad43c7504,c87203a12406cc5114b7ffa2d8877465,True,0,5012,25.060000000000002,16038400.0,5012.0,5012.0,0.0,0.543969661494815,0.28089099010286467,0.2802209277967016,0.4912500000000001,0.26054005237397504,0.0,0.1735079466722305,0.4686477216369078,True,1.0,reject,1.0,BAOAB,0.0,0.0
ULD,"ULD gamma=1, tamed",e6c4a104a924b32b17e71efad43c7504,c87203a12406cc5114b7ffa2d8877465,True,1,5012,25.060000000000002,16038400.0,5012.0,5012.0,0.0,0.5622731906059133,0.30044743506838345,0.29979096505077396,0.5162500000000001,0.2671742583696134,0.0,0.18157524990412918,0.49239772163690776,True,1.0,reject,1.0,BAOAB,0.0,0.0
ULD,"ULD gamma=1, tamed",e6c4a104a924b32b17e71efad43c7504,c87203a12406cc5114b7ffa2d8877465,True,2,5012,25.060000000000002,16038400.0,5012.0,5012.0,0.0,0.5377559446426167,0.27441229460969085,0.2737405844133257,0.48500000000000004,0.25540020109183703,0.0,0.17270461201143558,0.4661477216369078,True,1.0,reject,1.0,BAOAB,0.0,0.0
ULD,"ULD gamma=1, tamed",e6c4a104a924b32b17e71efad43c7504,c87203a12406cc5114b7ffa2d8877465,True,3,5012,25.060000000000002,16038400.0,5012.0,5012.0,0.0,0.5481454859561077,0.282740122693365,0.2820675818226879,0.49500000000000005,0.2618920584359836,0.0,0.17555351477826794,0.47489772163690785,True,1.0,reject,1.0,BAOAB,0.0,0.0
ULD,"ULD gamma=1, tamed",e6c4a104a924b32b17e71efad43c7504,c87203a12406cc5114b7ffa2d8877465,True,0,5072,25.36,16230400.0,5072.0,5072.0,0.0,0.5456821136040878,0.28295123497267904,0.28228315102861135,0.49,0.2573904115255782,0.0,0.17190965276093484,0.4636477216369078,True,1.0,reject,1.0,BAOAB,0.0,0.0
ULD,"ULD gamma=1, tamed",e6c4a104a924b32b17e71efad43c7504,c87203a12406cc5114b7ffa2d8877465,True,1,5072,25.36,16230400.0,5072.0,5072.0,0.0,0.5582773695661085,0.295736991400927,0.2950760891264895,0.50875,0.2645990539503481,0.0,0.1789401214452118,0.48489772163690786,True,1.0,reject,1.0,BAOAB,0.0,0.0
ULD,"ULD gamma=1, tamed",e6c4a104a924b32b17e71efad43c7504,c87203a12406cc5114b7ffa2d8877465,True,2,5072,25.36,16230400.0,5072.0,5072.0,0.0,0.5383281142134855,0.2748963731806877,0.2742246732416156,0.48750000000000004,0.25463011961188353,0.0,0.17190965276093484,0.4636477216369078,True,1.0,reject,1.0,BAOAB,0.0,0.0
ULD,"ULD gamma=1, tamed",e6c4a104a924b32b17e71efad43c7504,c87203a12406cc5114b7ffa2d8877465,True,3,5072,25.36,16230400.0,5072.0,5072.0,0.0,0.5475143817824821,0.28219600975708425,0.28152216639881544,0.4937500000000001,0.2619707016405377,0.0,0.17555351477826794,0.47489772163690785,True,1.0,reject,1.0,BAOAB,0.0,0.0
ULD,"ULD gamma=1, tamed",e6c4a104a924b32b17e71efad43c7504,c87203a12406cc5114b7ffa2d8877465,True,0,5131,25.655,16419200.0,5131.0,5131.0,0.0,0.5456203193146946,0.28360951495573583,0.28294092961457906,0.4912500000000001,0.259832943980987,0.0,0.17190965276093484,0.4636477216369078,True,1.0,reject,1.0,BAOAB,0.0,0.0
ULD,"ULD gamma=1, tamed",e6c4a104a924b32b17e71efad43c7504,c87203a12406cc5114b7ffa2d8877465,True,1,5131,25.655,16419200.0,5131.0,5131.0,0.0,0.5529466476942833,0.28995383486374904,0.28928752050223683,0.505,0.2645984663361476,0.0,0.17765343972570968,0.4811477216369078,True,1.0,reject,1.0,BAOAB,0.0,0.0
ULD,"ULD gamma=1, tamed",e6c4a104a924b32b17e71efad43c7504,c87203a12406cc5114b7ffa2d8877465,True,2,5131,25.655,16419200.0,5131.0,5131.0,0.0,0.5383012823197645,0.27471351543620015,0.2740393109574829,0.48625000000000007,0.25428810895441656,0.0,0.17190965276093484,0.4636477216369078,True,1.0,reject,1.0,BAOAB,0.0,0.0
ULD,"ULD gamma=1, tamed",e6c4a104a924b32b17e71efad43c7504,c87203a12406cc5114b7ffa2d8877465,True,3,5131,25.655,16419200.0,5131.0,5131.0,0.0,0.5456642536078719,0.2810084410808775,0.28033249592873755,0.4937500000000001,0.2619843557105159,0.0,0.1759691033509642,0.47614772163690783,True,1.0,reject,1.0,BAOAB,0.0,0.0
ULD,"ULD gamma=1, tamed",e6c4a104a924b32b17e71efad43c7504,c87203a12406cc5114b7ffa2d8877465,True,0,5191,25.955000000000002,16611200.0,5191.0,5191.0,0.0,0.5439700228072528,0.281547734178326,0.28087825337442474,0.48750000000000004,0.2556028666789327,0.0,0.1711229819898305,0.46114772163690776,True,1.0,reject,1.0,BAOAB,0.0,0.0
ULD,"ULD gamma=1, tamed",e6c4a104a924b32b17e71efad43c7504,c87203a12406cc5114b7ffa2d8877465,True,1,5191,25.955000000000002,16611200.0,5191.0,5191.0,0.0,0.5486251745319138,0.28492891777646756,0.28425835157593715,0.49750000000000005,0.26409266213535565,0.0,0.17765343972570968,0.4811477216369078,True,1.0,reject,1.0,BAOAB,0.0,0.0
ULD,"ULD gamma=1, tamed",e6c4a104a924b32b17e71efad43c7504,c87203a12406cc5114b7ffa2d8877465,True,2,5191,25.955000000000002,16611200.0,5191.0,5191.0,0.0,0.5388341219822745,0.2758879003640127,0.2752132274882366,0.48750000000000004,0.2582407910302319,0.0,0.1715152866705782,0.46239772163690784,True,1.0,reject,1.0,BAOAB,0.0,0.0
ULD,"ULD gamma=1, tamed",e6c4a104a924b32b17e71efad43c7504,c87203a12406cc5114b7ffa2d8877465,True,3,5191,25.955000000000002,16611200.0,5191.0,5191.0,0.0,0.5450308795856735,0.2810619344380324,0.2803880974243802,0.49750000000000005,0.2613159329990711,0.0,0.17472884774915887,0.47239772163690774,True,1.0,reject,1.0,BAOAB,0.0,0.0
ULD,"ULD gamma=1, tamed",e6c4a104a924b32b17e71efad43c7504,c87203a12406cc5114b7ffa2d8877465,True,0,5250,26.25,16800000.0,5250.0,5250.0,0.0,0.540502704750467,0.2779210159225548,0.2772497582919381,0.48000000000000004,0.2579825337963526,0.0,0.1707327281615553,0.4598977216369078,True,1.0,reject,1.0,BAOAB,0.0,0.0
ULD,"ULD gamma=1, tamed",e6c4a104a924b32b17e71efad43c7504,c87203a12406cc5114b7ffa2d8877465,True,1,5250,26.25,16800000.0,5250.0,5250.0,0.0,0.545809769450568,0.2818247115989837,0.28115242064432366,0.5,0.2629414373963458,0.0,0.17680685061674856,0.47864772163690783,True,1.0,reject,1.0,BAOAB,0.0,0.0
ULD,"ULD gamma=1, tamed",e6c4a104a924b32b17e71efad43c7504,c87203a12406cc5114b7ffa2d8877465,True,2,5250,26.25,16800000.0,5250.0,5250.0,0.0,0.5383299590201196,0.2758562599456461,0.2751844070272035,0.48750000000000004,0.2567934166848288,0.0,0.1707327281615553,0.4598977216369078,True,1.0,reject,1.0,BAOAB,0.0,0.0
ULD,"ULD gamma=1, tamed",e6c4a104a924b32b17e71efad43c7504,c87203a12406cc5114b7ffa2d8877465,True,3,5250,26.25,16800000.0,5250.0,5250.0,0.0,0.5454297862759518,0.28236174966231575,0.2816915048424581,0.4962500000000001,0.2609558677880205,0.0,0.17514010019752774,0.4736477216369078,True,1.0,reject,1.0,BAOAB,0.0,0.0
ULD,"ULD gamma=1, tamed",e6c4a104a924b32b17e71efad43c7504,c87203a12406cc5114b7ffa2d8877465,True,0,5309,26.545,16988800.0,5309.0,5309.0,0.0,0.5383484725492323,0.2751856260048746,0.2745130398396618,0.48125000000000007,0.2526528555527038,0.0,0.1707327281615553,0.4598977216369078,True,1.0,reject,1.0,BAOAB,0.0,0.0
ULD,"ULD gamma=1, tamed",e6c4a104a924b32b17e71efad43c7504,c87203a12406cc5114b7ffa2d8877465,True,1,5309,26.545,16988800.0,5309.0,5309.0,0.0,0.5442283428857422,0.28025939095450925,0.27958737418625057,0.49875,0.2620593109990933,0.0,0.1759691033509642,0.47614772163690783,True,1.0,reject,1.0,BAOAB,0.0,0.0
ULD,"ULD gamma=1, tamed",e6c4a104a924b32b17e71efad43c7504,c87203a12406cc5114b7ffa2d8877465,True,2,5309,26.545,16988800.0,5309.0,5309.0,0.0,0.5373567916122561,0.2749599320577025,0.27428746551976046,0.48500000000000004,0.2562470662471539,0.0,0.16995833143455985,0.45739772163690784,True,1.0,reject,1.0,BAOAB,0.0,0.0
ULD,"ULD gamma=1, tamed",e6c4a104a924b32b17e71efad43c7504,c87203a12406cc5114b7ffa2d8877465,True,3,5309,26.545,16988800.0,5309.0,5309.0,0.0,0.5456493196681017,0.28312150649285117,0.28245715639323676,0.49500000000000005,0.25807358496411836,0.0,0.17472884774915887,0.47239772163690774,True,1.0,reject,1.0,BAOAB,0.0,0.0
ULD,"ULD gamma=1, tamed",e6c4a104a924b32b17e71efad43c7504,c87203a12406cc5114b7ffa2d8877465,True,0,5369,26.845,17180800.0,5369.0,5369.0,0.0,0.5369451793407338,0.27349752220471923,0.2728231630668466,0.48125000000000007,0.2560314211623588,0.0,0.17034451474908158,0.4586477216369078,True,1.0,reject,1.0,BAOAB,0.0,0.0
ULD,"ULD gamma=1, tamed",e6c4a104a924b32b17e71efad43c7504,c87203a12406cc5114b7ffa2d8877465,True,1,5369,26.845,17180800.0,5369.0,5369.0,0.0,0.5436354747334493,0.2802339857932128,0.27956344293742796,0.49500000000000005,0.262413650198821,0.0,0.17472884774915887,0.47239772163690774,True,1.0,reject,1.0,BAOAB,0.0,0.0
ULD,"ULD gamma=1, tamed",e6c4a104a924b32b17e71efad43c7504,c87203a12406cc5114b7ffa2d8877465,True,2,5369,26.845,17180800.0,5369.0,5369.0,0.0,0.5363663654538908,0.2744827374513823,0.2738098082238791,0.485,0.25683316179799165,0.0,0.16957416801734984,0.4561477216369078,True,1.0,reject,1.0,BAOAB,0.0,0.0
ULD,"ULD gamma=1, tamed",e6c4a104a924b32b17e71efad43c7504,c87203a12406cc5114b7ffa2d8877465,True,3,5369,26.845,17180800.0,5369.0,5369.0,0.0,0.5434874553150398,0.2816930474266305,0.2810316289703856,0.4912500000000001,0.2577347221410067,0.0,0.17472884774915887,0.47239772163690774,True,1.0,reject,1.0,BAOAB,0.0,0.0
ULD,"ULD gamma=1, tamed",e6c4a104a924b32b17e71efad43c7504,c87203a12406cc5114b7ffa2d8877465,True,0,5428,27.14,17369600.0,5428.0,5428.0,0.0,0.5368929478521958,0.2729632749053831,0.2722865098284455,0.48250000000000004,0.2550049069019763,0.0,0.16957416801734984,0.4561477216369078,True,1.0,reject,1.0,BAOAB,0.0,0.0
ULD,"ULD gamma=1, tamed",e6c4a104a924b32b17e71efad43c7504,c87203a12406cc5114b7ffa2d8877465,True,1,5428,27.14,17369600.0,5428.0,5428.0,0.0,0.5451003138638245,0.28193249241309637,0.28126514767158683,0.4912500000000001,0.2593176934344682,0.0,0.17514010019752774,0.4736477216369078,True,1.0,reject,1.0,BAOAB,0.0,0.0
ULD,"ULD gamma=1, tamed",e6c4a104a924b32b17e71efad43c7504,c87203a12406cc5114b7ffa2d8877465,True,2,5428,27.14,17369600.0,5428.0,5428.0,0.0,0.5354819842747542,0.27355493114157603,0.27288073080567443,0.47625000000000006,0.2563651543506018,0.0,0.16919201441243759,0.45489772163690784,True,1.0,reject,1.0,BAOAB,0.0,0.0
ULD,"ULD gamma=1, tamed",e6c4a104a924b32b17e71efad43c7504,c87203a12406cc5114b7ffa2d8877465,True,3,5428,27.14,17369600.0,5428.0,5428.0,0.0,0.5428114350435007,0.2815884340456932,0.2809255264669508,0.495,0.2586617906547247,0.0,0.17472884774915887,0.47239772163690774,True,1.0,reject,1.0,BAOAB,0.0,0.0
ULD,"ULD gamma=1, tamed",e6c4a104a924b32b17e71efad43c7504,c87203a12406cc5114b7ffa2d8877465,True,0,5488,27.44,17561600.0,5488.0,5488.0,0.0,0.5352177626186496,0.2716145303409251,0.2709351102777172,0.47750000000000004,0.25710430506115467,0.0,0.17034451474908158,0.4586477216369078,True,1.0,reject,1.0,BAOAB,0.0,0.0
ULD,"ULD gamma=1, tamed",e6c4a104a924b32b17e71efad43c7504,c87203a12406cc5114b7ffa2d8877465,True,1,5488,27.44,17561600.0,5488.0,5488.0,0.0,0.5464566025719533,0.28438176199379617,0.28371755510516417,0.49875,0.2607094418626129,0.0,0.17472884774915887,0.47239772163690774,True,1.0,reject,1.0,BAOAB,0.0,0.0
ULD,"ULD gamma=1, tamed",e6c4a104a924b32b17e71efad43c7504,c87203a12406cc5114b7ffa2d8877465,True,2,5488,27.44,17561600.0,5488.0,5488.0,0.0,0.5338809491740981,0.2711413531836788,0.2704668237738975,0.47250000000000003,0.253646757127835,0.0,0.1684336968682954,0.45239772163690783,True,1.0,reject,1.0,BAOAB,0.0,0.0
ULD,"ULD gamma=1, tamed",e6c4a104a924b32b17e71efad43c7504,c87203a12406cc5114b7ffa2d8877465,True,3,5488,27.44,17561600.0,5488.0,5488.0,0.0,0.5440073131823833,0.28248171014703294,0.2818150496662343,0.49875,0.2595625548627777,0.0,0.17310522690342484,0.46739772163690785,True,1.0,reject,1.0,BAOAB,0.0,0.0
ULD,"ULD gamma=1, tamed",e6c4a104a924b32b17e71efad43c7504,c87203a12406cc5114b7ffa2d8877465,True,0,5547,27.735,17750400.0,5547.0,5547.0,0.0,0.5330389721560529,0.26949750972691067,0.2688181345141818,0.47500000000000003,0.25418654209825353,0.0,0.16881186064888287,0.4536477216369078,True,1.0,reject,1.0,BAOAB,0.0,0.0
ULD,"ULD gamma=1, tamed",e6c4a104a924b32b17e71efad43c7504,c87203a12406cc5114b7ffa2d8877465,True,1,5547,27.735,17750400.0,5547.0,5547.0,0.0,0.547191919462081,0.2852425042736897,0.28457944473213415,0.5049999999999999,0.2592672096603824,0.0,0.17391278250311396,0.4698977216369078,True,1.0,reject,1.0,BAOAB,0.0,0.0
ULD,"ULD gamma=1, tamed",e6c4a104a924b32b17e71efad43c7504,c87203a12406cc5114b7ffa2d8877465,True,2,5547,27.735,17750400.0,5547.0,5547.0,0.0,0.5311245486219053,0.2686722252207491,0.2679963431978051,0.47375000000000006,0.2518376385850897,0.0,0.16881186064888287,0.4536477216369078,True,1.0,reject,1.0,BAOAB,0.0,0.0
ULD,"ULD gamma=1, tamed",e6c4a104a924b32b17e71efad43c7504,c87203a12406cc5114b7ffa2d8877465,True,3,5547,27.735,17750400.0,5547.0,5547.0,0.0,0.5438195562488995,0.2814150697714286,0.28074456061856057,0.495,0.2579526784933148,0.0,0.17190965276093484,0.4636477216369078,True,1.0,reject,1.0,BAOAB,0.0,0.0
ULD,"ULD gamma=1, tamed",e6c4a104a924b32b17e71efad43c7504,c87203a12406cc5114b7ffa2d8877465,True,0,5606,28.03,17939200.0,5606.0,5606.0,0.0,0.53096342436099,0.26736884933447214,0.26669022384901486,0.47125000000000006,0.24933302209037944,0.0,0.16731104849747488,0.4486477216369078,True,1.0,reject,1.0,BAOAB,0.0,0.0
ULD,"ULD gamma=1, tamed",e6c4a104a924b32b17e71efad43c7504,c87203a12406cc5114b7ffa2d8877465,True,1,5606,28.03,17939200.0,5606.0,5606.0,0.0,0.5469738708765547,0.2851892111730311,0.2845253498920971,0.5025000000000001,0.2616748889132089,0.0,0.1735079466722305,0.4686477216369078,True,1.0,reject,1.0,BAOAB,0.0,0.0
ULD,"ULD gamma=1, tamed",e6c4a104a924b32b17e71efad43c7504,c87203a12406cc5114b7ffa2d8877465,True,2,5606,28.03,17939200.0,5606.0,5606.0,0.0,0.528933333686092,0.2665123811798932,0.265833735633206,0.47375000000000006,0.25580447247742355,0.0,0.16731104849747488,0.4486477216369078,True,1.0,reject,1.0,BAOAB,0.0,0.0
ULD,"ULD gamma=1, tamed",e6c4a104a924b32b17e71efad43c7504,c87203a12406cc5114b7ffa2d8877465,True,3,5606,28.03,17939200.0,5606.0,5606.0,0.0,0.5418454888392189,0.2789173123831864,0.2782430163214159,0.4887500000000001,0.25769195922752053,0.0,0.1711229819898305,0.46114772163690776,True,1.0,reject,1.0,BAOAB,0.0,0.0
ULD,"ULD gamma=1, tamed",e6c4a104a924b32b17e71efad43c7504,c87203a12406cc5114b7ffa2d8877465,True,0,5666,28.330000000000002,18131200.0,5666.0,5666.0,0.0,0.529079821793528,0.2664960367437721,0.265816825924189,0.46625000000000005,0.2519864191572806,0.0,0.16584146477973113,0.4436477216369078,True,1.0,reject,1.0,BAOAB,0.0,0.0
ULD,"ULD gamma=1, tamed",e6c4a104a924b32b17e71efad43c7504,c87203a12406cc5114b7ffa2d8877465,True,1,5666,28.330000000000002,18131200.0,5666.0,5666.0,0.0,0.5475182224985149,0.28594297738382535,0.2852787391095668,0.49750000000000005,0.2592055141439177,0.0,0.17190965276093484,0.4636477216369078,True,1.0,reject,1.0,BAOAB,0.0,0.0
ULD,"ULD gamma=1, tamed",e6c4a104a924b32b17e71efad43c7504,c87203a12406cc5114b7ffa2d8877465,True,2,5666,28.330000000000002,18131200.0,5666.0,5666.0,0.0,0.5285951240735088,0.2664538565794652,0.2657758113507208,0.47375000000000006,0.2528341487758732,0.0,0.16657239035859794,0.4461477216369078,True,1.0,reject,1.0,BAOAB,0.0,0.0
ULD,"ULD gamma=1, tamed",e6c4a104a924b32b17e71efad43c7504,c87203a12406cc5114b7ffa2d8877465,True,3,5666,28.330000000000002,18131200.0,5666.0,5666.0,0.0,0.5392453885876668,0.2763175762783583,0.275642760458531,0.48625000000000007,0.25546084120621815,0.0,0.17034451474908158,0.4586477216369078,True,1.0,reject,1.0,BAOAB,0.0,0.0
ULD,"ULD gamma=1, tamed",e6c4a104a924b32b17e71efad43c7504,c87203a12406cc5114b7ffa2d8877465,True,0,5725,28.625,18320000.0,5725.0,5725.0,0.0,0.5274352297164372,0.26543166642777494,0.26475046041016603,0.4625000000000001,0.2517826418576584,0.0,0.1654788789858901,0.4423977216369078,True,1.0,reject,1.0,BAOAB,0.0,0.0
ULD,"ULD gamma=1, tamed",e6c4a104a924b32b17e71efad43c7504,c87203a12406cc5114b7ffa2d8877465,True,1,5725,28.625,18320000.0,5725.0,5725.0,0.0,0.5458865946455711,0.2844488119103922,0.2837827503182725,0.49500000000000005,0.2594879779208705,0.0,0.1711229819898305,0.46114772163690776,True,1.0,reject,1.0,BAOAB,0.0,0.0
ULD,"ULD gamma=1, tamed",e6c4a104a924b32b17e71efad43c7504,c87203a12406cc5114b7ffa2d8877465,True,2,5725,28.625,18320000.0,5725.0,5725.0,0.0,0.5278089190540836,0.2655344558321078,0.2648556400918427,0.46875000000000006,0.250109351791555,0.0,0.16584146477973113,0.4436477216369078,True,1.0,reject,1.0,BAOAB,0.0,0.0
ULD,"ULD gamma=1, tamed",e6c4a104a924b32b17e71efad43c7504,c87203a12406cc5114b7ffa2d8877465,True,3,5725,28.625,18320000.0,5725.0,5725.0,0.0,0.534712880206643,0.2720282791401454,0.2713528452207046,0.47500000000000003,0.25558744737922146,0.0,0.16881186064888287,0.4536477216369078,True,1.0,reject,1.0,BAOAB,0.0,0.0
ULD,"ULD gamma=1, tamed",e6c4a104a924b32b17e71efad43c7504,c87203a12406cc5114b7ffa2d8877465,True,0,5784,28.92,18508800.0,5784.0,5784.0,0.0,0.5258061586711654,0.2641017646405891,0.2634204196798785,0.45875000000000005,0.24858494642442341,0.0,0.1647594168404784,0.43989772163690777,True,1.0,reject,1.0,BAOAB,0.0,0.0
ULD,"ULD gamma=1, tamed",e6c4a104a924b32b17e71efad43c7504,c87203a12406cc5114b7ffa2d8877465,True,1,5784,28.92,18508800.0,5784.0,5784.0,0.0,0.5405805234889945,0.2789914359242639,0.27832131327043874,0.48500000000000004,0.2571460232055751,0.0,0.1707327281615553,0.4598977216369078,True,1.0,reject,1.0,BAOAB,0.0,0.0
ULD,"ULD gamma=1, tamed",e6c4a104a924b32b17e71efad43c7504,c87203a12406cc5114b7ffa2d8877465,True,2,5784,28.92,18508800.0,5784.0,5784.0,0.0,0.525444109965892,0.2632690752016206,0.26259027324966777,0.46375000000000005,0.24906167148701053,0.0,0.1647594168404784,0.43989772163690777,True,1.0,reject,1.0,BAOAB,0.0,0.0
ULD,"ULD gamma=1, tamed",e6c4a104a924b32b17e71efad43c7504,c87203a12406cc5114b7ffa2d8877465,True,3,5784,28.92,18508800.0,5784.0,5784.0,0.0,0.5298430348958896,0.2673043195019248,0.2666278923973596,0.47875000000000006,0.2528516234600552,0.0,0.16805751332333962,0.45114772163690775,True,1.0,reject,1.0,BAOAB,0.0,0.0
ULD,"ULD gamma=1, tamed",e6c4a104a924b32b17e71efad43c7504,c87203a12406cc5114b7ffa2d8877465,True,0,5844,29.22,18700800.0,5844.0,5844.0,0.0,0.5218833312098798,0.2604292800204904,0.2597493864924485,0.45500000000000007,0.24762787571835543,0.0,0.16299366214754918,0.43364772163690785,True,1.0,reject,1.0,BAOAB,0.0,0.0
ULD,"ULD gamma=1, tamed",e6c4a104a924b32b17e71efad43c7504,c87203a12406cc5114b7ffa2d8877465,True,1,5844,29.22,18700800.0,5844.0,5844.0,0.0,0.5369079315341077,0.2744227887318711,0.27374995184938167,0.47750000000000004,0.25562698881403734,0.0,0.1707327281615553,0.4598977216369078,True,1.0,reject,1.0,BAOAB,0.0,0.0
ULD,"ULD gamma=1, tamed",e6c4a104a924b32b17e71efad43c7504,c87203a12406cc5114b7ffa2d8877465,True,2,5844,29.22,18700800.0,5844.0,5844.0,0.0,0.5245164477205626,0.2625199863094011,0.2618409217186145,0.46375000000000005,0.24943396250735683,0.0,0.16404750903281656,0.4373977216369078,True,1.0,reject,1.0,BAOAB,0.0,0.0
ULD,"ULD gamma=1, tamed",e6c4a104a924b32b17e71efad43c7504,c87203a12406cc5114b7ffa2d8877465,True,3,5844,29.22,18700800.0,5844.0,5844.0,0.0,0.5266541197811143,0.2638874119027216,0.26320777064782197,0.47500000000000003,0.2545887183158989,0.0,0.16805751332333962,0.45114772163690775,True,1.0,reject,1.0,BAOAB,0.0,0.0
ULD,"ULD gamma=1, tamed",e6c4a104a924b32b17e71efad43c7504,c87203a12406cc5114b7ffa2d8877465,True,0,5903,29.515,18889600.0,5903.0,5903.0,0.0,0.5173632306879212,0.25615473020413215,0.2554758193258616,0.45500000000000007,0.24529021572776444,0.0,0.16059893740037273,0.4248977216369078,True,1.0,reject,1.0,BAOAB,0.0,0.0
ULD,"ULD gamma=1, tamed",e6c4a104a924b32b17e71efad43c7504,c87203a12406cc5114b7ffa2d8877465,True,1,5903,29.515,18889600.0,5903.0,5903.0,0.0,0.5357704090894067,0.27202050782135245,0.2713472279089473,0.47750000000000004,0.25293493209681106,0.0,0.1711229819898305,0.46114772163690776,True,1.0,reject,1.0,BAOAB,0.0,0.0
ULD,"ULD gamma=1, tamed",e6c4a104a924b32b17e71efad43c7504,c87203a12406cc5114b7ffa2d8877465,True,2,5903,29.515,18889600.0,5903.0,5903.0,0.0,0.5245255769337065,0.26243311797417157,0.2617533154578954,0.4625,0.245509279619324,0.0,0.16334308700562056,0.4348977216369078,True,1.0,reject,1.0,BAOAB,0.0,0.0
ULD,"ULD gamma=1, tamed",e6c4a104a924b32b17e71efad43c7504,c87203a12406cc5114b7ffa2d8877465,True,3,5903,29.515,18889600.0,5903.0,5903.0,0.0,0.5266765201833544,0.26460720552235617,0.2639283361470338,0.4675,0.25133914097339793,0.0,0.16694074826409372,0.44739772163690783,True,1.0,reject,1.0,BAOAB,0.0,0.0
ULD,"ULD gamma=1, tamed",e6c4a104a924b32b17e71efad43c7504,c87203a12406cc5114b7ffa2d8877465,True,0,5962,29.810000000000002,19078400.0,5962.0,5962.0,0.0,0.5129453442854742,0.2526123335854401,0.25192937702527873,0.4575000000000001,0.24787014702201515,0.0,0.1599309672643679,0.4223977216369078,True,1.0,reject,1.0,BAOAB,0.0,0.0
ULD,"ULD gamma=1, tamed",e6c4a104a924b32b17e71efad43c7504,c87203a12406cc5114b7ffa2d8877465,True,1,5962,29.810000000000002,19078400.0,5962.0,5962.0,0.0,0.5347728888550123,0.2710052193179081,0.2703295691103432,0.48250000000000004,0.25703968879930217,0.0,0.1707327281615553,0.4598977216369078,True,1.0,reject,1.0,BAOAB,0.0,0.0
ULD,"ULD gamma=1, tamed",e6c4a104a924b32b17e71efad43c7504,c87203a12406cc5114b7ffa2d8877465,True,2,5962,29.810000000000002,19078400.0,5962.0,5962.0,0.0,0.5224642430017927,0.2606027923571296,0.2599213987057841,0.46249999999999997,0.25186346027013784,0.0,0.16127407236070126,0.4273977216369078,True,1.0,reject,1.0,BAOAB,0.0,0.0
ULD,"ULD gamma=1, tamed",e6c4a104a924b32b17e71efad43c7504,c87203a12406cc5114b7ffa2d8877465,True,3,5962,29.810000000000002,19078400.0,5962.0,5962.0,0.0,0.528855361872664,0.2676254685732876,0.26695050678447796,0.4675,0.2520396083321176,0.0,0.16584146477973113,0.4436477216369078,True,1.0,reject,1.0,BAOAB,0.0,0.0
ULD,"ULD gamma=1, tamed",e6c4a104a924b32b17e71efad43c7504,c87203a12406cc5114b7ffa2d8877465,True,0,6022,30.11,19270400.0,6022.0,6022.0,0.0,0.5119261241901208,0.2514677720372096,0.2507807763043767,0.45250000000000007,0.24872123408688096,0.0,0.1599309672643679,0.4223977216369078,True,1.0,reject,1.0,BAOAB,0.0,0.0
ULD,"ULD gamma=1, tamed",e6c4a104a924b32b17e71efad43c7504,c87203a12406cc5114b7ffa2d8877465,True,1,6022,30.11,19270400.0,6022.0,6022.0,0.0,0.5349820603016926,0.27110581998897154,0.27042839292313103,0.47750000000000004,0.25700092786526074,0.0,0.17034451474908158,0.4586477216369078,True,1.0,reject,1.0,BAOAB,0.0,0.0
ULD,"ULD gamma=1, tamed",e6c4a104a924b32b17e71efad43c7504,c87203a12406cc5114b7ffa2d8877465,True,2,6022,30.11,19270400.0,6022.0,6022.0,0.0,0.5222699667686033,0.2601179871786138,0.25943583151395766,0.4575,0.24703823732229768,0.0,0.16230034352399053,0.43114772163690784,True,1.0,reject,1.0,BAOAB,0.0,0.0
ULD,"ULD gamma=1, tamed",e6c4a104a924b32b17e71efad43c7504,c87203a12406cc5114b7ffa2d8877465,True,3,6022,30.11,19270400.0,6022.0,6022.0,0.0,0.5312170018836077,0.27001173500878783,0.2693384082572805,0.46625000000000005,0.2503865412418823,0.0,0.16511819927639101,0.44114772163690774,True,1.0,reject,1.0,BAOAB,0.0,0.0
ULD,"ULD gamma=1, tamed",e6c4a104a924b32b17e71efad43c7504,c87203a12406cc5114b7ffa2d8877465,True,0,6081,30.405,19459200.0,6081.0,6081.0,0.0,0.5127079198712343,0.2511794940433939,0.250490778429421,0.44625000000000004,0.2487940179559287,0.0,0.1592701018877859,0.41989772163690775,True,1.0,reject,1.0,BAOAB,0.0,0.0
ULD,"ULD gamma=1, tamed",e6c4a104a924b32b17e71efad43c7504,c87203a12406cc5114b7ffa2d8877465,True,1,6081,30.405,19459200.0,6081.0,6081.0,0.0,0.5348593837762381,0.27092780293711005,0.27024900908345995,0.47625000000000006,0.25542585700058196,0.0,0.16995833143455985,0.45739772163690784,True,1.0,reject,1.0,BAOAB,0.0,0.0
ULD,"ULD gamma=1, tamed",e6c4a104a924b32b17e71efad43c7504,c87203a12406cc5114b7ffa2d8877465,True,2,6081,30.405,19459200.0,6081.0,6081.0,0.0,0.5192725131367977,0.2574966810214837,0.2568119376490021,0.45500000000000007,0.2504974283128554,0.0,0.16127407236070126,0.4273977216369078,True,1.0,reject,1.0,BAOAB,0.0,0.0
ULD,"ULD gamma=1, tamed",e6c4a104a924b32b17e71efad43c7504,c87203a12406cc5114b7ffa2d8877465,True,3,6081,30.405,19459200.0,6081.0,6081.0,0.0,0.5307199532466594,0.26934037726480964,0.2686658449782172,0.46375000000000005,0.2517293144525842,0.0,0.16511819927639101,0.44114772163690774,True,1.0,reject,1.0,BAOAB,0.0,0.0
ULD,"ULD gamma=1, tamed",e6c4a104a924b32b17e71efad43c7504,c87203a12406cc5114b7ffa2d8877465,True,0,6141,30.705000000000002,19651200.0,6141.0,6141.0,0.0,0.5121894045622322,0.25039978796093887,0.24970939366573575,0.45249999999999996,0.24910858182572515,0.0,0.15894231507054923,0.4186477216369078,True,1.0,reject,1.0,BAOAB,0.0,0.0
ULD,"ULD gamma=1, tamed",e6c4a104a924b32b17e71efad43c7504,c87203a12406cc5114b7ffa2d8877465,True,1,6141,30.705000000000002,19651200.0,6141.0,6141.0,0.0,0.5338162568655349,0.2704170510514623,0.26973836149928954,0.47875000000000006,0.2599981926231353,0.0,0.16919201441243759,0.45489772163690784,True,1.0,reject,1.0,BAOAB,0.0,0.0
ULD,"ULD gamma=1, tamed",e6c4a104a924b32b17e71efad43c7504,c87203a12406cc5114b7ffa2d8877465,True,2,6141,30.705000000000002,19651200.0,6141.0,6141.0,0.0,0.5165608427058423,0.254778589600718,0.25409387860286836,0.45500000000000007,0.24781192807787567,0.0,0.16093560547178642,0.42614772163690784,True,1.0,reject,1.0,BAOAB,0.0,0.0
ULD,"ULD gamma=1, tamed",e6c4a104a924b32b17e71efad43c7504,c87203a12406cc5114b7ffa2d8877465,True,3,6141,30.705000000000002,19651200.0,6141.0,6141.0,0.0,0.5280851100211355,0.26629760475321274,0.26562082219889116,0.46375000000000005,0.2508611658416877,0.0,0.16511819927639101,0.44114772163690774,True,1.0,reject,1.0,BAOAB,0.0,0.0
ULD,"ULD gamma=1, tamed",e6c4a104a924b32b17e71efad43c7504,c87203a12406cc5114b7ffa2d8877465,True,0,6200,31.0,19840000.0,6200.0,6200.0,0.0,0.5128955169990899,0.25070522102305337,0.2500145817736573,0.45,0.2476948285460564,0.0,0.1592701018877859,0.41989772163690775,True,1.0,reject,1.0,BAOAB,0.0,0.0
ULD,"ULD gamma=1, tamed",e6c4a104a924b32b17e71efad43c7504,c87203a12406cc5114b7ffa2d8877465,True,1,6200,31.0,19840000.0,6200.0,6200.0,0.0,0.534875745790759,0.27184076612010766,0.27116563648761205,0.48,0.2553099940357614,0.0,0.16957416801734984,0.4561477216369078,True,1.0,reject,1.0,BAOAB,0.0,0.0
ULD,"ULD gamma=1, tamed",e6c4a104a924b32b17e71efad43c7504,c87203a12406cc5114b7ffa2d8877465,True,2,6200,31.0,19840000.0,6200.0,6200.0,0.0,0.5149712227358485,0.25321217925440564,0.25252825857412076,0.45000000000000007,0.24409311645414966,0.0,0.16059893740037273,0.4248977216369078,True,1.0,reject,1.0,BAOAB,0.0,0.0
ULD,"ULD gamma=1, tamed",e6c4a104a924b32b17e71efad43c7504,c87203a12406cc5114b7ffa2d8877465,True,3,6200,31.0,19840000.0,6200.0,6200.0,0.0,0.5264837465550221,0.26438235764176166,0.26370252605253275,0.46125000000000005,0.2502265368240596,0.0,0.16299366214754918,0.43364772163690785,True,1.0,reject,1.0,BAOAB,0.0,0.0
ULD,"ULD gamma=1, tamed",e6c4a104a924b32b17e71efad43c7504,c87203a12406cc5114b7ffa2d8877465,True,0,6259,31.295,20028800.0,6259.0,6259.0,0.0,0.511643826045782,0.24985429321575703,0.2491642677037187,0.44625000000000004,0.24880977866451615,0.0,0.15894231507054923,0.4186477216369078,True,1.0,reject,1.0,BAOAB,0.0,0.0
ULD,"ULD gamma=1, tamed",e6c4a104a924b32b17e71efad43c7504,c87203a12406cc5114b7ffa2d8877465,True,1,6259,31.295,20028800.0,6259.0,6259.0,0.0,0.5339168567342468,0.27219875787787917,0.27152579290157175,0.47625000000000006,0.2511178369074769,0.0,0.16805751332333962,0.45114772163690775,True,1.0,reject,1.0,BAOAB,0.0,0.0
ULD,"ULD gamma=1, tamed",e6c4a104a924b32b17e71efad43c7504,c87203a12406cc5114b7ffa2d8877465,True,2,6259,31.295,20028800.0,6259.0,6259.0,0.0,0.515405698144527,0.2535431091049215,0.2528574748072636,0.44625000000000004,0.24478706695989794,0.0,0.16026406051423325,0.42364772163690784,True,1.0,reject,1.0,BAOAB,0.0,0.0
ULD,"ULD gamma=1, tamed",e6c4a104a924b32b17e71efad43c7504,c87203a12406cc5114b7ffa2d8877465,True,3,6259,31.295,20028800.0,6259.0,6259.0,0.0,0.5243304639041447,0.26188123628023485,0.2611996579608502,0.4600000000000001,0.24855909045025304,0.0,0.16299366214754918,0.43364772163690785,True,1.0,reject,1.0,BAOAB,0.0,0.0
ULD,"ULD gamma=1, tamed",e6c4a104a924b32b17e71efad43c7504,c87203a12406cc5114b7ffa2d8877465,True,0,6319,31.595000000000002,20220800.0,6319.0,6319.0,0.0,0.5106190857921901,0.24963880704785613,0.24895005043339602,0.45125000000000004,0.2475089382329677,0.0,0.15829199704910002,0.41614772163690783,True,1.0,reject,1.0,BAOAB,0.0,0.0
ULD,"ULD gamma=1, tamed",e6c4a104a924b32b17e71efad43c7504,c87203a12406cc5114b7ffa2d8877465,True,1,6319,31.595000000000002,20220800.0,6319.0,6319.0,0.0,0.5317453878865201,0.2699418311378965,0.26926808243463607,0.46875000000000006,0.2519635041245559,0.0,0.16657239035859794,0.4461477216369078,True,1.0,reject,1.0,BAOAB,0.0,0.0
ULD,"ULD gamma=1, tamed",e6c4a104a924b32b17e71efad43c7504,c87203a12406cc5114b7ffa2d8877465,True,2,6319,31.595000000000002,20220800.0,6319.0,6319.0,0.0,0.5166423299450548,0.25457530217867796,0.2538869263226404,0.44500000000000006,0.2463153823543669,0.0,0.16026406051423325,0.42364772163690784,True,1.0,reject,1.0,BAOAB,0.0,0.0
ULD,"ULD gamma=1, tamed",e6c4a104a924b32b17e71efad43c7504,c87203a12406cc5114b7ffa2d8877465,True,3,6319,31.595000000000002,20220800.0,6319.0,6319.0,0.0,0.5205739102380215,0.2579253388709114,0.25724286952717335,0.45125000000000004,0.24709834145134835,0.0,0.16264608370465647,0.4323977216369078,True,1.0,reject,1.0,BAOAB,0.0,0.0
ULD,"ULD gamma=1, tamed",e6c4a104a924b32b17e71efad43c7504,c87203a12406cc5114b7ffa2d8877465,True,0,6378,31.89,20409600.0,6378.0,6378.0,0.0,0.5113673464067868,0.2503460324447053,0.249658312058459,0.45625000000000004,0.2472965927007419,0.0,0.15829199704910002,0.41614772163690783,True,1.0,reject,1.0,BAOAB,0.0,0.0
ULD,"ULD gamma=1, tamed",e6c4a104a924b32b17e71efad43c7504,c87203a12406cc5114b7ffa2d8877465,True,1,6378,31.89,20409600.0,6378.0,6378.0,0.0,0.529668350918864,0.26767748651623546,0.26700283908656797,0.46625000000000005,0.2506316815292874,0.0,0.16694074826409372,0.44739772163690783,True,1.0,reject,1.0,BAOAB,0.0,0.0
ULD,"ULD gamma=1, tamed",e6c4a104a924b32b17e71efad43c7504,c87203a12406cc5114b7ffa2d8877465,True,2,6378,31.89,20409600.0,6378.0,6378.0,0.0,0.5170684273318933,0.25469403935299895,0.2540061707885559,0.4475,0.2437507634924312,0.0,0.16059893740037273,0.4248977216369078,True,1.0,reject,1.0,BAOAB,0.0,0.0
ULD,"ULD gamma=1, tamed",e6c4a104a924b32b17e71efad43c7504,c87203a12406cc5114b7ffa2d8877465,True,3,6378,31.89,20409600.0,6378.0,6378.0,0.0,0.5171173523511494,0.254625401437231,0.2539420169455251,0.45000000000000007,0.24442981589632107,0.0,0.16230034352399053,0.43114772163690784,True,1.0,reject,1.0,BAOAB,0.0,0.0
ULD,"ULD gamma=1, tamed",e6c4a104a924b32b17e71efad43c7504,c87203a12406cc5114b7ffa2d8877465,True,0,6438,32.19,20601600.0,6438.0,6438.0,0.0,0.5116809654726402,0.24983908133662835,0.24915116862938946,0.44625000000000004,0.24542961828822285,0.0,0.15861628250668713,0.4173977216369078,True,1.0,reject,1.0,BAOAB,0.0,0.0
ULD,"ULD gamma=1, tamed",e6c4a104a924b32b17e71efad43c7504,c87203a12406cc5114b7ffa2d8877465,True,1,6438,32.19,20601600.0,6438.0,6438.0,0.0,0.5269755991461269,0.26534342085817764,0.26466807166393413,0.465,0.25079809360987737,0.0,0.16620596556744377,0.44489772163690783,True,1.0,reject,1.0,BAOAB,0.0,0.0
ULD,"ULD gamma=1, tamed",e6c4a104a924b32b17e71efad43c7504,c87203a12406cc5114b7ffa2d8877465,True,2,6438,32.19,20601600.0,6438.0,6438.0,0.0,0.5156409490421046,0.2534349303027582,0.25274699454095784,0.45375000000000004,0.24829192330826433,0.0,0.16059893740037273,0.4248977216369078,True,1.0,reject,1.0,BAOAB,0.0,0.0
ULD,"ULD gamma=1, tamed",e6c4a104a924b32b17e71efad43c7504,c87203a12406cc5114b7ffa2d8877465,True,3,6438,32.19,20601600.0,6438.0,6438.0,0.0,0.5164206798140695,0.2542385161186601,0.25355402435661833,0.45375000000000004,0.24384069973813338,0.0,0.16127407236070126,0.4273977216369078,True,1.0,reject,1.0,BAOAB,0.0,0.0
ULD,"ULD gamma=1, tamed",e6c4a104a924b32b17e71efad43c7504,c87203a12406cc5114b7ffa2d8877465,True,0,6497,32.485,20790400.0,6497.0,6497.0,0.0,0.509736384010217,0.24739754803964054,0.2467055262764134,0.44250000000000006,0.24562305196360446,0.0,0.15861628250668713,0.4173977216369078,True,1.0,reject,1.0,BAOAB,0.0,0.0
ULD,"ULD gamma=1, tamed",e6c4a104a924b32b17e71efad43c7504,c87203a12406cc5114b7ffa2d8877465,True,1,6497,32.485,20790400.0,6497.0,6497.0,0.0,0.5247374876294899,0.26321291013860204,0.262535084356593,0.4625000000000001,0.2501064596507109,0.0,0.1647594168404784,0.43989772163690777,True,1.0,reject,1.0,BAOAB,0.0,0.0
ULD,"ULD gamma=1, tamed",e6c4a104a924b32b17e71efad43c7504,c87203a12406cc5114b7ffa2d8877465,True,2,6497,32.485,20790400.0,6497.0,6497.0,0.0,0.5151399460271402,0.2537466611946271,0.2530600307716563,0.45250000000000007,0.24485392889248236,0.0,0.1599309672643679,0.4223977216369078,True,1.0,reject,1.0,BAOAB,0.0,0.0
ULD,"ULD gamma=1, tamed",e6c4a104a924b32b17e71efad43c7504,c87203a12406cc5114b7ffa2d8877465,True,3,6497,32.485,20790400.0,6497.0,6497.0,0.0,0.5156311737398845,0.25439236638549934,0.2537068647304477,0.45125000000000004,0.24328485842831427,0.0,0.1599309672643679,0.4223977216369078,True,1.0,reject,1.0,BAOAB,0.0,0.0
ULD,"ULD gamma=1, tamed",e6c4a104a924b32b17e71efad43c7504,c87203a12406cc5114b7ffa2d8877465,True,0,6556,32.78,20979200.0,6556.0,6556.0,0.0,0.5077688137774357,0.24554058071830576,0.24484455316434905,0.43750000000000006,0.24631766356370788,0.0,0.1576486392517046,0.41364772163690783,True,1.0,reject,1.0,BAOAB,0.0,0.0
ULD,"ULD gamma=1, tamed",e6c4a104a924b32b17e71efad43c7504,c87203a12406cc5114b7ffa2d8877465,True,1,6556,32.78,20979200.0,6556.0,6556.0,0.0,0.5231995980818517,0.26135197776226327,0.2606733720651315,0.46125000000000005,0.24968382122556065,0.0,0.16264608370465647,0.4323977216369078,True,1.0,reject,1.0,BAOAB,0.0,0.0
ULD,"ULD gamma=1, tamed",e6c4a104a924b32b17e71efad43c7504,c87203a12406cc5114b7ffa2d8877465,True,2,6556,32.78,20979200.0,6556.0,6556.0,0.0,0.5140764108505704,0.2537092924078288,0.25302592750707376,0.44250000000000006,0.24371170476851467,0.0,0.1599309672643679,0.4223977216369078,True,1.0,reject,1.0,BAOAB,0.0,0.0
ULD,"ULD gamma=1, tamed",e6c4a104a924b32b17e71efad43c7504,c87203a12406cc5114b7ffa2d8877465,True,3,6556,32.78,20979200.0,6556.0,6556.0,0.0,0.5134137066033782,0.2524002104059433,0.25171225597181524,0.44375,0.2431592946103155,0.0,0.15959965018403288,0.42114772163690783,True,1.0,reject,1.0,BAOAB,0.0,0.0
ULD,"ULD gamma=1, tamed",e6c4a104a924b32b17e71efad43c7504,c87203a12406cc5114b7ffa2d8877465,True,0,6616,33.08,21171200.0,6616.0,6616.0,0.0,0.5057352098677028,0.24393918895922717,0.243242256804443,0.43750000000000006,0.24653670496571234,0.0,0.1576486392517046,0.41364772163690783,True,1.0,reject,1.0,BAOAB,0.0,0.0
ULD,"ULD gamma=1, tamed",e6c4a104a924b32b17e71efad43c7504,c87203a12406cc5114b7ffa2d8877465,True,1,6616,33.08,21171200.0,6616.0,6616.0,0.0,0.5207203559652944,0.2590024047005268,0.25832260720648015,0.4625000000000001,0.2459304149046848,0.0,0.16299366214754918,0.43364772163690785,True,1.0,reject,1.0,BAOAB,0.0,0.0
ULD,"ULD gamma=1, tamed",e6c4a104a924b32b17e71efad43c7504,c87203a12406cc5114b7ffa2d8877465,True,2,6616,33.08,21171200.0,6616.0,6616.0,0.0,0.5143623282260574,0.2532283976408807,0.2525457313963606,0.44000000000000006,0.24265334115409487,0.0,0.15861628250668713,0.4173977216369078,True,1.0,reject,1.0,BAOAB,0.0,0.0
ULD,"ULD gamma=1, tamed",e6c4a104a924b32b17e71efad43c7504,c87203a12406cc5114b7ffa2d8877465,True,3,6616,33.08,21171200.0,6616.0,6616.0,0.0,0.5134145741701766,0.2523396592685183,0.2516521980397046,0.44000000000000006,0.24336081563293976,0.0,0.1592701018877859,0.41989772163690775,True,1.0,reject,1.0,BAOAB,0.0,0.0
ULD,"ULD gamma=1, tamed",e6c4a104a924b32b17e71efad43c7504,c87203a12406cc5114b7ffa2d8877465,True,0,6675,33.375,21360000.0,6675.0,6675.0,0.0,0.5071621930983078,0.24445203008876182,0.24375697786580874,0.44000000000000006,0.24299758161623797,0.0,0.15732955300243662,0.4123977216369078,True,1.0,reject,1.0,BAOAB,0.0,0.0
ULD,"ULD gamma=1, tamed",e6c4a104a924b32b17e71efad43c7504,c87203a12406cc5114b7ffa2d8877465,True,1,6675,33.375,21360000.0,6675.0,6675.0,0.0,0.5172828499648924,0.2558818477068786,0.2551979946659221,0.45875000000000005,0.248892487738536,0.0,0.16334308700562056,0.4348977216369078,True,1.0,reject,1.0,BAOAB,0.0,0.0
ULD,"ULD gamma=1, tamed",e6c4a104a924b32b17e71efad43c7504,c87203a12406cc5114b7ffa2d8877465,True,2,6675,33.375,21360000.0,6675.0,6675.0,0.0,0.5141168658903204,0.25196989971178696,0.2512828809769968,0.44125000000000003,0.24231858922849148,0.0,0.15894231507054923,0.4186477216369078,True,1.0,reject,1.0,BAOAB,0.0,0.0
ULD,"ULD gamma=1, tamed",e6c4a104a924b32b17e71efad43c7504,c87203a12406cc5114b7ffa2d8877465,True,3,6675,33.375,21360000.0,6675.0,6675.0,0.0,0.5151493263404743,0.25421666241555263,0.25353245259498414,0.43875000000000003,0.24332505360948897,0.0,0.15861628250668713,0.4173977216369078,True,1.0,reject,1.0,BAOAB,0.0,0.0
ULD,"ULD gamma=1, tamed",e6c4a104a924b32b17e71efad43c7504,c87203a12406cc5114b7ffa2d8877465,True,0,6734,33.67,21548800.0,6734.0,6734.0,0.0,0.5093435125480745,0.24721214746809728,0.24651942066348598,0.43625,0.2421327004128846,0.0,0.1576486392517046,0.41364772163690783,True,1.0,reject,1.0,BAOAB,0.0,0.0
ULD,"ULD gamma=1, tamed",e6c4a104a924b32b17e71efad43c7504,c87203a12406cc5114b7ffa2d8877465,True,1,6734,33.67,21548800.0,6734.0,6734.0,0.0,0.517453278554898,0.2555855276025286,0.25490053778356014,0.46125000000000005,0.2502668210161232,0.0,0.16299366214754918,0.43364772163690785,True,1.0,reject,1.0,BAOAB,0.0,0.0
ULD,"ULD gamma=1, tamed",e6c4a104a924b32b17e71efad43c7504,c87203a12406cc5114b7ffa2d8877465,True,2,6734,33.67,21548800.0,6734.0,6734.0,0.0,0.511976730804572,0.24982950336502663,0.24913731095176783,0.44000000000000006,0.24556633964504115,0.0,0.15894231507054923,0.4186477216369078,True,1.0,reject,1.0,BAOAB,0.0,0.0
ULD,"ULD gamma=1, tamed",e6c4a104a924b32b17e71efad43c7504,c87203a12406cc5114b7ffa2d8877465,True,3,6734,33.67,21548800.0,6734.0,6734.0,0.0,0.5141453455310641,0.2532100729838169,0.25252468822199736,0.44250000000000006,0.23904044898105858,0.0,0.15861628250668713,0.4173977216369078,True,1.0,reject,1.0,BAOAB,0.0,0.0
ULD,"ULD gamma=1, tamed",e6c4a104a924b32b17e71efad43c7504,c87203a12406cc5114b7ffa2d8877465,True,0,6794,33.97,21740800.0,6794.0,6794.0,0.0,0.5087973030248973,0.24772937837532816,0.24703848029144237,0.43750000000000006,0.2436134530458599,0.0,0.15732955300243662,0.4123977216369078,True,1.0,reject,1.0,BAOAB,0.0,0.0
ULD,"ULD gamma=1, tamed",e6c4a104a924b32b17e71efad43c7504,c87203a12406cc5114b7ffa2d8877465,True,1,6794,33.97,21740800.0,6794.0,6794.0,0.0,0.5193372365967169,0.25740607106353997,0.2567222762638678,0.45625000000000004,0.2469057224214316,0.0,0.16230034352399053,0.43114772163690784,True,1.0,reject,1.0,BAOAB,0.0,0.0
ULD,"ULD gamma=1, tamed",e6c4a104a924b32b17e71efad43c7504,c87203a12406cc5114b7ffa2d8877465,True,2,6794,33.97,21740800.0,6794.0,6794.0,0.0,0.5125431164953846,0.24984081558230087,0.2491496725583815,0.44500000000000006,0.24389057226306343,0.0,0.15861628250668713,0.4173977216369078,True,1.0,reject,1.0,BAOAB,0.0,0.0
ULD,"ULD gamma=1, tamed",e6c4a104a924b32b17e71efad43c7504,c87203a12406cc5114b7ffa2d8877465,True,3,6794,33.97,21740800.0,6794.0,6794.0,0.0,0.5092067316188834,0.2483323770546343,0.2476399805590095,0.43875000000000003,0.2462725711239293,0.0,0.157969451628334,0.4148977216369078,True,1.0,reject,1.0,BAOAB,0.0,0.0
ULD,"ULD gamma=1, tamed",e6c4a104a924b32b17e71efad43c7504,c87203a12406cc5114b7ffa2d8877465,True,0,6853,34.265,21929600.0,6853.0,6853.0,0.0,0.5066741610609988,0.24621278693679705,0.2455243979188656,0.43875000000000003,0.24171849675159818,0.0,0.1566965315933644,0.40989772163690774,True,1.0,reject,1.0,BAOAB,0.0,0.0
ULD,"ULD gamma=1, tamed",e6c4a104a924b32b17e71efad43c7504,c87203a12406cc5114b7ffa2d8877465,True,1,6853,34.265,21929600.0,6853.0,6853.0,0.0,0.5194333391842937,0.25752041193199715,0.25683642040257826,0.4575,0.24563479924719944,0.0,0.16195643354202047,0.42989772163690776,True,1.0,reject,1.0,BAOAB,0.0,0.0
ULD,"ULD gamma=1, tamed",e6c4a104a924b32b17e71efad43c7504,c87203a12406cc5114b7ffa2d8877465,True,2,6853,34.265,21929600.0,6853.0,6853.0,0.0,0.5125264252640369,0.25049466996163017,0.24980609265649079,0.44375000000000003,0.24190608993712925,0.0,0.15829199704910002,0.41614772163690783,True,1.0,reject,1.0,BAOAB,0.0,0.0
ULD,"ULD gamma=1, tamed",e6c4a104a924b32b17e71efad43c7504,c87203a12406cc5114b7ffa2d8877465,True,3,6853,34.265,21929600.0,6853.0,6853.0,0.0,0.5082077051367173,0.24657044402780082,0.24587640739990368,0.43750000000000006,0.24373934485201187,0.0,0.157969451628334,0.4148977216369078,True,1.0,reject,1.0,BAOAB,0.0,0.0
ULD,"ULD gamma=1, tamed",e6c4a104a924b32b17e71efad43c7504,c87203a12406cc5114b7ffa2d8877465,True,0,6912,34.56,22118400.0,6912.0,6912.0,0.0,0.5041570668503716,0.24444145764271596,0.2437555627046204,0.43375,0.24056255864588305,0.0,0.15514371537091032,0.4036477216369078,True,1.0,reject,1.0,BAOAB,0.0,0.0
ULD,"ULD gamma=1, tamed",e6c4a104a924b32b17e71efad43c7504,c87203a12406cc5114b7ffa2d8877465,True,1,6912,34.56,22118400.0,6912.0,6912.0,0.0,0.518031236728075,0.25589445197681493,0.25520949628346046,0.45625000000000004,0.2457002254384435,0.0,0.16127407236070126,0.4273977216369078,True,1.0,reject,1.0,BAOAB,0.0,0.0
ULD,"ULD gamma=1, tamed",e6c4a104a924b32b17e71efad43c7504,c87203a12406cc5114b7ffa2d8877465,True,2,6912,34.56,22118400.0,6912.0,6912.0,0.0,0.5115507376287557,0.2503526740632629,0.2496671385362479,0.44375,0.24533067510568785,0.0,0.157969451628334,0.4148977216369078,True,1.0,reject,1.0,BAOAB,0.0,0.0
ULD,"ULD gamma=1, tamed",e6c4a104a924b32b17e71efad43c7504,c87203a12406cc5114b7ffa2d8877465,True,3,6912,34.56,22118400.0,6912.0,6912.0,0.0,0.5096830000401391,0.24753333704510594,0.24684014549063793,0.43750000000000006,0.24291669123909387,0.0,0.1576486392517046,0.41364772163690783,True,1.0,reject,1.0,BAOAB,0.0,0.0
ULD,"ULD gamma=1, tamed",e6c4a104a924b32b17e71efad43c7504,c87203a12406cc5114b7ffa2d8877465,True,0,6972,34.86,22310400.0,6972.0,6972.0,0.0,0.5020973947936456,0.24235310951764066,0.2416645237671462,0.43250000000000005,0.23878634596534143,0.0,0.15453434773201563,0.4011477216369078,True,1.0,reject,1.0,BAOAB,0.0,0.0
ULD,"ULD gamma=1, tamed",e6c4a104a924b32b17e71efad43c7504,c87203a12406cc5114b7ffa2d8877465,True,1,6972,34.86,22310400.0,6972.0,6972.0,0.0,0.5168879316756672,0.25556916631594206,0.2548867861002072,0.45375000000000004,0.243867355027101,0.0,0.16026406051423325,0.42364772163690784,True,1.0,reject,1.0,BAOAB,0.0,0.0
ULD,"ULD gamma=1, tamed",e6c4a104a924b32b17e71efad43c7504,c87203a12406cc5114b7ffa2d8877465,True,2,6972,34.86,22310400.0,6972.0,6972.0,0.0,0.5118429169375229,0.25134822168015125,0.2506667464868244,0.4425,0.24070485038499168,0.0,0.157969451628334,0.4148977216369078,True,1.0,reject,1.0,BAOAB,0.0,0.0
ULD,"ULD gamma=1, tamed",e6c4a104a924b32b17e71efad43c7504,c87203a12406cc5114b7ffa2d8877465,True,3,6972,34.86,22310400.0,6972.0,6972.0,0.0,0.508825372767552,0.24765324518653598,0.24696237787939646,0.43375,0.24558488347720386,0.0,0.157969451628334,0.4148977216369078,True,1.0,reject,1.0,BAOAB,0.0,0.0
ULD,"ULD gamma=1, tamed",e6c4a104a924b32b17e71efad43c7504,c87203a12406cc5114b7ffa2d8877465,True,0,7031,35.155,22499200.0,7031.0,7031.0,0.0,0.5001934645381044,0.24008731967579977,0.2393943734046472,0.42625,0.2400781426257801,0.0,0.15363273826904258,0.3973977216369078,True,1.0,reject,1.0,BAOAB,0.0,0.0
ULD,"ULD gamma=1, tamed",e6c4a104a924b32b17e71efad43c7504,c87203a12406cc5114b7ffa2d8877465,True,1,7031,35.155,22499200.0,7031.0,7031.0,0.0,0.5154257245814338,0.25476455606557935,0.2540833774480751,0.44875000000000004,0.24439773745897042,0.0,0.15959965018403288,0.42114772163690783,True,1.0,reject,1.0,BAOAB,0.0,0.0
ULD,"ULD gamma=1, tamed",e6c4a104a924b32b17e71efad43c7504,c87203a12406cc5114b7ffa2d8877465,True,2,7031,35.155,22499200.0,7031.0,7031.0,0.0,0.5127395254195126,0.2529472264017424,0.2522669314044417,0.44625000000000004,0.24275953169906894,0.0,0.1576486392517046,0.41364772163690783,True,1.0,reject,1.0,BAOAB,0.0,0.0
ULD,"ULD gamma=1, tamed",e6c4a104a924b32b17e71efad43c7504,c87203a12406cc5114b7ffa2d8877465,True,3,7031,35.155,22499200.0,7031.0,7031.0,0.0,0.5061934909929404,0.24557212337212775,0.2448858898691949,0.43,0.23801452855691307,0.0,0.1566965315933644,0.40989772163690774,True,1.0,reject,1.0,BAOAB,0.0,0.0
ULD,"ULD gamma=1, tamed",e6c4a104a924b32b17e71efad43c7504,c87203a12406cc5114b7ffa2d8877465,True,0,7091,35.455,22691200.0,7091.0,7091.0,0.0,0.4989828102653655,0.23821726851539726,0.23752328498661213,0.42250000000000004,0.2386420727216706,0.0,0.15303988915914646,0.39489772163690784,True,1.0,reject,1.0,BAOAB,0.0,0.0
ULD,"ULD gamma=1, tamed",e6c4a104a924b32b17e71efad43c7504,c87203a12406cc5114b7ffa2d8877465,True,1,7091,35.455,22691200.0,7091.0,7091.0,0.0,0.5125365536340375,0.25214642638832974,0.2514632293811776,0.44500000000000006,0.24402437855060344,0.0,0.15894231507054923,0.4186477216369078,True,1.0,reject,1.0,BAOAB,0.0,0.0
ULD,"ULD gamma=1, tamed",e6c4a104a924b32b17e71efad43c7504,c87203a12406cc5114b7ffa2d8877465,True,2,7091,35.455,22691200.0,7091.0,7091.0,0.0,0.5113333855718684,0.2511769184117634,0.25049379676219063,0.4425,0.24231935274258243,0.0,0.15701218603881734,0.4111477216369078,True,1.0,reject,1.0,BAOAB,0.0,0.0
ULD,"ULD gamma=1, tamed",e6c4a104a924b32b17e71efad43c7504,c87203a12406cc5114b7ffa2d8877465,True,3,7091,35.455,22691200.0,7091.0,7091.0,0.0,0.5020270791809238,0.24183599013346968,0.2411484616309053,0.43124999999999997,0.2390767911355164,0.0,0.15545090619620672,0.40489772163690785,True,1.0,reject,1.0,BAOAB,0.0,0.0
ULD,"ULD gamma=1, tamed",e6c4a104a924b32b17e71efad43c7504,c87203a12406cc5114b7ffa2d8877465,True,0,7150,35.75,22880000.0,7150.0,7150.0,0.0,0.49791292309981117,0.23699087591314838,0.23629506761054953,0.41625000000000006,0.23930405914995367,0.0,0.15303988915914646,0.39489772163690784,True,1.0,reject,1.0,BAOAB,0.0,0.0
ULD,"ULD gamma=1, tamed",e6c4a104a924b32b17e71efad43c7504,c87203a12406cc5114b7ffa2d8877465,True,1,7150,35.75,22880000.0,7150.0,7150.0,0.0,0.5101183877557605,0.2501397007201167,0.24945487731577654,0.4462499999999999,0.2451230206036038,0.0,0.15861628250668713,0.4173977216369078,True,1.0,reject,1.0,BAOAB,0.0,0.0
ULD,"ULD gamma=1, tamed",e6c4a104a924b32b17e71efad43c7504,c87203a12406cc5114b7ffa2d8877465,True,2,7150,35.75,22880000.0,7150.0,7150.0,0.0,0.5084914232068221,0.24799027995004552,0.24730208896361328,0.44125000000000003,0.24201157307962184,0.0,0.15575977678755493,0.4061477216369078,True,1.0,reject,1.0,BAOAB,0.0,0.0
ULD,"ULD gamma=1, tamed",e6c4a104a924b32b17e71efad43c7504,c87203a12406cc5114b7ffa2d8877465,True,3,7150,35.75,22880000.0,7150.0,7150.0,0.0,0.5014695670307623,0.24194936669680667,0.24125743974192093,0.435,0.2416988144159199,0.0,0.15423215844641663,0.39989772163690784,True,1.0,reject,1.0,BAOAB,0.0,0.0
ULD,"ULD gamma=1, tamed",e6c4a104a924b32b17e71efad43c7504,c87203a12406cc5114b7ffa2d8877465,True,0,7209,36.045,23068800.0,7209.0,7209.0,0.0,0.49710977653398625,0.23680431588333672,0.23610837447618926,0.42375000000000007,0.23768112801043328,0.0,0.1524535638794296,0.39239772163690784,True,1.0,reject,1.0,BAOAB,0.0,0.0
ULD,"ULD gamma=1, tamed",e6c4a104a924b32b17e71efad43c7504,c87203a12406cc5114b7ffa2d8877465,True,1,7209,36.045,23068800.0,7209.0,7209.0,0.0,0.508868201352398,0.2487998443341588,0.2481138419123481,0.44875000000000004,0.24171950419718613,0.0,0.15829199704910002,0.41614772163690783,True,1.0,reject,1.0,BAOAB,0.0,0.0
ULD,"ULD gamma=1, tamed",e6c4a104a924b32b17e71efad43c7504,c87203a12406cc5114b7ffa2d8877465,True,2,7209,36.045,23068800.0,7209.0,7209.0,0.0,0.5066188753388327,0.2452072474909881,0.2445127763156848,0.43250000000000005,0.2402643781802738,0.0,0.15483819797285586,0.40239772163690785,True,1.0,reject,1.0,BAOAB,0.0,0.0
ULD,"ULD gamma=1, tamed",e6c4a104a924b32b17e71efad43c7504,c87203a12406cc5114b7ffa2d8877465,True,3,7209,36.045,23068800.0,7209.0,7209.0,0.0,0.5037560496637496,0.243840150762885,0.24315015608825352,0.4337500000000001,0.236261009425484,0.0,0.15363273826904258,0.3973977216369078,True,1.0,reject,1.0,BAOAB,0.0,0.0
ULD,"ULD gamma=1, tamed",e6c4a104a924b32b17e71efad43c7504,c87203a12406cc5114b7ffa2d8877465,True,0,7269,36.345,23260800.0,7269.0,7269.0,0.0,0.49496208108471057,0.2348971855680464,0.23419952148250267,0.41875000000000007,0.23673498268640503,0.0,0.15158620732239084,0.38864772163690775,True,1.0,reject,1.0,BAOAB,0.0,0.0
ULD,"ULD gamma=1, tamed",e6c4a104a924b32b17e71efad43c7504,c87203a12406cc5114b7ffa2d8877465,True,1,7269,36.345,23260800.0,7269.0,7269.0,0.0,0.5078100005663158,0.24711670965701915,0.24642805375222132,0.4387500000000001,0.2434355703971418,0.0,0.15638258297200822,0.40864772163690777,True,1.0,reject,1.0,BAOAB,0.0,0.0
ULD,"ULD gamma=1, tamed",e6c4a104a924b32b17e71efad43c7504,c87203a12406cc5114b7ffa2d8877465,True,2,7269,36.345,23260800.0,7269.0,7269.0,0.0,0.5042865061712829,0.24220685574570422,0.24150847304263245,0.42750000000000005,0.24479661564633415,0.0,0.15483819797285586,0.40239772163690785,True,1.0,reject,1.0,BAOAB,0.0,0.0
ULD,"ULD gamma=1, tamed",e6c4a104a924b32b17e71efad43c7504,c87203a12406cc5114b7ffa2d8877465,True,3,7269,36.345,23260800.0,7269.0,7269.0,0.0,0.5036764051269685,0.244217422738363,0.24353034431742338,0.42250000000000004,0.23896306817832902,0.0,0.15303988915914646,0.39489772163690784,True,1.0,reject,1.0,BAOAB,0.0,0.0
ULD,"ULD gamma=1, tamed",e6c4a104a924b32b17e71efad43c7504,c87203a12406cc5114b7ffa2d8877465,True,0,7328,36.64,23449600.0,7328.0,7328.0,0.0,0.49611877231644985,0.23571800957016542,0.2350219443830105,0.41500000000000004,0.23533814917827212,0.0,0.15130030095592847,0.3873977216369078,True,1.0,reject,1.0,BAOAB,0.0,0.0
ULD,"ULD gamma=1, tamed",e6c4a104a924b32b17e71efad43c7504,c87203a12406cc5114b7ffa2d8877465,True,1,7328,36.64,23449600.0,7328.0,7328.0,0.0,0.5065309006019895,0.24586848439457187,0.24517814760498002,0.43749999999999994,0.2404312384698828,0.0,0.15545090619620672,0.40489772163690785,True,1.0,reject,1.0,BAOAB,0.0,0.0
ULD,"ULD gamma=1, tamed",e6c4a104a924b32b17e71efad43c7504,c87203a12406cc5114b7ffa2d8877465,True,2,7328,36.64,23449600.0,7328.0,7328.0,0.0,0.5017039991291202,0.2399976557041973,0.2393015993584029,0.42750000000000005,0.23840622172675685,0.0,0.15453434773201563,0.4011477216369078,True,1.0,reject,1.0,BAOAB,0.0,0.0
ULD,"ULD gamma=1, tamed",e6c4a104a924b32b17e71efad43c7504,c87203a12406cc5114b7ffa2d8877465,True,3,7328,36.64,23449600.0,7328.0,7328.0,0.0,0.5037196628118205,0.24411856029762413,0.24343157978691077,0.42375000000000007,0.2385362780858945,0.0,0.15333549530721396,0.3961477216369078,True,1.0,reject,1.0,BAOAB,0.0,0.0
ULD,"ULD gamma=1, tamed",e6c4a104a924b32b17e71efad43c7504,c87203a12406cc5114b7ffa2d8877465,True,0,7388,36.94,23641600.0,7388.0,7388.0,0.0,0.49690499549318257,0.237087053786314,0.23639512094719362,0.41375000000000006,0.2372709456539398,0.0,0.15073327387109609,0.38489772163690783,True,1.0,reject,1.0,BAOAB,0.0,0.0
ULD,"ULD gamma=1, tamed",e6c4a104a924b32b17e71efad43c7504,c87203a12406cc5114b7ffa2d8877465,True,1,7388,36.94,23641600.0,7388.0,7388.0,0.0,0.5050024777457698,0.24446879734813276,0.24377636856502638,0.43125,0.24209453437212192,0.0,0.15514371537091032,0.4036477216369078,True,1.0,reject,1.0,BAOAB,0.0,0.0
ULD,"ULD gamma=1, tamed",e6c4a104a924b32b17e71efad43c7504,c87203a12406cc5114b7ffa2d8877465,True,2,7388,36.94,23641600.0,7388.0,7388.0,0.0,0.49904048663189227,0.23885820715500372,0.23816335981987824,0.42375000000000007,0.24351510699414902,0.0,0.15453434773201563,0.4011477216369078,True,1.0,reject,1.0,BAOAB,0.0,0.0
ULD,"ULD gamma=1, tamed",e6c4a104a924b32b17e71efad43c7504,c87203a12406cc5114b7ffa2d8877465,True,3,7388,36.94,23641600.0,7388.0,7388.0,0.0,0.5022532587563179,0.24280844528812884,0.24211831267026673,0.43125,0.23990389604051354,0.0,0.15333549530721396,0.3961477216369078,True,1.0,reject,1.0,BAOAB,0.0,0.0
ULD,"ULD gamma=1, tamed",e6c4a104a924b32b17e71efad43c7504,c87203a12406cc5114b7ffa2d8877465,True,0,7447,37.235,23830400.0,7447.0,7447.0,0.0,0.4958084692563175,0.2363191221768597,0.23562876231385477,0.41500000000000004,0.23406439878285934,0.0,0.15017259169518035,0.38239772163690783,True,1.0,reject,1.0,BAOAB,0.0,0.0
ULD,"ULD gamma=1, tamed",e6c4a104a924b32b17e71efad43c7504,c87203a12406cc5114b7ffa2d8877465,True,1,7447,37.235,23830400.0,7447.0,7447.0,0.0,0.5028729845655828,0.24198801779253942,0.24129499631621276,0.42750000000000005,0.23950356926414773,0.0,0.15514371537091032,0.4036477216369078,True,1.0,reject,1.0,BAOAB,0.0,0.0
ULD,"ULD gamma=1, tamed",e6c4a104a924b32b17e71efad43c7504,c87203a12406cc5114b7ffa2d8877465,True,2,7447,37.235,23830400.0,7447.0,7447.0,0.0,0.49803108497745585,0.23723260331383333,0.2365372774538248,0.42125000000000007,0.23961267752953508,0.0,0.15363273826904258,0.3973977216369078,True,1.0,reject,1.0,BAOAB,0.0,0.0
ULD,"ULD gamma=1, tamed",e6c4a104a924b32b17e71efad43c7504,c87203a12406cc5114b7ffa2d8877465,True,3,7447,37.235,23830400.0,7447.0,7447.0,0.0,0.4989264040899134,0.2394420893794842,0.23875102133287907,0.42874999999999996,0.23679386702794192,0.0,0.1518737162156249,0.38989772163690783,True,1.0,reject,1.0,BAOAB,0.0,0.0
ULD,"ULD gamma=1, tamed",e6c4a104a924b32b17e71efad43c7504,c87203a12406cc5114b7ffa2d8877465,True,0,7506,37.53,24019200.0,7506.0,7506.0,0.0,0.4918403414882977,0.23267739099064122,0.2319842736459008,0.41875000000000007,0.23766868610362246,0.0,0.14907009371153296,0.37739772163690777,True,1.0,reject,1.0,BAOAB,0.0,0.0
ULD,"ULD gamma=1, tamed",e6c4a104a924b32b17e71efad43c7504,c87203a12406cc5114b7ffa2d8877465,True,1,7506,37.53,24019200.0,7506.0,7506.0,0.0,0.5030622933988352,0.24276258086757319,0.24207229713835554,0.42750000000000005,0.23858002005754386,0.0,0.15514371537091032,0.4036477216369078,True,1.0,reject,1.0,BAOAB,0.0,0.0
ULD,"ULD gamma=1, tamed",e6c4a104a924b32b17e71efad43c7504,c87203a12406cc5114b7ffa2d8877465,True,2,7506,37.53,24019200.0,7506.0,7506.0,0.0,0.496753529408982,0.23671469564541414,0.23602051250897582,0.41750000000000004,0.2413963848354258,0.0,0.1527459139526403,0.3936477216369078,True,1.0,reject,1.0,BAOAB,0.0,0.0
ULD,"ULD gamma=1, tamed",e6c4a104a924b32b17e71efad43c7504,c87203a12406cc5114b7ffa2d8877465,True,3,7506,37.53,24019200.0,7506.0,7506.0,0.0,0.49629632458120176,0.23682129126319218,0.23612939283374568,0.42500000000000004,0.23525737547126013,0.0,0.1521628331945348,0.3911477216369078,True,1.0,reject,1.0,BAOAB,0.0,0.0
ULD,"ULD gamma=1, tamed",e6c4a104a924b32b17e71efad43c7504,c87203a12406cc5114b7ffa2d8877465,True,0,7566,37.83,24211200.0,7566.0,7566.0,0.0,0.4900136181884245,0.23043465161754573,0.22974068929290992,0.42250000000000004,0.2332002901281297,0.0,0.1493433728115467,0.37864772163690774,True,1.0,reject,1.0,BAOAB,0.0,0.0
ULD,"ULD gamma=1, tamed",e6c4a104a924b32b17e71efad43c7504,c87203a12406cc5114b7ffa2d8877465,True,1,7566,37.83,24211200.0,7566.0,7566.0,0.0,0.501633778019311,0.24176617455039584,0.24107588051676654,0.4287500000000001,0.24057180884490326,0.0,0.15453434773201563,0.4011477216369078,True,1.0,reject,1.0,BAOAB,0.0,0.0
ULD,"ULD gamma=1, tamed",e6c4a104a924b32b17e71efad43c7504,c87203a12406cc5114b7ffa2d8877465,True,2,7566,37.83,24211200.0,7566.0,7566.0,0.0,0.4935096200904197,0.23375075505859644,0.23305598475925893,0.41500000000000004,0.24050591225145057,0.0,0.1521628331945348,0.3911477216369078,True,1.0,reject,1.0,BAOAB,0.0,0.0
ULD,"ULD gamma=1, tamed",e6c4a104a924b32b17e71efad43c7504,c87203a12406cc5114b7ffa2d8877465,True,3,7566,37.83,24211200.0,7566.0,7566.0,0.0,0.49384956517596534,0.23325611706217197,0.2325583442793997,0.40750000000000003,0.23729978203735425,0.0,0.1521628331945348,0.3911477216369078,True,1.0,reject,1.0,BAOAB,0.0,0.0
ULD,"ULD gamma=1, tamed",e6c4a104a924b32b17e71efad43c7504,c87203a12406cc5114b7ffa2d8877465,True,0,7625,38.125,24400000.0,7625.0,7625.0,0.0,0.4901246517602237,0.23007779672980377,0.22938326725954905,0.41250000000000003,0.23166698388602547,0.0,0.14879836977442745,0.3761477216369078,True,1.0,reject,1.0,BAOAB,0.0,0.0
ULD,"ULD gamma=1, tamed",e6c4a104a924b32b17e71efad43c7504,c87203a12406cc5114b7ffa2d8877465,True,1,7625,38.125,24400000.0,7625.0,7625.0,0.0,0.4998453094493912,0.23995249370247118,0.23925985345137712,0.43000000000000005,0.2414339477143479,0.0,0.15514371537091032,0.4036477216369078,True,1.0,reject,1.0,BAOAB,0.0,0.0
ULD,"ULD gamma=1, tamed",e6c4a104a924b32b17e71efad43c7504,c87203a12406cc5114b7ffa2d8877465,True,2,7625,38.125,24400000.0,7625.0,7625.0,0.0,0.4913210751287655,0.23069552516943415,0.2299986509602997,0.41625000000000006,0.23669125758101384,0.0,0.15073327387109609,0.38489772163690783,True,1.0,reject,1.0,BAOAB,0.0,0.0
ULD,"ULD gamma=1, tamed",e6c4a104a924b32b17e71efad43c7504,c87203a12406cc5114b7ffa2d8877465,True,3,7625,38.125,24400000.0,7625.0,7625.0,0.0,0.4900429478018176,0.22933015859694783,0.22862767559220587,0.40750000000000003,0.2391920960534164,0.0,0.15158620732239084,0.38864772163690775,True,1.0,reject,1.0,BAOAB,0.0,0.0
ULD,"ULD gamma=1, tamed",e6c4a104a924b32b17e71efad43c7504,c87203a12406cc5114b7ffa2d8877465,True,0,7684,38.42,24588800.0,7684.0,7684.0,0.0,0.4917665697237985,0.23110970908315764,0.23041335184544676,0.4025,0.23498265616485337,0.0,0.1493433728115467,0.37864772163690774,True,1.0,reject,1.0,BAOAB,0.0,0.0
ULD,"ULD gamma=1, tamed",e6c4a104a924b32b17e71efad43c7504,c87203a12406cc5114b7ffa2d8877465,True,1,7684,38.42,24588800.0,7684.0,7684.0,0.0,0.5003861365767417,0.23996055421421392,0.23926701075872947,0.4287500000000001,0.23868144615303288,0.0,0.15483819797285586,0.40239772163690785,True,1.0,reject,1.0,BAOAB,0.0,0.0
ULD,"ULD gamma=1, tamed",e6c4a104a924b32b17e71efad43c7504,c87203a12406cc5114b7ffa2d8877465,True,2,7684,38.42,24588800.0,7684.0,7684.0,0.0,0.49057317398702677,0.22890359593858534,0.228201155671941,0.41625000000000006,0.24202051752463793,0.0,0.15017259169518035,0.38239772163690783,True,1.0,reject,1.0,BAOAB,0.0,0.0
ULD,"ULD gamma=1, tamed",e6c4a104a924b32b17e71efad43c7504,c87203a12406cc5114b7ffa2d8877465,True,3,7684,38.42,24588800.0,7684.0,7684.0,0.0,0.49044962228639316,0.22931470609188465,0.22861316220356354,0.40750000000000003,0.23868682003662456,0.0,0.15130030095592847,0.3873977216369078,True,1.0,reject,1.0,BAOAB,0.0,0.0
ULD,"ULD gamma=1, tamed",e6c4a104a924b32b17e71efad43c7504,c87203a12406cc5114b7ffa2d8877465,True,0,7744,38.72,24780800.0,7744.0,7744.0,0.0,0.4905300295391094,0.2289129212967489,0.22821058991480647,0.39375000000000004,0.23386139136205975,0.0,0.1498946166862589,0.3811477216369078,True,1.0,reject,1.0,BAOAB,0.0,0.0
ULD,"ULD gamma=1, tamed",e6c4a104a924b32b17e71efad43c7504,c87203a12406cc5114b7ffa2d8877465,True,1,7744,38.72,24780800.0,7744.0,7744.0,0.0,0.5020541728030048,0.24146190628771436,0.24076835139604824,0.42875,0.24032788803788685,0.0,0.15483819797285586,0.40239772163690785,True,1.0,reject,1.0,BAOAB,0.0,0.0
ULD,"ULD gamma=1, tamed",e6c4a104a924b32b17e71efad43c7504,c87203a12406cc5114b7ffa2d8877465,True,2,7744,38.72,24780800.0,7744.0,7744.0,0.0,0.4924963393018156,0.23049557958519218,0.22979328841015867,0.40875000000000006,0.23708071142041331,0.0,0.1498946166862589,0.3811477216369078,True,1.0,reject,1.0,BAOAB,0.0,0.0
ULD,"ULD gamma=1, tamed",e6c4a104a924b32b17e71efad43c7504,c87203a12406cc5114b7ffa2d8877465,True,3,7744,38.72,24780800.0,7744.0,7744.0,0.0,0.4910482238269207,0.22981159600109202,0.22911112762161212,0.41000000000000003,0.23772474774201824,0.0,0.15045214233653048,0.3836477216369078,True,1.0,reject,1.0,BAOAB,0.0,0.0
ULD,"ULD gamma=1, tamed",e6c4a104a924b32b17e71efad43c7504,c87203a12406cc5114b7ffa2d8877465,True,0,7803,39.015,24969600.0,7803.0,7803.0,0.0,0.48778208437074594,0.22598548231907556,0.22527837267750583,0.39875,0.23531744772032603,0.0,0.14961821210688775,0.3798977216369078,True,1.0,reject,1.0,BAOAB,0.0,0.0
ULD,"ULD gamma=1, tamed",e6c4a104a924b32b17e71efad43c7504,c87203a12406cc5114b7ffa2d8877465,True,1,7803,39.015,24969600.0,7803.0,7803.0,0.0,0.5024126206173394,0.2414719798456959,0.24077702957754343,0.43000000000000005,0.2423348112189766,0.0,0.15514371537091032,0.4036477216369078,True,1.0,reject,1.0,BAOAB,0.0,0.0
ULD,"ULD gamma=1, tamed",e6c4a104a924b32b17e71efad43c7504,c87203a12406cc5114b7ffa2d8877465,True,2,7803,39.015,24969600.0,7803.0,7803.0,0.0,0.49336479671770517,0.23215131312353565,0.23145260500647258,0.40750000000000003,0.23905396265326828,0.0,0.14879836977442745,0.3761477216369078,True,1.0,reject,1.0,BAOAB,0.0,0.0
ULD,"ULD gamma=1, tamed",e6c4a104a924b32b17e71efad43c7504,c87203a12406cc5114b7ffa2d8877465,True,3,7803,39.015,24969600.0,7803.0,7803.0,0.0,0.4919999650403089,0.23065087190397926,0.2299506523669803,0.40875000000000006,0.2355284840755193,0.0,0.1493433728115467,0.37864772163690774,True,1.0,reject,1.0,BAOAB,0.0,0.0
ULD,"ULD gamma=1, tamed",e6c4a104a924b32b17e71efad43c7504,c87203a12406cc5114b7ffa2d8877465,True,0,7862,39.31,25158400.0,7862.0,7862.0,0.0,0.48756051975770776,0.22534046734464164,0.22463356358218423,0.40125,0.23499681515460413,0.0,0.14961821210688775,0.3798977216369078,True,1.0,reject,1.0,BAOAB,0.0,0.0
ULD,"ULD gamma=1, tamed",e6c4a104a924b32b17e71efad43c7504,c87203a12406cc5114b7ffa2d8877465,True,1,7862,39.31,25158400.0,7862.0,7862.0,0.0,0.5005375981498472,0.2399746820542189,0.23927931208395847,0.42750000000000005,0.24131806894162644,0.0,0.15393162398142504,0.39864772163690776,True,1.0,reject,1.0,BAOAB,0.0,0.0
ULD,"ULD gamma=1, tamed",e6c4a104a924b32b17e71efad43c7504,c87203a12406cc5114b7ffa2d8877465,True,2,7862,39.31,25158400.0,7862.0,7862.0,0.0,0.49223274967474134,0.23166942749311414,0.23097535900623722,0.41125000000000006,0.23352136970334947,0.0,0.14772692694755252,0.37114772163690785,True,1.0,reject,1.0,BAOAB,0.0,0.0
ULD,"ULD gamma=1, tamed",e6c4a104a924b32b17e71efad43c7504,c87203a12406cc5114b7ffa2d8877465,True,3,7862,39.31,25158400.0,7862.0,7862.0,0.0,0.4922371607592294,0.23120099629593804,0.23050032376722052,0.41375,0.23437116201041752,0.0,0.1498946166862589,0.3811477216369078,True,1.0,reject,1.0,BAOAB,0.0,0.0
ULD,"ULD gamma=1, tamed",e6c4a104a924b32b17e71efad43c7504,c87203a12406cc5114b7ffa2d8877465,True,0,7922,39.61,25350400.0,7922.0,7922.0,0.0,0.48800217413066377,0.2261953135653315,0.22549198659863245,0.4025000000000001,0.2341309752165983,0.0,0.14961821210688775,0.3798977216369078,True,1.0,reject,1.0,BAOAB,0.0,0.0
ULD,"ULD gamma=1, tamed",e6c4a104a924b32b17e71efad43c7504,c87203a12406cc5114b7ffa2d8877465,True,1,7922,39.61,25350400.0,7922.0,7922.0,0.0,0.49671350171271766,0.23672514879243312,0.23603025996291593,0.42750000000000005,0.24219015413249667,0.0,0.15333549530721396,0.3961477216369078,True,1.0,reject,1.0,BAOAB,0.0,0.0
ULD,"ULD gamma=1, tamed",e6c4a104a924b32b17e71efad43c7504,c87203a12406cc5114b7ffa2d8877465,True,2,7922,39.61,25350400.0,7922.0,7922.0,0.0,0.4889181696143982,0.22909620140575648,0.2283990902737657,0.42125000000000007,0.2377857220392504,0.0,0.14852819602357178,0.3748977216369078,True,1.0,reject,1.0,BAOAB,0.0,0.0
ULD,"ULD gamma=1, tamed",e6c4a104a924b32b17e71efad43c7504,c87203a12406cc5114b7ffa2d8877465,True,3,7922,39.61,25350400.0,7922.0,7922.0,0.0,0.491702048097288,0.23078656800204356,0.230086472887292,0.40875000000000006,0.23599597138527784,0.0,0.1498946166862589,0.3811477216369078,True,1.0,reject,1.0,BAOAB,0.0,0.0
ULD,"ULD gamma=1, tamed",e6c4a104a924b32b17e71efad43c7504,c87203a12406cc5114b7ffa2d8877465,True,0,7981,39.905,25539200.0,7981.0,7981.0,0.0,0.4894058117790809,0.2279026878234851,0.2272009814068493,0.40750000000000003,0.23474896944274692,0.0,0.14852819602357178,0.3748977216369078,True,1.0,reject,1.0,BAOAB,0.0,0.0
ULD,"ULD gamma=1, tamed",e6c4a104a924b32b17e71efad43c7504,c87203a12406cc5114b7ffa2d8877465,True,1,7981,39.905,25539200.0,7981.0,7981.0,0.0,0.4952783249006559,0.23491407988799518,0.23421911809651041,0.42500000000000004,0.23678738075602757,0.0,0.1527459139526403,0.3936477216369078,True,1.0,reject,1.0,BAOAB,0.0,0.0
ULD,"ULD gamma=1, tamed",e6c4a104a924b32b17e71efad43c7504,c87203a12406cc5114b7ffa2d8877465,True,2,7981,39.905,25539200.0,7981.0,7981.0,0.0,0.4876568674084747,0.2283743254737035,0.22767867158366017,0.4175,0.23544180824874994,0.0,0.14852819602357178,0.3748977216369078,True,1.0,reject,1.0,BAOAB,0.0,0.0
ULD,"ULD gamma=1, tamed",e6c4a104a924b32b17e71efad43c7504,c87203a12406cc5114b7ffa2d8877465,True,3,7981,39.905,25539200.0,7981.0,7981.0,0.0,0.4902681399622436,0.22963568145586588,0.22893771112765937,0.405,0.2327284930390774,0.0,0.15017259169518035,0.38239772163690783,True,1.0,reject,1.0,BAOAB,0.0,0.0
ULD,"ULD gamma=1, tamed",e6c4a104a924b32b17e71efad43c7504,c87203a12406cc5114b7ffa2d8877465,True,0,8041,40.205,25731200.0,8041.0,8041.0,0.0,0.4873892574703344,0.22672392914260797,0.22602437034326395,0.40625000000000006,0.23372214259527901,0.0,0.14799247944969177,0.3723977216369078,True,1.0,reject,1.0,BAOAB,0.0,0.0
ULD,"ULD gamma=1, tamed",e6c4a104a924b32b17e71efad43c7504,c87203a12406cc5114b7ffa2d8877465,True,1,8041,40.205,25731200.0,8041.0,8041.0,0.0,0.4949524945584618,0.23463672988485718,0.23394002286804405,0.41500000000000004,0.2390451260462888,0.0,0.1521628331945348,0.3911477216369078,True,1.0,reject,1.0,BAOAB,0.0,0.0
ULD,"ULD gamma=1, tamed",e6c4a104a924b32b17e71efad43c7504,c87203a12406cc5114b7ffa2d8877465,True,2,8041,40.205,25731200.0,8041.0,8041.0,0.0,0.48808664515833344,0.22883615404562074,0.22814344985227186,0.41375000000000006,0.23346871646605127,0.0,0.14852819602357178,0.3748977216369078,True,1.0,reject,1.0,BAOAB,0.0,0.0
ULD,"ULD gamma=1, tamed",e6c4a104a924b32b17e71efad43c7504,c87203a12406cc5114b7ffa2d8877465,True,3,8041,40.205,25731200.0,8041.0,8041.0,0.0,0.4892800008732011,0.22851512823482023,0.22781761027758174,0.4,0.23314347493144427,0.0,0.1493433728115467,0.37864772163690774,True,1.0,reject,1.0,BAOAB,0.0,0.0
ULD,"ULD gamma=1, tamed",e6c4a104a924b32b17e71efad43c7504,c87203a12406cc5114b7ffa2d8877465,True,0,8100,40.5,25920000.0,8100.0,8100.0,0.0,0.485741495971761,0.22524953715533025,0.22455125150740585,0.40750000000000003,0.23493032336654862,0.0,0.14799247944969177,0.3723977216369078,True,1.0,reject,1.0,BAOAB,0.0,0.0
ULD,"ULD gamma=1, tamed",e6c4a104a924b32b17e71efad43c7504,c87203a12406cc5114b7ffa2d8877465,True,1,8100,40.5,25920000.0,8100.0,8100.0,0.0,0.4945148359976659,0.23425189683802183,0.23355466564691774,0.41125000000000006,0.23698985435965192,0.0,0.1521628331945348,0.3911477216369078,True,1.0,reject,1.0,BAOAB,0.0,0.0
ULD,"ULD gamma=1, tamed",e6c4a104a924b32b17e71efad43c7504,c87203a12406cc5114b7ffa2d8877465,True,2,8100,40.5,25920000.0,8100.0,8100.0,0.0,0.48819682190169617,0.22891379885512086,0.2282215978720863,0.41000000000000003,0.2354983771428243,0.0,0.14746290527244318,0.3698977216369078,True,1.0,reject,1.0,BAOAB,0.0,0.0
ULD,"ULD gamma=1, tamed",e6c4a104a924b32b17e71efad43c7504,c87203a12406cc5114b7ffa2d8877465,True,3,8100,40.5,25920000.0,8100.0,8100.0,0.0,0.48650370715165214,0.22628893930978422,0.22559083712244854,0.4000000000000001,0.2343088951563218,0.0,0.14799247944969177,0.3723977216369078,True,1.0,reject,1.0,BAOAB,0.0,0.0
ULD,"ULD gamma=1, tamed",e6c4a104a924b32b17e71efad43c7504,c87203a12406cc5114b7ffa2d8877465,True,0,8159,40.795,26108800.0,8159.0,8159.0,0.0,0.48598487545648045,0.22577064106868128,0.22507399646101478,0.405,0.2308904373710502,0.0,0.14772692694755252,0.37114772163690785,True,1.0,reject,1.0,BAOAB,0.0,0.0
ULD,"ULD gamma=1, tamed",e6c4a104a924b32b17e71efad43c7504,c87203a12406cc5114b7ffa2d8877465,True,1,8159,40.795,26108800.0,8159.0,8159.0,0.0,0.49461100656181206,0.2338048492941438,0.2331083310586709,0.4100000000000001,0.23213357822025982,0.0,0.15158620732239084,0.38864772163690775,True,1.0,reject,1.0,BAOAB,0.0,0.0
ULD,"ULD gamma=1, tamed",e6c4a104a924b32b17e71efad43c7504,c87203a12406cc5114b7ffa2d8877465,True,2,8159,40.795,26108800.0,8159.0,8159.0,0.0,0.48655796232362897,0.22703411680621666,0.22633858068372115,0.40125000000000005,0.23757364048333296,0.0,0.14825956753755204,0.37364772163690785,True,1.0,reject,1.0,BAOAB,0.0,0.0
ULD,"ULD gamma=1, tamed",e6c4a104a924b32b17e71efad43c7504,c87203a12406cc5114b7ffa2d8877465,True,3,8159,40.795,26108800.0,8159.0,8159.0,0.0,0.48745257867169445,0.22729070533114304,0.22659510186362541,0.4025,0.23099562626640113,0.0,0.14825956753755204,0.37364772163690785,True,1.0,reject,1.0,BAOAB,0.0,0.0
ULD,"ULD gamma=1, tamed",e6c4a104a924b32b17e71efad43c7504,c87203a12406cc5114b7ffa2d8877465,True,0,8219,41.095,26300800.0,8219.0,8219.0,0.0,0.48395030870543104,0.22432294132341024,0.22362349171643425,0.405,0.2368453190595906,0.0,0.14799247944969177,0.3723977216369078,True,1.0,reject,1.0,BAOAB,0.0,0.0
ULD,"ULD gamma=1, tamed",e6c4a104a924b32b17e71efad43c7504,c87203a12406cc5114b7ffa2d8877465,True,1,8219,41.095,26300800.0,8219.0,8219.0,0.0,0.4941071767945384,0.23342071297638955,0.2327233316011379,0.41750000000000004,0.23662931344910787,0.0,0.15073327387109609,0.38489772163690783,True,1.0,reject,1.0,BAOAB,0.0,0.0
ULD,"ULD gamma=1, tamed",e6c4a104a924b32b17e71efad43c7504,c87203a12406cc5114b7ffa2d8877465,True,2,8219,41.095,26300800.0,8219.0,8219.0,0.0,0.4859030107476483,0.2258685045604203,0.2251696261780255,0.40375,0.23472224534545294,0.0,0.14772692694755252,0.37114772163690785,True,1.0,reject,1.0,BAOAB,0.0,0.0
ULD,"ULD gamma=1, tamed",e6c4a104a924b32b17e71efad43c7504,c87203a12406cc5114b7ffa2d8877465,True,3,8219,41.095,26300800.0,8219.0,8219.0,0.0,0.48996970010260865,0.22955049017374451,0.22885521436023348,0.41375,0.2322942811560328,0.0,0.14825956753755204,0.37364772163690785,True,1.0,reject,1.0,BAOAB,0.0,0.0
ULD,"ULD gamma=1, tamed",e6c4a104a924b32b17e71efad43c7504,c87203a12406cc5114b7ffa2d8877465,True,0,8278,41.39,26489600.0,8278.0,8278.0,0.0,0.48386551047834736,0.22379221631160628,0.22309158527794526,0.4025000000000001,0.23412708055233955,0.0,0.14799247944969177,0.3723977216369078,True,1.0,reject,1.0,BAOAB,0.0,0.0
ULD,"ULD gamma=1, tamed",e6c4a104a924b32b17e71efad43c7504,c87203a12406cc5114b7ffa2d8877465,True,1,8278,41.39,26489600.0,8278.0,8278.0,0.0,0.49245445648257535,0.23283853645735086,0.23214239743680998,0.41750000000000004,0.23563867966478558,0.0,0.15073327387109609,0.38489772163690783,True,1.0,reject,1.0,BAOAB,0.0,0.0
ULD,"ULD gamma=1, tamed",e6c4a104a924b32b17e71efad43c7504,c87203a12406cc5114b7ffa2d8877465,True,2,8278,41.39,26489600.0,8278.0,8278.0,0.0,0.48537297392383166,0.2253640972473926,0.22466473296455758,0.40625000000000006,0.23270441939372866,0.0,0.14746290527244318,0.3698977216369078,True,1.0,reject,1.0,BAOAB,0.0,0.0
ULD,"ULD gamma=1, tamed",e6c4a104a924b32b17e71efad43c7504,c87203a12406cc5114b7ffa2d8877465,True,3,8278,41.39,26489600.0,8278.0,8278.0,0.0,0.49221381677771114,0.23156262024538854,0.23086783537518973,0.42000000000000004,0.23156946698944947,0.0,0.14799247944969177,0.3723977216369078,True,1.0,reject,1.0,BAOAB,0.0,0.0
ULD,"ULD gamma=1, tamed",e6c4a104a924b32b17e71efad43c7504,c87203a12406cc5114b7ffa2d8877465,True,0,8338,41.69,26681600.0,8338.0,8338.0,0.0,0.4849983459843821,0.22396536744664075,0.22326489626819468,0.39999999999999997,0.23175513434469697,0.0,0.14772692694755252,0.37114772163690785,True,1.0,reject,1.0,BAOAB,0.0,0.0
ULD,"ULD gamma=1, tamed",e6c4a104a924b32b17e71efad43c7504,c87203a12406cc5114b7ffa2d8877465,True,1,8338,41.69,26681600.0,8338.0,8338.0,0.0,0.49207525185052764,0.23313556538332336,0.23244210148200106,0.41875,0.23800473633657304,0.0,0.15045214233653048,0.3836477216369078,True,1.0,reject,1.0,BAOAB,0.0,0.0
ULD,"ULD gamma=1, tamed",e6c4a104a924b32b17e71efad43c7504,c87203a12406cc5114b7ffa2d8877465,True,2,8338,41.69,26681600.0,8338.0,8338.0,0.0,0.4845949577281824,0.22383879625123837,0.22313736607470758,0.40125000000000005,0.23292879115150422,0.0,0.1464220335227814,0.3648977216369078,True,1.0,reject,1.0,BAOAB,0.0,0.0
ULD,"ULD gamma=1, tamed",e6c4a104a924b32b17e71efad43c7504,c87203a12406cc5114b7ffa2d8877465,True,3,8338,41.69,26681600.0,8338.0,8338.0,0.0,0.49185668052660214,0.23093706427957927,0.23023968148794938,0.41250000000000003,0.23375372360365998,0.0,0.14825956753755204,0.37364772163690785,True,1.0,reject,1.0,BAOAB,0.0,0.0
ULD,"ULD gamma=1, tamed",e6c4a104a924b32b17e71efad43c7504,c87203a12406cc5114b7ffa2d8877465,True,0,8397,41.985,26870400.0,8397.0,8397.0,0.0,0.4868730978094364,0.22494484974279338,0.22424279843338923,0.39875000000000005,0.23230608681346687,0.0,0.1464220335227814,0.3648977216369078,True,1.0,reject,1.0,BAOAB,0.0,0.0
ULD,"ULD gamma=1, tamed",e6c4a104a924b32b17e71efad43c7504,c87203a12406cc5114b7ffa2d8877465,True,1,8397,41.985,26870400.0,8397.0,8397.0,0.0,0.49231745101132923,0.2332472648720404,0.2325564236235519,0.41375,0.23568955260080227,0.0,0.15045214233653048,0.3836477216369078,True,1.0,reject,1.0,BAOAB,0.0,0.0
ULD,"ULD gamma=1, tamed",e6c4a104a924b32b17e71efad43c7504,c87203a12406cc5114b7ffa2d8877465,True,2,8397,41.985,26870400.0,8397.0,8397.0,0.0,0.4842427995279603,0.22287191109149462,0.22217125795061932,0.3975,0.22916259096667324,0.0,0.14616559645020435,0.36364772163690784,True,1.0,reject,1.0,BAOAB,0.0,0.0
ULD,"ULD gamma=1, tamed",e6c4a104a924b32b17e71efad43c7504,c87203a12406cc5114b7ffa2d8877465,True,3,8397,41.985,26870400.0,8397.0,8397.0,0.0,0.48936021914768774,0.2282684828286029,0.22756808211312396,0.40375000000000005,0.23254015799390382,0.0,0.14879836977442745,0.3761477216369078,True,1.0,reject,1.0,BAOAB,0.0,0.0
ULD,"ULD gamma=1, tamed",e6c4a104a924b32b17e71efad43c7504,c87203a12406cc5114b7ffa2d8877465,True,0,8456,42.28,27059200.0,8456.0,8456.0,0.0,0.4846974587532489,0.2233051417352302,0.22260155086990951,0.4,0.23181437093975132,0.0,0.1464220335227814,0.3648977216369078,True,1.0,reject,1.0,BAOAB,0.0,0.0
ULD,"ULD gamma=1, tamed",e6c4a104a924b32b17e71efad43c7504,c87203a12406cc5114b7ffa2d8877465,True,1,8456,42.28,27059200.0,8456.0,8456.0,0.0,0.49202047606480986,0.23259107427213865,0.23189900536079577,0.41250000000000003,0.23437700064664113,0.0,0.15045214233653048,0.3836477216369078,True,1.0,reject,1.0,BAOAB,0.0,0.0
ULD,"ULD gamma=1, tamed",e6c4a104a924b32b17e71efad43c7504,c87203a12406cc5114b7ffa2d8877465,True,2,8456,42.28,27059200.0,8456.0,8456.0,0.0,0.48321263565834693,0.2219286444703461,0.22122897935183305,0.395,0.2258319878988081,0.0,0.14591066275467326,0.3623977216369078,True,1.0,reject,1.0,BAOAB,0.0,0.0
ULD,"ULD gamma=1, tamed",e6c4a104a924b32b17e71efad43c7504,c87203a12406cc5114b7ffa2d8877465,True,3,8456,42.28,27059200.0,8456.0,8456.0,0.0,0.4872140127609245,0.22623709786563717,0.22553713268972675,0.4075,0.23266709254772255,0.0,0.14799247944969177,0.3723977216369078,True,1.0,reject,1.0,BAOAB,0.0,0.0
ULD,"ULD gamma=1, tamed",e6c4a104a924b32b17e71efad43c7504,c87203a12406cc5114b7ffa2d8877465,True,0,8516,42.58,27251200.0,8516.0,8516.0,0.0,0.4823245705403775,0.22139898765380228,0.22069561967222284,0.3975,0.23334672636386689,0.0,0.14616559645020435,0.36364772163690784,True,1.0,reject,1.0,BAOAB,0.0,0.0
ULD,"ULD gamma=1, tamed",e6c4a104a924b32b17e71efad43c7504,c87203a12406cc5114b7ffa2d8877465,True,1,8516,42.58,27251200.0,8516.0,8516.0,0.0,0.4908159863824654,0.23162875473861633,0.23093485925834,0.41000000000000003,0.23474768648265087,0.0,0.1498946166862589,0.3811477216369078,True,1.0,reject,1.0,BAOAB,0.0,0.0
ULD,"ULD gamma=1, tamed",e6c4a104a924b32b17e71efad43c7504,c87203a12406cc5114b7ffa2d8877465,True,2,8516,42.58,27251200.0,8516.0,8516.0,0.0,0.48164308187495175,0.22052710629678451,0.21982657045323672,0.39625,0.22941025739015053,0.0,0.14591066275467326,0.3623977216369078,True,1.0,reject,1.0,BAOAB,0.0,0.0
ULD,"ULD gamma=1, tamed",e6c4a104a924b32b17e71efad43c7504,c87203a12406cc5114b7ffa2d8877465,True,3,8516,42.58,27251200.0,8516.0,8516.0,0.0,0.4880575166417735,0.2272698314843571,0.22657284469634875,0.40125,0.22942747758771564,0.0,0.14799247944969177,0.3723977216369078,True,1.0,reject,1.0,BAOAB,0.0,0.0
ULD,"ULD gamma=1, tamed",e6c4a104a924b32b17e71efad43c7504,c87203a12406cc5114b7ffa2d8877465,True,0,8575,42.875,27440000.0,8575.0,8575.0,0.0,0.4822326193429358,0.2206795038737006,0.21997881736725278,0.39250000000000007,0.22885719966503903,0.0,0.14565722804062187,0.36114772163690784,True,1.0,reject,1.0,BAOAB,0.0,0.0
ULD,"ULD gamma=1, tamed",e6c4a104a924b32b17e71efad43c7504,c87203a12406cc5114b7ffa2d8877465,True,1,8575,42.875,27440000.0,8575.0,8575.0,0.0,0.4895683884494927,0.22968120440893958,0.22898537516486228,0.41125,0.2333837050194132,0.0,0.14961821210688775,0.3798977216369078,True,1.0,reject,1.0,BAOAB,0.0,0.0
ULD,"ULD gamma=1, tamed",e6c4a104a924b32b17e71efad43c7504,c87203a12406cc5114b7ffa2d8877465,True,2,8575,42.875,27440000.0,8575.0,8575.0,0.0,0.4811623401706725,0.21913961678154759,0.2184383823316447,0.39125,0.22548987235261153,0.0,0.14515483822472783,0.35864772163690783,True,1.0,reject,1.0,BAOAB,0.0,0.0
ULD,"ULD gamma=1, tamed",e6c4a104a924b32b17e71efad43c7504,c87203a12406cc5114b7ffa2d8877465,True,3,8575,42.875,27440000.0,8575.0,8575.0,0.0,0.4883754355061727,0.22784455207111065,0.22714953044506725,0.40375000000000005,0.22988802828794286,0.0,0.14799247944969177,0.3723977216369078,True,1.0,reject,1.0,BAOAB,0.0,0.0
ULD,"ULD gamma=1, tamed",e6c4a104a924b32b17e71efad43c7504,c87203a12406cc5114b7ffa2d8877465,True,0,8634,43.17,27628800.0,8634.0,8634.0,0.0,0.4795345962198873,0.21841720102448114,0.21771599422218868,0.38625000000000004,0.23180107170772857,0.0,0.14515483822472783,0.35864772163690783,True,1.0,reject,1.0,BAOAB,0.0,0.0
ULD,"ULD gamma=1, tamed",e6c4a104a924b32b17e71efad43c7504,c87203a12406cc5114b7ffa2d8877465,True,1,8634,43.17,27628800.0,8634.0,8634.0,0.0,0.48940015246440355,0.2287424981023577,0.22804536382237606,0.40375000000000005,0.2345225805238934,0.0,0.1498946166862589,0.3811477216369078,True,1.0,reject,1.0,BAOAB,0.0,0.0
ULD,"ULD gamma=1, tamed",e6c4a104a924b32b17e71efad43c7504,c87203a12406cc5114b7ffa2d8877465,True,2,8634,43.17,27628800.0,8634.0,8634.0,0.0,0.4815638303931199,0.21903781581606785,0.21833369751172038,0.39000000000000007,0.22838658292883673,0.0,0.14490587458052062,0.35739772163690775,True,1.0,reject,1.0,BAOAB,0.0,0.0
ULD,"ULD gamma=1, tamed",e6c4a104a924b32b17e71efad43c7504,c87203a12406cc5114b7ffa2d8877465,True,3,8634,43.17,27628800.0,8634.0,8634.0,0.0,0.4857721762163314,0.2255581322397172,0.22486182644081265,0.3975000000000001,0.23011872987375204,0.0,0.14667997841849376,0.3661477216369078,True,1.0,reject,1.0,BAOAB,0.0,0.0
ULD,"ULD gamma=1, tamed",e6c4a104a924b32b17e71efad43c7504,c87203a12406cc5114b7ffa2d8877465,True,0,8694,43.47,27820800.0,8694.0,8694.0,0.0,0.476884284785117,0.21535070665221956,0.2146457734726811,0.38250000000000006,0.23075697279079432,0.0,0.14490587458052062,0.35739772163690775,True,1.0,reject,1.0,BAOAB,0.0,0.0
ULD,"ULD gamma=1, tamed",e6c4a104a924b32b17e71efad43c7504,c87203a12406cc5114b7ffa2d8877465,True,1,8694,43.47,27820800.0,8694.0,8694.0,0.0,0.488767441525221,0.22790936042790078,0.2272107729144981,0.40125000000000005,0.2310345899075179,0.0,0.1493433728115467,0.37864772163690774,True,1.0,reject,1.0,BAOAB,0.0,0.0
ULD,"ULD gamma=1, tamed",e6c4a104a924b32b17e71efad43c7504,c87203a12406cc5114b7ffa2d8877465,True,2,8694,43.47,27820800.0,8694.0,8694.0,0.0,0.4811554600255745,0.21874983989830032,0.21804484243569566,0.39125000000000004,0.22682490799644317,0.0,0.1441678584743326,0.35364772163690783,True,1.0,reject,1.0,BAOAB,0.0,0.0
ULD,"ULD gamma=1, tamed",e6c4a104a924b32b17e71efad43c7504,c87203a12406cc5114b7ffa2d8877465,True,3,8694,43.47,27820800.0,8694.0,8694.0,0.0,0.48178402500418493,0.22172026601581507,0.2210217352131928,0.39875000000000005,0.23121054471760127,0.0,0.14616559645020435,0.36364772163690784,True,1.0,reject,1.0,BAOAB,0.0,0.0
ULD,"ULD gamma=1, tamed",e6c4a104a924b32b17e71efad43c7504,c87203a12406cc5114b7ffa2d8877465,True,0,8753,43.765,28009600.0,8753.0,8753.0,0.0,0.4779963152016089,0.2159831305950719,0.21527723784813535,0.385,0.22983950315022827,0.0,0.14465839283223572,0.3561477216369078,True,1.0,reject,1.0,BAOAB,0.0,0.0
ULD,"ULD gamma=1, tamed",e6c4a104a924b32b17e71efad43c7504,c87203a12406cc5114b7ffa2d8877465,True,1,8753,43.765,28009600.0,8753.0,8753.0,0.0,0.48891759988483363,0.22820234367642134,0.22750221445979601,0.40625000000000006,0.2352254060349156,0.0,0.14825956753755204,0.37364772163690785,True,1.0,reject,1.0,BAOAB,0.0,0.0
ULD,"ULD gamma=1, tamed",e6c4a104a924b32b17e71efad43c7504,c87203a12406cc5114b7ffa2d8877465,True,2,8753,43.765,28009600.0,8753.0,8753.0,0.0,0.48186407751837296,0.2195217817692644,0.21881952973023533,0.38625000000000004,0.22706696247443647,0.0,0.1441678584743326,0.35364772163690783,True,1.0,reject,1.0,BAOAB,0.0,0.0
ULD,"ULD gamma=1, tamed",e6c4a104a924b32b17e71efad43c7504,c87203a12406cc5114b7ffa2d8877465,True,3,8753,43.765,28009600.0,8753.0,8753.0,0.0,0.4801366040983566,0.21899181457163142,0.21829004822523945,0.38875000000000004,0.22964684839181837,0.0,0.14591066275467326,0.3623977216369078,True,1.0,reject,1.0,BAOAB,0.0,0.0
ULD,"ULD gamma=1, tamed",e6c4a104a924b32b17e71efad43c7504,c87203a12406cc5114b7ffa2d8877465,True,0,8812,44.06,28198400.0,8812.0,8812.0,0.0,0.480352217411928,0.21826400697229564,0.21755862744866616,0.39125000000000004,0.2284926147237154,0.0,0.14490587458052062,0.35739772163690775,True,1.0,reject,1.0,BAOAB,0.0,0.0
ULD,"ULD gamma=1, tamed",e6c4a104a924b32b17e71efad43c7504,c87203a12406cc5114b7ffa2d8877465,True,1,8812,44.06,28198400.0,8812.0,8812.0,0.0,0.4898792430199433,0.22907936071158075,0.22838246056154388,0.40625000000000006,0.2332777197419198,0.0,0.14799247944969177,0.3723977216369078,True,1.0,reject,1.0,BAOAB,0.0,0.0
ULD,"ULD gamma=1, tamed",e6c4a104a924b32b17e71efad43c7504,c87203a12406cc5114b7ffa2d8877465,True,2,8812,44.06,28198400.0,8812.0,8812.0,0.0,0.48185980037446086,0.21949504874766468,0.21879454318339753,0.39875,0.22463553748950194,0.0,0.1439247977098654,0.3523977216369078,True,1.0,reject,1.0,BAOAB,0.0,0.0
ULD,"ULD gamma=1, tamed",e6c4a104a924b32b17e71efad43c7504,c87203a12406cc5114b7ffa2d8877465,True,3,8812,44.06,28198400.0,8812.0,8812.0,0.0,0.4806098052684458,0.21820959038050458,0.21750552944954837,0.3925,0.22681886453294475,0.0,0.14540528796257574,0.3598977216369078,True,1.0,reject,1.0,BAOAB,0.0,0.0
ULD,"ULD gamma=1, tamed",e6c4a104a924b32b17e71efad43c7504,c87203a12406cc5114b7ffa2d8877465,True,0,8872,44.36,28390400.0,8872.0,8872.0,0.0,0.48206115067589184,0.2197328234765359,0.2190295565327769,0.395,0.2257862984877841,0.0,0.14465839283223572,0.3561477216369078,True,1.0,reject,1.0,BAOAB,0.0,0.0
ULD,"ULD gamma=1, tamed",e6c4a104a924b32b17e71efad43c7504,c87203a12406cc5114b7ffa2d8877465,True,1,8872,44.36,28390400.0,8872.0,8872.0,0.0,0.4894953712990881,0.22910163219462143,0.22840729542445082,0.4025,0.23023300498071297,0.0,0.14852819602357178,0.3748977216369078,True,1.0,reject,1.0,BAOAB,0.0,0.0
ULD,"ULD gamma=1, tamed",e6c4a104a924b32b17e71efad43c7504,c87203a12406cc5114b7ffa2d8877465,True,2,8872,44.36,28390400.0,8872.0,8872.0,0.0,0.48047542789018394,0.21857195658129813,0.21786802705068387,0.3975,0.23041061753938397,0.0,0.1439247977098654,0.3523977216369078,True,1.0,reject,1.0,BAOAB,0.0,0.0
ULD,"ULD gamma=1, tamed",e6c4a104a924b32b17e71efad43c7504,c87203a12406cc5114b7ffa2d8877465,True,3,8872,44.36,28390400.0,8872.0,8872.0,0.0,0.4800952291630024,0.21744126853347134,0.21673271277910755,0.38625000000000004,0.22921928379595025,0.0,0.14565722804062187,0.36114772163690784,True,1.0,reject,1.0,BAOAB,0.0,0.0
ULD,"ULD gamma=1, tamed",e6c4a104a924b32b17e71efad43c7504,c87203a12406cc5114b7ffa2d8877465,True,0,8931,44.655,28579200.0,8931.0,8931.0,0.0,0.4808264553336734,0.21904300664273457,0.21833955199824207,0.3925,0.2295575486439212,0.0,0.14540528796257574,0.3598977216369078,True,1.0,reject,1.0,BAOAB,0.0,0.0
ULD,"ULD gamma=1, tamed",e6c4a104a924b32b17e71efad43c7504,c87203a12406cc5114b7ffa2d8877465,True,1,8931,44.655,28579200.0,8931.0,8931.0,0.0,0.48808475520145556,0.22800893235898612,0.22731233917884974,0.41250000000000003,0.2325558229894401,0.0,0.14825956753755204,0.37364772163690785,True,1.0,reject,1.0,BAOAB,0.0,0.0
ULD,"ULD gamma=1, tamed",e6c4a104a924b32b17e71efad43c7504,c87203a12406cc5114b7ffa2d8877465,True,2,8931,44.655,28579200.0,8931.0,8931.0,0.0,0.4799363848823492,0.2183622128401116,0.2176576127054909,0.3975000000000001,0.23049899812334984,0.0,0.14441238883058874,0.3548977216369078,True,1.0,reject,1.0,BAOAB,0.0,0.0
ULD,"ULD gamma=1, tamed",e6c4a104a924b32b17e71efad43c7504,c87203a12406cc5114b7ffa2d8877465,True,3,8931,44.655,28579200.0,8931.0,8931.0,0.0,0.47897483208923824,0.2160870342800022,0.21537665527333927,0.38000000000000006,0.22895717238477675,0.0,0.14465839283223572,0.3561477216369078,True,1.0,reject,1.0,BAOAB,0.0,0.0
ULD,"ULD gamma=1, tamed",e6c4a104a924b32b17e71efad43c7504,c87203a12406cc5114b7ffa2d8877465,True,0,8991,44.955,28771200.0,8991.0,8991.0,0.0,0.48054587700058304,0.2184818451182955,0.21777794362671787,0.39125000000000004,0.22698868289846796,0.0,0.14540528796257574,0.3598977216369078,True,1.0,reject,1.0,BAOAB,0.0,0.0
ULD,"ULD gamma=1, tamed",e6c4a104a924b32b17e71efad43c7504,c87203a12406cc5114b7ffa2d8877465,True,1,8991,44.955,28771200.0,8991.0,8991.0,0.0,0.4876876774508343,0.22736156506364924,0.22666355876384336,0.40750000000000003,0.23306360970637652,0.0,0.14799247944969177,0.3723977216369078,True,1.0,reject,1.0,BAOAB,0.0,0.0
ULD,"ULD gamma=1, tamed",e6c4a104a924b32b17e71efad43c7504,c87203a12406cc5114b7ffa2d8877465,True,2,8991,44.955,28771200.0,8991.0,8991.0,0.0,0.47751318598141856,0.2161730657025681,0.21546985141589137,0.3875,0.22792117935818323,0.0,0.14441238883058874,0.3548977216369078,True,1.0,reject,1.0,BAOAB,0.0,0.0
ULD,"ULD gamma=1, tamed",e6c4a104a924b32b17e71efad43c7504,c87203a12406cc5114b7ffa2d8877465,True,3,8991,44.955,28771200.0,8991.0,8991.0,0.0,0.4773697461020818,0.21428353977265857,0.2135735023845582,0.38,0.22881073416228226,0.0,0.1439247977098654,0.3523977216369078,True,1.0,reject,1.0,BAOAB,0.0,0.0
ULD,"ULD gamma=1, tamed",e6c4a104a924b32b17e71efad43c7504,c87203a12406cc5114b7ffa2d8877465,True,0,9050,45.25,28960000.0,9050.0,9050.0,0.0,0.4811473884163246,0.21821986276408956,0.21751124891412343,0.38750000000000007,0.23264471784459395,0.0,0.14540528796257574,0.3598977216369078,True,1.0,reject,1.0,BAOAB,0.0,0.0
ULD,"ULD gamma=1, tamed",e6c4a104a924b32b17e71efad43c7504,c87203a12406cc5114b7ffa2d8877465,True,1,9050,45.25,28960000.0,9050.0,9050.0,0.0,0.4882161904531416,0.22778782272971876,0.22708909071196604,0.4,0.23568087153408968,0.0,0.1472004097189362,0.36864772163690784,True,1.0,reject,1.0,BAOAB,0.0,0.0
ULD,"ULD gamma=1, tamed",e6c4a104a924b32b17e71efad43c7504,c87203a12406cc5114b7ffa2d8877465,True,2,9050,45.25,28960000.0,9050.0,9050.0,0.0,0.4733776017088022,0.21249746094500854,0.21179286810644615,0.3875,0.23012356451249139,0.0,0.14344306897781403,0.3498977216369078,True,1.0,reject,1.0,BAOAB,0.0,0.0
ULD,"ULD gamma=1, tamed",e6c4a104a924b32b17e71efad43c7504,c87203a12406cc5114b7ffa2d8877465,True,3,9050,45.25,28960000.0,9050.0,9050.0,0.0,0.4759418918341396,0.21316801080998493,0.21246015584386557,0.38125000000000003,0.2255084133316798,0.0,0.14368320253084568,0.35114772163690783,True,1.0,reject,1.0,BAOAB,0.0,0.0
ULD,"ULD gamma=1, tamed",e6c4a104a924b32b17e71efad43c7504,c87203a12406cc5114b7ffa2d8877465,True,0,9109,45.545,29148800.0,9109.0,9109.0,0.0,0.4821032933596893,0.2191074127154139,0.21840023521404028,0.38000000000000006,0.2274010696173313,0.0,0.14490587458052062,0.35739772163690775,True,1.0,reject,1.0,BAOAB,0.0,0.0
ULD,"ULD gamma=1, tamed",e6c4a104a924b32b17e71efad43c7504,c87203a12406cc5114b7ffa2d8877465,True,1,9109,45.545,29148800.0,9109.0,9109.0,0.0,0.4898083546512615,0.22824587776317995,0.22754740953636887,0.3975,0.23193813695477372,0.0,0.14693943563439257,0.36739772163690776,True,1.0,reject,1.0,BAOAB,0.0,0.0
ULD,"ULD gamma=1, tamed",e6c4a104a924b32b17e71efad43c7504,c87203a12406cc5114b7ffa2d8877465,True,2,9109,45.545,29148800.0,9109.0,9109.0,0.0,0.47237231010457403,0.2107567239648731,0.21004997770632894,0.37875000000000003,0.22716445656265827,0.0,0.1427313991754959,0.34614772163690777,True,1.0,reject,1.0,BAOAB,0.0,0.0
ULD,"ULD gamma=1, tamed",e6c4a104a924b32b17e71efad43c7504,c87203a12406cc5114b7ffa2d8877465,True,3,9109,45.545,29148800.0,9109.0,9109.0,0.0,0.47542795816189576,0.2135514681683922,0.21284503647600428,0.38125000000000003,0.22663532151368326,0.0,0.14344306897781403,0.3498977216369078,True,1.0,reject,1.0,BAOAB,0.0,0.0
ULD,"ULD gamma=1, tamed",e6c4a104a924b32b17e71efad43c7504,c87203a12406cc5114b7ffa2d8877465,True,0,9169,45.845,29340800.0,9169.0,9169.0,0.0,0.4814500583713677,0.21919686786488513,0.21849377288005722,0.38500000000000006,0.2283563840582402,0.0,0.14490587458052062,0.35739772163690775,True,1.0,reject,1.0,BAOAB,0.0,0.0
ULD,"ULD gamma=1, tamed",e6c4a104a924b32b17e71efad43c7504,c87203a12406cc5114b7ffa2d8877465,True,1,9169,45.845,29340800.0,9169.0,9169.0,0.0,0.48696008796578366,0.2251006323085203,0.22439934995137145,0.3975,0.23113713086159304,0.0,0.14693943563439257,0.36739772163690776,True,1.0,reject,1.0,BAOAB,0.0,0.0
ULD,"ULD gamma=1, tamed",e6c4a104a924b32b17e71efad43c7504,c87203a12406cc5114b7ffa2d8877465,True,2,9169,45.845,29340800.0,9169.0,9169.0,0.0,0.4714944626008265,0.209694946173272,0.20898544590603807,0.3825,0.23108902816139598,0.0,0.14180273671545632,0.3411477216369078,True,1.0,reject,1.0,BAOAB,0.0,0.0
ULD,"ULD gamma=1, tamed",e6c4a104a924b32b17e71efad43c7504,c87203a12406cc5114b7ffa2d8877465,True,3,9169,45.845,29340800.0,9169.0,9169.0,0.0,0.47473191672136783,0.21321842351372766,0.21251126794991815,0.38,0.22983965676649643,0.0,0.14320439313782005,0.3486477216369078,True,1.0,reject,1.0,BAOAB,0.0,0.0
ULD,"ULD gamma=1, tamed",e6c4a104a924b32b17e71efad43c7504,c87203a12406cc5114b7ffa2d8877465,True,0,9228,46.14,29529600.0,9228.0,9228.0,0.0,0.4815573232269206,0.21970295516565286,0.2190021083591045,0.39375,0.22765381061933665,0.0,0.14490587458052062,0.35739772163690775,True,1.0,reject,1.0,BAOAB,0.0,0.0
ULD,"ULD gamma=1, tamed",e6c4a104a924b32b17e71efad43c7504,c87203a12406cc5114b7ffa2d8877465,True,1,9228,46.14,29529600.0,9228.0,9228.0,0.0,0.48249864971065093,0.22114087015293848,0.22043647891958718,0.3975000000000001,0.23094303517253956,0.0,0.14693943563439257,0.36739772163690776,True,1.0,reject,1.0,BAOAB,0.0,0.0
ULD,"ULD gamma=1, tamed",e6c4a104a924b32b17e71efad43c7504,c87203a12406cc5114b7ffa2d8877465,True,2,9228,46.14,29529600.0,9228.0,9228.0,0.0,0.46911225611597523,0.2071444944475499,0.20643555840706573,0.37875000000000003,0.2273703972597313,0.0,0.14134700959635385,0.3386477216369078,True,1.0,reject,1.0,BAOAB,0.0,0.0
ULD,"ULD gamma=1, tamed",e6c4a104a924b32b17e71efad43c7504,c87203a12406cc5114b7ffa2d8877465,True,3,9228,46.14,29529600.0,9228.0,9228.0,0.0,0.4746510008270381,0.21307969256308468,0.2123760712632139,0.37875000000000003,0.2254030147578273,0.0,0.14249707345654183,0.3448977216369078,True,1.0,reject,1.0,BAOAB,0.0,0.0
ULD,"ULD gamma=1, tamed",e6c4a104a924b32b17e71efad43c7504,c87203a12406cc5114b7ffa2d8877465,True,0,9288,46.44,29721600.0,9288.0,9288.0,0.0,0.4803085764940523,0.2188607010218283,0.21815719711798776,0.39875000000000005,0.22933812822907673,0.0,0.14441238883058874,0.3548977216369078,True,1.0,reject,1.0,BAOAB,0.0,0.0
ULD,"ULD gamma=1, tamed",e6c4a104a924b32b17e71efad43c7504,c87203a12406cc5114b7ffa2d8877465,True,1,9288,46.44,29721600.0,9288.0,9288.0,0.0,0.4796843597465686,0.2183990160147885,0.21769526891818203,0.39875000000000005,0.22993886708989086,0.0,0.14667997841849376,0.3661477216369078,True,1.0,reject,1.0,BAOAB,0.0,0.0
ULD,"ULD gamma=1, tamed",e6c4a104a924b32b17e71efad43c7504,c87203a12406cc5114b7ffa2d8877465,True,2,9288,46.44,29721600.0,9288.0,9288.0,0.0,0.46742399171539395,0.20528679932429905,0.2045772418664118,0.37000000000000005,0.22523300686438585,0.0,0.14134700959635385,0.3386477216369078,True,1.0,reject,1.0,BAOAB,0.0,0.0
ULD,"ULD gamma=1, tamed",e6c4a104a924b32b17e71efad43c7504,c87203a12406cc5114b7ffa2d8877465,True,3,9288,46.44,29721600.0,9288.0,9288.0,0.0,0.4755314263214757,0.21382854479757074,0.2131256000308669,0.3875,0.22757466028087392,0.0,0.1427313991754959,0.34614772163690777,True,1.0,reject,1.0,BAOAB,0.0,0.0
ULD,"ULD gamma=1, tamed",e6c4a104a924b32b17e71efad43c7504,c87203a12406cc5114b7ffa2d8877465,True,0,9347,46.735,29910400.0,9347.0,9347.0,0.0,0.47904351052853406,0.2171321138632747,0.2164246634343472,0.3925,0.23042593581038373,0.0,0.14465839283223572,0.3561477216369078,True,1.0,reject,1.0,BAOAB,0.0,0.0
ULD,"ULD gamma=1, tamed",e6c4a104a924b32b17e71efad43c7504,c87203a12406cc5114b7ffa2d8877465,True,1,9347,46.735,29910400.0,9347.0,9347.0,0.0,0.479409313612409,0.21815988529498054,0.21745687221641463,0.39875000000000005,0.22940416327038315,0.0,0.14616559645020435,0.36364772163690784,True,1.0,reject,1.0,BAOAB,0.0,0.0
ULD,"ULD gamma=1, tamed",e6c4a104a924b32b17e71efad43c7504,c87203a12406cc5114b7ffa2d8877465,True,2,9347,46.735,29910400.0,9347.0,9347.0,0.0,0.46751185576103227,0.20474458694200692,0.2040320042381647,0.37000000000000005,0.22723565525066924,0.0,0.14089698064374903,0.33614772163690776,True,1.0,reject,1.0,BAOAB,0.0,0.0
ULD,"ULD gamma=1, tamed",e6c4a104a924b32b17e71efad43c7504,c87203a12406cc5114b7ffa2d8877465,True,3,9347,46.735,29910400.0,9347.0,9347.0,0.0,0.4757638364288803,0.2139646227803358,0.21325927968923641,0.38375,0.2295794616779423,0.0,0.14203274589010764,0.34239772163690785,True,1.0,reject,1.0,BAOAB,0.0,0.0
ULD,"ULD gamma=1, tamed",e6c4a104a924b32b17e71efad43c7504,c87203a12406cc5114b7ffa2d8877465,True,0,9406,47.03,30099200.0,9406.0,9406.0,0.0,0.47954327697320537,0.2172199575787438,0.21651220923336767,0.38500000000000006,0.23119239507742895,0.0,0.14515483822472783,0.35864772163690783,True,1.0,reject,1.0,BAOAB,0.0,0.0
ULD,"ULD gamma=1, tamed",e6c4a104a924b32b17e71efad43c7504,c87203a12406cc5114b7ffa2d8877465,True,1,9406,47.03,30099200.0,9406.0,9406.0,0.0,0.48066112961692875,0.2189174726350137,0.2182141295025366,0.39,0.23034227423440268,0.0,0.1464220335227814,0.3648977216369078,True,1.0,reject,1.0,BAOAB,0.0,0.0
ULD,"ULD gamma=1, tamed",e6c4a104a924b32b17e71efad43c7504,c87203a12406cc5114b7ffa2d8877465,True,2,9406,47.03,30099200.0,9406.0,9406.0,0.0,0.4692818591235369,0.20551437941119377,0.2048005639842313,0.36750000000000005,0.22777536744203386,0.0,0.14045262229170388,0.3336477216369078,True,1.0,reject,1.0,BAOAB,0.0,0.0
ULD,"ULD gamma=1, tamed",e6c4a104a924b32b17e71efad43c7504,c87203a12406cc5114b7ffa2d8877465,True,3,9406,47.03,30099200.0,9406.0,9406.0,0.0,0.4761009099360043,0.2135892990753745,0.21288493368710215,0.38125,0.22661306105208634,0.0,0.14134700959635385,0.3386477216369078,True,1.0,reject,1.0,BAOAB,0.0,0.0
ULD,"ULD gamma=1, tamed",e6c4a104a924b32b17e71efad43c7504,c87203a12406cc5114b7ffa2d8877465,True,0,9466,47.33,30291200.0,9466.0,9466.0,0.0,0.4803937146227204,0.21772416276939088,0.217017698828334,0.38875000000000004,0.22596972632821466,0.0,0.14515483822472783,0.35864772163690783,True,1.0,reject,1.0,BAOAB,0.0,0.0
ULD,"ULD gamma=1, tamed",e6c4a104a924b32b17e71efad43c7504,c87203a12406cc5114b7ffa2d8877465,True,1,9466,47.33,30291200.0,9466.0,9466.0,0.0,0.48081877487455954,0.2189206282932613,0.21821569164103816,0.38625,0.23136906217233988,0.0,0.14540528796257574,0.3598977216369078,True,1.0,reject,1.0,BAOAB,0.0,0.0
ULD,"ULD gamma=1, tamed",e6c4a104a924b32b17e71efad43c7504,c87203a12406cc5114b7ffa2d8877465,True,2,9466,47.33,30291200.0,9466.0,9466.0,0.0,0.470606361411787,0.20672332815279537,0.20601142889472546,0.37375,0.22473459641207238,0.0,0.14045262229170388,0.3336477216369078,True,1.0,reject,1.0,BAOAB,0.0,0.0
ULD,"ULD gamma=1, tamed",e6c4a104a924b32b17e71efad43c7504,c87203a12406cc5114b7ffa2d8877465,True,3,9466,47.33,30291200.0,9466.0,9466.0,0.0,0.4742394731318657,0.21197573236556533,0.2112715154188638,0.38000000000000006,0.22731141080947648,0.0,0.14134700959635385,0.3386477216369078,True,1.0,reject,1.0,BAOAB,0.0,0.0
ULD,"ULD gamma=1, tamed",e6c4a104a924b32b17e71efad43c7504,c87203a12406cc5114b7ffa2d8877465,True,0,9525,47.625,30480000.0,9525.0,9525.0,0.0,0.47864660119941704,0.2170936224080957,0.2163882683069479,0.39000000000000007,0.22971745090070328,0.0,0.14441238883058874,0.3548977216369078,True,1.0,reject,1.0,BAOAB,0.0,0.0
ULD,"ULD gamma=1, tamed",e6c4a104a924b32b17e71efad43c7504,c87203a12406cc5114b7ffa2d8877465,True,1,9525,47.625,30480000.0,9525.0,9525.0,0.0,0.4811039407557514,0.2189254437116922,0.21822029730812864,0.39250000000000007,0.22868776946185743,0.0,0.14490587458052062,0.35739772163690775,True,1.0,reject,1.0,BAOAB,0.0,0.0
ULD,"ULD gamma=1, tamed",e6c4a104a924b32b17e71efad43c7504,c87203a12406cc5114b7ffa2d8877465,True,2,9525,47.625,30480000.0,9525.0,9525.0,0.0,0.4713389662139744,0.2077287297314191,0.2070179752953818,0.36750000000000005,0.22542080807376452,0.0,0.14023256116268748,0.33239772163690784,True,1.0,reject,1.0,BAOAB,0.0,0.0
ULD,"ULD gamma=1, tamed",e6c4a104a924b32b17e71efad43c7504,c87203a12406cc5114b7ffa2d8877465,True,3,9525,47.625,30480000.0,9525.0,9525.0,0.0,0.47106253362979306,0.20844723210470295,0.20773946951436728,0.37125,0.22639855046229362,0.0,0.14089698064374903,0.33614772163690776,True,1.0,reject,1.0,BAOAB,0.0,0.0
ULD,"ULD gamma=1, tamed",e6c4a104a924b32b17e71efad43c7504,c87203a12406cc5114b7ffa2d8877465,True,0,9584,47.92,30668800.0,9584.0,9584.0,0.0,0.4781425729019208,0.21679005440666188,0.21608659049946455,0.38875,0.22963409719964312,0.0,0.1441678584743326,0.35364772163690783,True,1.0,reject,1.0,BAOAB,0.0,0.0
ULD,"ULD gamma=1, tamed",e6c4a104a924b32b17e71efad43c7504,c87203a12406cc5114b7ffa2d8877465,True,1,9584,47.92,30668800.0,9584.0,9584.0,0.0,0.48130253977722315,0.2193676947447889,0.21866205476953082,0.39250000000000007,0.2320095105919514,0.0,0.1439247977098654,0.3523977216369078,True,1.0,reject,1.0,BAOAB,0.0,0.0
ULD,"ULD gamma=1, tamed",e6c4a104a924b32b17e71efad43c7504,c87203a12406cc5114b7ffa2d8877465,True,2,9584,47.92,30668800.0,9584.0,9584.0,0.0,0.4720616511879562,0.20854164743029868,0.20783348302184879,0.37625000000000003,0.22530077564785067,0.0,0.13936636049619444,0.32739772163690783,True,1.0,reject,1.0,BAOAB,0.0,0.0
ULD,"ULD gamma=1, tamed",e6c4a104a924b32b17e71efad43c7504,c87203a12406cc5114b7ffa2d8877465,True,3,9584,47.92,30668800.0,9584.0,9584.0,0.0,0.4680702779275496,0.20508615118580287,0.2043744846572555,0.3662500000000001,0.22943590796016167,0.0,0.13979665850984777,0.32989772163690784,True,1.0,reject,1.0,BAOAB,0.0,0.0
ULD,"ULD gamma=1, tamed",e6c4a104a924b32b17e71efad43c7504,c87203a12406cc5114b7ffa2d8877465,True,0,9644,48.22,30860800.0,9644.0,9644.0,0.0,0.4782316519038147,0.21691426344212517,0.21621266275647433,0.39000000000000007,0.2279226710967156,0.0,0.1439247977098654,0.3523977216369078,True,1.0,reject,1.0,BAOAB,0.0,0.0
ULD,"ULD gamma=1, tamed",e6c4a104a924b32b17e71efad43c7504,c87203a12406cc5114b7ffa2d8877465,True,1,9644,48.22,30860800.0,9644.0,9644.0,0.0,0.48060299920561916,0.2185046109505382,0.21779970950370586,0.39124999999999993,0.2267962063623744,0.0,0.1439247977098654,0.3523977216369078,True,1.0,reject,1.0,BAOAB,0.0,0.0
ULD,"ULD gamma=1, tamed",e6c4a104a924b32b17e71efad43c7504,c87203a12406cc5114b7ffa2d8877465,True,2,9644,48.22,30860800.0,9644.0,9644.0,0.0,0.4714684295050111,0.20833948946208014,0.20763251376529457,0.385,0.22375446047731706,0.0,0.13936636049619444,0.32739772163690783,True,1.0,reject,1.0,BAOAB,0.0,0.0
ULD,"ULD gamma=1, tamed",e6c4a104a924b32b17e71efad43c7504,c87203a12406cc5114b7ffa2d8877465,True,3,9644,48.22,30860800.0,9644.0,9644.0,0.0,0.4672781516661847,0.20413161630365273,0.20341965146795238,0.36250000000000004,0.22302082385877986,0.0,0.14023256116268748,0.33239772163690784,True,1.0,reject,1.0,BAOAB,0.0,0.0
ULD,"ULD gamma=1, tamed",e6c4a104a924b32b17e71efad43c7504,c87203a12406cc5114b7ffa2d8877465,True,0,9703,48.515,31049600.0,9703.0,9703.0,0.0,0.4763799339706991,0.215194477125758,0.21449139315666965,0.38875,0.2293004477158751,0.0,0.1439247977098654,0.3523977216369078,True,1.0,reject,1.0,BAOAB,0.0,0.0
ULD,"ULD gamma=1, tamed",e6c4a104a924b32b17e71efad43c7504,c87203a12406cc5114b7ffa2d8877465,True,1,9703,48.515,31049600.0,9703.0,9703.0,0.0,0.47769595570775464,0.21653266137854454,0.2158275534363271,0.38000000000000006,0.23248875929440238,0.0,0.14344306897781403,0.3498977216369078,True,1.0,reject,1.0,BAOAB,0.0,0.0
ULD,"ULD gamma=1, tamed",e6c4a104a924b32b17e71efad43c7504,c87203a12406cc5114b7ffa2d8877465,True,2,9703,48.515,31049600.0,9703.0,9703.0,0.0,0.4714864538918946,0.20804186475446373,0.2073346442004519,0.37625000000000003,0.2231295774853823,0.0,0.13831497179494148,0.3211477216369078,True,1.0,reject,1.0,BAOAB,0.0,0.0
ULD,"ULD gamma=1, tamed",e6c4a104a924b32b17e71efad43c7504,c87203a12406cc5114b7ffa2d8877465,True,3,9703,48.515,31049600.0,9703.0,9703.0,0.0,0.46661832601720243,0.20389226755712642,0.20318306071752978,0.36125,0.22686395081498834,0.0,0.13915330532004663,0.32614772163690775,True,1.0,reject,1.0,BAOAB,0.0,0.0
ULD,"ULD gamma=1, tamed",e6c4a104a924b32b17e71efad43c7504,c87203a12406cc5114b7ffa2d8877465,True,0,9762,48.81,31238400.0,9762.0,9762.0,0.0,0.4751023689279475,0.2133374283639472,0.2126327055196221,0.37625,0.22786076209626205,0.0,0.14296717114405577,0.34739772163690774,True,1.0,reject,1.0,BAOAB,0.0,0.0
ULD,"ULD gamma=1, tamed",e6c4a104a924b32b17e71efad43c7504,c87203a12406cc5114b7ffa2d8877465,True,1,9762,48.81,31238400.0,9762.0,9762.0,0.0,0.4764789931412251,0.21470283067756812,0.2139989431293876,0.37999999999999995,0.22581879089067325,0.0,0.14344306897781403,0.3498977216369078,True,1.0,reject,1.0,BAOAB,0.0,0.0
ULD,"ULD gamma=1, tamed",e6c4a104a924b32b17e71efad43c7504,c87203a12406cc5114b7ffa2d8877465,True,2,9762,48.81,31238400.0,9762.0,9762.0,0.0,0.47166751755566505,0.20761561287415053,0.20690895716080582,0.37875000000000003,0.22161219318091985,0.0,0.13894164189417876,0.3248977216369078,True,1.0,reject,1.0,BAOAB,0.0,0.0
ULD,"ULD gamma=1, tamed",e6c4a104a924b32b17e71efad43c7504,c87203a12406cc5114b7ffa2d8877465,True,3,9762,48.81,31238400.0,9762.0,9762.0,0.0,0.4642338756221682,0.20284515608097775,0.20213941798070667,0.36250000000000004,0.2252434191713275,0.0,0.13873136716630508,0.3236477216369078,True,1.0,reject,1.0,BAOAB,0.0,0.0
ULD,"ULD gamma=1, tamed",e6c4a104a924b32b17e71efad43c7504,c87203a12406cc5114b7ffa2d8877465,True,0,9822,49.11,31430400.0,9822.0,9822.0,0.0,0.4746748277653777,0.2127768094570599,0.21207019024781393,0.37749999999999995,0.23178316521174747,0.0,0.14249707345654183,0.3448977216369078,True,1.0,reject,1.0,BAOAB,0.0,0.0
ULD,"ULD gamma=1, tamed",e6c4a104a924b32b17e71efad43c7504,c87203a12406cc5114b7ffa2d8877465,True,1,9822,49.11,31430400.0,9822.0,9822.0,0.0,0.4752189583895312,0.21346500056073991,0.2127607069184,0.39,0.22873119915723816,0.0,0.14320439313782005,0.3486477216369078,True,1.0,reject,1.0,BAOAB,0.0,0.0
ULD,"ULD gamma=1, tamed",e6c4a104a924b32b17e71efad43c7504,c87203a12406cc5114b7ffa2d8877465,True,2,9822,49.11,31430400.0,9822.0,9822.0,0.0,0.4695715575727415,0.20585273687878614,0.2051463300640628,0.36375,0.22012203603651093,0.0,0.1385224781241002,0.32239772163690783,True,1.0,reject,1.0,BAOAB,0.0,0.0
ULD,"ULD gamma=1, tamed",e6c4a104a924b32b17e71efad43c7504,c87203a12406cc5114b7ffa2d8877465,True,3,9822,49.11,31430400.0,9822.0,9822.0,0.0,0.4648163632569173,0.20319316971558632,0.20248817111141781,0.3662500000000001,0.2215759478193936,0.0,0.13790409558227523,0.3186477216369078,True,1.0,reject,1.0,BAOAB,0.0,0.0
ULD,"ULD gamma=1, tamed",e6c4a104a924b32b17e71efad43c7504,c87203a12406cc5114b7ffa2d8877465,True,0,9881,49.405,31619200.0,9881.0,9881.0,0.0,0.47581491268679055,0.2136214092120461,0.2129155443802503,0.38000000000000006,0.2270872358610153,0.0,0.14249707345654183,0.3448977216369078,True,1.0,reject,1.0,BAOAB,0.0,0.0
ULD,"ULD gamma=1, tamed",e6c4a104a924b32b17e71efad43c7504,c87203a12406cc5114b7ffa2d8877465,True,1,9881,49.405,31619200.0,9881.0,9881.0,0.0,0.4741355466010869,0.21214836230986167,0.21144305871300906,0.37749999999999995,0.2266724724197242,0.0,0.1427313991754959,0.34614772163690777,True,1.0,reject,1.0,BAOAB,0.0,0.0
ULD,"ULD gamma=1, tamed",e6c4a104a924b32b17e71efad43c7504,c87203a12406cc5114b7ffa2d8877465,True,2,9881,49.405,31619200.0,9881.0,9881.0,0.0,0.46619312574123006,0.2032611085182746,0.20255320892866302,0.36750000000000005,0.22365147445565603,0.0,0.1385224781241002,0.32239772163690783,True,1.0,reject,1.0,BAOAB,0.0,0.0
ULD,"ULD gamma=1, tamed",e6c4a104a924b32b17e71efad43c7504,c87203a12406cc5114b7ffa2d8877465,True,3,9881,49.405,31619200.0,9881.0,9881.0,0.0,0.46249225302081054,0.20066230803985874,0.19995326009561154,0.36624999999999996,0.22526959429648907,0.0,0.13709880926691032,0.3136477216369078,True,1.0,reject,1.0,BAOAB,0.0,0.0
ULD,"ULD gamma=1, tamed",e6c4a104a924b32b17e71efad43c7504,c87203a12406cc5114b7ffa2d8877465,True,0,9941,49.705,31811200.0,9941.0,9941.0,0.0,0.4754011866054003,0.2135509423942682,0.21284641564285356,0.38375000000000004,0.22772950832313077,0.0,0.14249707345654183,0.3448977216369078,True,1.0,reject,1.0,BAOAB,0.0,0.0
ULD,"ULD gamma=1, tamed",e6c4a104a924b32b17e71efad43c7504,c87203a12406cc5114b7ffa2d8877465,True,1,9941,49.705,31811200.0,9941.0,9941.0,0.0,0.47432423190031836,0.211514866141978,0.21080712080759734,0.37625000000000003,0.22518249270561974,0.0,0.1415741591353989,0.33989772163690785,True,1.0,reject,1.0,BAOAB,0.0,0.0
ULD,"ULD gamma=1, tamed",e6c4a104a924b32b17e71efad43c7504,c87203a12406cc5114b7ffa2d8877465,True,2,9941,49.705,31811200.0,9941.0,9941.0,0.0,0.4646270470898547,0.2017187284857911,0.20101132650367426,0.35625,0.22217126787155095,0.0,0.13810884524565661,0.31989772163690783,True,1.0,reject,1.0,BAOAB,0.0,0.0
ULD,"ULD gamma=1, tamed",e6c4a104a924b32b17e71efad43c7504,c87203a12406cc5114b7ffa2d8877465,True,3,9941,49.705,31811200.0,9941.0,9941.0,0.0,0.46031253043707954,0.19773654566577503,0.19702459006455586,0.3575,0.22336906652394994,0.0,0.13670435502251363,0.31114772163690785,True,1.0,reject,1.0,BAOAB,0.0,0.0
ULD,"ULD gamma=1, tamed",e6c4a104a924b32b17e71efad43c7504,c87203a12406cc5114b7ffa2d8877465,True,0,10000,50.0,32000000.0,10000.0,10000.0,0.0,0.4734243200129022,0.21265535219382237,0.2119513166131941,0.38749999999999996,0.23002660113750562,0.0,0.14249707345654183,0.3448977216369078,True,1.0,reject,1.0,BAOAB,0.0,0.0
ULD,"ULD gamma=1, tamed",e6c4a104a924b32b17e71efad43c7504,c87203a12406cc5114b7ffa2d8877465,True,1,10000,50.0,32000000.0,10000.0,10000.0,0.0,0.47567880807338425,0.2118612011715464,0.21115050963082482,0.3775,0.22726223925532618,0.0,0.14112128458815765,0.33739772163690784,True,1.0,reject,1.0,BAOAB,0.0,0.0
ULD,"ULD gamma=1, tamed",e6c4a104a924b32b17e71efad43c7504,c87203a12406cc5114b7ffa2d8877465,True,2,10000,50.0,32000000.0,10000.0,10000.0,0.0,0.4644296392249335,0.2017191608664154,0.20101257738121114,0.35750000000000004,0.22141684352965663,0.0,0.13810884524565661,0.31989772163690783,True,1.0,reject,1.0,BAOAB,0.0,0.0
ULD,"ULD gamma=1, tamed",e6c4a104a924b32b17e71efad43c7504,c87203a12406cc5114b7ffa2d8877465,True,3,10000,50.0,32000000.0,10000.0,10000.0,0.0,0.4597876146254814,0.1959743682569498,0.19526011637069096,0.34624999999999995,0.223413342908388,0.0,0.13631533163876014,0.3102247587087937,True,1.0,reject,1.0,BAOAB,0.0,0.0
