method,variant_label,variant_hash,metric_definition_hash,tame,seed,step,t,n_fee,n_fee_per_particle,n_force_per_particle,n_extra_potential_equivalent_per_particle,CV_SW2,CV_MMD2_biased,CV_MMD2_unbiased,latent_z1_KS,CV_KDE_Hellinger,basin_outside_mass,basin_JS,basin_TV,tamed,tame_cap,boundary_rule,score_evaluation,splitting,jump_mode,jump_cap_k,m_clip_fraction,jump_count_mean,max_log_magnitude,jump_count_applied_cumulative,score_clip_fraction_cumulative,jump_rate_per_particle_time_cumulative,jump_cap_hit_fraction_cumulative,boundary_reject_fraction_cumulative,nonfinite_proposal_fraction_cumulative
LSC-CP,"LSC-CP, tamed",67fe983bcba8cecb4eb040b92e2c557b,c87203a12406cc5114b7ffa2d8877465,True,0,0,0.0,0.0,0.0,0.0,0.0,0.7387831086822765,0.519939190497903,0.5194407575428388,0.7975,0.5313471337818518,0.0,0.36550095012754413,0.7311477216369078,True,0.12012712206063299,reject,pre_step,drift_diffusion_then_jump,full_law,8,,,,,,,,,
LSC-CP,"LSC-CP, tamed",67fe983bcba8cecb4eb040b92e2c557b,c87203a12406cc5114b7ffa2d8877465,True,1,0,0.0,0.0,0.0,0.0,0.0,0.7389677797433524,0.5212919427691775,0.5207927334059624,0.79625,0.5327207940969443,0.0,0.36550095012754413,0.7311477216369078,True,0.12012712206063299,reject,pre_step,drift_diffusion_then_jump,full_law,8,,,,,,,,,
LSC-CP,"LSC-CP, tamed",67fe983bcba8cecb4eb040b92e2c557b,c87203a12406cc5114b7ffa2d8877465,True,2,0,0.0,0.0,0.0,0.0,0.0,0.7381139682399732,0.5192856920337121,0.5187869893061371,0.8,0.5335139223004672,0.0,0.36550095012754413,0.7311477216369078,True,0.12012712206063299,reject,pre_step,drift_diffusion_then_jump,full_law,8,,,,,,,,,
LSC-CP,"LSC-CP, tamed",67fe983bcba8cecb4eb040b92e2c557b,c87203a12406cc5114b7ffa2d8877465,True,3,0,0.0,0.0,0.0,0.0,0.0,0.7367071725248326,0.517349851241368,0.5168511646906704,0.7999999999999999,0.5328265120519964,0.0,0.36550095012754413,0.7311477216369078,True,0.12012712206063299,reject,pre_step,drift_diffusion_then_jump,full_law,8,,,,,,,,,
LSC-CP,"LSC-CP, tamed",67fe983bcba8cecb4eb040b92e2c557b,c87203a12406cc5114b7ffa2d8877465,True,0,8,0.04,19870701.489129055,6209.594215352829,8.0,8192.0,0.7168324542998132,0.4917525103730772,0.4912212290095871,0.7462500000000001,0.44377747332154727,0.0,0.3232814493357135,0.7098977216369078,True,0.12012712206063299,reject,pre_step,drift_diffusion_then_jump,full_law,8,0.0,0.0057421875,145.96589062327888,147,0.0,1.1484375,0.0,0.0,0.0
LSC-CP,"LSC-CP, tamed",67fe983bcba8cecb4eb040b92e2c557b,c87203a12406cc5114b7ffa2d8877465,True,1,8,0.04,19870701.489129055,6209.594215352829,8.0,8192.0,0.7102695650631737,0.481870112571524,0.481328977270004,0.7462500000000001,0.42886526028649063,0.0,0.3186106130163331,0.7086477216369078,True,0.12012712206063299,reject,pre_step,drift_diffusion_then_jump,full_law,8,0.0,0.0057421875,145.96589062327888,147,0.0,1.1484375,0.0,0.0,0.0
LSC-CP,"LSC-CP, tamed",67fe983bcba8cecb4eb040b92e2c557b,c87203a12406cc5114b7ffa2d8877465,True,2,8,0.04,19870701.489129055,6209.594215352829,8.0,8192.0,0.7193677504031986,0.4947865130404694,0.494258122339429,0.755,0.456295206436379,0.0,0.3337930737865339,0.7173977216369078,True,0.12012712206063299,reject,pre_step,drift_diffusion_then_jump,full_law,8,0.0,0.0057421875,145.96589062327888,147,0.0,1.1484375,0.0,0.0,0.0
LSC-CP,"LSC-CP, tamed",67fe983bcba8cecb4eb040b92e2c557b,c87203a12406cc5114b7ffa2d8877465,True,3,8,0.04,19870701.489129055,6209.594215352829,8.0,8192.0,0.7099435617147221,0.4840444889426049,0.4835122034273319,0.7375,0.4392459676598073,0.0,0.3180954298764342,0.7061477216369079,True,0.12012712206063299,reject,pre_step,drift_diffusion_then_jump,full_law,8,0.0,0.0057421875,145.96589062327888,147,0.0,1.1484375,0.0,0.0,0.0
LSC-CP,"LSC-CP, tamed",67fe983bcba8cecb4eb040b92e2c557b,c87203a12406cc5114b7ffa2d8877465,True,0,17,0.085,42225240.664399244,13195.387707624765,17.0,17408.0,0.6957704659413595,0.46438407346323907,0.46382975322224373,0.71625,0.395504805770001,0.0,0.29433808553918833,0.6898977216369078,True,0.12012712206063299,reject,pre_step,drift_diffusion_then_jump,full_law,8,0.0,0.005694444444444445,404.15177287887303,311,0.0,1.1433823529411764,0.0,0.0,0.0
LSC-CP,"LSC-CP, tamed",67fe983bcba8cecb4eb040b92e2c557b,c87203a12406cc5114b7ffa2d8877465,True,1,17,0.085,42225240.664399244,13195.387707624765,17.0,17408.0,0.6927920043955257,0.45975392732563813,0.45918894543923094,0.7137500000000001,0.3916885624776606,0.0,0.29500755855520233,0.6923977216369078,True,0.12012712206063299,reject,pre_step,drift_diffusion_then_jump,full_law,8,0.0,0.005694444444444445,404.15177287887303,311,0.0,1.1433823529411764,0.0,0.0,0.0
LSC-CP,"LSC-CP, tamed",67fe983bcba8cecb4eb040b92e2c557b,c87203a12406cc5114b7ffa2d8877465,True,2,17,0.085,42225240.664399244,13195.387707624765,17.0,17408.0,0.6986649552104303,0.46631663382759714,0.4657594150982507,0.725,0.402236664518443,0.0,0.30251886174880493,0.6973977216369077,True,0.12012712206063299,reject,pre_step,drift_diffusion_then_jump,full_law,8,0.0,0.005694444444444445,404.15177287887303,311,0.0,1.1433823529411764,0.0,0.0,0.0
LSC-CP,"LSC-CP, tamed",67fe983bcba8cecb4eb040b92e2c557b,c87203a12406cc5114b7ffa2d8877465,True,3,17,0.085,42225240.664399244,13195.387707624765,17.0,17408.0,0.6906699934665148,0.45724945124130756,0.456693260458256,0.71875,0.4037618787217647,0.0,0.29635585566124206,0.6923977216369079,True,0.12012712206063299,reject,pre_step,drift_diffusion_then_jump,full_law,8,0.0,0.005694444444444445,404.15177287887303,311,0.0,1.1433823529411764,0.0,0.0,0.0
LSC-CP,"LSC-CP, tamed",67fe983bcba8cecb4eb040b92e2c557b,c87203a12406cc5114b7ffa2d8877465,True,0,25,0.125,62095942.153528295,19404.981922977593,25.0,25600.0,0.6744510601814748,0.4353777525586434,0.43479932554669554,0.69125,0.36109289475203976,0.0,0.27171022533787975,0.6711477216369078,True,0.12012712206063299,reject,pre_step,drift_diffusion_then_jump,full_law,8,0.0,0.005000000000000001,207.76972399134948,439,0.0,1.0975,0.0,0.0,0.0
LSC-CP,"LSC-CP, tamed",67fe983bcba8cecb4eb040b92e2c557b,c87203a12406cc5114b7ffa2d8877465,True,1,25,0.125,62095942.153528295,19404.981922977593,25.0,25600.0,0.6716947153631825,0.43137660612440176,0.43079386275498854,0.6900000000000001,0.35278397843278786,0.0,0.2671813219913074,0.6698977216369078,True,0.12012712206063299,reject,pre_step,drift_diffusion_then_jump,full_law,8,0.0,0.005000000000000001,207.76972399134948,439,0.0,1.0975,0.0,0.0,0.0
LSC-CP,"LSC-CP, tamed",67fe983bcba8cecb4eb040b92e2c557b,c87203a12406cc5114b7ffa2d8877465,True,2,25,0.125,62095942.153528295,19404.981922977593,25.0,25600.0,0.6855506869995103,0.44985267126709216,0.4492834668992831,0.71,0.37215626484663245,0.0,0.28759486294773373,0.6861477216369078,True,0.12012712206063299,reject,pre_step,drift_diffusion_then_jump,full_law,8,0.0,0.005000000000000001,207.76972399134948,439,0.0,1.0975,0.0,0.0,0.0
LSC-CP,"LSC-CP, tamed",67fe983bcba8cecb4eb040b92e2c557b,c87203a12406cc5114b7ffa2d8877465,True,3,25,0.125,62095942.153528295,19404.981922977593,25.0,25600.0,0.6748386222551052,0.43687646985771966,0.4363041849925504,0.6925000000000001,0.36297409864590524,0.0,0.2704863751452802,0.6698977216369078,True,0.12012712206063299,reject,pre_step,drift_diffusion_then_jump,full_law,8,0.0,0.005000000000000001,207.76972399134948,439,0.0,1.0975,0.0,0.0,0.0
LSC-CP,"LSC-CP, tamed",67fe983bcba8cecb4eb040b92e2c557b,c87203a12406cc5114b7ffa2d8877465,True,0,33,0.165,81966643.64265735,25614.576138330423,33.0,33792.0,0.6582110250532979,0.4140999860308038,0.4135060884977516,0.67375,0.3386786344235123,0.0,0.2530135616741705,0.6536477216369079,True,0.12012712206063299,reject,pre_step,drift_diffusion_then_jump,full_law,8,0.0,0.005507812499999999,481.79070031575935,580,0.0,1.0984848484848484,0.0,0.0,0.0
LSC-CP,"LSC-CP, tamed",67fe983bcba8cecb4eb040b92e2c557b,c87203a12406cc5114b7ffa2d8877465,True,1,33,0.165,81966643.64265735,25614.576138330423,33.0,33792.0,0.6514767500156988,0.40371721072496236,0.40310980045038003,0.6687500000000001,0.32925718955574934,0.0,0.24321055740972902,0.6461477216369078,True,0.12012712206063299,reject,pre_step,drift_diffusion_then_jump,full_law,8,0.0,0.005507812499999999,481.79070031575935,580,0.0,1.0984848484848484,0.0,0.0,0.0
LSC-CP,"LSC-CP, tamed",67fe983bcba8cecb4eb040b92e2c557b,c87203a12406cc5114b7ffa2d8877465,True,2,33,0.165,81966643.64265735,25614.576138330423,33.0,33792.0,0.6655309973563499,0.42346062085870795,0.42287191187250694,0.6837500000000001,0.35189227062386597,0.0,0.26170216497900445,0.6623977216369079,True,0.12012712206063299,reject,pre_step,drift_diffusion_then_jump,full_law,8,0.0,0.005507812499999999,481.79070031575935,580,0.0,1.0984848484848484,0.0,0.0,0.0
LSC-CP,"LSC-CP, tamed",67fe983bcba8cecb4eb040b92e2c557b,c87203a12406cc5114b7ffa2d8877465,True,3,33,0.165,81966643.64265735,25614.576138330423,33.0,33792.0,0.6576955803164396,0.4116395674258917,0.4110419235840491,0.67,0.3304267981314939,0.0,0.24645713000423292,0.6448977216369078,True,0.12012712206063299,reject,pre_step,drift_diffusion_then_jump,full_law,8,0.0,0.005507812499999999,481.79070031575935,580,0.0,1.0984848484848484,0.0,0.0,0.0
LSC-CP,"LSC-CP, tamed",67fe983bcba8cecb4eb040b92e2c557b,c87203a12406cc5114b7ffa2d8877465,True,0,42,0.21,104321182.81792754,32600.369630602356,42.0,43008.0,0.6393035214577195,0.38712593928199457,0.38650491490877326,0.6475000000000001,0.2971662776025519,0.0,0.22774150754290107,0.6261477216369078,True,0.12012712206063299,reject,pre_step,drift_diffusion_then_jump,full_law,8,0.0,0.004444444444444445,322.42913436445616,708,0.0,1.0535714285714286,0.0,0.0,0.0
LSC-CP,"LSC-CP, tamed",67fe983bcba8cecb4eb040b92e2c557b,c87203a12406cc5114b7ffa2d8877465,True,1,42,0.21,104321182.81792754,32600.369630602356,42.0,43008.0,0.6434226170041369,0.3967960431808575,0.39618500203963625,0.665,0.3078531202126322,0.0,0.23740818975515787,0.6411477216369079,True,0.12012712206063299,reject,pre_step,drift_diffusion_then_jump,full_law,8,0.0,0.004444444444444445,322.42913436445616,708,0.0,1.0535714285714286,0.0,0.0,0.0
LSC-CP,"LSC-CP, tamed",67fe983bcba8cecb4eb040b92e2c557b,c87203a12406cc5114b7ffa2d8877465,True,2,42,0.21,104321182.81792754,32600.369630602356,42.0,43008.0,0.6521162066346206,0.4018270015384984,0.4012230391969638,0.66625,0.3245610002399203,0.0,0.2409272875128059,0.6411477216369078,True,0.12012712206063299,reject,pre_step,drift_diffusion_then_jump,full_law,8,0.0,0.004444444444444445,322.42913436445616,708,0.0,1.0535714285714286,0.0,0.0,0.0
LSC-CP,"LSC-CP, tamed",67fe983bcba8cecb4eb040b92e2c557b,c87203a12406cc5114b7ffa2d8877465,True,3,42,0.21,104321182.81792754,32600.369630602356,42.0,43008.0,0.6384497814754246,0.3867734447881309,0.386157329848819,0.64375,0.30237166503087154,0.0,0.22657552737929915,0.6211477216369079,True,0.12012712206063299,reject,pre_step,drift_diffusion_then_jump,full_law,8,0.0,0.004444444444444445,322.42913436445616,708,0.0,1.0535714285714286,0.0,0.0,0.0
LSC-CP,"LSC-CP, tamed",67fe983bcba8cecb4eb040b92e2c557b,c87203a12406cc5114b7ffa2d8877465,True,0,50,0.25,124191884.30705659,38809.963845955186,50.0,51200.0,0.6251304767751815,0.3695676166949131,0.3689288677960053,0.625,0.2894270089294183,0.0,0.2139288142524725,0.6098977216369079,True,0.12012712206063299,reject,pre_step,drift_diffusion_then_jump,full_law,8,0.0,0.0050390625,294.3627821258023,837,0.0,1.04625,0.0,0.0,0.0
LSC-CP,"LSC-CP, tamed",67fe983bcba8cecb4eb040b92e2c557b,c87203a12406cc5114b7ffa2d8877465,True,1,50,0.25,124191884.30705659,38809.963845955186,50.0,51200.0,0.6232333913746537,0.36856853817232205,0.36793397902554736,0.635,0.28601299488690823,0.0,0.21648856820228013,0.6173977216369078,True,0.12012712206063299,reject,pre_step,drift_diffusion_then_jump,full_law,8,0.0,0.0050390625,294.3627821258023,837,0.0,1.04625,0.0,0.0,0.0
LSC-CP,"LSC-CP, tamed",67fe983bcba8cecb4eb040b92e2c557b,c87203a12406cc5114b7ffa2d8877465,True,2,50,0.25,124191884.30705659,38809.963845955186,50.0,51200.0,0.6438269253621663,0.39113047455494676,0.39051522796842497,0.6512500000000001,0.2996280948306792,0.0,0.2313173696757018,0.6298977216369078,True,0.12012712206063299,reject,pre_step,drift_diffusion_then_jump,full_law,8,0.0,0.0050390625,294.3627821258023,837,0.0,1.04625,0.0,0.0,0.0
LSC-CP,"LSC-CP, tamed",67fe983bcba8cecb4eb040b92e2c557b,c87203a12406cc5114b7ffa2d8877465,True,3,50,0.25,124191884.30705659,38809.963845955186,50.0,51200.0,0.6183145989886645,0.36423818046803513,0.3636064844498703,0.62375,0.2898765490355434,0.0,0.20558966616926258,0.5948977216369078,True,0.12012712206063299,reject,pre_step,drift_diffusion_then_jump,full_law,8,0.0,0.0050390625,294.3627821258023,837,0.0,1.04625,0.0,0.0,0.0
LSC-CP,"LSC-CP, tamed",67fe983bcba8cecb4eb040b92e2c557b,c87203a12406cc5114b7ffa2d8877465,True,0,58,0.29,144062585.79618564,45019.55806130802,58.0,59392.0,0.606872683816103,0.3471001672185374,0.3464430509237666,0.6025,0.2645551139612472,0.0,0.19405606840201328,0.5811477216369079,True,0.12012712206063299,reject,pre_step,drift_diffusion_then_jump,full_law,8,0.0,0.005546875,155.32964624018544,979,0.0,1.0549568965517242,0.0,5.387931034482758e-06,0.0
LSC-CP,"LSC-CP, tamed",67fe983bcba8cecb4eb040b92e2c557b,c87203a12406cc5114b7ffa2d8877465,True,1,58,0.29,144062585.79618564,45019.55806130802,58.0,59392.0,0.6016659391571033,0.3419493943715415,0.34128847817352215,0.60875,0.2667705532636463,0.0,0.19317865767310444,0.5873977216369077,True,0.12012712206063299,reject,pre_step,drift_diffusion_then_jump,full_law,8,0.0,0.005546875,155.32964624018544,979,0.0,1.0549568965517242,0.0,5.387931034482758e-06,0.0
LSC-CP,"LSC-CP, tamed",67fe983bcba8cecb4eb040b92e2c557b,c87203a12406cc5114b7ffa2d8877465,True,2,58,0.29,144062585.79618564,45019.55806130802,58.0,59392.0,0.6255491893447584,0.37033623075739563,0.3697019514893364,0.6300000000000001,0.2832899315381441,0.0,0.21453504500276485,0.6086477216369078,True,0.12012712206063299,reject,pre_step,drift_diffusion_then_jump,full_law,8,0.0,0.005546875,155.32964624018544,979,0.0,1.0549568965517242,0.0,5.387931034482758e-06,0.0
LSC-CP,"LSC-CP, tamed",67fe983bcba8cecb4eb040b92e2c557b,c87203a12406cc5114b7ffa2d8877465,True,3,58,0.29,144062585.79618564,45019.55806130802,58.0,59392.0,0.6096435068119486,0.35228658579059524,0.3516403349656496,0.61,0.2708619175473266,0.0,0.19413915395312195,0.5786477216369079,True,0.12012712206063299,reject,pre_step,drift_diffusion_then_jump,full_law,8,0.0,0.005546875,155.32964624018544,979,0.0,1.0549568965517242,0.0,5.387931034482758e-06,0.0
LSC-CP,"LSC-CP, tamed",67fe983bcba8cecb4eb040b92e2c557b,c87203a12406cc5114b7ffa2d8877465,True,0,67,0.335,166417124.97145584,52005.35155357995,67.0,68608.0,0.5877153573713483,0.3238998123350879,0.3232220654392822,0.57875,0.2515790039341056,0.0,0.17641034556246005,0.5573977216369078,True,0.12012712206063299,reject,pre_step,drift_diffusion_then_jump,full_law,8,0.0,0.005173611111111111,366.89932425663153,1128,0.0,1.0522388059701493,0.0,4.664179104477612e-06,0.0
LSC-CP,"LSC-CP, tamed",67fe983bcba8cecb4eb040b92e2c557b,c87203a12406cc5114b7ffa2d8877465,True,1,67,0.335,166417124.97145584,52005.35155357995,67.0,68608.0,0.5958973024692138,0.334411048975358,0.3337415053793319,0.5925,0.25199820582221344,0.0,0.18510948140270672,0.5736477216369078,True,0.12012712206063299,reject,pre_step,drift_diffusion_then_jump,full_law,8,0.0,0.005173611111111111,366.89932425663153,1128,0.0,1.0522388059701493,0.0,4.664179104477612e-06,0.0
LSC-CP,"LSC-CP, tamed",67fe983bcba8cecb4eb040b92e2c557b,c87203a12406cc5114b7ffa2d8877465,True,2,67,0.335,166417124.97145584,52005.35155357995,67.0,68608.0,0.6118149320242929,0.3526963356020616,0.35204541929520927,0.60875,0.2733080171349562,0.0,0.2001140682694402,0.5898977216369079,True,0.12012712206063299,reject,pre_step,drift_diffusion_then_jump,full_law,8,0.0,0.005173611111111111,366.89932425663153,1128,0.0,1.0522388059701493,0.0,4.664179104477612e-06,0.0
LSC-CP,"LSC-CP, tamed",67fe983bcba8cecb4eb040b92e2c557b,c87203a12406cc5114b7ffa2d8877465,True,3,67,0.335,166417124.97145584,52005.35155357995,67.0,68608.0,0.594901202030199,0.3331971305193815,0.33253420957300583,0.5875,0.2520263698475843,0.0,0.18127896837027135,0.5598977216369079,True,0.12012712206063299,reject,pre_step,drift_diffusion_then_jump,full_law,8,0.0,0.005173611111111111,366.89932425663153,1128,0.0,1.0522388059701493,0.0,4.664179104477612e-06,0.0
LSC-CP,"LSC-CP, tamed",67fe983bcba8cecb4eb040b92e2c557b,c87203a12406cc5114b7ffa2d8877465,True,0,75,0.375,186287826.46058488,58214.945768932776,75.0,76800.0,0.5723731980746787,0.3055092881315451,0.3048154511083545,0.56,0.23785303938351676,0.0,0.16408598294113413,0.5348977216369077,True,0.12012712206063299,reject,pre_step,drift_diffusion_then_jump,full_law,8,0.0,0.0049609375,418.71452102341664,1255,0.0,1.0458333333333334,0.0,4.166666666666667e-06,0.0
LSC-CP,"LSC-CP, tamed",67fe983bcba8cecb4eb040b92e2c557b,c87203a12406cc5114b7ffa2d8877465,True,1,75,0.375,186287826.46058488,58214.945768932776,75.0,76800.0,0.5841328919176638,0.3205408476900632,0.3198625014584813,0.57625,0.24456942180368269,0.0,0.1739275328767359,0.5561477216369078,True,0.12012712206063299,reject,pre_step,drift_diffusion_then_jump,full_law,8,0.0,0.0049609375,418.71452102341664,1255,0.0,1.0458333333333334,0.0,4.166666666666667e-06,0.0
LSC-CP,"LSC-CP, tamed",67fe983bcba8cecb4eb040b92e2c557b,c87203a12406cc5114b7ffa2d8877465,True,2,75,0.375,186287826.46058488,58214.945768932776,75.0,76800.0,0.6046625173617601,0.3424177177698816,0.3417605350424394,0.5987500000000001,0.259205545765699,0.0,0.1911696921266573,0.5748977216369078,True,0.12012712206063299,reject,pre_step,drift_diffusion_then_jump,full_law,8,0.0,0.0049609375,418.71452102341664,1255,0.0,1.0458333333333334,0.0,4.166666666666667e-06,0.0
LSC-CP,"LSC-CP, tamed",67fe983bcba8cecb4eb040b92e2c557b,c87203a12406cc5114b7ffa2d8877465,True,3,75,0.375,186287826.46058488,58214.945768932776,75.0,76800.0,0.5861560543137186,0.3227673331582479,0.32209634057696224,0.5762499999999999,0.2409579956354877,0.0,0.17320422172435246,0.5473977216369078,True,0.12012712206063299,reject,pre_step,drift_diffusion_then_jump,full_law,8,0.0,0.0049609375,418.71452102341664,1255,0.0,1.0458333333333334,0.0,4.166666666666667e-06,0.0
LSC-CP,"LSC-CP, tamed",67fe983bcba8cecb4eb040b92e2c557b,c87203a12406cc5114b7ffa2d8877465,True,0,83,0.41500000000000004,206158527.94971395,64424.539984285606,83.0,84992.0,0.5649119141452068,0.29697546344322423,0.2962736661960882,0.5487500000000001,0.2231456643017906,0.0,0.15376290389508307,0.5173977216369079,True,0.12012712206063299,reject,pre_step,drift_diffusion_then_jump,full_law,8,0.0,0.0046484375,334.6837250177216,1374,0.0,1.0346385542168675,0.0,3.7650602409638552e-06,0.0
LSC-CP,"LSC-CP, tamed",67fe983bcba8cecb4eb040b92e2c557b,c87203a12406cc5114b7ffa2d8877465,True,1,83,0.41500000000000004,206158527.94971395,64424.539984285606,83.0,84992.0,0.5697660096752101,0.30364316931649216,0.30295011159592067,0.56,0.23261969293802753,0.0,0.16227305240661566,0.5373977216369078,True,0.12012712206063299,reject,pre_step,drift_diffusion_then_jump,full_law,8,0.0,0.0046484375,334.6837250177216,1374,0.0,1.0346385542168675,0.0,3.7650602409638552e-06,0.0
LSC-CP,"LSC-CP, tamed",67fe983bcba8cecb4eb040b92e2c557b,c87203a12406cc5114b7ffa2d8877465,True,2,83,0.41500000000000004,206158527.94971395,64424.539984285606,83.0,84992.0,0.5885158836942734,0.32573482795618247,0.3250686371772621,0.57625,0.23808068673274907,0.0,0.17785136327329404,0.5548977216369078,True,0.12012712206063299,reject,pre_step,drift_diffusion_then_jump,full_law,8,0.0,0.0046484375,334.6837250177216,1374,0.0,1.0346385542168675,0.0,3.7650602409638552e-06,0.0
LSC-CP,"LSC-CP, tamed",67fe983bcba8cecb4eb040b92e2c557b,c87203a12406cc5114b7ffa2d8877465,True,3,83,0.41500000000000004,206158527.94971395,64424.539984285606,83.0,84992.0,0.5731259849095423,0.30668535261640084,0.30599628796771605,0.5637500000000001,0.23664026540158378,0.0,0.1642819096510545,0.5323977216369078,True,0.12012712206063299,reject,pre_step,drift_diffusion_then_jump,full_law,8,0.0,0.0046484375,334.6837250177216,1374,0.0,1.0346385542168675,0.0,3.7650602409638552e-06,0.0
LSC-CP,"LSC-CP, tamed",67fe983bcba8cecb4eb040b92e2c557b,c87203a12406cc5114b7ffa2d8877465,True,0,92,0.46,228513067.12498412,71410.33347655754,92.0,94208.0,0.5525120915930539,0.2868829242557891,0.2861758144272928,0.54,0.2137146952113157,0.0,0.14728521768162461,0.5098977216369078,True,0.12012712206063299,reject,pre_step,drift_diffusion_then_jump,full_law,8,0.0,0.005277777777777778,152.72722285212762,1526,0.0,1.0366847826086956,0.0,3.3967391304347827e-06,0.0
LSC-CP,"LSC-CP, tamed",67fe983bcba8cecb4eb040b92e2c557b,c87203a12406cc5114b7ffa2d8877465,True,1,92,0.46,228513067.12498412,71410.33347655754,92.0,94208.0,0.5468108249583166,0.27856110373172405,0.2778436393338628,0.5325000000000001,0.21254073096948123,0.0,0.14458764016864134,0.5086477216369079,True,0.12012712206063299,reject,pre_step,drift_diffusion_then_jump,full_law,8,0.0,0.005277777777777778,152.72722285212762,1526,0.0,1.0366847826086956,0.0,3.3967391304347827e-06,0.0
LSC-CP,"LSC-CP, tamed",67fe983bcba8cecb4eb040b92e2c557b,c87203a12406cc5114b7ffa2d8877465,True,2,92,0.46,228513067.12498412,71410.33347655754,92.0,94208.0,0.5721019347014922,0.30553598370956814,0.3048494287028044,0.5587500000000001,0.23658019264065067,0.0,0.16538909788515965,0.5361477216369078,True,0.12012712206063299,reject,pre_step,drift_diffusion_then_jump,full_law,8,0.0,0.005277777777777778,152.72722285212762,1526,0.0,1.0366847826086956,0.0,3.3967391304347827e-06,0.0
LSC-CP,"LSC-CP, tamed",67fe983bcba8cecb4eb040b92e2c557b,c87203a12406cc5114b7ffa2d8877465,True,3,92,0.46,228513067.12498412,71410.33347655754,92.0,94208.0,0.5571323550402846,0.28997034580553427,0.28926759083180165,0.5337500000000001,0.2160936072923778,0.0,0.15160308636842296,0.5111477216369078,True,0.12012712206063299,reject,pre_step,drift_diffusion_then_jump,full_law,8,0.0,0.005277777777777778,152.72722285212762,1526,0.0,1.0366847826086956,0.0,3.3967391304347827e-06,0.0
LSC-CP,"LSC-CP, tamed",67fe983bcba8cecb4eb040b92e2c557b,c87203a12406cc5114b7ffa2d8877465,True,0,100,0.5,248383768.61411318,77619.92769191037,100.0,102400.0,0.5355885651668089,0.267480429362585,0.2667569305626474,0.5162500000000001,0.20114802034239387,0.0,0.13518798161379736,0.48864772163690784,True,0.12012712206063299,reject,pre_step,drift_diffusion_then_jump,full_law,8,0.0,0.006015624999999999,161.00342744886822,1680,0.0,1.05,0.0,6.25e-06,0.0
LSC-CP,"LSC-CP, tamed",67fe983bcba8cecb4eb040b92e2c557b,c87203a12406cc5114b7ffa2d8877465,True,1,100,0.5,248383768.61411318,77619.92769191037,100.0,102400.0,0.5319324163966686,0.2629913094801981,0.262257013055032,0.5175000000000001,0.20547776345933333,0.0,0.1348550684676616,0.49239772163690776,True,0.12012712206063299,reject,pre_step,drift_diffusion_then_jump,full_law,8,0.0,0.006015624999999999,161.00342744886822,1680,0.0,1.05,0.0,6.25e-06,0.0
LSC-CP,"LSC-CP, tamed",67fe983bcba8cecb4eb040b92e2c557b,c87203a12406cc5114b7ffa2d8877465,True,2,100,0.5,248383768.61411318,77619.92769191037,100.0,102400.0,0.5605792891792336,0.2921607088162115,0.29146015692815963,0.5425,0.22582015266577693,0.0,0.1575354662260125,0.5211477216369078,True,0.12012712206063299,reject,pre_step,drift_diffusion_then_jump,full_law,8,0.0,0.006015624999999999,161.00342744886822,1680,0.0,1.05,0.0,6.25e-06,0.0
LSC-CP,"LSC-CP, tamed",67fe983bcba8cecb4eb040b92e2c557b,c87203a12406cc5114b7ffa2d8877465,True,3,100,0.5,248383768.61411318,77619.92769191037,100.0,102400.0,0.5423216816847296,0.2743478370868919,0.2736326513733116,0.51875,0.21457538962559808,0.0,0.1416713222004716,0.49114772163690784,True,0.12012712206063299,reject,pre_step,drift_diffusion_then_jump,full_law,8,0.0,0.006015624999999999,161.00342744886822,1680,0.0,1.05,0.0,6.25e-06,0.0
LSC-CP,"LSC-CP, tamed",67fe983bcba8cecb4eb040b92e2c557b,c87203a12406cc5114b7ffa2d8877465,True,0,108,0.54,268254470.10324222,83829.52190726319,108.0,110592.0,0.5230257183578433,0.25362046387547477,0.25287997000183227,0.5012500000000001,0.18753623823737808,0.0,0.12848901352360217,0.47864772163690783,True,0.12012712206063299,reject,pre_step,drift_diffusion_then_jump,full_law,8,0.0,0.0058984375,138.68720383692718,1831,0.0,1.0596064814814814,0.0,5.787037037037037e-06,0.0
LSC-CP,"LSC-CP, tamed",67fe983bcba8cecb4eb040b92e2c557b,c87203a12406cc5114b7ffa2d8877465,True,1,108,0.54,268254470.10324222,83829.52190726319,108.0,110592.0,0.5261652346307969,0.25699346050736005,0.256255629366935,0.5125000000000001,0.1938096775945347,0.0,0.12961228803922276,0.4823977216369078,True,0.12012712206063299,reject,pre_step,drift_diffusion_then_jump,full_law,8,0.0,0.0058984375,138.68720383692718,1831,0.0,1.0596064814814814,0.0,5.787037037037037e-06,0.0
LSC-CP,"LSC-CP, tamed",67fe983bcba8cecb4eb040b92e2c557b,c87203a12406cc5114b7ffa2d8877465,True,2,108,0.54,268254470.10324222,83829.52190726319,108.0,110592.0,0.5418697934251103,0.27219516457608606,0.2714786675732055,0.52,0.209985342157619,0.0,0.14640165791489426,0.49739772163690776,True,0.12012712206063299,reject,pre_step,drift_diffusion_then_jump,full_law,8,0.0,0.0058984375,138.68720383692718,1831,0.0,1.0596064814814814,0.0,5.787037037037037e-06,0.0
LSC-CP,"LSC-CP, tamed",67fe983bcba8cecb4eb040b92e2c557b,c87203a12406cc5114b7ffa2d8877465,True,3,108,0.54,268254470.10324222,83829.52190726319,108.0,110592.0,0.5314843402178712,0.26277226861979885,0.26204728430169844,0.5025000000000001,0.20301280948159628,0.0,0.13267534981524093,0.4736477216369078,True,0.12012712206063299,reject,pre_step,drift_diffusion_then_jump,full_law,8,0.0,0.0058984375,138.68720383692718,1831,0.0,1.0596064814814814,0.0,5.787037037037037e-06,0.0
LSC-CP,"LSC-CP, tamed",67fe983bcba8cecb4eb040b92e2c557b,c87203a12406cc5114b7ffa2d8877465,True,0,117,0.585,290609009.2785124,90815.31539953513,117.0,119808.0,0.505384931214279,0.23687371545098612,0.23611818462376555,0.48750000000000004,0.18650093611466423,0.0,0.11856403088277537,0.45614772163690775,True,0.12012712206063299,reject,pre_step,drift_diffusion_then_jump,full_law,8,0.0,0.004791666666666667,140.9999249254042,1969,0.0,1.0518162393162394,0.0,5.341880341880342e-06,0.0
LSC-CP,"LSC-CP, tamed",67fe983bcba8cecb4eb040b92e2c557b,c87203a12406cc5114b7ffa2d8877465,True,1,117,0.585,290609009.2785124,90815.31539953513,117.0,119808.0,0.5091028692899807,0.23959227408318073,0.23884000044257592,0.49249999999999994,0.18232468328185092,0.0,0.12171982305948947,0.4686477216369078,True,0.12012712206063299,reject,pre_step,drift_diffusion_then_jump,full_law,8,0.0,0.004791666666666667,140.9999249254042,1969,0.0,1.0518162393162394,0.0,5.341880341880342e-06,0.0
LSC-CP,"LSC-CP, tamed",67fe983bcba8cecb4eb040b92e2c557b,c87203a12406cc5114b7ffa2d8877465,True,2,117,0.585,290609009.2785124,90815.31539953513,117.0,119808.0,0.5265547370770876,0.2587994475919402,0.2580757243626597,0.49875,0.19429727149899645,0.0,0.13192091754966878,0.4698977216369078,True,0.12012712206063299,reject,pre_step,drift_diffusion_then_jump,full_law,8,0.0,0.004791666666666667,140.9999249254042,1969,0.0,1.0518162393162394,0.0,5.341880341880342e-06,0.0
LSC-CP,"LSC-CP, tamed",67fe983bcba8cecb4eb040b92e2c557b,c87203a12406cc5114b7ffa2d8877465,True,3,117,0.585,290609009.2785124,90815.31539953513,117.0,119808.0,0.5098336846348679,0.24238948362436818,0.24164990077928628,0.4962500000000001,0.1833833114468305,0.0,0.12220702126131923,0.45739772163690784,True,0.12012712206063299,reject,pre_step,drift_diffusion_then_jump,full_law,8,0.0,0.004791666666666667,140.9999249254042,1969,0.0,1.0518162393162394,0.0,5.341880341880342e-06,0.0
LSC-CP,"LSC-CP, tamed",67fe983bcba8cecb4eb040b92e2c557b,c87203a12406cc5114b7ffa2d8877465,True,0,125,0.625,310479710.7676415,97024.90961488796,125.0,128000.0,0.4913714483968681,0.22374728380303577,0.22298359874901819,0.46375000000000005,0.17363327633136283,0.0,0.11348670278233301,0.4423977216369078,True,0.12012712206063299,reject,pre_step,drift_diffusion_then_jump,full_law,8,0.0,0.0046875,142.6635073899773,2089,0.0,1.0445,0.0,7.5e-06,0.0
LSC-CP,"LSC-CP, tamed",67fe983bcba8cecb4eb040b92e2c557b,c87203a12406cc5114b7ffa2d8877465,True,1,125,0.625,310479710.7676415,97024.90961488796,125.0,128000.0,0.4977084425140029,0.22910374032834924,0.22834251535893646,0.47750000000000004,0.17393019434372237,0.0,0.11401540134979518,0.45239772163690783,True,0.12012712206063299,reject,pre_step,drift_diffusion_then_jump,full_law,8,0.0,0.0046875,142.6635073899773,2089,0.0,1.0445,0.0,7.5e-06,0.0
LSC-CP,"LSC-CP, tamed",67fe983bcba8cecb4eb040b92e2c557b,c87203a12406cc5114b7ffa2d8877465,True,2,125,0.625,310479710.7676415,97024.90961488796,125.0,128000.0,0.50830194365954,0.24183101787550343,0.2410916862804534,0.48125,0.18725073659173508,0.0,0.1217437646427888,0.4561477216369078,True,0.12012712206063299,reject,pre_step,drift_diffusion_then_jump,full_law,8,0.0,0.0046875,142.6635073899773,2089,0.0,1.0445,0.0,7.5e-06,0.0
LSC-CP,"LSC-CP, tamed",67fe983bcba8cecb4eb040b92e2c557b,c87203a12406cc5114b7ffa2d8877465,True,3,125,0.625,310479710.7676415,97024.90961488796,125.0,128000.0,0.49396306713354904,0.22833140805101992,0.2275833627463434,0.47000000000000003,0.171752701927669,0.0,0.11464457672605939,0.44114772163690774,True,0.12012712206063299,reject,pre_step,drift_diffusion_then_jump,full_law,8,0.0,0.0046875,142.6635073899773,2089,0.0,1.0445,0.0,7.5e-06,0.0
LSC-CP,"LSC-CP, tamed",67fe983bcba8cecb4eb040b92e2c557b,c87203a12406cc5114b7ffa2d8877465,True,0,133,0.665,330350412.25677055,103234.50383024079,133.0,136192.0,0.47831797286842803,0.20991328202299764,0.2091363918065019,0.44750000000000006,0.16697195233853113,0.0,0.10341380695829984,0.4173977216369078,True,0.12012712206063299,reject,pre_step,drift_diffusion_then_jump,full_law,8,0.0,0.004843750000000001,255.63210519373254,2213,0.0,1.0399436090225564,0.0,7.048872180451128e-06,0.0
LSC-CP,"LSC-CP, tamed",67fe983bcba8cecb4eb040b92e2c557b,c87203a12406cc5114b7ffa2d8877465,True,1,133,0.665,330350412.25677055,103234.50383024079,133.0,136192.0,0.4844617501423885,0.21819095700857394,0.2174172373055211,0.4675,0.17275694639862182,0.0,0.10629982319955575,0.4361477216369078,True,0.12012712206063299,reject,pre_step,drift_diffusion_then_jump,full_law,8,0.0,0.004843750000000001,255.63210519373254,2213,0.0,1.0399436090225564,0.0,7.048872180451128e-06,0.0
LSC-CP,"LSC-CP, tamed",67fe983bcba8cecb4eb040b92e2c557b,c87203a12406cc5114b7ffa2d8877465,True,2,133,0.665,330350412.25677055,103234.50383024079,133.0,136192.0,0.49736639756272794,0.23005246578874627,0.2293018340158407,0.47125000000000006,0.1777403323777076,0.0,0.11665993980785432,0.4436477216369078,True,0.12012712206063299,reject,pre_step,drift_diffusion_then_jump,full_law,8,0.0,0.004843750000000001,255.63210519373254,2213,0.0,1.0399436090225564,0.0,7.048872180451128e-06,0.0
LSC-CP,"LSC-CP, tamed",67fe983bcba8cecb4eb040b92e2c557b,c87203a12406cc5114b7ffa2d8877465,True,3,133,0.665,330350412.25677055,103234.50383024079,133.0,136192.0,0.4785292205890789,0.21364896049834914,0.2128821961149837,0.4575,0.17675035679563667,0.0,0.10282325053103436,0.4186477216369078,True,0.12012712206063299,reject,pre_step,drift_diffusion_then_jump,full_law,8,0.0,0.004843750000000001,255.63210519373254,2213,0.0,1.0399436090225564,0.0,7.048872180451128e-06,0.0
LSC-CP,"LSC-CP, tamed",67fe983bcba8cecb4eb040b92e2c557b,c87203a12406cc5114b7ffa2d8877465,True,0,142,0.71,352704951.4320407,110220.29732251272,142.0,145408.0,0.4610149191753219,0.19653036356074827,0.1957477824578897,0.4312500000000001,0.1564656502754449,0.0,0.09682635393693786,0.4073977216369078,True,0.12012712206063299,reject,pre_step,drift_diffusion_then_jump,full_law,8,0.0,0.00548611111111111,166.0181962172957,2371,0.0,1.0435739436619718,0.0,6.602112676056338e-06,0.0
LSC-CP,"LSC-CP, tamed",67fe983bcba8cecb4eb040b92e2c557b,c87203a12406cc5114b7ffa2d8877465,True,1,142,0.71,352704951.4320407,110220.29732251272,142.0,145408.0,0.4732472611508494,0.20667474809045727,0.20588810015155135,0.4575000000000001,0.1680100164945364,0.0,0.09983959975995974,0.4223977216369078,True,0.12012712206063299,reject,pre_step,drift_diffusion_then_jump,full_law,8,0.0,0.00548611111111111,166.0181962172957,2371,0.0,1.0435739436619718,0.0,6.602112676056338e-06,0.0
LSC-CP,"LSC-CP, tamed",67fe983bcba8cecb4eb040b92e2c557b,c87203a12406cc5114b7ffa2d8877465,True,2,142,0.71,352704951.4320407,110220.29732251272,142.0,145408.0,0.4872766276686453,0.22134835883186443,0.2205922287848665,0.4575000000000001,0.17747297552394448,0.0,0.11299493907491456,0.43114772163690784,True,0.12012712206063299,reject,pre_step,drift_diffusion_then_jump,full_law,8,0.0,0.00548611111111111,166.0181962172957,2371,0.0,1.0435739436619718,0.0,6.602112676056338e-06,0.0
LSC-CP,"LSC-CP, tamed",67fe983bcba8cecb4eb040b92e2c557b,c87203a12406cc5114b7ffa2d8877465,True,3,142,0.71,352704951.4320407,110220.29732251272,142.0,145408.0,0.4683898438534367,0.20614784722290613,0.2053813648948728,0.44,0.16215985056526638,0.0,0.09764786968937372,0.4023977216369078,True,0.12012712206063299,reject,pre_step,drift_diffusion_then_jump,full_law,8,0.0,0.00548611111111111,166.0181962172957,2371,0.0,1.0435739436619718,0.0,6.602112676056338e-06,0.0
LSC-CP,"LSC-CP, tamed",67fe983bcba8cecb4eb040b92e2c557b,c87203a12406cc5114b7ffa2d8877465,True,0,150,0.75,372575652.92116976,116429.89153786555,150.0,153600.0,0.4501112883288346,0.18640373074886174,0.1856077961093422,0.42375000000000007,0.1541075427581179,0.0,0.09150732847421901,0.3973977216369078,True,0.12012712206063299,reject,pre_step,drift_diffusion_then_jump,full_law,8,0.0,0.004921875,155.52387457872447,2497,0.0,1.0404166666666668,0.0,8.333333333333334e-06,0.0
LSC-CP,"LSC-CP, tamed",67fe983bcba8cecb4eb040b92e2c557b,c87203a12406cc5114b7ffa2d8877465,True,1,150,0.75,372575652.92116976,116429.89153786555,150.0,153600.0,0.46799625629954256,0.20254176541531155,0.2017534900504082,0.45875000000000005,0.16597947946239444,0.0,0.09681607573245496,0.41364772163690783,True,0.12012712206063299,reject,pre_step,drift_diffusion_then_jump,full_law,8,0.0,0.004921875,155.52387457872447,2497,0.0,1.0404166666666668,0.0,8.333333333333334e-06,0.0
LSC-CP,"LSC-CP, tamed",67fe983bcba8cecb4eb040b92e2c557b,c87203a12406cc5114b7ffa2d8877465,True,2,150,0.75,372575652.92116976,116429.89153786555,150.0,153600.0,0.47929556507752263,0.21409104166420823,0.21332603402680317,0.44500000000000006,0.17215527125355323,0.0,0.10792566162142969,0.42114772163690783,True,0.12012712206063299,reject,pre_step,drift_diffusion_then_jump,full_law,8,0.0,0.004921875,155.52387457872447,2497,0.0,1.0404166666666668,0.0,8.333333333333334e-06,0.0
LSC-CP,"LSC-CP, tamed",67fe983bcba8cecb4eb040b92e2c557b,c87203a12406cc5114b7ffa2d8877465,True,3,150,0.75,372575652.92116976,116429.89153786555,150.0,153600.0,0.4601764338360127,0.1965626273990686,0.1957844376104957,0.42875,0.15981146226562581,0.0,0.0933915585700098,0.38989772163690783,True,0.12012712206063299,reject,pre_step,drift_diffusion_then_jump,full_law,8,0.0,0.004921875,155.52387457872447,2497,0.0,1.0404166666666668,0.0,8.333333333333334e-06,0.0
LSC-CP,"LSC-CP, tamed",67fe983bcba8cecb4eb040b92e2c557b,c87203a12406cc5114b7ffa2d8877465,True,0,158,0.79,392446354.4102988,122639.48575321838,158.0,161792.0,0.4411918896721828,0.18011237401199198,0.17931790544686,0.41374999999999995,0.15154053740076157,0.0,0.08811261124979441,0.38489772163690783,True,0.12012712206063299,reject,pre_step,drift_diffusion_then_jump,full_law,8,0.0,0.0044140625,131.39269654670224,2610,0.0,1.0324367088607596,0.0,7.911392405063292e-06,0.0
LSC-CP,"LSC-CP, tamed",67fe983bcba8cecb4eb040b92e2c557b,c87203a12406cc5114b7ffa2d8877465,True,1,158,0.79,392446354.4102988,122639.48575321838,158.0,161792.0,0.4581353290012664,0.19245060904382127,0.19165204120462798,0.435,0.15540069603575712,0.0,0.09198571325391436,0.4036477216369078,True,0.12012712206063299,reject,pre_step,drift_diffusion_then_jump,full_law,8,0.0,0.0044140625,131.39269654670224,2610,0.0,1.0324367088607596,0.0,7.911392405063292e-06,0.0
LSC-CP,"LSC-CP, tamed",67fe983bcba8cecb4eb040b92e2c557b,c87203a12406cc5114b7ffa2d8877465,True,2,158,0.79,392446354.4102988,122639.48575321838,158.0,161792.0,0.46962329496523514,0.20461393608440503,0.20384410790470608,0.4262500000000001,0.1590360438101892,0.0,0.10228161835400289,0.4048977216369078,True,0.12012712206063299,reject,pre_step,drift_diffusion_then_jump,full_law,8,0.0,0.0044140625,131.39269654670224,2610,0.0,1.0324367088607596,0.0,7.911392405063292e-06,0.0
LSC-CP,"LSC-CP, tamed",67fe983bcba8cecb4eb040b92e2c557b,c87203a12406cc5114b7ffa2d8877465,True,3,158,0.79,392446354.4102988,122639.48575321838,158.0,161792.0,0.456418153551133,0.1941689412174783,0.19339357913337918,0.42500000000000004,0.15474350632411438,0.0,0.08776662920727268,0.37364772163690774,True,0.12012712206063299,reject,pre_step,drift_diffusion_then_jump,full_law,8,0.0,0.0044140625,131.39269654670224,2610,0.0,1.0324367088607596,0.0,7.911392405063292e-06,0.0
LSC-CP,"LSC-CP, tamed",67fe983bcba8cecb4eb040b92e2c557b,c87203a12406cc5114b7ffa2d8877465,True,0,167,0.835,414800893.585569,129625.27924549032,167.0,171008.0,0.4245955787801122,0.16275975059880465,0.16195067399058172,0.37875000000000003,0.14248628263205376,0.0,0.07668436226244241,0.3498977216369078,True,0.12012712206063299,reject,pre_step,drift_diffusion_then_jump,full_law,8,0.0,0.004548611111111111,503.1281986974444,2741,0.0,1.0258233532934131,0.0,1.122754491017964e-05,0.0
LSC-CP,"LSC-CP, tamed",67fe983bcba8cecb4eb040b92e2c557b,c87203a12406cc5114b7ffa2d8877465,True,1,167,0.835,414800893.585569,129625.27924549032,167.0,171008.0,0.45557574708262977,0.19123199292136983,0.19043238596683654,0.42875,0.15247725191477135,0.0,0.08953123994478489,0.39489772163690784,True,0.12012712206063299,reject,pre_step,drift_diffusion_then_jump,full_law,8,0.0,0.004548611111111111,503.1281986974444,2741,0.0,1.0258233532934131,0.0,1.122754491017964e-05,0.0
LSC-CP,"LSC-CP, tamed",67fe983bcba8cecb4eb040b92e2c557b,c87203a12406cc5114b7ffa2d8877465,True,2,167,0.835,414800893.585569,129625.27924549032,167.0,171008.0,0.46621854213145403,0.2012723151408824,0.20050291734477732,0.42125000000000007,0.1520050770926602,0.0,0.09941591897239856,0.4011477216369078,True,0.12012712206063299,reject,pre_step,drift_diffusion_then_jump,full_law,8,0.0,0.004548611111111111,503.1281986974444,2741,0.0,1.0258233532934131,0.0,1.122754491017964e-05,0.0
LSC-CP,"LSC-CP, tamed",67fe983bcba8cecb4eb040b92e2c557b,c87203a12406cc5114b7ffa2d8877465,True,3,167,0.835,414800893.585569,129625.27924549032,167.0,171008.0,0.44929174307425646,0.1850959993475808,0.1843074625216914,0.41875000000000007,0.14400678503767061,0.0,0.08451395310008561,0.37239772163690776,True,0.12012712206063299,reject,pre_step,drift_diffusion_then_jump,full_law,8,0.0,0.004548611111111111,503.1281986974444,2741,0.0,1.0258233532934131,0.0,1.122754491017964e-05,0.0
LSC-CP,"LSC-CP, tamed",67fe983bcba8cecb4eb040b92e2c557b,c87203a12406cc5114b7ffa2d8877465,True,0,175,0.875,434671595.0746981,135834.87346084314,175.0,179200.0,0.4209122016608823,0.15974878437959317,0.15893756142873372,0.37625000000000003,0.13828558098598975,0.0,0.07242587125375828,0.3398977216369078,True,0.12012712206063299,reject,pre_step,drift_diffusion_then_jump,full_law,8,0.0,0.005156249999999999,198.1856789155499,2873,0.0,1.0260714285714285,0.0,1.25e-05,0.0
LSC-CP,"LSC-CP, tamed",67fe983bcba8cecb4eb040b92e2c557b,c87203a12406cc5114b7ffa2d8877465,True,1,175,0.875,434671595.0746981,135834.87346084314,175.0,179200.0,0.4406665006313767,0.17821754718805094,0.17741031895603243,0.41375000000000006,0.1437817018947387,0.0,0.08229159901631784,0.37739772163690777,True,0.12012712206063299,reject,pre_step,drift_diffusion_then_jump,full_law,8,0.0,0.005156249999999999,198.1856789155499,2873,0.0,1.0260714285714285,0.0,1.25e-05,0.0
LSC-CP,"LSC-CP, tamed",67fe983bcba8cecb4eb040b92e2c557b,c87203a12406cc5114b7ffa2d8877465,True,2,175,0.875,434671595.0746981,135834.87346084314,175.0,179200.0,0.45019360345314857,0.18675193296088888,0.18596451002222592,0.4025,0.15643459735905796,0.0,0.09093661993186701,0.37739772163690777,True,0.12012712206063299,reject,pre_step,drift_diffusion_then_jump,full_law,8,0.0,0.005156249999999999,198.1856789155499,2873,0.0,1.0260714285714285,0.0,1.25e-05,0.0
LSC-CP,"LSC-CP, tamed",67fe983bcba8cecb4eb040b92e2c557b,c87203a12406cc5114b7ffa2d8877465,True,3,175,0.875,434671595.0746981,135834.87346084314,175.0,179200.0,0.43540892149511123,0.17354865890853688,0.17274403475299505,0.40625000000000006,0.14954898032409047,0.0,0.07944036742679006,0.3648977216369078,True,0.12012712206063299,reject,pre_step,drift_diffusion_then_jump,full_law,8,0.0,0.005156249999999999,198.1856789155499,2873,0.0,1.0260714285714285,0.0,1.25e-05,0.0
LSC-CP,"LSC-CP, tamed",67fe983bcba8cecb4eb040b92e2c557b,c87203a12406cc5114b7ffa2d8877465,True,0,183,0.915,454542296.5638271,142044.46767619596,183.0,187392.0,0.4116008863827838,0.15070736271158547,0.14989077027898423,0.3687500000000001,0.13101135926879082,0.0,0.0695629429079244,0.3298977216369078,True,0.12012712206063299,reject,pre_step,drift_diffusion_then_jump,full_law,8,0.0,0.0048828125,132.46270124523676,2998,0.0,1.0239071038251366,0.0,1.1953551912568306e-05,0.0
LSC-CP,"LSC-CP, tamed",67fe983bcba8cecb4eb040b92e2c557b,c87203a12406cc5114b7ffa2d8877465,True,1,183,0.915,454542296.5638271,142044.46767619596,183.0,187392.0,0.4351757451115397,0.17224225189512998,0.1714267767702451,0.40625000000000006,0.14671923271893472,0.0,0.07827757074683758,0.36614772163690784,True,0.12012712206063299,reject,pre_step,drift_diffusion_then_jump,full_law,8,0.0,0.0048828125,132.46270124523676,2998,0.0,1.0239071038251366,0.0,1.1953551912568306e-05,0.0
LSC-CP,"LSC-CP, tamed",67fe983bcba8cecb4eb040b92e2c557b,c87203a12406cc5114b7ffa2d8877465,True,2,183,0.915,454542296.5638271,142044.46767619596,183.0,187392.0,0.44448863410293477,0.180326851424496,0.1795329080148339,0.3975,0.1475814566174063,0.0,0.08657311530148569,0.3711477216369078,True,0.12012712206063299,reject,pre_step,drift_diffusion_then_jump,full_law,8,0.0,0.0048828125,132.46270124523676,2998,0.0,1.0239071038251366,0.0,1.1953551912568306e-05,0.0
LSC-CP,"LSC-CP, tamed",67fe983bcba8cecb4eb040b92e2c557b,c87203a12406cc5114b7ffa2d8877465,True,3,183,0.915,454542296.5638271,142044.46767619596,183.0,187392.0,0.42652598123829666,0.1643118310703936,0.16349471198842225,0.3875,0.14139810086894822,0.0,0.07484697378884,0.35239772163690775,True,0.12012712206063299,reject,pre_step,drift_diffusion_then_jump,full_law,8,0.0,0.0048828125,132.46270124523676,2998,0.0,1.0239071038251366,0.0,1.1953551912568306e-05,0.0
LSC-CP,"LSC-CP, tamed",67fe983bcba8cecb4eb040b92e2c557b,c87203a12406cc5114b7ffa2d8877465,True,0,192,0.96,476896835.7390973,149030.2611684679,192.0,196608.0,0.40940913582044913,0.1491023705006056,0.14828820161397294,0.35125,0.12999229915563226,0.0,0.06881617114048602,0.3248977216369078,True,0.12012712206063299,reject,pre_step,drift_diffusion_then_jump,full_law,8,0.0,0.005173611111111111,150.43757694810336,3147,0.0,1.0244140625,0.0,1.3020833333333334e-05,0.0
LSC-CP,"LSC-CP, tamed",67fe983bcba8cecb4eb040b92e2c557b,c87203a12406cc5114b7ffa2d8877465,True,1,192,0.96,476896835.7390973,149030.2611684679,192.0,196608.0,0.42311428851338584,0.16007924827582865,0.15925698523171306,0.38500000000000006,0.1318077705511822,0.0,0.07232933638084964,0.3511477216369078,True,0.12012712206063299,reject,pre_step,drift_diffusion_then_jump,full_law,8,0.0,0.005173611111111111,150.43757694810336,3147,0.0,1.0244140625,0.0,1.3020833333333334e-05,0.0
LSC-CP,"LSC-CP, tamed",67fe983bcba8cecb4eb040b92e2c557b,c87203a12406cc5114b7ffa2d8877465,True,2,192,0.96,476896835.7390973,149030.2611684679,192.0,196608.0,0.43805811536642647,0.17331639346778993,0.17251584792387697,0.38375000000000004,0.14924727819231787,0.0,0.084570014331702,0.36364772163690784,True,0.12012712206063299,reject,pre_step,drift_diffusion_then_jump,full_law,8,0.0,0.005173611111111111,150.43757694810336,3147,0.0,1.0244140625,0.0,1.3020833333333334e-05,0.0
LSC-CP,"LSC-CP, tamed",67fe983bcba8cecb4eb040b92e2c557b,c87203a12406cc5114b7ffa2d8877465,True,3,192,0.96,476896835.7390973,149030.2611684679,192.0,196608.0,0.41388555426767565,0.15140975303418647,0.15058035695763206,0.36875,0.12538305142389738,0.0,0.0677384813439039,0.3336477216369078,True,0.12012712206063299,reject,pre_step,drift_diffusion_then_jump,full_law,8,0.0,0.005173611111111111,150.43757694810336,3147,0.0,1.0244140625,0.0,1.3020833333333334e-05,0.0
LSC-CP,"LSC-CP, tamed",67fe983bcba8cecb4eb040b92e2c557b,c87203a12406cc5114b7ffa2d8877465,True,0,200,1.0,496767537.22822636,155239.85538382074,200.0,204800.0,0.3992673788128454,0.1395713911080061,0.1387511456460977,0.34500000000000003,0.13077773892169464,0.0,0.06501533491858928,0.30989772163690776,True,0.12012712206063299,reject,pre_step,drift_diffusion_then_jump,full_law,8,0.0,0.0062109375,134.73284907341875,3306,0.0,1.033125,0.0,1.25e-05,0.0
LSC-CP,"LSC-CP, tamed",67fe983bcba8cecb4eb040b92e2c557b,c87203a12406cc5114b7ffa2d8877465,True,1,200,1.0,496767537.22822636,155239.85538382074,200.0,204800.0,0.4109714457374413,0.1478188030993548,0.14697686192902715,0.37124999999999997,0.13012202842134746,0.0,0.06776445513338145,0.3436477216369078,True,0.12012712206063299,reject,pre_step,drift_diffusion_then_jump,full_law,8,0.0,0.0062109375,134.73284907341875,3306,0.0,1.033125,0.0,1.25e-05,0.0
LSC-CP,"LSC-CP, tamed",67fe983bcba8cecb4eb040b92e2c557b,c87203a12406cc5114b7ffa2d8877465,True,2,200,1.0,496767537.22822636,155239.85538382074,200.0,204800.0,0.42871815996580565,0.1632552298607408,0.16244112196959903,0.37500000000000006,0.14294951562031788,0.0,0.07711772376028841,0.34614772163690777,True,0.12012712206063299,reject,pre_step,drift_diffusion_then_jump,full_law,8,0.0,0.0062109375,134.73284907341875,3306,0.0,1.033125,0.0,1.25e-05,0.0
LSC-CP,"LSC-CP, tamed",67fe983bcba8cecb4eb040b92e2c557b,c87203a12406cc5114b7ffa2d8877465,True,3,200,1.0,496767537.22822636,155239.85538382074,200.0,204800.0,0.4091968264167113,0.14566064449341476,0.14482313266077884,0.35750000000000004,0.12392837641617782,0.0,0.06385123701270021,0.3236477216369078,True,0.12012712206063299,reject,pre_step,drift_diffusion_then_jump,full_law,8,0.0,0.0062109375,134.73284907341875,3306,0.0,1.033125,0.0,1.25e-05,0.0
LSC-CP,"LSC-CP, tamed",67fe983bcba8cecb4eb040b92e2c557b,c87203a12406cc5114b7ffa2d8877465,True,0,208,1.04,516638238.71735543,161449.44959917356,208.0,212992.0,0.392793185378954,0.13183511705603257,0.13100736252380163,0.33375,0.12153710718143762,0.0,0.06164715650788402,0.2936477216369078,True,0.12012712206063299,reject,pre_step,drift_diffusion_then_jump,full_law,8,0.0,0.0055078125,384.2122825078744,3447,0.0,1.0357572115384615,0.0,1.3521634615384616e-05,0.0
LSC-CP,"LSC-CP, tamed",67fe983bcba8cecb4eb040b92e2c557b,c87203a12406cc5114b7ffa2d8877465,True,1,208,1.04,516638238.71735543,161449.44959917356,208.0,212992.0,0.3956455897970049,0.13410457070598558,0.13324817695663804,0.35875,0.12495634079875162,0.0,0.06045577118685733,0.32239772163690783,True,0.12012712206063299,reject,pre_step,drift_diffusion_then_jump,full_law,8,0.0,0.0055078125,384.2122825078744,3447,0.0,1.0357572115384615,0.0,1.3521634615384616e-05,0.0
LSC-CP,"LSC-CP, tamed",67fe983bcba8cecb4eb040b92e2c557b,c87203a12406cc5114b7ffa2d8877465,True,2,208,1.04,516638238.71735543,161449.44959917356,208.0,212992.0,0.41691634980338677,0.1544669849178809,0.15364929134514327,0.36625,0.13549204929880232,0.0,0.07191375484069293,0.33239772163690784,True,0.12012712206063299,reject,pre_step,drift_diffusion_then_jump,full_law,8,0.0,0.0055078125,384.2122825078744,3447,0.0,1.0357572115384615,0.0,1.3521634615384616e-05,0.0
LSC-CP,"LSC-CP, tamed",67fe983bcba8cecb4eb040b92e2c557b,c87203a12406cc5114b7ffa2d8877465,True,3,208,1.04,516638238.71735543,161449.44959917356,208.0,212992.0,0.4034140712148214,0.14270615847355983,0.14186750772685086,0.35625,0.12232483966341745,0.0,0.062226418283958716,0.32239772163690783,True,0.12012712206063299,reject,pre_step,drift_diffusion_then_jump,full_law,8,0.0,0.0055078125,384.2122825078744,3447,0.0,1.0357572115384615,0.0,1.3521634615384616e-05,0.0
LSC-CP,"LSC-CP, tamed",67fe983bcba8cecb4eb040b92e2c557b,c87203a12406cc5114b7ffa2d8877465,True,0,217,1.085,538992777.8926256,168435.2430914455,217.0,222208.0,0.39075231641083924,0.12970919224327215,0.12887787653070937,0.325,0.11760645695799399,0.0,0.05926795143394556,0.2861477216369078,True,0.12012712206063299,reject,pre_step,drift_diffusion_then_jump,full_law,8,0.0,0.005486111111111111,139.38848902212632,3605,0.0,1.0383064516129032,0.0,1.2960829493087558e-05,0.0
LSC-CP,"LSC-CP, tamed",67fe983bcba8cecb4eb040b92e2c557b,c87203a12406cc5114b7ffa2d8877465,True,1,217,1.085,538992777.8926256,168435.2430914455,217.0,222208.0,0.3846540799583429,0.12360154196168749,0.1227316709765881,0.33875000000000005,0.12474380270954033,0.0,0.05569551136616598,0.3086477216369078,True,0.12012712206063299,reject,pre_step,drift_diffusion_then_jump,full_law,8,0.0,0.005486111111111111,139.38848902212632,3605,0.0,1.0383064516129032,0.0,1.2960829493087558e-05,0.0
LSC-CP,"LSC-CP, tamed",67fe983bcba8cecb4eb040b92e2c557b,c87203a12406cc5114b7ffa2d8877465,True,2,217,1.085,538992777.8926256,168435.2430914455,217.0,222208.0,0.41018814879364957,0.14546964738976242,0.14464470312147948,0.345,0.13070321372952842,0.0,0.06728115378615443,0.31614772163690774,True,0.12012712206063299,reject,pre_step,drift_diffusion_then_jump,full_law,8,0.0,0.005486111111111111,139.38848902212632,3605,0.0,1.0383064516129032,0.0,1.2960829493087558e-05,0.0
LSC-CP,"LSC-CP, tamed",67fe983bcba8cecb4eb040b92e2c557b,c87203a12406cc5114b7ffa2d8877465,True,3,217,1.085,538992777.8926256,168435.2430914455,217.0,222208.0,0.4009329906245964,0.13859941803275333,0.13775310480182146,0.35250000000000004,0.1239309061902667,0.0,0.060680789355944176,0.3186477216369078,True,0.12012712206063299,reject,pre_step,drift_diffusion_then_jump,full_law,8,0.0,0.005486111111111111,139.38848902212632,3605,0.0,1.0383064516129032,0.0,1.2960829493087558e-05,0.0
LSC-CP,"LSC-CP, tamed",67fe983bcba8cecb4eb040b92e2c557b,c87203a12406cc5114b7ffa2d8877465,True,0,225,1.125,558863479.3817546,174644.83730679832,225.0,230400.0,0.3828925168926166,0.1230466682311756,0.12221122612453272,0.31250000000000006,0.11672919392375869,0.0,0.05500321495993255,0.2773977216369078,True,0.12012712206063299,reject,pre_step,drift_diffusion_then_jump,full_law,8,0.0,0.0046484375,174.98658880232992,3724,0.0,1.0344444444444445,0.0,1.25e-05,0.0
LSC-CP,"LSC-CP, tamed",67fe983bcba8cecb4eb040b92e2c557b,c87203a12406cc5114b7ffa2d8877465,True,1,225,1.125,558863479.3817546,174644.83730679832,225.0,230400.0,0.3747373877522374,0.11706213019455836,0.11619182018496654,0.32375000000000004,0.11827758253309639,0.0,0.05134079896287363,0.29114772163690783,True,0.12012712206063299,reject,pre_step,drift_diffusion_then_jump,full_law,8,0.0,0.0046484375,174.98658880232992,3724,0.0,1.0344444444444445,0.0,1.25e-05,0.0
LSC-CP,"LSC-CP, tamed",67fe983bcba8cecb4eb040b92e2c557b,c87203a12406cc5114b7ffa2d8877465,True,2,225,1.125,558863479.3817546,174644.83730679832,225.0,230400.0,0.4019276403866787,0.13903276357882122,0.13820304562820285,0.33875000000000005,0.12702849044788644,0.0,0.06210508646896752,0.3023977216369078,True,0.12012712206063299,reject,pre_step,drift_diffusion_then_jump,full_law,8,0.0,0.0046484375,174.98658880232992,3724,0.0,1.0344444444444445,0.0,1.25e-05,0.0
LSC-CP,"LSC-CP, tamed",67fe983bcba8cecb4eb040b92e2c557b,c87203a12406cc5114b7ffa2d8877465,True,3,225,1.125,558863479.3817546,174644.83730679832,225.0,230400.0,0.39633985586022835,0.13469665675645937,0.13384629603881248,0.34500000000000003,0.11610923890402458,0.0,0.059482340441122376,0.3173977216369078,True,0.12012712206063299,reject,pre_step,drift_diffusion_then_jump,full_law,8,0.0,0.0046484375,174.98658880232992,3724,0.0,1.0344444444444445,0.0,1.25e-05,0.0
LSC-CP,"LSC-CP, tamed",67fe983bcba8cecb4eb040b92e2c557b,c87203a12406cc5114b7ffa2d8877465,True,0,233,1.165,578734180.8708837,180854.43152215116,233.0,238592.0,0.38070852244402326,0.12158914386803166,0.12075217475475575,0.31499999999999995,0.11389364970141191,0.0,0.05274664554181967,0.2673977216369078,True,0.12012712206063299,reject,pre_step,drift_diffusion_then_jump,full_law,8,0.0,0.0052734374999999995,124.73172540876564,3859,0.0,1.0351394849785407,0.0,1.2070815450643777e-05,0.0
LSC-CP,"LSC-CP, tamed",67fe983bcba8cecb4eb040b92e2c557b,c87203a12406cc5114b7ffa2d8877465,True,1,233,1.165,578734180.8708837,180854.43152215116,233.0,238592.0,0.371828685604057,0.11439599800053524,0.11352771443457554,0.32000000000000006,0.11378976658239615,0.0,0.0505121220040245,0.2886477216369078,True,0.12012712206063299,reject,pre_step,drift_diffusion_then_jump,full_law,8,0.0,0.0052734374999999995,124.73172540876564,3859,0.0,1.0351394849785407,0.0,1.2070815450643777e-05,0.0
LSC-CP,"LSC-CP, tamed",67fe983bcba8cecb4eb040b92e2c557b,c87203a12406cc5114b7ffa2d8877465,True,2,233,1.165,578734180.8708837,180854.43152215116,233.0,238592.0,0.39291968058271676,0.13185539485710307,0.13101944563752843,0.33625,0.11913894682386794,0.0,0.059133864914452744,0.29614772163690783,True,0.12012712206063299,reject,pre_step,drift_diffusion_then_jump,full_law,8,0.0,0.0052734374999999995,124.73172540876564,3859,0.0,1.0351394849785407,0.0,1.2070815450643777e-05,0.0
LSC-CP,"LSC-CP, tamed",67fe983bcba8cecb4eb040b92e2c557b,c87203a12406cc5114b7ffa2d8877465,True,3,233,1.165,578734180.8708837,180854.43152215116,233.0,238592.0,0.38214962621407766,0.12359855011457166,0.12274333494505463,0.3375,0.1193326913530125,0.0,0.055608702633937857,0.3023977216369078,True,0.12012712206063299,reject,pre_step,drift_diffusion_then_jump,full_law,8,0.0,0.0052734374999999995,124.73172540876564,3859,0.0,1.0351394849785407,0.0,1.2070815450643777e-05,0.0
LSC-CP,"LSC-CP, tamed",67fe983bcba8cecb4eb040b92e2c557b,c87203a12406cc5114b7ffa2d8877465,True,0,242,1.21,601088720.0461539,187840.2250144231,242.0,247808.0,0.373446763648449,0.11569234126703698,0.11485480837631945,0.3087500000000001,0.1084252297683107,0.0,0.05016894604925676,0.2573977216369078,True,0.12012712206063299,reject,pre_step,drift_diffusion_then_jump,full_law,8,0.0,0.004930555555555555,139.7889779102351,4001,0.0,1.0333161157024793,0.0,1.162190082644628e-05,0.0
LSC-CP,"LSC-CP, tamed",67fe983bcba8cecb4eb040b92e2c557b,c87203a12406cc5114b7ffa2d8877465,True,1,242,1.21,601088720.0461539,187840.2250144231,242.0,247808.0,0.36264822507253974,0.10450503226225338,0.10362316513045866,0.30250000000000005,0.11147163327360643,0.0,0.04622367879108823,0.2723977216369078,True,0.12012712206063299,reject,pre_step,drift_diffusion_then_jump,full_law,8,0.0,0.004930555555555555,139.7889779102351,4001,0.0,1.0333161157024793,0.0,1.162190082644628e-05,0.0
LSC-CP,"LSC-CP, tamed",67fe983bcba8cecb4eb040b92e2c557b,c87203a12406cc5114b7ffa2d8877465,True,2,242,1.21,601088720.0461539,187840.2250144231,242.0,247808.0,0.38765227268292707,0.1243549572203052,0.12350660568480853,0.32875,0.11984782193012433,0.0,0.0554035169701073,0.28364772163690777,True,0.12012712206063299,reject,pre_step,drift_diffusion_then_jump,full_law,8,0.0,0.004930555555555555,139.7889779102351,4001,0.0,1.0333161157024793,0.0,1.162190082644628e-05,0.0
LSC-CP,"LSC-CP, tamed",67fe983bcba8cecb4eb040b92e2c557b,c87203a12406cc5114b7ffa2d8877465,True,3,242,1.21,601088720.0461539,187840.2250144231,242.0,247808.0,0.3732173294131197,0.11592379073756731,0.11505900267894009,0.3225,0.11385014855992326,0.0,0.050245124224335254,0.2886477216369078,True,0.12012712206063299,reject,pre_step,drift_diffusion_then_jump,full_law,8,0.0,0.004930555555555555,139.7889779102351,4001,0.0,1.0333161157024793,0.0,1.162190082644628e-05,0.0
LSC-CP,"LSC-CP, tamed",67fe983bcba8cecb4eb040b92e2c557b,c87203a12406cc5114b7ffa2d8877465,True,0,250,1.25,620959421.535283,194049.81922977592,250.0,256000.0,0.3685250869808082,0.11055023793309082,0.10970447619165646,0.29375000000000007,0.10629675000731942,0.0,0.046091074850760194,0.24489772163690782,True,0.12012712206063299,reject,pre_step,drift_diffusion_then_jump,full_law,8,0.0,0.005195312499999999,130.14438660215743,4134,0.0,1.0335,0.0,1.125e-05,0.0
LSC-CP,"LSC-CP, tamed",67fe983bcba8cecb4eb040b92e2c557b,c87203a12406cc5114b7ffa2d8877465,True,1,250,1.25,620959421.535283,194049.81922977592,250.0,256000.0,0.3520157428896403,0.09595136023742068,0.0950587105621079,0.29375000000000007,0.1046268246979134,0.0,0.04189244247141144,0.25989772163690783,True,0.12012712206063299,reject,pre_step,drift_diffusion_then_jump,full_law,8,0.0,0.005195312499999999,130.14438660215743,4134,0.0,1.0335,0.0,1.125e-05,0.0
LSC-CP,"LSC-CP, tamed",67fe983bcba8cecb4eb040b92e2c557b,c87203a12406cc5114b7ffa2d8877465,True,2,250,1.25,620959421.535283,194049.81922977592,250.0,256000.0,0.37462349209715273,0.11571412794740099,0.11486024499720482,0.3325000000000001,0.11873930942682209,0.0,0.049775444743024214,0.2661477216369078,True,0.12012712206063299,reject,pre_step,drift_diffusion_then_jump,full_law,8,0.0,0.005195312499999999,130.14438660215743,4134,0.0,1.0335,0.0,1.125e-05,0.0
LSC-CP,"LSC-CP, tamed",67fe983bcba8cecb4eb040b92e2c557b,c87203a12406cc5114b7ffa2d8877465,True,3,250,1.25,620959421.535283,194049.81922977592,250.0,256000.0,0.3640855625918826,0.10928450446002191,0.10841368101051674,0.315,0.10565699944538032,0.0,0.046291122003405835,0.27864772163690776,True,0.12012712206063299,reject,pre_step,drift_diffusion_then_jump,full_law,8,0.0,0.005195312499999999,130.14438660215743,4134,0.0,1.0335,0.0,1.125e-05,0.0
LSC-CP,"LSC-CP, tamed",67fe983bcba8cecb4eb040b92e2c557b,c87203a12406cc5114b7ffa2d8877465,True,0,258,1.29,640830123.024412,200259.41344512877,258.0,264192.0,0.36188853401685156,0.1039673002610002,0.10310710354493247,0.2975,0.10305365089535212,0.0,0.043819087912134895,0.2423977216369078,True,0.12012712206063299,reject,pre_step,drift_diffusion_then_jump,full_law,8,0.0,0.005,146.05292814201087,4262,0.0,1.0324612403100775,0.0,1.0901162790697675e-05,0.0
LSC-CP,"LSC-CP, tamed",67fe983bcba8cecb4eb040b92e2c557b,c87203a12406cc5114b7ffa2d8877465,True,1,258,1.29,640830123.024412,200259.41344512877,258.0,264192.0,0.3453728341558458,0.09170509674746441,0.09080872513584715,0.28500000000000003,0.10074390473719264,0.0,0.03874430272220399,0.2473977216369078,True,0.12012712206063299,reject,pre_step,drift_diffusion_then_jump,full_law,8,0.0,0.005,146.05292814201087,4262,0.0,1.0324612403100775,0.0,1.0901162790697675e-05,0.0
LSC-CP,"LSC-CP, tamed",67fe983bcba8cecb4eb040b92e2c557b,c87203a12406cc5114b7ffa2d8877465,True,2,258,1.29,640830123.024412,200259.41344512877,258.0,264192.0,0.3713954894529592,0.11347278713500797,0.11262504952932473,0.31625,0.11081097749202373,0.0,0.048324568577878105,0.25364772163690774,True,0.12012712206063299,reject,pre_step,drift_diffusion_then_jump,full_law,8,0.0,0.005,146.05292814201087,4262,0.0,1.0324612403100775,0.0,1.0901162790697675e-05,0.0
LSC-CP,"LSC-CP, tamed",67fe983bcba8cecb4eb040b92e2c557b,c87203a12406cc5114b7ffa2d8877465,True,3,258,1.29,640830123.024412,200259.41344512877,258.0,264192.0,0.3533495410778279,0.10061880479630092,0.09973932198381086,0.30125,0.1022666350653072,0.0,0.04151460809850003,0.26364772163690775,True,0.12012712206063299,reject,pre_step,drift_diffusion_then_jump,full_law,8,0.0,0.005,146.05292814201087,4262,0.0,1.0324612403100775,0.0,1.0901162790697675e-05,0.0
LSC-CP,"LSC-CP, tamed",67fe983bcba8cecb4eb040b92e2c557b,c87203a12406cc5114b7ffa2d8877465,True,0,267,1.335,663184662.1996822,207245.2069374007,267.0,273408.0,0.3503443969875739,0.0960928323103426,0.09522387657080533,0.2775000000000001,0.09843283032127559,0.0,0.04062191787867145,0.23739772163690778,True,0.12012712206063299,reject,pre_step,drift_diffusion_then_jump,full_law,8,0.0,0.005347222222222222,133.67808324044412,4416,0.0,1.0337078651685394,0.0,1.0533707865168539e-05,0.0
LSC-CP,"LSC-CP, tamed",67fe983bcba8cecb4eb040b92e2c557b,c87203a12406cc5114b7ffa2d8877465,True,1,267,1.335,663184662.1996822,207245.2069374007,267.0,273408.0,0.3371581229590397,0.08651714859131521,0.0856263324777442,0.27,0.09345811709384066,0.0,0.03622921106503114,0.23489772163690784,True,0.12012712206063299,reject,pre_step,drift_diffusion_then_jump,full_law,8,0.0,0.005347222222222222,133.67808324044412,4416,0.0,1.0337078651685394,0.0,1.0533707865168539e-05,0.0
LSC-CP,"LSC-CP, tamed",67fe983bcba8cecb4eb040b92e2c557b,c87203a12406cc5114b7ffa2d8877465,True,2,267,1.335,663184662.1996822,207245.2069374007,267.0,273408.0,0.36477709038075656,0.10828778539461958,0.1074326837274514,0.3087500000000001,0.10430645542045458,0.0,0.04564855488647598,0.2511477216369078,True,0.12012712206063299,reject,pre_step,drift_diffusion_then_jump,full_law,8,0.0,0.005347222222222222,133.67808324044412,4416,0.0,1.0337078651685394,0.0,1.0533707865168539e-05,0.0
LSC-CP,"LSC-CP, tamed",67fe983bcba8cecb4eb040b92e2c557b,c87203a12406cc5114b7ffa2d8877465,True,3,267,1.335,663184662.1996822,207245.2069374007,267.0,273408.0,0.3455742425417906,0.09295198243168501,0.09206285082870014,0.28250000000000003,0.09966307505307159,0.0,0.039262568325678496,0.25364772163690774,True,0.12012712206063299,reject,pre_step,drift_diffusion_then_jump,full_law,8,0.0,0.005347222222222222,133.67808324044412,4416,0.0,1.0337078651685394,0.0,1.0533707865168539e-05,0.0
LSC-CP,"LSC-CP, tamed",67fe983bcba8cecb4eb040b92e2c557b,c87203a12406cc5114b7ffa2d8877465,True,0,275,1.375,683055363.6888112,213454.8011527535,275.0,281600.0,0.34238415137404193,0.09112443543312432,0.09025264302513336,0.26875000000000004,0.0971102604853763,0.0,0.03845679359315016,0.2298977216369078,True,0.12012712206063299,reject,pre_step,drift_diffusion_then_jump,full_law,8,0.0,0.0041015625,134.6600202999053,4521,0.0,1.0275,0.0,1.0227272727272727e-05,0.0
LSC-CP,"LSC-CP, tamed",67fe983bcba8cecb4eb040b92e2c557b,c87203a12406cc5114b7ffa2d8877465,True,1,275,1.375,683055363.6888112,213454.8011527535,275.0,281600.0,0.33681177204660784,0.08531291438031618,0.0844191853905698,0.27125000000000005,0.09467681112973247,0.0,0.035547158997493195,0.23239772163690778,True,0.12012712206063299,reject,pre_step,drift_diffusion_then_jump,full_law,8,0.0,0.0041015625,134.6600202999053,4521,0.0,1.0275,0.0,1.0227272727272727e-05,0.0
LSC-CP,"LSC-CP, tamed",67fe983bcba8cecb4eb040b92e2c557b,c87203a12406cc5114b7ffa2d8877465,True,2,275,1.375,683055363.6888112,213454.8011527535,275.0,281600.0,0.35876472898628087,0.1019664707028054,0.10110355115490322,0.29500000000000004,0.10317095739319981,0.0,0.044172495471234884,0.2486477216369078,True,0.12012712206063299,reject,pre_step,drift_diffusion_then_jump,full_law,8,0.0,0.0041015625,134.6600202999053,4521,0.0,1.0275,0.0,1.0227272727272727e-05,0.0
LSC-CP,"LSC-CP, tamed",67fe983bcba8cecb4eb040b92e2c557b,c87203a12406cc5114b7ffa2d8877465,True,3,275,1.375,683055363.6888112,213454.8011527535,275.0,281600.0,0.34218359725423975,0.09193687610099821,0.09104897718295824,0.28625000000000006,0.09316345115610836,0.0,0.03736445400178126,0.24614772163690782,True,0.12012712206063299,reject,pre_step,drift_diffusion_then_jump,full_law,8,0.0,0.0041015625,134.6600202999053,4521,0.0,1.0275,0.0,1.0227272727272727e-05,0.0
LSC-CP,"LSC-CP, tamed",67fe983bcba8cecb4eb040b92e2c557b,c87203a12406cc5114b7ffa2d8877465,True,0,283,1.415,702926065.1779402,219664.3953681063,283.0,289792.0,0.339722259926043,0.0882162296936656,0.08733663448435103,0.25875,0.09730753856297336,0.0,0.03666469473425035,0.2223977216369078,True,0.12012712206063299,reject,pre_step,drift_diffusion_then_jump,full_law,8,0.0,0.0044140625,134.2713776145443,4634,0.0,1.0234098939929328,0.0,9.938162544169612e-06,0.0
LSC-CP,"LSC-CP, tamed",67fe983bcba8cecb4eb040b92e2c557b,c87203a12406cc5114b7ffa2d8877465,True,1,283,1.415,702926065.1779402,219664.3953681063,283.0,289792.0,0.32625313540458,0.07907912623064695,0.07818394602997403,0.25000000000000006,0.094220733522971,0.0,0.03271789526176159,0.21989772163690782,True,0.12012712206063299,reject,pre_step,drift_diffusion_then_jump,full_law,8,0.0,0.0044140625,134.2713776145443,4634,0.0,1.0234098939929328,0.0,9.938162544169612e-06,0.0
LSC-CP,"LSC-CP, tamed",67fe983bcba8cecb4eb040b92e2c557b,c87203a12406cc5114b7ffa2d8877465,True,2,283,1.415,702926065.1779402,219664.3953681063,283.0,289792.0,0.35530295774908605,0.09906492452659887,0.09819662959580777,0.2775000000000001,0.102693653793963,0.0,0.04243556437616765,0.2423977216369078,True,0.12012712206063299,reject,pre_step,drift_diffusion_then_jump,full_law,8,0.0,0.0044140625,134.2713776145443,4634,0.0,1.0234098939929328,0.0,9.938162544169612e-06,0.0
LSC-CP,"LSC-CP, tamed",67fe983bcba8cecb4eb040b92e2c557b,c87203a12406cc5114b7ffa2d8877465,True,3,283,1.415,702926065.1779402,219664.3953681063,283.0,289792.0,0.3355587193549581,0.08643189641834237,0.08553657285855898,0.27625000000000005,0.09081860293310384,0.0,0.03622272688920892,0.2423977216369078,True,0.12012712206063299,reject,pre_step,drift_diffusion_then_jump,full_law,8,0.0,0.0044140625,134.2713776145443,4634,0.0,1.0234098939929328,0.0,9.938162544169612e-06,0.0
LSC-CP,"LSC-CP, tamed",67fe983bcba8cecb4eb040b92e2c557b,c87203a12406cc5114b7ffa2d8877465,True,0,292,1.46,725280604.3532104,226650.18886037826,292.0,299008.0,0.33351909949567193,0.08237403505221286,0.08148784570748413,0.24875000000000003,0.0990348870833031,0.0,0.03378230338914424,0.2111477216369078,True,0.12012712206063299,reject,pre_step,drift_diffusion_then_jump,full_law,8,0.0,0.005069444444444444,143.57815793463848,4780,0.0,1.0231164383561644,0.0,9.631849315068493e-06,0.0
LSC-CP,"LSC-CP, tamed",67fe983bcba8cecb4eb040b92e2c557b,c87203a12406cc5114b7ffa2d8877465,True,1,292,1.46,725280604.3532104,226650.18886037826,292.0,299008.0,0.3209440107848698,0.07484961385969824,0.07394785039701601,0.24125000000000002,0.0952340122646772,0.0,0.031003207552781527,0.21364772163690782,True,0.12012712206063299,reject,pre_step,drift_diffusion_then_jump,full_law,8,0.0,0.005069444444444444,143.57815793463848,4780,0.0,1.0231164383561644,0.0,9.631849315068493e-06,0.0
LSC-CP,"LSC-CP, tamed",67fe983bcba8cecb4eb040b92e2c557b,c87203a12406cc5114b7ffa2d8877465,True,2,292,1.46,725280604.3532104,226650.18886037826,292.0,299008.0,0.35362107988312974,0.098491139762662,0.09761713361763846,0.28375000000000006,0.1028459920245055,0.0,0.04114712244578334,0.2423977216369078,True,0.12012712206063299,reject,pre_step,drift_diffusion_then_jump,full_law,8,0.0,0.005069444444444444,143.57815793463848,4780,0.0,1.0231164383561644,0.0,9.631849315068493e-06,0.0
LSC-CP,"LSC-CP, tamed",67fe983bcba8cecb4eb040b92e2c557b,c87203a12406cc5114b7ffa2d8877465,True,3,292,1.46,725280604.3532104,226650.18886037826,292.0,299008.0,0.32464405891189807,0.0789610708044085,0.07805576255261448,0.26375000000000004,0.0941483449589744,0.0,0.03185837849114319,0.2273977216369078,True,0.12012712206063299,reject,pre_step,drift_diffusion_then_jump,full_law,8,0.0,0.005069444444444444,143.57815793463848,4780,0.0,1.0231164383561644,0.0,9.631849315068493e-06,0.0
LSC-CP,"LSC-CP, tamed",67fe983bcba8cecb4eb040b92e2c557b,c87203a12406cc5114b7ffa2d8877465,True,0,300,1.5,745151305.8423395,232859.7830757311,300.0,307200.0,0.33263921211269903,0.08178211974089411,0.08089902615854494,0.245,0.093961647758936,0.0,0.03336993535249792,0.20614772163690784,True,0.12012712206063299,reject,pre_step,drift_diffusion_then_jump,full_law,8,0.0,0.00546875,135.10194747778783,4920,0.0,1.025,0.0,9.375e-06,0.0
LSC-CP,"LSC-CP, tamed",67fe983bcba8cecb4eb040b92e2c557b,c87203a12406cc5114b7ffa2d8877465,True,1,300,1.5,745151305.8423395,232859.7830757311,300.0,307200.0,0.30669706880013126,0.06609307138852527,0.06518588013671867,0.22500000000000003,0.09032718828940889,0.0,0.026810040805387188,0.1948977216369078,True,0.12012712206063299,reject,pre_step,drift_diffusion_then_jump,full_law,8,0.0,0.00546875,135.10194747778783,4920,0.0,1.025,0.0,9.375e-06,0.0
LSC-CP,"LSC-CP, tamed",67fe983bcba8cecb4eb040b92e2c557b,c87203a12406cc5114b7ffa2d8877465,True,2,300,1.5,745151305.8423395,232859.7830757311,300.0,307200.0,0.3451656345992157,0.09189100995804655,0.09100657184013605,0.27875000000000005,0.09808547704163129,0.0,0.03835367971301134,0.2411477216369078,True,0.12012712206063299,reject,pre_step,drift_diffusion_then_jump,full_law,8,0.0,0.00546875,135.10194747778783,4920,0.0,1.025,0.0,9.375e-06,0.0
LSC-CP,"LSC-CP, tamed",67fe983bcba8cecb4eb040b92e2c557b,c87203a12406cc5114b7ffa2d8877465,True,3,300,1.5,745151305.8423395,232859.7830757311,300.0,307200.0,0.3178868543503667,0.07493134622272801,0.07402778232048368,0.25625000000000003,0.08885532536406437,0.0,0.02972637782905349,0.21739772163690782,True,0.12012712206063299,reject,pre_step,drift_diffusion_then_jump,full_law,8,0.0,0.00546875,135.10194747778783,4920,0.0,1.025,0.0,9.375e-06,0.0
LSC-CP,"LSC-CP, tamed",67fe983bcba8cecb4eb040b92e2c557b,c87203a12406cc5114b7ffa2d8877465,True,0,308,1.54,765022007.3314686,239069.37729108392,308.0,315392.0,0.32910939485745616,0.07974323591898702,0.07886070739584528,0.24375000000000002,0.09146306163458773,0.0,0.03221348979598533,0.1998977216369078,True,0.12012712206063299,reject,pre_step,drift_diffusion_then_jump,full_law,8,0.0,0.005,126.83495924159604,5048,0.0,1.0243506493506493,0.0,9.131493506493506e-06,0.0
LSC-CP,"LSC-CP, tamed",67fe983bcba8cecb4eb040b92e2c557b,c87203a12406cc5114b7ffa2d8877465,True,1,308,1.54,765022007.3314686,239069.37729108392,308.0,315392.0,0.3011216462277982,0.06235560745828017,0.06144666650400721,0.21999999999999997,0.08730257682397835,0.0,0.0256632716019787,0.18989772163690777,True,0.12012712206063299,reject,pre_step,drift_diffusion_then_jump,full_law,8,0.0,0.005,126.83495924159604,5048,0.0,1.0243506493506493,0.0,9.131493506493506e-06,0.0
LSC-CP,"LSC-CP, tamed",67fe983bcba8cecb4eb040b92e2c557b,c87203a12406cc5114b7ffa2d8877465,True,2,308,1.54,765022007.3314686,239069.37729108392,308.0,315392.0,0.3336078073836729,0.08478649273733185,0.08389784953758461,0.26875000000000004,0.09358633882074896,0.0,0.03453172738348622,0.22489772163690783,True,0.12012712206063299,reject,pre_step,drift_diffusion_then_jump,full_law,8,0.0,0.005,126.83495924159604,5048,0.0,1.0243506493506493,0.0,9.131493506493506e-06,0.0
LSC-CP,"LSC-CP, tamed",67fe983bcba8cecb4eb040b92e2c557b,c87203a12406cc5114b7ffa2d8877465,True,3,308,1.54,765022007.3314686,239069.37729108392,308.0,315392.0,0.3124757786137579,0.06965870312973177,0.06874891184951315,0.24874999999999997,0.08932942636085395,0.0,0.028079726870845787,0.20864772163690784,True,0.12012712206063299,reject,pre_step,drift_diffusion_then_jump,full_law,8,0.0,0.005,126.83495924159604,5048,0.0,1.0243506493506493,0.0,9.131493506493506e-06,0.0
LSC-CP,"LSC-CP, tamed",67fe983bcba8cecb4eb040b92e2c557b,c87203a12406cc5114b7ffa2d8877465,True,0,317,1.585,787376546.5067388,246055.17078335586,317.0,324608.0,0.31893858899033445,0.07358381272759862,0.07269408440107106,0.23624999999999996,0.0907054983342992,0.0,0.031039625215545874,0.1998977216369078,True,0.12012712206063299,reject,pre_step,drift_diffusion_then_jump,full_law,8,0.0,0.005243055555555555,167.76608827900452,5199,0.0,1.025039432176656,0.0,8.87223974763407e-06,0.0
LSC-CP,"LSC-CP, tamed",67fe983bcba8cecb4eb040b92e2c557b,c87203a12406cc5114b7ffa2d8877465,True,1,317,1.585,787376546.5067388,246055.17078335586,317.0,324608.0,0.2943610735702501,0.058950033842462,0.058042261403181916,0.21375,0.08467332937348904,0.0,0.024260489742552925,0.18114772163690782,True,0.12012712206063299,reject,pre_step,drift_diffusion_then_jump,full_law,8,0.0,0.005243055555555555,167.76608827900452,5199,0.0,1.025039432176656,0.0,8.87223974763407e-06,0.0
LSC-CP,"LSC-CP, tamed",67fe983bcba8cecb4eb040b92e2c557b,c87203a12406cc5114b7ffa2d8877465,True,2,317,1.585,787376546.5067388,246055.17078335586,317.0,324608.0,0.32670903103958304,0.07961990938458163,0.07872416597113252,0.26375,0.09386173996150526,0.0,0.03333495248657666,0.22364772163690777,True,0.12012712206063299,reject,pre_step,drift_diffusion_then_jump,full_law,8,0.0,0.005243055555555555,167.76608827900452,5199,0.0,1.025039432176656,0.0,8.87223974763407e-06,0.0
LSC-CP,"LSC-CP, tamed",67fe983bcba8cecb4eb040b92e2c557b,c87203a12406cc5114b7ffa2d8877465,True,3,317,1.585,787376546.5067388,246055.17078335586,317.0,324608.0,0.3116531389522935,0.06949302327698859,0.06858401187311425,0.24625000000000002,0.09216822866894558,0.0,0.028675915270635587,0.2086477216369078,True,0.12012712206063299,reject,pre_step,drift_diffusion_then_jump,full_law,8,0.0,0.005243055555555555,167.76608827900452,5199,0.0,1.025039432176656,0.0,8.87223974763407e-06,0.0
LSC-CP,"LSC-CP, tamed",67fe983bcba8cecb4eb040b92e2c557b,c87203a12406cc5114b7ffa2d8877465,True,0,325,1.625,807247247.9958678,252264.7649987087,325.0,332800.0,0.3175880789422194,0.07281492761475994,0.07192581865678505,0.2375,0.09117554154001895,0.0,0.02883295837881288,0.1873977216369078,True,0.12012712206063299,reject,pre_step,drift_diffusion_then_jump,full_law,8,0.0,0.004765625000000001,141.74679187796596,5321,0.0,1.0232692307692308,0.0,8.653846153846155e-06,0.0
LSC-CP,"LSC-CP, tamed",67fe983bcba8cecb4eb040b92e2c557b,c87203a12406cc5114b7ffa2d8877465,True,1,325,1.625,807247247.9958678,252264.7649987087,325.0,332800.0,0.2963044931912478,0.05803784496112219,0.05712210441956256,0.20375000000000004,0.0853305794910133,0.0,0.02371595072724055,0.1786477216369078,True,0.12012712206063299,reject,pre_step,drift_diffusion_then_jump,full_law,8,0.0,0.004765625000000001,141.74679187796596,5321,0.0,1.0232692307692308,0.0,8.653846153846155e-06,0.0
LSC-CP,"LSC-CP, tamed",67fe983bcba8cecb4eb040b92e2c557b,c87203a12406cc5114b7ffa2d8877465,True,2,325,1.625,807247247.9958678,252264.7649987087,325.0,332800.0,0.3185825483841909,0.07466727715815358,0.0737637056933278,0.24750000000000005,0.08997365261821788,0.0,0.03010869844107565,0.21364772163690782,True,0.12012712206063299,reject,pre_step,drift_diffusion_then_jump,full_law,8,0.0,0.004765625000000001,141.74679187796596,5321,0.0,1.0232692307692308,0.0,8.653846153846155e-06,0.0
LSC-CP,"LSC-CP, tamed",67fe983bcba8cecb4eb040b92e2c557b,c87203a12406cc5114b7ffa2d8877465,True,3,325,1.625,807247247.9958678,252264.7649987087,325.0,332800.0,0.30677934931381795,0.06645769126199275,0.06554883653488353,0.23875000000000002,0.0807931408909991,0.0,0.026514901742125792,0.2023977216369078,True,0.12012712206063299,reject,pre_step,drift_diffusion_then_jump,full_law,8,0.0,0.004765625000000001,141.74679187796596,5321,0.0,1.0232692307692308,0.0,8.653846153846155e-06,0.0
LSC-CP,"LSC-CP, tamed",67fe983bcba8cecb4eb040b92e2c557b,c87203a12406cc5114b7ffa2d8877465,True,0,333,1.665,827117949.4849969,258474.35921406152,333.0,340992.0,0.31968723105777996,0.07288876394070931,0.07199776857388274,0.23000000000000004,0.0870973794102532,0.0,0.02903244545647484,0.19114772163690782,True,0.12012712206063299,reject,pre_step,drift_diffusion_then_jump,full_law,8,0.0,0.0055859375,121.50755701744706,5464,0.0,1.0255255255255256,0.0,8.445945945945946e-06,0.0
LSC-CP,"LSC-CP, tamed",67fe983bcba8cecb4eb040b92e2c557b,c87203a12406cc5114b7ffa2d8877465,True,1,333,1.665,827117949.4849969,258474.35921406152,333.0,340992.0,0.28911550016022625,0.05431519241074134,0.0533999016872968,0.20125000000000004,0.0858369374935396,0.0,0.021455257187866124,0.16739772163690783,True,0.12012712206063299,reject,pre_step,drift_diffusion_then_jump,full_law,8,0.0,0.0055859375,121.50755701744706,5464,0.0,1.0255255255255256,0.0,8.445945945945946e-06,0.0
LSC-CP,"LSC-CP, tamed",67fe983bcba8cecb4eb040b92e2c557b,c87203a12406cc5114b7ffa2d8877465,True,2,333,1.665,827117949.4849969,258474.35921406152,333.0,340992.0,0.30608170787603406,0.06589456007243555,0.06498255900801186,0.22749999999999998,0.08821497077753915,0.0,0.026347053937888342,0.1961477216369078,True,0.12012712206063299,reject,pre_step,drift_diffusion_then_jump,full_law,8,0.0,0.0055859375,121.50755701744706,5464,0.0,1.0255255255255256,0.0,8.445945945945946e-06,0.0
LSC-CP,"LSC-CP, tamed",67fe983bcba8cecb4eb040b92e2c557b,c87203a12406cc5114b7ffa2d8877465,True,3,333,1.665,827117949.4849969,258474.35921406152,333.0,340992.0,0.30333311413807945,0.0653694114659441,0.06445726599681856,0.24000000000000005,0.08588159335091572,0.0,0.026134625854088968,0.2011477216369078,True,0.12012712206063299,reject,pre_step,drift_diffusion_then_jump,full_law,8,0.0,0.0055859375,121.50755701744706,5464,0.0,1.0255255255255256,0.0,8.445945945945946e-06,0.0
LSC-CP,"LSC-CP, tamed",67fe983bcba8cecb4eb040b92e2c557b,c87203a12406cc5114b7ffa2d8877465,True,0,342,1.71,849472488.6602671,265460.1527063335,342.0,350208.0,0.31428746504414906,0.07146353797852056,0.07057226316348397,0.22499999999999998,0.08807482886532336,0.0,0.02903244545647484,0.19114772163690782,True,0.12012712206063299,reject,pre_step,drift_diffusion_then_jump,full_law,8,0.0,0.004444444444444444,121.95765856307843,5592,0.0,1.0219298245614035,0.0,8.223684210526316e-06,0.0
LSC-CP,"LSC-CP, tamed",67fe983bcba8cecb4eb040b92e2c557b,c87203a12406cc5114b7ffa2d8877465,True,1,342,1.71,849472488.6602671,265460.1527063335,342.0,350208.0,0.28283147012501486,0.052757888154217336,0.051849838637107126,0.1925,0.07982324679781205,0.0,0.02030696675214138,0.15739772163690782,True,0.12012712206063299,reject,pre_step,drift_diffusion_then_jump,full_law,8,0.0,0.004444444444444444,121.95765856307843,5592,0.0,1.0219298245614035,0.0,8.223684210526316e-06,0.0
LSC-CP,"LSC-CP, tamed",67fe983bcba8cecb4eb040b92e2c557b,c87203a12406cc5114b7ffa2d8877465,True,2,342,1.71,849472488.6602671,265460.1527063335,342.0,350208.0,0.2990746213951991,0.06235605774764841,0.061448728498660565,0.22250000000000003,0.08601539776610012,0.0,0.024260489742552925,0.18114772163690782,True,0.12012712206063299,reject,pre_step,drift_diffusion_then_jump,full_law,8,0.0,0.004444444444444444,121.95765856307843,5592,0.0,1.0219298245614035,0.0,8.223684210526316e-06,0.0
LSC-CP,"LSC-CP, tamed",67fe983bcba8cecb4eb040b92e2c557b,c87203a12406cc5114b7ffa2d8877465,True,3,342,1.71,849472488.6602671,265460.1527063335,342.0,350208.0,0.3012115116975771,0.06209226916159416,0.06117162630769302,0.22625000000000006,0.08597533174032312,0.0,0.024428729280367018,0.1911477216369078,True,0.12012712206063299,reject,pre_step,drift_diffusion_then_jump,full_law,8,0.0,0.004444444444444444,121.95765856307843,5592,0.0,1.0219298245614035,0.0,8.223684210526316e-06,0.0
LSC-CP,"LSC-CP, tamed",67fe983bcba8cecb4eb040b92e2c557b,c87203a12406cc5114b7ffa2d8877465,True,0,350,1.75,869343190.1493962,271669.7469216863,350.0,358400.0,0.31084334666545005,0.06924360838638866,0.06835277889652747,0.22250000000000003,0.08486968018241914,0.0,0.02865578197800092,0.19239772163690777,True,0.12012712206063299,reject,pre_step,drift_diffusion_then_jump,full_law,8,0.0,0.0048046875,123.44721171022371,5715,0.0,1.0205357142857143,0.0,8.035714285714286e-06,0.0
LSC-CP,"LSC-CP, tamed",67fe983bcba8cecb4eb040b92e2c557b,c87203a12406cc5114b7ffa2d8877465,True,1,350,1.75,869343190.1493962,271669.7469216863,350.0,358400.0,0.2747109892035352,0.04848966355417883,0.04757667016873157,0.18749999999999994,0.07287199917779297,0.0,0.01814179463331251,0.14489772163690778,True,0.12012712206063299,reject,pre_step,drift_diffusion_then_jump,full_law,8,0.0,0.0048046875,123.44721171022371,5715,0.0,1.0205357142857143,0.0,8.035714285714286e-06,0.0
LSC-CP,"LSC-CP, tamed",67fe983bcba8cecb4eb040b92e2c557b,c87203a12406cc5114b7ffa2d8877465,True,2,350,1.75,869343190.1493962,271669.7469216863,350.0,358400.0,0.296159329837264,0.06061896893056706,0.059712627016853315,0.21500000000000002,0.08607736953120415,0.0,0.024002646045618387,0.1773977216369078,True,0.12012712206063299,reject,pre_step,drift_diffusion_then_jump,full_law,8,0.0,0.0048046875,123.44721171022371,5715,0.0,1.0205357142857143,0.0,8.035714285714286e-06,0.0
LSC-CP,"LSC-CP, tamed",67fe983bcba8cecb4eb040b92e2c557b,c87203a12406cc5114b7ffa2d8877465,True,3,350,1.75,869343190.1493962,271669.7469216863,350.0,358400.0,0.29298233477753294,0.0576929654617383,0.056771168903110514,0.21875000000000006,0.086974458500779,0.0,0.02179180974127786,0.1748977216369078,True,0.12012712206063299,reject,pre_step,drift_diffusion_then_jump,full_law,8,0.0,0.0048046875,123.44721171022371,5715,0.0,1.0205357142857143,0.0,8.035714285714286e-06,0.0
LSC-CP,"LSC-CP, tamed",67fe983bcba8cecb4eb040b92e2c557b,c87203a12406cc5114b7ffa2d8877465,True,0,358,1.79,889213891.6385251,277879.3411370391,358.0,366592.0,0.3062616534284972,0.06653589237277246,0.06564961205478603,0.23000000000000004,0.08724875263168297,0.0,0.02734108330589035,0.17739772163690778,True,0.12012712206063299,reject,pre_step,drift_diffusion_then_jump,full_law,8,0.0,0.005820312499999999,121.71467167559112,5864,0.0,1.0237430167597765,0.0,7.856145251396649e-06,0.0
LSC-CP,"LSC-CP, tamed",67fe983bcba8cecb4eb040b92e2c557b,c87203a12406cc5114b7ffa2d8877465,True,1,358,1.79,889213891.6385251,277879.3411370391,358.0,366592.0,0.2693432851428341,0.04521689881554569,0.0442909709361442,0.1925,0.08125988834961051,0.0,0.017285848090367727,0.14989772163690782,True,0.12012712206063299,reject,pre_step,drift_diffusion_then_jump,full_law,8,0.0,0.005820312499999999,121.71467167559112,5864,0.0,1.0237430167597765,0.0,7.856145251396649e-06,0.0
LSC-CP,"LSC-CP, tamed",67fe983bcba8cecb4eb040b92e2c557b,c87203a12406cc5114b7ffa2d8877465,True,2,358,1.79,889213891.6385251,277879.3411370391,358.0,366592.0,0.2896459503898333,0.05681684782751484,0.05589905484646607,0.21000000000000002,0.08435836149841525,0.0,0.021601417215258864,0.1748977216369078,True,0.12012712206063299,reject,pre_step,drift_diffusion_then_jump,full_law,8,0.0,0.005820312499999999,121.71467167559112,5864,0.0,1.0237430167597765,0.0,7.856145251396649e-06,0.0
LSC-CP,"LSC-CP, tamed",67fe983bcba8cecb4eb040b92e2c557b,c87203a12406cc5114b7ffa2d8877465,True,3,358,1.79,889213891.6385251,277879.3411370391,358.0,366592.0,0.28467409060266213,0.05353640053873698,0.05261454288094192,0.21125000000000005,0.07876231446574056,0.0,0.020057146478959297,0.1686477216369078,True,0.12012712206063299,reject,pre_step,drift_diffusion_then_jump,full_law,8,0.0,0.005820312499999999,121.71467167559112,5864,0.0,1.0237430167597765,0.0,7.856145251396649e-06,0.0
LSC-CP,"LSC-CP, tamed",67fe983bcba8cecb4eb040b92e2c557b,c87203a12406cc5114b7ffa2d8877465,True,0,367,1.835,911568430.8137953,284865.13462931104,367.0,375808.0,0.3094154616912459,0.06908115266523052,0.06820151308140954,0.23124999999999996,0.08970054315526899,0.0,0.027941907112582383,0.1748977216369078,True,0.12012712206063299,reject,pre_step,drift_diffusion_then_jump,full_law,8,0.0,0.00517361111111111,336.5793696896724,6013,0.0,1.0240122615803815,0.0,8.514986376021799e-06,0.0
LSC-CP,"LSC-CP, tamed",67fe983bcba8cecb4eb040b92e2c557b,c87203a12406cc5114b7ffa2d8877465,True,1,367,1.835,911568430.8137953,284865.13462931104,367.0,375808.0,0.2681293046039339,0.045082419730009926,0.04415131940812289,0.19125000000000003,0.07485396508462205,0.0,0.016310039831694573,0.14739772163690779,True,0.12012712206063299,reject,pre_step,drift_diffusion_then_jump,full_law,8,0.0,0.00517361111111111,336.5793696896724,6013,0.0,1.0240122615803815,0.0,8.514986376021799e-06,0.0
LSC-CP,"LSC-CP, tamed",67fe983bcba8cecb4eb040b92e2c557b,c87203a12406cc5114b7ffa2d8877465,True,2,367,1.835,911568430.8137953,284865.13462931104,367.0,375808.0,0.27832169677148455,0.049717860850215345,0.04879708318546616,0.19874999999999998,0.07911623228478692,0.0,0.01927768895331298,0.16239772163690783,True,0.12012712206063299,reject,pre_step,drift_diffusion_then_jump,full_law,8,0.0,0.00517361111111111,336.5793696896724,6013,0.0,1.0240122615803815,0.0,8.514986376021799e-06,0.0
LSC-CP,"LSC-CP, tamed",67fe983bcba8cecb4eb040b92e2c557b,c87203a12406cc5114b7ffa2d8877465,True,3,367,1.835,911568430.8137953,284865.13462931104,367.0,375808.0,0.274718551844581,0.04872172679463527,0.04779222955353524,0.20375,0.07857253771626549,0.0,0.01941803800267596,0.1723977216369078,True,0.12012712206063299,reject,pre_step,drift_diffusion_then_jump,full_law,8,0.0,0.00517361111111111,336.5793696896724,6013,0.0,1.0240122615803815,0.0,8.514986376021799e-06,0.0
LSC-CP,"LSC-CP, tamed",67fe983bcba8cecb4eb040b92e2c557b,c87203a12406cc5114b7ffa2d8877465,True,0,375,1.875,931439132.3029244,291074.7288446639,375.0,384000.0,0.3073043424327899,0.06770292509248876,0.06681308949532394,0.23125000000000007,0.08480160558696015,0.0,0.02578391054119395,0.17114772163690778,True,0.12012712206063299,reject,pre_step,drift_diffusion_then_jump,full_law,8,0.0,0.0050390625,143.75292314193194,6142,0.0,1.0236666666666667,0.0,8.333333333333334e-06,0.0
LSC-CP,"LSC-CP, tamed",67fe983bcba8cecb4eb040b92e2c557b,c87203a12406cc5114b7ffa2d8877465,True,1,375,1.875,931439132.3029244,291074.7288446639,375.0,384000.0,0.26685513100519476,0.043636781040665706,0.04271106686123871,0.18375000000000008,0.07290197133949672,0.0,0.016179616282110593,0.1411477216369078,True,0.12012712206063299,reject,pre_step,drift_diffusion_then_jump,full_law,8,0.0,0.0050390625,143.75292314193194,6142,0.0,1.0236666666666667,0.0,8.333333333333334e-06,0.0
LSC-CP,"LSC-CP, tamed",67fe983bcba8cecb4eb040b92e2c557b,c87203a12406cc5114b7ffa2d8877465,True,2,375,1.875,931439132.3029244,291074.7288446639,375.0,384000.0,0.274083436447452,0.04809974665650585,0.04717883320777949,0.20000000000000007,0.08228665568680127,0.0,0.018355141027543667,0.1561477216369078,True,0.12012712206063299,reject,pre_step,drift_diffusion_then_jump,full_law,8,0.0,0.0050390625,143.75292314193194,6142,0.0,1.0236666666666667,0.0,8.333333333333334e-06,0.0
LSC-CP,"LSC-CP, tamed",67fe983bcba8cecb4eb040b92e2c557b,c87203a12406cc5114b7ffa2d8877465,True,3,375,1.875,931439132.3029244,291074.7288446639,375.0,384000.0,0.26296729034179483,0.043715763436135036,0.04277407295406421,0.19000000000000006,0.08428588031076112,0.0,0.01666452955618206,0.1611477216369078,True,0.12012712206063299,reject,pre_step,drift_diffusion_then_jump,full_law,8,0.0,0.0050390625,143.75292314193194,6142,0.0,1.0236666666666667,0.0,8.333333333333334e-06,0.0
LSC-CP,"LSC-CP, tamed",67fe983bcba8cecb4eb040b92e2c557b,c87203a12406cc5114b7ffa2d8877465,True,0,383,1.915,951309833.7920535,297284.32306001673,383.0,392192.0,0.29707039086429987,0.06039622494464292,0.05949698219993527,0.21000000000000002,0.09172370510965744,0.0,0.023746962020998477,0.16239772163690783,True,0.12012712206063299,reject,pre_step,drift_diffusion_then_jump,full_law,8,0.0,0.0053125,136.79439562073864,6278,0.0,1.0244778067885119,0.0,8.975195822454307e-06,0.0
LSC-CP,"LSC-CP, tamed",67fe983bcba8cecb4eb040b92e2c557b,c87203a12406cc5114b7ffa2d8877465,True,1,383,1.915,951309833.7920535,297284.32306001673,383.0,392192.0,0.2599207244351045,0.041272916128289205,0.040344174099439245,0.18625000000000003,0.077103177527577,0.0,0.01407689310083649,0.1286477216369078,True,0.12012712206063299,reject,pre_step,drift_diffusion_then_jump,full_law,8,0.0,0.0053125,136.79439562073864,6278,0.0,1.0244778067885119,0.0,8.975195822454307e-06,0.0
LSC-CP,"LSC-CP, tamed",67fe983bcba8cecb4eb040b92e2c557b,c87203a12406cc5114b7ffa2d8877465,True,2,383,1.915,951309833.7920535,297284.32306001673,383.0,392192.0,0.26707757881583716,0.045036002042577294,0.04411294899085938,0.1925,0.07932387207731972,0.0,0.016448835653691762,0.1486477216369078,True,0.12012712206063299,reject,pre_step,drift_diffusion_then_jump,full_law,8,0.0,0.0053125,136.79439562073864,6278,0.0,1.0244778067885119,0.0,8.975195822454307e-06,0.0
LSC-CP,"LSC-CP, tamed",67fe983bcba8cecb4eb040b92e2c557b,c87203a12406cc5114b7ffa2d8877465,True,3,383,1.915,951309833.7920535,297284.32306001673,383.0,392192.0,0.2634997455938829,0.04318006168816435,0.04224101812690384,0.19500000000000006,0.07456492945882776,0.0,0.01666452955618206,0.1611477216369078,True,0.12012712206063299,reject,pre_step,drift_diffusion_then_jump,full_law,8,0.0,0.0053125,136.79439562073864,6278,0.0,1.0244778067885119,0.0,8.975195822454307e-06,0.0
LSC-CP,"LSC-CP, tamed",67fe983bcba8cecb4eb040b92e2c557b,c87203a12406cc5114b7ffa2d8877465,True,0,392,1.96,973664372.9673237,304270.11655228864,392.0,401408.0,0.2935856844797189,0.05932081982898163,0.05842585353022278,0.21000000000000008,0.08641877541125631,0.0,0.022315703165847627,0.15647475870879365,True,0.12012712206063299,reject,pre_step,drift_diffusion_then_jump,full_law,8,0.0,0.004722222222222221,133.91803940681572,6414,0.0,1.022640306122449,0.0,9.566326530612244e-06,0.0
LSC-CP,"LSC-CP, tamed",67fe983bcba8cecb4eb040b92e2c557b,c87203a12406cc5114b7ffa2d8877465,True,1,392,1.96,973664372.9673237,304270.11655228864,392.0,401408.0,0.26285583548260527,0.04166941906094168,0.04073663910557268,0.19125000000000003,0.07973414446369154,0.0,0.014135636070800919,0.1311477216369078,True,0.12012712206063299,reject,pre_step,drift_diffusion_then_jump,full_law,8,0.0,0.004722222222222221,133.91803940681572,6414,0.0,1.022640306122449,0.0,9.566326530612244e-06,0.0
LSC-CP,"LSC-CP, tamed",67fe983bcba8cecb4eb040b92e2c557b,c87203a12406cc5114b7ffa2d8877465,True,2,392,1.96,973664372.9673237,304270.11655228864,392.0,401408.0,0.26926776216773995,0.0455157036305428,0.044590374911885,0.1825,0.07382811168963876,0.0,0.016480593747015278,0.1473977216369078,True,0.12012712206063299,reject,pre_step,drift_diffusion_then_jump,full_law,8,0.0,0.004722222222222221,133.91803940681572,6414,0.0,1.022640306122449,0.0,9.566326530612244e-06,0.0
LSC-CP,"LSC-CP, tamed",67fe983bcba8cecb4eb040b92e2c557b,c87203a12406cc5114b7ffa2d8877465,True,3,392,1.96,973664372.9673237,304270.11655228864,392.0,401408.0,0.2628290615424608,0.04264615083248746,0.04170763534934552,0.1925,0.0751211958243192,0.0,0.015923367446558492,0.1573977216369078,True,0.12012712206063299,reject,pre_step,drift_diffusion_then_jump,full_law,8,0.0,0.004722222222222221,133.91803940681572,6414,0.0,1.022640306122449,0.0,9.566326530612244e-06,0.0
LSC-CP,"LSC-CP, tamed",67fe983bcba8cecb4eb040b92e2c557b,c87203a12406cc5114b7ffa2d8877465,True,0,400,2.0,993535074.4564527,310479.7107676415,400.0,409600.0,0.28716203930668044,0.05331518344286268,0.05240990204434526,0.19625000000000004,0.08521211123936301,0.0,0.020448611377058317,0.15147475870879365,True,0.12012712206063299,reject,pre_step,drift_diffusion_then_jump,full_law,8,0.0,0.005585937500000001,480.96854861996064,6557,0.0,1.02453125,0.0,9.375e-06,0.0
LSC-CP,"LSC-CP, tamed",67fe983bcba8cecb4eb040b92e2c557b,c87203a12406cc5114b7ffa2d8877465,True,1,400,2.0,993535074.4564527,310479.7107676415,400.0,409600.0,0.25432685841048885,0.03932991674205155,0.03839844309834739,0.1775000000000001,0.07307864039387324,0.0,0.012780410975927862,0.12364772163690779,True,0.12012712206063299,reject,pre_step,drift_diffusion_then_jump,full_law,8,0.0,0.005585937500000001,480.96854861996064,6557,0.0,1.02453125,0.0,9.375e-06,0.0
LSC-CP,"LSC-CP, tamed",67fe983bcba8cecb4eb040b92e2c557b,c87203a12406cc5114b7ffa2d8877465,True,2,400,2.0,993535074.4564527,310479.7107676415,400.0,409600.0,0.2566947005397283,0.03920500732661947,0.03827167301093193,0.16875000000000007,0.07584977135064008,0.0,0.013604447107783028,0.1323977216369078,True,0.12012712206063299,reject,pre_step,drift_diffusion_then_jump,full_law,8,0.0,0.005585937500000001,480.96854861996064,6557,0.0,1.02453125,0.0,9.375e-06,0.0
LSC-CP,"LSC-CP, tamed",67fe983bcba8cecb4eb040b92e2c557b,c87203a12406cc5114b7ffa2d8877465,True,3,400,2.0,993535074.4564527,310479.7107676415,400.0,409600.0,0.25899574320223867,0.042087083125516234,0.04115172832242797,0.1925,0.07324045762610198,0.0,0.015695911508481642,0.1536477216369078,True,0.12012712206063299,reject,pre_step,drift_diffusion_then_jump,full_law,8,0.0,0.005585937500000001,480.96854861996064,6557,0.0,1.02453125,0.0,9.375e-06,0.0
LSC-CP,"LSC-CP, tamed",67fe983bcba8cecb4eb040b92e2c557b,c87203a12406cc5114b7ffa2d8877465,True,0,408,2.04,1013405775.9455818,316689.30498299433,408.0,417792.0,0.2820538083417049,0.051972406000457494,0.05106193951296045,0.195,0.08091122527430339,0.0,0.01913988698744534,0.14772475870879365,True,0.12012712206063299,reject,pre_step,drift_diffusion_then_jump,full_law,8,0.0,0.0044921875000000005,148.5038684543577,6672,0.0,1.0220588235294117,0.0,9.191176470588234e-06,0.0
LSC-CP,"LSC-CP, tamed",67fe983bcba8cecb4eb040b92e2c557b,c87203a12406cc5114b7ffa2d8877465,True,1,408,2.04,1013405775.9455818,316689.30498299433,408.0,417792.0,0.24912056877166516,0.037532992403110144,0.036602988593300356,0.17750000000000005,0.07506626407455275,0.0,0.013007060204584248,0.1261477216369078,True,0.12012712206063299,reject,pre_step,drift_diffusion_then_jump,full_law,8,0.0,0.0044921875000000005,148.5038684543577,6672,0.0,1.0220588235294117,0.0,9.191176470588234e-06,0.0
LSC-CP,"LSC-CP, tamed",67fe983bcba8cecb4eb040b92e2c557b,c87203a12406cc5114b7ffa2d8877465,True,2,408,2.04,1013405775.9455818,316689.30498299433,408.0,417792.0,0.25098051175418135,0.037645647097370394,0.036713163775205726,0.17124999999999996,0.07399294277541246,0.0,0.013360216632346902,0.1298977216369078,True,0.12012712206063299,reject,pre_step,drift_diffusion_then_jump,full_law,8,0.0,0.0044921875000000005,148.5038684543577,6672,0.0,1.0220588235294117,0.0,9.191176470588234e-06,0.0
LSC-CP,"LSC-CP, tamed",67fe983bcba8cecb4eb040b92e2c557b,c87203a12406cc5114b7ffa2d8877465,True,3,408,2.04,1013405775.9455818,316689.30498299433,408.0,417792.0,0.2573945734033948,0.0408816392434429,0.03994790498297496,0.1937500000000001,0.0723160944258221,0.0,0.014787521718681564,0.1448977216369078,True,0.12012712206063299,reject,pre_step,drift_diffusion_then_jump,full_law,8,0.0,0.0044921875000000005,148.5038684543577,6672,0.0,1.0220588235294117,0.0,9.191176470588234e-06,0.0
LSC-CP,"LSC-CP, tamed",67fe983bcba8cecb4eb040b92e2c557b,c87203a12406cc5114b7ffa2d8877465,True,0,417,2.085,1035760315.120852,323675.09847526625,417.0,427008.0,0.2762109278683176,0.048567128248891756,0.04765436365889919,0.18374999999999997,0.08169137282142258,0.0,0.01832588035058302,0.14397475870879364,True,0.12012712206063299,reject,pre_step,drift_diffusion_then_jump,full_law,8,0.0,0.005208333333333334,142.15880480785006,6822,0.0,1.0224820143884892,0.0,8.992805755395683e-06,0.0
LSC-CP,"LSC-CP, tamed",67fe983bcba8cecb4eb040b92e2c557b,c87203a12406cc5114b7ffa2d8877465,True,1,417,2.085,1035760315.120852,323675.09847526625,417.0,427008.0,0.2382384620274405,0.03359348217599267,0.03265416494538498,0.17375000000000002,0.07360325470318596,0.0,0.01133798481686973,0.12239772163690778,True,0.12012712206063299,reject,pre_step,drift_diffusion_then_jump,full_law,8,0.0,0.005208333333333334,142.15880480785006,6822,0.0,1.0224820143884892,0.0,8.992805755395683e-06,0.0
LSC-CP,"LSC-CP, tamed",67fe983bcba8cecb4eb040b92e2c557b,c87203a12406cc5114b7ffa2d8877465,True,2,417,2.085,1035760315.120852,323675.09847526625,417.0,427008.0,0.24199962615791745,0.033538907998544754,0.032598810991883664,0.1625000000000001,0.07480732207203145,0.0,0.011986308019656042,0.1248977216369078,True,0.12012712206063299,reject,pre_step,drift_diffusion_then_jump,full_law,8,0.0,0.005208333333333334,142.15880480785006,6822,0.0,1.0224820143884892,0.0,8.992805755395683e-06,0.0
LSC-CP,"LSC-CP, tamed",67fe983bcba8cecb4eb040b92e2c557b,c87203a12406cc5114b7ffa2d8877465,True,3,417,2.085,1035760315.120852,323675.09847526625,417.0,427008.0,0.2505765197812432,0.037023776376688744,0.036087304711870494,0.17625000000000002,0.07095041459974905,0.0,0.01313066227149489,0.1361477216369078,True,0.12012712206063299,reject,pre_step,drift_diffusion_then_jump,full_law,8,0.0,0.005208333333333334,142.15880480785006,6822,0.0,1.0224820143884892,0.0,8.992805755395683e-06,0.0
LSC-CP,"LSC-CP, tamed",67fe983bcba8cecb4eb040b92e2c557b,c87203a12406cc5114b7ffa2d8877465,True,0,425,2.125,1055631016.6099811,329884.6926906191,425.0,435200.0,0.2713981967071993,0.04586107929415362,0.044945199541151615,0.18374999999999997,0.08174590277410865,0.0,0.016987992529875057,0.14022475870879367,True,0.12012712206063299,reject,pre_step,drift_diffusion_then_jump,full_law,8,0.0,0.0046484375,133.6676199286414,6941,0.0,1.020735294117647,0.0,8.823529411764705e-06,0.0
LSC-CP,"LSC-CP, tamed",67fe983bcba8cecb4eb040b92e2c557b,c87203a12406cc5114b7ffa2d8877465,True,1,425,2.125,1055631016.6099811,329884.6926906191,425.0,435200.0,0.23566810984474704,0.031596047713935094,0.030655496169675778,0.17125,0.07167812211326596,0.0,0.010589888033174634,0.11239772163690781,True,0.12012712206063299,reject,pre_step,drift_diffusion_then_jump,full_law,8,0.0,0.0046484375,133.6676199286414,6941,0.0,1.020735294117647,0.0,8.823529411764705e-06,0.0
LSC-CP,"LSC-CP, tamed",67fe983bcba8cecb4eb040b92e2c557b,c87203a12406cc5114b7ffa2d8877465,True,2,425,2.125,1055631016.6099811,329884.6926906191,425.0,435200.0,0.2398843010840957,0.033189184762313584,0.032252037948641066,0.15875000000000006,0.07360973118436631,0.0,0.011711132879722277,0.1248977216369078,True,0.12012712206063299,reject,pre_step,drift_diffusion_then_jump,full_law,8,0.0,0.0046484375,133.6676199286414,6941,0.0,1.020735294117647,0.0,8.823529411764705e-06,0.0
LSC-CP,"LSC-CP, tamed",67fe983bcba8cecb4eb040b92e2c557b,c87203a12406cc5114b7ffa2d8877465,True,3,425,2.125,1055631016.6099811,329884.6926906191,425.0,435200.0,0.24426673569442128,0.03502032849580672,0.03407634857779074,0.17125,0.07190839022486661,0.0,0.012513095613847933,0.1361477216369078,True,0.12012712206063299,reject,pre_step,drift_diffusion_then_jump,full_law,8,0.0,0.0046484375,133.6676199286414,6941,0.0,1.020735294117647,0.0,8.823529411764705e-06,0.0
LSC-CP,"LSC-CP, tamed",67fe983bcba8cecb4eb040b92e2c557b,c87203a12406cc5114b7ffa2d8877465,True,0,433,2.165,1075501718.0991101,336094.28690597194,433.0,443392.0,0.27271621067362434,0.0457374933142054,0.04481803745480928,0.1825,0.07760855973857961,0.0,0.017095791877908897,0.14022475870879364,True,0.12012712206063299,reject,pre_step,drift_diffusion_then_jump,full_law,8,0.0,0.005078125,152.24583410721317,7071,0.0,1.0206408775981524,0.0,8.660508083140878e-06,0.0
LSC-CP,"LSC-CP, tamed",67fe983bcba8cecb4eb040b92e2c557b,c87203a12406cc5114b7ffa2d8877465,True,1,433,2.165,1075501718.0991101,336094.28690597194,433.0,443392.0,0.23344596214684668,0.030527767541180917,0.029585428137213543,0.17250000000000004,0.07116913844815831,0.0,0.009829970354959833,0.10989772163690781,True,0.12012712206063299,reject,pre_step,drift_diffusion_then_jump,full_law,8,0.0,0.005078125,152.24583410721317,7071,0.0,1.0206408775981524,0.0,8.660508083140878e-06,0.0
LSC-CP,"LSC-CP, tamed",67fe983bcba8cecb4eb040b92e2c557b,c87203a12406cc5114b7ffa2d8877465,True,2,433,2.165,1075501718.0991101,336094.28690597194,433.0,443392.0,0.23650088338312905,0.03148237444627777,0.030539366540387802,0.15875000000000006,0.07379582921828554,0.0,0.010710998720298431,0.12114772163690782,True,0.12012712206063299,reject,pre_step,drift_diffusion_then_jump,full_law,8,0.0,0.005078125,152.24583410721317,7071,0.0,1.0206408775981524,0.0,8.660508083140878e-06,0.0
LSC-CP,"LSC-CP, tamed",67fe983bcba8cecb4eb040b92e2c557b,c87203a12406cc5114b7ffa2d8877465,True,3,433,2.165,1075501718.0991101,336094.28690597194,433.0,443392.0,0.2424055628315777,0.03352329860332537,0.03257203178641266,0.17375000000000007,0.07179601376805367,0.0,0.012686048594179463,0.1386477216369078,True,0.12012712206063299,reject,pre_step,drift_diffusion_then_jump,full_law,8,0.0,0.005078125,152.24583410721317,7071,0.0,1.0206408775981524,0.0,8.660508083140878e-06,0.0
LSC-CP,"LSC-CP, tamed",67fe983bcba8cecb4eb040b92e2c557b,c87203a12406cc5114b7ffa2d8877465,True,0,442,2.21,1097856257.2743802,343080.0803982438,442.0,452608.0,0.2678851079797375,0.04485994324672127,0.043946578512037204,0.185,0.0740153527434887,0.0,0.01645238386142036,0.13897475870879367,True,0.12012712206063299,reject,pre_step,drift_diffusion_then_jump,full_law,8,0.0,0.004930555555555555,194.5490170062511,7213,0.0,1.01993778280543,0.0,8.484162895927603e-06,0.0
LSC-CP,"LSC-CP, tamed",67fe983bcba8cecb4eb040b92e2c557b,c87203a12406cc5114b7ffa2d8877465,True,1,442,2.21,1097856257.2743802,343080.0803982438,442.0,452608.0,0.2282058226456598,0.028261235985753586,0.02731904605203528,0.15749999999999997,0.070766333382694,0.0,0.009164142677086385,0.10489772163690782,True,0.12012712206063299,reject,pre_step,drift_diffusion_then_jump,full_law,8,0.0,0.004930555555555555,194.5490170062511,7213,0.0,1.01993778280543,0.0,8.484162895927603e-06,0.0
LSC-CP,"LSC-CP, tamed",67fe983bcba8cecb4eb040b92e2c557b,c87203a12406cc5114b7ffa2d8877465,True,2,442,2.21,1097856257.2743802,343080.0803982438,442.0,452608.0,0.22525030169884896,0.027710316455330175,0.02676061507079841,0.15000000000000002,0.06874747102029344,0.0,0.009671838747607065,0.11739772163690779,True,0.12012712206063299,reject,pre_step,drift_diffusion_then_jump,full_law,8,0.0,0.004930555555555555,194.5490170062511,7213,0.0,1.01993778280543,0.0,8.484162895927603e-06,0.0
LSC-CP,"LSC-CP, tamed",67fe983bcba8cecb4eb040b92e2c557b,c87203a12406cc5114b7ffa2d8877465,True,3,442,2.21,1097856257.2743802,343080.0803982438,442.0,452608.0,0.2345594600053899,0.032026582860323116,0.03107760877322352,0.16875000000000007,0.07339996324963405,0.0,0.012224390135533201,0.1373977216369078,True,0.12012712206063299,reject,pre_step,drift_diffusion_then_jump,full_law,8,0.0,0.004930555555555555,194.5490170062511,7213,0.0,1.01993778280543,0.0,8.484162895927603e-06,0.0
LSC-CP,"LSC-CP, tamed",67fe983bcba8cecb4eb040b92e2c557b,c87203a12406cc5114b7ffa2d8877465,True,0,450,2.25,1117726958.7635093,349289.67461359664,450.0,460800.0,0.26650213495375963,0.044278261676739095,0.04336509922317988,0.17375000000000002,0.07453645488826388,0.0,0.016280546998284042,0.14022475870879364,True,0.12012712206063299,reject,pre_step,drift_diffusion_then_jump,full_law,8,0.0,0.005195312499999999,138.91106908698853,7346,0.0,1.0202777777777778,0.0,8.333333333333334e-06,0.0
LSC-CP,"LSC-CP, tamed",67fe983bcba8cecb4eb040b92e2c557b,c87203a12406cc5114b7ffa2d8877465,True,1,450,2.25,1117726958.7635093,349289.67461359664,450.0,460800.0,0.22574254909340397,0.02666330953218976,0.025718051109743345,0.13375000000000004,0.06645517676962198,0.0,0.008654252527394591,0.09989772163690783,True,0.12012712206063299,reject,pre_step,drift_diffusion_then_jump,full_law,8,0.0,0.005195312499999999,138.91106908698853,7346,0.0,1.0202777777777778,0.0,8.333333333333334e-06,0.0
LSC-CP,"LSC-CP, tamed",67fe983bcba8cecb4eb040b92e2c557b,c87203a12406cc5114b7ffa2d8877465,True,2,450,2.25,1117726958.7635093,349289.67461359664,450.0,460800.0,0.22599609558160033,0.02787297470693184,0.026923165427062745,0.15749999999999997,0.06730951502693217,0.0,0.00944740245675741,0.1161477216369078,True,0.12012712206063299,reject,pre_step,drift_diffusion_then_jump,full_law,8,0.0,0.005195312499999999,138.91106908698853,7346,0.0,1.0202777777777778,0.0,8.333333333333334e-06,0.0
LSC-CP,"LSC-CP, tamed",67fe983bcba8cecb4eb040b92e2c557b,c87203a12406cc5114b7ffa2d8877465,True,3,450,2.25,1117726958.7635093,349289.67461359664,450.0,460800.0,0.23218116343411993,0.030881387525423465,0.029932588596423004,0.16375000000000006,0.07399002588804682,0.0,0.011449591282135718,0.1323977216369078,True,0.12012712206063299,reject,pre_step,drift_diffusion_then_jump,full_law,8,0.0,0.005195312499999999,138.91106908698853,7346,0.0,1.0202777777777778,0.0,8.333333333333334e-06,0.0
LSC-CP,"LSC-CP, tamed",67fe983bcba8cecb4eb040b92e2c557b,c87203a12406cc5114b7ffa2d8877465,True,0,458,2.29,1137597660.2526383,355499.2688289495,458.0,468992.0,0.2630444410222226,0.042538819898380154,0.04162376774512999,0.175,0.07680758324932047,0.0,0.01554949140411059,0.13772475870879367,True,0.12012712206063299,reject,pre_step,drift_diffusion_then_jump,full_law,8,0.0,0.0049609375,112.7998578482183,7473,0.0,1.0197871179039302,0.0,8.87008733624454e-06,0.0
LSC-CP,"LSC-CP, tamed",67fe983bcba8cecb4eb040b92e2c557b,c87203a12406cc5114b7ffa2d8877465,True,1,458,2.29,1137597660.2526383,355499.2688289495,458.0,468992.0,0.22237312401401366,0.026105411209661367,0.025164558759832256,0.14749999999999996,0.0679112832329618,0.0,0.008196231299524005,0.10022475870879365,True,0.12012712206063299,reject,pre_step,drift_diffusion_then_jump,full_law,8,0.0,0.0049609375,112.7998578482183,7473,0.0,1.0197871179039302,0.0,8.87008733624454e-06,0.0
LSC-CP,"LSC-CP, tamed",67fe983bcba8cecb4eb040b92e2c557b,c87203a12406cc5114b7ffa2d8877465,True,2,458,2.29,1137597660.2526383,355499.2688289495,458.0,468992.0,0.22266787671986873,0.02687955273662679,0.025937516836431862,0.14875,0.0636653553825336,0.0,0.009088974506640153,0.11114772163690781,True,0.12012712206063299,reject,pre_step,drift_diffusion_then_jump,full_law,8,0.0,0.0049609375,112.7998578482183,7473,0.0,1.0197871179039302,0.0,8.87008733624454e-06,0.0
LSC-CP,"LSC-CP, tamed",67fe983bcba8cecb4eb040b92e2c557b,c87203a12406cc5114b7ffa2d8877465,True,3,458,2.29,1137597660.2526383,355499.2688289495,458.0,468992.0,0.2324417790577069,0.030124862856680923,0.029176134853742486,0.15625,0.0731277317912199,0.0,0.011273298611739719,0.12989772163690783,True,0.12012712206063299,reject,pre_step,drift_diffusion_then_jump,full_law,8,0.0,0.0049609375,112.7998578482183,7473,0.0,1.0197871179039302,0.0,8.87008733624454e-06,0.0
LSC-CP,"LSC-CP, tamed",67fe983bcba8cecb4eb040b92e2c557b,c87203a12406cc5114b7ffa2d8877465,True,0,467,2.335,1159952199.4279087,362485.06232122146,467.0,478208.0,0.25227335150829855,0.03739025060250811,0.036469174745593747,0.16500000000000004,0.07315157004199568,0.0,0.013475334040617216,0.13022475870879366,True,0.12012712206063299,reject,pre_step,drift_diffusion_then_jump,full_law,8,0.0,0.005,138.2518114044957,7617,0.0,1.0194057815845825,0.0,8.699143468950749e-06,0.0
LSC-CP,"LSC-CP, tamed",67fe983bcba8cecb4eb040b92e2c557b,c87203a12406cc5114b7ffa2d8877465,True,1,467,2.335,1159952199.4279087,362485.06232122146,467.0,478208.0,0.21566524071725818,0.023556156183691,0.022608286403524414,0.12874999999999992,0.06574909610596669,0.0,0.0070906153661931025,0.09272475870879364,True,0.12012712206063299,reject,pre_step,drift_diffusion_then_jump,full_law,8,0.0,0.005,138.2518114044957,7617,0.0,1.0194057815845825,0.0,8.699143468950749e-06,0.0
LSC-CP,"LSC-CP, tamed",67fe983bcba8cecb4eb040b92e2c557b,c87203a12406cc5114b7ffa2d8877465,True,2,467,2.335,1159952199.4279087,362485.06232122146,467.0,478208.0,0.22245713254984822,0.024974156346020182,0.024020074068976327,0.14499999999999996,0.07329085100757038,0.0,0.008348777840702468,0.10864772163690779,True,0.12012712206063299,reject,pre_step,drift_diffusion_then_jump,full_law,8,0.0,0.005,138.2518114044957,7617,0.0,1.0194057815845825,0.0,8.699143468950749e-06,0.0
LSC-CP,"LSC-CP, tamed",67fe983bcba8cecb4eb040b92e2c557b,c87203a12406cc5114b7ffa2d8877465,True,3,467,2.335,1159952199.4279087,362485.06232122146,467.0,478208.0,0.22168228595232536,0.026826638166620342,0.025880231096459427,0.15374999999999994,0.06662437973230517,0.0,0.009327983605859957,0.11489772163690783,True,0.12012712206063299,reject,pre_step,drift_diffusion_then_jump,full_law,8,0.0,0.005,138.2518114044957,7617,0.0,1.0194057815845825,0.0,8.699143468950749e-06,0.0
LSC-CP,"LSC-CP, tamed",67fe983bcba8cecb4eb040b92e2c557b,c87203a12406cc5114b7ffa2d8877465,True,0,475,2.375,1179822900.9170375,368694.65653657424,475.0,486400.0,0.2502306988012074,0.03597635452837111,0.03505428380225406,0.16375000000000003,0.07366617707966283,0.0,0.013315415642840844,0.13022475870879366,True,0.12012712206063299,reject,pre_step,drift_diffusion_then_jump,full_law,8,0.0,0.005898437499999999,135.6246161444127,7768,0.0,1.0221052631578946,0.0,8.552631578947368e-06,0.0
LSC-CP,"LSC-CP, tamed",67fe983bcba8cecb4eb040b92e2c557b,c87203a12406cc5114b7ffa2d8877465,True,1,475,2.375,1179822900.9170375,368694.65653657424,475.0,486400.0,0.2227124735045206,0.025455936257246514,0.02451296812796888,0.14250000000000002,0.06398570481808907,0.0,0.008043955872837107,0.10022475870879365,True,0.12012712206063299,reject,pre_step,drift_diffusion_then_jump,full_law,8,0.0,0.005898437499999999,135.6246161444127,7768,0.0,1.0221052631578946,0.0,8.552631578947368e-06,0.0
LSC-CP,"LSC-CP, tamed",67fe983bcba8cecb4eb040b92e2c557b,c87203a12406cc5114b7ffa2d8877465,True,2,475,2.375,1179822900.9170375,368694.65653657424,475.0,486400.0,0.2097745779201003,0.022540549647282693,0.021586971255308396,0.15625,0.07361242311190741,0.0,0.006813329636766548,0.0936477216369078,True,0.12012712206063299,reject,pre_step,drift_diffusion_then_jump,full_law,8,0.0,0.005898437499999999,135.6246161444127,7768,0.0,1.0221052631578946,0.0,8.552631578947368e-06,0.0
LSC-CP,"LSC-CP, tamed",67fe983bcba8cecb4eb040b92e2c557b,c87203a12406cc5114b7ffa2d8877465,True,3,475,2.375,1179822900.9170375,368694.65653657424,475.0,486400.0,0.21767455670693586,0.02518227081528024,0.024237724764828772,0.1462500000000001,0.07128062326512252,0.0,0.008875564230841036,0.10739772163690782,True,0.12012712206063299,reject,pre_step,drift_diffusion_then_jump,full_law,8,0.0,0.005898437499999999,135.6246161444127,7768,0.0,1.0221052631578946,0.0,8.552631578947368e-06,0.0
LSC-CP,"LSC-CP, tamed",67fe983bcba8cecb4eb040b92e2c557b,c87203a12406cc5114b7ffa2d8877465,True,0,483,2.415,1199693602.4061666,374904.25075192703,483.0,494592.0,0.2469087817272326,0.03560044856255784,0.034679842072818934,0.15750000000000003,0.06956309819241024,0.0,0.01231880199105553,0.12647475870879366,True,0.12012712206063299,reject,pre_step,drift_diffusion_then_jump,full_law,8,0.0,0.0051953125,121.57762562112667,7901,0.0,1.0223861283643891,0.0,9.057971014492753e-06,0.0
LSC-CP,"LSC-CP, tamed",67fe983bcba8cecb4eb040b92e2c557b,c87203a12406cc5114b7ffa2d8877465,True,1,483,2.415,1199693602.4061666,374904.25075192703,483.0,494592.0,0.2223664667184969,0.025470303804209005,0.0245301449965577,0.13624999999999998,0.06274135210617648,0.0,0.008275109409305183,0.10022475870879367,True,0.12012712206063299,reject,pre_step,drift_diffusion_then_jump,full_law,8,0.0,0.0051953125,121.57762562112667,7901,0.0,1.0223861283643891,0.0,9.057971014492753e-06,0.0
LSC-CP,"LSC-CP, tamed",67fe983bcba8cecb4eb040b92e2c557b,c87203a12406cc5114b7ffa2d8877465,True,2,483,2.415,1199693602.4061666,374904.25075192703,483.0,494592.0,0.21363348370608357,0.02325179277293765,0.022304294035446315,0.15625,0.07106489665752347,0.0,0.006665056535522584,0.08864772163690779,True,0.12012712206063299,reject,pre_step,drift_diffusion_then_jump,full_law,8,0.0,0.0051953125,121.57762562112667,7901,0.0,1.0223861283643891,0.0,9.057971014492753e-06,0.0
LSC-CP,"LSC-CP, tamed",67fe983bcba8cecb4eb040b92e2c557b,c87203a12406cc5114b7ffa2d8877465,True,3,483,2.415,1199693602.4061666,374904.25075192703,483.0,494592.0,0.22263274964649332,0.0272924048184483,0.02634897023476146,0.15375000000000005,0.07138485574051989,0.0,0.008787542573498496,0.1048977216369078,True,0.12012712206063299,reject,pre_step,drift_diffusion_then_jump,full_law,8,0.0,0.0051953125,121.57762562112667,7901,0.0,1.0223861283643891,0.0,9.057971014492753e-06,0.0
LSC-CP,"LSC-CP, tamed",67fe983bcba8cecb4eb040b92e2c557b,c87203a12406cc5114b7ffa2d8877465,True,0,492,2.46,1222048141.5814369,381890.044244199,492.0,503808.0,0.24632630469174266,0.034914424674655664,0.03398783433677388,0.15625000000000003,0.06977718118030662,0.0,0.012036184512720004,0.12272475870879368,True,0.12012712206063299,reject,pre_step,drift_diffusion_then_jump,full_law,8,0.0,0.0055208333333333325,141.08029276616307,8060,0.0,1.0238821138211383,0.0,8.892276422764228e-06,0.0
LSC-CP,"LSC-CP, tamed",67fe983bcba8cecb4eb040b92e2c557b,c87203a12406cc5114b7ffa2d8877465,True,1,492,2.46,1222048141.5814369,381890.044244199,492.0,503808.0,0.21328514370439552,0.022523045797374075,0.021578788983149688,0.12250000000000003,0.07091989540695087,0.0,0.006813387739810588,0.09522475870879367,True,0.12012712206063299,reject,pre_step,drift_diffusion_then_jump,full_law,8,0.0,0.0055208333333333325,141.08029276616307,8060,0.0,1.0238821138211383,0.0,8.892276422764228e-06,0.0
LSC-CP,"LSC-CP, tamed",67fe983bcba8cecb4eb040b92e2c557b,c87203a12406cc5114b7ffa2d8877465,True,2,492,2.46,1222048141.5814369,381890.044244199,492.0,503808.0,0.20706863854941637,0.021190984898183385,0.02023643598101299,0.13999999999999996,0.0687972925031265,0.0,0.006080971404144412,0.08614772163690779,True,0.12012712206063299,reject,pre_step,drift_diffusion_then_jump,full_law,8,0.0,0.0055208333333333325,141.08029276616307,8060,0.0,1.0238821138211383,0.0,8.892276422764228e-06,0.0
LSC-CP,"LSC-CP, tamed",67fe983bcba8cecb4eb040b92e2c557b,c87203a12406cc5114b7ffa2d8877465,True,3,492,2.46,1222048141.5814369,381890.044244199,492.0,503808.0,0.21775406881006337,0.02562766717638043,0.0246855691275345,0.14000000000000007,0.06842142898520753,0.0,0.00796857624048362,0.09739772163690782,True,0.12012712206063299,reject,pre_step,drift_diffusion_then_jump,full_law,8,0.0,0.0055208333333333325,141.08029276616307,8060,0.0,1.0238821138211383,0.0,8.892276422764228e-06,0.0
LSC-CP,"LSC-CP, tamed",67fe983bcba8cecb4eb040b92e2c557b,c87203a12406cc5114b7ffa2d8877465,True,0,500,2.5,1241918843.070566,388099.63845955185,500.0,512000.0,0.24225803161062698,0.03298597379519397,0.03205660169299418,0.15999999999999998,0.07229372221217956,0.0,0.010935318274437963,0.11897475870879366,True,0.12012712206063299,reject,pre_step,drift_diffusion_then_jump,full_law,8,0.0,0.0059765625,165.95135676478526,8213,0.0,1.026625,0.0,8.75e-06,0.0
LSC-CP,"LSC-CP, tamed",67fe983bcba8cecb4eb040b92e2c557b,c87203a12406cc5114b7ffa2d8877465,True,1,500,2.5,1241918843.070566,388099.63845955185,500.0,512000.0,0.20737937367420872,0.019800395107474444,0.018845243773961573,0.11750000000000005,0.06536017222217805,0.0,0.005866316558141957,0.08522475870879366,True,0.12012712206063299,reject,pre_step,drift_diffusion_then_jump,full_law,8,0.0,0.0059765625,165.95135676478526,8213,0.0,1.026625,0.0,8.75e-06,0.0
LSC-CP,"LSC-CP, tamed",67fe983bcba8cecb4eb040b92e2c557b,c87203a12406cc5114b7ffa2d8877465,True,2,500,2.5,1241918843.070566,388099.63845955185,500.0,512000.0,0.2031982777802546,0.020815461791583556,0.019856980829694892,0.14125,0.0678606044023381,0.0,0.006065185616717038,0.08864772163690779,True,0.12012712206063299,reject,pre_step,drift_diffusion_then_jump,full_law,8,0.0,0.0059765625,165.95135676478526,8213,0.0,1.026625,0.0,8.75e-06,0.0
LSC-CP,"LSC-CP, tamed",67fe983bcba8cecb4eb040b92e2c557b,c87203a12406cc5114b7ffa2d8877465,True,3,500,2.5,1241918843.070566,388099.63845955185,500.0,512000.0,0.2174267765360941,0.02438304969663463,0.023436541291016022,0.13,0.06734527848205785,0.0,0.007954070769114287,0.09647475870879366,True,0.12012712206063299,reject,pre_step,drift_diffusion_then_jump,full_law,8,0.0,0.0059765625,165.95135676478526,8213,0.0,1.026625,0.0,8.75e-06,0.0
LSC-CP,"LSC-CP, tamed",67fe983bcba8cecb4eb040b92e2c557b,c87203a12406cc5114b7ffa2d8877465,True,0,559,2.795,1388465266.5528927,433895.39579777897,559.0,572416.0,0.23405144885035828,0.029783642535874733,0.028856455565436256,0.15749999999999997,0.06716580843858966,0.0,0.00939015400647138,0.11397475870879366,True,0.12012712206063299,reject,pre_step,drift_diffusion_then_jump,full_law,8,0.0,0.004788135593220337,150.30174009032163,9117,0.0,1.0193425760286225,0.0,1.0062611806797853e-05,0.0
LSC-CP,"LSC-CP, tamed",67fe983bcba8cecb4eb040b92e2c557b,c87203a12406cc5114b7ffa2d8877465,True,1,559,2.795,1388465266.5528927,433895.39579777897,559.0,572416.0,0.19402488115125038,0.01683008367452421,0.015887002092373037,0.11875000000000002,0.061966092105228854,0.0,0.004644438753077399,0.08147475870879364,True,0.12012712206063299,reject,pre_step,drift_diffusion_then_jump,full_law,8,0.0,0.004788135593220337,150.30174009032163,9117,0.0,1.0193425760286225,0.0,1.0062611806797853e-05,0.0
LSC-CP,"LSC-CP, tamed",67fe983bcba8cecb4eb040b92e2c557b,c87203a12406cc5114b7ffa2d8877465,True,2,559,2.795,1388465266.5528927,433895.39579777897,559.0,572416.0,0.17893763295291074,0.015016268077369332,0.014053760019902106,0.12374999999999992,0.06751662122083757,0.0,0.0035153014158343524,0.06614772163690781,True,0.12012712206063299,reject,pre_step,drift_diffusion_then_jump,full_law,8,0.0,0.004788135593220337,150.30174009032163,9117,0.0,1.0193425760286225,0.0,1.0062611806797853e-05,0.0
LSC-CP,"LSC-CP, tamed",67fe983bcba8cecb4eb040b92e2c557b,c87203a12406cc5114b7ffa2d8877465,True,3,559,2.795,1388465266.5528927,433895.39579777897,559.0,572416.0,0.17695391421706802,0.01361423226234082,0.012659822083706307,0.10124999999999995,0.06387533701409676,0.0,0.0035452512708198545,0.07022475870879366,True,0.12012712206063299,reject,pre_step,drift_diffusion_then_jump,full_law,8,0.0,0.004788135593220337,150.30174009032163,9117,0.0,1.0193425760286225,0.0,1.0062611806797853e-05,0.0
LSC-CP,"LSC-CP, tamed",67fe983bcba8cecb4eb040b92e2c557b,c87203a12406cc5114b7ffa2d8877465,True,0,619,3.095,1537495527.7213607,480467.3524129252,619.0,633856.0,0.21711859986917428,0.023494435585781126,0.02255847744548911,0.135,0.07087097876540727,0.0,0.007936449738020828,0.10772475870879367,True,0.12012712206063299,reject,pre_step,drift_diffusion_then_jump,full_law,8,0.0,0.0052604166666666684,296.9805037598545,10127,0.0,1.022516155088853,0.0,1.0096930533117933e-05,0.0
LSC-CP,"LSC-CP, tamed",67fe983bcba8cecb4eb040b92e2c557b,c87203a12406cc5114b7ffa2d8877465,True,1,619,3.095,1537495527.7213607,480467.3524129252,619.0,633856.0,0.16628573356910042,0.009956121172531751,0.008994323898003476,0.09125,0.06449802733156329,0.0,0.002375760444468744,0.05897475870879365,True,0.12012712206063299,reject,pre_step,drift_diffusion_then_jump,full_law,8,0.0,0.0052604166666666684,296.9805037598545,10127,0.0,1.022516155088853,0.0,1.0096930533117933e-05,0.0
LSC-CP,"LSC-CP, tamed",67fe983bcba8cecb4eb040b92e2c557b,c87203a12406cc5114b7ffa2d8877465,True,2,619,3.095,1537495527.7213607,480467.3524129252,619.0,633856.0,0.1679927149777498,0.011501967616549647,0.01054137022084567,0.10375000000000001,0.06435297483514602,0.0,0.002475211741192934,0.05897475870879365,True,0.12012712206063299,reject,pre_step,drift_diffusion_then_jump,full_law,8,0.0,0.0052604166666666684,296.9805037598545,10127,0.0,1.022516155088853,0.0,1.0096930533117933e-05,0.0
LSC-CP,"LSC-CP, tamed",67fe983bcba8cecb4eb040b92e2c557b,c87203a12406cc5114b7ffa2d8877465,True,3,619,3.095,1537495527.7213607,480467.3524129252,619.0,633856.0,0.16252074903866245,0.00979575276559752,0.008833299857621268,0.09125000000000003,0.06122376419851483,0.0,0.0023048444913512404,0.06022475870879365,True,0.12012712206063299,reject,pre_step,drift_diffusion_then_jump,full_law,8,0.0,0.0052604166666666684,296.9805037598545,10127,0.0,1.022516155088853,0.0,1.0096930533117933e-05,0.0
LSC-CP,"LSC-CP, tamed",67fe983bcba8cecb4eb040b92e2c557b,c87203a12406cc5114b7ffa2d8877465,True,0,678,3.39,1684041951.2036874,526263.1097511523,678.0,694272.0,0.19160731762438432,0.01643854182643878,0.01549050139454633,0.11874999999999997,0.0627716466095184,0.0,0.004781804313310313,0.08397475870879365,True,0.12012712206063299,reject,pre_step,drift_diffusion_then_jump,full_law,8,0.0,0.004703389830508475,241.78887173581938,11015,0.0,1.0153945427728615,0.0,9.679203539823008e-06,0.0
LSC-CP,"LSC-CP, tamed",67fe983bcba8cecb4eb040b92e2c557b,c87203a12406cc5114b7ffa2d8877465,True,1,678,3.39,1684041951.2036874,526263.1097511523,678.0,694272.0,0.14100111049955238,0.006954309208852649,0.005992648382131538,0.08249999999999999,0.059458942712819596,0.0,0.0013956925868176262,0.043974758708793665,True,0.12012712206063299,reject,pre_step,drift_diffusion_then_jump,full_law,8,0.0,0.004703389830508475,241.78887173581938,11015,0.0,1.0153945427728615,0.0,9.679203539823008e-06,0.0
LSC-CP,"LSC-CP, tamed",67fe983bcba8cecb4eb040b92e2c557b,c87203a12406cc5114b7ffa2d8877465,True,2,678,3.39,1684041951.2036874,526263.1097511523,678.0,694272.0,0.15373527343163096,0.008943162311656483,0.007983625896882729,0.09000000000000002,0.0629725569491757,0.0,0.0021091243402487007,0.055224758708793675,True,0.12012712206063299,reject,pre_step,drift_diffusion_then_jump,full_law,8,0.0,0.004703389830508475,241.78887173581938,11015,0.0,1.0153945427728615,0.0,9.679203539823008e-06,0.0
LSC-CP,"LSC-CP, tamed",67fe983bcba8cecb4eb040b92e2c557b,c87203a12406cc5114b7ffa2d8877465,True,3,678,3.39,1684041951.2036874,526263.1097511523,678.0,694272.0,0.14570885983041612,0.008198201824070162,0.007237128083258271,0.10374999999999995,0.062905695197775,0.0,0.0011902240828086386,0.043974758708793665,True,0.12012712206063299,reject,pre_step,drift_diffusion_then_jump,full_law,8,0.0,0.004703389830508475,241.78887173581938,11015,0.0,1.0153945427728615,0.0,9.679203539823008e-06,0.0
LSC-CP,"LSC-CP, tamed",67fe983bcba8cecb4eb040b92e2c557b,c87203a12406cc5114b7ffa2d8877465,True,0,738,3.69,1833072212.3721552,572835.0663662985,738.0,755712.0,0.17242117923740602,0.012802769414373638,0.011839641000774948,0.10625000000000001,0.0663060547913289,0.0,0.003140217222904359,0.06397475870879364,True,0.12012712206063299,reject,pre_step,drift_diffusion_then_jump,full_law,8,0.0,0.005041666666666666,462.54534516701494,11983,0.0,1.014820460704607,0.0,9.315718157181572e-06,0.0
LSC-CP,"LSC-CP, tamed",67fe983bcba8cecb4eb040b92e2c557b,c87203a12406cc5114b7ffa2d8877465,True,1,738,3.69,1833072212.3721552,572835.0663662985,738.0,755712.0,0.12434204582411998,0.004890546857955758,0.003923230441569059,0.0675,0.060781019429668515,0.0,0.0006251187633839039,0.03147475870879368,True,0.12012712206063299,reject,pre_step,drift_diffusion_then_jump,full_law,8,0.0,0.005041666666666666,462.54534516701494,11983,0.0,1.014820460704607,0.0,9.315718157181572e-06,0.0
LSC-CP,"LSC-CP, tamed",67fe983bcba8cecb4eb040b92e2c557b,c87203a12406cc5114b7ffa2d8877465,True,2,738,3.69,1833072212.3721552,572835.0663662985,738.0,755712.0,0.14230412470175124,0.007573356057908653,0.006615754543810803,0.08625,0.06431764408018847,0.0,0.0013988552319508102,0.04772475870879364,True,0.12012712206063299,reject,pre_step,drift_diffusion_then_jump,full_law,8,0.0,0.005041666666666666,462.54534516701494,11983,0.0,1.014820460704607,0.0,9.315718157181572e-06,0.0
LSC-CP,"LSC-CP, tamed",67fe983bcba8cecb4eb040b92e2c557b,c87203a12406cc5114b7ffa2d8877465,True,3,738,3.69,1833072212.3721552,572835.0663662985,738.0,755712.0,0.14977410210186687,0.008155031477730001,0.007194865777083725,0.08750000000000002,0.06102296295643783,0.0,0.0016945204130708932,0.05147475870879367,True,0.12012712206063299,reject,pre_step,drift_diffusion_then_jump,full_law,8,0.0,0.005041666666666666,462.54534516701494,11983,0.0,1.014820460704607,0.0,9.315718157181572e-06,0.0
LSC-CP,"LSC-CP, tamed",67fe983bcba8cecb4eb040b92e2c557b,c87203a12406cc5114b7ffa2d8877465,True,0,797,3.985,1979618635.854482,618630.8237045256,797.0,816128.0,0.1616299281226487,0.010108644707237824,0.009137515488200965,0.09499999999999997,0.06716637890485389,0.0,0.002558552576103194,0.056147721636907816,True,0.12012712206063299,reject,pre_step,drift_diffusion_then_jump,full_law,8,0.0,0.0050211864406779685,149.69676590889367,12931,0.0,1.0140370138017565,0.0,9.802383939774152e-06,0.0
LSC-CP,"LSC-CP, tamed",67fe983bcba8cecb4eb040b92e2c557b,c87203a12406cc5114b7ffa2d8877465,True,1,797,3.985,1979618635.854482,618630.8237045256,797.0,816128.0,0.11328931632179128,0.0034537476448812665,0.0024882388167478675,0.07125000000000001,0.06396714120519453,0.0,0.0005460901965800491,0.02897475870879368,True,0.12012712206063299,reject,pre_step,drift_diffusion_then_jump,full_law,8,0.0,0.0050211864406779685,149.69676590889367,12931,0.0,1.0140370138017565,0.0,9.802383939774152e-06,0.0
LSC-CP,"LSC-CP, tamed",67fe983bcba8cecb4eb040b92e2c557b,c87203a12406cc5114b7ffa2d8877465,True,2,797,3.985,1979618635.854482,618630.8237045256,797.0,816128.0,0.129299329930312,0.005268877159992802,0.004313143905038785,0.07500000000000001,0.06037773963987192,0.0,0.0013399491735568963,0.044077037071885816,True,0.12012712206063299,reject,pre_step,drift_diffusion_then_jump,full_law,8,0.0,0.0050211864406779685,149.69676590889367,12931,0.0,1.0140370138017565,0.0,9.802383939774152e-06,0.0
LSC-CP,"LSC-CP, tamed",67fe983bcba8cecb4eb040b92e2c557b,c87203a12406cc5114b7ffa2d8877465,True,3,797,3.985,1979618635.854482,618630.8237045256,797.0,816128.0,0.15155804190649252,0.007896526822747996,0.0069411177199764085,0.09000000000000002,0.06006475537666933,0.0,0.0018121485457915677,0.053974758708793674,True,0.12012712206063299,reject,pre_step,drift_diffusion_then_jump,full_law,8,0.0,0.0050211864406779685,149.69676590889367,12931,0.0,1.0140370138017565,0.0,9.802383939774152e-06,0.0
LSC-CP,"LSC-CP, tamed",67fe983bcba8cecb4eb040b92e2c557b,c87203a12406cc5114b7ffa2d8877465,True,0,856,4.28,2126165059.336809,664426.5810427528,856.0,876544.0,0.1487699537692367,0.008069069953942298,0.007098961570581985,0.08375000000000002,0.06267120905733237,0.0,0.002060391286295769,0.05114772163690781,True,0.12012712206063299,reject,pre_step,drift_diffusion_then_jump,full_law,8,0.0,0.0047828389830508475,215.03427315537746,13834,0.0,1.0100759345794392,0.0,1.022196261682243e-05,0.0
LSC-CP,"LSC-CP, tamed",67fe983bcba8cecb4eb040b92e2c557b,c87203a12406cc5114b7ffa2d8877465,True,1,856,4.28,2126165059.336809,664426.5810427528,856.0,876544.0,0.10064187511630479,0.00217794766089463,0.001201238557888673,0.07125000000000001,0.06176607547898383,0.0,0.00018951149828015743,0.01772475870879367,True,0.12012712206063299,reject,pre_step,drift_diffusion_then_jump,full_law,8,0.0,0.0047828389830508475,215.03427315537746,13834,0.0,1.0100759345794392,0.0,1.022196261682243e-05,0.0
LSC-CP,"LSC-CP, tamed",67fe983bcba8cecb4eb040b92e2c557b,c87203a12406cc5114b7ffa2d8877465,True,2,856,4.28,2126165059.336809,664426.5810427528,856.0,876544.0,0.11996440120566265,0.00436343102633141,0.0034032964572239255,0.06,0.057592067764483224,0.0,0.0007621484888436121,0.033974758708793656,True,0.12012712206063299,reject,pre_step,drift_diffusion_then_jump,full_law,8,0.0,0.0047828389830508475,215.03427315537746,13834,0.0,1.0100759345794392,0.0,1.022196261682243e-05,0.0
LSC-CP,"LSC-CP, tamed",67fe983bcba8cecb4eb040b92e2c557b,c87203a12406cc5114b7ffa2d8877465,True,3,856,4.28,2126165059.336809,664426.5810427528,856.0,876544.0,0.14662859718559124,0.0079634740893203,0.007009480924189293,0.09125,0.0550551923896585,0.0,0.0016296119553441193,0.051474758708793644,True,0.12012712206063299,reject,pre_step,drift_diffusion_then_jump,full_law,8,0.0,0.0047828389830508475,215.03427315537746,13834,0.0,1.0100759345794392,0.0,1.022196261682243e-05,0.0
LSC-CP,"LSC-CP, tamed",67fe983bcba8cecb4eb040b92e2c557b,c87203a12406cc5114b7ffa2d8877465,True,0,916,4.58,2275195320.5052767,710998.537657899,916.0,937984.0,0.14213365601590217,0.007221384128589303,0.006261349977395914,0.07625000000000004,0.06386525056031855,0.0,0.0013796957907056089,0.04647475870879367,True,0.12012712206063299,reject,pre_step,drift_diffusion_then_jump,full_law,8,0.0,0.004802083333333333,281.7292848667708,14756,0.0,1.0068231441048034,0.0,1.0575873362445414e-05,0.0
LSC-CP,"LSC-CP, tamed",67fe983bcba8cecb4eb040b92e2c557b,c87203a12406cc5114b7ffa2d8877465,True,1,916,4.58,2275195320.5052767,710998.537657899,916.0,937984.0,0.11648550653533618,0.003845734836594672,0.0028641877817426886,0.07625000000000004,0.06528389462431172,0.0,0.0004841421927425332,0.02614772163690779,True,0.12012712206063299,reject,pre_step,drift_diffusion_then_jump,full_law,8,0.0,0.004802083333333333,281.7292848667708,14756,0.0,1.0068231441048034,0.0,1.0575873362445414e-05,0.0
LSC-CP,"LSC-CP, tamed",67fe983bcba8cecb4eb040b92e2c557b,c87203a12406cc5114b7ffa2d8877465,True,2,916,4.58,2275195320.5052767,710998.537657899,916.0,937984.0,0.08630270902122107,0.0015601507093145894,0.0005931071519830189,0.05499999999999999,0.05554190419139948,0.0,0.00030180520683195915,0.024077037071885826,True,0.12012712206063299,reject,pre_step,drift_diffusion_then_jump,full_law,8,0.0,0.004802083333333333,281.7292848667708,14756,0.0,1.0068231441048034,0.0,1.0575873362445414e-05,0.0
LSC-CP,"LSC-CP, tamed",67fe983bcba8cecb4eb040b92e2c557b,c87203a12406cc5114b7ffa2d8877465,True,3,916,4.58,2275195320.5052767,710998.537657899,916.0,937984.0,0.1295448357587976,0.00532462954055557,0.0043649818703983545,0.065,0.0635031556780763,0.0,0.00098309093555261,0.04022475870879366,True,0.12012712206063299,reject,pre_step,drift_diffusion_then_jump,full_law,8,0.0,0.004802083333333333,281.7292848667708,14756,0.0,1.0068231441048034,0.0,1.0575873362445414e-05,0.0
LSC-CP,"LSC-CP, tamed",67fe983bcba8cecb4eb040b92e2c557b,c87203a12406cc5114b7ffa2d8877465,True,0,975,4.875,2421741743.9876037,756794.2949961261,975.0,998400.0,0.11995322753422885,0.004482357302400208,0.0035145497709819784,0.06875000000000003,0.0659791613609475,0.0,0.0005560523186684649,0.030224758708793653,True,0.12012712206063299,reject,pre_step,drift_diffusion_then_jump,full_law,8,0.0,0.0048199152542372885,149.2943855221179,15666,0.0,1.0042307692307693,0.0,9.935897435897437e-06,0.0
LSC-CP,"LSC-CP, tamed",67fe983bcba8cecb4eb040b92e2c557b,c87203a12406cc5114b7ffa2d8877465,True,1,975,4.875,2421741743.9876037,756794.2949961261,975.0,998400.0,0.10488842724009324,0.002833043340564223,0.0018588080615654645,0.06125000000000003,0.06548247083925285,0.0,0.0001887579425875279,0.01772475870879367,True,0.12012712206063299,reject,pre_step,drift_diffusion_then_jump,full_law,8,0.0,0.0048199152542372885,149.2943855221179,15666,0.0,1.0042307692307693,0.0,9.935897435897437e-06,0.0
LSC-CP,"LSC-CP, tamed",67fe983bcba8cecb4eb040b92e2c557b,c87203a12406cc5114b7ffa2d8877465,True,2,975,4.875,2421741743.9876037,756794.2949961261,975.0,998400.0,0.08187345525140913,0.0013082644272878197,0.0003305667958694025,0.044999999999999984,0.059421301091200585,0.0,1.1324257177962576e-05,0.0040770370718858084,True,0.12012712206063299,reject,pre_step,drift_diffusion_then_jump,full_law,8,0.0,0.0048199152542372885,149.2943855221179,15666,0.0,1.0042307692307693,0.0,9.935897435897437e-06,0.0
LSC-CP,"LSC-CP, tamed",67fe983bcba8cecb4eb040b92e2c557b,c87203a12406cc5114b7ffa2d8877465,True,3,975,4.875,2421741743.9876037,756794.2949961261,975.0,998400.0,0.11739287378340899,0.0037179296870455403,0.002746798519563165,0.05500000000000005,0.061655505108025865,0.0,0.0004323024555559175,0.026474758708793678,True,0.12012712206063299,reject,pre_step,drift_diffusion_then_jump,full_law,8,0.0,0.0048199152542372885,149.2943855221179,15666,0.0,1.0042307692307693,0.0,9.935897435897437e-06,0.0
LSC-CP,"LSC-CP, tamed",67fe983bcba8cecb4eb040b92e2c557b,c87203a12406cc5114b7ffa2d8877465,True,0,1034,5.17,2568288167.46993,802590.0523343532,1034.0,1058816.0,0.12503309037570515,0.00462508965032149,0.0036484026001222247,0.07250000000000001,0.06271270567183129,0.0,0.0006565667042039544,0.02772475870879365,True,0.12012712206063299,reject,pre_step,drift_diffusion_then_jump,full_law,8,0.0,0.005222457627118644,152.04509539880644,16652,0.0,1.0065280464216635,0.0,1.0577852998065764e-05,0.0
LSC-CP,"LSC-CP, tamed",67fe983bcba8cecb4eb040b92e2c557b,c87203a12406cc5114b7ffa2d8877465,True,1,1034,5.17,2568288167.46993,802590.0523343532,1034.0,1058816.0,0.08753009777372292,0.0018147936486484495,0.0008312922678516133,0.06374999999999997,0.06616634497109697,0.0,6.162575879134122e-05,0.009897721636907775,True,0.12012712206063299,reject,pre_step,drift_diffusion_then_jump,full_law,8,0.0,0.005222457627118644,152.04509539880644,16652,0.0,1.0065280464216635,0.0,1.0577852998065764e-05,0.0
LSC-CP,"LSC-CP, tamed",67fe983bcba8cecb4eb040b92e2c557b,c87203a12406cc5114b7ffa2d8877465,True,2,1034,5.17,2568288167.46993,802590.0523343532,1034.0,1058816.0,0.07373994583452073,0.0009804510874150685,1.839783873913703e-06,0.06,0.06271318250114388,0.0,8.847581638505892e-07,0.0011477216369078225,True,0.12012712206063299,reject,pre_step,drift_diffusion_then_jump,full_law,8,0.0,0.005222457627118644,152.04509539880644,16652,0.0,1.0065280464216635,0.0,1.0577852998065764e-05,0.0
LSC-CP,"LSC-CP, tamed",67fe983bcba8cecb4eb040b92e2c557b,c87203a12406cc5114b7ffa2d8877465,True,3,1034,5.17,2568288167.46993,802590.0523343532,1034.0,1058816.0,0.14107634346566822,0.006912010684507863,0.005945729686885115,0.08249999999999996,0.06695416043019109,0.0,0.0011334879566970773,0.04147475870879366,True,0.12012712206063299,reject,pre_step,drift_diffusion_then_jump,full_law,8,0.0,0.005222457627118644,152.04509539880644,16652,0.0,1.0065280464216635,0.0,1.0577852998065764e-05,0.0
LSC-CP,"LSC-CP, tamed",67fe983bcba8cecb4eb040b92e2c557b,c87203a12406cc5114b7ffa2d8877465,True,0,1094,5.47,2717318428.638398,849162.0089494995,1094.0,1120256.0,0.11929835977568862,0.00411404495227774,0.0031484780282345914,0.0625,0.05537962153647602,0.0,0.0005715825469618831,0.030224758708793653,True,0.12012712206063299,reject,pre_step,drift_diffusion_then_jump,full_law,8,0.0,0.005187500000000001,255.33028392798607,17648,0.0,1.0082266910420474,0.0,9.997714808043876e-06,0.0
LSC-CP,"LSC-CP, tamed",67fe983bcba8cecb4eb040b92e2c557b,c87203a12406cc5114b7ffa2d8877465,True,1,1094,5.47,2717318428.638398,849162.0089494995,1094.0,1120256.0,0.09608861454540005,0.0022865870803726596,0.0013051916446461531,0.05500000000000005,0.06213021390239226,0.0,0.00016605771961588083,0.016147721636907808,True,0.12012712206063299,reject,pre_step,drift_diffusion_then_jump,full_law,8,0.0,0.005187500000000001,255.33028392798607,17648,0.0,1.0082266910420474,0.0,9.997714808043876e-06,0.0
LSC-CP,"LSC-CP, tamed",67fe983bcba8cecb4eb040b92e2c557b,c87203a12406cc5114b7ffa2d8877465,True,2,1094,5.47,2717318428.638398,849162.0089494995,1094.0,1120256.0,0.06891338726133057,0.0006548080900574682,-0.00032645619193971687,0.03125,0.060805046856259426,0.0,1.1960444849961813e-05,0.0038522783630922097,True,0.12012712206063299,reject,pre_step,drift_diffusion_then_jump,full_law,8,0.0,0.005187500000000001,255.33028392798607,17648,0.0,1.0082266910420474,0.0,9.997714808043876e-06,0.0
LSC-CP,"LSC-CP, tamed",67fe983bcba8cecb4eb040b92e2c557b,c87203a12406cc5114b7ffa2d8877465,True,3,1094,5.47,2717318428.638398,849162.0089494995,1094.0,1120256.0,0.10453216683285838,0.002568909087301008,0.0015951427095028947,0.048750000000000016,0.06293440517405768,0.0,0.00021518272652785563,0.01897475870879367,True,0.12012712206063299,reject,pre_step,drift_diffusion_then_jump,full_law,8,0.0,0.005187500000000001,255.33028392798607,17648,0.0,1.0082266910420474,0.0,9.997714808043876e-06,0.0
LSC-CP,"LSC-CP, tamed",67fe983bcba8cecb4eb040b92e2c557b,c87203a12406cc5114b7ffa2d8877465,True,0,1153,5.765,2863864852.120725,894957.7662877266,1153.0,1180672.0,0.12147404813018949,0.004188167787807284,0.0032286212941631254,0.07,0.06082735518813576,0.0,0.0009507962704665557,0.03657703707188584,True,0.12012712206063299,reject,pre_step,drift_diffusion_then_jump,full_law,8,0.0,0.004957627118644068,186.6850439297725,18584,0.0,1.007372072853426,0.0,9.486123156981787e-06,0.0
LSC-CP,"LSC-CP, tamed",67fe983bcba8cecb4eb040b92e2c557b,c87203a12406cc5114b7ffa2d8877465,True,1,1153,5.765,2863864852.120725,894957.7662877266,1153.0,1180672.0,0.08710570958692346,0.0013958930675265213,0.0004146509196649717,0.04625000000000001,0.062377298815337046,0.0,2.558068325565386e-05,0.00647475870879366,True,0.12012712206063299,reject,pre_step,drift_diffusion_then_jump,full_law,8,0.0,0.004957627118644068,186.6850439297725,18584,0.0,1.007372072853426,0.0,9.486123156981787e-06,0.0
LSC-CP,"LSC-CP, tamed",67fe983bcba8cecb4eb040b92e2c557b,c87203a12406cc5114b7ffa2d8877465,True,2,1153,5.765,2863864852.120725,894957.7662877266,1153.0,1180672.0,0.09101924953096796,0.00188585427070731,0.0008979579294082773,0.050000000000000044,0.06286385384694304,0.0,9.252771227743952e-05,0.011147721636907804,True,0.12012712206063299,reject,pre_step,drift_diffusion_then_jump,full_law,8,0.0,0.004957627118644068,186.6850439297725,18584,0.0,1.007372072853426,0.0,9.486123156981787e-06,0.0
LSC-CP,"LSC-CP, tamed",67fe983bcba8cecb4eb040b92e2c557b,c87203a12406cc5114b7ffa2d8877465,True,3,1153,5.765,2863864852.120725,894957.7662877266,1153.0,1180672.0,0.10914779980004666,0.00319835986943795,0.002225977277323432,0.06000000000000005,0.06457531013670159,0.0,0.0002950126749924251,0.021474758708793673,True,0.12012712206063299,reject,pre_step,drift_diffusion_then_jump,full_law,8,0.0,0.004957627118644068,186.6850439297725,18584,0.0,1.007372072853426,0.0,9.486123156981787e-06,0.0
LSC-CP,"LSC-CP, tamed",67fe983bcba8cecb4eb040b92e2c557b,c87203a12406cc5114b7ffa2d8877465,True,0,1212,6.0600000000000005,3010411275.6030517,940753.5236259536,1212.0,1241088.0,0.1262850773192475,0.004197114422776815,0.0032371610018497865,0.07999999999999999,0.061879487470928085,0.0,0.0013274517408469917,0.04657703707188582,True,0.12012712206063299,reject,pre_step,drift_diffusion_then_jump,full_law,8,0.0,0.005084745762711865,260.09529085924464,19544,0.0,1.0078382838283828,0.0,9.540016501650164e-06,0.0
LSC-CP,"LSC-CP, tamed",67fe983bcba8cecb4eb040b92e2c557b,c87203a12406cc5114b7ffa2d8877465,True,1,1212,6.0600000000000005,3010411275.6030517,940753.5236259536,1212.0,1241088.0,0.10315231232676517,0.002392594691376315,0.0014303822303735059,0.05750000000000005,0.062251149914866355,0.0,0.0008767006703876094,0.041577037071885814,True,0.12012712206063299,reject,pre_step,drift_diffusion_then_jump,full_law,8,0.0,0.005084745762711865,260.09529085924464,19544,0.0,1.0078382838283828,0.0,9.540016501650164e-06,0.0
LSC-CP,"LSC-CP, tamed",67fe983bcba8cecb4eb040b92e2c557b,c87203a12406cc5114b7ffa2d8877465,True,2,1212,6.0600000000000005,3010411275.6030517,940753.5236259536,1212.0,1241088.0,0.08529576356900646,0.0017496804776746533,0.0007718308019487585,0.05499999999999999,0.06137253108495133,0.0,4.7148574530225806e-05,0.008647721636907801,True,0.12012712206063299,reject,pre_step,drift_diffusion_then_jump,full_law,8,0.0,0.005084745762711865,260.09529085924464,19544,0.0,1.0078382838283828,0.0,9.540016501650164e-06,0.0
LSC-CP,"LSC-CP, tamed",67fe983bcba8cecb4eb040b92e2c557b,c87203a12406cc5114b7ffa2d8877465,True,3,1212,6.0600000000000005,3010411275.6030517,940753.5236259536,1212.0,1241088.0,0.10337336705380648,0.002744323199545984,0.001775701805547758,0.0675,0.059407062617975015,0.0,0.00022433808173509583,0.01897475870879367,True,0.12012712206063299,reject,pre_step,drift_diffusion_then_jump,full_law,8,0.0,0.005084745762711865,260.09529085924464,19544,0.0,1.0078382838283828,0.0,9.540016501650164e-06,0.0
LSC-CP,"LSC-CP, tamed",67fe983bcba8cecb4eb040b92e2c557b,c87203a12406cc5114b7ffa2d8877465,True,0,1272,6.36,3159441536.7715197,987325.4802410998,1272.0,1302528.0,0.12221049424218486,0.004208738231316067,0.0032500831835704513,0.065,0.05878001942557576,0.0,0.0012915911077182336,0.046577037071885846,True,0.12012712206063299,reject,pre_step,drift_diffusion_then_jump,full_law,8,0.0,0.005015625000000002,412.00921330513455,20507,0.0,1.0076159591194969,0.0,9.335691823899371e-06,0.0
LSC-CP,"LSC-CP, tamed",67fe983bcba8cecb4eb040b92e2c557b,c87203a12406cc5114b7ffa2d8877465,True,1,1272,6.36,3159441536.7715197,987325.4802410998,1272.0,1302528.0,0.09408234025108425,0.0016045441550098793,0.0006403533144226925,0.04375000000000001,0.059816589932268016,0.0,0.0007505568895530921,0.037827037071885825,True,0.12012712206063299,reject,pre_step,drift_diffusion_then_jump,full_law,8,0.0,0.005015625000000002,412.00921330513455,20507,0.0,1.0076159591194969,0.0,9.335691823899371e-06,0.0
LSC-CP,"LSC-CP, tamed",67fe983bcba8cecb4eb040b92e2c557b,c87203a12406cc5114b7ffa2d8877465,True,2,1272,6.36,3159441536.7715197,987325.4802410998,1272.0,1302528.0,0.05155034959060852,0.00030523216872890835,-0.0006850045273575356,0.03375000000000006,0.06084528905813891,0.0,0.00017188990217508696,0.017275241291206334,True,0.12012712206063299,reject,pre_step,drift_diffusion_then_jump,full_law,8,0.0,0.005015625000000002,412.00921330513455,20507,0.0,1.0076159591194969,0.0,9.335691823899371e-06,0.0
LSC-CP,"LSC-CP, tamed",67fe983bcba8cecb4eb040b92e2c557b,c87203a12406cc5114b7ffa2d8877465,True,3,1272,6.36,3159441536.7715197,987325.4802410998,1272.0,1302528.0,0.09390462117308597,0.0018883627275159132,0.000916897298736008,0.06125000000000003,0.06286822460771391,0.0,0.00017126021318039902,0.01782703707188585,True,0.12012712206063299,reject,pre_step,drift_diffusion_then_jump,full_law,8,0.0,0.005015625000000002,412.00921330513455,20507,0.0,1.0076159591194969,0.0,9.335691823899371e-06,0.0
LSC-CP,"LSC-CP, tamed",67fe983bcba8cecb4eb040b92e2c557b,c87203a12406cc5114b7ffa2d8877465,True,0,1331,6.655,3305987960.253846,1033121.237579327,1331.0,1362944.0,0.09889205979902001,0.0022342366118629498,0.0012691790240053624,0.05125000000000002,0.06299855950974709,0.0,0.0003536144543033566,0.025327037071885827,True,0.12012712206063299,reject,pre_step,drift_diffusion_then_jump,full_law,8,0.0,0.005185381355932205,157.88419445745888,21486,0.0,1.0089218632607062,0.0,1.0095792637114951e-05,0.0
LSC-CP,"LSC-CP, tamed",67fe983bcba8cecb4eb040b92e2c557b,c87203a12406cc5114b7ffa2d8877465,True,1,1331,6.655,3305987960.253846,1033121.237579327,1331.0,1362944.0,0.09773926894861232,0.0020984336576553853,0.001133313329575003,0.05499999999999999,0.06080763964357794,0.0,0.0006795069783518091,0.03657703707188581,True,0.12012712206063299,reject,pre_step,drift_diffusion_then_jump,full_law,8,0.0,0.005185381355932205,157.88419445745888,21486,0.0,1.0089218632607062,0.0,1.0095792637114951e-05,0.0
LSC-CP,"LSC-CP, tamed",67fe983bcba8cecb4eb040b92e2c557b,c87203a12406cc5114b7ffa2d8877465,True,2,1331,6.655,3305987960.253846,1033121.237579327,1331.0,1362944.0,0.060537618682672906,0.00036498626804970513,-0.0006183474822365476,0.027499999999999997,0.05855369517099063,0.0,5.6399609684272035e-05,0.008525241291206381,True,0.12012712206063299,reject,pre_step,drift_diffusion_then_jump,full_law,8,0.0,0.005185381355932205,157.88419445745888,21486,0.0,1.0089218632607062,0.0,1.0095792637114951e-05,0.0
LSC-CP,"LSC-CP, tamed",67fe983bcba8cecb4eb040b92e2c557b,c87203a12406cc5114b7ffa2d8877465,True,3,1331,6.655,3305987960.253846,1033121.237579327,1331.0,1362944.0,0.0840308526939229,0.0012915740040704282,0.000319177401610915,0.04249999999999998,0.056640988085936095,0.0,0.0003199788423796073,0.024077037071885826,True,0.12012712206063299,reject,pre_step,drift_diffusion_then_jump,full_law,8,0.0,0.005185381355932205,157.88419445745888,21486,0.0,1.0089218632607062,0.0,1.0095792637114951e-05,0.0
LSC-CP,"LSC-CP, tamed",67fe983bcba8cecb4eb040b92e2c557b,c87203a12406cc5114b7ffa2d8877465,True,0,1391,6.955,3455018221.422314,1079693.194194473,1391.0,1424384.0,0.1157362232520705,0.003957588797356637,0.0030037308462356194,0.065,0.05950510348681437,0.0,0.001229030291767224,0.046577037071885846,True,0.12012712206063299,reject,pre_step,drift_diffusion_then_jump,full_law,8,0.0,0.0052968749999999995,166.7065557153763,22503,0.0,1.0110981308411215,0.0,9.660316319194824e-06,0.0
LSC-CP,"LSC-CP, tamed",67fe983bcba8cecb4eb040b92e2c557b,c87203a12406cc5114b7ffa2d8877465,True,1,1391,6.955,3455018221.422314,1079693.194194473,1391.0,1424384.0,0.09524542960577947,0.001822609775989248,0.0008556804318382571,0.05125000000000002,0.06044246881903814,0.0,0.00035950200354935725,0.02657703707188583,True,0.12012712206063299,reject,pre_step,drift_diffusion_then_jump,full_law,8,0.0,0.0052968749999999995,166.7065557153763,22503,0.0,1.0110981308411215,0.0,9.660316319194824e-06,0.0
LSC-CP,"LSC-CP, tamed",67fe983bcba8cecb4eb040b92e2c557b,c87203a12406cc5114b7ffa2d8877465,True,2,1391,6.955,3455018221.422314,1079693.194194473,1391.0,1424384.0,0.04738904880357493,0.00021927654942155428,-0.0007555669416540178,0.024999999999999994,0.06029499420683637,0.0,0.00030455142006786343,0.021352278363092198,True,0.12012712206063299,reject,pre_step,drift_diffusion_then_jump,full_law,8,0.0,0.0052968749999999995,166.7065557153763,22503,0.0,1.0110981308411215,0.0,9.660316319194824e-06,0.0
LSC-CP,"LSC-CP, tamed",67fe983bcba8cecb4eb040b92e2c557b,c87203a12406cc5114b7ffa2d8877465,True,3,1391,6.955,3455018221.422314,1079693.194194473,1391.0,1424384.0,0.09077208388825407,0.001659747830162872,0.0006777612288181301,0.05124999999999991,0.0669030927412485,0.0,1.797484328287574e-05,0.005224758708793659,True,0.12012712206063299,reject,pre_step,drift_diffusion_then_jump,full_law,8,0.0,0.0052968749999999995,166.7065557153763,22503,0.0,1.0110981308411215,0.0,9.660316319194824e-06,0.0
LSC-CP,"LSC-CP, tamed",67fe983bcba8cecb4eb040b92e2c557b,c87203a12406cc5114b7ffa2d8877465,True,0,1450,7.25,3601564644.904641,1125488.9515327003,1450.0,1484800.0,0.12224017157169073,0.00413905524316005,0.00318113798160069,0.07,0.06194078641062961,0.0,0.0012587837700600707,0.04657703707188582,True,0.12012712206063299,reject,pre_step,drift_diffusion_then_jump,full_law,8,0.0,0.005042372881355932,443.93523482502934,23455,0.0,1.0109913793103449,0.0,9.482758620689655e-06,0.0
LSC-CP,"LSC-CP, tamed",67fe983bcba8cecb4eb040b92e2c557b,c87203a12406cc5114b7ffa2d8877465,True,1,1450,7.25,3601564644.904641,1125488.9515327003,1450.0,1484800.0,0.06100704704046003,0.0004360504963103473,-0.0005367969658626182,0.02625000000000005,0.06390729336151668,0.0,0.0004276166226471114,0.025102278363092215,True,0.12012712206063299,reject,pre_step,drift_diffusion_then_jump,full_law,8,0.0,0.005042372881355932,443.93523482502934,23455,0.0,1.0109913793103449,0.0,9.482758620689655e-06,0.0
LSC-CP,"LSC-CP, tamed",67fe983bcba8cecb4eb040b92e2c557b,c87203a12406cc5114b7ffa2d8877465,True,2,1450,7.25,3601564644.904641,1125488.9515327003,1450.0,1484800.0,0.06774918466491828,0.0006059744453237315,-0.0003620475099075371,0.02999999999999997,0.06396568992440943,0.0,0.0007497350387927395,0.03135227836309219,True,0.12012712206063299,reject,pre_step,drift_diffusion_then_jump,full_law,8,0.0,0.005042372881355932,443.93523482502934,23455,0.0,1.0109913793103449,0.0,9.482758620689655e-06,0.0
LSC-CP,"LSC-CP, tamed",67fe983bcba8cecb4eb040b92e2c557b,c87203a12406cc5114b7ffa2d8877465,True,3,1450,7.25,3601564644.904641,1125488.9515327003,1450.0,1484800.0,0.06825657648938332,0.0008880729747139382,-9.882057010957013e-05,0.04625000000000001,0.06440463082976089,0.0,8.521992892947293e-05,0.012172962928114178,True,0.12012712206063299,reject,pre_step,drift_diffusion_then_jump,full_law,8,0.0,0.005042372881355932,443.93523482502934,23455,0.0,1.0109913793103449,0.0,9.482758620689655e-06,0.0
LSC-CP,"LSC-CP, tamed",67fe983bcba8cecb4eb040b92e2c557b,c87203a12406cc5114b7ffa2d8877465,True,0,1509,7.545,3748111068.3869677,1171284.7088709273,1509.0,1545216.0,0.11536292124038647,0.004075902843336143,0.0031188375467952056,0.06624999999999998,0.05900962331099324,0.0,0.0008010074493152615,0.033974758708793656,True,0.12012712206063299,reject,pre_step,drift_diffusion_then_jump,full_law,8,0.0,0.004973516949152543,141.51159032910869,24394,0.0,1.0103545394300861,0.0,9.111994698475812e-06,0.0
LSC-CP,"LSC-CP, tamed",67fe983bcba8cecb4eb040b92e2c557b,c87203a12406cc5114b7ffa2d8877465,True,1,1509,7.545,3748111068.3869677,1171284.7088709273,1509.0,1545216.0,0.08474364114076066,0.0013858153968876463,0.0004215064692951742,0.04749999999999999,0.06473137974295429,0.0,0.0011204854967410086,0.0428270370718858,True,0.12012712206063299,reject,pre_step,drift_diffusion_then_jump,full_law,8,0.0,0.004973516949152543,141.51159032910869,24394,0.0,1.0103545394300861,0.0,9.111994698475812e-06,0.0
LSC-CP,"LSC-CP, tamed",67fe983bcba8cecb4eb040b92e2c557b,c87203a12406cc5114b7ffa2d8877465,True,2,1509,7.545,3748111068.3869677,1171284.7088709273,1509.0,1545216.0,0.049389802326290436,0.00014459260704335897,-0.0008357847507345362,0.030000000000000027,0.06408236627336905,0.0,0.0006116851623955127,0.030102278363092205,True,0.12012712206063299,reject,pre_step,drift_diffusion_then_jump,full_law,8,0.0,0.004973516949152543,141.51159032910869,24394,0.0,1.0103545394300861,0.0,9.111994698475812e-06,0.0
LSC-CP,"LSC-CP, tamed",67fe983bcba8cecb4eb040b92e2c557b,c87203a12406cc5114b7ffa2d8877465,True,3,1509,7.545,3748111068.3869677,1171284.7088709273,1509.0,1545216.0,0.09197925852299108,0.0019060410800906258,0.0009309850313885537,0.053749999999999964,0.061747541942710704,0.0,2.9821850891031e-05,0.006577037071885811,True,0.12012712206063299,reject,pre_step,drift_diffusion_then_jump,full_law,8,0.0,0.004973516949152543,141.51159032910869,24394,0.0,1.0103545394300861,0.0,9.111994698475812e-06,0.0
LSC-CP,"LSC-CP, tamed",67fe983bcba8cecb4eb040b92e2c557b,c87203a12406cc5114b7ffa2d8877465,True,0,1569,7.845,3897141329.5554357,1217856.6654860736,1569.0,1606656.0,0.11756980932727665,0.003701390382095826,0.002729208429135488,0.06874999999999998,0.06967712289986239,0.0,0.0005230386018804456,0.02897475870879368,True,0.12012712206063299,reject,pre_step,drift_diffusion_then_jump,full_law,8,0.0,0.005000000000000002,164.9810921170309,25354,0.0,1.0099585723390694,0.0,8.962715105162524e-06,0.0
LSC-CP,"LSC-CP, tamed",67fe983bcba8cecb4eb040b92e2c557b,c87203a12406cc5114b7ffa2d8877465,True,1,1569,7.845,3897141329.5554357,1217856.6654860736,1569.0,1606656.0,0.09442769719284462,0.0019941710236840438,0.0010330342950755078,0.058750000000000024,0.06694043824754126,0.0,0.0007323365275119405,0.037827037071885825,True,0.12012712206063299,reject,pre_step,drift_diffusion_then_jump,full_law,8,0.0,0.005000000000000002,164.9810921170309,25354,0.0,1.0099585723390694,0.0,8.962715105162524e-06,0.0
LSC-CP,"LSC-CP, tamed",67fe983bcba8cecb4eb040b92e2c557b,c87203a12406cc5114b7ffa2d8877465,True,2,1569,7.845,3897141329.5554357,1217856.6654860736,1569.0,1606656.0,0.08392608954310052,0.0011174599663764662,0.00015112350312884715,0.04750000000000004,0.0691641206119753,0.0,0.001087801609492997,0.042827037071885815,True,0.12012712206063299,reject,pre_step,drift_diffusion_then_jump,full_law,8,0.0,0.005000000000000002,164.9810921170309,25354,0.0,1.0099585723390694,0.0,8.962715105162524e-06,0.0
LSC-CP,"LSC-CP, tamed",67fe983bcba8cecb4eb040b92e2c557b,c87203a12406cc5114b7ffa2d8877465,True,3,1569,7.845,3897141329.5554357,1217856.6654860736,1569.0,1606656.0,0.07945866532989532,0.0010864074405471102,0.0001183880190001041,0.04375000000000007,0.06437713957349123,0.0,0.00022121917940371317,0.019077037071885794,True,0.12012712206063299,reject,pre_step,drift_diffusion_then_jump,full_law,8,0.0,0.005000000000000002,164.9810921170309,25354,0.0,1.0099585723390694,0.0,8.962715105162524e-06,0.0
LSC-CP,"LSC-CP, tamed",67fe983bcba8cecb4eb040b92e2c557b,c87203a12406cc5114b7ffa2d8877465,True,0,1628,8.14,4043687753.0377626,1263652.4228243008,1628.0,1667072.0,0.11854180856017962,0.004340711122201135,0.0033794975745501388,0.07374999999999998,0.06342109731384071,0.0,0.0006849982792014693,0.031474758708793654,True,0.12012712206063299,reject,pre_step,drift_diffusion_then_jump,full_law,8,0.0,0.004883474576271187,154.10633809124226,26276,0.0,1.0087530712530712,0.0,8.82985257985258e-06,0.0
LSC-CP,"LSC-CP, tamed",67fe983bcba8cecb4eb040b92e2c557b,c87203a12406cc5114b7ffa2d8877465,True,1,1628,8.14,4043687753.0377626,1263652.4228243008,1628.0,1667072.0,0.07965629867783594,0.001052078195107553,7.805077751077416e-05,0.04749999999999999,0.06427348608341099,0.0,7.931329233641735e-05,0.011577037071885815,True,0.12012712206063299,reject,pre_step,drift_diffusion_then_jump,full_law,8,0.0,0.004883474576271187,154.10633809124226,26276,0.0,1.0087530712530712,0.0,8.82985257985258e-06,0.0
LSC-CP,"LSC-CP, tamed",67fe983bcba8cecb4eb040b92e2c557b,c87203a12406cc5114b7ffa2d8877465,True,2,1628,8.14,4043687753.0377626,1263652.4228243008,1628.0,1667072.0,0.08910907499456064,0.0017348694805865428,0.0007804171136958082,0.047500000000000014,0.06608079988862514,0.0,0.0023934452717338846,0.061577037071885804,True,0.12012712206063299,reject,pre_step,drift_diffusion_then_jump,full_law,8,0.0,0.004883474576271187,154.10633809124226,26276,0.0,1.0087530712530712,0.0,8.82985257985258e-06,0.0
LSC-CP,"LSC-CP, tamed",67fe983bcba8cecb4eb040b92e2c557b,c87203a12406cc5114b7ffa2d8877465,True,3,1628,8.14,4043687753.0377626,1263652.4228243008,1628.0,1667072.0,0.10209784066955468,0.0025658315263610287,0.0016082855393425577,0.058750000000000024,0.06124330605958517,0.0,0.001110711140467801,0.04657703707188583,True,0.12012712206063299,reject,pre_step,drift_diffusion_then_jump,full_law,8,0.0,0.004883474576271187,154.10633809124226,26276,0.0,1.0087530712530712,0.0,8.82985257985258e-06,0.0
LSC-CP,"LSC-CP, tamed",67fe983bcba8cecb4eb040b92e2c557b,c87203a12406cc5114b7ffa2d8877465,True,0,1688,8.44,4192718014.2062306,1310224.379439447,1688.0,1728512.0,0.1125908028248589,0.0029571382222792764,0.0019842141474968322,0.062499999999999944,0.06226271256708504,0.0,0.0003507761087611456,0.023974758708793675,True,0.12012712206063299,reject,pre_step,drift_diffusion_then_jump,full_law,8,0.0,0.005057291666666668,162.55141836812328,27247,0.0,1.00884922985782,0.0,8.701125592417061e-06,0.0
LSC-CP,"LSC-CP, tamed",67fe983bcba8cecb4eb040b92e2c557b,c87203a12406cc5114b7ffa2d8877465,True,1,1688,8.44,4192718014.2062306,1310224.379439447,1688.0,1728512.0,0.110965521885404,0.0034250216080299323,0.0024565161663769874,0.07374999999999998,0.06540163819950096,0.0,0.00036307359109552084,0.024077037071885826,True,0.12012712206063299,reject,pre_step,drift_diffusion_then_jump,full_law,8,0.0,0.005057291666666668,162.55141836812328,27247,0.0,1.00884922985782,0.0,8.701125592417061e-06,0.0
LSC-CP,"LSC-CP, tamed",67fe983bcba8cecb4eb040b92e2c557b,c87203a12406cc5114b7ffa2d8877465,True,2,1688,8.44,4192718014.2062306,1310224.379439447,1688.0,1728512.0,0.06904927801768221,0.000637835550888366,-0.00033001407314892095,0.037500000000000006,0.0599880188534061,0.0,0.0006897127197392373,0.030102278363092205,True,0.12012712206063299,reject,pre_step,drift_diffusion_then_jump,full_law,8,0.0,0.005057291666666668,162.55141836812328,27247,0.0,1.00884922985782,0.0,8.701125592417061e-06,0.0
LSC-CP,"LSC-CP, tamed",67fe983bcba8cecb4eb040b92e2c557b,c87203a12406cc5114b7ffa2d8877465,True,3,1688,8.44,4192718014.2062306,1310224.379439447,1688.0,1728512.0,0.06975765589418871,0.0006869057267733236,-0.0002827689145503687,0.037500000000000006,0.0627641519543447,0.0,0.00044430431898424046,0.024077037071885826,True,0.12012712206063299,reject,pre_step,drift_diffusion_then_jump,full_law,8,0.0,0.005057291666666668,162.55141836812328,27247,0.0,1.00884922985782,0.0,8.701125592417061e-06,0.0
LSC-CP,"LSC-CP, tamed",67fe983bcba8cecb4eb040b92e2c557b,c87203a12406cc5114b7ffa2d8877465,True,0,1747,8.735,4339264437.688558,1356020.1367776743,1747.0,1788928.0,0.10725505742856048,0.003317320195085016,0.00235728742150787,0.06999999999999995,0.05931990836783829,0.0,0.0005717778563660847,0.031577037071885805,True,0.12012712206063299,reject,pre_step,drift_diffusion_then_jump,full_law,8,0.0,0.004909957627118644,469.4858126960403,28174,0.0,1.0079421866056095,0.0,8.586147681740127e-06,0.0
LSC-CP,"LSC-CP, tamed",67fe983bcba8cecb4eb040b92e2c557b,c87203a12406cc5114b7ffa2d8877465,True,1,1747,8.735,4339264437.688558,1356020.1367776743,1747.0,1788928.0,0.10265181960115788,0.002794258910958858,0.001811967115411539,0.06875000000000003,0.06323349803842182,0.0,0.00014977365363115698,0.014897721636907807,True,0.12012712206063299,reject,pre_step,drift_diffusion_then_jump,full_law,8,0.0,0.004909957627118644,469.4858126960403,28174,0.0,1.0079421866056095,0.0,8.586147681740127e-06,0.0
LSC-CP,"LSC-CP, tamed",67fe983bcba8cecb4eb040b92e2c557b,c87203a12406cc5114b7ffa2d8877465,True,2,1747,8.735,4339264437.688558,1356020.1367776743,1747.0,1788928.0,0.05467538578724759,0.0002700280017675638,-0.0007052615386252681,0.02375000000000002,0.06302382714627608,0.0,0.0005039141870188772,0.027602278363092217,True,0.12012712206063299,reject,pre_step,drift_diffusion_then_jump,full_law,8,0.0,0.004909957627118644,469.4858126960403,28174,0.0,1.0079421866056095,0.0,8.586147681740127e-06,0.0
LSC-CP,"LSC-CP, tamed",67fe983bcba8cecb4eb040b92e2c557b,c87203a12406cc5114b7ffa2d8877465,True,3,1747,8.735,4339264437.688558,1356020.1367776743,1747.0,1788928.0,0.07228518204814659,0.0009140515015910733,-5.720348175963785e-05,0.04874999999999999,0.0570863713911578,0.0,0.0002717867918565556,0.020327037071885823,True,0.12012712206063299,reject,pre_step,drift_diffusion_then_jump,full_law,8,0.0,0.004909957627118644,469.4858126960403,28174,0.0,1.0079421866056095,0.0,8.586147681740127e-06,0.0
LSC-CP,"LSC-CP, tamed",67fe983bcba8cecb4eb040b92e2c557b,c87203a12406cc5114b7ffa2d8877465,True,0,1806,9.03,4485810861.170884,1401815.8941159013,1806.0,1849344.0,0.11109664625441948,0.003637288633340896,0.0026694016595024683,0.06625000000000003,0.061735769278206676,0.0,0.00027487228577320827,0.021474758708793673,True,0.12012712206063299,reject,pre_step,drift_diffusion_then_jump,full_law,8,0.0,0.0051165254237288136,180.10075238058647,29140,0.0,1.0084440753045405,0.0,8.478682170542635e-06,0.0
LSC-CP,"LSC-CP, tamed",67fe983bcba8cecb4eb040b92e2c557b,c87203a12406cc5114b7ffa2d8877465,True,1,1806,9.03,4485810861.170884,1401815.8941159013,1806.0,1849344.0,0.09441928385174884,0.0020108997689097796,0.00103468315827282,0.065,0.06378950774528824,0.0,7.412543415712559e-05,0.010327037071885842,True,0.12012712206063299,reject,pre_step,drift_diffusion_then_jump,full_law,8,0.0,0.0051165254237288136,180.10075238058647,29140,0.0,1.0084440753045405,0.0,8.478682170542635e-06,0.0
LSC-CP,"LSC-CP, tamed",67fe983bcba8cecb4eb040b92e2c557b,c87203a12406cc5114b7ffa2d8877465,True,2,1806,9.03,4485810861.170884,1401815.8941159013,1806.0,1849344.0,0.08026891269044364,0.0007818184985738386,-0.00019562409485640586,0.036250000000000004,0.06310679653104134,0.0,3.325030523082832e-05,0.00782703707188584,True,0.12012712206063299,reject,pre_step,drift_diffusion_then_jump,full_law,8,0.0,0.0051165254237288136,180.10075238058647,29140,0.0,1.0084440753045405,0.0,8.478682170542635e-06,0.0
LSC-CP,"LSC-CP, tamed",67fe983bcba8cecb4eb040b92e2c557b,c87203a12406cc5114b7ffa2d8877465,True,3,1806,9.03,4485810861.170884,1401815.8941159013,1806.0,1849344.0,0.05582488987606735,0.00046584405686511676,-0.0005121033168685729,0.04249999999999998,0.05865279751483177,0.0,6.65699159477077e-05,0.009775241291206355,True,0.12012712206063299,reject,pre_step,drift_diffusion_then_jump,full_law,8,0.0,0.0051165254237288136,180.10075238058647,29140,0.0,1.0084440753045405,0.0,8.478682170542635e-06,0.0
LSC-CP,"LSC-CP, tamed",67fe983bcba8cecb4eb040b92e2c557b,c87203a12406cc5114b7ffa2d8877465,True,0,1866,9.33,4634841122.339352,1448387.8507310473,1866.0,1910784.0,0.09593814146456711,0.0024995807201048104,0.0015322125543988374,0.06375000000000003,0.05940688901556568,0.0,0.00017664415203762131,0.01657703707188582,True,0.12012712206063299,reject,pre_step,drift_diffusion_then_jump,full_law,8,0.0,0.004973958333333334,234.26742079201986,30095,0.0,1.0080050911039657,0.0,8.540996784565917e-06,0.0
LSC-CP,"LSC-CP, tamed",67fe983bcba8cecb4eb040b92e2c557b,c87203a12406cc5114b7ffa2d8877465,True,1,1866,9.33,4634841122.339352,1448387.8507310473,1866.0,1910784.0,0.09410053065734023,0.0018970735135146466,0.0009306337327710246,0.04875000000000007,0.05788741200969172,0.0,0.0005094656720534829,0.03157703707188583,True,0.12012712206063299,reject,pre_step,drift_diffusion_then_jump,full_law,8,0.0,0.004973958333333334,234.26742079201986,30095,0.0,1.0080050911039657,0.0,8.540996784565917e-06,0.0
LSC-CP,"LSC-CP, tamed",67fe983bcba8cecb4eb040b92e2c557b,c87203a12406cc5114b7ffa2d8877465,True,2,1866,9.33,4634841122.339352,1448387.8507310473,1866.0,1910784.0,0.08659588060286748,0.0014034524926231917,0.00043302306022807713,0.048750000000000016,0.059410070581926266,0.0,0.00039837052359917476,0.027827037071885802,True,0.12012712206063299,reject,pre_step,drift_diffusion_then_jump,full_law,8,0.0,0.004973958333333334,234.26742079201986,30095,0.0,1.0080050911039657,0.0,8.540996784565917e-06,0.0
LSC-CP,"LSC-CP, tamed",67fe983bcba8cecb4eb040b92e2c557b,c87203a12406cc5114b7ffa2d8877465,True,3,1866,9.33,4634841122.339352,1448387.8507310473,1866.0,1910784.0,0.09868969009257383,0.0023788944122973277,0.0014089942301324099,0.06375000000000003,0.062147639994745374,0.0,0.00019240016459968166,0.01657703707188582,True,0.12012712206063299,reject,pre_step,drift_diffusion_then_jump,full_law,8,0.0,0.004973958333333334,234.26742079201986,30095,0.0,1.0080050911039657,0.0,8.540996784565917e-06,0.0
LSC-CP,"LSC-CP, tamed",67fe983bcba8cecb4eb040b92e2c557b,c87203a12406cc5114b7ffa2d8877465,True,0,1925,9.625,4781387545.821679,1494183.6080692748,1925.0,1971200.0,0.0776038007813057,0.0011298132877568534,0.0001582448106586254,0.043749999999999956,0.06377607231137739,0.0,0.0002717867918565556,0.020327037071885823,True,0.12012712206063299,reject,pre_step,drift_diffusion_then_jump,full_law,8,0.0,0.004835805084745761,179.44144354098617,31008,0.0,1.0067532467532467,0.0,8.92857142857143e-06,0.0
LSC-CP,"LSC-CP, tamed",67fe983bcba8cecb4eb040b92e2c557b,c87203a12406cc5114b7ffa2d8877465,True,1,1925,9.625,4781387545.821679,1494183.6080692748,1925.0,1971200.0,0.10351110714965427,0.0028794668843531435,0.001920537606943884,0.05875,0.06123908465465544,0.0,0.0006974675788786622,0.03657703707188584,True,0.12012712206063299,reject,pre_step,drift_diffusion_then_jump,full_law,8,0.0,0.004835805084745761,179.44144354098617,31008,0.0,1.0067532467532467,0.0,8.92857142857143e-06,0.0
LSC-CP,"LSC-CP, tamed",67fe983bcba8cecb4eb040b92e2c557b,c87203a12406cc5114b7ffa2d8877465,True,2,1925,9.625,4781387545.821679,1494183.6080692748,1925.0,1971200.0,0.07696268052205718,0.0009463254158121881,-2.4901291459489272e-05,0.04375000000000001,0.05959630080964984,0.0,0.00014714359627278004,0.015327037071885846,True,0.12012712206063299,reject,pre_step,drift_diffusion_then_jump,full_law,8,0.0,0.004835805084745761,179.44144354098617,31008,0.0,1.0067532467532467,0.0,8.92857142857143e-06,0.0
LSC-CP,"LSC-CP, tamed",67fe983bcba8cecb4eb040b92e2c557b,c87203a12406cc5114b7ffa2d8877465,True,3,1925,9.625,4781387545.821679,1494183.6080692748,1925.0,1971200.0,0.10340530074748674,0.002323442754375793,0.0013479757771869272,0.05499999999999999,0.06724674047248558,0.0,0.00016102201075250157,0.01647475870879367,True,0.12012712206063299,reject,pre_step,drift_diffusion_then_jump,full_law,8,0.0,0.004835805084745761,179.44144354098617,31008,0.0,1.0067532467532467,0.0,8.92857142857143e-06,0.0
LSC-CP,"LSC-CP, tamed",67fe983bcba8cecb4eb040b92e2c557b,c87203a12406cc5114b7ffa2d8877465,True,0,1984,9.92,4927933969.304006,1539979.3654075018,1984.0,2031616.0,0.06560619264648877,0.0006993996410163961,-0.00027265009508992133,0.030000000000000027,0.0649574367671224,0.0,0.00023828559286883343,0.018852278363092195,True,0.12012712206063299,reject,pre_step,drift_diffusion_then_jump,full_law,8,0.0,0.005063559322033899,325.0498950757628,31964,0.0,1.006930443548387,0.0,9.135584677419355e-06,0.0
LSC-CP,"LSC-CP, tamed",67fe983bcba8cecb4eb040b92e2c557b,c87203a12406cc5114b7ffa2d8877465,True,1,1984,9.92,4927933969.304006,1539979.3654075018,1984.0,2031616.0,0.11598412352569798,0.004008299227856726,0.0030426398710147184,0.065,0.06281710840571997,0.0,0.0005966295086782232,0.030224758708793653,True,0.12012712206063299,reject,pre_step,drift_diffusion_then_jump,full_law,8,0.0,0.005063559322033899,325.0498950757628,31964,0.0,1.006930443548387,0.0,9.135584677419355e-06,0.0
LSC-CP,"LSC-CP, tamed",67fe983bcba8cecb4eb040b92e2c557b,c87203a12406cc5114b7ffa2d8877465,True,2,1984,9.92,4927933969.304006,1539979.3654075018,1984.0,2031616.0,0.0753169140522332,0.0009839647098660587,1.528389685812037e-05,0.04625000000000001,0.059626004676292865,0.0,0.00055658624233473,0.029077037071885817,True,0.12012712206063299,reject,pre_step,drift_diffusion_then_jump,full_law,8,0.0,0.005063559322033899,325.0498950757628,31964,0.0,1.006930443548387,0.0,9.135584677419355e-06,0.0
LSC-CP,"LSC-CP, tamed",67fe983bcba8cecb4eb040b92e2c557b,c87203a12406cc5114b7ffa2d8877465,True,3,1984,9.92,4927933969.304006,1539979.3654075018,1984.0,2031616.0,0.0998075885242668,0.002684437721769073,0.0017053335948081783,0.06125000000000003,0.06161895550349217,0.0,0.0001140968073310752,0.012397721636907805,True,0.12012712206063299,reject,pre_step,drift_diffusion_then_jump,full_law,8,0.0,0.005063559322033899,325.0498950757628,31964,0.0,1.006930443548387,0.0,9.135584677419355e-06,0.0
LSC-CP,"LSC-CP, tamed",67fe983bcba8cecb4eb040b92e2c557b,c87203a12406cc5114b7ffa2d8877465,True,0,2044,10.22,5076964230.472473,1586551.3220226478,2044.0,2093056.0,0.05126225252600993,0.00044415870276837133,-0.0005224971997400685,0.03249999999999997,0.05762580496053227,0.0,0.0007609998400158816,0.033852278363092195,True,0.12012712206063299,reject,pre_step,drift_diffusion_then_jump,full_law,8,0.0,0.005015625000000001,187.60026159540593,32927,0.0,1.0068187377690803,0.0,9.020303326810175e-06,0.0
LSC-CP,"LSC-CP, tamed",67fe983bcba8cecb4eb040b92e2c557b,c87203a12406cc5114b7ffa2d8877465,True,1,2044,10.22,5076964230.472473,1586551.3220226478,2044.0,2093056.0,0.1326070220744813,0.005792071105566343,0.004839355472682105,0.07124999999999998,0.06277282237769288,0.0,0.0014894689351206067,0.04782703707188582,True,0.12012712206063299,reject,pre_step,drift_diffusion_then_jump,full_law,8,0.0,0.005015625000000001,187.60026159540593,32927,0.0,1.0068187377690803,0.0,9.020303326810175e-06,0.0
LSC-CP,"LSC-CP, tamed",67fe983bcba8cecb4eb040b92e2c557b,c87203a12406cc5114b7ffa2d8877465,True,2,2044,10.22,5076964230.472473,1586551.3220226478,2044.0,2093056.0,0.0814028823379404,0.0013796261477051486,0.000406309746280642,0.048750000000000016,0.06042539058247709,0.0,6.93416134390024e-05,0.011577037071885815,True,0.12012712206063299,reject,pre_step,drift_diffusion_then_jump,full_law,8,0.0,0.005015625000000001,187.60026159540593,32927,0.0,1.0068187377690803,0.0,9.020303326810175e-06,0.0
LSC-CP,"LSC-CP, tamed",67fe983bcba8cecb4eb040b92e2c557b,c87203a12406cc5114b7ffa2d8877465,True,3,2044,10.22,5076964230.472473,1586551.3220226478,2044.0,2093056.0,0.08269429605165737,0.0011039556826033525,0.00012770666356887173,0.04625000000000001,0.06104656179739776,0.0,5.530776314092989e-05,0.010327037071885814,True,0.12012712206063299,reject,pre_step,drift_diffusion_then_jump,full_law,8,0.0,0.005015625000000001,187.60026159540593,32927,0.0,1.0068187377690803,0.0,9.020303326810175e-06,0.0
LSC-CP,"LSC-CP, tamed",67fe983bcba8cecb4eb040b92e2c557b,c87203a12406cc5114b7ffa2d8877465,True,0,2103,10.515,5223510653.954801,1632347.0793608753,2103.0,2153472.0,0.04539729964416941,0.00029303358888710385,-0.0006787389013629408,0.02750000000000008,0.0668650073262903,0.0,0.0007119767146885358,0.03260227836309221,True,0.12012712206063299,reject,pre_step,drift_diffusion_then_jump,full_law,8,0.0,0.004915254237288136,274.55272359587553,33855,0.0,1.0061519258202567,0.0,8.767237280076082e-06,0.0
LSC-CP,"LSC-CP, tamed",67fe983bcba8cecb4eb040b92e2c557b,c87203a12406cc5114b7ffa2d8877465,True,1,2103,10.515,5223510653.954801,1632347.0793608753,2103.0,2153472.0,0.13216564864588937,0.005607639840002787,0.004647302505334738,0.07375000000000004,0.061924068817045375,0.0,0.0009828185597694026,0.04022475870879366,True,0.12012712206063299,reject,pre_step,drift_diffusion_then_jump,full_law,8,0.0,0.004915254237288136,274.55272359587553,33855,0.0,1.0061519258202567,0.0,8.767237280076082e-06,0.0
LSC-CP,"LSC-CP, tamed",67fe983bcba8cecb4eb040b92e2c557b,c87203a12406cc5114b7ffa2d8877465,True,2,2103,10.515,5223510653.954801,1632347.0793608753,2103.0,2153472.0,0.08070109877338194,0.0012338838691441367,0.00025839337165334264,0.05375000000000002,0.062924992418387,0.0,0.0001523435449883679,0.01657703707188582,True,0.12012712206063299,reject,pre_step,drift_diffusion_then_jump,full_law,8,0.0,0.004915254237288136,274.55272359587553,33855,0.0,1.0061519258202567,0.0,8.767237280076082e-06,0.0
LSC-CP,"LSC-CP, tamed",67fe983bcba8cecb4eb040b92e2c557b,c87203a12406cc5114b7ffa2d8877465,True,3,2103,10.515,5223510653.954801,1632347.0793608753,2103.0,2153472.0,0.0588291319088879,0.0004817280643505395,-0.0005020233060034629,0.044999999999999984,0.0646249148577911,0.0,0.0001050742779158528,0.012602278363092217,True,0.12012712206063299,reject,pre_step,drift_diffusion_then_jump,full_law,8,0.0,0.004915254237288136,274.55272359587553,33855,0.0,1.0061519258202567,0.0,8.767237280076082e-06,0.0
LSC-CP,"LSC-CP, tamed",67fe983bcba8cecb4eb040b92e2c557b,c87203a12406cc5114b7ffa2d8877465,True,0,2162,10.81,5370057077.437127,1678142.8366991023,2162.0,2213888.0,0.06628217883060442,0.000620814792203328,-0.0003487450356443045,0.03500000000000003,0.060895755106568195,0.0,0.001277995674529792,0.042602278363092216,True,0.12012712206063299,reject,pre_step,drift_diffusion_then_jump,full_law,8,0.0,0.004978813559322034,139.65416840855534,34795,0.0,1.005868408880666,0.0,8.817067530064755e-06,0.0
LSC-CP,"LSC-CP, tamed",67fe983bcba8cecb4eb040b92e2c557b,c87203a12406cc5114b7ffa2d8877465,True,1,2162,10.81,5370057077.437127,1678142.8366991023,2162.0,2213888.0,0.12768555064123405,0.0052218147278036975,0.004268526098674341,0.07500000000000007,0.06276277217078174,0.0,0.001179051036788838,0.042827037071885815,True,0.12012712206063299,reject,pre_step,drift_diffusion_then_jump,full_law,8,0.0,0.004978813559322034,139.65416840855534,34795,0.0,1.005868408880666,0.0,8.817067530064755e-06,0.0
LSC-CP,"LSC-CP, tamed",67fe983bcba8cecb4eb040b92e2c557b,c87203a12406cc5114b7ffa2d8877465,True,2,2162,10.81,5370057077.437127,1678142.8366991023,2162.0,2213888.0,0.0795286526769014,0.0010027038336170024,3.166329403148094e-05,0.04375000000000001,0.05902917320321843,0.0,0.0002741538880541199,0.021577037071885824,True,0.12012712206063299,reject,pre_step,drift_diffusion_then_jump,full_law,8,0.0,0.004978813559322034,139.65416840855534,34795,0.0,1.005868408880666,0.0,8.817067530064755e-06,0.0
LSC-CP,"LSC-CP, tamed",67fe983bcba8cecb4eb040b92e2c557b,c87203a12406cc5114b7ffa2d8877465,True,3,2162,10.81,5370057077.437127,1678142.8366991023,2162.0,2213888.0,0.05577726882503138,0.0002981457933931564,-0.000680129377547467,0.02124999999999999,0.057086354143126905,0.0,0.00017889716744165247,0.016352278363092193,True,0.12012712206063299,reject,pre_step,drift_diffusion_then_jump,full_law,8,0.0,0.004978813559322034,139.65416840855534,34795,0.0,1.005868408880666,0.0,8.817067530064755e-06,0.0
LSC-CP,"LSC-CP, tamed",67fe983bcba8cecb4eb040b92e2c557b,c87203a12406cc5114b7ffa2d8877465,True,0,2222,11.11,5519087338.605595,1724714.7933142483,2222.0,2275328.0,0.060286115381363234,0.0003358743806815001,-0.0006377506844661429,0.037500000000000006,0.05804800801523469,0.0,0.0006042780043161071,0.030102278363092205,True,0.12012712206063299,reject,pre_step,drift_diffusion_then_jump,full_law,8,0.0,0.004822916666666667,329.66987702167904,35721,0.0,1.004753600360036,0.0,9.14153915391539e-06,0.0
LSC-CP,"LSC-CP, tamed",67fe983bcba8cecb4eb040b92e2c557b,c87203a12406cc5114b7ffa2d8877465,True,1,2222,11.11,5519087338.605595,1724714.7933142483,2222.0,2275328.0,0.1198217787683098,0.004403976862909054,0.003453826552579531,0.065,0.06506384497862461,0.0,0.0016424761941525312,0.05657703707188583,True,0.12012712206063299,reject,pre_step,drift_diffusion_then_jump,full_law,8,0.0,0.004822916666666667,329.66987702167904,35721,0.0,1.004753600360036,0.0,9.14153915391539e-06,0.0
LSC-CP,"LSC-CP, tamed",67fe983bcba8cecb4eb040b92e2c557b,c87203a12406cc5114b7ffa2d8877465,True,2,2222,11.11,5519087338.605595,1724714.7933142483,2222.0,2275328.0,0.08069987808579547,0.0008182824672673394,-0.00015885552844807638,0.04375000000000001,0.06447851822894801,0.0,0.0003283657890816418,0.022827037071885825,True,0.12012712206063299,reject,pre_step,drift_diffusion_then_jump,full_law,8,0.0,0.004822916666666667,329.66987702167904,35721,0.0,1.004753600360036,0.0,9.14153915391539e-06,0.0
LSC-CP,"LSC-CP, tamed",67fe983bcba8cecb4eb040b92e2c557b,c87203a12406cc5114b7ffa2d8877465,True,3,2222,11.11,5519087338.605595,1724714.7933142483,2222.0,2275328.0,0.09098759321396253,0.0016666975114775218,0.0006968396242579278,0.05249999999999999,0.06379911028264496,0.0,0.00016546934561004374,0.01782703707188582,True,0.12012712206063299,reject,pre_step,drift_diffusion_then_jump,full_law,8,0.0,0.004822916666666667,329.66987702167904,35721,0.0,1.004753600360036,0.0,9.14153915391539e-06,0.0
LSC-CP,"LSC-CP, tamed",67fe983bcba8cecb4eb040b92e2c557b,c87203a12406cc5114b7ffa2d8877465,True,0,2281,11.405,5665633762.087921,1770510.5506524753,2281.0,2335744.0,0.04317716556730103,0.0001813611357155409,-0.00079624510587184,0.03874999999999995,0.05904310167235938,0.0,0.0003616507160384896,0.022602278363092185,True,0.12012712206063299,reject,pre_step,drift_diffusion_then_jump,full_law,8,0.0,0.005084745762711864,172.22777780175724,36681,0.0,1.005069048662867,0.0,9.042086804033319e-06,0.0
LSC-CP,"LSC-CP, tamed",67fe983bcba8cecb4eb040b92e2c557b,c87203a12406cc5114b7ffa2d8877465,True,1,2281,11.405,5665633762.087921,1770510.5506524753,2281.0,2335744.0,0.1073789486503344,0.0027198000264608835,0.0017496531261704806,0.05125000000000002,0.06157279421224893,0.0,0.00043532575024488734,0.02522475870879365,True,0.12012712206063299,reject,pre_step,drift_diffusion_then_jump,full_law,8,0.0,0.005084745762711864,172.22777780175724,36681,0.0,1.005069048662867,0.0,9.042086804033319e-06,0.0
LSC-CP,"LSC-CP, tamed",67fe983bcba8cecb4eb040b92e2c557b,c87203a12406cc5114b7ffa2d8877465,True,2,2281,11.405,5665633762.087921,1770510.5506524753,2281.0,2335744.0,0.07799102462965712,0.0008850512551396017,-8.87265682413263e-05,0.04500000000000001,0.059905429954761114,0.0,0.00011265080280231264,0.014077037071885817,True,0.12012712206063299,reject,pre_step,drift_diffusion_then_jump,full_law,8,0.0,0.005084745762711864,172.22777780175724,36681,0.0,1.005069048662867,0.0,9.042086804033319e-06,0.0
LSC-CP,"LSC-CP, tamed",67fe983bcba8cecb4eb040b92e2c557b,c87203a12406cc5114b7ffa2d8877465,True,3,2281,11.405,5665633762.087921,1770510.5506524753,2281.0,2335744.0,0.0884693016183121,0.0018731097140735065,0.0009089659581847931,0.05249999999999999,0.05686697540767505,0.0,0.000534750839715741,0.03157703707188582,True,0.12012712206063299,reject,pre_step,drift_diffusion_then_jump,full_law,8,0.0,0.005084745762711864,172.22777780175724,36681,0.0,1.005069048662867,0.0,9.042086804033319e-06,0.0
LSC-CP,"LSC-CP, tamed",67fe983bcba8cecb4eb040b92e2c557b,c87203a12406cc5114b7ffa2d8877465,True,0,2341,11.705,5814664023.25639,1817082.5072676218,2341.0,2397184.0,0.034618110137080285,0.00012037160215261355,-0.0008708017838043869,0.025000000000000022,0.0644215308970042,0.0,0.00038828535373528796,0.02602524129120634,True,0.12012712206063299,reject,pre_step,drift_diffusion_then_jump,full_law,8,0.0,0.004817708333333333,163.56819668361126,37606,0.0,1.0040046988466467,0.0,8.810337462622811e-06,0.0
LSC-CP,"LSC-CP, tamed",67fe983bcba8cecb4eb040b92e2c557b,c87203a12406cc5114b7ffa2d8877465,True,1,2341,11.705,5814664023.25639,1817082.5072676218,2341.0,2397184.0,0.08493668726508039,0.0011897946815028204,0.00021509772185446252,0.03250000000000003,0.06435194848859349,0.0,0.000162404327857954,0.01782703707188582,True,0.12012712206063299,reject,pre_step,drift_diffusion_then_jump,full_law,8,0.0,0.004817708333333333,163.56819668361126,37606,0.0,1.0040046988466467,0.0,8.810337462622811e-06,0.0
LSC-CP,"LSC-CP, tamed",67fe983bcba8cecb4eb040b92e2c557b,c87203a12406cc5114b7ffa2d8877465,True,2,2341,11.705,5814664023.25639,1817082.5072676218,2341.0,2397184.0,0.05198807702363056,0.0003812400389325843,-0.0006061686854752502,0.03249999999999997,0.0694931690315902,0.0,0.00016328584475096188,0.01592296292811418,True,0.12012712206063299,reject,pre_step,drift_diffusion_then_jump,full_law,8,0.0,0.004817708333333333,163.56819668361126,37606,0.0,1.0040046988466467,0.0,8.810337462622811e-06,0.0
LSC-CP,"LSC-CP, tamed",67fe983bcba8cecb4eb040b92e2c557b,c87203a12406cc5114b7ffa2d8877465,True,3,2341,11.705,5814664023.25639,1817082.5072676218,2341.0,2397184.0,0.08550265205237795,0.001343324141288127,0.00037994479559455563,0.04250000000000004,0.05928866711202396,0.0,0.0009129810194965313,0.03907703707188581,True,0.12012712206063299,reject,pre_step,drift_diffusion_then_jump,full_law,8,0.0,0.004817708333333333,163.56819668361126,37606,0.0,1.0040046988466467,0.0,8.810337462622811e-06,0.0
LSC-CP,"LSC-CP, tamed",67fe983bcba8cecb4eb040b92e2c557b,c87203a12406cc5114b7ffa2d8877465,True,0,2400,12.0,5961210446.738716,1862878.2646058488,2400.0,2457600.0,0.05478656238097761,0.0003689786229162939,-0.0006287629620894686,0.03125,0.0625142371028592,0.0,0.00040177737560734544,0.02467296292811419,True,0.12012712206063299,reject,pre_step,drift_diffusion_then_jump,full_law,8,0.0,0.005047669491525424,229.18596305266777,38559,0.0,1.004140625,0.0,8.723958333333333e-06,0.0
LSC-CP,"LSC-CP, tamed",67fe983bcba8cecb4eb040b92e2c557b,c87203a12406cc5114b7ffa2d8877465,True,1,2400,12.0,5961210446.738716,1862878.2646058488,2400.0,2457600.0,0.06340255238537001,0.0005087552921470007,-0.00046758285496018015,0.025000000000000022,0.05915788201068595,0.0,0.00021182243055899207,0.017602278363092194,True,0.12012712206063299,reject,pre_step,drift_diffusion_then_jump,full_law,8,0.0,0.005047669491525424,229.18596305266777,38559,0.0,1.004140625,0.0,8.723958333333333e-06,0.0
LSC-CP,"LSC-CP, tamed",67fe983bcba8cecb4eb040b92e2c557b,c87203a12406cc5114b7ffa2d8877465,True,2,2400,12.0,5961210446.738716,1862878.2646058488,2400.0,2457600.0,0.07336345819397407,0.0010110622136149106,3.782598126045311e-05,0.03750000000000003,0.05745159766933994,0.0,6.15497569761217e-05,0.010327037071885842,True,0.12012712206063299,reject,pre_step,drift_diffusion_then_jump,full_law,8,0.0,0.005047669491525424,229.18596305266777,38559,0.0,1.004140625,0.0,8.723958333333333e-06,0.0
LSC-CP,"LSC-CP, tamed",67fe983bcba8cecb4eb040b92e2c557b,c87203a12406cc5114b7ffa2d8877465,True,3,2400,12.0,5961210446.738716,1862878.2646058488,2400.0,2457600.0,0.06620368112539321,0.0006828848815059185,-0.0002825199551469426,0.04500000000000001,0.058389543696134805,0.0,0.001194698873953062,0.040102278363092214,True,0.12012712206063299,reject,pre_step,drift_diffusion_then_jump,full_law,8,0.0,0.005047669491525424,229.18596305266777,38559,0.0,1.004140625,0.0,8.723958333333333e-06,0.0
LSC-CP,"LSC-CP, tamed",67fe983bcba8cecb4eb040b92e2c557b,c87203a12406cc5114b7ffa2d8877465,True,0,2459,12.295,6107756870.221043,1908674.0219440758,2459.0,2518016.0,0.05347445039578819,0.0005227898029466216,-0.0004751786028664995,0.028750000000000053,0.06413128013973379,0.0,0.0010430148821543878,0.04217296292811418,True,0.12012712206063299,reject,pre_step,drift_diffusion_then_jump,full_law,8,0.0,0.005058262711864407,171.97492462803527,39514,0.0,1.004320862139081,0.0,8.641724278161855e-06,0.0
LSC-CP,"LSC-CP, tamed",67fe983bcba8cecb4eb040b92e2c557b,c87203a12406cc5114b7ffa2d8877465,True,1,2459,12.295,6107756870.221043,1908674.0219440758,2459.0,2518016.0,0.06221474576613057,0.0005024941459994547,-0.00047336017031840427,0.028750000000000053,0.058922631324411,0.0,5.107600370263363e-05,0.008852278363092186,True,0.12012712206063299,reject,pre_step,drift_diffusion_then_jump,full_law,8,0.0,0.005058262711864407,171.97492462803527,39514,0.0,1.004320862139081,0.0,8.641724278161855e-06,0.0
LSC-CP,"LSC-CP, tamed",67fe983bcba8cecb4eb040b92e2c557b,c87203a12406cc5114b7ffa2d8877465,True,2,2459,12.295,6107756870.221043,1908674.0219440758,2459.0,2518016.0,0.05306792068005935,0.0003752217740757846,-0.0006094554575974964,0.04749999999999999,0.0660578939103077,0.0,0.00010007972687818415,0.012275241291206357,True,0.12012712206063299,reject,pre_step,drift_diffusion_then_jump,full_law,8,0.0,0.005058262711864407,171.97492462803527,39514,0.0,1.004320862139081,0.0,8.641724278161855e-06,0.0
LSC-CP,"LSC-CP, tamed",67fe983bcba8cecb4eb040b92e2c557b,c87203a12406cc5114b7ffa2d8877465,True,3,2459,12.295,6107756870.221043,1908674.0219440758,2459.0,2518016.0,0.06435675095573663,0.00043250095311986314,-0.0005456549767233199,0.05125000000000002,0.06863411538809816,0.0,0.0003425444942079005,0.022602278363092212,True,0.12012712206063299,reject,pre_step,drift_diffusion_then_jump,full_law,8,0.0,0.005058262711864407,171.97492462803527,39514,0.0,1.004320862139081,0.0,8.641724278161855e-06,0.0
LSC-CP,"LSC-CP, tamed",67fe983bcba8cecb4eb040b92e2c557b,c87203a12406cc5114b7ffa2d8877465,True,0,2519,12.595,6256787131.389511,1955245.9785592223,2519.0,2579456.0,0.03808390568434251,0.00015741143205139085,-0.0008329513051554827,0.028750000000000053,0.06013153017059847,0.0,0.0002860531677973412,0.022275241291206366,True,0.12012712206063299,reject,pre_step,drift_diffusion_then_jump,full_law,8,0.0,0.005130208333333332,238.7632644898218,40499,0.0,1.0048382294561333,0.0,8.559944422389838e-06,0.0
LSC-CP,"LSC-CP, tamed",67fe983bcba8cecb4eb040b92e2c557b,c87203a12406cc5114b7ffa2d8877465,True,1,2519,12.595,6256787131.389511,1955245.9785592223,2519.0,2579456.0,0.09674338115412183,0.0025495543361219175,0.001565800213933377,0.07499999999999996,0.06860398252401922,0.0,3.540484559768145e-05,0.007724758708793661,True,0.12012712206063299,reject,pre_step,drift_diffusion_then_jump,full_law,8,0.0,0.005130208333333332,238.7632644898218,40499,0.0,1.0048382294561333,0.0,8.559944422389838e-06,0.0
LSC-CP,"LSC-CP, tamed",67fe983bcba8cecb4eb040b92e2c557b,c87203a12406cc5114b7ffa2d8877465,True,2,2519,12.595,6256787131.389511,1955245.9785592223,2519.0,2579456.0,0.04276463232243499,0.0002404871491414884,-0.0007470277150689597,0.043749999999999956,0.0643116167117398,0.0,0.00022567229083457051,0.019775241291206336,True,0.12012712206063299,reject,pre_step,drift_diffusion_then_jump,full_law,8,0.0,0.005130208333333332,238.7632644898218,40499,0.0,1.0048382294561333,0.0,8.559944422389838e-06,0.0
LSC-CP,"LSC-CP, tamed",67fe983bcba8cecb4eb040b92e2c557b,c87203a12406cc5114b7ffa2d8877465,True,3,2519,12.595,6256787131.389511,1955245.9785592223,2519.0,2579456.0,0.033746124730694764,0.00013618866457143497,-0.0008517446518762073,0.03125,0.06011286935843829,0.0,0.0003923094503414763,0.02602524129120634,True,0.12012712206063299,reject,pre_step,drift_diffusion_then_jump,full_law,8,0.0,0.005130208333333332,238.7632644898218,40499,0.0,1.0048382294561333,0.0,8.559944422389838e-06,0.0
LSC-CP,"LSC-CP, tamed",67fe983bcba8cecb4eb040b92e2c557b,c87203a12406cc5114b7ffa2d8877465,True,0,2578,12.89,6403333554.871838,2001041.7358974493,2578.0,2639872.0,0.04498032753728298,0.0005914174741312728,-0.00040499176021946415,0.03750000000000009,0.06237300974677751,0.0,0.0007810089556578685,0.03592296292811417,True,0.12012712206063299,reject,pre_step,drift_diffusion_then_jump,full_law,8,0.0,0.004713983050847458,165.98735016367095,41389,0.0,1.0034183475562453,0.0,8.727695888285492e-06,0.0
LSC-CP,"LSC-CP, tamed",67fe983bcba8cecb4eb040b92e2c557b,c87203a12406cc5114b7ffa2d8877465,True,1,2578,12.89,6403333554.871838,2001041.7358974493,2578.0,2639872.0,0.08824979794878779,0.0017415802408482506,0.0007723738504259448,0.06000000000000005,0.05525488288353109,0.0,0.00010303488196015172,0.014077037071885817,True,0.12012712206063299,reject,pre_step,drift_diffusion_then_jump,full_law,8,0.0,0.004713983050847458,165.98735016367095,41389,0.0,1.0034183475562453,0.0,8.727695888285492e-06,0.0
LSC-CP,"LSC-CP, tamed",67fe983bcba8cecb4eb040b92e2c557b,c87203a12406cc5114b7ffa2d8877465,True,2,2578,12.89,6403333554.871838,2001041.7358974493,2578.0,2639872.0,0.05868200893673054,0.00027264341976973583,-0.0007085043988128703,0.0325,0.060242604170786085,0.0,0.00026756225432650674,0.020102278363092183,True,0.12012712206063299,reject,pre_step,drift_diffusion_then_jump,full_law,8,0.0,0.004713983050847458,165.98735016367095,41389,0.0,1.0034183475562453,0.0,8.727695888285492e-06,0.0
LSC-CP,"LSC-CP, tamed",67fe983bcba8cecb4eb040b92e2c557b,c87203a12406cc5114b7ffa2d8877465,True,3,2578,12.89,6403333554.871838,2001041.7358974493,2578.0,2639872.0,0.04872616502825485,0.0004254986331040378,-0.0005634261978720856,0.043749999999999956,0.06096472844539913,0.0,0.00015842141933399435,0.016025241291206332,True,0.12012712206063299,reject,pre_step,drift_diffusion_then_jump,full_law,8,0.0,0.004713983050847458,165.98735016367095,41389,0.0,1.0034183475562453,0.0,8.727695888285492e-06,0.0
LSC-CP,"LSC-CP, tamed",67fe983bcba8cecb4eb040b92e2c557b,c87203a12406cc5114b7ffa2d8877465,True,0,2638,13.19,6552363816.040306,2047613.6925125956,2638.0,2701312.0,0.05618804100491594,0.0009365211648180161,-5.704448354260094e-05,0.057499999999999996,0.06196663870779551,0.0,0.0006708805259659154,0.0359229629281142,True,0.12012712206063299,reject,pre_step,drift_diffusion_then_jump,full_law,8,0.0,0.005203124999999999,150.35379080514508,42388,0.0,1.004264594389689,0.0,8.766110689916604e-06,0.0
LSC-CP,"LSC-CP, tamed",67fe983bcba8cecb4eb040b92e2c557b,c87203a12406cc5114b7ffa2d8877465,True,1,2638,13.19,6552363816.040306,2047613.6925125956,2638.0,2701312.0,0.07894689599711724,0.0009097914207742974,-6.896223661800871e-05,0.034999999999999976,0.07075960107237489,0.0,2.2317290307413088e-05,0.006577037071885811,True,0.12012712206063299,reject,pre_step,drift_diffusion_then_jump,full_law,8,0.0,0.005203124999999999,150.35379080514508,42388,0.0,1.004264594389689,0.0,8.766110689916604e-06,0.0
LSC-CP,"LSC-CP, tamed",67fe983bcba8cecb4eb040b92e2c557b,c87203a12406cc5114b7ffa2d8877465,True,2,2638,13.19,6552363816.040306,2047613.6925125956,2638.0,2701312.0,0.0445873435018728,0.00013744600664677975,-0.0008444150456013988,0.02250000000000002,0.0636363037499399,0.0,0.00019914682730531028,0.01727524129120636,True,0.12012712206063299,reject,pre_step,drift_diffusion_then_jump,full_law,8,0.0,0.005203124999999999,150.35379080514508,42388,0.0,1.004264594389689,0.0,8.766110689916604e-06,0.0
LSC-CP,"LSC-CP, tamed",67fe983bcba8cecb4eb040b92e2c557b,c87203a12406cc5114b7ffa2d8877465,True,3,2638,13.19,6552363816.040306,2047613.6925125956,2638.0,2701312.0,0.06147883634232667,0.0004545579671375588,-0.0005257822836181036,0.02750000000000008,0.06685428444918284,0.0,9.629106259194126e-05,0.012275241291206329,True,0.12012712206063299,reject,pre_step,drift_diffusion_then_jump,full_law,8,0.0,0.005203124999999999,150.35379080514508,42388,0.0,1.004264594389689,0.0,8.766110689916604e-06,0.0
LSC-CP,"LSC-CP, tamed",67fe983bcba8cecb4eb040b92e2c557b,c87203a12406cc5114b7ffa2d8877465,True,0,2697,13.485,6698910239.522633,2093409.4498508228,2697.0,2761728.0,0.06276604291153923,0.0008307570366371531,-0.0001733624190787264,0.040000000000000036,0.06832403553089106,0.0,0.0006898187276417386,0.032172962928114196,True,0.12012712206063299,reject,pre_step,drift_diffusion_then_jump,full_law,8,0.0,0.005063559322033898,303.73866619923757,43344,0.0,1.0044493882091212,0.0,8.921950315164998e-06,0.0
LSC-CP,"LSC-CP, tamed",67fe983bcba8cecb4eb040b92e2c557b,c87203a12406cc5114b7ffa2d8877465,True,1,2697,13.485,6698910239.522633,2093409.4498508228,2697.0,2761728.0,0.07659796409837055,0.0009035267413782799,-7.117625674857297e-05,0.03500000000000003,0.060858675841353294,0.0,0.0001102234386514433,0.012827037071885816,True,0.12012712206063299,reject,pre_step,drift_diffusion_then_jump,full_law,8,0.0,0.005063559322033898,303.73866619923757,43344,0.0,1.0044493882091212,0.0,8.921950315164998e-06,0.0
LSC-CP,"LSC-CP, tamed",67fe983bcba8cecb4eb040b92e2c557b,c87203a12406cc5114b7ffa2d8877465,True,2,2697,13.485,6698910239.522633,2093409.4498508228,2697.0,2761728.0,0.07634373618967534,0.0008906714355891854,-8.656944242291242e-05,0.04375000000000007,0.06178187613925923,0.0,6.127320378257126e-05,0.009077037071885813,True,0.12012712206063299,reject,pre_step,drift_diffusion_then_jump,full_law,8,0.0,0.005063559322033898,303.73866619923757,43344,0.0,1.0044493882091212,0.0,8.921950315164998e-06,0.0
LSC-CP,"LSC-CP, tamed",67fe983bcba8cecb4eb040b92e2c557b,c87203a12406cc5114b7ffa2d8877465,True,3,2697,13.485,6698910239.522633,2093409.4498508228,2697.0,2761728.0,0.07847432785939475,0.0013621050977439264,0.00038377137298206687,0.06,0.06257374183318065,0.0,1.188240645655955e-05,0.0040770370718858084,True,0.12012712206063299,reject,pre_step,drift_diffusion_then_jump,full_law,8,0.0,0.005063559322033898,303.73866619923757,43344,0.0,1.0044493882091212,0.0,8.921950315164998e-06,0.0
LSC-CP,"LSC-CP, tamed",67fe983bcba8cecb4eb040b92e2c557b,c87203a12406cc5114b7ffa2d8877465,True,0,2756,13.780000000000001,6845456663.004959,2139205.2071890496,2756.0,2822144.0,0.057052053518770296,0.0004856887340604077,-0.0005118510777953889,0.029999999999999916,0.06499541846653256,0.0,0.0009639667860285653,0.039775241291206354,True,0.12012712206063299,reject,pre_step,drift_diffusion_then_jump,full_law,8,0.0,0.0049576271186440694,175.33577316278416,44280,0.0,1.0041727140783745,0.0,8.84433962264151e-06,0.0
LSC-CP,"LSC-CP, tamed",67fe983bcba8cecb4eb040b92e2c557b,c87203a12406cc5114b7ffa2d8877465,True,1,2756,13.780000000000001,6845456663.004959,2139205.2071890496,2756.0,2822144.0,0.06461300634090561,0.0004733159184444613,-0.0005081172859827676,0.04125000000000001,0.06107241554495624,0.0,8.30802868738963e-05,0.011352278363092189,True,0.12012712206063299,reject,pre_step,drift_diffusion_then_jump,full_law,8,0.0,0.0049576271186440694,175.33577316278416,44280,0.0,1.0041727140783745,0.0,8.84433962264151e-06,0.0
LSC-CP,"LSC-CP, tamed",67fe983bcba8cecb4eb040b92e2c557b,c87203a12406cc5114b7ffa2d8877465,True,2,2756,13.780000000000001,6845456663.004959,2139205.2071890496,2756.0,2822144.0,0.06647303158908267,0.0005922055735095855,-0.0003883008745451111,0.03750000000000009,0.06381728169960488,0.0,1.7936333599578814e-05,0.005102278363092211,True,0.12012712206063299,reject,pre_step,drift_diffusion_then_jump,full_law,8,0.0,0.0049576271186440694,175.33577316278416,44280,0.0,1.0041727140783745,0.0,8.84433962264151e-06,0.0
LSC-CP,"LSC-CP, tamed",67fe983bcba8cecb4eb040b92e2c557b,c87203a12406cc5114b7ffa2d8877465,True,3,2756,13.780000000000001,6845456663.004959,2139205.2071890496,2756.0,2822144.0,0.09882851673243864,0.0023990884652917988,0.0014305034310526654,0.05624999999999997,0.056479954320542314,0.0,0.00019435726163285344,0.01772475870879367,True,0.12012712206063299,reject,pre_step,drift_diffusion_then_jump,full_law,8,0.0,0.0049576271186440694,175.33577316278416,44280,0.0,1.0041727140783745,0.0,8.84433962264151e-06,0.0
LSC-CP,"LSC-CP, tamed",67fe983bcba8cecb4eb040b92e2c557b,c87203a12406cc5114b7ffa2d8877465,True,0,2816,14.08,6994486924.173427,2185777.163804196,2816.0,2883584.0,0.06334515568351744,0.0006268500335511185,-0.0003715988796952896,0.03749999999999998,0.06291418323589493,0.0,0.0012839223061851014,0.04477524129120633,True,0.12012712206063299,reject,pre_step,drift_diffusion_then_jump,full_law,8,0.0,0.00484375,141.73029626562513,45210,0.0,1.00341796875,0.0,8.877840909090909e-06,0.0
LSC-CP,"LSC-CP, tamed",67fe983bcba8cecb4eb040b92e2c557b,c87203a12406cc5114b7ffa2d8877465,True,1,2816,14.08,6994486924.173427,2185777.163804196,2816.0,2883584.0,0.055954435229428515,0.00024399947154718493,-0.0007356124949692289,0.03249999999999997,0.06069020970866135,0.0,0.0003109716737253001,0.021352278363092198,True,0.12012712206063299,reject,pre_step,drift_diffusion_then_jump,full_law,8,0.0,0.00484375,141.73029626562513,45210,0.0,1.00341796875,0.0,8.877840909090909e-06,0.0
LSC-CP,"LSC-CP, tamed",67fe983bcba8cecb4eb040b92e2c557b,c87203a12406cc5114b7ffa2d8877465,True,2,2816,14.08,6994486924.173427,2185777.163804196,2816.0,2883584.0,0.0866209668803022,0.0016464747040598748,0.0006788194990891006,0.04999999999999999,0.05545671626266391,0.0,0.00010303488196015172,0.014077037071885817,True,0.12012712206063299,reject,pre_step,drift_diffusion_then_jump,full_law,8,0.0,0.00484375,141.73029626562513,45210,0.0,1.00341796875,0.0,8.877840909090909e-06,0.0
LSC-CP,"LSC-CP, tamed",67fe983bcba8cecb4eb040b92e2c557b,c87203a12406cc5114b7ffa2d8877465,True,3,2816,14.08,6994486924.173427,2185777.163804196,2816.0,2883584.0,0.11399741561843366,0.003503339219843804,0.002536366093967457,0.0675,0.06448790870527099,0.0,0.00038158279687794654,0.02522475870879365,True,0.12012712206063299,reject,pre_step,drift_diffusion_then_jump,full_law,8,0.0,0.00484375,141.73029626562513,45210,0.0,1.00341796875,0.0,8.877840909090909e-06,0.0
LSC-CP,"LSC-CP, tamed",67fe983bcba8cecb4eb040b92e2c557b,c87203a12406cc5114b7ffa2d8877465,True,0,2875,14.375,7141033347.655754,2231572.921142423,2875.0,2944000.0,0.04773332554250104,0.00036951983912303366,-0.0006178887226957475,0.04750000000000004,0.062114805462385125,0.0,0.00022608980231173447,0.019775241291206336,True,0.12012712206063299,reject,pre_step,drift_diffusion_then_jump,full_law,8,0.0,0.0048781779661016935,160.90260255158185,46131,0.0,1.0028478260869564,0.0,8.804347826086956e-06,0.0
LSC-CP,"LSC-CP, tamed",67fe983bcba8cecb4eb040b92e2c557b,c87203a12406cc5114b7ffa2d8877465,True,1,2875,14.375,7141033347.655754,2231572.921142423,2875.0,2944000.0,0.03935056834063852,8.406711599739936e-05,-0.000903941895745386,0.022499999999999992,0.06062763246259428,0.0,0.00031757305538071654,0.022275241291206338,True,0.12012712206063299,reject,pre_step,drift_diffusion_then_jump,full_law,8,0.0,0.0048781779661016935,160.90260255158185,46131,0.0,1.0028478260869564,0.0,8.804347826086956e-06,0.0
LSC-CP,"LSC-CP, tamed",67fe983bcba8cecb4eb040b92e2c557b,c87203a12406cc5114b7ffa2d8877465,True,2,2875,14.375,7141033347.655754,2231572.921142423,2875.0,2944000.0,0.09185500190526985,0.0015567739428893335,0.0005741441384252699,0.05625000000000002,0.06631127410333637,0.0,2.88599243231741e-05,0.006474758708793632,True,0.12012712206063299,reject,pre_step,drift_diffusion_then_jump,full_law,8,0.0,0.0048781779661016935,160.90260255158185,46131,0.0,1.0028478260869564,0.0,8.804347826086956e-06,0.0
LSC-CP,"LSC-CP, tamed",67fe983bcba8cecb4eb040b92e2c557b,c87203a12406cc5114b7ffa2d8877465,True,3,2875,14.375,7141033347.655754,2231572.921142423,2875.0,2944000.0,0.09237488619161416,0.001754978211854219,0.0007781607129900836,0.05499999999999994,0.059063428605198975,0.0,0.00013079124303637553,0.013647721636907834,True,0.12012712206063299,reject,pre_step,drift_diffusion_then_jump,full_law,8,0.0,0.0048781779661016935,160.90260255158185,46131,0.0,1.0028478260869564,0.0,8.804347826086956e-06,0.0
LSC-CP,"LSC-CP, tamed",67fe983bcba8cecb4eb040b92e2c557b,c87203a12406cc5114b7ffa2d8877465,True,0,2934,14.67,7287579771.138081,2277368.6784806503,2934.0,3004416.0,0.06183314398140553,0.0006742913525771277,-0.00031357136963550136,0.04375000000000007,0.06275281739224658,0.0,7.44161281150289e-05,0.010922962928114177,True,0.12012712206063299,reject,pre_step,drift_diffusion_then_jump,full_law,8,0.0,0.005015889830508476,160.71063788259502,47078,0.0,1.0028544648943423,0.0,8.627300613496932e-06,0.0
LSC-CP,"LSC-CP, tamed",67fe983bcba8cecb4eb040b92e2c557b,c87203a12406cc5114b7ffa2d8877465,True,1,2934,14.67,7287579771.138081,2277368.6784806503,2934.0,3004416.0,0.060466870434720675,0.00012457604480209383,-0.0008617210838730571,0.022500000000000075,0.06765157656519794,0.0,0.0002505800201537241,0.017602278363092166,True,0.12012712206063299,reject,pre_step,drift_diffusion_then_jump,full_law,8,0.0,0.005015889830508476,160.71063788259502,47078,0.0,1.0028544648943423,0.0,8.627300613496932e-06,0.0
LSC-CP,"LSC-CP, tamed",67fe983bcba8cecb4eb040b92e2c557b,c87203a12406cc5114b7ffa2d8877465,True,2,2934,14.67,7287579771.138081,2277368.6784806503,2934.0,3004416.0,0.08649235972048863,0.00163854247381634,0.0006558599972456003,0.05249999999999999,0.06086177114776681,0.0,0.00010663478758173505,0.012397721636907777,True,0.12012712206063299,reject,pre_step,drift_diffusion_then_jump,full_law,8,0.0,0.005015889830508476,160.71063788259502,47078,0.0,1.0028544648943423,0.0,8.627300613496932e-06,0.0
LSC-CP,"LSC-CP, tamed",67fe983bcba8cecb4eb040b92e2c557b,c87203a12406cc5114b7ffa2d8877465,True,3,2934,14.67,7287579771.138081,2277368.6784806503,2934.0,3004416.0,0.1039333021770677,0.002661451806341808,0.0016855827022578262,0.050000000000000044,0.06269974306363868,0.0,0.00016102201075250157,0.01647475870879367,True,0.12012712206063299,reject,pre_step,drift_diffusion_then_jump,full_law,8,0.0,0.005015889830508476,160.71063788259502,47078,0.0,1.0028544648943423,0.0,8.627300613496932e-06,0.0
LSC-CP,"LSC-CP, tamed",67fe983bcba8cecb4eb040b92e2c557b,c87203a12406cc5114b7ffa2d8877465,True,0,2994,14.97,7436610032.306548,2323940.635095796,2994.0,3065856.0,0.07693855625645474,0.0008112169124608881,-0.00017141266702203062,0.03875000000000006,0.0576274844786796,0.0,3.488961003948461e-06,0.002275241291206348,True,0.12012712206063299,reject,pre_step,drift_diffusion_then_jump,full_law,8,0.0,0.005026041666666667,166.89636839958584,48043,0.0,1.0029016366065464,0.0,8.454408817635271e-06,0.0
LSC-CP,"LSC-CP, tamed",67fe983bcba8cecb4eb040b92e2c557b,c87203a12406cc5114b7ffa2d8877465,True,1,2994,14.97,7436610032.306548,2323940.635095796,2994.0,3065856.0,0.04811405282514428,0.0002819003423822908,-0.0007091735846895819,0.03375000000000006,0.06450132767504602,0.0,0.0003138985393740957,0.022275241291206366,True,0.12012712206063299,reject,pre_step,drift_diffusion_then_jump,full_law,8,0.0,0.005026041666666667,166.89636839958584,48043,0.0,1.0029016366065464,0.0,8.454408817635271e-06,0.0
LSC-CP,"LSC-CP, tamed",67fe983bcba8cecb4eb040b92e2c557b,c87203a12406cc5114b7ffa2d8877465,True,2,2994,14.97,7436610032.306548,2323940.635095796,2994.0,3065856.0,0.07435530884942303,0.0006189931024415118,-0.00036503960141665015,0.037500000000000006,0.057843969631962255,0.0,2.6330292821957193e-05,0.006352278363092212,True,0.12012712206063299,reject,pre_step,drift_diffusion_then_jump,full_law,8,0.0,0.005026041666666667,166.89636839958584,48043,0.0,1.0029016366065464,0.0,8.454408817635271e-06,0.0
LSC-CP,"LSC-CP, tamed",67fe983bcba8cecb4eb040b92e2c557b,c87203a12406cc5114b7ffa2d8877465,True,3,2994,14.97,7436610032.306548,2323940.635095796,2994.0,3065856.0,0.10451788570567662,0.0021669485328923432,0.001191502879525741,0.050000000000000044,0.06022246002614229,0.0,0.0001626757129446479,0.01647475870879364,True,0.12012712206063299,reject,pre_step,drift_diffusion_then_jump,full_law,8,0.0,0.005026041666666667,166.89636839958584,48043,0.0,1.0029016366065464,0.0,8.454408817635271e-06,0.0
LSC-CP,"LSC-CP, tamed",67fe983bcba8cecb4eb040b92e2c557b,c87203a12406cc5114b7ffa2d8877465,True,0,3053,15.265,7583156455.788876,2369736.392434024,3053.0,3126272.0,0.08005108088164314,0.0014549915447609196,0.0004712831301325604,0.05500000000000005,0.06670800692638224,0.0,0.00012465653622336335,0.01342296292811418,True,0.12012712206063299,reject,pre_step,drift_diffusion_then_jump,full_law,8,0.0,0.004814618644067797,137.81366122759417,48952,0.0,1.0021290533901082,0.0,8.393383557156895e-06,0.0
LSC-CP,"LSC-CP, tamed",67fe983bcba8cecb4eb040b92e2c557b,c87203a12406cc5114b7ffa2d8877465,True,1,3053,15.265,7583156455.788876,2369736.392434024,3053.0,3126272.0,0.05255438726802139,0.000552283819041155,-0.00043369574670248934,0.042499999999999996,0.05982352466021634,0.0,0.00015100332798246132,0.014775241291206359,True,0.12012712206063299,reject,pre_step,drift_diffusion_then_jump,full_law,8,0.0,0.004814618644067797,137.81366122759417,48952,0.0,1.0021290533901082,0.0,8.393383557156895e-06,0.0
LSC-CP,"LSC-CP, tamed",67fe983bcba8cecb4eb040b92e2c557b,c87203a12406cc5114b7ffa2d8877465,True,2,3053,15.265,7583156455.788876,2369736.392434024,3053.0,3126272.0,0.061540716365055176,0.00042687895407123033,-0.000554044165373635,0.027500000000000024,0.05942868524717315,0.0,5.8862964343422085e-05,0.008852278363092186,True,0.12012712206063299,reject,pre_step,drift_diffusion_then_jump,full_law,8,0.0,0.004814618644067797,137.81366122759417,48952,0.0,1.0021290533901082,0.0,8.393383557156895e-06,0.0
LSC-CP,"LSC-CP, tamed",67fe983bcba8cecb4eb040b92e2c557b,c87203a12406cc5114b7ffa2d8877465,True,3,3053,15.265,7583156455.788876,2369736.392434024,3053.0,3126272.0,0.08887815745434484,0.0017201091339328345,0.0007528903156150957,0.043749999999999956,0.06068408102607148,0.0,0.0002691264670985679,0.022827037071885853,True,0.12012712206063299,reject,pre_step,drift_diffusion_then_jump,full_law,8,0.0,0.004814618644067797,137.81366122759417,48952,0.0,1.0021290533901082,0.0,8.393383557156895e-06,0.0
LSC-CP,"LSC-CP, tamed",67fe983bcba8cecb4eb040b92e2c557b,c87203a12406cc5114b7ffa2d8877465,True,0,3112,15.56,7729702879.271202,2415532.1497722506,3112.0,3186688.0,0.0913152446637697,0.0020967224042472976,0.0011145400001064676,0.053750000000000075,0.056142097962608495,0.0,0.00019208477448703215,0.01739772163690781,True,0.12012712206063299,reject,pre_step,drift_diffusion_then_jump,full_law,8,0.0,0.004894067796610169,218.9242201956391,49876,0.0,1.0016870179948587,0.0,8.334672236503856e-06,0.0
LSC-CP,"LSC-CP, tamed",67fe983bcba8cecb4eb040b92e2c557b,c87203a12406cc5114b7ffa2d8877465,True,1,3112,15.56,7729702879.271202,2415532.1497722506,3112.0,3186688.0,0.06898117367726062,0.000992867974323297,1.2582413019268657e-05,0.04375000000000001,0.05980169370753552,0.0,1.1960444849961813e-05,0.0038522783630922097,True,0.12012712206063299,reject,pre_step,drift_diffusion_then_jump,full_law,8,0.0,0.004894067796610169,218.9242201956391,49876,0.0,1.0016870179948587,0.0,8.334672236503856e-06,0.0
LSC-CP,"LSC-CP, tamed",67fe983bcba8cecb4eb040b92e2c557b,c87203a12406cc5114b7ffa2d8877465,True,2,3112,15.56,7729702879.271202,2415532.1497722506,3112.0,3186688.0,0.04951783593657838,0.00020572310155519968,-0.0007765659590024399,0.03749999999999998,0.06397842752053018,0.0,0.0001518626637426508,0.01385227836309219,True,0.12012712206063299,reject,pre_step,drift_diffusion_then_jump,full_law,8,0.0,0.004894067796610169,218.9242201956391,49876,0.0,1.0016870179948587,0.0,8.334672236503856e-06,0.0
LSC-CP,"LSC-CP, tamed",67fe983bcba8cecb4eb040b92e2c557b,c87203a12406cc5114b7ffa2d8877465,True,3,3112,15.56,7729702879.271202,2415532.1497722506,3112.0,3186688.0,0.07601170945367333,0.0010788963179145794,0.00011638507305977708,0.03875000000000001,0.06369091409461314,0.0,0.0009094758500365462,0.0378270370718858,True,0.12012712206063299,reject,pre_step,drift_diffusion_then_jump,full_law,8,0.0,0.004894067796610169,218.9242201956391,49876,0.0,1.0016870179948587,0.0,8.334672236503856e-06,0.0
LSC-CP,"LSC-CP, tamed",67fe983bcba8cecb4eb040b92e2c557b,c87203a12406cc5114b7ffa2d8877465,True,0,3172,15.860000000000001,7878733140.43967,2462104.106387397,3172.0,3248128.0,0.11874393780517829,0.003966334408468719,0.0029819411725047207,0.07374999999999998,0.0626109014296008,0.0,0.000664571600904012,0.032397721636907795,True,0.12012712206063299,reject,pre_step,drift_diffusion_then_jump,full_law,8,0.0,0.004963541666666669,158.60393650103836,50829,0.0,1.0015171815889028,0.0,8.275535939470366e-06,0.0
LSC-CP,"LSC-CP, tamed",67fe983bcba8cecb4eb040b92e2c557b,c87203a12406cc5114b7ffa2d8877465,True,1,3172,15.860000000000001,7878733140.43967,2462104.106387397,3172.0,3248128.0,0.07059690586918471,0.0005683219539065476,-0.0004191078286552852,0.0325,0.06372241999571393,0.0,2.8840880411707217e-05,0.006352278363092184,True,0.12012712206063299,reject,pre_step,drift_diffusion_then_jump,full_law,8,0.0,0.004963541666666669,158.60393650103836,50829,0.0,1.0015171815889028,0.0,8.275535939470366e-06,0.0
LSC-CP,"LSC-CP, tamed",67fe983bcba8cecb4eb040b92e2c557b,c87203a12406cc5114b7ffa2d8877465,True,2,3172,15.860000000000001,7878733140.43967,2462104.106387397,3172.0,3248128.0,0.04366530625294235,0.00039319377642088593,-0.0005882473060376814,0.03500000000000003,0.05718167116247297,0.0,0.00015248364976359592,0.016025241291206332,True,0.12012712206063299,reject,pre_step,drift_diffusion_then_jump,full_law,8,0.0,0.004963541666666669,158.60393650103836,50829,0.0,1.0015171815889028,0.0,8.275535939470366e-06,0.0
LSC-CP,"LSC-CP, tamed",67fe983bcba8cecb4eb040b92e2c557b,c87203a12406cc5114b7ffa2d8877465,True,3,3172,15.860000000000001,7878733140.43967,2462104.106387397,3172.0,3248128.0,0.07424010584259828,0.0006678578619248032,-0.0003102551546881882,0.036250000000000004,0.0645772968010313,0.0,0.0001674278032549538,0.015102278363092192,True,0.12012712206063299,reject,pre_step,drift_diffusion_then_jump,full_law,8,0.0,0.004963541666666669,158.60393650103836,50829,0.0,1.0015171815889028,0.0,8.275535939470366e-06,0.0
LSC-CP,"LSC-CP, tamed",67fe983bcba8cecb4eb040b92e2c557b,c87203a12406cc5114b7ffa2d8877465,True,0,3231,16.155,8025279563.921997,2507899.863725624,3231.0,3308544.0,0.12267867998480272,0.005223889475932997,0.004236699658289322,0.09125000000000005,0.0614239132699268,0.0,0.0012915038234160205,0.04614772163690781,True,0.12012712206063299,reject,pre_step,drift_diffusion_then_jump,full_law,8,0.0,0.00498940677966102,514.8308397468082,51771,0.0,1.0014507892293407,0.0,8.221138966264314e-06,0.0
LSC-CP,"LSC-CP, tamed",67fe983bcba8cecb4eb040b92e2c557b,c87203a12406cc5114b7ffa2d8877465,True,1,3231,16.155,8025279563.921997,2507899.863725624,3231.0,3308544.0,0.05524258747745983,0.00020915973692281487,-0.0007712510891009217,0.025000000000000022,0.06503491644051429,0.0,0.00017102841298247985,0.015102278363092192,True,0.12012712206063299,reject,pre_step,drift_diffusion_then_jump,full_law,8,0.0,0.00498940677966102,514.8308397468082,51771,0.0,1.0014507892293407,0.0,8.221138966264314e-06,0.0
LSC-CP,"LSC-CP, tamed",67fe983bcba8cecb4eb040b92e2c557b,c87203a12406cc5114b7ffa2d8877465,True,2,3231,16.155,8025279563.921997,2507899.863725624,3231.0,3308544.0,0.07680401740217206,0.001234162856984522,0.0002513837677090569,0.050000000000000044,0.06356663844994415,0.0,5.5287757122401884e-05,0.009672962928114176,True,0.12012712206063299,reject,pre_step,drift_diffusion_then_jump,full_law,8,0.0,0.00498940677966102,514.8308397468082,51771,0.0,1.0014507892293407,0.0,8.221138966264314e-06,0.0
LSC-CP,"LSC-CP, tamed",67fe983bcba8cecb4eb040b92e2c557b,c87203a12406cc5114b7ffa2d8877465,True,3,3231,16.155,8025279563.921997,2507899.863725624,3231.0,3308544.0,0.08430203886315678,0.0013566066741155236,0.00036870425752177916,0.04125000000000001,0.061099116529572894,0.0,0.00012465653622336335,0.01342296292811418,True,0.12012712206063299,reject,pre_step,drift_diffusion_then_jump,full_law,8,0.0,0.00498940677966102,514.8308397468082,51771,0.0,1.0014507892293407,0.0,8.221138966264314e-06,0.0
LSC-CP,"LSC-CP, tamed",67fe983bcba8cecb4eb040b92e2c557b,c87203a12406cc5114b7ffa2d8877465,True,0,3291,16.455000000000002,8174309825.090465,2554471.8203407703,3291.0,3369984.0,0.12437205261141249,0.005100965113146283,0.004113787652349488,0.08625000000000005,0.05992337833040584,0.0,0.0011559760064911734,0.043647721636907805,True,0.12012712206063299,reject,pre_step,drift_diffusion_then_jump,full_law,8,0.0,0.005119791666666669,201.05381786362744,52754,0.0,1.0018611364326953,0.0,8.356122759039805e-06,0.0
LSC-CP,"LSC-CP, tamed",67fe983bcba8cecb4eb040b92e2c557b,c87203a12406cc5114b7ffa2d8877465,True,1,3291,16.455000000000002,8174309825.090465,2554471.8203407703,3291.0,3369984.0,0.056231196938210035,0.0003066230630585087,-0.0006728397657030927,0.030000000000000027,0.06236452805008175,0.0,0.0003002176551693838,0.021352278363092198,True,0.12012712206063299,reject,pre_step,drift_diffusion_then_jump,full_law,8,0.0,0.005119791666666669,201.05381786362744,52754,0.0,1.0018611364326953,0.0,8.356122759039805e-06,0.0
LSC-CP,"LSC-CP, tamed",67fe983bcba8cecb4eb040b92e2c557b,c87203a12406cc5114b7ffa2d8877465,True,2,3291,16.455000000000002,8174309825.090465,2554471.8203407703,3291.0,3369984.0,0.07916739878272933,0.0010940858688722743,0.0001108058921239774,0.04625000000000001,0.06053244616010034,0.0,3.488961003948461e-06,0.002275241291206348,True,0.12012712206063299,reject,pre_step,drift_diffusion_then_jump,full_law,8,0.0,0.005119791666666669,201.05381786362744,52754,0.0,1.0018611364326953,0.0,8.356122759039805e-06,0.0
LSC-CP,"LSC-CP, tamed",67fe983bcba8cecb4eb040b92e2c557b,c87203a12406cc5114b7ffa2d8877465,True,3,3291,16.455000000000002,8174309825.090465,2554471.8203407703,3291.0,3369984.0,0.0723168240443254,0.0007664857073936826,-0.00021017855525351514,0.036250000000000004,0.06587897338251714,0.0,1.3069411806823444e-06,0.0013522783630922075,True,0.12012712206063299,reject,pre_step,drift_diffusion_then_jump,full_law,8,0.0,0.005119791666666669,201.05381786362744,52754,0.0,1.0018611364326953,0.0,8.356122759039805e-06,0.0
LSC-CP,"LSC-CP, tamed",67fe983bcba8cecb4eb040b92e2c557b,c87203a12406cc5114b7ffa2d8877465,True,0,3350,16.75,8320856248.572791,2600267.577678997,3350.0,3430400.0,0.14502578520884377,0.007791200020363376,0.006804666925567582,0.09125000000000005,0.06298156132310329,0.0,0.002063441074600352,0.05864772163690779,True,0.12012712206063299,reject,pre_step,drift_diffusion_then_jump,full_law,8,0.0,0.005047669491525426,251.46335693566203,53707,0.0,1.0019962686567163,0.0,8.395522388059701e-06,0.0
LSC-CP,"LSC-CP, tamed",67fe983bcba8cecb4eb040b92e2c557b,c87203a12406cc5114b7ffa2d8877465,True,1,3350,16.75,8320856248.572791,2600267.577678997,3350.0,3430400.0,0.0548415570407432,0.00018956507033940362,-0.000789995441109359,0.025000000000000022,0.06672871493615729,0.0,0.0005039141870188772,0.027602278363092217,True,0.12012712206063299,reject,pre_step,drift_diffusion_then_jump,full_law,8,0.0,0.005047669491525426,251.46335693566203,53707,0.0,1.0019962686567163,0.0,8.395522388059701e-06,0.0
LSC-CP,"LSC-CP, tamed",67fe983bcba8cecb4eb040b92e2c557b,c87203a12406cc5114b7ffa2d8877465,True,2,3350,16.75,8320856248.572791,2600267.577678997,3350.0,3430400.0,0.08527360754384253,0.0016013834064948496,0.0006170889786478728,0.06500000000000006,0.06310760877197663,0.0,0.0001515867043984315,0.01592296292811418,True,0.12012712206063299,reject,pre_step,drift_diffusion_then_jump,full_law,8,0.0,0.005047669491525426,251.46335693566203,53707,0.0,1.0019962686567163,0.0,8.395522388059701e-06,0.0
LSC-CP,"LSC-CP, tamed",67fe983bcba8cecb4eb040b92e2c557b,c87203a12406cc5114b7ffa2d8877465,True,3,3350,16.75,8320856248.572791,2600267.577678997,3350.0,3430400.0,0.052904453726067696,0.00028830984957950445,-0.0006842479047849404,0.023749999999999993,0.06070256221704162,0.0,0.0008289080577450342,0.03510227836309218,True,0.12012712206063299,reject,pre_step,drift_diffusion_then_jump,full_law,8,0.0,0.005047669491525426,251.46335693566203,53707,0.0,1.0019962686567163,0.0,8.395522388059701e-06,0.0
LSC-CP,"LSC-CP, tamed",67fe983bcba8cecb4eb040b92e2c557b,c87203a12406cc5114b7ffa2d8877465,True,0,3409,17.045,8467402672.055119,2646063.335017225,3409.0,3490816.0,0.1142616452699462,0.003545062729314208,0.0025711327048593136,0.057499999999999996,0.06271392357391536,0.0,0.000395956776780241,0.022724758708793646,True,0.12012712206063299,reject,pre_step,drift_diffusion_then_jump,full_law,8,0.0,0.00486228813559322,145.39334210814224,54625,0.0,1.001485039601056,0.0,8.341889117043122e-06,0.0
LSC-CP,"LSC-CP, tamed",67fe983bcba8cecb4eb040b92e2c557b,c87203a12406cc5114b7ffa2d8877465,True,1,3409,17.045,8467402672.055119,2646063.335017225,3409.0,3490816.0,0.0768250627887963,0.0009367790807166543,-3.320870917233876e-05,0.03875000000000006,0.06261283158514563,0.0,0.00041567041454664434,0.026577037071885815,True,0.12012712206063299,reject,pre_step,drift_diffusion_then_jump,full_law,8,0.0,0.00486228813559322,145.39334210814224,54625,0.0,1.001485039601056,0.0,8.341889117043122e-06,0.0
LSC-CP,"LSC-CP, tamed",67fe983bcba8cecb4eb040b92e2c557b,c87203a12406cc5114b7ffa2d8877465,True,2,3409,17.045,8467402672.055119,2646063.335017225,3409.0,3490816.0,0.07183821871894143,0.0009731412285607366,-2.2266799335479703e-06,0.04249999999999998,0.062401719693025215,0.0,1.7555326587723706e-05,0.005102278363092211,True,0.12012712206063299,reject,pre_step,drift_diffusion_then_jump,full_law,8,0.0,0.00486228813559322,145.39334210814224,54625,0.0,1.001485039601056,0.0,8.341889117043122e-06,0.0
LSC-CP,"LSC-CP, tamed",67fe983bcba8cecb4eb040b92e2c557b,c87203a12406cc5114b7ffa2d8877465,True,3,3409,17.045,8467402672.055119,2646063.335017225,3409.0,3490816.0,0.06382097867981575,0.00039149081880074377,-0.0005788762588283536,0.03749999999999998,0.057548462984431614,0.0,0.0009791176099267895,0.03760227836309221,True,0.12012712206063299,reject,pre_step,drift_diffusion_then_jump,full_law,8,0.0,0.00486228813559322,145.39334210814224,54625,0.0,1.001485039601056,0.0,8.341889117043122e-06,0.0
LSC-CP,"LSC-CP, tamed",67fe983bcba8cecb4eb040b92e2c557b,c87203a12406cc5114b7ffa2d8877465,True,0,3469,17.345,8616432933.223587,2692635.291632371,3469.0,3552256.0,0.10259016315635613,0.0027650250990374214,0.0017937648662333938,0.05749999999999994,0.06043290209514818,0.0,0.00020151008270768295,0.01772475870879367,True,0.12012712206063299,reject,pre_step,drift_diffusion_then_jump,full_law,8,0.0,0.005328125000000001,206.9221189564553,55648,0.0,1.0025944076102624,0.0,8.557941769962526e-06,0.0
LSC-CP,"LSC-CP, tamed",67fe983bcba8cecb4eb040b92e2c557b,c87203a12406cc5114b7ffa2d8877465,True,1,3469,17.345,8616432933.223587,2692635.291632371,3469.0,3552256.0,0.0938909193305065,0.002032976572043488,0.0010586070781347656,0.057499999999999996,0.06539092822716774,0.0,0.00011510354286002481,0.014077037071885817,True,0.12012712206063299,reject,pre_step,drift_diffusion_then_jump,full_law,8,0.0,0.005328125000000001,206.9221189564553,55648,0.0,1.0025944076102624,0.0,8.557941769962526e-06,0.0
LSC-CP,"LSC-CP, tamed",67fe983bcba8cecb4eb040b92e2c557b,c87203a12406cc5114b7ffa2d8877465,True,2,3469,17.345,8616432933.223587,2692635.291632371,3469.0,3552256.0,0.05818324003682222,0.0003241988488098535,-0.0006676774275709008,0.030000000000000027,0.06673327978268084,0.0,0.00015248364976359592,0.016025241291206332,True,0.12012712206063299,reject,pre_step,drift_diffusion_then_jump,full_law,8,0.0,0.005328125000000001,206.9221189564553,55648,0.0,1.0025944076102624,0.0,8.557941769962526e-06,0.0
LSC-CP,"LSC-CP, tamed",67fe983bcba8cecb4eb040b92e2c557b,c87203a12406cc5114b7ffa2d8877465,True,3,3469,17.345,8616432933.223587,2692635.291632371,3469.0,3552256.0,0.06342043519863147,0.0009882647337103867,2.7841169636499963e-05,0.04125000000000001,0.0664508202694084,0.0,0.0021378083900394362,0.0551022783630922,True,0.12012712206063299,reject,pre_step,drift_diffusion_then_jump,full_law,8,0.0,0.005328125000000001,206.9221189564553,55648,0.0,1.0025944076102624,0.0,8.557941769962526e-06,0.0
LSC-CP,"LSC-CP, tamed",67fe983bcba8cecb4eb040b92e2c557b,c87203a12406cc5114b7ffa2d8877465,True,0,3528,17.64,8762979356.705914,2738431.048970598,3528.0,3612672.0,0.08482584200459067,0.0014208495066156956,0.0004470907282216885,0.057499999999999996,0.059940586865161904,0.0,0.00010221025410114479,0.014077037071885817,True,0.12012712206063299,reject,pre_step,drift_diffusion_then_jump,full_law,8,0.0,0.004941737288135594,168.17777452073608,56581,0.0,1.0023561507936507,0.0,8.769132653061225e-06,0.0
LSC-CP,"LSC-CP, tamed",67fe983bcba8cecb4eb040b92e2c557b,c87203a12406cc5114b7ffa2d8877465,True,1,3528,17.64,8762979356.705914,2738431.048970598,3528.0,3612672.0,0.10779586406027954,0.0031205319924719754,0.0021487653967239284,0.07374999999999998,0.06177528679640765,0.0,0.00026548967365451915,0.020224758708793672,True,0.12012712206063299,reject,pre_step,drift_diffusion_then_jump,full_law,8,0.0,0.004941737288135594,168.17777452073608,56581,0.0,1.0023561507936507,0.0,8.769132653061225e-06,0.0
LSC-CP,"LSC-CP, tamed",67fe983bcba8cecb4eb040b92e2c557b,c87203a12406cc5114b7ffa2d8877465,True,2,3528,17.64,8762979356.705914,2738431.048970598,3528.0,3612672.0,0.071683995243466,0.000611571095974428,-0.0003717566982802678,0.030000000000000027,0.06320927381971764,0.0,7.299149049865786e-05,0.010102278363092215,True,0.12012712206063299,reject,pre_step,drift_diffusion_then_jump,full_law,8,0.0,0.004941737288135594,168.17777452073608,56581,0.0,1.0023561507936507,0.0,8.769132653061225e-06,0.0
LSC-CP,"LSC-CP, tamed",67fe983bcba8cecb4eb040b92e2c557b,c87203a12406cc5114b7ffa2d8877465,True,3,3528,17.64,8762979356.705914,2738431.048970598,3528.0,3612672.0,0.061555814295453565,0.0011468329357491314,0.00018842899844961902,0.04375000000000007,0.057264266743809134,0.0,0.0023363801677692576,0.0576022783630922,True,0.12012712206063299,reject,pre_step,drift_diffusion_then_jump,full_law,8,0.0,0.004941737288135594,168.17777452073608,56581,0.0,1.0023561507936507,0.0,8.769132653061225e-06,0.0
LSC-CP,"LSC-CP, tamed",67fe983bcba8cecb4eb040b92e2c557b,c87203a12406cc5114b7ffa2d8877465,True,0,3588,17.94,8912009617.87438,2785003.0055857436,3588.0,3674112.0,0.0829797866597841,0.0013396271909043023,0.0003597074237732256,0.04999999999999999,0.06107035619893442,0.0,5.549644894037461e-06,0.002827037071885835,True,0.12012712206063299,reject,pre_step,drift_diffusion_then_jump,full_law,8,0.0,0.004859375,207.5849129443493,57514,0.0,1.0018464325529544,0.0,8.796683389074693e-06,0.0
LSC-CP,"LSC-CP, tamed",67fe983bcba8cecb4eb040b92e2c557b,c87203a12406cc5114b7ffa2d8877465,True,1,3588,17.94,8912009617.87438,2785003.0055857436,3588.0,3674112.0,0.08658281547260124,0.0014261841703363531,0.00045691950077375587,0.044999999999999984,0.062421033354850386,0.0,0.0005989322276581163,0.03282703707188582,True,0.12012712206063299,reject,pre_step,drift_diffusion_then_jump,full_law,8,0.0,0.004859375,207.5849129443493,57514,0.0,1.0018464325529544,0.0,8.796683389074693e-06,0.0
LSC-CP,"LSC-CP, tamed",67fe983bcba8cecb4eb040b92e2c557b,c87203a12406cc5114b7ffa2d8877465,True,2,3588,17.94,8912009617.87438,2785003.0055857436,3588.0,3674112.0,0.0606882790988819,0.0003479314897512076,-0.000628865382003907,0.02625000000000005,0.0560071222028895,0.0,8.407738999736177e-05,0.011352278363092216,True,0.12012712206063299,reject,pre_step,drift_diffusion_then_jump,full_law,8,0.0,0.004859375,207.5849129443493,57514,0.0,1.0018464325529544,0.0,8.796683389074693e-06,0.0
LSC-CP,"LSC-CP, tamed",67fe983bcba8cecb4eb040b92e2c557b,c87203a12406cc5114b7ffa2d8877465,True,3,3588,17.94,8912009617.87438,2785003.0055857436,3588.0,3674112.0,0.06724793715907779,0.0011341745634979583,0.00017692670908164843,0.04625000000000001,0.06217311533132497,0.0,0.002325059743617493,0.056352278363092215,True,0.12012712206063299,reject,pre_step,drift_diffusion_then_jump,full_law,8,0.0,0.004859375,207.5849129443493,57514,0.0,1.0018464325529544,0.0,8.796683389074693e-06,0.0
LSC-CP,"LSC-CP, tamed",67fe983bcba8cecb4eb040b92e2c557b,c87203a12406cc5114b7ffa2d8877465,True,0,3647,18.235,9058556041.356709,2830798.7629239713,3647.0,3734528.0,0.043911903569371594,0.00035216526703774065,-0.0006395379011246982,0.04749999999999999,0.06397682675975025,0.0,0.00023002175190024385,0.019775241291206364,True,0.12012712206063299,reject,pre_step,drift_diffusion_then_jump,full_law,8,0.0,0.004692796610169492,339.15347275685707,58400,0.0,1.000822593912805,0.0,8.825747189470799e-06,0.0
LSC-CP,"LSC-CP, tamed",67fe983bcba8cecb4eb040b92e2c557b,c87203a12406cc5114b7ffa2d8877465,True,1,3647,18.235,9058556041.356709,2830798.7629239713,3647.0,3734528.0,0.06747610389287909,0.0006911609971735899,-0.00028331941113912684,0.03999999999999998,0.05634486446108111,0.0,0.0001674278032549538,0.015102278363092192,True,0.12012712206063299,reject,pre_step,drift_diffusion_then_jump,full_law,8,0.0,0.004692796610169492,339.15347275685707,58400,0.0,1.000822593912805,0.0,8.825747189470799e-06,0.0
LSC-CP,"LSC-CP, tamed",67fe983bcba8cecb4eb040b92e2c557b,c87203a12406cc5114b7ffa2d8877465,True,2,3647,18.235,9058556041.356709,2830798.7629239713,3647.0,3734528.0,0.03040714641919228,5.027327501450074e-05,-0.0009330039058783601,0.02375000000000005,0.06296336032334204,0.0,0.0003450047853987479,0.021025241291206337,True,0.12012712206063299,reject,pre_step,drift_diffusion_then_jump,full_law,8,0.0,0.004692796610169492,339.15347275685707,58400,0.0,1.000822593912805,0.0,8.825747189470799e-06,0.0
LSC-CP,"LSC-CP, tamed",67fe983bcba8cecb4eb040b92e2c557b,c87203a12406cc5114b7ffa2d8877465,True,3,3647,18.235,9058556041.356709,2830798.7629239713,3647.0,3734528.0,0.06839707879790033,0.0006768635679025303,-0.0002906434143972181,0.03375000000000006,0.06472184197352815,0.0,0.001985219394771965,0.0526022783630922,True,0.12012712206063299,reject,pre_step,drift_diffusion_then_jump,full_law,8,0.0,0.004692796610169492,339.15347275685707,58400,0.0,1.000822593912805,0.0,8.825747189470799e-06,0.0
LSC-CP,"LSC-CP, tamed",67fe983bcba8cecb4eb040b92e2c557b,c87203a12406cc5114b7ffa2d8877465,True,0,3706,18.53,9205102464.839035,2876594.5202621985,3706.0,3794944.0,0.0643550860476613,0.0005666059849630534,-0.0004187721270163536,0.040000000000000036,0.061823645832494,0.0,5.648144373137428e-05,0.009775241291206355,True,0.12012712206063299,reject,pre_step,drift_diffusion_then_jump,full_law,8,0.0,0.004952330508474577,264.33211131125114,59335,0.0,1.0006577172153266,0.0,8.769562871019967e-06,0.0
LSC-CP,"LSC-CP, tamed",67fe983bcba8cecb4eb040b92e2c557b,c87203a12406cc5114b7ffa2d8877465,True,1,3706,18.53,9205102464.839035,2876594.5202621985,3706.0,3794944.0,0.08213395979148436,0.001406240829414096,0.000431437973182458,0.053749999999999964,0.06204898267562953,0.0,8.418539525685987e-05,0.012827037071885816,True,0.12012712206063299,reject,pre_step,drift_diffusion_then_jump,full_law,8,0.0,0.004952330508474577,264.33211131125114,59335,0.0,1.0006577172153266,0.0,8.769562871019967e-06,0.0
LSC-CP,"LSC-CP, tamed",67fe983bcba8cecb4eb040b92e2c557b,c87203a12406cc5114b7ffa2d8877465,True,2,3706,18.53,9205102464.839035,2876594.5202621985,3706.0,3794944.0,0.051767805807820054,0.0002272789058990199,-0.0007486271380383602,0.030000000000000027,0.06633391561117885,0.0,0.000280117703131019,0.020102278363092183,True,0.12012712206063299,reject,pre_step,drift_diffusion_then_jump,full_law,8,0.0,0.004952330508474577,264.33211131125114,59335,0.0,1.0006577172153266,0.0,8.769562871019967e-06,0.0
LSC-CP,"LSC-CP, tamed",67fe983bcba8cecb4eb040b92e2c557b,c87203a12406cc5114b7ffa2d8877465,True,3,3706,18.53,9205102464.839035,2876594.5202621985,3706.0,3794944.0,0.07820876687156492,0.0012116230022357621,0.00025080028404977917,0.04000000000000001,0.06315344313155724,0.0,0.002177568205483923,0.05407703707188584,True,0.12012712206063299,reject,pre_step,drift_diffusion_then_jump,full_law,8,0.0,0.004952330508474577,264.33211131125114,59335,0.0,1.0006577172153266,0.0,8.769562871019967e-06,0.0
LSC-CP,"LSC-CP, tamed",67fe983bcba8cecb4eb040b92e2c557b,c87203a12406cc5114b7ffa2d8877465,True,0,3766,18.830000000000002,9354132726.007502,2923166.4768773443,3766.0,3856384.0,0.05527531809891572,0.0003611237620295693,-0.0006287386560002162,0.04125000000000001,0.061658216735822835,0.0,0.00012652288942526608,0.01352524129120633,True,0.12012712206063299,reject,pre_step,drift_diffusion_then_jump,full_law,8,0.0,0.005093750000000001,239.24070671548355,60313,0.0,1.0009459638874136,0.0,8.878783855549654e-06,0.0
LSC-CP,"LSC-CP, tamed",67fe983bcba8cecb4eb040b92e2c557b,c87203a12406cc5114b7ffa2d8877465,True,1,3766,18.830000000000002,9354132726.007502,2923166.4768773443,3766.0,3856384.0,0.1082627260351647,0.002768103219489282,0.001800691939155441,0.07125000000000004,0.06225938804225173,0.0,0.0004931253281656046,0.027827037071885802,True,0.12012712206063299,reject,pre_step,drift_diffusion_then_jump,full_law,8,0.0,0.005093750000000001,239.24070671548355,60313,0.0,1.0009459638874136,0.0,8.878783855549654e-06,0.0
LSC-CP,"LSC-CP, tamed",67fe983bcba8cecb4eb040b92e2c557b,c87203a12406cc5114b7ffa2d8877465,True,2,3766,18.830000000000002,9354132726.007502,2923166.4768773443,3766.0,3856384.0,0.027713635149801307,5.45384460554077e-05,-0.0009314678848146851,0.02749999999999997,0.060060656960651215,0.0,0.0003317755367896456,0.022275241291206338,True,0.12012712206063299,reject,pre_step,drift_diffusion_then_jump,full_law,8,0.0,0.005093750000000001,239.24070671548355,60313,0.0,1.0009459638874136,0.0,8.878783855549654e-06,0.0
LSC-CP,"LSC-CP, tamed",67fe983bcba8cecb4eb040b92e2c557b,c87203a12406cc5114b7ffa2d8877465,True,3,3766,18.830000000000002,9354132726.007502,2923166.4768773443,3766.0,3856384.0,0.044512160737035136,0.0001868794392271278,-0.0007892096206206789,0.028749999999999998,0.06477702677389208,0.0,0.0009526435639330743,0.03760227836309221,True,0.12012712206063299,reject,pre_step,drift_diffusion_then_jump,full_law,8,0.0,0.005093750000000001,239.24070671548355,60313,0.0,1.0009459638874136,0.0,8.878783855549654e-06,0.0
LSC-CP,"LSC-CP, tamed",67fe983bcba8cecb4eb040b92e2c557b,c87203a12406cc5114b7ffa2d8877465,True,0,3825,19.125,9500679149.489828,2968962.234215571,3825.0,3916800.0,0.05284249720278766,0.000309766323133287,-0.0006678051985656852,0.024999999999999967,0.061506254017625994,0.0,0.00045993495885454693,0.026352278363092202,True,0.12012712206063299,reject,pre_step,drift_diffusion_then_jump,full_law,8,0.0,0.005005296610169493,147.08179834019523,61258,0.0,1.0009477124183006,0.0,8.741830065359477e-06,0.0
LSC-CP,"LSC-CP, tamed",67fe983bcba8cecb4eb040b92e2c557b,c87203a12406cc5114b7ffa2d8877465,True,1,3825,19.125,9500679149.489828,2968962.234215571,3825.0,3916800.0,0.10526618509585928,0.002321206004004428,0.0013551945254413056,0.06125000000000003,0.06469801001632791,0.0,0.000777786481982512,0.03907703707188581,True,0.12012712206063299,reject,pre_step,drift_diffusion_then_jump,full_law,8,0.0,0.005005296610169493,147.08179834019523,61258,0.0,1.0009477124183006,0.0,8.741830065359477e-06,0.0
LSC-CP,"LSC-CP, tamed",67fe983bcba8cecb4eb040b92e2c557b,c87203a12406cc5114b7ffa2d8877465,True,2,3825,19.125,9500679149.489828,2968962.234215571,3825.0,3916800.0,0.0412680061478187,0.00023182915245834046,-0.0007545832954166665,0.04250000000000009,0.06178284201472184,0.0,0.00021091697668851263,0.018525241291206335,True,0.12012712206063299,reject,pre_step,drift_diffusion_then_jump,full_law,8,0.0,0.005005296610169493,147.08179834019523,61258,0.0,1.0009477124183006,0.0,8.741830065359477e-06,0.0
LSC-CP,"LSC-CP, tamed",67fe983bcba8cecb4eb040b92e2c557b,c87203a12406cc5114b7ffa2d8877465,True,3,3825,19.125,9500679149.489828,2968962.234215571,3825.0,3916800.0,0.049403377670817906,6.541084722588852e-05,-0.0009205515760813965,0.0175,0.06288316788481652,0.0,0.0003242668861128738,0.019775241291206364,True,0.12012712206063299,reject,pre_step,drift_diffusion_then_jump,full_law,8,0.0,0.005005296610169493,147.08179834019523,61258,0.0,1.0009477124183006,0.0,8.741830065359477e-06,0.0
LSC-CP,"LSC-CP, tamed",67fe983bcba8cecb4eb040b92e2c557b,c87203a12406cc5114b7ffa2d8877465,True,0,3884,19.42,9647225572.972157,3014757.991553799,3884.0,3977216.0,0.07040300551333027,0.000984328169117532,-7.471725591678968e-06,0.06125000000000003,0.06590852463500574,0.0,0.00010516294034036526,0.013422962928114152,True,0.12012712206063299,reject,pre_step,drift_diffusion_then_jump,full_law,8,0.0,0.004899364406779662,184.474867167643,62183,0.0,1.0006275746652935,0.0,8.689495365602471e-06,0.0
LSC-CP,"LSC-CP, tamed",67fe983bcba8cecb4eb040b92e2c557b,c87203a12406cc5114b7ffa2d8877465,True,1,3884,19.42,9647225572.972157,3014757.991553799,3884.0,3977216.0,0.09057890786340489,0.0018101316325798145,0.0008488526769763194,0.050000000000000044,0.05349181521579005,0.0,0.000784632332536634,0.03907703707188584,True,0.12012712206063299,reject,pre_step,drift_diffusion_then_jump,full_law,8,0.0,0.004899364406779662,184.474867167643,62183,0.0,1.0006275746652935,0.0,8.689495365602471e-06,0.0
LSC-CP,"LSC-CP, tamed",67fe983bcba8cecb4eb040b92e2c557b,c87203a12406cc5114b7ffa2d8877465,True,2,3884,19.42,9647225572.972157,3014757.991553799,3884.0,3977216.0,0.047864148866247916,0.0003649466358798259,-0.0006228060027518856,0.04125000000000001,0.06609697357591338,0.0,0.00019944556787403547,0.018525241291206335,True,0.12012712206063299,reject,pre_step,drift_diffusion_then_jump,full_law,8,0.0,0.004899364406779662,184.474867167643,62183,0.0,1.0006275746652935,0.0,8.689495365602471e-06,0.0
LSC-CP,"LSC-CP, tamed",67fe983bcba8cecb4eb040b92e2c557b,c87203a12406cc5114b7ffa2d8877465,True,3,3884,19.42,9647225572.972157,3014757.991553799,3884.0,3977216.0,0.028725840048562434,0.00013964075407779664,-0.000844804906146357,0.03999999999999998,0.06540139225005304,0.0,0.0005497673318794821,0.028525241291206344,True,0.12012712206063299,reject,pre_step,drift_diffusion_then_jump,full_law,8,0.0,0.004899364406779662,184.474867167643,62183,0.0,1.0006275746652935,0.0,8.689495365602471e-06,0.0
LSC-CP,"LSC-CP, tamed",67fe983bcba8cecb4eb040b92e2c557b,c87203a12406cc5114b7ffa2d8877465,True,0,3944,19.72,9796255834.140623,3061329.9481689446,3944.0,4038656.0,0.06012647198321618,0.0007477233229644664,-0.0002475124591700961,0.0525000000000001,0.0657429560599544,0.0,0.00033793070674154654,0.02467296292811419,True,0.12012712206063299,reject,pre_step,drift_diffusion_then_jump,full_law,8,0.0,0.005072916666666665,239.2425769468161,63157,0.0,1.00083988336714,0.0,8.636536511156187e-06,0.0
LSC-CP,"LSC-CP, tamed",67fe983bcba8cecb4eb040b92e2c557b,c87203a12406cc5114b7ffa2d8877465,True,1,3944,19.72,9796255834.140623,3061329.9481689446,3944.0,4038656.0,0.09109706938161655,0.0014394262276246073,0.0004715862491004863,0.04250000000000004,0.06705548303676223,0.0,0.00039837052359917476,0.027827037071885802,True,0.12012712206063299,reject,pre_step,drift_diffusion_then_jump,full_law,8,0.0,0.005072916666666665,239.2425769468161,63157,0.0,1.00083988336714,0.0,8.636536511156187e-06,0.0
LSC-CP,"LSC-CP, tamed",67fe983bcba8cecb4eb040b92e2c557b,c87203a12406cc5114b7ffa2d8877465,True,2,3944,19.72,9796255834.140623,3061329.9481689446,3944.0,4038656.0,0.03498377986878792,7.064812704427048e-05,-0.0009051654661177411,0.019999999999999907,0.05444049927363526,0.0,0.0002275342802768455,0.017275241291206334,True,0.12012712206063299,reject,pre_step,drift_diffusion_then_jump,full_law,8,0.0,0.005072916666666665,239.2425769468161,63157,0.0,1.00083988336714,0.0,8.636536511156187e-06,0.0
LSC-CP,"LSC-CP, tamed",67fe983bcba8cecb4eb040b92e2c557b,c87203a12406cc5114b7ffa2d8877465,True,3,3944,19.72,9796255834.140623,3061329.9481689446,3944.0,4038656.0,0.05896027869126118,0.0004080067801975895,-0.0005640164245301893,0.04000000000000001,0.061866556749509694,0.0,0.0006850694365323094,0.03135227836309222,True,0.12012712206063299,reject,pre_step,drift_diffusion_then_jump,full_law,8,0.0,0.005072916666666665,239.2425769468161,63157,0.0,1.00083988336714,0.0,8.636536511156187e-06,0.0
LSC-CP,"LSC-CP, tamed",67fe983bcba8cecb4eb040b92e2c557b,c87203a12406cc5114b7ffa2d8877465,True,0,4003,20.015,9942802257.62295,3107125.705507172,4003.0,4099072.0,0.05125222407594297,0.00023072372793475626,-0.0007555709616582362,0.04375000000000007,0.06616906000106415,0.0,0.00031947544368186864,0.021352278363092198,True,0.12012712206063299,reject,pre_step,drift_diffusion_then_jump,full_law,8,0.0,0.0047563559322033894,459.50589965502235,64055,0.0,1.0001092930302273,0.0,8.587309517861603e-06,0.0
LSC-CP,"LSC-CP, tamed",67fe983bcba8cecb4eb040b92e2c557b,c87203a12406cc5114b7ffa2d8877465,True,1,4003,20.015,9942802257.62295,3107125.705507172,4003.0,4099072.0,0.07210718329609062,0.0009164314957204045,-5.0320508902745864e-05,0.04500000000000004,0.05935099066425453,0.0,0.00034976537975936386,0.024077037071885826,True,0.12012712206063299,reject,pre_step,drift_diffusion_then_jump,full_law,8,0.0,0.0047563559322033894,459.50589965502235,64055,0.0,1.0001092930302273,0.0,8.587309517861603e-06,0.0
LSC-CP,"LSC-CP, tamed",67fe983bcba8cecb4eb040b92e2c557b,c87203a12406cc5114b7ffa2d8877465,True,2,4003,20.015,9942802257.62295,3107125.705507172,4003.0,4099072.0,0.05360723465864649,0.0002877822602842528,-0.0006922542311849078,0.03249999999999997,0.06322942841608414,0.0,0.0001334627531836695,0.014775241291206331,True,0.12012712206063299,reject,pre_step,drift_diffusion_then_jump,full_law,8,0.0,0.0047563559322033894,459.50589965502235,64055,0.0,1.0001092930302273,0.0,8.587309517861603e-06,0.0
LSC-CP,"LSC-CP, tamed",67fe983bcba8cecb4eb040b92e2c557b,c87203a12406cc5114b7ffa2d8877465,True,3,4003,20.015,9942802257.62295,3107125.705507172,4003.0,4099072.0,0.03478884580612074,5.515467526429063e-05,-0.0009257731103220479,0.025000000000000022,0.06131533265185951,0.0,0.0004031161252944607,0.022602278363092212,True,0.12012712206063299,reject,pre_step,drift_diffusion_then_jump,full_law,8,0.0,0.0047563559322033894,459.50589965502235,64055,0.0,1.0001092930302273,0.0,8.587309517861603e-06,0.0
LSC-CP,"LSC-CP, tamed",67fe983bcba8cecb4eb040b92e2c557b,c87203a12406cc5114b7ffa2d8877465,True,0,4062,20.31,10089348681.105278,3152921.4628453995,4062.0,4159488.0,0.06853393118897014,0.0008814055845478563,-0.0001026307027739426,0.03875000000000001,0.061310737784397995,0.0,8.477663703707994e-06,0.003525241291206377,True,0.12012712206063299,reject,pre_step,drift_diffusion_then_jump,full_law,8,0.0,0.005037076271186441,141.43050840180743,65006,0.0,1.0002154111275234,0.0,8.6164451009355e-06,0.0
LSC-CP,"LSC-CP, tamed",67fe983bcba8cecb4eb040b92e2c557b,c87203a12406cc5114b7ffa2d8877465,True,1,4062,20.31,10089348681.105278,3152921.4628453995,4062.0,4159488.0,0.08247395224000455,0.001242332313219241,0.00027635562340977415,0.04249999999999998,0.05712486412394113,0.0,0.0006398642336233884,0.03282703707188582,True,0.12012712206063299,reject,pre_step,drift_diffusion_then_jump,full_law,8,0.0,0.005037076271186441,141.43050840180743,65006,0.0,1.0002154111275234,0.0,8.6164451009355e-06,0.0
LSC-CP,"LSC-CP, tamed",67fe983bcba8cecb4eb040b92e2c557b,c87203a12406cc5114b7ffa2d8877465,True,2,4062,20.31,10089348681.105278,3152921.4628453995,4062.0,4159488.0,0.057956046837524824,0.00069474188409957,-0.000293060870825812,0.04375000000000001,0.06187993719437468,0.0,0.0001072016822271705,0.01352524129120633,True,0.12012712206063299,reject,pre_step,drift_diffusion_then_jump,full_law,8,0.0,0.005037076271186441,141.43050840180743,65006,0.0,1.0002154111275234,0.0,8.6164451009355e-06,0.0
LSC-CP,"LSC-CP, tamed",67fe983bcba8cecb4eb040b92e2c557b,c87203a12406cc5114b7ffa2d8877465,True,3,4062,20.31,10089348681.105278,3152921.4628453995,4062.0,4159488.0,0.04849249196642105,0.00021413891965282872,-0.000766591359403157,0.027499999999999997,0.06654136143319711,0.0,0.0005985168650775039,0.030102278363092205,True,0.12012712206063299,reject,pre_step,drift_diffusion_then_jump,full_law,8,0.0,0.005037076271186441,141.43050840180743,65006,0.0,1.0002154111275234,0.0,8.6164451009355e-06,0.0
LSC-CP,"LSC-CP, tamed",67fe983bcba8cecb4eb040b92e2c557b,c87203a12406cc5114b7ffa2d8877465,True,0,4122,20.61,10238378942.273745,3199493.4194605453,4122.0,4220928.0,0.07942883877785567,0.0015694653279829662,0.0005941963208929701,0.0475000000000001,0.06097613060290308,0.0,1.546284212852907e-05,0.004897721636907798,True,0.12012712206063299,reject,pre_step,drift_diffusion_then_jump,full_law,8,0.0,0.005203125000000002,172.3806473950825,66005,0.0,1.0008036147501214,0.0,8.566836487142164e-06,0.0
LSC-CP,"LSC-CP, tamed",67fe983bcba8cecb4eb040b92e2c557b,c87203a12406cc5114b7ffa2d8877465,True,1,4122,20.61,10238378942.273745,3199493.4194605453,4122.0,4220928.0,0.09891181902640957,0.0024971129014746962,0.001533617586441216,0.05500000000000005,0.06287290336002005,0.0,0.0004093541464088241,0.027827037071885802,True,0.12012712206063299,reject,pre_step,drift_diffusion_then_jump,full_law,8,0.0,0.005203125000000002,172.3806473950825,66005,0.0,1.0008036147501214,0.0,8.566836487142164e-06,0.0
LSC-CP,"LSC-CP, tamed",67fe983bcba8cecb4eb040b92e2c557b,c87203a12406cc5114b7ffa2d8877465,True,2,4122,20.61,10238378942.273745,3199493.4194605453,4122.0,4220928.0,0.04815699337544021,0.0003290497653920532,-0.0006516562864564701,0.03999999999999998,0.0609358106156056,0.0,0.00021490629976444813,0.016352278363092193,True,0.12012712206063299,reject,pre_step,drift_diffusion_then_jump,full_law,8,0.0,0.005203125000000002,172.3806473950825,66005,0.0,1.0008036147501214,0.0,8.566836487142164e-06,0.0
LSC-CP,"LSC-CP, tamed",67fe983bcba8cecb4eb040b92e2c557b,c87203a12406cc5114b7ffa2d8877465,True,3,4122,20.61,10238378942.273745,3199493.4194605453,4122.0,4220928.0,0.055067465609960106,0.00018402694185959412,-0.0007959234276789795,0.0325,0.06448955391097466,0.0,0.0001847442954649905,0.016352278363092193,True,0.12012712206063299,reject,pre_step,drift_diffusion_then_jump,full_law,8,0.0,0.005203125000000002,172.3806473950825,66005,0.0,1.0008036147501214,0.0,8.566836487142164e-06,0.0
LSC-CP,"LSC-CP, tamed",67fe983bcba8cecb4eb040b92e2c557b,c87203a12406cc5114b7ffa2d8877465,True,0,4181,20.905,10384925365.756071,3245289.176798772,4181.0,4281344.0,0.09478045431973726,0.002042907307334807,0.0010621267632179299,0.05625000000000002,0.06114332474223172,0.0,9.094732985731667e-05,0.011147721636907804,True,0.12012712206063299,reject,pre_step,drift_diffusion_then_jump,full_law,8,0.0,0.0053389830508474585,161.47162545612284,67013,0.0,1.0017489834967712,0.0,8.595431714900741e-06,0.0
LSC-CP,"LSC-CP, tamed",67fe983bcba8cecb4eb040b92e2c557b,c87203a12406cc5114b7ffa2d8877465,True,1,4181,20.905,10384925365.756071,3245289.176798772,4181.0,4281344.0,0.09078938148085355,0.0016517600036417557,0.0006868654821094999,0.04500000000000004,0.059332065595068983,0.0,0.0007094048733612968,0.03657703707188582,True,0.12012712206063299,reject,pre_step,drift_diffusion_then_jump,full_law,8,0.0,0.0053389830508474585,161.47162545612284,67013,0.0,1.0017489834967712,0.0,8.595431714900741e-06,0.0
LSC-CP,"LSC-CP, tamed",67fe983bcba8cecb4eb040b92e2c557b,c87203a12406cc5114b7ffa2d8877465,True,2,4181,20.905,10384925365.756071,3245289.176798772,4181.0,4281344.0,0.054223522494301506,0.0002917093478673749,-0.0006908191182509738,0.03125,0.06299426324243707,0.0,0.00019269681427460457,0.016352278363092193,True,0.12012712206063299,reject,pre_step,drift_diffusion_then_jump,full_law,8,0.0,0.0053389830508474585,161.47162545612284,67013,0.0,1.0017489834967712,0.0,8.595431714900741e-06,0.0
LSC-CP,"LSC-CP, tamed",67fe983bcba8cecb4eb040b92e2c557b,c87203a12406cc5114b7ffa2d8877465,True,3,4181,20.905,10384925365.756071,3245289.176798772,4181.0,4281344.0,0.04212844857503065,0.00010538342864763184,-0.0008760622810124463,0.03500000000000003,0.0640806668176841,0.0,0.0005861413291379921,0.028852278363092204,True,0.12012712206063299,reject,pre_step,drift_diffusion_then_jump,full_law,8,0.0,0.0053389830508474585,161.47162545612284,67013,0.0,1.0017489834967712,0.0,8.595431714900741e-06,0.0
LSC-CP,"LSC-CP, tamed",67fe983bcba8cecb4eb040b92e2c557b,c87203a12406cc5114b7ffa2d8877465,True,0,4241,21.205000000000002,10533955626.92454,3291861.133413919,4241.0,4342784.0,0.08507577989493251,0.001615435617356109,0.0006380113222268502,0.057499999999999996,0.05897168814488696,0.0,3.75985673038955e-05,0.0073977216369078,True,0.12012712206063299,reject,pre_step,drift_diffusion_then_jump,full_law,8,0.0,0.004932291666666667,140.4348481097037,67960,0.0,1.0015326573921246,0.0,8.694883282244753e-06,0.0
LSC-CP,"LSC-CP, tamed",67fe983bcba8cecb4eb040b92e2c557b,c87203a12406cc5114b7ffa2d8877465,True,1,4241,21.205000000000002,10533955626.92454,3291861.133413919,4241.0,4342784.0,0.1035596481916627,0.002593175582842666,0.0016267127441200735,0.05375000000000002,0.06286308921232275,0.0,0.00028765528817800354,0.021577037071885824,True,0.12012712206063299,reject,pre_step,drift_diffusion_then_jump,full_law,8,0.0,0.004932291666666667,140.4348481097037,67960,0.0,1.0015326573921246,0.0,8.694883282244753e-06,0.0
LSC-CP,"LSC-CP, tamed",67fe983bcba8cecb4eb040b92e2c557b,c87203a12406cc5114b7ffa2d8877465,True,2,4241,21.205000000000002,10533955626.92454,3291861.133413919,4241.0,4342784.0,0.05753879994511471,0.00044057211720371914,-0.0005443091137703471,0.04250000000000009,0.06338308899627498,0.0,0.00012652288942526608,0.01352524129120633,True,0.12012712206063299,reject,pre_step,drift_diffusion_then_jump,full_law,8,0.0,0.004932291666666667,140.4348481097037,67960,0.0,1.0015326573921246,0.0,8.694883282244753e-06,0.0
LSC-CP,"LSC-CP, tamed",67fe983bcba8cecb4eb040b92e2c557b,c87203a12406cc5114b7ffa2d8877465,True,3,4241,21.205000000000002,10533955626.92454,3291861.133413919,4241.0,4342784.0,0.0537696827532331,0.0002294758309161482,-0.0007503498429256572,0.021250000000000047,0.06696845532695062,0.0,0.00021687546940186357,0.017602278363092194,True,0.12012712206063299,reject,pre_step,drift_diffusion_then_jump,full_law,8,0.0,0.004932291666666667,140.4348481097037,67960,0.0,1.0015326573921246,0.0,8.694883282244753e-06,0.0
LSC-CP,"LSC-CP, tamed",67fe983bcba8cecb4eb040b92e2c557b,c87203a12406cc5114b7ffa2d8877465,True,0,4300,21.5,10680502050.406866,3337656.8907521456,4300.0,4403200.0,0.1104772059374142,0.004019618901125566,0.003048613870526684,0.08375000000000005,0.06519605629930425,0.0,0.0003056887679382934,0.021474758708793645,True,0.12012712206063299,reject,pre_step,drift_diffusion_then_jump,full_law,8,0.0,0.004968220338983054,153.13119811157756,68898,0.0,1.0014244186046513,0.0,8.720930232558139e-06,0.0
LSC-CP,"LSC-CP, tamed",67fe983bcba8cecb4eb040b92e2c557b,c87203a12406cc5114b7ffa2d8877465,True,1,4300,21.5,10680502050.406866,3337656.8907521456,4300.0,4403200.0,0.08759440281445965,0.0013535045422721215,0.00037567427234275197,0.05250000000000005,0.06259363341806157,0.0,0.00014022455475913922,0.01657703707188582,True,0.12012712206063299,reject,pre_step,drift_diffusion_then_jump,full_law,8,0.0,0.004968220338983054,153.13119811157756,68898,0.0,1.0014244186046513,0.0,8.720930232558139e-06,0.0
LSC-CP,"LSC-CP, tamed",67fe983bcba8cecb4eb040b92e2c557b,c87203a12406cc5114b7ffa2d8877465,True,2,4300,21.5,10680502050.406866,3337656.8907521456,4300.0,4403200.0,0.05919914398680918,0.0006959586936093887,-0.0002971215898456281,0.04375000000000007,0.061380460362935985,0.0,0.00039513786718259683,0.02717296292811419,True,0.12012712206063299,reject,pre_step,drift_diffusion_then_jump,full_law,8,0.0,0.004968220338983054,153.13119811157756,68898,0.0,1.0014244186046513,0.0,8.720930232558139e-06,0.0
LSC-CP,"LSC-CP, tamed",67fe983bcba8cecb4eb040b92e2c557b,c87203a12406cc5114b7ffa2d8877465,True,3,4300,21.5,10680502050.406866,3337656.8907521456,4300.0,4403200.0,0.0506838643998932,0.00029316584298899606,-0.0006831961861203384,0.043749999999999956,0.06181391112177492,0.0,0.00023743694720392526,0.018852278363092195,True,0.12012712206063299,reject,pre_step,drift_diffusion_then_jump,full_law,8,0.0,0.004968220338983054,153.13119811157756,68898,0.0,1.0014244186046513,0.0,8.720930232558139e-06,0.0
LSC-CP,"LSC-CP, tamed",67fe983bcba8cecb4eb040b92e2c557b,c87203a12406cc5114b7ffa2d8877465,True,0,4359,21.795,10827048473.889193,3383452.648090373,4359.0,4463616.0,0.10960405451285507,0.003598078096197388,0.002635392341558629,0.07625000000000004,0.060444595873456075,0.0,0.00039226071901097073,0.023974758708793675,True,0.12012712206063299,reject,pre_step,drift_diffusion_then_jump,full_law,8,0.0,0.00513241525423729,360.2553778398163,69867,0.0,1.0017635925671025,0.0,8.602890571231935e-06,0.0
LSC-CP,"LSC-CP, tamed",67fe983bcba8cecb4eb040b92e2c557b,c87203a12406cc5114b7ffa2d8877465,True,1,4359,21.795,10827048473.889193,3383452.648090373,4359.0,4463616.0,0.0917822531960096,0.0015776860411611526,0.0005978327064091182,0.05499999999999999,0.064910665706021,0.0,7.056019197639518e-05,0.011577037071885815,True,0.12012712206063299,reject,pre_step,drift_diffusion_then_jump,full_law,8,0.0,0.00513241525423729,360.2553778398163,69867,0.0,1.0017635925671025,0.0,8.602890571231935e-06,0.0
LSC-CP,"LSC-CP, tamed",67fe983bcba8cecb4eb040b92e2c557b,c87203a12406cc5114b7ffa2d8877465,True,2,4359,21.795,10827048473.889193,3383452.648090373,4359.0,4463616.0,0.07917802635837383,0.0012456954817615662,0.00025340079475677513,0.04750000000000004,0.06237090475994256,0.0,0.0003711653810729177,0.02592296292811419,True,0.12012712206063299,reject,pre_step,drift_diffusion_then_jump,full_law,8,0.0,0.00513241525423729,360.2553778398163,69867,0.0,1.0017635925671025,0.0,8.602890571231935e-06,0.0
LSC-CP,"LSC-CP, tamed",67fe983bcba8cecb4eb040b92e2c557b,c87203a12406cc5114b7ffa2d8877465,True,3,4359,21.795,10827048473.889193,3383452.648090373,4359.0,4463616.0,0.03847759430938559,4.510772729471313e-05,-0.0009355636994270444,0.02124999999999999,0.06580575163741076,0.0,0.00048466569098511007,0.025102278363092187,True,0.12012712206063299,reject,pre_step,drift_diffusion_then_jump,full_law,8,0.0,0.00513241525423729,360.2553778398163,69867,0.0,1.0017635925671025,0.0,8.602890571231935e-06,0.0
LSC-CP,"LSC-CP, tamed",67fe983bcba8cecb4eb040b92e2c557b,c87203a12406cc5114b7ffa2d8877465,True,0,4419,22.095,10976078735.057661,3430024.604705519,4419.0,4525056.0,0.1051158640012596,0.002654150345575701,0.0016866825736256974,0.07,0.06280061119818103,0.0,0.0002436312328246014,0.020224758708793672,True,0.12012712206063299,reject,pre_step,drift_diffusion_then_jump,full_law,8,5.208333333333333e-06,0.005098958333333334,679.5015141837808,70846,7.07173568680697e-08,1.002008372935053,0.0,8.698234894772573e-06,0.0
LSC-CP,"LSC-CP, tamed",67fe983bcba8cecb4eb040b92e2c557b,c87203a12406cc5114b7ffa2d8877465,True,1,4419,22.095,10976078735.057661,3430024.604705519,4419.0,4525056.0,0.08464448353197078,0.0012134415804174736,0.00024036711941077815,0.03875000000000001,0.06336458739201556,0.0,6.507245396337276e-05,0.010327037071885814,True,0.12012712206063299,reject,pre_step,drift_diffusion_then_jump,full_law,8,5.208333333333333e-06,0.005098958333333334,679.5015141837808,70846,7.07173568680697e-08,1.002008372935053,0.0,8.698234894772573e-06,0.0
LSC-CP,"LSC-CP, tamed",67fe983bcba8cecb4eb040b92e2c557b,c87203a12406cc5114b7ffa2d8877465,True,2,4419,22.095,10976078735.057661,3430024.604705519,4419.0,4525056.0,0.09421639269436458,0.0023373556131055517,0.0013565330997129532,0.06500000000000006,0.058033370913499915,0.0,0.0002180095412395661,0.01864772163690781,True,0.12012712206063299,reject,pre_step,drift_diffusion_then_jump,full_law,8,5.208333333333333e-06,0.005098958333333334,679.5015141837808,70846,7.07173568680697e-08,1.002008372935053,0.0,8.698234894772573e-06,0.0
LSC-CP,"LSC-CP, tamed",67fe983bcba8cecb4eb040b92e2c557b,c87203a12406cc5114b7ffa2d8877465,True,3,4419,22.095,10976078735.057661,3430024.604705519,4419.0,4525056.0,0.05533611626806334,0.0002537775236525208,-0.0007222433613178758,0.027499999999999997,0.06656742413710892,0.0,0.0008199662136015766,0.03510227836309218,True,0.12012712206063299,reject,pre_step,drift_diffusion_then_jump,full_law,8,5.208333333333333e-06,0.005098958333333334,679.5015141837808,70846,7.07173568680697e-08,1.002008372935053,0.0,8.698234894772573e-06,0.0
LSC-CP,"LSC-CP, tamed",67fe983bcba8cecb4eb040b92e2c557b,c87203a12406cc5114b7ffa2d8877465,True,0,4478,22.39,11122625158.539988,3475820.3620437463,4478.0,4585472.0,0.07241888484977427,0.0007229496930868384,-0.0002638302224674538,0.03874999999999995,0.06219513188499315,0.0,7.237320533176822e-06,0.003525241291206349,True,0.12012712206063299,reject,pre_step,drift_diffusion_then_jump,full_law,8,0.0,0.0048834745762711875,207.88690144028905,71768,6.978561857972309e-08,1.0016748548459133,0.0,8.653416703885663e-06,0.0
LSC-CP,"LSC-CP, tamed",67fe983bcba8cecb4eb040b92e2c557b,c87203a12406cc5114b7ffa2d8877465,True,1,4478,22.39,11122625158.539988,3475820.3620437463,4478.0,4585472.0,0.09133163867606645,0.0017224546134847474,0.0007498810688287838,0.04625000000000001,0.05573559574396969,0.0,8.092560288520305e-05,0.011474758708793636,True,0.12012712206063299,reject,pre_step,drift_diffusion_then_jump,full_law,8,0.0,0.0048834745762711875,207.88690144028905,71768,6.978561857972309e-08,1.0016748548459133,0.0,8.653416703885663e-06,0.0
LSC-CP,"LSC-CP, tamed",67fe983bcba8cecb4eb040b92e2c557b,c87203a12406cc5114b7ffa2d8877465,True,2,4478,22.39,11122625158.539988,3475820.3620437463,4478.0,4585472.0,0.1099139708871685,0.003432290324171583,0.0024438189477730132,0.07500000000000007,0.066507494272674,0.0,0.00031869664781102036,0.022397721636907814,True,0.12012712206063299,reject,pre_step,drift_diffusion_then_jump,full_law,8,0.0,0.0048834745762711875,207.88690144028905,71768,6.978561857972309e-08,1.0016748548459133,0.0,8.653416703885663e-06,0.0
LSC-CP,"LSC-CP, tamed",67fe983bcba8cecb4eb040b92e2c557b,c87203a12406cc5114b7ffa2d8877465,True,3,4478,22.39,11122625158.539988,3475820.3620437463,4478.0,4585472.0,0.07182150778095851,0.0008653770211504153,-0.0001280594968342541,0.04250000000000004,0.06573335286860149,0.0,0.0014848965243327778,0.04227524129120633,True,0.12012712206063299,reject,pre_step,drift_diffusion_then_jump,full_law,8,0.0,0.0048834745762711875,207.88690144028905,71768,6.978561857972309e-08,1.0016748548459133,0.0,8.653416703885663e-06,0.0
LSC-CP,"LSC-CP, tamed",67fe983bcba8cecb4eb040b92e2c557b,c87203a12406cc5114b7ffa2d8877465,True,0,4538,22.69,11271655419.708456,3522392.3186588925,4538.0,4646912.0,0.07445172232387451,0.0011105694451750692,0.00012647051644809615,0.04375000000000007,0.06472993570438113,0.0,3.0509431786570652e-05,0.0071729629281142016,True,0.12012712206063299,reject,pre_step,drift_diffusion_then_jump,full_law,8,0.0,0.005239583333333335,164.66022098826406,72774,6.886293521375055e-08,1.0022862494490965,0.0,8.74559277214632e-06,0.0
LSC-CP,"LSC-CP, tamed",67fe983bcba8cecb4eb040b92e2c557b,c87203a12406cc5114b7ffa2d8877465,True,1,4538,22.69,11271655419.708456,3522392.3186588925,4538.0,4646912.0,0.10361733293355258,0.0026550155372964124,0.0016825553544890237,0.06500000000000006,0.06474114231888195,0.0,0.0002553689554561497,0.019077037071885822,True,0.12012712206063299,reject,pre_step,drift_diffusion_then_jump,full_law,8,0.0,0.005239583333333335,164.66022098826406,72774,6.886293521375055e-08,1.0022862494490965,0.0,8.74559277214632e-06,0.0
LSC-CP,"LSC-CP, tamed",67fe983bcba8cecb4eb040b92e2c557b,c87203a12406cc5114b7ffa2d8877465,True,2,4538,22.69,11271655419.708456,3522392.3186588925,4538.0,4646912.0,0.08584604608085891,0.0013382076546524235,0.00035517148313846114,0.05125000000000002,0.06174810615559978,0.0,1.1324257177962576e-05,0.0040770370718858084,True,0.12012712206063299,reject,pre_step,drift_diffusion_then_jump,full_law,8,0.0,0.005239583333333335,164.66022098826406,72774,6.886293521375055e-08,1.0022862494490965,0.0,8.74559277214632e-06,0.0
LSC-CP,"LSC-CP, tamed",67fe983bcba8cecb4eb040b92e2c557b,c87203a12406cc5114b7ffa2d8877465,True,3,4538,22.69,11271655419.708456,3522392.3186588925,4538.0,4646912.0,0.0467172671480209,0.000367521715366137,-0.0006124405653425979,0.03125,0.06561240901279763,0.0,0.0014131676150064085,0.043852278363092204,True,0.12012712206063299,reject,pre_step,drift_diffusion_then_jump,full_law,8,0.0,0.005239583333333335,164.66022098826406,72774,6.886293521375055e-08,1.0022862494490965,0.0,8.74559277214632e-06,0.0
LSC-CP,"LSC-CP, tamed",67fe983bcba8cecb4eb040b92e2c557b,c87203a12406cc5114b7ffa2d8877465,True,0,4597,22.985,11418201843.190783,3568188.07599712,4597.0,4707328.0,0.09350331516955657,0.002127284827818543,0.0011469845013309943,0.0625,0.06377187972535514,0.0,0.0001893085108246404,0.01739772163690778,True,0.12012712206063299,reject,pre_step,drift_diffusion_then_jump,full_law,8,0.0,0.00523834745762712,147.61474068704553,73763,6.797911681531433e-08,1.0028687187296064,0.0,8.76930606917555e-06,0.0
LSC-CP,"LSC-CP, tamed",67fe983bcba8cecb4eb040b92e2c557b,c87203a12406cc5114b7ffa2d8877465,True,1,4597,22.985,11418201843.190783,3568188.07599712,4597.0,4707328.0,0.09964854843480297,0.002381799956016284,0.0013984967715906516,0.05624999999999991,0.06122990557266428,0.0,0.0002484898794969182,0.01989772163690781,True,0.12012712206063299,reject,pre_step,drift_diffusion_then_jump,full_law,8,0.0,0.00523834745762712,147.61474068704553,73763,6.797911681531433e-08,1.0028687187296064,0.0,8.76930606917555e-06,0.0
LSC-CP,"LSC-CP, tamed",67fe983bcba8cecb4eb040b92e2c557b,c87203a12406cc5114b7ffa2d8877465,True,2,4597,22.985,11418201843.190783,3568188.07599712,4597.0,4707328.0,0.09318279387287966,0.0020326622838890973,0.0010569220502488763,0.04625000000000001,0.062009015963917835,0.0,7.822755995011074e-05,0.011474758708793664,True,0.12012712206063299,reject,pre_step,drift_diffusion_then_jump,full_law,8,0.0,0.00523834745762712,147.61474068704553,73763,6.797911681531433e-08,1.0028687187296064,0.0,8.76930606917555e-06,0.0
LSC-CP,"LSC-CP, tamed",67fe983bcba8cecb4eb040b92e2c557b,c87203a12406cc5114b7ffa2d8877465,True,3,4597,22.985,11418201843.190783,3568188.07599712,4597.0,4707328.0,0.04171635537834394,0.00028560001678479274,-0.0006883925715138739,0.03874999999999995,0.06416901712946033,0.0,0.0014134763321343577,0.04510227836309222,True,0.12012712206063299,reject,pre_step,drift_diffusion_then_jump,full_law,8,0.0,0.00523834745762712,147.61474068704553,73763,6.797911681531433e-08,1.0028687187296064,0.0,8.76930606917555e-06,0.0
LSC-CP,"LSC-CP, tamed",67fe983bcba8cecb4eb040b92e2c557b,c87203a12406cc5114b7ffa2d8877465,True,0,4656,23.28,11564748266.67311,3613983.8333353465,4656.0,4767744.0,0.05866736069358133,0.000283584817308169,-0.0006953378956332523,0.02749999999999997,0.0645351602544576,0.0,0.00017515847551275885,0.01635227836309222,True,0.12012712206063299,reject,pre_step,drift_diffusion_then_jump,full_law,8,0.0,0.0049576271186440694,154.61526908832727,74699,6.711769759450171e-08,1.0027249785223367,0.0,8.792418384879725e-06,0.0
LSC-CP,"LSC-CP, tamed",67fe983bcba8cecb4eb040b92e2c557b,c87203a12406cc5114b7ffa2d8877465,True,1,4656,23.28,11564748266.67311,3613983.8333353465,4656.0,4767744.0,0.09391853424943619,0.0018940630283328375,0.0009133183836115277,0.050000000000000044,0.06319964302345271,0.0,7.791250341875235e-05,0.009897721636907802,True,0.12012712206063299,reject,pre_step,drift_diffusion_then_jump,full_law,8,0.0,0.0049576271186440694,154.61526908832727,74699,6.711769759450171e-08,1.0027249785223367,0.0,8.792418384879725e-06,0.0
LSC-CP,"LSC-CP, tamed",67fe983bcba8cecb4eb040b92e2c557b,c87203a12406cc5114b7ffa2d8877465,True,2,4656,23.28,11564748266.67311,3613983.8333353465,4656.0,4767744.0,0.11574959078655714,0.0032192377986212106,0.0022334580831692152,0.06999999999999995,0.06301517424887126,0.0,0.0005286537715670997,0.02864772163690779,True,0.12012712206063299,reject,pre_step,drift_diffusion_then_jump,full_law,8,0.0,0.0049576271186440694,154.61526908832727,74699,6.711769759450171e-08,1.0027249785223367,0.0,8.792418384879725e-06,0.0
LSC-CP,"LSC-CP, tamed",67fe983bcba8cecb4eb040b92e2c557b,c87203a12406cc5114b7ffa2d8877465,True,3,4656,23.28,11564748266.67311,3613983.8333353465,4656.0,4767744.0,0.039524200377004604,0.00014656624606868007,-0.000828670740910642,0.04249999999999998,0.05914608564020796,0.0,0.0007273094954110401,0.03260227836309221,True,0.12012712206063299,reject,pre_step,drift_diffusion_then_jump,full_law,8,0.0,0.0049576271186440694,154.61526908832727,74699,6.711769759450171e-08,1.0027249785223367,0.0,8.792418384879725e-06,0.0
LSC-CP,"LSC-CP, tamed",67fe983bcba8cecb4eb040b92e2c557b,c87203a12406cc5114b7ffa2d8877465,True,0,4716,23.580000000000002,11713778527.841578,3660555.789950493,4716.0,4829184.0,0.06755688613060537,0.0008124084235120455,-0.00017562592708852964,0.04125000000000001,0.060211365794085925,0.0,0.00013073835050735668,0.01592296292811418,True,0.12012712206063299,reject,pre_step,drift_diffusion_then_jump,full_law,8,0.0,0.004807291666666667,164.35895135596317,75622,6.62637828668363e-08,1.0021999575911789,0.0,8.879346904156064e-06,0.0
LSC-CP,"LSC-CP, tamed",67fe983bcba8cecb4eb040b92e2c557b,c87203a12406cc5114b7ffa2d8877465,True,1,4716,23.580000000000002,11713778527.841578,3660555.789950493,4716.0,4829184.0,0.09371253703910662,0.0018956937205883984,0.0009206339377415551,0.04625000000000001,0.0602391935543074,0.0,0.00011370612362766213,0.012724758708793665,True,0.12012712206063299,reject,pre_step,drift_diffusion_then_jump,full_law,8,0.0,0.004807291666666667,164.35895135596317,75622,6.62637828668363e-08,1.0021999575911789,0.0,8.879346904156064e-06,0.0
LSC-CP,"LSC-CP, tamed",67fe983bcba8cecb4eb040b92e2c557b,c87203a12406cc5114b7ffa2d8877465,True,2,4716,23.580000000000002,11713778527.841578,3660555.789950493,4716.0,4829184.0,0.11595553086995641,0.004325021642868965,0.00335749768142779,0.07750000000000001,0.06058686813155467,0.0,0.0005132933413733256,0.028974758708793652,True,0.12012712206063299,reject,pre_step,drift_diffusion_then_jump,full_law,8,0.0,0.004807291666666667,164.35895135596317,75622,6.62637828668363e-08,1.0021999575911789,0.0,8.879346904156064e-06,0.0
LSC-CP,"LSC-CP, tamed",67fe983bcba8cecb4eb040b92e2c557b,c87203a12406cc5114b7ffa2d8877465,True,3,4716,23.580000000000002,11713778527.841578,3660555.789950493,4716.0,4829184.0,0.04875299431023844,0.00026410583852909397,-0.0007237101226758025,0.026249999999999996,0.06530045686075381,0.0,0.00015248364976359592,0.016025241291206332,True,0.12012712206063299,reject,pre_step,drift_diffusion_then_jump,full_law,8,0.0,0.004807291666666667,164.35895135596317,75622,6.62637828668363e-08,1.0021999575911789,0.0,8.879346904156064e-06,0.0
LSC-CP,"LSC-CP, tamed",67fe983bcba8cecb4eb040b92e2c557b,c87203a12406cc5114b7ffa2d8877465,True,0,4775,23.875,11860324951.323904,3706351.54728872,4775.0,4889600.0,0.05431537342906098,0.00025232637055572216,-0.0007363678585520228,0.030000000000000027,0.06094158069369071,0.0,0.00014080760136715915,0.014775241291206359,True,0.12012712206063299,reject,pre_step,drift_diffusion_then_jump,full_law,8,0.0,0.005042372881355934,350.6481245240085,76574,6.544502617801048e-08,1.0022774869109947,0.0,8.835078534031413e-06,0.0
LSC-CP,"LSC-CP, tamed",67fe983bcba8cecb4eb040b92e2c557b,c87203a12406cc5114b7ffa2d8877465,True,1,4775,23.875,11860324951.323904,3706351.54728872,4775.0,4889600.0,0.10343919160862133,0.002194334632857342,0.0012156697237906133,0.050000000000000044,0.06514350819722026,0.0,0.00011794337625708421,0.013974758708793666,True,0.12012712206063299,reject,pre_step,drift_diffusion_then_jump,full_law,8,0.0,0.005042372881355934,350.6481245240085,76574,6.544502617801048e-08,1.0022774869109947,0.0,8.835078534031413e-06,0.0
LSC-CP,"LSC-CP, tamed",67fe983bcba8cecb4eb040b92e2c557b,c87203a12406cc5114b7ffa2d8877465,True,2,4775,23.875,11860324951.323904,3706351.54728872,4775.0,4889600.0,0.10742638761954988,0.0031808404786929367,0.0022026029987889384,0.06500000000000006,0.061719247796536925,0.0,0.00027005328717365977,0.01864772163690781,True,0.12012712206063299,reject,pre_step,drift_diffusion_then_jump,full_law,8,0.0,0.005042372881355934,350.6481245240085,76574,6.544502617801048e-08,1.0022774869109947,0.0,8.835078534031413e-06,0.0
LSC-CP,"LSC-CP, tamed",67fe983bcba8cecb4eb040b92e2c557b,c87203a12406cc5114b7ffa2d8877465,True,3,4775,23.875,11860324951.323904,3706351.54728872,4775.0,4889600.0,0.07682758991362024,0.0008114524028863812,-0.00017145489994274676,0.03875000000000006,0.06187628415988844,0.0,1.2111231953470733e-05,0.004672962928114199,True,0.12012712206063299,reject,pre_step,drift_diffusion_then_jump,full_law,8,0.0,0.005042372881355934,350.6481245240085,76574,6.544502617801048e-08,1.0022774869109947,0.0,8.835078534031413e-06,0.0
LSC-CP,"LSC-CP, tamed",67fe983bcba8cecb4eb040b92e2c557b,c87203a12406cc5114b7ffa2d8877465,True,0,4834,24.17,12006871374.80623,3752147.3046269473,4834.0,4950016.0,0.05168912623958427,0.0003021600293999782,-0.0006841127413049763,0.03749999999999998,0.06561778355346393,0.0,0.00012877304473920886,0.014775241291206331,True,0.12012712206063299,reject,pre_step,drift_diffusion_then_jump,full_law,8,0.0,0.004973516949152543,318.396224080593,77513,6.46462556888705e-08,1.0021850434422839,0.0,8.727244517997517e-06,0.0
LSC-CP,"LSC-CP, tamed",67fe983bcba8cecb4eb040b92e2c557b,c87203a12406cc5114b7ffa2d8877465,True,1,4834,24.17,12006871374.80623,3752147.3046269473,4834.0,4950016.0,0.10172336692374377,0.00266492192951151,0.0016858081655269919,0.0625,0.06713816947174034,0.0,0.00015133175963202335,0.013647721636907834,True,0.12012712206063299,reject,pre_step,drift_diffusion_then_jump,full_law,8,0.0,0.004973516949152543,318.396224080593,77513,6.46462556888705e-08,1.0021850434422839,0.0,8.727244517997517e-06,0.0
LSC-CP,"LSC-CP, tamed",67fe983bcba8cecb4eb040b92e2c557b,c87203a12406cc5114b7ffa2d8877465,True,2,4834,24.17,12006871374.80623,3752147.3046269473,4834.0,4950016.0,0.10226258447923839,0.00255692123911222,0.0015721900194703986,0.04750000000000004,0.06835159161254567,0.0,0.00019963121729376743,0.016147721636907808,True,0.12012712206063299,reject,pre_step,drift_diffusion_then_jump,full_law,8,0.0,0.004973516949152543,318.396224080593,77513,6.46462556888705e-08,1.0021850434422839,0.0,8.727244517997517e-06,0.0
LSC-CP,"LSC-CP, tamed",67fe983bcba8cecb4eb040b92e2c557b,c87203a12406cc5114b7ffa2d8877465,True,3,4834,24.17,12006871374.80623,3752147.3046269473,4834.0,4950016.0,0.041945612137171975,0.00012602950971207783,-0.0008574536930843202,0.03,0.06885089929979549,0.0,0.00017533350534379433,0.017275241291206334,True,0.12012712206063299,reject,pre_step,drift_diffusion_then_jump,full_law,8,0.0,0.004973516949152543,318.396224080593,77513,6.46462556888705e-08,1.0021850434422839,0.0,8.727244517997517e-06,0.0
LSC-CP,"LSC-CP, tamed",67fe983bcba8cecb4eb040b92e2c557b,c87203a12406cc5114b7ffa2d8877465,True,0,4894,24.47,12155901635.974699,3798719.2612420935,4894.0,5011456.0,0.06135819654727757,0.0005968593972474068,-0.00039733001116237787,0.04125000000000001,0.06176986013839847,0.0,0.00016328584475096188,0.01592296292811418,True,0.12012712206063299,reject,pre_step,drift_diffusion_then_jump,full_law,8,0.0,0.004973958333333334,165.38108853479912,78468,6.385369840621168e-08,1.0020944013077238,0.0,8.811810380057214e-06,0.0
LSC-CP,"LSC-CP, tamed",67fe983bcba8cecb4eb040b92e2c557b,c87203a12406cc5114b7ffa2d8877465,True,1,4894,24.47,12155901635.974699,3798719.2612420935,4894.0,5011456.0,0.10387265121212896,0.0031168442959090825,0.0021275360882780925,0.06874999999999998,0.065661310594333,0.0,0.0003177931211924374,0.022397721636907786,True,0.12012712206063299,reject,pre_step,drift_diffusion_then_jump,full_law,8,0.0,0.004973958333333334,165.38108853479912,78468,6.385369840621168e-08,1.0020944013077238,0.0,8.811810380057214e-06,0.0
LSC-CP,"LSC-CP, tamed",67fe983bcba8cecb4eb040b92e2c557b,c87203a12406cc5114b7ffa2d8877465,True,2,4894,24.47,12155901635.974699,3798719.2612420935,4894.0,5011456.0,0.10248504480281942,0.0027423963060533296,0.0017785581033393782,0.06499999999999995,0.05698576709719849,0.0,0.00036672253522686184,0.022827037071885825,True,0.12012712206063299,reject,pre_step,drift_diffusion_then_jump,full_law,8,0.0,0.004973958333333334,165.38108853479912,78468,6.385369840621168e-08,1.0020944013077238,0.0,8.811810380057214e-06,0.0
LSC-CP,"LSC-CP, tamed",67fe983bcba8cecb4eb040b92e2c557b,c87203a12406cc5114b7ffa2d8877465,True,3,4894,24.47,12155901635.974699,3798719.2612420935,4894.0,5011456.0,0.04734167081424795,0.00010474189854636773,-0.0008776273668399392,0.03375,0.05878620133135837,0.0,0.0002291576309846703,0.016352278363092193,True,0.12012712206063299,reject,pre_step,drift_diffusion_then_jump,full_law,8,0.0,0.004973958333333334,165.38108853479912,78468,6.385369840621168e-08,1.0020944013077238,0.0,8.811810380057214e-06,0.0
LSC-CP,"LSC-CP, tamed",67fe983bcba8cecb4eb040b92e2c557b,c87203a12406cc5114b7ffa2d8877465,True,0,4953,24.765,12302448059.457026,3844515.0185803203,4953.0,5071872.0,0.053037692560993874,0.0002033949334725449,-0.0007770295718660947,0.02999999999999997,0.06579221472421659,0.0,0.00037315206330733926,0.0238522783630922,True,0.12012712206063299,reject,pre_step,drift_diffusion_then_jump,full_law,8,0.0,0.00520656779661017,186.55043134941693,79451,6.309307490409852e-08,1.0025615788411064,0.0,8.769937411669695e-06,0.0
LSC-CP,"LSC-CP, tamed",67fe983bcba8cecb4eb040b92e2c557b,c87203a12406cc5114b7ffa2d8877465,True,1,4953,24.765,12302448059.457026,3844515.0185803203,4953.0,5071872.0,0.07837416818279347,0.0012193504777029407,0.00023760826719654293,0.04749999999999999,0.06125277240815974,0.0,1.7593620788874725e-05,0.004897721636907798,True,0.12012712206063299,reject,pre_step,drift_diffusion_then_jump,full_law,8,0.0,0.00520656779661017,186.55043134941693,79451,6.309307490409852e-08,1.0025615788411064,0.0,8.769937411669695e-06,0.0
LSC-CP,"LSC-CP, tamed",67fe983bcba8cecb4eb040b92e2c557b,c87203a12406cc5114b7ffa2d8877465,True,2,4953,24.765,12302448059.457026,3844515.0185803203,4953.0,5071872.0,0.07510843849692062,0.0008958497359121687,-7.6538132015469e-05,0.03375,0.06480954066402878,0.0,0.0003309242980721709,0.02157703707188581,True,0.12012712206063299,reject,pre_step,drift_diffusion_then_jump,full_law,8,0.0,0.00520656779661017,186.55043134941693,79451,6.309307490409852e-08,1.0025615788411064,0.0,8.769937411669695e-06,0.0
LSC-CP,"LSC-CP, tamed",67fe983bcba8cecb4eb040b92e2c557b,c87203a12406cc5114b7ffa2d8877465,True,3,4953,24.765,12302448059.457026,3844515.0185803203,4953.0,5071872.0,0.05789498568638209,0.00032494977749975007,-0.000655098567061807,0.030000000000000027,0.0624174498039215,0.0,0.0001847442954649905,0.016352278363092193,True,0.12012712206063299,reject,pre_step,drift_diffusion_then_jump,full_law,8,0.0,0.00520656779661017,186.55043134941693,79451,6.309307490409852e-08,1.0025615788411064,0.0,8.769937411669695e-06,0.0
LSC-CP,"LSC-CP, tamed",67fe983bcba8cecb4eb040b92e2c557b,c87203a12406cc5114b7ffa2d8877465,True,0,5012,25.060000000000002,12448994482.939352,3890310.7759185475,5012.0,5132288.0,0.05815067672090906,0.0003222597962579954,-0.0006615819118372945,0.02749999999999997,0.06207868537313099,0.0,9.985973145793718e-05,0.011352278363092189,True,0.12012712206063299,reject,pre_step,drift_diffusion_then_jump,full_law,8,0.0,0.005021186440677968,337.2659147684675,80399,6.235035913806864e-08,1.002581304868316,0.0,8.791400638467678e-06,0.0
LSC-CP,"LSC-CP, tamed",67fe983bcba8cecb4eb040b92e2c557b,c87203a12406cc5114b7ffa2d8877465,True,1,5012,25.060000000000002,12448994482.939352,3890310.7759185475,5012.0,5132288.0,0.09644012013780169,0.002197567158729097,0.001221140330242898,0.05875,0.05903242498877448,0.0,9.673417829632954e-05,0.012724758708793665,True,0.12012712206063299,reject,pre_step,drift_diffusion_then_jump,full_law,8,0.0,0.005021186440677968,337.2659147684675,80399,6.235035913806864e-08,1.002581304868316,0.0,8.791400638467678e-06,0.0
LSC-CP,"LSC-CP, tamed",67fe983bcba8cecb4eb040b92e2c557b,c87203a12406cc5114b7ffa2d8877465,True,2,5012,25.060000000000002,12448994482.939352,3890310.7759185475,5012.0,5132288.0,0.07814597570846682,0.0011329453068904538,0.00015458165772697097,0.03500000000000003,0.06374202058771916,0.0,3.175261861580649e-05,0.006577037071885811,True,0.12012712206063299,reject,pre_step,drift_diffusion_then_jump,full_law,8,0.0,0.005021186440677968,337.2659147684675,80399,6.235035913806864e-08,1.002581304868316,0.0,8.791400638467678e-06,0.0
LSC-CP,"LSC-CP, tamed",67fe983bcba8cecb4eb040b92e2c557b,c87203a12406cc5114b7ffa2d8877465,True,3,5012,25.060000000000002,12448994482.939352,3890310.7759185475,5012.0,5132288.0,0.05710769100426975,0.0002161582351459801,-0.0007648079191636681,0.03500000000000003,0.06059607808247269,0.0,0.00037315206330733926,0.0238522783630922,True,0.12012712206063299,reject,pre_step,drift_diffusion_then_jump,full_law,8,0.0,0.005021186440677968,337.2659147684675,80399,6.235035913806864e-08,1.002581304868316,0.0,8.791400638467678e-06,0.0
LSC-CP,"LSC-CP, tamed",67fe983bcba8cecb4eb040b92e2c557b,c87203a12406cc5114b7ffa2d8877465,True,0,5072,25.36,12598024744.10782,3936882.732533694,5072.0,5193728.0,0.07252468683057404,0.0007625099611447972,-0.00021803063262526567,0.03749999999999998,0.06351368619984177,0.0,7.237320533176822e-06,0.003525241291206349,True,0.12012712206063299,reject,pre_step,drift_diffusion_then_jump,full_law,8,0.0,0.005052083333333335,205.74734012249763,81369,6.16127760252366e-08,1.0026739944794953,0.0,8.749014195583596e-06,0.0
LSC-CP,"LSC-CP, tamed",67fe983bcba8cecb4eb040b92e2c557b,c87203a12406cc5114b7ffa2d8877465,True,1,5072,25.36,12598024744.10782,3936882.732533694,5072.0,5193728.0,0.11278883558296687,0.003628134672275074,0.0026635443190762276,0.06625,0.06337337039687019,0.0,0.0005469645825632525,0.027827037071885802,True,0.12012712206063299,reject,pre_step,drift_diffusion_then_jump,full_law,8,0.0,0.005052083333333335,205.74734012249763,81369,6.16127760252366e-08,1.0026739944794953,0.0,8.749014195583596e-06,0.0
LSC-CP,"LSC-CP, tamed",67fe983bcba8cecb4eb040b92e2c557b,c87203a12406cc5114b7ffa2d8877465,True,2,5072,25.36,12598024744.10782,3936882.732533694,5072.0,5193728.0,0.040907340543981124,0.00017593997823606156,-0.0008011878802113293,0.04000000000000001,0.06632205341691833,0.0,0.0004031161252944607,0.022602278363092212,True,0.12012712206063299,reject,pre_step,drift_diffusion_then_jump,full_law,8,0.0,0.005052083333333335,205.74734012249763,81369,6.16127760252366e-08,1.0026739944794953,0.0,8.749014195583596e-06,0.0
LSC-CP,"LSC-CP, tamed",67fe983bcba8cecb4eb040b92e2c557b,c87203a12406cc5114b7ffa2d8877465,True,3,5072,25.36,12598024744.10782,3936882.732533694,5072.0,5193728.0,0.04952458425708272,0.00017334867870777426,-0.0008065060554731662,0.03875000000000001,0.060805217448643756,0.0,0.0003803267656491728,0.0238522783630922,True,0.12012712206063299,reject,pre_step,drift_diffusion_then_jump,full_law,8,0.0,0.005052083333333335,205.74734012249763,81369,6.16127760252366e-08,1.0026739944794953,0.0,8.749014195583596e-06,0.0
LSC-CP,"LSC-CP, tamed",67fe983bcba8cecb4eb040b92e2c557b,c87203a12406cc5114b7ffa2d8877465,True,0,5131,25.655,12744571167.590147,3982678.489871921,5131.0,5254144.0,0.09741774531015106,0.0023176640677980975,0.0013366368245512072,0.065,0.06576826924807966,0.0,3.770527764923462e-05,0.007724758708793661,True,0.12012712206063299,reject,pre_step,drift_diffusion_then_jump,full_law,8,0.0,0.00493114406779661,151.59130333251358,82300,6.090430715260183e-08,1.0024848957318262,0.0,8.709315922822061e-06,0.0
LSC-CP,"LSC-CP, tamed",67fe983bcba8cecb4eb040b92e2c557b,c87203a12406cc5114b7ffa2d8877465,True,1,5131,25.655,12744571167.590147,3982678.489871921,5131.0,5254144.0,0.08601556168138622,0.0013354721855836083,0.0003548883428688976,0.04499999999999993,0.05936634342251457,0.0,3.6470226229788844e-05,0.0073977216369077725,True,0.12012712206063299,reject,pre_step,drift_diffusion_then_jump,full_law,8,0.0,0.00493114406779661,151.59130333251358,82300,6.090430715260183e-08,1.0024848957318262,0.0,8.709315922822061e-06,0.0
LSC-CP,"LSC-CP, tamed",67fe983bcba8cecb4eb040b92e2c557b,c87203a12406cc5114b7ffa2d8877465,True,2,5131,25.655,12744571167.590147,3982678.489871921,5131.0,5254144.0,0.03951568633867904,0.00011142708040146054,-0.0008760233466454936,0.029999999999999985,0.062099121830715864,0.0,0.0004022590780255249,0.02477524129120634,True,0.12012712206063299,reject,pre_step,drift_diffusion_then_jump,full_law,8,0.0,0.00493114406779661,151.59130333251358,82300,6.090430715260183e-08,1.0024848957318262,0.0,8.709315922822061e-06,0.0
LSC-CP,"LSC-CP, tamed",67fe983bcba8cecb4eb040b92e2c557b,c87203a12406cc5114b7ffa2d8877465,True,3,5131,25.655,12744571167.590147,3982678.489871921,5131.0,5254144.0,0.06018924986642682,0.0004168224179580404,-0.0005616693643687443,0.0325,0.05923569942779361,0.0,8.720845913285074e-05,0.011352278363092189,True,0.12012712206063299,reject,pre_step,drift_diffusion_then_jump,full_law,8,0.0,0.00493114406779661,151.59130333251358,82300,6.090430715260183e-08,1.0024848957318262,0.0,8.709315922822061e-06,0.0
LSC-CP,"LSC-CP, tamed",67fe983bcba8cecb4eb040b92e2c557b,c87203a12406cc5114b7ffa2d8877465,True,0,5191,25.955000000000002,12893601428.758615,4029250.4464870673,5191.0,5315584.0,0.08109066179251283,0.0013060875125485705,0.0003403253955274188,0.040000000000000036,0.05845658710092261,0.0,0.0003199788423796073,0.024077037071885826,True,0.12012712206063299,reject,pre_step,drift_diffusion_then_jump,full_law,8,0.0,0.005062500000000001,197.01667694067478,83272,6.02003467539973e-08,1.0026006549797726,0.0,8.729050279329608e-06,0.0
LSC-CP,"LSC-CP, tamed",67fe983bcba8cecb4eb040b92e2c557b,c87203a12406cc5114b7ffa2d8877465,True,1,5191,25.955000000000002,12893601428.758615,4029250.4464870673,5191.0,5315584.0,0.10465992521080698,0.002710240903551653,0.0017275909620695362,0.05874999999999997,0.06596828115813302,0.0,0.00016843946691243367,0.014897721636907807,True,0.12012712206063299,reject,pre_step,drift_diffusion_then_jump,full_law,8,0.0,0.005062500000000001,197.01667694067478,83272,6.02003467539973e-08,1.0026006549797726,0.0,8.729050279329608e-06,0.0
LSC-CP,"LSC-CP, tamed",67fe983bcba8cecb4eb040b92e2c557b,c87203a12406cc5114b7ffa2d8877465,True,2,5191,25.955000000000002,12893601428.758615,4029250.4464870673,5191.0,5315584.0,0.0389586098347197,6.972366496471594e-05,-0.0009119031177933223,0.024999999999999994,0.06530397974659286,0.0,0.00029192823805094777,0.02102524129120631,True,0.12012712206063299,reject,pre_step,drift_diffusion_then_jump,full_law,8,0.0,0.005062500000000001,197.01667694067478,83272,6.02003467539973e-08,1.0026006549797726,0.0,8.729050279329608e-06,0.0
LSC-CP,"LSC-CP, tamed",67fe983bcba8cecb4eb040b92e2c557b,c87203a12406cc5114b7ffa2d8877465,True,3,5191,25.955000000000002,12893601428.758615,4029250.4464870673,5191.0,5315584.0,0.06230927680285971,0.0003139207207848438,-0.0006638397221420123,0.028749999999999998,0.06418964131084925,0.0,0.00029976636935064634,0.021352278363092198,True,0.12012712206063299,reject,pre_step,drift_diffusion_then_jump,full_law,8,0.0,0.005062500000000001,197.01667694067478,83272,6.02003467539973e-08,1.0026006549797726,0.0,8.729050279329608e-06,0.0
LSC-CP,"LSC-CP, tamed",67fe983bcba8cecb4eb040b92e2c557b,c87203a12406cc5114b7ffa2d8877465,True,0,5250,26.25,13040147852.240942,4075046.2038252945,5250.0,5376000.0,0.059916696407058344,0.00032635133656566673,-0.0006490211073580943,0.03125,0.06157842599819552,0.0,0.0004016969587574328,0.023852278363092227,True,0.12012712206063299,reject,pre_step,drift_diffusion_then_jump,full_law,8,0.0,0.004703389830508476,196.06140170098664,84160,5.952380952380952e-08,1.0019047619047619,0.0,8.80952380952381e-06,0.0
LSC-CP,"LSC-CP, tamed",67fe983bcba8cecb4eb040b92e2c557b,c87203a12406cc5114b7ffa2d8877465,True,1,5250,26.25,13040147852.240942,4075046.2038252945,5250.0,5376000.0,0.10496164370227515,0.003064323018988846,0.002089063336718211,0.057499999999999996,0.057667023672354656,0.0,0.00033514096613770634,0.022397721636907814,True,0.12012712206063299,reject,pre_step,drift_diffusion_then_jump,full_law,8,0.0,0.004703389830508476,196.06140170098664,84160,5.952380952380952e-08,1.0019047619047619,0.0,8.80952380952381e-06,0.0
LSC-CP,"LSC-CP, tamed",67fe983bcba8cecb4eb040b92e2c557b,c87203a12406cc5114b7ffa2d8877465,True,2,5250,26.25,13040147852.240942,4075046.2038252945,5250.0,5376000.0,0.05281459594378434,0.00034293336850821365,-0.0006287040500330132,0.025000000000000022,0.05800088926857416,0.0,0.00041636334102662306,0.025102278363092215,True,0.12012712206063299,reject,pre_step,drift_diffusion_then_jump,full_law,8,0.0,0.004703389830508476,196.06140170098664,84160,5.952380952380952e-08,1.0019047619047619,0.0,8.80952380952381e-06,0.0
LSC-CP,"LSC-CP, tamed",67fe983bcba8cecb4eb040b92e2c557b,c87203a12406cc5114b7ffa2d8877465,True,3,5250,26.25,13040147852.240942,4075046.2038252945,5250.0,5376000.0,0.07668084708397266,0.0010442046868579524,6.386116177914403e-05,0.04125000000000001,0.06031463589935715,0.0,4.087309887927768e-06,0.002397721636907796,True,0.12012712206063299,reject,pre_step,drift_diffusion_then_jump,full_law,8,0.0,0.004703389830508476,196.06140170098664,84160,5.952380952380952e-08,1.0019047619047619,0.0,8.80952380952381e-06,0.0
LSC-CP,"LSC-CP, tamed",67fe983bcba8cecb4eb040b92e2c557b,c87203a12406cc5114b7ffa2d8877465,True,0,5309,26.545,13186694275.723269,4120841.9611635213,5309.0,5436416.0,0.0622308655680082,0.0004431384249474757,-0.0005336315258636093,0.057499999999999996,0.06371058217872527,0.0,0.0005333727260019207,0.027602278363092217,True,0.12012712206063299,reject,pre_step,drift_diffusion_then_jump,full_law,8,0.0,0.004830508474576271,237.78001402170605,85072,5.886230928611791e-08,1.0015068751177245,0.0,8.71162177434545e-06,0.0
LSC-CP,"LSC-CP, tamed",67fe983bcba8cecb4eb040b92e2c557b,c87203a12406cc5114b7ffa2d8877465,True,1,5309,26.545,13186694275.723269,4120841.9611635213,5309.0,5436416.0,0.08172152820524797,0.0015357840127191436,0.0005502156913624878,0.06250000000000006,0.06179359617407454,0.0,0.0002228485510412572,0.018422962928114184,True,0.12012712206063299,reject,pre_step,drift_diffusion_then_jump,full_law,8,0.0,0.004830508474576271,237.78001402170605,85072,5.886230928611791e-08,1.0015068751177245,0.0,8.71162177434545e-06,0.0
LSC-CP,"LSC-CP, tamed",67fe983bcba8cecb4eb040b92e2c557b,c87203a12406cc5114b7ffa2d8877465,True,2,5309,26.545,13186694275.723269,4120841.9611635213,5309.0,5436416.0,0.0723958254317157,0.0006044705344262491,-0.00036728695892940255,0.030000000000000027,0.06626276071694348,0.0,0.0007497350387927395,0.03135227836309219,True,0.12012712206063299,reject,pre_step,drift_diffusion_then_jump,full_law,8,0.0,0.004830508474576271,237.78001402170605,85072,5.886230928611791e-08,1.0015068751177245,0.0,8.71162177434545e-06,0.0
LSC-CP,"LSC-CP, tamed",67fe983bcba8cecb4eb040b92e2c557b,c87203a12406cc5114b7ffa2d8877465,True,3,5309,26.545,13186694275.723269,4120841.9611635213,5309.0,5436416.0,0.08072211465087131,0.0011605553216615938,0.00019643833147831025,0.036250000000000004,0.056281278534393686,0.0,0.0009129810194965313,0.03907703707188581,True,0.12012712206063299,reject,pre_step,drift_diffusion_then_jump,full_law,8,0.0,0.004830508474576271,237.78001402170605,85072,5.886230928611791e-08,1.0015068751177245,0.0,8.71162177434545e-06,0.0
LSC-CP,"LSC-CP, tamed",67fe983bcba8cecb4eb040b92e2c557b,c87203a12406cc5114b7ffa2d8877465,True,0,5369,26.845,13335724536.891737,4167413.917778668,5369.0,5497856.0,0.044932937949705695,0.00019931888507562778,-0.0007872779563449228,0.035,0.05794629874061885,0.0,0.0002275342802768455,0.017275241291206334,True,0.12012712206063299,reject,pre_step,drift_diffusion_then_jump,full_law,8,0.0,0.004760416666666668,271.08683186345445,85986,5.820450735704973e-08,1.0009545539206557,0.0,8.730676103557459e-06,0.0
LSC-CP,"LSC-CP, tamed",67fe983bcba8cecb4eb040b92e2c557b,c87203a12406cc5114b7ffa2d8877465,True,1,5369,26.845,13335724536.891737,4167413.917778668,5369.0,5497856.0,0.07940475688559873,0.0013093692592636152,0.0003223180014708671,0.06125000000000003,0.06262698607170791,0.0,0.0002482382846370557,0.020922962928114186,True,0.12012712206063299,reject,pre_step,drift_diffusion_then_jump,full_law,8,0.0,0.004760416666666668,271.08683186345445,85986,5.820450735704973e-08,1.0009545539206557,0.0,8.730676103557459e-06,0.0
LSC-CP,"LSC-CP, tamed",67fe983bcba8cecb4eb040b92e2c557b,c87203a12406cc5114b7ffa2d8877465,True,2,5369,26.845,13335724536.891737,4167413.917778668,5369.0,5497856.0,0.08933484923805086,0.0016919217436555112,0.000732294196917227,0.04125000000000001,0.05841761335707807,0.0,0.0008855370631193592,0.03907703707188584,True,0.12012712206063299,reject,pre_step,drift_diffusion_then_jump,full_law,8,0.0,0.004760416666666668,271.08683186345445,85986,5.820450735704973e-08,1.0009545539206557,0.0,8.730676103557459e-06,0.0
LSC-CP,"LSC-CP, tamed",67fe983bcba8cecb4eb040b92e2c557b,c87203a12406cc5114b7ffa2d8877465,True,3,5369,26.845,13335724536.891737,4167413.917778668,5369.0,5497856.0,0.08861438598815746,0.001435954121794536,0.00047116319303452947,0.04125000000000001,0.06303850558747615,0.0,0.0005360543958718806,0.030327037071885818,True,0.12012712206063299,reject,pre_step,drift_diffusion_then_jump,full_law,8,0.0,0.004760416666666668,271.08683186345445,85986,5.820450735704973e-08,1.0009545539206557,0.0,8.730676103557459e-06,0.0
LSC-CP,"LSC-CP, tamed",67fe983bcba8cecb4eb040b92e2c557b,c87203a12406cc5114b7ffa2d8877465,True,0,5428,27.14,13482270960.374063,4213209.675116895,5428.0,5558272.0,0.06406906352749474,0.0004041067799914755,-0.000581194898304993,0.028749999999999998,0.06553589991324715,0.0,0.00012399751376167745,0.013525241291206358,True,0.12012712206063299,reject,pre_step,drift_diffusion_then_jump,full_law,8,0.0,0.004904661016949154,159.09375569556607,86912,5.7571849668386144e-08,1.0007369196757554,0.0,8.808492999263081e-06,0.0
LSC-CP,"LSC-CP, tamed",67fe983bcba8cecb4eb040b92e2c557b,c87203a12406cc5114b7ffa2d8877465,True,1,5428,27.14,13482270960.374063,4213209.675116895,5428.0,5558272.0,0.06876835898729085,0.0009262606441797772,-6.520118043140677e-05,0.04624999999999996,0.06483661154266906,0.0,0.00011934425427667303,0.01467296292811418,True,0.12012712206063299,reject,pre_step,drift_diffusion_then_jump,full_law,8,0.0,0.004904661016949154,159.09375569556607,86912,5.7571849668386144e-08,1.0007369196757554,0.0,8.808492999263081e-06,0.0
LSC-CP,"LSC-CP, tamed",67fe983bcba8cecb4eb040b92e2c557b,c87203a12406cc5114b7ffa2d8877465,True,2,5428,27.14,13482270960.374063,4213209.675116895,5428.0,5558272.0,0.09509213091667665,0.0018709585280256569,0.0009111663661353075,0.050000000000000044,0.05964768145710886,0.0,0.0013668893830218586,0.05032703707188582,True,0.12012712206063299,reject,pre_step,drift_diffusion_then_jump,full_law,8,0.0,0.004904661016949154,159.09375569556607,86912,5.7571849668386144e-08,1.0007369196757554,0.0,8.808492999263081e-06,0.0
LSC-CP,"LSC-CP, tamed",67fe983bcba8cecb4eb040b92e2c557b,c87203a12406cc5114b7ffa2d8877465,True,3,5428,27.14,13482270960.374063,4213209.675116895,5428.0,5558272.0,0.09686174446478396,0.0018921761571369933,0.0009313538854307524,0.05124999999999999,0.058953047091418576,0.0,0.0013668893830218586,0.05032703707188582,True,0.12012712206063299,reject,pre_step,drift_diffusion_then_jump,full_law,8,0.0,0.004904661016949154,159.09375569556607,86912,5.7571849668386144e-08,1.0007369196757554,0.0,8.808492999263081e-06,0.0
LSC-CP,"LSC-CP, tamed",67fe983bcba8cecb4eb040b92e2c557b,c87203a12406cc5114b7ffa2d8877465,True,0,5488,27.44,13631301221.542532,4259781.631732041,5488.0,5619712.0,0.06796337115768628,0.000736199305994667,-0.0002461505690696253,0.04375000000000001,0.06201418142492621,0.0,1.2111231953470733e-05,0.004672962928114199,True,0.12012712206063299,reject,pre_step,drift_diffusion_then_jump,full_law,8,0.0,0.005036458333333333,152.0227825575151,87879,5.694241982507289e-08,1.000808582361516,0.0,8.769132653061225e-06,0.0
LSC-CP,"LSC-CP, tamed",67fe983bcba8cecb4eb040b92e2c557b,c87203a12406cc5114b7ffa2d8877465,True,1,5488,27.44,13631301221.542532,4259781.631732041,5488.0,5619712.0,0.07847308846046092,0.0012650242903553544,0.00027844871574655983,0.05500000000000005,0.06209271949843065,0.0,8.104794193422062e-05,0.010922962928114177,True,0.12012712206063299,reject,pre_step,drift_diffusion_then_jump,full_law,8,0.0,0.005036458333333333,152.0227825575151,87879,5.694241982507289e-08,1.000808582361516,0.0,8.769132653061225e-06,0.0
LSC-CP,"LSC-CP, tamed",67fe983bcba8cecb4eb040b92e2c557b,c87203a12406cc5114b7ffa2d8877465,True,2,5488,27.44,13631301221.542532,4259781.631732041,5488.0,5619712.0,0.08681298259252158,0.0014151032452728307,0.00045109630178796767,0.04750000000000004,0.06043927559740814,0.0,0.0009651909357935914,0.04157703707188584,True,0.12012712206063299,reject,pre_step,drift_diffusion_then_jump,full_law,8,0.0,0.005036458333333333,152.0227825575151,87879,5.694241982507289e-08,1.000808582361516,0.0,8.769132653061225e-06,0.0
LSC-CP,"LSC-CP, tamed",67fe983bcba8cecb4eb040b92e2c557b,c87203a12406cc5114b7ffa2d8877465,True,3,5488,27.44,13631301221.542532,4259781.631732041,5488.0,5619712.0,0.08518939539545581,0.001017936129000141,4.694043929498459e-05,0.04124999999999998,0.06385174142840222,0.0,0.0005307293696012296,0.02907703707188583,True,0.12012712206063299,reject,pre_step,drift_diffusion_then_jump,full_law,8,0.0,0.005036458333333333,152.0227825575151,87879,5.694241982507289e-08,1.000808582361516,0.0,8.769132653061225e-06,0.0
LSC-CP,"LSC-CP, tamed",67fe983bcba8cecb4eb040b92e2c557b,c87203a12406cc5114b7ffa2d8877465,True,0,5547,27.735,13777847645.024858,4305577.389070269,5547.0,5680128.0,0.07549531362182499,0.0010700344483703939,9.261534557747364e-05,0.04249999999999998,0.06331849944113632,0.0,1.3069411806823444e-06,0.0013522783630922075,True,0.12012712206063299,reject,pre_step,drift_diffusion_then_jump,full_law,8,0.0,0.00492584745762712,145.14444164957268,88809,5.6336758608256714e-08,1.0006422390481342,0.0,8.73219758427979e-06,0.0
LSC-CP,"LSC-CP, tamed",67fe983bcba8cecb4eb040b92e2c557b,c87203a12406cc5114b7ffa2d8877465,True,1,5547,27.735,13777847645.024858,4305577.389070269,5547.0,5680128.0,0.0612236487928311,0.0004179096258394299,-0.0005656612009444784,0.03250000000000003,0.06188632197587751,0.0,6.596636075529362e-05,0.008852278363092214,True,0.12012712206063299,reject,pre_step,drift_diffusion_then_jump,full_law,8,0.0,0.00492584745762712,145.14444164957268,88809,5.6336758608256714e-08,1.0006422390481342,0.0,8.73219758427979e-06,0.0
LSC-CP,"LSC-CP, tamed",67fe983bcba8cecb4eb040b92e2c557b,c87203a12406cc5114b7ffa2d8877465,True,2,5547,27.735,13777847645.024858,4305577.389070269,5547.0,5680128.0,0.0863303888855141,0.0012413429204595205,0.00027270856863170767,0.057499999999999996,0.062363147300735666,0.0,0.0005867090841388664,0.03157703707188583,True,0.12012712206063299,reject,pre_step,drift_diffusion_then_jump,full_law,8,0.0,0.00492584745762712,145.14444164957268,88809,5.6336758608256714e-08,1.0006422390481342,0.0,8.73219758427979e-06,0.0
LSC-CP,"LSC-CP, tamed",67fe983bcba8cecb4eb040b92e2c557b,c87203a12406cc5114b7ffa2d8877465,True,3,5547,27.735,13777847645.024858,4305577.389070269,5547.0,5680128.0,0.0889709371367276,0.0018455352087061172,0.0008714505690348151,0.052499999999999936,0.06340399365991067,0.0,6.511916595079931e-05,0.010224758708793663,True,0.12012712206063299,reject,pre_step,drift_diffusion_then_jump,full_law,8,0.0,0.00492584745762712,145.14444164957268,88809,5.6336758608256714e-08,1.0006422390481342,0.0,8.73219758427979e-06,0.0
LSC-CP,"LSC-CP, tamed",67fe983bcba8cecb4eb040b92e2c557b,c87203a12406cc5114b7ffa2d8877465,True,0,5606,28.03,13924394068.507185,4351373.1464084955,5606.0,5740544.0,0.05485239470648906,0.00040664153009228876,-0.0005645596237873196,0.0325,0.05616296780856056,0.0,0.0005579158523482492,0.028852278363092232,True,0.12012712206063299,reject,pre_step,drift_diffusion_then_jump,full_law,8,0.0,0.004729872881355933,211.58052363703166,89702,5.574384587941491e-08,1.0000668926150553,0.0,8.696039957188726e-06,0.0
LSC-CP,"LSC-CP, tamed",67fe983bcba8cecb4eb040b92e2c557b,c87203a12406cc5114b7ffa2d8877465,True,1,5606,28.03,13924394068.507185,4351373.1464084955,5606.0,5740544.0,0.07524918077039147,0.000886610692927392,-9.035661642353698e-05,0.03750000000000003,0.06622347249945115,0.0,9.949531934704122e-05,0.012827037071885844,True,0.12012712206063299,reject,pre_step,drift_diffusion_then_jump,full_law,8,0.0,0.004729872881355933,211.58052363703166,89702,5.574384587941491e-08,1.0000668926150553,0.0,8.696039957188726e-06,0.0
LSC-CP,"LSC-CP, tamed",67fe983bcba8cecb4eb040b92e2c557b,c87203a12406cc5114b7ffa2d8877465,True,2,5606,28.03,13924394068.507185,4351373.1464084955,5606.0,5740544.0,0.07947577292532772,0.001165802711309838,0.00020147135667158977,0.03875000000000001,0.060379584840863476,0.0,0.0009770208996636338,0.03907703707188581,True,0.12012712206063299,reject,pre_step,drift_diffusion_then_jump,full_law,8,0.0,0.004729872881355933,211.58052363703166,89702,5.574384587941491e-08,1.0000668926150553,0.0,8.696039957188726e-06,0.0
LSC-CP,"LSC-CP, tamed",67fe983bcba8cecb4eb040b92e2c557b,c87203a12406cc5114b7ffa2d8877465,True,3,5606,28.03,13924394068.507185,4351373.1464084955,5606.0,5740544.0,0.07909355767915834,0.001345562210329776,0.00036350478403146536,0.05125000000000002,0.05791639494615597,0.0,0.00023981845385386003,0.018422962928114184,True,0.12012712206063299,reject,pre_step,drift_diffusion_then_jump,full_law,8,0.0,0.004729872881355933,211.58052363703166,89702,5.574384587941491e-08,1.0000668926150553,0.0,8.696039957188726e-06,0.0
LSC-CP,"LSC-CP, tamed",67fe983bcba8cecb4eb040b92e2c557b,c87203a12406cc5114b7ffa2d8877465,True,0,5666,28.330000000000002,14073424329.675653,4397945.103023642,5666.0,5801984.0,0.06035833406616099,0.0007966041984296401,-0.0001837387895787801,0.05500000000000005,0.06190940125498767,0.0,8.629989763947048e-05,0.010102278363092215,True,0.12012712206063299,reject,pre_step,drift_diffusion_then_jump,full_law,8,0.0,0.005046875000000001,373.43583534460765,90671,5.515354747617367e-08,1.0001654606424286,0.0,8.714260501235439e-06,0.0
LSC-CP,"LSC-CP, tamed",67fe983bcba8cecb4eb040b92e2c557b,c87203a12406cc5114b7ffa2d8877465,True,1,5666,28.330000000000002,14073424329.675653,4397945.103023642,5666.0,5801984.0,0.07375159330967243,0.0011146160586070764,0.00013582591122485166,0.04125000000000001,0.06545940380643367,0.0,9.658821862179937e-06,0.0036477216369078247,True,0.12012712206063299,reject,pre_step,drift_diffusion_then_jump,full_law,8,0.0,0.005046875000000001,373.43583534460765,90671,5.515354747617367e-08,1.0001654606424286,0.0,8.714260501235439e-06,0.0
LSC-CP,"LSC-CP, tamed",67fe983bcba8cecb4eb040b92e2c557b,c87203a12406cc5114b7ffa2d8877465,True,2,5666,28.330000000000002,14073424329.675653,4397945.103023642,5666.0,5801984.0,0.046866367960433315,0.00020500208777241014,-0.0007721265184675863,0.03875000000000001,0.06473354104960838,0.0,0.00042465238751302403,0.025102278363092215,True,0.12012712206063299,reject,pre_step,drift_diffusion_then_jump,full_law,8,0.0,0.005046875000000001,373.43583534460765,90671,5.515354747617367e-08,1.0001654606424286,0.0,8.714260501235439e-06,0.0
LSC-CP,"LSC-CP, tamed",67fe983bcba8cecb4eb040b92e2c557b,c87203a12406cc5114b7ffa2d8877465,True,3,5666,28.330000000000002,14073424329.675653,4397945.103023642,5666.0,5801984.0,0.08760633548470786,0.0015559715750919079,0.0005726638408083407,0.04625000000000001,0.06115979198248456,0.0,1.6119438157456158e-05,0.005224758708793659,True,0.12012712206063299,reject,pre_step,drift_diffusion_then_jump,full_law,8,0.0,0.005046875000000001,373.43583534460765,90671,5.515354747617367e-08,1.0001654606424286,0.0,8.714260501235439e-06,0.0
LSC-CP,"LSC-CP, tamed",67fe983bcba8cecb4eb040b92e2c557b,c87203a12406cc5114b7ffa2d8877465,True,0,5725,28.625,14219970753.15798,4443740.8603618685,5725.0,5862400.0,0.04769827559637917,0.00019438043535624505,-0.0007862568294122463,0.044999999999999984,0.06254755753733243,0.0,0.00019507947427774085,0.015102278363092192,True,0.12012712206063299,reject,pre_step,drift_diffusion_then_jump,full_law,8,0.0,0.004973516949152544,140.9944795010035,91610,5.458515283842795e-08,1.0001091703056768,0.0,8.679039301310044e-06,0.0
LSC-CP,"LSC-CP, tamed",67fe983bcba8cecb4eb040b92e2c557b,c87203a12406cc5114b7ffa2d8877465,True,1,5725,28.625,14219970753.15798,4443740.8603618685,5725.0,5862400.0,0.08021777082807907,0.00129652948768888,0.00031189170068590677,0.04749999999999999,0.0621837819555805,0.0,6.688730793846364e-05,0.009897721636907775,True,0.12012712206063299,reject,pre_step,drift_diffusion_then_jump,full_law,8,0.0,0.004973516949152544,140.9944795010035,91610,5.458515283842795e-08,1.0001091703056768,0.0,8.679039301310044e-06,0.0
LSC-CP,"LSC-CP, tamed",67fe983bcba8cecb4eb040b92e2c557b,c87203a12406cc5114b7ffa2d8877465,True,2,5725,28.625,14219970753.15798,4443740.8603618685,5725.0,5862400.0,0.036654286979160525,0.00010471367577302715,-0.0008751771263563191,0.03375,0.06748235768940569,0.0,0.0009225695284221045,0.0363522783630922,True,0.12012712206063299,reject,pre_step,drift_diffusion_then_jump,full_law,8,0.0,0.004973516949152544,140.9944795010035,91610,5.458515283842795e-08,1.0001091703056768,0.0,8.679039301310044e-06,0.0
LSC-CP,"LSC-CP, tamed",67fe983bcba8cecb4eb040b92e2c557b,c87203a12406cc5114b7ffa2d8877465,True,3,5725,28.625,14219970753.15798,4443740.8603618685,5725.0,5862400.0,0.08962831777661472,0.0019432039115899746,0.0009574558004983302,0.061249999999999916,0.06263343833237489,0.0,0.00014272499255393476,0.01489772163690778,True,0.12012712206063299,reject,pre_step,drift_diffusion_then_jump,full_law,8,0.0,0.004973516949152544,140.9944795010035,91610,5.458515283842795e-08,1.0001091703056768,0.0,8.679039301310044e-06,0.0
LSC-CP,"LSC-CP, tamed",67fe983bcba8cecb4eb040b92e2c557b,c87203a12406cc5114b7ffa2d8877465,True,0,5784,28.92,14366517176.640306,4489536.617700096,5784.0,5922816.0,0.0398081523618989,4.891183628175089e-05,-0.0009380678630547257,0.030000000000000027,0.06937016274840369,0.0,0.0006735673574382177,0.028852278363092204,True,0.12012712206063299,reject,pre_step,drift_diffusion_then_jump,full_law,8,0.0,0.0050317796610169505,151.0657094263414,92560,5.40283540802213e-08,1.0001728907330567,0.0,8.860650069156293e-06,0.0
LSC-CP,"LSC-CP, tamed",67fe983bcba8cecb4eb040b92e2c557b,c87203a12406cc5114b7ffa2d8877465,True,1,5784,28.92,14366517176.640306,4489536.617700096,5784.0,5922816.0,0.06654033753263147,0.0005145879619068428,-0.0004687833133989461,0.029999999999999916,0.06080220142449566,0.0,4.297333566772362e-05,0.008422962928114175,True,0.12012712206063299,reject,pre_step,drift_diffusion_then_jump,full_law,8,0.0,0.0050317796610169505,151.0657094263414,92560,5.40283540802213e-08,1.0001728907330567,0.0,8.860650069156293e-06,0.0
LSC-CP,"LSC-CP, tamed",67fe983bcba8cecb4eb040b92e2c557b,c87203a12406cc5114b7ffa2d8877465,True,2,5784,28.92,14366517176.640306,4489536.617700096,5784.0,5922816.0,0.05463544852107902,0.00023601376641213534,-0.0007388462558060027,0.028749999999999998,0.06161663992205235,0.0,0.0004563085328202492,0.026352278363092202,True,0.12012712206063299,reject,pre_step,drift_diffusion_then_jump,full_law,8,0.0,0.0050317796610169505,151.0657094263414,92560,5.40283540802213e-08,1.0001728907330567,0.0,8.860650069156293e-06,0.0
LSC-CP,"LSC-CP, tamed",67fe983bcba8cecb4eb040b92e2c557b,c87203a12406cc5114b7ffa2d8877465,True,3,5784,28.92,14366517176.640306,4489536.617700096,5784.0,5922816.0,0.10260150310025494,0.002979868378996331,0.0019939747493026294,0.06500000000000006,0.06406206084920196,0.0,0.00027884334827699055,0.021147721636907785,True,0.12012712206063299,reject,pre_step,drift_diffusion_then_jump,full_law,8,0.0,0.0050317796610169505,151.0657094263414,92560,5.40283540802213e-08,1.0001728907330567,0.0,8.860650069156293e-06,0.0
LSC-CP,"LSC-CP, tamed",67fe983bcba8cecb4eb040b92e2c557b,c87203a12406cc5114b7ffa2d8877465,True,0,5844,29.22,14515547437.808775,4536108.5743152425,5844.0,5984256.0,0.041297330510047386,0.00014019245615071174,-0.0008392671919975614,0.034999999999999976,0.05954887660385144,0.0,0.0002372515187645069,0.017602278363092194,True,0.12012712206063299,reject,pre_step,drift_diffusion_then_jump,full_law,8,0.0,0.005182291666666667,262.33363640070354,93555,5.347364818617385e-08,1.000545431211499,0.0,8.983572895277208e-06,0.0
LSC-CP,"LSC-CP, tamed",67fe983bcba8cecb4eb040b92e2c557b,c87203a12406cc5114b7ffa2d8877465,True,1,5844,29.22,14515547437.808775,4536108.5743152425,5844.0,5984256.0,0.08107044270626987,0.0010824513002134495,9.302133350275188e-05,0.03875000000000006,0.0633696322129721,0.0,8.104794193422062e-05,0.010922962928114177,True,0.12012712206063299,reject,pre_step,drift_diffusion_then_jump,full_law,8,0.0,0.005182291666666667,262.33363640070354,93555,5.347364818617385e-08,1.000545431211499,0.0,8.983572895277208e-06,0.0
LSC-CP,"LSC-CP, tamed",67fe983bcba8cecb4eb040b92e2c557b,c87203a12406cc5114b7ffa2d8877465,True,2,5844,29.22,14515547437.808775,4536108.5743152425,5844.0,5984256.0,0.06982155417691943,0.0007101953967185715,-0.0002628848638704939,0.044999999999999984,0.06585196631799817,0.0,0.0005459475097058485,0.027602278363092217,True,0.12012712206063299,reject,pre_step,drift_diffusion_then_jump,full_law,8,0.0,0.005182291666666667,262.33363640070354,93555,5.347364818617385e-08,1.000545431211499,0.0,8.983572895277208e-06,0.0
LSC-CP,"LSC-CP, tamed",67fe983bcba8cecb4eb040b92e2c557b,c87203a12406cc5114b7ffa2d8877465,True,3,5844,29.22,14515547437.808775,4536108.5743152425,5844.0,5984256.0,0.09300296163374888,0.0021584887457342106,0.001185750350579995,0.06250000000000006,0.060424442239763065,0.0,9.332509782152562e-05,0.011577037071885815,True,0.12012712206063299,reject,pre_step,drift_diffusion_then_jump,full_law,8,0.0,0.005182291666666667,262.33363640070354,93555,5.347364818617385e-08,1.000545431211499,0.0,8.983572895277208e-06,0.0
LSC-CP,"LSC-CP, tamed",67fe983bcba8cecb4eb040b92e2c557b,c87203a12406cc5114b7ffa2d8877465,True,0,5903,29.515,14662093861.291101,4581904.331653469,5903.0,6044672.0,0.030380647014845694,9.705256334480161e-05,-0.0008836602991711962,0.03375000000000006,0.06338362305568312,0.0,0.00029192823805094777,0.02102524129120631,True,0.12012712206063299,reject,pre_step,drift_diffusion_then_jump,full_law,8,0.0,0.005063559322033897,276.0151931644632,94511,5.293918346603422e-08,1.000667033711672,0.0,8.89378282229375e-06,0.0
LSC-CP,"LSC-CP, tamed",67fe983bcba8cecb4eb040b92e2c557b,c87203a12406cc5114b7ffa2d8877465,True,1,5903,29.515,14662093861.291101,4581904.331653469,5903.0,6044672.0,0.07408202971998666,0.0012798924617327678,0.00028372655801456315,0.057499999999999996,0.06856408855309504,0.0,0.0002899835572782025,0.023422962928114188,True,0.12012712206063299,reject,pre_step,drift_diffusion_then_jump,full_law,8,0.0,0.005063559322033897,276.0151931644632,94511,5.293918346603422e-08,1.000667033711672,0.0,8.89378282229375e-06,0.0
LSC-CP,"LSC-CP, tamed",67fe983bcba8cecb4eb040b92e2c557b,c87203a12406cc5114b7ffa2d8877465,True,2,5903,29.515,14662093861.291101,4581904.331653469,5903.0,6044672.0,0.05753300797776642,0.0003755730937656798,-0.0006016684830287833,0.028750000000000053,0.058876110665095904,0.0,0.0002316283532187392,0.018852278363092195,True,0.12012712206063299,reject,pre_step,drift_diffusion_then_jump,full_law,8,0.0,0.005063559322033897,276.0151931644632,94511,5.293918346603422e-08,1.000667033711672,0.0,8.89378282229375e-06,0.0
LSC-CP,"LSC-CP, tamed",67fe983bcba8cecb4eb040b92e2c557b,c87203a12406cc5114b7ffa2d8877465,True,3,5903,29.515,14662093861.291101,4581904.331653469,5903.0,6044672.0,0.08684894299024168,0.0015069810688127516,0.0005388774950070285,0.04749999999999999,0.06408648906002934,0.0,0.0002691264670985679,0.022827037071885853,True,0.12012712206063299,reject,pre_step,drift_diffusion_then_jump,full_law,8,0.0,0.005063559322033897,276.0151931644632,94511,5.293918346603422e-08,1.000667033711672,0.0,8.89378282229375e-06,0.0
LSC-CP,"LSC-CP, tamed",67fe983bcba8cecb4eb040b92e2c557b,c87203a12406cc5114b7ffa2d8877465,True,0,5962,29.810000000000002,14808640284.773428,4627700.088991696,5962.0,6105088.0,0.03808531273940778,8.894952883731211e-05,-0.0008889119566398707,0.026249999999999996,0.0618202318008545,0.0,0.00043453755412649537,0.0238522783630922,True,0.12012712206063299,reject,pre_step,drift_diffusion_then_jump,full_law,8,0.0,0.004793432203389831,143.83559376041788,95416,5.241529688024153e-08,1.0002515934250251,0.0,8.963015766521302e-06,0.0
LSC-CP,"LSC-CP, tamed",67fe983bcba8cecb4eb040b92e2c557b,c87203a12406cc5114b7ffa2d8877465,True,1,5962,29.810000000000002,14808640284.773428,4627700.088991696,5962.0,6105088.0,0.08264184541211306,0.0015363946741229206,0.0005515902500691228,0.05500000000000005,0.05723133887909371,0.0,0.00014996077389071907,0.014672962928114208,True,0.12012712206063299,reject,pre_step,drift_diffusion_then_jump,full_law,8,0.0,0.004793432203389831,143.83559376041788,95416,5.241529688024153e-08,1.0002515934250251,0.0,8.963015766521302e-06,0.0
LSC-CP,"LSC-CP, tamed",67fe983bcba8cecb4eb040b92e2c557b,c87203a12406cc5114b7ffa2d8877465,True,2,5962,29.810000000000002,14808640284.773428,4627700.088991696,5962.0,6105088.0,0.06598615355301288,0.0006291045990020061,-0.00034334392105372924,0.04249999999999998,0.0587199972728919,0.0,0.00028973337784913514,0.02010227836309221,True,0.12012712206063299,reject,pre_step,drift_diffusion_then_jump,full_law,8,0.0,0.004793432203389831,143.83559376041788,95416,5.241529688024153e-08,1.0002515934250251,0.0,8.963015766521302e-06,0.0
LSC-CP,"LSC-CP, tamed",67fe983bcba8cecb4eb040b92e2c557b,c87203a12406cc5114b7ffa2d8877465,True,3,5962,29.810000000000002,14808640284.773428,4627700.088991696,5962.0,6105088.0,0.10645373517015935,0.0028110030469535863,0.0018458284169731165,0.058750000000000024,0.061131467140233875,0.0,0.00036307359109552084,0.024077037071885826,True,0.12012712206063299,reject,pre_step,drift_diffusion_then_jump,full_law,8,0.0,0.004793432203389831,143.83559376041788,95416,5.241529688024153e-08,1.0002515934250251,0.0,8.963015766521302e-06,0.0
LSC-CP,"LSC-CP, tamed",67fe983bcba8cecb4eb040b92e2c557b,c87203a12406cc5114b7ffa2d8877465,True,0,6022,30.11,14957670545.941896,4674272.045606842,6022.0,6166528.0,0.03522140518520615,7.430972971533834e-05,-0.0009074620656596144,0.03499999999999992,0.06384198678043795,0.0,0.00031757305538071654,0.022275241291206338,True,0.12012712206063299,reject,pre_step,drift_diffusion_then_jump,full_law,8,0.0,0.005057291666666669,439.3396893331995,96387,5.189305878445699e-08,1.0003632514114913,0.0,8.97749916971106e-06,0.0
LSC-CP,"LSC-CP, tamed",67fe983bcba8cecb4eb040b92e2c557b,c87203a12406cc5114b7ffa2d8877465,True,1,6022,30.11,14957670545.941896,4674272.045606842,6022.0,6166528.0,0.09307942781326688,0.0017530061450228285,0.0007782917052649996,0.04749999999999999,0.06008248731445165,0.0,0.00010303488196015172,0.014077037071885817,True,0.12012712206063299,reject,pre_step,drift_diffusion_then_jump,full_law,8,0.0,0.005057291666666669,439.3396893331995,96387,5.189305878445699e-08,1.0003632514114913,0.0,8.97749916971106e-06,0.0
LSC-CP,"LSC-CP, tamed",67fe983bcba8cecb4eb040b92e2c557b,c87203a12406cc5114b7ffa2d8877465,True,2,6022,30.11,14957670545.941896,4674272.045606842,6022.0,6166528.0,0.06720674025075705,0.0007252513870262822,-0.00025716911818540744,0.053750000000000075,0.06359870195943806,0.0,3.843052758430816e-05,0.008422962928114175,True,0.12012712206063299,reject,pre_step,drift_diffusion_then_jump,full_law,8,0.0,0.005057291666666669,439.3396893331995,96387,5.189305878445699e-08,1.0003632514114913,0.0,8.97749916971106e-06,0.0
LSC-CP,"LSC-CP, tamed",67fe983bcba8cecb4eb040b92e2c557b,c87203a12406cc5114b7ffa2d8877465,True,3,6022,30.11,14957670545.941896,4674272.045606842,6022.0,6166528.0,0.09805005185646434,0.0022364051627157266,0.0012645496526767497,0.06874999999999998,0.06640585189152559,0.0,0.00017126021318039902,0.01782703707188585,True,0.12012712206063299,reject,pre_step,drift_diffusion_then_jump,full_law,8,0.0,0.005057291666666669,439.3396893331995,96387,5.189305878445699e-08,1.0003632514114913,0.0,8.97749916971106e-06,0.0
LSC-CP,"LSC-CP, tamed",67fe983bcba8cecb4eb040b92e2c557b,c87203a12406cc5114b7ffa2d8877465,True,0,6081,30.405,15104216969.424223,4720067.80294507,6081.0,6226944.0,0.0471732671460062,9.2906761306355e-05,-0.0008862539903832234,0.03749999999999998,0.06600880974874646,0.0,0.0006116851623955127,0.030102278363092205,True,0.12012712206063299,reject,pre_step,drift_diffusion_then_jump,full_law,8,0.0,0.0049682203389830515,125.6839820992614,97325,5.138957408321e-08,1.0002980595296826,0.0,8.89039631639533e-06,0.0
LSC-CP,"LSC-CP, tamed",67fe983bcba8cecb4eb040b92e2c557b,c87203a12406cc5114b7ffa2d8877465,True,1,6081,30.405,15104216969.424223,4720067.80294507,6081.0,6226944.0,0.08969304424927527,0.0017977232395449683,0.0008311740120821032,0.05250000000000005,0.06316854213923417,0.0,0.0004323732516266941,0.029077037071885803,True,0.12012712206063299,reject,pre_step,drift_diffusion_then_jump,full_law,8,0.0,0.0049682203389830515,125.6839820992614,97325,5.138957408321e-08,1.0002980595296826,0.0,8.89039631639533e-06,0.0
LSC-CP,"LSC-CP, tamed",67fe983bcba8cecb4eb040b92e2c557b,c87203a12406cc5114b7ffa2d8877465,True,2,6081,30.405,15104216969.424223,4720067.80294507,6081.0,6226944.0,0.10808544796613342,0.0031059017892405283,0.0021298833569780573,0.05875000000000008,0.06453606295439562,0.0,0.00024251321204121702,0.01897475870879367,True,0.12012712206063299,reject,pre_step,drift_diffusion_then_jump,full_law,8,0.0,0.0049682203389830515,125.6839820992614,97325,5.138957408321e-08,1.0002980595296826,0.0,8.89039631639533e-06,0.0
LSC-CP,"LSC-CP, tamed",67fe983bcba8cecb4eb040b92e2c557b,c87203a12406cc5114b7ffa2d8877465,True,3,6081,30.405,15104216969.424223,4720067.80294507,6081.0,6226944.0,0.11404097044761677,0.0028066355379330332,0.001831190799483906,0.05625000000000002,0.06155843095772906,0.0,0.00036307359109552084,0.024077037071885826,True,0.12012712206063299,reject,pre_step,drift_diffusion_then_jump,full_law,8,0.0,0.0049682203389830515,125.6839820992614,97325,5.138957408321e-08,1.0002980595296826,0.0,8.89039631639533e-06,0.0
LSC-CP,"LSC-CP, tamed",67fe983bcba8cecb4eb040b92e2c557b,c87203a12406cc5114b7ffa2d8877465,True,0,6141,30.705000000000002,15253247230.59269,4766639.759560215,6141.0,6288384.0,0.07051498870043757,0.0006641999055674308,-0.0003106267230107429,0.056249999999999994,0.061971343575289106,0.0,0.00017462459766478394,0.01657703707188582,True,0.12012712206063299,reject,pre_step,drift_diffusion_then_jump,full_law,8,0.0,0.00496875,478.4830442494796,98279,5.0887477609509855e-08,1.0002340823970037,0.0,9.007083536883244e-06,0.0
LSC-CP,"LSC-CP, tamed",67fe983bcba8cecb4eb040b92e2c557b,c87203a12406cc5114b7ffa2d8877465,True,1,6141,30.705000000000002,15253247230.59269,4766639.759560215,6141.0,6288384.0,0.0909331314491248,0.001128248534986942,0.00015402013569520978,0.043749999999999956,0.06291534083393469,0.0,0.0003094422121997344,0.0240770370718858,True,0.12012712206063299,reject,pre_step,drift_diffusion_then_jump,full_law,8,0.0,0.00496875,478.4830442494796,98279,5.0887477609509855e-08,1.0002340823970037,0.0,9.007083536883244e-06,0.0
LSC-CP,"LSC-CP, tamed",67fe983bcba8cecb4eb040b92e2c557b,c87203a12406cc5114b7ffa2d8877465,True,2,6141,30.705000000000002,15253247230.59269,4766639.759560215,6141.0,6288384.0,0.10075413576545138,0.0023223259877643843,0.001350144315977242,0.06125,0.06059132634603315,0.0,0.00030729763045752884,0.022827037071885825,True,0.12012712206063299,reject,pre_step,drift_diffusion_then_jump,full_law,8,0.0,0.00496875,478.4830442494796,98279,5.0887477609509855e-08,1.0002340823970037,0.0,9.007083536883244e-06,0.0
LSC-CP,"LSC-CP, tamed",67fe983bcba8cecb4eb040b92e2c557b,c87203a12406cc5114b7ffa2d8877465,True,3,6141,30.705000000000002,15253247230.59269,4766639.759560215,6141.0,6288384.0,0.10032721435023446,0.002306459430068575,0.001338134807146063,0.05250000000000005,0.061439487385705926,0.0,0.00027209670986412006,0.021577037071885824,True,0.12012712206063299,reject,pre_step,drift_diffusion_then_jump,full_law,8,0.0,0.00496875,478.4830442494796,98279,5.0887477609509855e-08,1.0002340823970037,0.0,9.007083536883244e-06,0.0
LSC-CP,"LSC-CP, tamed",67fe983bcba8cecb4eb040b92e2c557b,c87203a12406cc5114b7ffa2d8877465,True,0,6200,31.0,15399793654.075018,4812435.516898443,6200.0,6348800.0,0.06959594594206889,0.0005577619723925453,-0.0004234605606215913,0.036250000000000004,0.060835986711999857,0.0,0.00013292626488517,0.01385227836309219,True,0.12012712206063299,reject,pre_step,drift_diffusion_then_jump,full_law,8,0.0,0.005185381355932204,272.252070006989,99258,5.040322580645161e-08,1.0005846774193548,0.0,8.921370967741936e-06,0.0
LSC-CP,"LSC-CP, tamed",67fe983bcba8cecb4eb040b92e2c557b,c87203a12406cc5114b7ffa2d8877465,True,1,6200,31.0,15399793654.075018,4812435.516898443,6200.0,6348800.0,0.05487219958830405,0.00029115325072692766,-0.0006878042501502479,0.032500000000000084,0.0641612557381478,0.0,0.00020489314623144995,0.017602278363092194,True,0.12012712206063299,reject,pre_step,drift_diffusion_then_jump,full_law,8,0.0,0.005185381355932204,272.252070006989,99258,5.040322580645161e-08,1.0005846774193548,0.0,8.921370967741936e-06,0.0
LSC-CP,"LSC-CP, tamed",67fe983bcba8cecb4eb040b92e2c557b,c87203a12406cc5114b7ffa2d8877465,True,2,6200,31.0,15399793654.075018,4812435.516898443,6200.0,6348800.0,0.12107822834956077,0.0041085062435988196,0.003137239664036784,0.06499999999999995,0.06422135224937509,0.0,0.000537184279629851,0.027724758708793623,True,0.12012712206063299,reject,pre_step,drift_diffusion_then_jump,full_law,8,0.0,0.005185381355932204,272.252070006989,99258,5.040322580645161e-08,1.0005846774193548,0.0,8.921370967741936e-06,0.0
LSC-CP,"LSC-CP, tamed",67fe983bcba8cecb4eb040b92e2c557b,c87203a12406cc5114b7ffa2d8877465,True,3,6200,31.0,15399793654.075018,4812435.516898443,6200.0,6348800.0,0.07485122677508403,0.000900239962910665,-8.302119475189773e-05,0.04000000000000001,0.062011785029533306,0.0,2.498424748719895e-05,0.006025241291206351,True,0.12012712206063299,reject,pre_step,drift_diffusion_then_jump,full_law,8,0.0,0.005185381355932204,272.252070006989,99258,5.040322580645161e-08,1.0005846774193548,0.0,8.921370967741936e-06,0.0
LSC-CP,"LSC-CP, tamed",67fe983bcba8cecb4eb040b92e2c557b,c87203a12406cc5114b7ffa2d8877465,True,0,6259,31.295,15546340077.557344,4858231.27423667,6259.0,6409216.0,0.07564799948556741,0.0011157177912010097,0.0001411072266622737,0.04125000000000001,0.06006763008900384,0.0,6.15497569761217e-05,0.010327037071885842,True,0.12012712206063299,reject,pre_step,drift_diffusion_then_jump,full_law,8,0.0,0.0050423728813559325,505.85756651306247,100210,4.992810353091548e-08,1.000659050966608,0.0,8.83727432497204e-06,0.0
LSC-CP,"LSC-CP, tamed",67fe983bcba8cecb4eb040b92e2c557b,c87203a12406cc5114b7ffa2d8877465,True,1,6259,31.295,15546340077.557344,4858231.27423667,6259.0,6409216.0,0.053867892734431044,0.0001606798570711332,-0.0008184539524074275,0.027500000000000024,0.06039063703322478,0.0,0.0005137260454373448,0.02760227836309219,True,0.12012712206063299,reject,pre_step,drift_diffusion_then_jump,full_law,8,0.0,0.0050423728813559325,505.85756651306247,100210,4.992810353091548e-08,1.000659050966608,0.0,8.83727432497204e-06,0.0
LSC-CP,"LSC-CP, tamed",67fe983bcba8cecb4eb040b92e2c557b,c87203a12406cc5114b7ffa2d8877465,True,2,6259,31.295,15546340077.557344,4858231.27423667,6259.0,6409216.0,0.09401502451377056,0.0021619341079425203,0.0011843705612963884,0.04999999999999999,0.056619966012387946,0.0,0.00011930426886771085,0.013647721636907806,True,0.12012712206063299,reject,pre_step,drift_diffusion_then_jump,full_law,8,0.0,0.0050423728813559325,505.85756651306247,100210,4.992810353091548e-08,1.000659050966608,0.0,8.83727432497204e-06,0.0
LSC-CP,"LSC-CP, tamed",67fe983bcba8cecb4eb040b92e2c557b,c87203a12406cc5114b7ffa2d8877465,True,3,6259,31.295,15546340077.557344,4858231.27423667,6259.0,6409216.0,0.05719538845168573,0.00042425255722677857,-0.0005564763515946147,0.04500000000000004,0.06307428582182106,0.0,0.00010937378754132643,0.011352278363092189,True,0.12012712206063299,reject,pre_step,drift_diffusion_then_jump,full_law,8,0.0,0.0050423728813559325,505.85756651306247,100210,4.992810353091548e-08,1.000659050966608,0.0,8.83727432497204e-06,0.0
LSC-CP,"LSC-CP, tamed",67fe983bcba8cecb4eb040b92e2c557b,c87203a12406cc5114b7ffa2d8877465,True,0,6319,31.595000000000002,15695370338.725811,4904803.230851816,6319.0,6470656.0,0.08166475170574045,0.0009662502707451504,-1.346812801084063e-05,0.046249999999999986,0.063120555920539,0.0,6.93416134390024e-05,0.011577037071885815,True,0.12012712206063299,reject,pre_step,drift_diffusion_then_jump,full_law,8,0.0,0.005130208333333334,478.74824976025303,101195,4.9454027536002534e-08,1.0009000633011553,0.0,8.901724956480455e-06,0.0
LSC-CP,"LSC-CP, tamed",67fe983bcba8cecb4eb040b92e2c557b,c87203a12406cc5114b7ffa2d8877465,True,1,6319,31.595000000000002,15695370338.725811,4904803.230851816,6319.0,6470656.0,0.03252231246187438,0.00017235099416335053,-0.0008021640619667592,0.01749999999999996,0.061466055618546456,0.0,0.0008346419167718712,0.03510227836309221,True,0.12012712206063299,reject,pre_step,drift_diffusion_then_jump,full_law,8,0.0,0.005130208333333334,478.74824976025303,101195,4.9454027536002534e-08,1.0009000633011553,0.0,8.901724956480455e-06,0.0
LSC-CP,"LSC-CP, tamed",67fe983bcba8cecb4eb040b92e2c557b,c87203a12406cc5114b7ffa2d8877465,True,2,6319,31.595000000000002,15695370338.725811,4904803.230851816,6319.0,6470656.0,0.09170267180941166,0.002138259182714597,0.0011689513283315023,0.0625,0.06164016998065569,0.0,0.00014185344420712415,0.01657703707188582,True,0.12012712206063299,reject,pre_step,drift_diffusion_then_jump,full_law,8,0.0,0.005130208333333334,478.74824976025303,101195,4.9454027536002534e-08,1.0009000633011553,0.0,8.901724956480455e-06,0.0
LSC-CP,"LSC-CP, tamed",67fe983bcba8cecb4eb040b92e2c557b,c87203a12406cc5114b7ffa2d8877465,True,3,6319,31.595000000000002,15695370338.725811,4904803.230851816,6319.0,6470656.0,0.060571815054195344,0.00045674508436066574,-0.0005374186651317947,0.04249999999999998,0.06725540763515903,0.0,0.00013374113278626911,0.014775241291206359,True,0.12012712206063299,reject,pre_step,drift_diffusion_then_jump,full_law,8,0.0,0.005130208333333334,478.74824976025303,101195,4.9454027536002534e-08,1.0009000633011553,0.0,8.901724956480455e-06,0.0
LSC-CP,"LSC-CP, tamed",67fe983bcba8cecb4eb040b92e2c557b,c87203a12406cc5114b7ffa2d8877465,True,0,6378,31.89,15841916762.20814,4950598.988190044,6378.0,6531072.0,0.07904229926539727,0.0010312637236311595,4.778407020789022e-05,0.040000000000000036,0.06409991620956257,0.0,8.429056715939139e-06,0.003647721636907797,True,0.12012712206063299,reject,pre_step,drift_diffusion_then_jump,full_law,8,0.0,0.005105932203389832,139.12218623740978,102159,4.8996550642834745e-08,1.001087723424271,0.0,8.86837566635309e-06,0.0
LSC-CP,"LSC-CP, tamed",67fe983bcba8cecb4eb040b92e2c557b,c87203a12406cc5114b7ffa2d8877465,True,1,6378,31.89,15841916762.20814,4950598.988190044,6378.0,6531072.0,0.04395075843444574,0.00011749767230484487,-0.0008600983731651413,0.03249999999999997,0.06238371151118993,0.0,0.0005582167839026262,0.028852278363092204,True,0.12012712206063299,reject,pre_step,drift_diffusion_then_jump,full_law,8,0.0,0.005105932203389832,139.12218623740978,102159,4.8996550642834745e-08,1.001087723424271,0.0,8.86837566635309e-06,0.0
LSC-CP,"LSC-CP, tamed",67fe983bcba8cecb4eb040b92e2c557b,c87203a12406cc5114b7ffa2d8877465,True,2,6378,31.89,15841916762.20814,4950598.988190044,6378.0,6531072.0,0.0844713214621794,0.001091366975947361,0.00011755785329736756,0.048750000000000016,0.060619684490079595,0.0,0.00022121917940371317,0.019077037071885794,True,0.12012712206063299,reject,pre_step,drift_diffusion_then_jump,full_law,8,0.0,0.005105932203389832,139.12218623740978,102159,4.8996550642834745e-08,1.001087723424271,0.0,8.86837566635309e-06,0.0
LSC-CP,"LSC-CP, tamed",67fe983bcba8cecb4eb040b92e2c557b,c87203a12406cc5114b7ffa2d8877465,True,3,6378,31.89,15841916762.20814,4950598.988190044,6378.0,6531072.0,0.05814227855128973,0.0004602766989546536,-0.0005231215428146418,0.03624999999999995,0.061998603144778786,0.0,0.00013782680862674214,0.01467296292811418,True,0.12012712206063299,reject,pre_step,drift_diffusion_then_jump,full_law,8,0.0,0.005105932203389832,139.12218623740978,102159,4.8996550642834745e-08,1.001087723424271,0.0,8.86837566635309e-06,0.0
LSC-CP,"LSC-CP, tamed",67fe983bcba8cecb4eb040b92e2c557b,c87203a12406cc5114b7ffa2d8877465,True,0,6438,32.19,15990947023.376606,4997170.944805189,6438.0,6592512.0,0.07234724216231958,0.0010924117363220187,0.00011531412757415094,0.053749999999999964,0.0579024265945407,0.0,2.4398142591961153e-06,0.002172962928114197,True,0.12012712206063299,reject,pre_step,drift_diffusion_then_jump,full_law,8,0.0,0.005057291666666667,228.5814131456209,103130,4.8539919229574404e-08,1.0011843740292017,0.0,8.882805219012116e-06,0.0
LSC-CP,"LSC-CP, tamed",67fe983bcba8cecb4eb040b92e2c557b,c87203a12406cc5114b7ffa2d8877465,True,1,6438,32.19,15990947023.376606,4997170.944805189,6438.0,6592512.0,0.04771513617267125,0.00021689244876288427,-0.0007627958864553364,0.03750000000000003,0.06153828200631639,0.0,0.0003958041586858505,0.0238522783630922,True,0.12012712206063299,reject,pre_step,drift_diffusion_then_jump,full_law,8,0.0,0.005057291666666667,228.5814131456209,103130,4.8539919229574404e-08,1.0011843740292017,0.0,8.882805219012116e-06,0.0
LSC-CP,"LSC-CP, tamed",67fe983bcba8cecb4eb040b92e2c557b,c87203a12406cc5114b7ffa2d8877465,True,2,6438,32.19,15990947023.376606,4997170.944805189,6438.0,6592512.0,0.08065648906164899,0.0011531927750690896,0.00017873956787883838,0.04375000000000001,0.058505662997682006,0.0,2.2700826860467746e-05,0.006577037071885811,True,0.12012712206063299,reject,pre_step,drift_diffusion_then_jump,full_law,8,0.0,0.005057291666666667,228.5814131456209,103130,4.8539919229574404e-08,1.0011843740292017,0.0,8.882805219012116e-06,0.0
LSC-CP,"LSC-CP, tamed",67fe983bcba8cecb4eb040b92e2c557b,c87203a12406cc5114b7ffa2d8877465,True,3,6438,32.19,15990947023.376606,4997170.944805189,6438.0,6592512.0,0.04671103175320043,0.0002358139852896013,-0.0007487336266401856,0.03375000000000006,0.06411055851598513,0.0,0.00012625493055409918,0.014775241291206359,True,0.12012712206063299,reject,pre_step,drift_diffusion_then_jump,full_law,8,0.0,0.005057291666666667,228.5814131456209,103130,4.8539919229574404e-08,1.0011843740292017,0.0,8.882805219012116e-06,0.0
LSC-CP,"LSC-CP, tamed",67fe983bcba8cecb4eb040b92e2c557b,c87203a12406cc5114b7ffa2d8877465,True,0,6497,32.485,16137493446.858932,5042966.702143417,6497.0,6652928.0,0.08859525584692243,0.00126366696659852,0.00027717708027341637,0.04999999999999999,0.06836290380178578,0.0,1.5213280450187628e-06,0.0014747587087936553,True,0.12012712206063299,reject,pre_step,drift_diffusion_then_jump,full_law,8,0.0,0.004941737288135596,334.6659465437522,104063,4.809912267200246e-08,1.0010678005233185,0.0,8.802139448976451e-06,0.0
LSC-CP,"LSC-CP, tamed",67fe983bcba8cecb4eb040b92e2c557b,c87203a12406cc5114b7ffa2d8877465,True,1,6497,32.485,16137493446.858932,5042966.702143417,6497.0,6652928.0,0.06532068868783648,0.000815077104240558,-0.00014603759202747035,0.030000000000000027,0.05860939333236337,0.0,0.0008565792878644464,0.033852278363092195,True,0.12012712206063299,reject,pre_step,drift_diffusion_then_jump,full_law,8,0.0,0.004941737288135596,334.6659465437522,104063,4.809912267200246e-08,1.0010678005233185,0.0,8.802139448976451e-06,0.0
LSC-CP,"LSC-CP, tamed",67fe983bcba8cecb4eb040b92e2c557b,c87203a12406cc5114b7ffa2d8877465,True,2,6497,32.485,16137493446.858932,5042966.702143417,6497.0,6652928.0,0.09572697596407788,0.002145724696608675,0.001172105536064616,0.05000000000000002,0.058582554634109774,0.0,0.00011591028950146153,0.013974758708793666,True,0.12012712206063299,reject,pre_step,drift_diffusion_then_jump,full_law,8,0.0,0.004941737288135596,334.6659465437522,104063,4.809912267200246e-08,1.0010678005233185,0.0,8.802139448976451e-06,0.0
LSC-CP,"LSC-CP, tamed",67fe983bcba8cecb4eb040b92e2c557b,c87203a12406cc5114b7ffa2d8877465,True,3,6497,32.485,16137493446.858932,5042966.702143417,6497.0,6652928.0,0.08337644157730828,0.001103734397453593,0.00012153551132509932,0.04249999999999998,0.0651022674943077,0.0,6.921173552349759e-05,0.010327037071885814,True,0.12012712206063299,reject,pre_step,drift_diffusion_then_jump,full_law,8,0.0,0.004941737288135596,334.6659465437522,104063,4.809912267200246e-08,1.0010678005233185,0.0,8.802139448976451e-06,0.0
LSC-CP,"LSC-CP, tamed",67fe983bcba8cecb4eb040b92e2c557b,c87203a12406cc5114b7ffa2d8877465,True,0,6556,32.78,16284039870.341259,5088762.4594816435,6556.0,6713344.0,0.09377325881593035,0.0022535184492712412,0.001261212385020416,0.05875000000000008,0.0622320281842067,0.0,0.00035050359137673,0.022172962928114187,True,0.12012712206063299,reject,pre_step,drift_diffusion_then_jump,full_law,8,0.0,0.0053654661016949165,146.7515122309502,105076,4.766625991458206e-08,1.0017159853569249,0.0,8.722925564368518e-06,0.0
LSC-CP,"LSC-CP, tamed",67fe983bcba8cecb4eb040b92e2c557b,c87203a12406cc5114b7ffa2d8877465,True,1,6556,32.78,16284039870.341259,5088762.4594816435,6556.0,6713344.0,0.05939465876497025,0.0004234089330688029,-0.0005510133761100766,0.024999999999999994,0.06354775123895828,0.0,0.0002644381541258879,0.02010227836309221,True,0.12012712206063299,reject,pre_step,drift_diffusion_then_jump,full_law,8,0.0,0.0053654661016949165,146.7515122309502,105076,4.766625991458206e-08,1.0017159853569249,0.0,8.722925564368518e-06,0.0
LSC-CP,"LSC-CP, tamed",67fe983bcba8cecb4eb040b92e2c557b,c87203a12406cc5114b7ffa2d8877465,True,2,6556,32.78,16284039870.341259,5088762.4594816435,6556.0,6713344.0,0.08569939071699928,0.0012767699453576364,0.0003006205142315199,0.05124999999999999,0.06226378088694606,0.0,0.00018698351628117314,0.019077037071885822,True,0.12012712206063299,reject,pre_step,drift_diffusion_then_jump,full_law,8,0.0,0.0053654661016949165,146.7515122309502,105076,4.766625991458206e-08,1.0017159853569249,0.0,8.722925564368518e-06,0.0
LSC-CP,"LSC-CP, tamed",67fe983bcba8cecb4eb040b92e2c557b,c87203a12406cc5114b7ffa2d8877465,True,3,6556,32.78,16284039870.341259,5088762.4594816435,6556.0,6713344.0,0.04812813256474096,0.00029714378907808037,-0.0006839717841371495,0.03125,0.060466879630885484,0.0,0.00021025774748838173,0.016025241291206332,True,0.12012712206063299,reject,pre_step,drift_diffusion_then_jump,full_law,8,0.0,0.0053654661016949165,146.7515122309502,105076,4.766625991458206e-08,1.0017159853569249,0.0,8.722925564368518e-06,0.0
LSC-CP,"LSC-CP, tamed",67fe983bcba8cecb4eb040b92e2c557b,c87203a12406cc5114b7ffa2d8877465,True,0,6616,33.08,16433070131.509727,5135334.41609679,6616.0,6774784.0,0.09945515595190535,0.0033087055438217883,0.0023176774354445318,0.07625000000000004,0.0633092224750812,0.0,0.0007562683841856981,0.032397721636907795,True,0.12012712206063299,reject,pre_step,drift_diffusion_then_jump,full_law,8,0.0,0.004734375,165.3911871217572,105985,4.723397823458283e-08,1.0012186366384523,0.0,8.738285973397823e-06,0.0
LSC-CP,"LSC-CP, tamed",67fe983bcba8cecb4eb040b92e2c557b,c87203a12406cc5114b7ffa2d8877465,True,1,6616,33.08,16433070131.509727,5135334.41609679,6616.0,6774784.0,0.08318489896957078,0.0013691962220983012,0.0003978701666534912,0.04250000000000004,0.05895827264000819,0.0,0.0002959880547183137,0.022827037071885825,True,0.12012712206063299,reject,pre_step,drift_diffusion_then_jump,full_law,8,0.0,0.004734375,165.3911871217572,105985,4.723397823458283e-08,1.0012186366384523,0.0,8.738285973397823e-06,0.0
LSC-CP,"LSC-CP, tamed",67fe983bcba8cecb4eb040b92e2c557b,c87203a12406cc5114b7ffa2d8877465,True,2,6616,33.08,16433070131.509727,5135334.41609679,6616.0,6774784.0,0.08006551479995806,0.0015595015011958813,0.0006034302108340883,0.05499999999999999,0.05813153878229438,0.0,0.001047137642422282,0.0403270370718858,True,0.12012712206063299,reject,pre_step,drift_diffusion_then_jump,full_law,8,0.0,0.004734375,165.3911871217572,105985,4.723397823458283e-08,1.0012186366384523,0.0,8.738285973397823e-06,0.0
LSC-CP,"LSC-CP, tamed",67fe983bcba8cecb4eb040b92e2c557b,c87203a12406cc5114b7ffa2d8877465,True,3,6616,33.08,16433070131.509727,5135334.41609679,6616.0,6774784.0,0.03530755216298545,9.716422558181392e-05,-0.0008921003080255563,0.030000000000000027,0.06414827306033022,0.0,0.00039823341086140697,0.02602524129120634,True,0.12012712206063299,reject,pre_step,drift_diffusion_then_jump,full_law,8,0.0,0.004734375,165.3911871217572,105985,4.723397823458283e-08,1.0012186366384523,0.0,8.738285973397823e-06,0.0
LSC-CP,"LSC-CP, tamed",67fe983bcba8cecb4eb040b92e2c557b,c87203a12406cc5114b7ffa2d8877465,True,0,6675,33.375,16579616554.992054,5181130.173435017,6675.0,6835200.0,0.09164985798377313,0.00246057578365777,0.0014714441409729995,0.07500000000000007,0.06858624862756946,0.0,9.754703681405345e-05,0.012397721636907777,True,0.12012712206063299,reject,pre_step,drift_diffusion_then_jump,full_law,8,0.0,0.0050794491525423735,205.29683695250498,106944,4.6816479400749066e-08,1.0013483146067417,0.0,8.754681647940075e-06,0.0
LSC-CP,"LSC-CP, tamed",67fe983bcba8cecb4eb040b92e2c557b,c87203a12406cc5114b7ffa2d8877465,True,1,6675,33.375,16579616554.992054,5181130.173435017,6675.0,6835200.0,0.10363844456935556,0.00252845515661404,0.0015589209555806338,0.05750000000000005,0.06496225716136694,0.0,0.0004475109144396975,0.02657703707188583,True,0.12012712206063299,reject,pre_step,drift_diffusion_then_jump,full_law,8,0.0,0.0050794491525423735,205.29683695250498,106944,4.6816479400749066e-08,1.0013483146067417,0.0,8.754681647940075e-06,0.0
LSC-CP,"LSC-CP, tamed",67fe983bcba8cecb4eb040b92e2c557b,c87203a12406cc5114b7ffa2d8877465,True,2,6675,33.375,16579616554.992054,5181130.173435017,6675.0,6835200.0,0.059831656703437174,0.0003591084690871549,-0.0006161191863056636,0.028749999999999998,0.06293106863198472,0.0,0.000628424795517538,0.030102278363092205,True,0.12012712206063299,reject,pre_step,drift_diffusion_then_jump,full_law,8,0.0,0.0050794491525423735,205.29683695250498,106944,4.6816479400749066e-08,1.0013483146067417,0.0,8.754681647940075e-06,0.0
LSC-CP,"LSC-CP, tamed",67fe983bcba8cecb4eb040b92e2c557b,c87203a12406cc5114b7ffa2d8877465,True,3,6675,33.375,16579616554.992054,5181130.173435017,6675.0,6835200.0,0.04394164557630825,0.0001441785837809073,-0.0008343853936295664,0.03874999999999999,0.05907453096557902,0.0,0.0002291576309846703,0.016352278363092193,True,0.12012712206063299,reject,pre_step,drift_diffusion_then_jump,full_law,8,0.0,0.0050794491525423735,205.29683695250498,106944,4.6816479400749066e-08,1.0013483146067417,0.0,8.754681647940075e-06,0.0
LSC-CP,"LSC-CP, tamed",67fe983bcba8cecb4eb040b92e2c557b,c87203a12406cc5114b7ffa2d8877465,True,0,6734,33.67,16726162978.47438,5226925.930773244,6734.0,6895616.0,0.08773397356726445,0.0015753690562644307,0.0005954080315810906,0.046249999999999986,0.06644954593127728,0.0,3.75985673038955e-05,0.0073977216369078,True,0.12012712206063299,reject,pre_step,drift_diffusion_then_jump,full_law,8,0.0,0.004904661016949154,163.7375842176407,107870,4.640629640629641e-08,1.0011694386694387,0.0,8.77079002079002e-06,0.0
LSC-CP,"LSC-CP, tamed",67fe983bcba8cecb4eb040b92e2c557b,c87203a12406cc5114b7ffa2d8877465,True,1,6734,33.67,16726162978.47438,5226925.930773244,6734.0,6895616.0,0.11383525742867653,0.0032752541399564405,0.002310576529896302,0.06375000000000003,0.059146653007100536,0.0,0.0007834362271307068,0.03532703707188581,True,0.12012712206063299,reject,pre_step,drift_diffusion_then_jump,full_law,8,0.0,0.004904661016949154,163.7375842176407,107870,4.640629640629641e-08,1.0011694386694387,0.0,8.77079002079002e-06,0.0
LSC-CP,"LSC-CP, tamed",67fe983bcba8cecb4eb040b92e2c557b,c87203a12406cc5114b7ffa2d8877465,True,2,6734,33.67,16726162978.47438,5226925.930773244,6734.0,6895616.0,0.044990226354091035,0.0003085038796405426,-0.0006607824852131738,0.026249999999999996,0.0629992723259657,0.0,0.0005017421630648927,0.02760227836309219,True,0.12012712206063299,reject,pre_step,drift_diffusion_then_jump,full_law,8,0.0,0.004904661016949154,163.7375842176407,107870,4.640629640629641e-08,1.0011694386694387,0.0,8.77079002079002e-06,0.0
LSC-CP,"LSC-CP, tamed",67fe983bcba8cecb4eb040b92e2c557b,c87203a12406cc5114b7ffa2d8877465,True,3,6734,33.67,16726162978.47438,5226925.930773244,6734.0,6895616.0,0.03750694057934671,0.0001278910891535645,-0.0008565333054150193,0.026249999999999996,0.061261842647812315,0.0,0.00021091697668851263,0.018525241291206335,True,0.12012712206063299,reject,pre_step,drift_diffusion_then_jump,full_law,8,0.0,0.004904661016949154,163.7375842176407,107870,4.640629640629641e-08,1.0011694386694387,0.0,8.77079002079002e-06,0.0
LSC-CP,"LSC-CP, tamed",67fe983bcba8cecb4eb040b92e2c557b,c87203a12406cc5114b7ffa2d8877465,True,0,6794,33.97,16875193239.642849,5273497.8873883905,6794.0,6957056.0,0.09681331291411031,0.0026365567550596936,0.0016554329484610442,0.06625000000000003,0.06454475953660199,0.0,0.0002822791667078089,0.021147721636907785,True,0.12012712206063299,reject,pre_step,drift_diffusion_then_jump,full_law,8,0.0,0.0048281250000000026,532.2101304465868,108797,4.59964674712982e-08,1.000855534294966,0.0,8.785325287017957e-06,0.0
LSC-CP,"LSC-CP, tamed",67fe983bcba8cecb4eb040b92e2c557b,c87203a12406cc5114b7ffa2d8877465,True,1,6794,33.97,16875193239.642849,5273497.8873883905,6794.0,6957056.0,0.12055940247096755,0.004465053550039788,0.0035073543692087927,0.07,0.062364473023556855,0.0,0.0007904801146867979,0.03522475870879366,True,0.12012712206063299,reject,pre_step,drift_diffusion_then_jump,full_law,8,0.0,0.0048281250000000026,532.2101304465868,108797,4.59964674712982e-08,1.000855534294966,0.0,8.785325287017957e-06,0.0
LSC-CP,"LSC-CP, tamed",67fe983bcba8cecb4eb040b92e2c557b,c87203a12406cc5114b7ffa2d8877465,True,2,6794,33.97,16875193239.642849,5273497.8873883905,6794.0,6957056.0,0.06951403076555165,0.000458189595405889,-0.0005178884240135684,0.0325,0.06436370881624387,0.0,0.0004016969587574328,0.023852278363092227,True,0.12012712206063299,reject,pre_step,drift_diffusion_then_jump,full_law,8,0.0,0.0048281250000000026,532.2101304465868,108797,4.59964674712982e-08,1.000855534294966,0.0,8.785325287017957e-06,0.0
LSC-CP,"LSC-CP, tamed",67fe983bcba8cecb4eb040b92e2c557b,c87203a12406cc5114b7ffa2d8877465,True,3,6794,33.97,16875193239.642849,5273497.8873883905,6794.0,6957056.0,0.07332348403118931,0.0005732898768137096,-0.0004070516732684881,0.04250000000000001,0.06595367410358288,0.0,7.299149049865786e-05,0.010102278363092215,True,0.12012712206063299,reject,pre_step,drift_diffusion_then_jump,full_law,8,0.0,0.0048281250000000026,532.2101304465868,108797,4.59964674712982e-08,1.000855534294966,0.0,8.785325287017957e-06,0.0
LSC-CP,"LSC-CP, tamed",67fe983bcba8cecb4eb040b92e2c557b,c87203a12406cc5114b7ffa2d8877465,True,0,6853,34.265,17021739663.125175,5319293.644726617,6853.0,7017472.0,0.11411171468321846,0.0041330787996248786,0.0031540298183349025,0.07624999999999998,0.05393986865881539,0.0,0.00042129026503157714,0.024897721636907816,True,0.12012712206063299,reject,pre_step,drift_diffusion_then_jump,full_law,8,0.0,0.0050052966101694915,509.40217936696286,109742,4.560046694878156e-08,1.000857288778637,0.0,8.80089012111484e-06,0.0
LSC-CP,"LSC-CP, tamed",67fe983bcba8cecb4eb040b92e2c557b,c87203a12406cc5114b7ffa2d8877465,True,1,6853,34.265,17021739663.125175,5319293.644726617,6853.0,7017472.0,0.11848683792774833,0.0037873446739432604,0.0028171102556394656,0.057499999999999996,0.06567679350334943,0.0,0.0005054076669023704,0.028974758708793652,True,0.12012712206063299,reject,pre_step,drift_diffusion_then_jump,full_law,8,0.0,0.0050052966101694915,509.40217936696286,109742,4.560046694878156e-08,1.000857288778637,0.0,8.80089012111484e-06,0.0
LSC-CP,"LSC-CP, tamed",67fe983bcba8cecb4eb040b92e2c557b,c87203a12406cc5114b7ffa2d8877465,True,2,6853,34.265,17021739663.125175,5319293.644726617,6853.0,7017472.0,0.07607340320229786,0.0007701907255255325,-0.00020416925323563095,0.03250000000000003,0.06211112221987847,0.0,0.0001523435449883679,0.01657703707188582,True,0.12012712206063299,reject,pre_step,drift_diffusion_then_jump,full_law,8,0.0,0.0050052966101694915,509.40217936696286,109742,4.560046694878156e-08,1.000857288778637,0.0,8.80089012111484e-06,0.0
LSC-CP,"LSC-CP, tamed",67fe983bcba8cecb4eb040b92e2c557b,c87203a12406cc5114b7ffa2d8877465,True,3,6853,34.265,17021739663.125175,5319293.644726617,6853.0,7017472.0,0.08862805356743983,0.0015512502790668847,0.000574088339351353,0.050000000000000044,0.06326707507269369,0.0,6.507245396337276e-05,0.010327037071885814,True,0.12012712206063299,reject,pre_step,drift_diffusion_then_jump,full_law,8,0.0,0.0050052966101694915,509.40217936696286,109742,4.560046694878156e-08,1.000857288778637,0.0,8.80089012111484e-06,0.0
LSC-CP,"LSC-CP, tamed",67fe983bcba8cecb4eb040b92e2c557b,c87203a12406cc5114b7ffa2d8877465,True,0,6912,34.56,17168286086.607502,5365089.402064844,6912.0,7077888.0,0.1143730546434949,0.0031774389313660167,0.0021982733306235014,0.053750000000000075,0.0614764092393405,0.0,0.00035119244986116824,0.021147721636907785,True,0.12012712206063299,reject,pre_step,drift_diffusion_then_jump,full_law,8,0.0,0.005026483050847457,141.07420942040093,110691,4.521122685185185e-08,1.0008951822916667,0.0,8.861400462962964e-06,0.0
LSC-CP,"LSC-CP, tamed",67fe983bcba8cecb4eb040b92e2c557b,c87203a12406cc5114b7ffa2d8877465,True,1,6912,34.56,17168286086.607502,5365089.402064844,6912.0,7077888.0,0.11151497424036474,0.0030900946084717607,0.0021216757752805515,0.05625000000000002,0.056413057231937125,0.0,0.00039820077885348217,0.02522475870879365,True,0.12012712206063299,reject,pre_step,drift_diffusion_then_jump,full_law,8,0.0,0.005026483050847457,141.07420942040093,110691,4.521122685185185e-08,1.0008951822916667,0.0,8.861400462962964e-06,0.0
LSC-CP,"LSC-CP, tamed",67fe983bcba8cecb4eb040b92e2c557b,c87203a12406cc5114b7ffa2d8877465,True,2,6912,34.56,17168286086.607502,5365089.402064844,6912.0,7077888.0,0.06318810949580803,0.000514876347285087,-0.0004622252907318103,0.040000000000000036,0.06005199469168565,0.0,0.00012785184826824688,0.013852278363092219,True,0.12012712206063299,reject,pre_step,drift_diffusion_then_jump,full_law,8,0.0,0.005026483050847457,141.07420942040093,110691,4.521122685185185e-08,1.0008951822916667,0.0,8.861400462962964e-06,0.0
LSC-CP,"LSC-CP, tamed",67fe983bcba8cecb4eb040b92e2c557b,c87203a12406cc5114b7ffa2d8877465,True,3,6912,34.56,17168286086.607502,5365089.402064844,6912.0,7077888.0,0.08529112045697416,0.0014232058166963046,0.0004439639232760584,0.04625000000000001,0.060821178236563855,0.0,1.258345372983689e-05,0.0039747587087936576,True,0.12012712206063299,reject,pre_step,drift_diffusion_then_jump,full_law,8,0.0,0.005026483050847457,141.07420942040093,110691,4.521122685185185e-08,1.0008951822916667,0.0,8.861400462962964e-06,0.0
LSC-CP,"LSC-CP, tamed",67fe983bcba8cecb4eb040b92e2c557b,c87203a12406cc5114b7ffa2d8877465,True,0,6972,34.86,17317316347.77597,5411661.358679991,6972.0,7139328.0,0.11233848817585294,0.0033600073068945635,0.0023872689042310213,0.06250000000000006,0.060113515787742045,0.0,0.000350096984294398,0.023974758708793648,True,0.12012712206063299,reject,pre_step,drift_diffusion_then_jump,full_law,8,0.0,0.005067708333333335,203.84422162913452,111664,4.482214572576018e-08,1.001004016064257,0.0,8.874784853700516e-06,0.0
LSC-CP,"LSC-CP, tamed",67fe983bcba8cecb4eb040b92e2c557b,c87203a12406cc5114b7ffa2d8877465,True,1,6972,34.86,17317316347.77597,5411661.358679991,6972.0,7139328.0,0.10458966070152588,0.0021827713548161487,0.0012056799009696473,0.06,0.06635180621167824,0.0,0.00013839822229494815,0.014077037071885817,True,0.12012712206063299,reject,pre_step,drift_diffusion_then_jump,full_law,8,0.0,0.005067708333333335,203.84422162913452,111664,4.482214572576018e-08,1.001004016064257,0.0,8.874784853700516e-06,0.0
LSC-CP,"LSC-CP, tamed",67fe983bcba8cecb4eb040b92e2c557b,c87203a12406cc5114b7ffa2d8877465,True,2,6972,34.86,17317316347.77597,5411661.358679991,6972.0,7139328.0,0.07176051864309993,0.0008562241967340345,-0.00012540419823947602,0.03875000000000001,0.05978006563181992,0.0,1.1960444849961813e-05,0.0038522783630922097,True,0.12012712206063299,reject,pre_step,drift_diffusion_then_jump,full_law,8,0.0,0.005067708333333335,203.84422162913452,111664,4.482214572576018e-08,1.001004016064257,0.0,8.874784853700516e-06,0.0
LSC-CP,"LSC-CP, tamed",67fe983bcba8cecb4eb040b92e2c557b,c87203a12406cc5114b7ffa2d8877465,True,3,6972,34.86,17317316347.77597,5411661.358679991,6972.0,7139328.0,0.10154082914801318,0.003083681860876375,0.0020976217138157782,0.07125000000000004,0.06354003166444655,0.0,0.0005130529027328381,0.02864772163690779,True,0.12012712206063299,reject,pre_step,drift_diffusion_then_jump,full_law,8,0.0,0.005067708333333335,203.84422162913452,111664,4.482214572576018e-08,1.001004016064257,0.0,8.874784853700516e-06,0.0
LSC-CP,"LSC-CP, tamed",67fe983bcba8cecb4eb040b92e2c557b,c87203a12406cc5114b7ffa2d8877465,True,0,7031,35.155,17463862771.258297,5457457.116018218,7031.0,7199744.0,0.11107804314267566,0.0032749610008815377,0.002302082795710647,0.06374999999999997,0.06388837205650255,0.0,0.0003656029633802879,0.023974758708793648,True,0.12012712206063299,reject,pre_step,drift_diffusion_then_jump,full_law,8,0.0,0.004830508474576271,224.89050084394603,112576,4.444602474754658e-08,1.0007111363959607,0.0,8.84475892476177e-06,0.0
LSC-CP,"LSC-CP, tamed",67fe983bcba8cecb4eb040b92e2c557b,c87203a12406cc5114b7ffa2d8877465,True,1,7031,35.155,17463862771.258297,5457457.116018218,7031.0,7199744.0,0.09490450297322447,0.0020028615008843564,0.0010268327958059542,0.05374999999999999,0.061749515719279335,0.0,8.406953362791311e-05,0.011474758708793636,True,0.12012712206063299,reject,pre_step,drift_diffusion_then_jump,full_law,8,0.0,0.004830508474576271,224.89050084394603,112576,4.444602474754658e-08,1.0007111363959607,0.0,8.84475892476177e-06,0.0
LSC-CP,"LSC-CP, tamed",67fe983bcba8cecb4eb040b92e2c557b,c87203a12406cc5114b7ffa2d8877465,True,2,7031,35.155,17463862771.258297,5457457.116018218,7031.0,7199744.0,0.08879459908835118,0.0012078782737421356,0.00022583188553648714,0.053750000000000075,0.06163378284773846,0.0,1.4542713043311662e-05,0.005327037071885837,True,0.12012712206063299,reject,pre_step,drift_diffusion_then_jump,full_law,8,0.0,0.004830508474576271,224.89050084394603,112576,4.444602474754658e-08,1.0007111363959607,0.0,8.84475892476177e-06,0.0
LSC-CP,"LSC-CP, tamed",67fe983bcba8cecb4eb040b92e2c557b,c87203a12406cc5114b7ffa2d8877465,True,3,7031,35.155,17463862771.258297,5457457.116018218,7031.0,7199744.0,0.12524892459721979,0.0049643520179868394,0.003984486492625616,0.07625000000000004,0.06342350572381805,0.0,0.0009203827168942896,0.0373977216369078,True,0.12012712206063299,reject,pre_step,drift_diffusion_then_jump,full_law,8,0.0,0.004830508474576271,224.89050084394603,112576,4.444602474754658e-08,1.0007111363959607,0.0,8.84475892476177e-06,0.0
LSC-CP,"LSC-CP, tamed",67fe983bcba8cecb4eb040b92e2c557b,c87203a12406cc5114b7ffa2d8877465,True,0,7091,35.455,17612893032.426765,5504029.072633364,7091.0,7261184.0,0.10358701062672603,0.0024692141379007992,0.0015017909149721564,0.05625000000000002,0.0666926227235819,0.0,0.0004959357790062244,0.02907703707188583,True,0.12012712206063299,reject,pre_step,drift_diffusion_then_jump,full_law,8,0.0,0.0049427083333333345,227.86048204850985,113525,4.406994782118178e-08,1.0006081652799323,0.0,8.902129459878719e-06,0.0
LSC-CP,"LSC-CP, tamed",67fe983bcba8cecb4eb040b92e2c557b,c87203a12406cc5114b7ffa2d8877465,True,1,7091,35.455,17612893032.426765,5504029.072633364,7091.0,7261184.0,0.09230226436265931,0.0019160871310217598,0.0009527611387787349,0.04749999999999999,0.058184996992048266,0.0,0.0005527949484205198,0.032827037071885806,True,0.12012712206063299,reject,pre_step,drift_diffusion_then_jump,full_law,8,0.0,0.0049427083333333345,227.86048204850985,113525,4.406994782118178e-08,1.0006081652799323,0.0,8.902129459878719e-06,0.0
LSC-CP,"LSC-CP, tamed",67fe983bcba8cecb4eb040b92e2c557b,c87203a12406cc5114b7ffa2d8877465,True,2,7091,35.455,17612893032.426765,5504029.072633364,7091.0,7261184.0,0.07396180722295753,0.0008616667155414426,-0.00011049212337366221,0.03875000000000001,0.06501847440788211,0.0,0.00034890716910865576,0.02282703707188584,True,0.12012712206063299,reject,pre_step,drift_diffusion_then_jump,full_law,8,0.0,0.0049427083333333345,227.86048204850985,113525,4.406994782118178e-08,1.0006081652799323,0.0,8.902129459878719e-06,0.0
LSC-CP,"LSC-CP, tamed",67fe983bcba8cecb4eb040b92e2c557b,c87203a12406cc5114b7ffa2d8877465,True,3,7091,35.455,17612893032.426765,5504029.072633364,7091.0,7261184.0,0.12268917061621362,0.004370618471313703,0.003389491374279352,0.06625,0.06610823474557603,0.0,0.0005429084094329031,0.02522475870879365,True,0.12012712206063299,reject,pre_step,drift_diffusion_then_jump,full_law,8,0.0,0.0049427083333333345,227.86048204850985,113525,4.406994782118178e-08,1.0006081652799323,0.0,8.902129459878719e-06,0.0
LSC-CP,"LSC-CP, tamed",67fe983bcba8cecb4eb040b92e2c557b,c87203a12406cc5114b7ffa2d8877465,True,0,7150,35.75,17759439455.909092,5549824.829971591,7150.0,7321600.0,0.09371696887030098,0.002125935698600312,0.0011581541008292007,0.05250000000000005,0.05756418971282806,0.0,0.0002425853154485666,0.021577037071885824,True,0.12012712206063299,reject,pre_step,drift_diffusion_then_jump,full_law,8,0.0,0.004888771186440678,156.73751729688942,114448,4.3706293706293703e-08,1.0004195804195803,0.0,8.95979020979021e-06,0.0
LSC-CP,"LSC-CP, tamed",67fe983bcba8cecb4eb040b92e2c557b,c87203a12406cc5114b7ffa2d8877465,True,1,7150,35.75,17759439455.909092,5549824.829971591,7150.0,7321600.0,0.09433940840276862,0.0016746245809193816,0.0006999828990590373,0.05250000000000002,0.06068149377409182,0.0,0.00019128927566045353,0.019077037071885822,True,0.12012712206063299,reject,pre_step,drift_diffusion_then_jump,full_law,8,0.0,0.004888771186440678,156.73751729688942,114448,4.3706293706293703e-08,1.0004195804195803,0.0,8.95979020979021e-06,0.0
LSC-CP,"LSC-CP, tamed",67fe983bcba8cecb4eb040b92e2c557b,c87203a12406cc5114b7ffa2d8877465,True,2,7150,35.75,17759439455.909092,5549824.829971591,7150.0,7321600.0,0.059260236654592915,0.00029309064087945647,-0.0006835645807767854,0.03249999999999997,0.0640636472355075,0.0,0.0005081598385579204,0.027602278363092217,True,0.12012712206063299,reject,pre_step,drift_diffusion_then_jump,full_law,8,0.0,0.004888771186440678,156.73751729688942,114448,4.3706293706293703e-08,1.0004195804195803,0.0,8.95979020979021e-06,0.0
LSC-CP,"LSC-CP, tamed",67fe983bcba8cecb4eb040b92e2c557b,c87203a12406cc5114b7ffa2d8877465,True,3,7150,35.75,17759439455.909092,5549824.829971591,7150.0,7321600.0,0.10158172580244351,0.002443546921118478,0.00146462063852415,0.05249999999999999,0.06776007542872209,0.0,0.00018782197272720674,0.016147721636907836,True,0.12012712206063299,reject,pre_step,drift_diffusion_then_jump,full_law,8,0.0,0.004888771186440678,156.73751729688942,114448,4.3706293706293703e-08,1.0004195804195803,0.0,8.95979020979021e-06,0.0
LSC-CP,"LSC-CP, tamed",67fe983bcba8cecb4eb040b92e2c557b,c87203a12406cc5114b7ffa2d8877465,True,0,7209,36.045,17905985879.39142,5595620.587309819,7209.0,7382016.0,0.10093987869739113,0.002617296339499142,0.0016459443582741429,0.06,0.06254315945184219,0.0,0.00023913124959516578,0.020327037071885823,True,0.12012712206063299,reject,pre_step,drift_diffusion_then_jump,full_law,8,0.0,0.004862288135593221,194.34559131028507,115366,4.3348592037730615e-08,1.000190733804966,0.0,8.929809959772506e-06,0.0
LSC-CP,"LSC-CP, tamed",67fe983bcba8cecb4eb040b92e2c557b,c87203a12406cc5114b7ffa2d8877465,True,1,7209,36.045,17905985879.39142,5595620.587309819,7209.0,7382016.0,0.08458514794131013,0.0015571999564215622,0.0005816949805725891,0.04500000000000004,0.05528727124068322,0.0,2.9821850891031e-05,0.006577037071885811,True,0.12012712206063299,reject,pre_step,drift_diffusion_then_jump,full_law,8,0.0,0.004862288135593221,194.34559131028507,115366,4.3348592037730615e-08,1.000190733804966,0.0,8.929809959772506e-06,0.0
LSC-CP,"LSC-CP, tamed",67fe983bcba8cecb4eb040b92e2c557b,c87203a12406cc5114b7ffa2d8877465,True,2,7209,36.045,17905985879.39142,5595620.587309819,7209.0,7382016.0,0.062389035846063576,0.0003123956583584997,-0.0006701266050499477,0.037500000000000006,0.06712922678635314,0.0,7.18070495089666e-05,0.010102278363092215,True,0.12012712206063299,reject,pre_step,drift_diffusion_then_jump,full_law,8,0.0,0.004862288135593221,194.34559131028507,115366,4.3348592037730615e-08,1.000190733804966,0.0,8.929809959772506e-06,0.0
LSC-CP,"LSC-CP, tamed",67fe983bcba8cecb4eb040b92e2c557b,c87203a12406cc5114b7ffa2d8877465,True,3,7209,36.045,17905985879.39142,5595620.587309819,7209.0,7382016.0,0.09015192617091168,0.0016560870060550181,0.0006710782261467596,0.04125000000000001,0.05909666403925695,0.0,0.00012336766078327238,0.013647721636907806,True,0.12012712206063299,reject,pre_step,drift_diffusion_then_jump,full_law,8,0.0,0.004862288135593221,194.34559131028507,115366,4.3348592037730615e-08,1.000190733804966,0.0,8.929809959772506e-06,0.0
LSC-CP,"LSC-CP, tamed",67fe983bcba8cecb4eb040b92e2c557b,c87203a12406cc5114b7ffa2d8877465,True,0,7269,36.345,18055016140.559887,5642192.543924965,7269.0,7443456.0,0.10396447171182693,0.0026325123630787095,0.0016667052456859066,0.04500000000000004,0.06194228234855381,0.0,0.00045018763690713327,0.02907703707188583,True,0.12012712206063299,reject,pre_step,drift_diffusion_then_jump,full_law,8,0.0,0.005234375000000001,145.1329541588426,116371,4.2990782776172786e-08,1.0005760764892007,0.0,8.899092034667767e-06,0.0
LSC-CP,"LSC-CP, tamed",67fe983bcba8cecb4eb040b92e2c557b,c87203a12406cc5114b7ffa2d8877465,True,1,7269,36.345,18055016140.559887,5642192.543924965,7269.0,7443456.0,0.08531960168769638,0.0011323178407095513,0.00015749944024867624,0.06375,0.06254033268014236,0.0,6.93416134390024e-05,0.011577037071885815,True,0.12012712206063299,reject,pre_step,drift_diffusion_then_jump,full_law,8,0.0,0.005234375000000001,145.1329541588426,116371,4.2990782776172786e-08,1.0005760764892007,0.0,8.899092034667767e-06,0.0
LSC-CP,"LSC-CP, tamed",67fe983bcba8cecb4eb040b92e2c557b,c87203a12406cc5114b7ffa2d8877465,True,2,7269,36.345,18055016140.559887,5642192.543924965,7269.0,7443456.0,0.0586003729249795,0.0005084045501678736,-0.0004832881001224365,0.04125000000000001,0.06559323452763022,0.0,0.0001072016822271705,0.01352524129120633,True,0.12012712206063299,reject,pre_step,drift_diffusion_then_jump,full_law,8,0.0,0.005234375000000001,145.1329541588426,116371,4.2990782776172786e-08,1.0005760764892007,0.0,8.899092034667767e-06,0.0
LSC-CP,"LSC-CP, tamed",67fe983bcba8cecb4eb040b92e2c557b,c87203a12406cc5114b7ffa2d8877465,True,3,7269,36.345,18055016140.559887,5642192.543924965,7269.0,7443456.0,0.08479311553582361,0.0016015384678579325,0.0006173491104978224,0.053749999999999964,0.0595038962110479,0.0,2.3872259253065282e-05,0.006147721636907827,True,0.12012712206063299,reject,pre_step,drift_diffusion_then_jump,full_law,8,0.0,0.005234375000000001,145.1329541588426,116371,4.2990782776172786e-08,1.0005760764892007,0.0,8.899092034667767e-06,0.0
LSC-CP,"LSC-CP, tamed",67fe983bcba8cecb4eb040b92e2c557b,c87203a12406cc5114b7ffa2d8877465,True,0,7328,36.64,18201562564.042213,5687988.301263192,7328.0,7503872.0,0.09417732153469238,0.0018617914037534211,0.0008923909913880479,0.05750000000000002,0.0657786978671765,0.0,0.00043072021709934533,0.02907703707188583,True,0.12012712206063299,reject,pre_step,drift_diffusion_then_jump,full_law,8,0.0,0.0048463983050847466,155.9089433825758,117286,4.264465065502183e-08,1.0003240993449782,0.0,8.827442685589519e-06,0.0
LSC-CP,"LSC-CP, tamed",67fe983bcba8cecb4eb040b92e2c557b,c87203a12406cc5114b7ffa2d8877465,True,1,7328,36.64,18201562564.042213,5687988.301263192,7328.0,7503872.0,0.09223177871698707,0.0015888138715109967,0.0006172983115241282,0.06,0.06057101851521518,0.0,0.00022779819193542716,0.02032703707188585,True,0.12012712206063299,reject,pre_step,drift_diffusion_then_jump,full_law,8,0.0,0.0048463983050847466,155.9089433825758,117286,4.264465065502183e-08,1.0003240993449782,0.0,8.827442685589519e-06,0.0
LSC-CP,"LSC-CP, tamed",67fe983bcba8cecb4eb040b92e2c557b,c87203a12406cc5114b7ffa2d8877465,True,2,7328,36.64,18201562564.042213,5687988.301263192,7328.0,7503872.0,0.04875584931488507,6.216055190921832e-05,-0.000924894086289707,0.03,0.06526104989862336,0.0,0.00029192823805094777,0.02102524129120631,True,0.12012712206063299,reject,pre_step,drift_diffusion_then_jump,full_law,8,0.0,0.0048463983050847466,155.9089433825758,117286,4.264465065502183e-08,1.0003240993449782,0.0,8.827442685589519e-06,0.0
LSC-CP,"LSC-CP, tamed",67fe983bcba8cecb4eb040b92e2c557b,c87203a12406cc5114b7ffa2d8877465,True,3,7328,36.64,18201562564.042213,5687988.301263192,7328.0,7503872.0,0.09375522949527916,0.0020949599487731785,0.0011180457269306388,0.0625,0.061497964246110426,0.0,5.2671676104332145e-05,0.008974758708793662,True,0.12012712206063299,reject,pre_step,drift_diffusion_then_jump,full_law,8,0.0,0.0048463983050847466,155.9089433825758,117286,4.264465065502183e-08,1.0003240993449782,0.0,8.827442685589519e-06,0.0
LSC-CP,"LSC-CP, tamed",67fe983bcba8cecb4eb040b92e2c557b,c87203a12406cc5114b7ffa2d8877465,True,0,7388,36.94,18350592825.210682,5734560.257878338,7388.0,7565312.0,0.09174372613578521,0.0019289686716613685,0.000964220425884843,0.057499999999999996,0.06561120267326281,0.0,0.0006570986672775579,0.03532703707188581,True,0.12012712206063299,reject,pre_step,drift_diffusion_then_jump,full_law,8,0.0,0.004942708333333333,146.44963094869308,118235,4.229832160259881e-08,1.000228410936654,0.0,8.798050893340551e-06,0.0
LSC-CP,"LSC-CP, tamed",67fe983bcba8cecb4eb040b92e2c557b,c87203a12406cc5114b7ffa2d8877465,True,1,7388,36.94,18350592825.210682,5734560.257878338,7388.0,7565312.0,0.10177681702713978,0.00213876563733173,0.0011623231494208852,0.06000000000000005,0.06107935856473101,0.0,0.00010303880334490683,0.012827037071885816,True,0.12012712206063299,reject,pre_step,drift_diffusion_then_jump,full_law,8,0.0,0.004942708333333333,146.44963094869308,118235,4.229832160259881e-08,1.000228410936654,0.0,8.798050893340551e-06,0.0
LSC-CP,"LSC-CP, tamed",67fe983bcba8cecb4eb040b92e2c557b,c87203a12406cc5114b7ffa2d8877465,True,2,7388,36.94,18350592825.210682,5734560.257878338,7388.0,7565312.0,0.027196315334754938,8.266889902763808e-05,-0.0009037447838917689,0.026249999999999996,0.056665924815546664,0.0,0.0003743524999465617,0.02352524129120631,True,0.12012712206063299,reject,pre_step,drift_diffusion_then_jump,full_law,8,0.0,0.004942708333333333,146.44963094869308,118235,4.229832160259881e-08,1.000228410936654,0.0,8.798050893340551e-06,0.0
LSC-CP,"LSC-CP, tamed",67fe983bcba8cecb4eb040b92e2c557b,c87203a12406cc5114b7ffa2d8877465,True,3,7388,36.94,18350592825.210682,5734560.257878338,7388.0,7565312.0,0.08582484114871654,0.0016957368262937589,0.0007168639258077203,0.05875000000000008,0.06487226522449341,0.0,1.797484328287574e-05,0.005224758708793659,True,0.12012712206063299,reject,pre_step,drift_diffusion_then_jump,full_law,8,0.0,0.004942708333333333,146.44963094869308,118235,4.229832160259881e-08,1.000228410936654,0.0,8.798050893340551e-06,0.0
LSC-CP,"LSC-CP, tamed",67fe983bcba8cecb4eb040b92e2c557b,c87203a12406cc5114b7ffa2d8877465,True,0,7447,37.235,18497139248.69301,5780356.015216565,7447.0,7625728.0,0.08518844000228118,0.00128256978310326,0.00031865396163366366,0.047500000000000014,0.06043979443319469,0.0,0.0007060563838154517,0.03532703707188582,True,0.12012712206063299,reject,pre_step,drift_diffusion_then_jump,full_law,8,0.0,0.005121822033898304,548.4305150167014,119202,4.196320666040016e-08,1.000419632066604,0.0,8.854236605344434e-06,0.0
LSC-CP,"LSC-CP, tamed",67fe983bcba8cecb4eb040b92e2c557b,c87203a12406cc5114b7ffa2d8877465,True,1,7447,37.235,18497139248.69301,5780356.015216565,7447.0,7625728.0,0.09820857958388375,0.0021802707712289537,0.0012047137546821185,0.057499999999999996,0.06836253863161457,0.0,0.00011835724619228675,0.013974758708793639,True,0.12012712206063299,reject,pre_step,drift_diffusion_then_jump,full_law,8,0.0,0.005121822033898304,548.4305150167014,119202,4.196320666040016e-08,1.000419632066604,0.0,8.854236605344434e-06,0.0
LSC-CP,"LSC-CP, tamed",67fe983bcba8cecb4eb040b92e2c557b,c87203a12406cc5114b7ffa2d8877465,True,2,7447,37.235,18497139248.69301,5780356.015216565,7447.0,7625728.0,0.05401862929419317,0.0004589192504262929,-0.0005211735932164618,0.03125,0.06552973640507309,0.0,0.000115892114113739,0.012602278363092217,True,0.12012712206063299,reject,pre_step,drift_diffusion_then_jump,full_law,8,0.0,0.005121822033898304,548.4305150167014,119202,4.196320666040016e-08,1.000419632066604,0.0,8.854236605344434e-06,0.0
LSC-CP,"LSC-CP, tamed",67fe983bcba8cecb4eb040b92e2c557b,c87203a12406cc5114b7ffa2d8877465,True,3,7447,37.235,18497139248.69301,5780356.015216565,7447.0,7625728.0,0.08105771269217196,0.0010947448426608108,0.00012195162221262379,0.04500000000000001,0.06609305569360036,0.0,8.769541821209044e-06,0.0040770370718858084,True,0.12012712206063299,reject,pre_step,drift_diffusion_then_jump,full_law,8,0.0,0.005121822033898304,548.4305150167014,119202,4.196320666040016e-08,1.000419632066604,0.0,8.854236605344434e-06,0.0
LSC-CP,"LSC-CP, tamed",67fe983bcba8cecb4eb040b92e2c557b,c87203a12406cc5114b7ffa2d8877465,True,0,7506,37.53,18643685672.175335,5826151.772554792,7506.0,7686144.0,0.05915096348435132,0.0004868920960140466,-0.0004812105445172188,0.03749999999999998,0.06208433666687818,0.0,0.0006850694365323094,0.03135227836309222,True,0.12012712206063299,reject,pre_step,drift_diffusion_then_jump,full_law,8,0.0,0.0049311440677966105,154.90676172449,120133,4.163335997868372e-08,1.0003080868638423,0.0,8.867905675459633e-06,0.0
LSC-CP,"LSC-CP, tamed",67fe983bcba8cecb4eb040b92e2c557b,c87203a12406cc5114b7ffa2d8877465,True,1,7506,37.53,18643685672.175335,5826151.772554792,7506.0,7686144.0,0.09493350803104145,0.0021925496796776356,0.0012186516060900265,0.05874999999999997,0.05818120610424249,0.0,8.092560288520305e-05,0.011474758708793636,True,0.12012712206063299,reject,pre_step,drift_diffusion_then_jump,full_law,8,0.0,0.0049311440677966105,154.90676172449,120133,4.163335997868372e-08,1.0003080868638423,0.0,8.867905675459633e-06,0.0
LSC-CP,"LSC-CP, tamed",67fe983bcba8cecb4eb040b92e2c557b,c87203a12406cc5114b7ffa2d8877465,True,2,7506,37.53,18643685672.175335,5826151.772554792,7506.0,7686144.0,0.042501044668869545,7.254565148762104e-05,-0.0009104688270121786,0.036250000000000004,0.06503027766134606,0.0,0.00033025625332771104,0.020102278363092183,True,0.12012712206063299,reject,pre_step,drift_diffusion_then_jump,full_law,8,0.0,0.0049311440677966105,154.90676172449,120133,4.163335997868372e-08,1.0003080868638423,0.0,8.867905675459633e-06,0.0
LSC-CP,"LSC-CP, tamed",67fe983bcba8cecb4eb040b92e2c557b,c87203a12406cc5114b7ffa2d8877465,True,3,7506,37.53,18643685672.175335,5826151.772554792,7506.0,7686144.0,0.08102300457269679,0.0011865169766880346,0.0001990911728740885,0.05125000000000002,0.06458626584493954,0.0,2.8541390365595517e-05,0.007172962928114174,True,0.12012712206063299,reject,pre_step,drift_diffusion_then_jump,full_law,8,0.0,0.0049311440677966105,154.90676172449,120133,4.163335997868372e-08,1.0003080868638423,0.0,8.867905675459633e-06,0.0
LSC-CP,"LSC-CP, tamed",67fe983bcba8cecb4eb040b92e2c557b,c87203a12406cc5114b7ffa2d8877465,True,0,7566,37.83,18792715933.343803,5872723.729169939,7566.0,7747584.0,0.07686322016196098,0.000945590767374549,-4.088762590126471e-05,0.034999999999999976,0.06601860991358399,0.0,8.396201083275877e-06,0.003525241291206377,True,0.12012712206063299,reject,pre_step,drift_diffusion_then_jump,full_law,8,0.0,0.0050260416666666665,148.35782287652523,121098,4.1303198519693365e-08,1.0003469468675654,0.0,8.880187681734074e-06,0.0
LSC-CP,"LSC-CP, tamed",67fe983bcba8cecb4eb040b92e2c557b,c87203a12406cc5114b7ffa2d8877465,True,1,7566,37.83,18792715933.343803,5872723.729169939,7566.0,7747584.0,0.09567795383165528,0.0022080775489484727,0.0012345452816592273,0.053750000000000075,0.06390111141229637,0.0,0.00017664415203762131,0.01657703707188582,True,0.12012712206063299,reject,pre_step,drift_diffusion_then_jump,full_law,8,0.0,0.0050260416666666665,148.35782287652523,121098,4.1303198519693365e-08,1.0003469468675654,0.0,8.880187681734074e-06,0.0
LSC-CP,"LSC-CP, tamed",67fe983bcba8cecb4eb040b92e2c557b,c87203a12406cc5114b7ffa2d8877465,True,2,7566,37.83,18792715933.343803,5872723.729169939,7566.0,7747584.0,0.05161102594303622,0.0003000407053841414,-0.0006784505585898382,0.025000000000000022,0.061967597954592946,0.0,8.629989763947048e-05,0.010102278363092215,True,0.12012712206063299,reject,pre_step,drift_diffusion_then_jump,full_law,8,0.0,0.0050260416666666665,148.35782287652523,121098,4.1303198519693365e-08,1.0003469468675654,0.0,8.880187681734074e-06,0.0
LSC-CP,"LSC-CP, tamed",67fe983bcba8cecb4eb040b92e2c557b,c87203a12406cc5114b7ffa2d8877465,True,3,7566,37.83,18792715933.343803,5872723.729169939,7566.0,7747584.0,0.08647193372508864,0.0011350834415816413,0.0001469227066517309,0.05500000000000005,0.06814195229870768,0.0,4.096251501727087e-06,0.0028270370718858073,True,0.12012712206063299,reject,pre_step,drift_diffusion_then_jump,full_law,8,0.0,0.0050260416666666665,148.35782287652523,121098,4.1303198519693365e-08,1.0003469468675654,0.0,8.880187681734074e-06,0.0
LSC-CP,"LSC-CP, tamed",67fe983bcba8cecb4eb040b92e2c557b,c87203a12406cc5114b7ffa2d8877465,True,0,7625,38.125,18939262356.82613,5918519.4865081655,7625.0,7808000.0,0.09632023209025949,0.002325625278821186,0.001359352707264283,0.06624999999999998,0.05974820000620873,0.0,0.0003803028697307101,0.02657703707188583,True,0.12012712206063299,reject,pre_step,drift_diffusion_then_jump,full_law,8,0.0,0.005000000000000003,198.38809532181682,122042,4.0983606557377046e-08,1.000344262295082,0.0,8.934426229508197e-06,0.0
LSC-CP,"LSC-CP, tamed",67fe983bcba8cecb4eb040b92e2c557b,c87203a12406cc5114b7ffa2d8877465,True,1,7625,38.125,18939262356.82613,5918519.4865081655,7625.0,7808000.0,0.10992646435139042,0.0031616064410696643,0.0021937920151663404,0.07,0.06160887795979142,0.0,0.0003385262993267843,0.022724758708793646,True,0.12012712206063299,reject,pre_step,drift_diffusion_then_jump,full_law,8,0.0,0.005000000000000003,198.38809532181682,122042,4.0983606557377046e-08,1.000344262295082,0.0,8.934426229508197e-06,0.0
LSC-CP,"LSC-CP, tamed",67fe983bcba8cecb4eb040b92e2c557b,c87203a12406cc5114b7ffa2d8877465,True,2,7625,38.125,18939262356.82613,5918519.4865081655,7625.0,7808000.0,0.059300394866584505,0.00040558083319885974,-0.0005681379062210112,0.035,0.06015582911298556,0.0,0.00046643327468470167,0.026352278363092202,True,0.12012712206063299,reject,pre_step,drift_diffusion_then_jump,full_law,8,0.0,0.005000000000000003,198.38809532181682,122042,4.0983606557377046e-08,1.000344262295082,0.0,8.934426229508197e-06,0.0
LSC-CP,"LSC-CP, tamed",67fe983bcba8cecb4eb040b92e2c557b,c87203a12406cc5114b7ffa2d8877465,True,3,7625,38.125,18939262356.82613,5918519.4865081655,7625.0,7808000.0,0.06174747052673047,0.0006334786704866868,-0.0003412673036128355,0.04000000000000001,0.06491571842330202,0.0,4.031918867933678e-05,0.0072752412912063524,True,0.12012712206063299,reject,pre_step,drift_diffusion_then_jump,full_law,8,0.0,0.005000000000000003,198.38809532181682,122042,4.0983606557377046e-08,1.000344262295082,0.0,8.934426229508197e-06,0.0
LSC-CP,"LSC-CP, tamed",67fe983bcba8cecb4eb040b92e2c557b,c87203a12406cc5114b7ffa2d8877465,True,0,7684,38.42,19085808780.308456,5964315.243846392,7684.0,7868416.0,0.07734630440797874,0.0010360206991941734,6.379475368789578e-05,0.04375000000000001,0.05864105763053362,0.0,0.00022121917940371317,0.019077037071885794,True,0.12012712206063299,reject,pre_step,drift_diffusion_then_jump,full_law,8,0.0,0.0051059322033898315,179.01785825721674,123006,4.0668922436231126e-08,1.0005042946382092,0.0,8.947162935970848e-06,0.0
LSC-CP,"LSC-CP, tamed",67fe983bcba8cecb4eb040b92e2c557b,c87203a12406cc5114b7ffa2d8877465,True,1,7684,38.42,19085808780.308456,5964315.243846392,7684.0,7868416.0,0.0910488149003686,0.0022029207448784893,0.0012176975642205212,0.06500000000000006,0.06844121015952676,0.0,7.84269045938854e-05,0.011147721636907804,True,0.12012712206063299,reject,pre_step,drift_diffusion_then_jump,full_law,8,0.0,0.0051059322033898315,179.01785825721674,123006,4.0668922436231126e-08,1.0005042946382092,0.0,8.947162935970848e-06,0.0
LSC-CP,"LSC-CP, tamed",67fe983bcba8cecb4eb040b92e2c557b,c87203a12406cc5114b7ffa2d8877465,True,2,7684,38.42,19085808780.308456,5964315.243846392,7684.0,7868416.0,0.05915140115662472,0.0004887314610809712,-0.00047859231378988287,0.030000000000000027,0.06272225638402285,0.0,0.0010201646792458267,0.0388522783630922,True,0.12012712206063299,reject,pre_step,drift_diffusion_then_jump,full_law,8,0.0,0.0051059322033898315,179.01785825721674,123006,4.0668922436231126e-08,1.0005042946382092,0.0,8.947162935970848e-06,0.0
LSC-CP,"LSC-CP, tamed",67fe983bcba8cecb4eb040b92e2c557b,c87203a12406cc5114b7ffa2d8877465,True,3,7684,38.42,19085808780.308456,5964315.243846392,7684.0,7868416.0,0.05540832443800758,0.0002025281331915485,-0.0007817246967206648,0.035,0.06453609347175238,0.0,0.00026756225432650674,0.020102278363092183,True,0.12012712206063299,reject,pre_step,drift_diffusion_then_jump,full_law,8,0.0,0.0051059322033898315,179.01785825721674,123006,4.0668922436231126e-08,1.0005042946382092,0.0,8.947162935970848e-06,0.0
LSC-CP,"LSC-CP, tamed",67fe983bcba8cecb4eb040b92e2c557b,c87203a12406cc5114b7ffa2d8877465,True,0,7744,38.72,19234839041.476925,6010887.200461539,7744.0,7929856.0,0.07295570311138141,0.0009403489425218181,-3.870108813264217e-05,0.040000000000000036,0.06079145318187362,0.0,5.549644894037461e-06,0.002827037071885835,True,0.12012712206063299,reject,pre_step,drift_diffusion_then_jump,full_law,8,0.0,0.004953125000000001,164.03289193529668,123957,4.035382231404959e-08,1.0004277505165289,0.0,8.998902376033059e-06,0.0
LSC-CP,"LSC-CP, tamed",67fe983bcba8cecb4eb040b92e2c557b,c87203a12406cc5114b7ffa2d8877465,True,1,7744,38.72,19234839041.476925,6010887.200461539,7744.0,7929856.0,0.08892543182387631,0.0018587521914763538,0.0008722207137255023,0.06,0.06238027803972401,0.0,2.3872259253065282e-05,0.006147721636907827,True,0.12012712206063299,reject,pre_step,drift_diffusion_then_jump,full_law,8,0.0,0.004953125000000001,164.03289193529668,123957,4.035382231404959e-08,1.0004277505165289,0.0,8.998902376033059e-06,0.0
LSC-CP,"LSC-CP, tamed",67fe983bcba8cecb4eb040b92e2c557b,c87203a12406cc5114b7ffa2d8877465,True,2,7744,38.72,19234839041.476925,6010887.200461539,7744.0,7929856.0,0.040397471744723995,7.643686847869091e-05,-0.0009030452632566854,0.028750000000000053,0.061503223303133514,0.0,0.0006576152694887623,0.030102278363092205,True,0.12012712206063299,reject,pre_step,drift_diffusion_then_jump,full_law,8,0.0,0.004953125000000001,164.03289193529668,123957,4.035382231404959e-08,1.0004277505165289,0.0,8.998902376033059e-06,0.0
LSC-CP,"LSC-CP, tamed",67fe983bcba8cecb4eb040b92e2c557b,c87203a12406cc5114b7ffa2d8877465,True,3,7744,38.72,19234839041.476925,6010887.200461539,7744.0,7929856.0,0.06951364309177926,0.000852073158850275,-0.00011646296402445522,0.03749999999999998,0.05873551383827191,0.0,0.0003013413239714704,0.02010227836309221,True,0.12012712206063299,reject,pre_step,drift_diffusion_then_jump,full_law,8,0.0,0.004953125000000001,164.03289193529668,123957,4.035382231404959e-08,1.0004277505165289,0.0,8.998902376033059e-06,0.0
LSC-CP,"LSC-CP, tamed",67fe983bcba8cecb4eb040b92e2c557b,c87203a12406cc5114b7ffa2d8877465,True,0,7803,39.015,19381385464.95925,6056682.957799766,7803.0,7990272.0,0.0714140566775491,0.0008946385128044687,-8.271570334827949e-05,0.03750000000000003,0.05894337546190198,0.0,4.323846444579662e-06,0.0026022783630922086,True,0.12012712206063299,reject,pre_step,drift_diffusion_then_jump,full_law,8,0.0,0.004915254237288135,157.7115217299894,124885,4.004869921824939e-08,1.000296360374215,0.0,9.051006023324362e-06,0.0
LSC-CP,"LSC-CP, tamed",67fe983bcba8cecb4eb040b92e2c557b,c87203a12406cc5114b7ffa2d8877465,True,1,7803,39.015,19381385464.95925,6056682.957799766,7803.0,7990272.0,0.054206837080756104,0.000709305244026126,-0.00027764705321087213,0.04999999999999993,0.05957242677396246,0.0,0.00029359392778751433,0.02342296292811416,True,0.12012712206063299,reject,pre_step,drift_diffusion_then_jump,full_law,8,0.0,0.004915254237288135,157.7115217299894,124885,4.004869921824939e-08,1.000296360374215,0.0,9.051006023324362e-06,0.0
LSC-CP,"LSC-CP, tamed",67fe983bcba8cecb4eb040b92e2c557b,c87203a12406cc5114b7ffa2d8877465,True,2,7803,39.015,19381385464.95925,6056682.957799766,7803.0,7990272.0,0.06336005511564143,0.0003733084396548847,-0.0006121420208226036,0.046249999999999986,0.06512004454287479,0.0,0.00010937378754132643,0.011352278363092189,True,0.12012712206063299,reject,pre_step,drift_diffusion_then_jump,full_law,8,0.0,0.004915254237288135,157.7115217299894,124885,4.004869921824939e-08,1.000296360374215,0.0,9.051006023324362e-06,0.0
LSC-CP,"LSC-CP, tamed",67fe983bcba8cecb4eb040b92e2c557b,c87203a12406cc5114b7ffa2d8877465,True,3,7803,39.015,19381385464.95925,6056682.957799766,7803.0,7990272.0,0.0840147941728756,0.0015047241737798922,0.0005423002171032199,0.04375000000000001,0.05654100434662379,0.0,0.0006512475418628712,0.034077037071885835,True,0.12012712206063299,reject,pre_step,drift_diffusion_then_jump,full_law,8,0.0,0.004915254237288135,157.7115217299894,124885,4.004869921824939e-08,1.000296360374215,0.0,9.051006023324362e-06,0.0
LSC-CP,"LSC-CP, tamed",67fe983bcba8cecb4eb040b92e2c557b,c87203a12406cc5114b7ffa2d8877465,True,0,7862,39.31,19527931888.441578,6102478.715137993,7862.0,8050688.0,0.09457576069049164,0.0018624223476831903,0.0008844471749691607,0.04500000000000004,0.06357567649369944,0.0,9.064334955586771e-05,0.011474758708793664,True,0.12012712206063299,reject,pre_step,drift_diffusion_then_jump,full_law,8,0.0,0.004862288135593218,172.51461719825653,125803,3.974815568557619e-08,1.0000874459425082,0.0,9.06257949631137e-06,0.0
LSC-CP,"LSC-CP, tamed",67fe983bcba8cecb4eb040b92e2c557b,c87203a12406cc5114b7ffa2d8877465,True,1,7862,39.31,19527931888.441578,6102478.715137993,7862.0,8050688.0,0.04012273726382482,0.0002261761304992449,-0.0007663912924402716,0.026249999999999996,0.06789659885094657,0.0,0.0004075473844635793,0.02602524129120634,True,0.12012712206063299,reject,pre_step,drift_diffusion_then_jump,full_law,8,0.0,0.004862288135593218,172.51461719825653,125803,3.974815568557619e-08,1.0000874459425082,0.0,9.06257949631137e-06,0.0
LSC-CP,"LSC-CP, tamed",67fe983bcba8cecb4eb040b92e2c557b,c87203a12406cc5114b7ffa2d8877465,True,2,7862,39.31,19527931888.441578,6102478.715137993,7862.0,8050688.0,0.03340673002142869,0.00010633454828434807,-0.0008755688125002825,0.025000000000000022,0.05816607424002829,0.0,0.0002860531677973412,0.022275241291206366,True,0.12012712206063299,reject,pre_step,drift_diffusion_then_jump,full_law,8,0.0,0.004862288135593218,172.51461719825653,125803,3.974815568557619e-08,1.0000874459425082,0.0,9.06257949631137e-06,0.0
LSC-CP,"LSC-CP, tamed",67fe983bcba8cecb4eb040b92e2c557b,c87203a12406cc5114b7ffa2d8877465,True,3,7862,39.31,19527931888.441578,6102478.715137993,7862.0,8050688.0,0.09211816175956829,0.0018580669956081985,0.0008931153919181645,0.04999999999999999,0.06133093477898566,0.0,0.00047243935973228634,0.030327037071885804,True,0.12012712206063299,reject,pre_step,drift_diffusion_then_jump,full_law,8,0.0,0.004862288135593218,172.51461719825653,125803,3.974815568557619e-08,1.0000874459425082,0.0,9.06257949631137e-06,0.0
LSC-CP,"LSC-CP, tamed",67fe983bcba8cecb4eb040b92e2c557b,c87203a12406cc5114b7ffa2d8877465,True,0,7922,39.61,19676962149.610046,6149050.671753139,7922.0,8112128.0,0.0971774232875169,0.002085887330460112,0.0011097958392081164,0.053749999999999964,0.06685948023984001,0.0,0.00016460665103658562,0.01647475870879367,True,0.12012712206063299,reject,pre_step,drift_diffusion_then_jump,full_law,8,0.0,0.005218750000000001,400.5454259341649,126805,3.944710931582934e-08,1.0004181393587477,0.0,9.191176470588234e-06,0.0
LSC-CP,"LSC-CP, tamed",67fe983bcba8cecb4eb040b92e2c557b,c87203a12406cc5114b7ffa2d8877465,True,1,7922,39.61,19676962149.610046,6149050.671753139,7922.0,8112128.0,0.037586631872937024,0.00015570612690973817,-0.0008281251475777962,0.024999999999999967,0.06070999746085137,0.0,0.0002323963168931896,0.018525241291206335,True,0.12012712206063299,reject,pre_step,drift_diffusion_then_jump,full_law,8,0.0,0.005218750000000001,400.5454259341649,126805,3.944710931582934e-08,1.0004181393587477,0.0,9.191176470588234e-06,0.0
LSC-CP,"LSC-CP, tamed",67fe983bcba8cecb4eb040b92e2c557b,c87203a12406cc5114b7ffa2d8877465,True,2,7922,39.61,19676962149.610046,6149050.671753139,7922.0,8112128.0,0.04558016002703774,0.0002227083822280429,-0.0007637419364062703,0.02124999999999999,0.06362435475298156,0.0,0.00018871368163156333,0.017275241291206334,True,0.12012712206063299,reject,pre_step,drift_diffusion_then_jump,full_law,8,0.0,0.005218750000000001,400.5454259341649,126805,3.944710931582934e-08,1.0004181393587477,0.0,9.191176470588234e-06,0.0
LSC-CP,"LSC-CP, tamed",67fe983bcba8cecb4eb040b92e2c557b,c87203a12406cc5114b7ffa2d8877465,True,3,7922,39.61,19676962149.610046,6149050.671753139,7922.0,8112128.0,0.09652094302801356,0.0017827868490778442,0.0008107799578871422,0.05875,0.0642674966342176,0.0,0.00033059663277765824,0.025327037071885827,True,0.12012712206063299,reject,pre_step,drift_diffusion_then_jump,full_law,8,0.0,0.005218750000000001,400.5454259341649,126805,3.944710931582934e-08,1.0004181393587477,0.0,9.191176470588234e-06,0.0
LSC-CP,"LSC-CP, tamed",67fe983bcba8cecb4eb040b92e2c557b,c87203a12406cc5114b7ffa2d8877465,True,0,7981,39.905,19823508573.092373,6194846.429091367,7981.0,8172544.0,0.1061907112325276,0.003060447141863487,0.00208416027992675,0.06500000000000006,0.0620351552084174,0.0,0.0005606242242775154,0.029897721636907792,True,0.12012712206063299,reject,pre_step,drift_diffusion_then_jump,full_law,8,0.0,0.005174788135593221,247.35351855918117,127782,3.915549429896003e-08,1.000673474501942,0.0,9.162385665956647e-06,0.0
LSC-CP,"LSC-CP, tamed",67fe983bcba8cecb4eb040b92e2c557b,c87203a12406cc5114b7ffa2d8877465,True,1,7981,39.905,19823508573.092373,6194846.429091367,7981.0,8172544.0,0.0665604872126372,0.0013921428912395672,0.00039337002917694264,0.050000000000000044,0.06759021798900045,0.0,0.0005827752193914432,0.03342296292811417,True,0.12012712206063299,reject,pre_step,drift_diffusion_then_jump,full_law,8,0.0,0.005174788135593221,247.35351855918117,127782,3.915549429896003e-08,1.000673474501942,0.0,9.162385665956647e-06,0.0
LSC-CP,"LSC-CP, tamed",67fe983bcba8cecb4eb040b92e2c557b,c87203a12406cc5114b7ffa2d8877465,True,2,7981,39.905,19823508573.092373,6194846.429091367,7981.0,8172544.0,0.028452994915570413,1.943601804976769e-05,-0.0009627327967820509,0.02375000000000005,0.0626561629063529,0.0,0.0005150372462936052,0.024775241291206368,True,0.12012712206063299,reject,pre_step,drift_diffusion_then_jump,full_law,8,0.0,0.005174788135593221,247.35351855918117,127782,3.915549429896003e-08,1.000673474501942,0.0,9.162385665956647e-06,0.0
LSC-CP,"LSC-CP, tamed",67fe983bcba8cecb4eb040b92e2c557b,c87203a12406cc5114b7ffa2d8877465,True,3,7981,39.905,19823508573.092373,6194846.429091367,7981.0,8172544.0,0.09053373960825559,0.0019096742832767077,0.0009405354179574665,0.06124999999999997,0.06394604348749622,0.0,0.00026594673563931637,0.022827037071885825,True,0.12012712206063299,reject,pre_step,drift_diffusion_then_jump,full_law,8,0.0,0.005174788135593221,247.35351855918117,127782,3.915549429896003e-08,1.000673474501942,0.0,9.162385665956647e-06,0.0
LSC-CP,"LSC-CP, tamed",67fe983bcba8cecb4eb040b92e2c557b,c87203a12406cc5114b7ffa2d8877465,True,0,8041,40.205,19972538834.26084,6241418.385706513,8041.0,8233984.0,0.11635905567931334,0.0037864688505585553,0.0028191398217317643,0.0625,0.05697713847357322,0.0,0.0004277012813629134,0.026474758708793678,True,0.12012712206063299,reject,pre_step,drift_diffusion_then_jump,full_law,8,0.0,0.005036458333333334,482.0096093807547,128749,3.886332545703271e-08,1.0007228578535008,0.0,9.249471458773784e-06,0.0
LSC-CP,"LSC-CP, tamed",67fe983bcba8cecb4eb040b92e2c557b,c87203a12406cc5114b7ffa2d8877465,True,1,8041,40.205,19972538834.26084,6241418.385706513,8041.0,8233984.0,0.07357899151229838,0.0011607465893163083,0.00017595749056686927,0.03875000000000006,0.05927029520620852,0.0,0.00014247655838647757,0.01592296292811418,True,0.12012712206063299,reject,pre_step,drift_diffusion_then_jump,full_law,8,0.0,0.005036458333333334,482.0096093807547,128749,3.886332545703271e-08,1.0007228578535008,0.0,9.249471458773784e-06,0.0
LSC-CP,"LSC-CP, tamed",67fe983bcba8cecb4eb040b92e2c557b,c87203a12406cc5114b7ffa2d8877465,True,2,8041,40.205,19972538834.26084,6241418.385706513,8041.0,8233984.0,0.06018393059696253,0.00022959462276705978,-0.0007504815730101644,0.030000000000000027,0.06374618678974764,0.0,0.00041344815984509925,0.025102278363092187,True,0.12012712206063299,reject,pre_step,drift_diffusion_then_jump,full_law,8,0.0,0.005036458333333334,482.0096093807547,128749,3.886332545703271e-08,1.0007228578535008,0.0,9.249471458773784e-06,0.0
LSC-CP,"LSC-CP, tamed",67fe983bcba8cecb4eb040b92e2c557b,c87203a12406cc5114b7ffa2d8877465,True,3,8041,40.205,19972538834.26084,6241418.385706513,8041.0,8233984.0,0.09937664877768418,0.001974766070172329,0.0010055095829644145,0.06125000000000003,0.06578001448336035,0.0,0.00040132563767237596,0.02782703707188583,True,0.12012712206063299,reject,pre_step,drift_diffusion_then_jump,full_law,8,0.0,0.005036458333333334,482.0096093807547,128749,3.886332545703271e-08,1.0007228578535008,0.0,9.249471458773784e-06,0.0
LSC-CP,"LSC-CP, tamed",67fe983bcba8cecb4eb040b92e2c557b,c87203a12406cc5114b7ffa2d8877465,True,0,8100,40.5,20119085257.743168,6287214.14304474,8100.0,8294400.0,0.12771349649695612,0.004881598868849313,0.003913252314728721,0.07375000000000001,0.0662868663875611,0.0,0.0008074553334439603,0.036474758708793686,True,0.12012712206063299,reject,pre_step,drift_diffusion_then_jump,full_law,8,0.0,0.004867584745762713,574.0599653537902,129668,3.858024691358025e-08,1.0005246913580248,0.0,9.29783950617284e-06,0.0
LSC-CP,"LSC-CP, tamed",67fe983bcba8cecb4eb040b92e2c557b,c87203a12406cc5114b7ffa2d8877465,True,1,8100,40.5,20119085257.743168,6287214.14304474,8100.0,8294400.0,0.049992901174864705,0.00016928337170707408,-0.000813926814794641,0.02250000000000002,0.06154559492143008,0.0,0.00014080760136715915,0.014775241291206359,True,0.12012712206063299,reject,pre_step,drift_diffusion_then_jump,full_law,8,0.0,0.004867584745762713,574.0599653537902,129668,3.858024691358025e-08,1.0005246913580248,0.0,9.29783950617284e-06,0.0
LSC-CP,"LSC-CP, tamed",67fe983bcba8cecb4eb040b92e2c557b,c87203a12406cc5114b7ffa2d8877465,True,2,8100,40.5,20119085257.743168,6287214.14304474,8100.0,8294400.0,0.031684435761707555,0.00010285947927723971,-0.0008753969499587511,0.02750000000000008,0.062162721041397084,0.0,0.0007823647394883575,0.03260227836309221,True,0.12012712206063299,reject,pre_step,drift_diffusion_then_jump,full_law,8,0.0,0.004867584745762713,574.0599653537902,129668,3.858024691358025e-08,1.0005246913580248,0.0,9.29783950617284e-06,0.0
LSC-CP,"LSC-CP, tamed",67fe983bcba8cecb4eb040b92e2c557b,c87203a12406cc5114b7ffa2d8877465,True,3,8100,40.5,20119085257.743168,6287214.14304474,8100.0,8294400.0,0.08959677938598509,0.0017258121593740627,0.0007544694405423602,0.044999999999999984,0.06421527476492983,0.0,0.00030180520683195915,0.024077037071885826,True,0.12012712206063299,reject,pre_step,drift_diffusion_then_jump,full_law,8,0.0,0.004867584745762713,574.0599653537902,129668,3.858024691358025e-08,1.0005246913580248,0.0,9.29783950617284e-06,0.0
LSC-CP,"LSC-CP, tamed",67fe983bcba8cecb4eb040b92e2c557b,c87203a12406cc5114b7ffa2d8877465,True,0,8159,40.795,20265631681.225494,6333009.900382967,8159.0,8354816.0,0.13499152241231038,0.005594916571905473,0.004629959217768542,0.07750000000000001,0.06343077417771159,0.0,0.0009247414341794265,0.03897475870879366,True,0.12012712206063299,reject,pre_step,drift_diffusion_then_jump,full_law,8,0.0,0.0051006355932203375,234.28361698550475,130631,3.8301262409609024e-08,1.0006664419659272,0.0,9.268905503125383e-06,0.0
LSC-CP,"LSC-CP, tamed",67fe983bcba8cecb4eb040b92e2c557b,c87203a12406cc5114b7ffa2d8877465,True,1,8159,40.795,20265631681.225494,6333009.900382967,8159.0,8354816.0,0.04162820148178971,9.815497236531634e-05,-0.0008853436526832237,0.022500000000000075,0.062017371825636824,0.0,0.0002745325948738151,0.018852278363092195,True,0.12012712206063299,reject,pre_step,drift_diffusion_then_jump,full_law,8,0.0,0.0051006355932203375,234.28361698550475,130631,3.8301262409609024e-08,1.0006664419659272,0.0,9.268905503125383e-06,0.0
LSC-CP,"LSC-CP, tamed",67fe983bcba8cecb4eb040b92e2c557b,c87203a12406cc5114b7ffa2d8877465,True,2,8159,40.795,20265631681.225494,6333009.900382967,8159.0,8354816.0,0.03625370195278313,6.382847097563538e-05,-0.0009235394807990405,0.035,0.06403652236264101,0.0,0.0004486923327376576,0.02602524129120634,True,0.12012712206063299,reject,pre_step,drift_diffusion_then_jump,full_law,8,0.0,0.0051006355932203375,234.28361698550475,130631,3.8301262409609024e-08,1.0006664419659272,0.0,9.268905503125383e-06,0.0
LSC-CP,"LSC-CP, tamed",67fe983bcba8cecb4eb040b92e2c557b,c87203a12406cc5114b7ffa2d8877465,True,3,8159,40.795,20265631681.225494,6333009.900382967,8159.0,8354816.0,0.10024476270135868,0.0023681370302333082,0.0014028738687668074,0.050000000000000044,0.05724157620621706,0.0,0.00024271186258906143,0.01897475870879367,True,0.12012712206063299,reject,pre_step,drift_diffusion_then_jump,full_law,8,0.0,0.0051006355932203375,234.28361698550475,130631,3.8301262409609024e-08,1.0006664419659272,0.0,9.268905503125383e-06,0.0
LSC-CP,"LSC-CP, tamed",67fe983bcba8cecb4eb040b92e2c557b,c87203a12406cc5114b7ffa2d8877465,True,0,8219,41.095,20414661942.393963,6379581.856998113,8219.0,8416256.0,0.13081450607113868,0.005629366471123665,0.004662658547207044,0.09250000000000003,0.06298877283455062,0.0,0.0007537706283182967,0.03522475870879366,True,0.12012712206063299,reject,pre_step,drift_diffusion_then_jump,full_law,8,0.0,0.005166666666666668,217.9378001629491,131623,3.802165713590461e-08,1.0009049154398346,0.0,9.391349312568439e-06,0.0
LSC-CP,"LSC-CP, tamed",67fe983bcba8cecb4eb040b92e2c557b,c87203a12406cc5114b7ffa2d8877465,True,1,8219,41.095,20414661942.393963,6379581.856998113,8219.0,8416256.0,0.06001455516783338,0.000328587918825729,-0.0006492940288091997,0.04000000000000001,0.06319758043396484,0.0,0.00023828559286883343,0.018852278363092195,True,0.12012712206063299,reject,pre_step,drift_diffusion_then_jump,full_law,8,0.0,0.005166666666666668,217.9378001629491,131623,3.802165713590461e-08,1.0009049154398346,0.0,9.391349312568439e-06,0.0
LSC-CP,"LSC-CP, tamed",67fe983bcba8cecb4eb040b92e2c557b,c87203a12406cc5114b7ffa2d8877465,True,2,8219,41.095,20414661942.393963,6379581.856998113,8219.0,8416256.0,0.036225341724567164,9.789091771927882e-05,-0.0008818411053589381,0.02375000000000005,0.06449299346955506,0.0,0.0007134588036618562,0.030102278363092178,True,0.12012712206063299,reject,pre_step,drift_diffusion_then_jump,full_law,8,0.0,0.005166666666666668,217.9378001629491,131623,3.802165713590461e-08,1.0009049154398346,0.0,9.391349312568439e-06,0.0
LSC-CP,"LSC-CP, tamed",67fe983bcba8cecb4eb040b92e2c557b,c87203a12406cc5114b7ffa2d8877465,True,3,8219,41.095,20414661942.393963,6379581.856998113,8219.0,8416256.0,0.1035621000596667,0.0027795745648264703,0.0018090794578795588,0.07,0.06489957826487158,0.0,0.00021097601848069948,0.01772475870879367,True,0.12012712206063299,reject,pre_step,drift_diffusion_then_jump,full_law,8,0.0,0.005166666666666668,217.9378001629491,131623,3.802165713590461e-08,1.0009049154398346,0.0,9.391349312568439e-06,0.0
LSC-CP,"LSC-CP, tamed",67fe983bcba8cecb4eb040b92e2c557b,c87203a12406cc5114b7ffa2d8877465,True,0,8278,41.39,20561208365.87629,6425377.614336341,8278.0,8476672.0,0.11996486590859394,0.0037753712472110568,0.002803415864313541,0.065,0.06355590659970167,0.0,0.00046147874753422677,0.02772475870879365,True,0.12012712206063299,reject,pre_step,drift_diffusion_then_jump,full_law,8,0.0,0.0050582627118644094,167.1221992127136,132578,3.7750664411693644e-08,1.000981517274704,0.0,9.32441410968833e-06,0.0
LSC-CP,"LSC-CP, tamed",67fe983bcba8cecb4eb040b92e2c557b,c87203a12406cc5114b7ffa2d8877465,True,1,8278,41.39,20561208365.87629,6425377.614336341,8278.0,8476672.0,0.059765590911664175,0.00034953787184732743,-0.0006243025186669637,0.03250000000000003,0.06333686714910702,0.0,0.0007150322694586056,0.03260227836309221,True,0.12012712206063299,reject,pre_step,drift_diffusion_then_jump,full_law,8,0.0,0.0050582627118644094,167.1221992127136,132578,3.7750664411693644e-08,1.000981517274704,0.0,9.32441410968833e-06,0.0
LSC-CP,"LSC-CP, tamed",67fe983bcba8cecb4eb040b92e2c557b,c87203a12406cc5114b7ffa2d8877465,True,2,8278,41.39,20561208365.87629,6425377.614336341,8278.0,8476672.0,0.032687325538114875,4.291210771389942e-05,-0.0009410761031020121,0.028750000000000053,0.06736869164395398,0.0,0.0003677957899160139,0.02102524129120635,True,0.12012712206063299,reject,pre_step,drift_diffusion_then_jump,full_law,8,0.0,0.0050582627118644094,167.1221992127136,132578,3.7750664411693644e-08,1.000981517274704,0.0,9.32441410968833e-06,0.0
LSC-CP,"LSC-CP, tamed",67fe983bcba8cecb4eb040b92e2c557b,c87203a12406cc5114b7ffa2d8877465,True,3,8278,41.39,20561208365.87629,6425377.614336341,8278.0,8476672.0,0.09700745404128769,0.002225018451216587,0.0012561836057284337,0.048750000000000016,0.057737243304360364,0.0,0.00022779819193542716,0.02032703707188585,True,0.12012712206063299,reject,pre_step,drift_diffusion_then_jump,full_law,8,0.0,0.0050582627118644094,167.1221992127136,132578,3.7750664411693644e-08,1.000981517274704,0.0,9.32441410968833e-06,0.0
LSC-CP,"LSC-CP, tamed",67fe983bcba8cecb4eb040b92e2c557b,c87203a12406cc5114b7ffa2d8877465,True,0,8338,41.69,20710238627.044758,6471949.570951487,8338.0,8538112.0,0.098995817405283,0.0024892185067459938,0.0015224417813662905,0.050000000000000044,0.05963437118584436,0.0,0.00030607166696928426,0.021577037071885824,True,0.12012712206063299,reject,pre_step,drift_diffusion_then_jump,full_law,8,0.0,0.004994791666666666,148.93317843106922,133537,3.7479011753418086e-08,1.0009669585032381,0.0,9.257315903094268e-06,0.0
LSC-CP,"LSC-CP, tamed",67fe983bcba8cecb4eb040b92e2c557b,c87203a12406cc5114b7ffa2d8877465,True,1,8338,41.69,20710238627.044758,6471949.570951487,8338.0,8538112.0,0.07181290697026331,0.0005768174052096509,-0.0003995254565281048,0.03749999999999998,0.0697835152089008,0.0,0.0005962356447071398,0.027827037071885816,True,0.12012712206063299,reject,pre_step,drift_diffusion_then_jump,full_law,8,0.0,0.004994791666666666,148.93317843106922,133537,3.7479011753418086e-08,1.0009669585032381,0.0,9.257315903094268e-06,0.0
LSC-CP,"LSC-CP, tamed",67fe983bcba8cecb4eb040b92e2c557b,c87203a12406cc5114b7ffa2d8877465,True,2,8338,41.69,20710238627.044758,6471949.570951487,8338.0,8538112.0,0.046724160667714745,0.00026222710168066765,-0.0007226452931342608,0.027500000000000024,0.06015335667684829,0.0,0.0010309193854783302,0.03477524129120636,True,0.12012712206063299,reject,pre_step,drift_diffusion_then_jump,full_law,8,0.0,0.004994791666666666,148.93317843106922,133537,3.7479011753418086e-08,1.0009669585032381,0.0,9.257315903094268e-06,0.0
LSC-CP,"LSC-CP, tamed",67fe983bcba8cecb4eb040b92e2c557b,c87203a12406cc5114b7ffa2d8877465,True,3,8338,41.69,20710238627.044758,6471949.570951487,8338.0,8538112.0,0.10447028172987667,0.0028050682486105982,0.0018344741579621182,0.0625,0.0596716418833394,0.0,0.0001465472323564261,0.015224758708793668,True,0.12012712206063299,reject,pre_step,drift_diffusion_then_jump,full_law,8,0.0,0.004994791666666666,148.93317843106922,133537,3.7479011753418086e-08,1.0009669585032381,0.0,9.257315903094268e-06,0.0
LSC-CP,"LSC-CP, tamed",67fe983bcba8cecb4eb040b92e2c557b,c87203a12406cc5114b7ffa2d8877465,True,0,8397,41.985,20856785050.527084,6517745.328289714,8397.0,8598528.0,0.11312599137136192,0.003394561540911889,0.0024243177635676627,0.05875,0.06280875117265128,0.0,0.00038531458607971546,0.02522475870879365,True,0.12012712206063299,reject,pre_step,drift_diffusion_then_jump,full_law,8,0.0,0.004978813559322035,158.26855869117284,134477,3.721567226390378e-08,1.0009303918065975,0.0,9.229486721448136e-06,0.0
LSC-CP,"LSC-CP, tamed",67fe983bcba8cecb4eb040b92e2c557b,c87203a12406cc5114b7ffa2d8877465,True,1,8397,41.985,20856785050.527084,6517745.328289714,8397.0,8598528.0,0.047811208761322464,0.00021047734095902548,-0.0007694110070327609,0.02124999999999999,0.061471334626330476,0.0,0.0001420767088058365,0.01385227836309219,True,0.12012712206063299,reject,pre_step,drift_diffusion_then_jump,full_law,8,0.0,0.004978813559322035,158.26855869117284,134477,3.721567226390378e-08,1.0009303918065975,0.0,9.229486721448136e-06,0.0
LSC-CP,"LSC-CP, tamed",67fe983bcba8cecb4eb040b92e2c557b,c87203a12406cc5114b7ffa2d8877465,True,2,8397,41.985,20856785050.527084,6517745.328289714,8397.0,8598528.0,0.04398723036347742,0.00010550243639295687,-0.0008738623955203417,0.04000000000000001,0.06413261113326119,0.0,0.0007273094954110401,0.03260227836309221,True,0.12012712206063299,reject,pre_step,drift_diffusion_then_jump,full_law,8,0.0,0.004978813559322035,158.26855869117284,134477,3.721567226390378e-08,1.0009303918065975,0.0,9.229486721448136e-06,0.0
LSC-CP,"LSC-CP, tamed",67fe983bcba8cecb4eb040b92e2c557b,c87203a12406cc5114b7ffa2d8877465,True,3,8397,41.985,20856785050.527084,6517745.328289714,8397.0,8598528.0,0.08868771700288186,0.0017596994526839493,0.0007899286497352609,0.04500000000000004,0.06510739060427606,0.0,0.00017126021318039902,0.01782703707188585,True,0.12012712206063299,reject,pre_step,drift_diffusion_then_jump,full_law,8,0.0,0.004978813559322035,158.26855869117284,134477,3.721567226390378e-08,1.0009303918065975,0.0,9.229486721448136e-06,0.0
LSC-CP,"LSC-CP, tamed",67fe983bcba8cecb4eb040b92e2c557b,c87203a12406cc5114b7ffa2d8877465,True,0,8456,42.28,21003331474.00941,6563541.0856279405,8456.0,8658944.0,0.11266292680187279,0.003579778205477835,0.0026109377150755897,0.058750000000000024,0.06430649700433744,0.0,0.00042175441351104473,0.026474758708793678,True,0.12012712206063299,reject,pre_step,drift_diffusion_then_jump,full_law,8,0.0,0.005074152542372881,416.35686933409005,135435,3.695600756859035e-08,1.0010273770104068,0.0,9.239001892147588e-06,0.0
LSC-CP,"LSC-CP, tamed",67fe983bcba8cecb4eb040b92e2c557b,c87203a12406cc5114b7ffa2d8877465,True,1,8456,42.28,21003331474.00941,6563541.0856279405,8456.0,8658944.0,0.03196843744155106,8.762766152881074e-05,-0.0008946980118823555,0.027500000000000024,0.06355694205587414,0.0,0.0005150372462936052,0.024775241291206368,True,0.12012712206063299,reject,pre_step,drift_diffusion_then_jump,full_law,8,0.0,0.005074152542372881,416.35686933409005,135435,3.695600756859035e-08,1.0010273770104068,0.0,9.239001892147588e-06,0.0
LSC-CP,"LSC-CP, tamed",67fe983bcba8cecb4eb040b92e2c557b,c87203a12406cc5114b7ffa2d8877465,True,2,8456,42.28,21003331474.00941,6563541.0856279405,8456.0,8658944.0,0.07037092229578958,0.0007680648012333702,-0.00019751363978237624,0.040000000000000036,0.05973221428127273,0.0,0.000900574617892674,0.03407703707188582,True,0.12012712206063299,reject,pre_step,drift_diffusion_then_jump,full_law,8,0.0,0.005074152542372881,416.35686933409005,135435,3.695600756859035e-08,1.0010273770104068,0.0,9.239001892147588e-06,0.0
LSC-CP,"LSC-CP, tamed",67fe983bcba8cecb4eb040b92e2c557b,c87203a12406cc5114b7ffa2d8877465,True,3,8456,42.28,21003331474.00941,6563541.0856279405,8456.0,8658944.0,0.10945346578285295,0.003030620862717548,0.00206689584244768,0.05500000000000005,0.06488277719043956,0.0,0.0006358909223967094,0.03407703707188581,True,0.12012712206063299,reject,pre_step,drift_diffusion_then_jump,full_law,8,0.0,0.005074152542372881,416.35686933409005,135435,3.695600756859035e-08,1.0010273770104068,0.0,9.239001892147588e-06,0.0
LSC-CP,"LSC-CP, tamed",67fe983bcba8cecb4eb040b92e2c557b,c87203a12406cc5114b7ffa2d8877465,True,0,8516,42.58,21152361735.17788,6610113.042243088,8516.0,8720384.0,0.128080613593564,0.0051526001609685235,0.00419394357532521,0.07750000000000001,0.06294003568923145,0.0,0.000979035542215555,0.03897475870879366,True,0.12012712206063299,reject,pre_step,drift_diffusion_then_jump,full_law,8,0.0,0.0050260416666666665,441.4854415164797,136400,3.6695631751996246e-08,1.0010568341944575,0.0,9.17390793799906e-06,0.0
LSC-CP,"LSC-CP, tamed",67fe983bcba8cecb4eb040b92e2c557b,c87203a12406cc5114b7ffa2d8877465,True,1,8516,42.58,21152361735.17788,6610113.042243088,8516.0,8720384.0,0.04912038163244037,0.00012810760408976662,-0.0008517475412265219,0.01874999999999999,0.058934558993168906,0.0,0.0002621228394590104,0.018852278363092195,True,0.12012712206063299,reject,pre_step,drift_diffusion_then_jump,full_law,8,0.0,0.0050260416666666665,441.4854415164797,136400,3.6695631751996246e-08,1.0010568341944575,0.0,9.17390793799906e-06,0.0
LSC-CP,"LSC-CP, tamed",67fe983bcba8cecb4eb040b92e2c557b,c87203a12406cc5114b7ffa2d8877465,True,2,8516,42.58,21152361735.17788,6610113.042243088,8516.0,8720384.0,0.07169561552831621,0.0009200533497166763,-4.92770332456427e-05,0.04750000000000004,0.06324796018346124,0.0,0.00044430431898424046,0.024077037071885826,True,0.12012712206063299,reject,pre_step,drift_diffusion_then_jump,full_law,8,0.0,0.0050260416666666665,441.4854415164797,136400,3.6695631751996246e-08,1.0010568341944575,0.0,9.17390793799906e-06,0.0
LSC-CP,"LSC-CP, tamed",67fe983bcba8cecb4eb040b92e2c557b,c87203a12406cc5114b7ffa2d8877465,True,3,8516,42.58,21152361735.17788,6610113.042243088,8516.0,8720384.0,0.09686686390472406,0.0019542737431291757,0.0009832061345674825,0.05124999999999996,0.05739680041179274,0.0,0.0001498822121734993,0.015327037071885818,True,0.12012712206063299,reject,pre_step,drift_diffusion_then_jump,full_law,8,0.0,0.0050260416666666665,441.4854415164797,136400,3.6695631751996246e-08,1.0010568341944575,0.0,9.17390793799906e-06,0.0
LSC-CP,"LSC-CP, tamed",67fe983bcba8cecb4eb040b92e2c557b,c87203a12406cc5114b7ffa2d8877465,True,0,8575,42.875,21298908158.660206,6655908.799581314,8575.0,8780800.0,0.12098741607619275,0.0045697219460765215,0.0036088539525582775,0.07124999999999998,0.06586999643149083,0.0,0.0007621484888436121,0.033974758708793656,True,0.12012712206063299,reject,pre_step,drift_diffusion_then_jump,full_law,8,0.0,0.00516419491525424,475.14128559725,137375,3.644314868804665e-08,1.0012755102040816,0.0,9.147230320699708e-06,0.0
LSC-CP,"LSC-CP, tamed",67fe983bcba8cecb4eb040b92e2c557b,c87203a12406cc5114b7ffa2d8877465,True,1,8575,42.875,21298908158.660206,6655908.799581314,8575.0,8780800.0,0.067437485266652,0.0007267362609887362,-0.00025862177311142265,0.04500000000000004,0.06280921104067916,0.0,6.602128495870928e-05,0.009775241291206355,True,0.12012712206063299,reject,pre_step,drift_diffusion_then_jump,full_law,8,0.0,0.00516419491525424,475.14128559725,137375,3.644314868804665e-08,1.0012755102040816,0.0,9.147230320699708e-06,0.0
LSC-CP,"LSC-CP, tamed",67fe983bcba8cecb4eb040b92e2c557b,c87203a12406cc5114b7ffa2d8877465,True,2,8575,42.875,21298908158.660206,6655908.799581314,8575.0,8780800.0,0.05383097024028465,0.00027931347386145333,-0.000698474366938262,0.026249999999999996,0.05994662026283726,0.0,0.00026338077886167493,0.02010227836309221,True,0.12012712206063299,reject,pre_step,drift_diffusion_then_jump,full_law,8,0.0,0.00516419491525424,475.14128559725,137375,3.644314868804665e-08,1.0012755102040816,0.0,9.147230320699708e-06,0.0
LSC-CP,"LSC-CP, tamed",67fe983bcba8cecb4eb040b92e2c557b,c87203a12406cc5114b7ffa2d8877465,True,3,8575,42.875,21298908158.660206,6655908.799581314,8575.0,8780800.0,0.12027320853830728,0.004624802262262806,0.0036579218569020577,0.07750000000000001,0.06751632591072865,0.0,0.0005516130988851477,0.030224758708793653,True,0.12012712206063299,reject,pre_step,drift_diffusion_then_jump,full_law,8,0.0,0.00516419491525424,475.14128559725,137375,3.644314868804665e-08,1.0012755102040816,0.0,9.147230320699708e-06,0.0
LSC-CP,"LSC-CP, tamed",67fe983bcba8cecb4eb040b92e2c557b,c87203a12406cc5114b7ffa2d8877465,True,0,8634,43.17,21445454582.142532,6701704.556919541,8634.0,8841216.0,0.1069957465887983,0.0027542231432778896,0.0017864725196478082,0.058750000000000024,0.06247665361898658,0.0,0.0003842836701988409,0.0240770370718858,True,0.12012712206063299,reject,pre_step,drift_diffusion_then_jump,full_law,8,0.0,0.004994703389830508,443.07769179862004,138318,3.61941162844568e-08,1.0012595552466992,0.0,9.193305536252026e-06,0.0
LSC-CP,"LSC-CP, tamed",67fe983bcba8cecb4eb040b92e2c557b,c87203a12406cc5114b7ffa2d8877465,True,1,8634,43.17,21445454582.142532,6701704.556919541,8634.0,8841216.0,0.041669234227306375,0.0004110082018435879,-0.0005747211281553755,0.04125000000000001,0.06516348269529026,0.0,0.0003228934278516459,0.022172962928114187,True,0.12012712206063299,reject,pre_step,drift_diffusion_then_jump,full_law,8,0.0,0.004994703389830508,443.07769179862004,138318,3.61941162844568e-08,1.0012595552466992,0.0,9.193305536252026e-06,0.0
LSC-CP,"LSC-CP, tamed",67fe983bcba8cecb4eb040b92e2c557b,c87203a12406cc5114b7ffa2d8877465,True,2,8634,43.17,21445454582.142532,6701704.556919541,8634.0,8841216.0,0.04455100687922889,9.029132716187327e-05,-0.0008984335590713766,0.0325,0.06320407225805347,0.0,0.00028446605378635995,0.019775241291206364,True,0.12012712206063299,reject,pre_step,drift_diffusion_then_jump,full_law,8,0.0,0.004994703389830508,443.07769179862004,138318,3.61941162844568e-08,1.0012595552466992,0.0,9.193305536252026e-06,0.0
LSC-CP,"LSC-CP, tamed",67fe983bcba8cecb4eb040b92e2c557b,c87203a12406cc5114b7ffa2d8877465,True,3,8634,43.17,21445454582.142532,6701704.556919541,8634.0,8841216.0,0.10350758664679938,0.0024591480077670314,0.0014843288846412284,0.05624999999999997,0.06934298277681383,0.0,0.0002902282865124596,0.02032703707188585,True,0.12012712206063299,reject,pre_step,drift_diffusion_then_jump,full_law,8,0.0,0.004994703389830508,443.07769179862004,138318,3.61941162844568e-08,1.0012595552466992,0.0,9.193305536252026e-06,0.0
LSC-CP,"LSC-CP, tamed",67fe983bcba8cecb4eb040b92e2c557b,c87203a12406cc5114b7ffa2d8877465,True,0,8694,43.47,21594484843.311,6748276.513534687,8694.0,8902656.0,0.12484335100221658,0.004920356404952142,0.003961602442185241,0.07125000000000001,0.06265667699476107,0.0,0.0012142684283064174,0.044077037071885844,True,0.12012712206063299,reject,pre_step,drift_diffusion_then_jump,full_law,8,0.0,0.004953125,153.71447022197992,139269,3.594432942259029e-08,1.0011861628709455,0.0,9.165804002760525e-06,0.0
LSC-CP,"LSC-CP, tamed",67fe983bcba8cecb4eb040b92e2c557b,c87203a12406cc5114b7ffa2d8877465,True,1,8694,43.47,21594484843.311,6748276.513534687,8694.0,8902656.0,0.05319133845142164,0.0005164327207725083,-0.0004782365910664943,0.03374999999999995,0.06383576491884058,0.0,0.0003819673286297627,0.02467296292811419,True,0.12012712206063299,reject,pre_step,drift_diffusion_then_jump,full_law,8,0.0,0.004953125,153.71447022197992,139269,3.594432942259029e-08,1.0011861628709455,0.0,9.165804002760525e-06,0.0
LSC-CP,"LSC-CP, tamed",67fe983bcba8cecb4eb040b92e2c557b,c87203a12406cc5114b7ffa2d8877465,True,2,8694,43.47,21594484843.311,6748276.513534687,8694.0,8902656.0,0.06502917175607786,0.00038974002052827306,-0.0005923262927992612,0.04999999999999999,0.06499786361491744,0.0,0.00012491024581966215,0.01385227836309219,True,0.12012712206063299,reject,pre_step,drift_diffusion_then_jump,full_law,8,0.0,0.004953125,153.71447022197992,139269,3.594432942259029e-08,1.0011861628709455,0.0,9.165804002760525e-06,0.0
LSC-CP,"LSC-CP, tamed",67fe983bcba8cecb4eb040b92e2c557b,c87203a12406cc5114b7ffa2d8877465,True,3,8694,43.47,21594484843.311,6748276.513534687,8694.0,8902656.0,0.10141607967653754,0.002458063987114789,0.0014793714582650441,0.06374999999999997,0.06653544904759134,0.0,0.0002197071820120237,0.01772475870879367,True,0.12012712206063299,reject,pre_step,drift_diffusion_then_jump,full_law,8,0.0,0.004953125,153.71447022197992,139269,3.594432942259029e-08,1.0011861628709455,0.0,9.165804002760525e-06,0.0
LSC-CP,"LSC-CP, tamed",67fe983bcba8cecb4eb040b92e2c557b,c87203a12406cc5114b7ffa2d8877465,True,0,8753,43.765,21741031266.793327,6794072.270872915,8753.0,8963072.0,0.10106480939596527,0.002166100291560613,0.0011958061472097103,0.05125000000000002,0.06360495309009317,0.0,0.00025939758495431217,0.021577037071885824,True,0.12012712206063299,reject,pre_step,drift_diffusion_then_jump,full_law,8,0.0,0.0051059322033898315,280.6575995506508,140233,3.570204501313835e-08,1.0013209756654862,0.0,9.10402147835028e-06,0.0
LSC-CP,"LSC-CP, tamed",67fe983bcba8cecb4eb040b92e2c557b,c87203a12406cc5114b7ffa2d8877465,True,1,8753,43.765,21741031266.793327,6794072.270872915,8753.0,8963072.0,0.05382300817790356,0.00029493131777103,-0.0006930511334722889,0.03125,0.06515534000571499,0.0,0.00023642753969753405,0.019775241291206336,True,0.12012712206063299,reject,pre_step,drift_diffusion_then_jump,full_law,8,0.0,0.0051059322033898315,280.6575995506508,140233,3.570204501313835e-08,1.0013209756654862,0.0,9.10402147835028e-06,0.0
LSC-CP,"LSC-CP, tamed",67fe983bcba8cecb4eb040b92e2c557b,c87203a12406cc5114b7ffa2d8877465,True,2,8753,43.765,21741031266.793327,6794072.270872915,8753.0,8963072.0,0.058010717526153055,0.0007253200348195099,-0.00026909491632209903,0.05874999999999997,0.06623316578589789,0.0,0.0003647250903341965,0.02467296292811419,True,0.12012712206063299,reject,pre_step,drift_diffusion_then_jump,full_law,8,0.0,0.0051059322033898315,280.6575995506508,140233,3.570204501313835e-08,1.0013209756654862,0.0,9.10402147835028e-06,0.0
LSC-CP,"LSC-CP, tamed",67fe983bcba8cecb4eb040b92e2c557b,c87203a12406cc5114b7ffa2d8877465,True,3,8753,43.765,21741031266.793327,6794072.270872915,8753.0,8963072.0,0.09772813510036119,0.0019381000689268069,0.0009614569858712452,0.050000000000000044,0.06676216191721196,0.0,0.00012310570986560757,0.013974758708793666,True,0.12012712206063299,reject,pre_step,drift_diffusion_then_jump,full_law,8,0.0,0.0051059322033898315,280.6575995506508,140233,3.570204501313835e-08,1.0013209756654862,0.0,9.10402147835028e-06,0.0
LSC-CP,"LSC-CP, tamed",67fe983bcba8cecb4eb040b92e2c557b,c87203a12406cc5114b7ffa2d8877465,True,0,8812,44.06,21887577690.275654,6839868.028211142,8812.0,9023488.0,0.12321284510292149,0.004448323604230753,0.003482566955672506,0.065,0.06392107830566318,0.0,0.0007323272107868303,0.033974758708793656,True,0.12012712206063299,reject,pre_step,drift_diffusion_then_jump,full_law,8,0.0,0.005105932203389831,142.0262682367155,141197,3.54630049931911e-08,1.001453983204721,0.0,9.149455288243304e-06,0.0
LSC-CP,"LSC-CP, tamed",67fe983bcba8cecb4eb040b92e2c557b,c87203a12406cc5114b7ffa2d8877465,True,1,8812,44.06,21887577690.275654,6839868.028211142,8812.0,9023488.0,0.050442915412649496,0.00023538968712311092,-0.0007423179107094446,0.03375,0.05876852132407284,0.0,0.0001847442954649905,0.016352278363092193,True,0.12012712206063299,reject,pre_step,drift_diffusion_then_jump,full_law,8,0.0,0.005105932203389831,142.0262682367155,141197,3.54630049931911e-08,1.001453983204721,0.0,9.149455288243304e-06,0.0
LSC-CP,"LSC-CP, tamed",67fe983bcba8cecb4eb040b92e2c557b,c87203a12406cc5114b7ffa2d8877465,True,2,8812,44.06,21887577690.275654,6839868.028211142,8812.0,9023488.0,0.05900962060342323,0.0008331563884292903,-0.0001535805104962984,0.04375000000000007,0.062198081837637864,0.0,0.00024526529921668153,0.020922962928114158,True,0.12012712206063299,reject,pre_step,drift_diffusion_then_jump,full_law,8,0.0,0.005105932203389831,142.0262682367155,141197,3.54630049931911e-08,1.001453983204721,0.0,9.149455288243304e-06,0.0
LSC-CP,"LSC-CP, tamed",67fe983bcba8cecb4eb040b92e2c557b,c87203a12406cc5114b7ffa2d8877465,True,3,8812,44.06,21887577690.275654,6839868.028211142,8812.0,9023488.0,0.09707322674694177,0.0018612708978298365,0.0008812404840046195,0.05125000000000002,0.067611883351815,0.0,0.00010648793500484758,0.012724758708793665,True,0.12012712206063299,reject,pre_step,drift_diffusion_then_jump,full_law,8,0.0,0.005105932203389831,142.0262682367155,141197,3.54630049931911e-08,1.001453983204721,0.0,9.149455288243304e-06,0.0
LSC-CP,"LSC-CP, tamed",67fe983bcba8cecb4eb040b92e2c557b,c87203a12406cc5114b7ffa2d8877465,True,0,8872,44.36,22036607951.444122,6886439.984826288,8872.0,9084928.0,0.09630131152830096,0.0021438139862579586,0.001171714469075269,0.05249999999999999,0.06136446681044172,0.0,0.0001637095802206924,0.01657703707188582,True,0.12012712206063299,reject,pre_step,drift_diffusion_then_jump,full_law,8,0.0,0.0048385416666666655,151.06625579602303,142126,3.522317403065825e-08,1.001225766456267,0.0,9.26369477006312e-06,0.0
LSC-CP,"LSC-CP, tamed",67fe983bcba8cecb4eb040b92e2c557b,c87203a12406cc5114b7ffa2d8877465,True,1,8872,44.36,22036607951.444122,6886439.984826288,8872.0,9084928.0,0.06529744291391573,0.00066679616817511,-0.00031113576570751533,0.03875000000000006,0.06102612764023374,0.0,4.323846444579662e-06,0.0026022783630922086,True,0.12012712206063299,reject,pre_step,drift_diffusion_then_jump,full_law,8,0.0,0.0048385416666666655,151.06625579602303,142126,3.522317403065825e-08,1.001225766456267,0.0,9.26369477006312e-06,0.0
LSC-CP,"LSC-CP, tamed",67fe983bcba8cecb4eb040b92e2c557b,c87203a12406cc5114b7ffa2d8877465,True,2,8872,44.36,22036607951.444122,6886439.984826288,8872.0,9084928.0,0.05193465913926562,0.0004039523471173201,-0.0005794260240702398,0.034999999999999976,0.061331922268667904,0.0,0.00010007972687818415,0.012275241291206357,True,0.12012712206063299,reject,pre_step,drift_diffusion_then_jump,full_law,8,0.0,0.0048385416666666655,151.06625579602303,142126,3.522317403065825e-08,1.001225766456267,0.0,9.26369477006312e-06,0.0
LSC-CP,"LSC-CP, tamed",67fe983bcba8cecb4eb040b92e2c557b,c87203a12406cc5114b7ffa2d8877465,True,3,8872,44.36,22036607951.444122,6886439.984826288,8872.0,9084928.0,0.11059027293807822,0.003218789535336497,0.0022392333728524783,0.06125000000000003,0.06269752652392502,0.0,0.000318993677176752,0.021147721636907785,True,0.12012712206063299,reject,pre_step,drift_diffusion_then_jump,full_law,8,0.0,0.0048385416666666655,151.06625579602303,142126,3.522317403065825e-08,1.001225766456267,0.0,9.26369477006312e-06,0.0
LSC-CP,"LSC-CP, tamed",67fe983bcba8cecb4eb040b92e2c557b,c87203a12406cc5114b7ffa2d8877465,True,0,8931,44.655,22183154374.92645,6932235.742164515,8931.0,9145344.0,0.07269051073649879,0.0007332862561649778,-0.0002418577046654491,0.03500000000000003,0.060191022699717656,0.0,7.966947898645042e-05,0.010327037071885842,True,0.12012712206063299,reject,pre_step,drift_diffusion_then_jump,full_law,8,0.0,0.005042372881355934,166.73358155909096,143078,3.499048258873586e-08,1.0012736535662299,0.0,9.342458851192476e-06,0.0
LSC-CP,"LSC-CP, tamed",67fe983bcba8cecb4eb040b92e2c557b,c87203a12406cc5114b7ffa2d8877465,True,1,8931,44.655,22183154374.92645,6932235.742164515,8931.0,9145344.0,0.0674862356094042,0.0005620873655556302,-0.00040945391634195083,0.035,0.06333552928429775,0.0,0.0003309242980721709,0.02157703707188581,True,0.12012712206063299,reject,pre_step,drift_diffusion_then_jump,full_law,8,0.0,0.005042372881355934,166.73358155909096,143078,3.499048258873586e-08,1.0012736535662299,0.0,9.342458851192476e-06,0.0
LSC-CP,"LSC-CP, tamed",67fe983bcba8cecb4eb040b92e2c557b,c87203a12406cc5114b7ffa2d8877465,True,2,8931,44.655,22183154374.92645,6932235.742164515,8931.0,9145344.0,0.0764722760907244,0.0009790218225990133,8.535449488977775e-06,0.03875000000000001,0.06047569961222177,0.0,0.0001904183269062082,0.01782703707188582,True,0.12012712206063299,reject,pre_step,drift_diffusion_then_jump,full_law,8,0.0,0.005042372881355934,166.73358155909096,143078,3.499048258873586e-08,1.0012736535662299,0.0,9.342458851192476e-06,0.0
LSC-CP,"LSC-CP, tamed",67fe983bcba8cecb4eb040b92e2c557b,c87203a12406cc5114b7ffa2d8877465,True,3,8931,44.655,22183154374.92645,6932235.742164515,8931.0,9145344.0,0.09818262021358601,0.002672950086605841,0.0016963611908143994,0.05874999999999997,0.05975315032851625,0.0,0.0001579707469685324,0.014897721636907807,True,0.12012712206063299,reject,pre_step,drift_diffusion_then_jump,full_law,8,0.0,0.005042372881355934,166.73358155909096,143078,3.499048258873586e-08,1.0012736535662299,0.0,9.342458851192476e-06,0.0
LSC-CP,"LSC-CP, tamed",67fe983bcba8cecb4eb040b92e2c557b,c87203a12406cc5114b7ffa2d8877465,True,0,8991,44.955,22332184636.094917,6978807.698779661,8991.0,9206784.0,0.09540196543047652,0.0018885891287030443,0.0009202645238494123,0.048750000000000016,0.06125931013928587,0.0,0.00036409304039627596,0.02657703707188583,True,0.12012712206063299,reject,pre_step,drift_diffusion_then_jump,full_law,8,0.0,0.005041666666666667,400.9620282719855,144046,3.475697920142365e-08,1.001320765209654,0.0,9.314870425981537e-06,0.0
LSC-CP,"LSC-CP, tamed",67fe983bcba8cecb4eb040b92e2c557b,c87203a12406cc5114b7ffa2d8877465,True,1,8991,44.955,22332184636.094917,6978807.698779661,8991.0,9206784.0,0.04175495077265411,0.00014103707005885813,-0.0008413335792795129,0.028750000000000053,0.061624344739611425,0.0,0.000193872852793356,0.016025241291206332,True,0.12012712206063299,reject,pre_step,drift_diffusion_then_jump,full_law,8,0.0,0.005041666666666667,400.9620282719855,144046,3.475697920142365e-08,1.001320765209654,0.0,9.314870425981537e-06,0.0
LSC-CP,"LSC-CP, tamed",67fe983bcba8cecb4eb040b92e2c557b,c87203a12406cc5114b7ffa2d8877465,True,2,8991,44.955,22332184636.094917,6978807.698779661,8991.0,9206784.0,0.08255787356537833,0.0016477526065226122,0.0006629562483910778,0.06374999999999997,0.0659543064352821,0.0,0.00011453054951431323,0.012397721636907805,True,0.12012712206063299,reject,pre_step,drift_diffusion_then_jump,full_law,8,0.0,0.005041666666666667,400.9620282719855,144046,3.475697920142365e-08,1.001320765209654,0.0,9.314870425981537e-06,0.0
LSC-CP,"LSC-CP, tamed",67fe983bcba8cecb4eb040b92e2c557b,c87203a12406cc5114b7ffa2d8877465,True,3,8991,44.955,22332184636.094917,6978807.698779661,8991.0,9206784.0,0.11308249561143491,0.003661068754556962,0.0026911236469383537,0.058750000000000024,0.066305149329288,0.0,0.00038531458607971546,0.02522475870879365,True,0.12012712206063299,reject,pre_step,drift_diffusion_then_jump,full_law,8,0.0,0.005041666666666667,400.9620282719855,144046,3.475697920142365e-08,1.001320765209654,0.0,9.314870425981537e-06,0.0
LSC-CP,"LSC-CP, tamed",67fe983bcba8cecb4eb040b92e2c557b,c87203a12406cc5114b7ffa2d8877465,True,0,9050,45.25,22478731059.577244,7024603.456117889,9050.0,9267200.0,0.09000665245426484,0.0015735280403462726,0.0005929850189585473,0.04625000000000001,0.0639121618160251,0.0,4.444155751448563e-05,0.009077037071885813,True,0.12012712206063299,reject,pre_step,drift_diffusion_then_jump,full_law,8,0.0,0.005280720338983052,141.40280577620405,145043,3.4530386740331495e-08,1.00167817679558,0.0,9.357734806629835e-06,0.0
LSC-CP,"LSC-CP, tamed",67fe983bcba8cecb4eb040b92e2c557b,c87203a12406cc5114b7ffa2d8877465,True,1,9050,45.25,22478731059.577244,7024603.456117889,9050.0,9267200.0,0.0441263661931035,0.00018124332706637158,-0.0008109290329187946,0.025000000000000022,0.06936190860257085,0.0,0.00043217254298290406,0.02727524129120637,True,0.12012712206063299,reject,pre_step,drift_diffusion_then_jump,full_law,8,0.0,0.005280720338983052,141.40280577620405,145043,3.4530386740331495e-08,1.00167817679558,0.0,9.357734806629835e-06,0.0
LSC-CP,"LSC-CP, tamed",67fe983bcba8cecb4eb040b92e2c557b,c87203a12406cc5114b7ffa2d8877465,True,2,9050,45.25,22478731059.577244,7024603.456117889,9050.0,9267200.0,0.06911176261958654,0.000820034515323087,-0.00016577248308224934,0.03999999999999998,0.06119755659466486,0.0,3.242451642818979e-05,0.007275241291206325,True,0.12012712206063299,reject,pre_step,drift_diffusion_then_jump,full_law,8,0.0,0.005280720338983052,141.40280577620405,145043,3.4530386740331495e-08,1.00167817679558,0.0,9.357734806629835e-06,0.0
LSC-CP,"LSC-CP, tamed",67fe983bcba8cecb4eb040b92e2c557b,c87203a12406cc5114b7ffa2d8877465,True,3,9050,45.25,22478731059.577244,7024603.456117889,9050.0,9267200.0,0.09252367154506844,0.002147180927351,0.0011731736683080474,0.052499999999999936,0.06182443329063081,0.0,0.0001292512282653202,0.013974758708793666,True,0.12012712206063299,reject,pre_step,drift_diffusion_then_jump,full_law,8,0.0,0.005280720338983052,141.40280577620405,145043,3.4530386740331495e-08,1.00167817679558,0.0,9.357734806629835e-06,0.0
LSC-CP,"LSC-CP, tamed",67fe983bcba8cecb4eb040b92e2c557b,c87203a12406cc5114b7ffa2d8877465,True,0,9109,45.545,22625277483.05957,7070399.213456116,9109.0,9327616.0,0.10491381386110968,0.002874454858093456,0.00189976034668915,0.06875000000000003,0.06549419104093235,0.0,0.00021860909660236655,0.018974758708793643,True,0.12012712206063299,reject,pre_step,drift_diffusion_then_jump,full_law,8,0.0,0.004957627118644068,446.61875761452694,145979,3.4306729608079924e-08,1.0016124162915798,0.0,9.29712372378966e-06,0.0
LSC-CP,"LSC-CP, tamed",67fe983bcba8cecb4eb040b92e2c557b,c87203a12406cc5114b7ffa2d8877465,True,1,9109,45.545,22625277483.05957,7070399.213456116,9109.0,9327616.0,0.07378972269537282,0.0009228964107844684,-7.522538634263665e-05,0.03749999999999998,0.06258755882685485,0.0,0.0016007396590673392,0.05227524129120634,True,0.12012712206063299,reject,pre_step,drift_diffusion_then_jump,full_law,8,0.0,0.004957627118644068,446.61875761452694,145979,3.4306729608079924e-08,1.0016124162915798,0.0,9.29712372378966e-06,0.0
LSC-CP,"LSC-CP, tamed",67fe983bcba8cecb4eb040b92e2c557b,c87203a12406cc5114b7ffa2d8877465,True,2,9109,45.545,22625277483.05957,7070399.213456116,9109.0,9327616.0,0.04136852203089776,0.00011627250959045377,-0.0008698325625209335,0.021250000000000102,0.06010746031879122,0.0,0.0002785334307862323,0.021025241291206337,True,0.12012712206063299,reject,pre_step,drift_diffusion_then_jump,full_law,8,0.0,0.004957627118644068,446.61875761452694,145979,3.4306729608079924e-08,1.0016124162915798,0.0,9.29712372378966e-06,0.0
LSC-CP,"LSC-CP, tamed",67fe983bcba8cecb4eb040b92e2c557b,c87203a12406cc5114b7ffa2d8877465,True,3,9109,45.545,22625277483.05957,7070399.213456116,9109.0,9327616.0,0.06164041107313317,0.0004962545161717458,-0.0004884426546408749,0.03874999999999995,0.06350843892780667,0.0,7.363295248403036e-05,0.011025241291206328,True,0.12012712206063299,reject,pre_step,drift_diffusion_then_jump,full_law,8,0.0,0.004957627118644068,446.61875761452694,145979,3.4306729608079924e-08,1.0016124162915798,0.0,9.29712372378966e-06,0.0
LSC-CP,"LSC-CP, tamed",67fe983bcba8cecb4eb040b92e2c557b,c87203a12406cc5114b7ffa2d8877465,True,0,9169,45.845,22774307744.22804,7116971.170071262,9169.0,9389056.0,0.10921213420973241,0.003354433470808549,0.0023878389470155525,0.06,0.0585627181879913,0.0,0.00035771790174311813,0.023974758708793648,True,0.12012712206063299,reject,pre_step,drift_diffusion_then_jump,full_law,8,0.0,0.005036458333333333,342.41942081949895,146946,3.4082233613262076e-08,1.0016495801068819,0.0,9.270367542807285e-06,0.0
LSC-CP,"LSC-CP, tamed",67fe983bcba8cecb4eb040b92e2c557b,c87203a12406cc5114b7ffa2d8877465,True,1,9169,45.845,22774307744.22804,7116971.170071262,9169.0,9389056.0,0.050795387044596366,0.00012445748763090236,-0.0008615934738469555,0.020000000000000018,0.07086966925878413,0.0,0.0009168796915581567,0.033525241291206334,True,0.12012712206063299,reject,pre_step,drift_diffusion_then_jump,full_law,8,0.0,0.005036458333333333,342.41942081949895,146946,3.4082233613262076e-08,1.0016495801068819,0.0,9.270367542807285e-06,0.0
LSC-CP,"LSC-CP, tamed",67fe983bcba8cecb4eb040b92e2c557b,c87203a12406cc5114b7ffa2d8877465,True,2,9169,45.845,22774307744.22804,7116971.170071262,9169.0,9389056.0,0.03171005881119871,0.00013567560778149357,-0.0008393052752619923,0.03125,0.05891679628830604,0.0,0.0006892291304322466,0.03135227836309219,True,0.12012712206063299,reject,pre_step,drift_diffusion_then_jump,full_law,8,0.0,0.005036458333333333,342.41942081949895,146946,3.4082233613262076e-08,1.0016495801068819,0.0,9.270367542807285e-06,0.0
LSC-CP,"LSC-CP, tamed",67fe983bcba8cecb4eb040b92e2c557b,c87203a12406cc5114b7ffa2d8877465,True,3,9169,45.845,22774307744.22804,7116971.170071262,9169.0,9389056.0,0.0664525658293651,0.0005364497224683573,-0.00045263194468014856,0.034999999999999976,0.06252649158814239,0.0,0.0001065390200296315,0.01352524129120633,True,0.12012712206063299,reject,pre_step,drift_diffusion_then_jump,full_law,8,0.0,0.005036458333333333,342.41942081949895,146946,3.4082233613262076e-08,1.0016495801068819,0.0,9.270367542807285e-06,0.0
LSC-CP,"LSC-CP, tamed",67fe983bcba8cecb4eb040b92e2c557b,c87203a12406cc5114b7ffa2d8877465,True,0,9228,46.14,22920854167.710365,7162766.927409489,9228.0,9449472.0,0.12548648628391917,0.004901781253766835,0.003931696463132517,0.06874999999999998,0.059518438445863575,0.0,0.0005305938540219142,0.028974758708793652,True,0.12012712206063299,reject,pre_step,drift_diffusion_then_jump,full_law,8,0.0,0.005090042372881356,199.70156694721211,147907,3.3864325964456005e-08,1.0017541720849588,0.0,9.244960988296489e-06,0.0
LSC-CP,"LSC-CP, tamed",67fe983bcba8cecb4eb040b92e2c557b,c87203a12406cc5114b7ffa2d8877465,True,1,9228,46.14,22920854167.710365,7162766.927409489,9228.0,9449472.0,0.035244635120760856,0.00032501873958878935,-0.0006514819998212351,0.03500000000000003,0.06316479272445152,0.0,0.0009627564389718434,0.03510227836309221,True,0.12012712206063299,reject,pre_step,drift_diffusion_then_jump,full_law,8,0.0,0.005090042372881356,199.70156694721211,147907,3.3864325964456005e-08,1.0017541720849588,0.0,9.244960988296489e-06,0.0
LSC-CP,"LSC-CP, tamed",67fe983bcba8cecb4eb040b92e2c557b,c87203a12406cc5114b7ffa2d8877465,True,2,9228,46.14,22920854167.710365,7162766.927409489,9228.0,9449472.0,0.03849826377456918,0.00012803382566761723,-0.0008588968920408835,0.02499999999999991,0.06286611831712652,0.0,0.00026837195632782216,0.019775241291206336,True,0.12012712206063299,reject,pre_step,drift_diffusion_then_jump,full_law,8,0.0,0.005090042372881356,199.70156694721211,147907,3.3864325964456005e-08,1.0017541720849588,0.0,9.244960988296489e-06,0.0
LSC-CP,"LSC-CP, tamed",67fe983bcba8cecb4eb040b92e2c557b,c87203a12406cc5114b7ffa2d8877465,True,3,9228,46.14,22920854167.710365,7162766.927409489,9228.0,9449472.0,0.06088906440232016,0.00037177072239247266,-0.0006123395486492544,0.03125,0.061581011638056626,0.0,0.00010930770519489608,0.012275241291206357,True,0.12012712206063299,reject,pre_step,drift_diffusion_then_jump,full_law,8,0.0,0.005090042372881356,199.70156694721211,147907,3.3864325964456005e-08,1.0017541720849588,0.0,9.244960988296489e-06,0.0
LSC-CP,"LSC-CP, tamed",67fe983bcba8cecb4eb040b92e2c557b,c87203a12406cc5114b7ffa2d8877465,True,0,9288,46.44,23069884428.878834,7209338.884024636,9288.0,9510912.0,0.08824942347002816,0.0014593813594413474,0.0004889923807686047,0.044999999999999984,0.0627593385639651,0.0,9.412588724325892e-05,0.012827037071885844,True,0.12012712206063299,reject,pre_step,drift_diffusion_then_jump,full_law,8,0.0,0.00493229166666667,156.06458315168513,148854,3.364556416881998e-08,1.001655361757106,0.0,9.252530146425495e-06,0.0
LSC-CP,"LSC-CP, tamed",67fe983bcba8cecb4eb040b92e2c557b,c87203a12406cc5114b7ffa2d8877465,True,1,9288,46.44,23069884428.878834,7209338.884024636,9288.0,9510912.0,0.037161510281969276,0.00023812326071126488,-0.0007403074271450372,0.030000000000000027,0.06318253206975644,0.0,0.0008698050661298649,0.03260227836309221,True,0.12012712206063299,reject,pre_step,drift_diffusion_then_jump,full_law,8,0.0,0.00493229166666667,156.06458315168513,148854,3.364556416881998e-08,1.001655361757106,0.0,9.252530146425495e-06,0.0
LSC-CP,"LSC-CP, tamed",67fe983bcba8cecb4eb040b92e2c557b,c87203a12406cc5114b7ffa2d8877465,True,2,9288,46.44,23069884428.878834,7209338.884024636,9288.0,9510912.0,0.05911806300423862,0.000390367186805185,-0.0005823257422429284,0.03750000000000003,0.060256324931782124,0.0,0.0004363786384647258,0.025102278363092215,True,0.12012712206063299,reject,pre_step,drift_diffusion_then_jump,full_law,8,0.0,0.00493229166666667,156.06458315168513,148854,3.364556416881998e-08,1.001655361757106,0.0,9.252530146425495e-06,0.0
LSC-CP,"LSC-CP, tamed",67fe983bcba8cecb4eb040b92e2c557b,c87203a12406cc5114b7ffa2d8877465,True,3,9288,46.44,23069884428.878834,7209338.884024636,9288.0,9510912.0,0.06494364036258032,0.0005464646117391281,-0.00042792968058369407,0.030000000000000027,0.058370888919777264,0.0,0.00017662485288338827,0.016352278363092193,True,0.12012712206063299,reject,pre_step,drift_diffusion_then_jump,full_law,8,0.0,0.00493229166666667,156.06458315168513,148854,3.364556416881998e-08,1.001655361757106,0.0,9.252530146425495e-06,0.0
LSC-CP,"LSC-CP, tamed",67fe983bcba8cecb4eb040b92e2c557b,c87203a12406cc5114b7ffa2d8877465,True,0,9347,46.735,23216430852.36116,7255134.641362863,9347.0,9571328.0,0.08337141250292804,0.001495752497214231,0.0005238791941317711,0.039999999999999925,0.05889860614495923,0.0,8.469685240209681e-05,0.012827037071885844,True,0.12012712206063299,reject,pre_step,drift_diffusion_then_jump,full_law,8,0.0,0.005127118644067798,145.52541271299376,149822,3.343318711886167e-08,1.0018053921044185,0.0,9.194126457686958e-06,0.0
LSC-CP,"LSC-CP, tamed",67fe983bcba8cecb4eb040b92e2c557b,c87203a12406cc5114b7ffa2d8877465,True,1,9347,46.735,23216430852.36116,7255134.641362863,9347.0,9571328.0,0.039542273913215284,6.5562778899797e-05,-0.0009161080349834316,0.026249999999999996,0.06009943414293262,0.0,0.00026837195632782216,0.019775241291206336,True,0.12012712206063299,reject,pre_step,drift_diffusion_then_jump,full_law,8,0.0,0.005127118644067798,145.52541271299376,149822,3.343318711886167e-08,1.0018053921044185,0.0,9.194126457686958e-06,0.0
LSC-CP,"LSC-CP, tamed",67fe983bcba8cecb4eb040b92e2c557b,c87203a12406cc5114b7ffa2d8877465,True,2,9347,46.735,23216430852.36116,7255134.641362863,9347.0,9571328.0,0.04979112997073507,0.0002312953477510149,-0.0007492573564330529,0.04374999999999998,0.06164129084486558,0.0,0.00033885038107360184,0.022602278363092212,True,0.12012712206063299,reject,pre_step,drift_diffusion_then_jump,full_law,8,0.0,0.005127118644067798,145.52541271299376,149822,3.343318711886167e-08,1.0018053921044185,0.0,9.194126457686958e-06,0.0
LSC-CP,"LSC-CP, tamed",67fe983bcba8cecb4eb040b92e2c557b,c87203a12406cc5114b7ffa2d8877465,True,3,9347,46.735,23216430852.36116,7255134.641362863,9347.0,9571328.0,0.0745677414404982,0.0008719838733340923,-9.894348752248483e-05,0.036250000000000004,0.05914879260113104,0.0,0.00013438082572746115,0.014077037071885817,True,0.12012712206063299,reject,pre_step,drift_diffusion_then_jump,full_law,8,0.0,0.005127118644067798,145.52541271299376,149822,3.343318711886167e-08,1.0018053921044185,0.0,9.194126457686958e-06,0.0
LSC-CP,"LSC-CP, tamed",67fe983bcba8cecb4eb040b92e2c557b,c87203a12406cc5114b7ffa2d8877465,True,0,9406,47.03,23362977275.843487,7300930.398701089,9406.0,9631744.0,0.06921161706071705,0.0009141259922381684,-5.86360876013714e-05,0.053750000000000075,0.062012361259722204,0.0,5.549395727260146e-05,0.008852278363092214,True,0.12012712206063299,reject,pre_step,drift_diffusion_then_jump,full_law,8,0.0,0.0049682203389830515,265.50159998089896,150760,3.322347437805656e-08,1.0017541994471615,0.0,9.16967892834361e-06,0.0
LSC-CP,"LSC-CP, tamed",67fe983bcba8cecb4eb040b92e2c557b,c87203a12406cc5114b7ffa2d8877465,True,1,9406,47.03,23362977275.843487,7300930.398701089,9406.0,9631744.0,0.03751116607862304,0.00010773532466923363,-0.0008738002105632692,0.035,0.06415215044225109,0.0,0.0003479889733535195,0.02010227836309221,True,0.12012712206063299,reject,pre_step,drift_diffusion_then_jump,full_law,8,0.0,0.0049682203389830515,265.50159998089896,150760,3.322347437805656e-08,1.0017541994471615,0.0,9.16967892834361e-06,0.0
LSC-CP,"LSC-CP, tamed",67fe983bcba8cecb4eb040b92e2c557b,c87203a12406cc5114b7ffa2d8877465,True,2,9406,47.03,23362977275.843487,7300930.398701089,9406.0,9631744.0,0.03397696411163652,0.00011772576135160584,-0.0008579438024632902,0.028750000000000053,0.060891376223501714,0.0,0.0007186246096364526,0.03260227836309218,True,0.12012712206063299,reject,pre_step,drift_diffusion_then_jump,full_law,8,0.0,0.0049682203389830515,265.50159998089896,150760,3.322347437805656e-08,1.0017541994471615,0.0,9.16967892834361e-06,0.0
LSC-CP,"LSC-CP, tamed",67fe983bcba8cecb4eb040b92e2c557b,c87203a12406cc5114b7ffa2d8877465,True,3,9406,47.03,23362977275.843487,7300930.398701089,9406.0,9631744.0,0.07937197924706399,0.0008496840118700222,-0.00012646275398664475,0.03750000000000003,0.06404247778697603,0.0,0.00016098242036742365,0.015327037071885818,True,0.12012712206063299,reject,pre_step,drift_diffusion_then_jump,full_law,8,0.0,0.0049682203389830515,265.50159998089896,150760,3.322347437805656e-08,1.0017541994471615,0.0,9.16967892834361e-06,0.0
LSC-CP,"LSC-CP, tamed",67fe983bcba8cecb4eb040b92e2c557b,c87203a12406cc5114b7ffa2d8877465,True,0,9466,47.33,23512007537.011955,7347502.355316236,9466.0,9693184.0,0.06365070254338613,0.0006476537322981368,-0.00032117150428867536,0.03249999999999997,0.05720974974895443,0.0,0.0002802427234936929,0.02010227836309221,True,0.12012712206063299,reject,pre_step,drift_diffusion_then_jump,full_law,8,0.0,0.004864583333333332,172.14234176655035,151694,3.30128882315656e-08,1.0015714134798226,0.0,9.210595816606803e-06,0.0
LSC-CP,"LSC-CP, tamed",67fe983bcba8cecb4eb040b92e2c557b,c87203a12406cc5114b7ffa2d8877465,True,1,9466,47.33,23512007537.011955,7347502.355316236,9466.0,9693184.0,0.037256481044554896,5.8542942181771807e-05,-0.000928127971343784,0.03374999999999995,0.059919992772508146,0.0,0.0004022590780255249,0.02477524129120634,True,0.12012712206063299,reject,pre_step,drift_diffusion_then_jump,full_law,8,0.0,0.004864583333333332,172.14234176655035,151694,3.30128882315656e-08,1.0015714134798226,0.0,9.210595816606803e-06,0.0
LSC-CP,"LSC-CP, tamed",67fe983bcba8cecb4eb040b92e2c557b,c87203a12406cc5114b7ffa2d8877465,True,2,9466,47.33,23512007537.011955,7347502.355316236,9466.0,9693184.0,0.0336462670207229,4.208463304722354e-05,-0.0009449386008648641,0.020000000000000018,0.06447509837111298,0.0,0.0004322391566360306,0.026025241291206314,True,0.12012712206063299,reject,pre_step,drift_diffusion_then_jump,full_law,8,0.0,0.004864583333333332,172.14234176655035,151694,3.30128882315656e-08,1.0015714134798226,0.0,9.210595816606803e-06,0.0
LSC-CP,"LSC-CP, tamed",67fe983bcba8cecb4eb040b92e2c557b,c87203a12406cc5114b7ffa2d8877465,True,3,9466,47.33,23512007537.011955,7347502.355316236,9466.0,9693184.0,0.07146072621671856,0.0006644053031594765,-0.0003126646323877713,0.03750000000000003,0.06487075179154289,0.0,0.00032857169191135346,0.021352278363092198,True,0.12012712206063299,reject,pre_step,drift_diffusion_then_jump,full_law,8,0.0,0.004864583333333332,172.14234176655035,151694,3.30128882315656e-08,1.0015714134798226,0.0,9.210595816606803e-06,0.0
LSC-CP,"LSC-CP, tamed",67fe983bcba8cecb4eb040b92e2c557b,c87203a12406cc5114b7ffa2d8877465,True,0,9525,47.625,23658553960.49428,7393298.112654463,9525.0,9753600.0,0.07827686469640671,0.000877906212773838,-0.00010063884326216854,0.040000000000000036,0.06292453052796898,0.0,6.15497569761217e-05,0.010327037071885842,True,0.12012712206063299,reject,pre_step,drift_diffusion_then_jump,full_law,8,0.0,0.004920550847457627,242.89814425138113,152623,3.2808398950131236e-08,1.0014632545931759,0.0,9.186351706036746e-06,0.0
LSC-CP,"LSC-CP, tamed",67fe983bcba8cecb4eb040b92e2c557b,c87203a12406cc5114b7ffa2d8877465,True,1,9525,47.625,23658553960.49428,7393298.112654463,9525.0,9753600.0,0.03425205536245521,0.00011548611288225707,-0.0008725227642290001,0.027499999999999997,0.059261902318536896,0.0,0.0005553910956505384,0.031025241291206318,True,0.12012712206063299,reject,pre_step,drift_diffusion_then_jump,full_law,8,0.0,0.004920550847457627,242.89814425138113,152623,3.2808398950131236e-08,1.0014632545931759,0.0,9.186351706036746e-06,0.0
LSC-CP,"LSC-CP, tamed",67fe983bcba8cecb4eb040b92e2c557b,c87203a12406cc5114b7ffa2d8877465,True,2,9525,47.625,23658553960.49428,7393298.112654463,9525.0,9753600.0,0.05719320150695584,0.00045596644060996727,-0.0005290459154917437,0.036250000000000004,0.06150697398194693,0.0,8.717135908930434e-05,0.012275241291206357,True,0.12012712206063299,reject,pre_step,drift_diffusion_then_jump,full_law,8,0.0,0.004920550847457627,242.89814425138113,152623,3.2808398950131236e-08,1.0014632545931759,0.0,9.186351706036746e-06,0.0
LSC-CP,"LSC-CP, tamed",67fe983bcba8cecb4eb040b92e2c557b,c87203a12406cc5114b7ffa2d8877465,True,3,9525,47.625,23658553960.49428,7393298.112654463,9525.0,9753600.0,0.08368250801124255,0.0012615024507151018,0.0002885123646687582,0.04624999999999996,0.06722915656591533,0.0,0.00037330999448129034,0.025327037071885827,True,0.12012712206063299,reject,pre_step,drift_diffusion_then_jump,full_law,8,0.0,0.004920550847457627,242.89814425138113,152623,3.2808398950131236e-08,1.0014632545931759,0.0,9.186351706036746e-06,0.0
LSC-CP,"LSC-CP, tamed",67fe983bcba8cecb4eb040b92e2c557b,c87203a12406cc5114b7ffa2d8877465,True,0,9584,47.92,23805100383.97661,7439093.86999269,9584.0,9814016.0,0.09556646847614055,0.0016389134145804451,0.000666517161807656,0.05124999999999999,0.07113441104835472,0.0,0.0004676300383269381,0.030327037071885804,True,0.12012712206063299,reject,pre_step,drift_diffusion_then_jump,full_law,8,0.0,0.004973516949152543,157.60332364809756,153562,3.2606427378964944e-08,1.0014216402337228,0.0,9.16240609348915e-06,0.0
LSC-CP,"LSC-CP, tamed",67fe983bcba8cecb4eb040b92e2c557b,c87203a12406cc5114b7ffa2d8877465,True,1,9584,47.92,23805100383.97661,7439093.86999269,9584.0,9814016.0,0.028365356927542218,0.00016818829502251997,-0.0008188404233112623,0.028750000000000053,0.060064283206152425,0.0,0.0004249904338982499,0.02727524129120637,True,0.12012712206063299,reject,pre_step,drift_diffusion_then_jump,full_law,8,0.0,0.004973516949152543,157.60332364809756,153562,3.2606427378964944e-08,1.0014216402337228,0.0,9.16240609348915e-06,0.0
LSC-CP,"LSC-CP, tamed",67fe983bcba8cecb4eb040b92e2c557b,c87203a12406cc5114b7ffa2d8877465,True,2,9584,47.92,23805100383.97661,7439093.86999269,9584.0,9814016.0,0.038897760193887895,8.842001873887728e-05,-0.0009018840761328972,0.02750000000000001,0.06600335454929729,0.0,0.00038828535373528796,0.02602524129120634,True,0.12012712206063299,reject,pre_step,drift_diffusion_then_jump,full_law,8,0.0,0.004973516949152543,157.60332364809756,153562,3.2606427378964944e-08,1.0014216402337228,0.0,9.16240609348915e-06,0.0
LSC-CP,"LSC-CP, tamed",67fe983bcba8cecb4eb040b92e2c557b,c87203a12406cc5114b7ffa2d8877465,True,3,9584,47.92,23805100383.97661,7439093.86999269,9584.0,9814016.0,0.06992162099301216,0.0008800376392458231,-8.976489808620869e-05,0.03874999999999995,0.05904043408208692,0.0,0.00013438082572746115,0.014077037071885817,True,0.12012712206063299,reject,pre_step,drift_diffusion_then_jump,full_law,8,0.0,0.004973516949152543,157.60332364809756,153562,3.2606427378964944e-08,1.0014216402337228,0.0,9.16240609348915e-06,0.0
LSC-CP,"LSC-CP, tamed",67fe983bcba8cecb4eb040b92e2c557b,c87203a12406cc5114b7ffa2d8877465,True,0,9644,48.22,23954130645.145077,7485665.826607836,9644.0,9875456.0,0.09071603057490021,0.0017749678549300318,0.0008036780748279515,0.05375000000000002,0.07055716727455441,0.0,0.00019128927566045353,0.019077037071885822,True,0.12012712206063299,reject,pre_step,drift_diffusion_then_jump,full_law,8,0.0,0.004989583333333334,150.94971516644915,154520,3.240356698465367e-08,1.0013998340937371,0.0,9.26742015761095e-06,0.0
LSC-CP,"LSC-CP, tamed",67fe983bcba8cecb4eb040b92e2c557b,c87203a12406cc5114b7ffa2d8877465,True,1,9644,48.22,23954130645.145077,7485665.826607836,9644.0,9875456.0,0.03593602303184028,8.230951670040731e-05,-0.0008957933737259172,0.03250000000000003,0.061664548484036685,0.0,0.00040664907713977225,0.0238522783630922,True,0.12012712206063299,reject,pre_step,drift_diffusion_then_jump,full_law,8,0.0,0.004989583333333334,150.94971516644915,154520,3.240356698465367e-08,1.0013998340937371,0.0,9.26742015761095e-06,0.0
LSC-CP,"LSC-CP, tamed",67fe983bcba8cecb4eb040b92e2c557b,c87203a12406cc5114b7ffa2d8877465,True,2,9644,48.22,23954130645.145077,7485665.826607836,9644.0,9875456.0,0.03652880295589385,0.0005059078135970507,-0.0004842451986637464,0.050000000000000044,0.06189460404004532,0.0,0.00036572056871720174,0.02352524129120634,True,0.12012712206063299,reject,pre_step,drift_diffusion_then_jump,full_law,8,0.0,0.004989583333333334,150.94971516644915,154520,3.240356698465367e-08,1.0013998340937371,0.0,9.26742015761095e-06,0.0
LSC-CP,"LSC-CP, tamed",67fe983bcba8cecb4eb040b92e2c557b,c87203a12406cc5114b7ffa2d8877465,True,3,9644,48.22,23954130645.145077,7485665.826607836,9644.0,9875456.0,0.0879354142531642,0.0016802353685151372,0.000706558678533753,0.056249999999999994,0.06250083764199721,0.0,0.00010303488196015172,0.014077037071885817,True,0.12012712206063299,reject,pre_step,drift_diffusion_then_jump,full_law,8,0.0,0.004989583333333334,150.94971516644915,154520,3.240356698465367e-08,1.0013998340937371,0.0,9.26742015761095e-06,0.0
LSC-CP,"LSC-CP, tamed",67fe983bcba8cecb4eb040b92e2c557b,c87203a12406cc5114b7ffa2d8877465,True,0,9703,48.515,24100677068.627403,7531461.583946063,9703.0,9935872.0,0.08621381128292005,0.001558914657638466,0.0005832515217301104,0.052499999999999936,0.06546125623707066,0.0,0.00014142805251374495,0.01657703707188582,True,0.12012712206063299,reject,pre_step,drift_diffusion_then_jump,full_law,8,0.0,0.004978813559322034,148.95421248766738,155460,3.2206534061630424e-08,1.001365557044213,0.0,9.243275275687932e-06,0.0
LSC-CP,"LSC-CP, tamed",67fe983bcba8cecb4eb040b92e2c557b,c87203a12406cc5114b7ffa2d8877465,True,1,9703,48.515,24100677068.627403,7531461.583946063,9703.0,9935872.0,0.049588312568542486,0.00022843325704013928,-0.0007469103252899512,0.03375000000000006,0.06803912541979762,0.0,0.00021687546940186357,0.017602278363092194,True,0.12012712206063299,reject,pre_step,drift_diffusion_then_jump,full_law,8,0.0,0.004978813559322034,148.95421248766738,155460,3.2206534061630424e-08,1.001365557044213,0.0,9.243275275687932e-06,0.0
LSC-CP,"LSC-CP, tamed",67fe983bcba8cecb4eb040b92e2c557b,c87203a12406cc5114b7ffa2d8877465,True,2,9703,48.515,24100677068.627403,7531461.583946063,9703.0,9935872.0,0.041916925731451435,0.0004980704973208683,-0.0004930720525008203,0.03749999999999998,0.060988359098352984,0.0,0.00032722308688086597,0.022275241291206338,True,0.12012712206063299,reject,pre_step,drift_diffusion_then_jump,full_law,8,0.0,0.004978813559322034,148.95421248766738,155460,3.2206534061630424e-08,1.001365557044213,0.0,9.243275275687932e-06,0.0
LSC-CP,"LSC-CP, tamed",67fe983bcba8cecb4eb040b92e2c557b,c87203a12406cc5114b7ffa2d8877465,True,3,9703,48.515,24100677068.627403,7531461.583946063,9703.0,9935872.0,0.08952641967777572,0.0016460231040823503,0.0006737272745918066,0.04500000000000004,0.06748681477272289,0.0,0.00021101547732335548,0.02032703707188585,True,0.12012712206063299,reject,pre_step,drift_diffusion_then_jump,full_law,8,0.0,0.004978813559322034,148.95421248766738,155460,3.2206534061630424e-08,1.001365557044213,0.0,9.243275275687932e-06,0.0
LSC-CP,"LSC-CP, tamed",67fe983bcba8cecb4eb040b92e2c557b,c87203a12406cc5114b7ffa2d8877465,True,0,9762,48.81,24247223492.10973,7577257.341284291,9762.0,9996288.0,0.09661695073810155,0.002101306030539929,0.0011244280394056005,0.05125000000000002,0.0633764616648993,0.0,0.00012952578464838372,0.015327037071885818,True,0.12012712206063299,reject,pre_step,drift_diffusion_then_jump,full_law,8,0.0,0.004915254237288136,282.6920087466848,156388,3.2011882810899406e-08,1.0012548658061873,0.0,9.187410366728129e-06,0.0
LSC-CP,"LSC-CP, tamed",67fe983bcba8cecb4eb040b92e2c557b,c87203a12406cc5114b7ffa2d8877465,True,1,9762,48.81,24247223492.10973,7577257.341284291,9762.0,9996288.0,0.060338490147508216,0.0005571002652398072,-0.0004149004224895947,0.03749999999999998,0.05749084598687848,0.0,0.0003099565218879852,0.021352278363092198,True,0.12012712206063299,reject,pre_step,drift_diffusion_then_jump,full_law,8,0.0,0.004915254237288136,282.6920087466848,156388,3.2011882810899406e-08,1.0012548658061873,0.0,9.187410366728129e-06,0.0
LSC-CP,"LSC-CP, tamed",67fe983bcba8cecb4eb040b92e2c557b,c87203a12406cc5114b7ffa2d8877465,True,2,9762,48.81,24247223492.10973,7577257.341284291,9762.0,9996288.0,0.02893283541630433,3.202736253005156e-05,-0.0009528842236550261,0.026249999999999996,0.0641307030460827,0.0,0.0005720669289381026,0.02852524129120633,True,0.12012712206063299,reject,pre_step,drift_diffusion_then_jump,full_law,8,0.0,0.004915254237288136,282.6920087466848,156388,3.2011882810899406e-08,1.0012548658061873,0.0,9.187410366728129e-06,0.0
LSC-CP,"LSC-CP, tamed",67fe983bcba8cecb4eb040b92e2c557b,c87203a12406cc5114b7ffa2d8877465,True,3,9762,48.81,24247223492.10973,7577257.341284291,9762.0,9996288.0,0.08879834909136412,0.0015431542957252686,0.0005679196986707602,0.05125000000000007,0.061028022667523385,0.0,0.00016251654883756277,0.01782703707188585,True,0.12012712206063299,reject,pre_step,drift_diffusion_then_jump,full_law,8,0.0,0.004915254237288136,282.6920087466848,156388,3.2011882810899406e-08,1.0012548658061873,0.0,9.187410366728129e-06,0.0
LSC-CP,"LSC-CP, tamed",67fe983bcba8cecb4eb040b92e2c557b,c87203a12406cc5114b7ffa2d8877465,True,0,9822,49.11,24396253753.2782,7623829.297899437,9822.0,10057728.0,0.07045010682523384,0.0007674025881254654,-0.00021062292557094686,0.05500000000000005,0.06556827548060784,0.0,2.6330292821957193e-05,0.006352278363092212,True,0.12012712206063299,reject,pre_step,drift_diffusion_then_jump,full_law,8,0.0,0.005114583333333334,296.8554976272541,157370,3.181633068621462e-08,1.001387192017919,0.0,9.194919568316025e-06,0.0
LSC-CP,"LSC-CP, tamed",67fe983bcba8cecb4eb040b92e2c557b,c87203a12406cc5114b7ffa2d8877465,True,1,9822,49.11,24396253753.2782,7623829.297899437,9822.0,10057728.0,0.08768410859315351,0.0015172224387884903,0.0005475003983111959,0.05750000000000002,0.06883582601901461,0.0,0.000534750839715741,0.03157703707188582,True,0.12012712206063299,reject,pre_step,drift_diffusion_then_jump,full_law,8,0.0,0.005114583333333334,296.8554976272541,157370,3.181633068621462e-08,1.001387192017919,0.0,9.194919568316025e-06,0.0
LSC-CP,"LSC-CP, tamed",67fe983bcba8cecb4eb040b92e2c557b,c87203a12406cc5114b7ffa2d8877465,True,2,9822,49.11,24396253753.2782,7623829.297899437,9822.0,10057728.0,0.04708858903955237,0.00037360315071932604,-0.0006193746827898305,0.03500000000000003,0.06132836352143434,0.0,0.00043217254298290406,0.02727524129120637,True,0.12012712206063299,reject,pre_step,drift_diffusion_then_jump,full_law,8,0.0,0.005114583333333334,296.8554976272541,157370,3.181633068621462e-08,1.001387192017919,0.0,9.194919568316025e-06,0.0
LSC-CP,"LSC-CP, tamed",67fe983bcba8cecb4eb040b92e2c557b,c87203a12406cc5114b7ffa2d8877465,True,3,9822,49.11,24396253753.2782,7623829.297899437,9822.0,10057728.0,0.0800680399682219,0.0010618375026579807,8.468167440167651e-05,0.04249999999999998,0.05703755597676785,0.0,8.769541821209044e-06,0.0040770370718858084,True,0.12012712206063299,reject,pre_step,drift_diffusion_then_jump,full_law,8,0.0,0.005114583333333334,296.8554976272541,157370,3.181633068621462e-08,1.001387192017919,0.0,9.194919568316025e-06,0.0
LSC-CP,"LSC-CP, tamed",67fe983bcba8cecb4eb040b92e2c557b,c87203a12406cc5114b7ffa2d8877465,True,0,9881,49.405,24542800176.760525,7669625.055237664,9881.0,10118144.0,0.07636769132216445,0.0008932763157606383,-7.832856198708438e-05,0.048750000000000016,0.0638540181321069,0.0,0.00025552903034135963,0.019077037071885794,True,0.12012712206063299,reject,pre_step,drift_diffusion_then_jump,full_law,8,0.0,0.005063559322033898,188.93365885474108,158326,3.162635360793442e-08,1.001454812265965,0.0,9.234895253516851e-06,0.0
LSC-CP,"LSC-CP, tamed",67fe983bcba8cecb4eb040b92e2c557b,c87203a12406cc5114b7ffa2d8877465,True,1,9881,49.405,24542800176.760525,7669625.055237664,9881.0,10118144.0,0.09663629995822207,0.0016763379759745511,0.0007024408241650404,0.057499999999999996,0.06371720897678079,0.0,0.00036157002057367674,0.02657703707188583,True,0.12012712206063299,reject,pre_step,drift_diffusion_then_jump,full_law,8,0.0,0.005063559322033898,188.93365885474108,158326,3.162635360793442e-08,1.001454812265965,0.0,9.234895253516851e-06,0.0
LSC-CP,"LSC-CP, tamed",67fe983bcba8cecb4eb040b92e2c557b,c87203a12406cc5114b7ffa2d8877465,True,2,9881,49.405,24542800176.760525,7669625.055237664,9881.0,10118144.0,0.050014095655356354,0.00023505440817672696,-0.000754197002887258,0.03249999999999997,0.054824645486663215,0.0,0.0008616750689686408,0.03852524129120634,True,0.12012712206063299,reject,pre_step,drift_diffusion_then_jump,full_law,8,0.0,0.005063559322033898,188.93365885474108,158326,3.162635360793442e-08,1.001454812265965,0.0,9.234895253516851e-06,0.0
LSC-CP,"LSC-CP, tamed",67fe983bcba8cecb4eb040b92e2c557b,c87203a12406cc5114b7ffa2d8877465,True,3,9881,49.405,24542800176.760525,7669625.055237664,9881.0,10118144.0,0.06611655571032758,0.000593570089299944,-0.0003782857292617958,0.04250000000000001,0.06041539065848578,0.0,0.0005606136886040702,0.027602278363092217,True,0.12012712206063299,reject,pre_step,drift_diffusion_then_jump,full_law,8,0.0,0.005063559322033898,188.93365885474108,158326,3.162635360793442e-08,1.001454812265965,0.0,9.234895253516851e-06,0.0
LSC-CP,"LSC-CP, tamed",67fe983bcba8cecb4eb040b92e2c557b,c87203a12406cc5114b7ffa2d8877465,True,0,9941,49.705,24691830437.92899,7716197.011852809,9941.0,10179584.0,0.06458564991645736,0.0006326327597037107,-0.00033684276925916024,0.02375000000000005,0.06589237932065117,0.0,0.0006519658179394679,0.02907703707188583,True,0.12012712206063299,reject,pre_step,drift_diffusion_then_jump,full_law,8,0.0,0.004984375000000001,227.35272707089774,159283,3.143546926868524e-08,1.0014271703047983,0.0,9.17915702645609e-06,0.0
LSC-CP,"LSC-CP, tamed",67fe983bcba8cecb4eb040b92e2c557b,c87203a12406cc5114b7ffa2d8877465,True,1,9941,49.705,24691830437.92899,7716197.011852809,9941.0,10179584.0,0.10539363632083368,0.0028374809732364392,0.0018789732948344406,0.05625000000000002,0.0588509101803919,0.0,0.0005536980508499155,0.03157703707188583,True,0.12012712206063299,reject,pre_step,drift_diffusion_then_jump,full_law,8,0.0,0.004984375000000001,227.35272707089774,159283,3.143546926868524e-08,1.0014271703047983,0.0,9.17915702645609e-06,0.0
LSC-CP,"LSC-CP, tamed",67fe983bcba8cecb4eb040b92e2c557b,c87203a12406cc5114b7ffa2d8877465,True,2,9941,49.705,24691830437.92899,7716197.011852809,9941.0,10179584.0,0.04236358748341984,0.0002177003423482482,-0.000772586302156486,0.022500000000000075,0.06501215298899143,0.0,0.0006962578773711831,0.03477524129120638,True,0.12012712206063299,reject,pre_step,drift_diffusion_then_jump,full_law,8,0.0,0.004984375000000001,227.35272707089774,159283,3.143546926868524e-08,1.0014271703047983,0.0,9.17915702645609e-06,0.0
LSC-CP,"LSC-CP, tamed",67fe983bcba8cecb4eb040b92e2c557b,c87203a12406cc5114b7ffa2d8877465,True,3,9941,49.705,24691830437.92899,7716197.011852809,9941.0,10179584.0,0.06473291195370057,0.0005880490295354646,-0.0003841237505191053,0.03875000000000001,0.06582948455172843,0.0,0.0003832621396920675,0.022602278363092212,True,0.12012712206063299,reject,pre_step,drift_diffusion_then_jump,full_law,8,0.0,0.004984375000000001,227.35272707089774,159283,3.143546926868524e-08,1.0014271703047983,0.0,9.17915702645609e-06,0.0
LSC-CP,"LSC-CP, tamed",67fe983bcba8cecb4eb040b92e2c557b,c87203a12406cc5114b7ffa2d8877465,True,0,10000,50.0,24838376861.411316,7761992.769191036,10000.0,10240000.0,0.06550393752673478,0.000624370834717225,-0.0003444129950758157,0.046249999999999986,0.06003459392238153,0.0,0.0006897127197392373,0.030102278363092205,True,0.12012712206063299,reject,pre_step,drift_diffusion_then_jump,full_law,8,0.0,0.004830508474576271,154.08743950392034,160195,3.125e-08,1.00121875,0.0,9.1875e-06,0.0
LSC-CP,"LSC-CP, tamed",67fe983bcba8cecb4eb040b92e2c557b,c87203a12406cc5114b7ffa2d8877465,True,1,10000,50.0,24838376861.411316,7761992.769191036,10000.0,10240000.0,0.1088204756570513,0.003240839623195324,0.0022769236718892527,0.065,0.06220091097365832,0.0,0.00047055968381347606,0.027827037071885802,True,0.12012712206063299,reject,pre_step,drift_diffusion_then_jump,full_law,8,0.0,0.004830508474576271,154.08743950392034,160195,3.125e-08,1.00121875,0.0,9.1875e-06,0.0
LSC-CP,"LSC-CP, tamed",67fe983bcba8cecb4eb040b92e2c557b,c87203a12406cc5114b7ffa2d8877465,True,2,10000,50.0,24838376861.411316,7761992.769191036,10000.0,10240000.0,0.0556748622775014,0.0005917262523311706,-0.0003976219947950943,0.03875000000000001,0.06182597440303439,0.0,0.0002065989052551908,0.018422962928114156,True,0.12012712206063299,reject,pre_step,drift_diffusion_then_jump,full_law,8,0.0,0.004830508474576271,154.08743950392034,160195,3.125e-08,1.00121875,0.0,9.1875e-06,0.0
LSC-CP,"LSC-CP, tamed",67fe983bcba8cecb4eb040b92e2c557b,c87203a12406cc5114b7ffa2d8877465,True,3,10000,50.0,24838376861.411316,7761992.769191036,10000.0,10240000.0,0.0704650449769128,0.000573799225161431,-0.0004006685174434699,0.03250000000000003,0.06062542460930409,0.0,0.00028973337784913514,0.02010227836309221,True,0.12012712206063299,reject,pre_step,drift_diffusion_then_jump,full_law,8,0.0,0.004830508474576271,154.08743950392034,160195,3.125e-08,1.00121875,0.0,9.1875e-06,0.0
