method,seed,time,phase_TV,phase_balance_l2,coverage,entropy,effective_phase_count,mean_q1,mean_q2,mean_order_norm,radial_order_error,second_moment_error,mean_energy,energy_harmonic_reference_error,energy_std,mass_0,mass_1,mass_2,mass_3,nearest_minimum_diagnostic_mass_0,nearest_minimum_diagnostic_mass_1,nearest_minimum_diagnostic_mass_2,nearest_minimum_diagnostic_mass_3,nearest_minimum_diagnostic_TV,magnetization_norm_mean,binder_cumulant,susceptibility,mean_total_energy_density,mean_gradient_energy_density,mean_local_energy_density,vector_correlation_0,vector_correlation_1,structure_factor_0,structure_factor_1,domain_wall_density_mean,coherent_field_fraction,noncoherent_field_probability,coherent_phase_TV,coherence_magnetization_threshold,coherence_domain_wall_threshold,coherent_phase_mass_0,coherent_phase_mass_1,coherent_phase_mass_2,coherent_phase_mass_3,clip_fraction_mean,clip_fraction_max,safety_clip_fraction,max_jump_count,mean_energy_after_jump,mean_energy_before_jump,mean_jump_count,total_jump_count,effective_log_clip,score_effective_log_clip,h_shell,score_h_shell,logratio_clip_fraction,score_logratio_clip_fraction,max_log_ratio,score_max_log_ratio,max_score_norm,score_max_score_norm,moment_score,score_moment_score,n_rho,score_n_rho,n_theta,score_n_theta,overflow_guard_logratio_clip_fraction,score_overflow_guard_logratio_clip_fraction,rho_n,score_rho_n,score_changing_logratio_clip_fraction,score_score_changing_logratio_clip_fraction,score_clip_fraction,score_score_clip_fraction,jump_count,undirected_edges,directed_atoms,graph_family,jump_type,n_atoms,jump_cost_proxy,score_cost_proxy,total_cost_proxy,cost_proxy
LSC-MST-shell,20260140,0.0,0.932014687997399,1.1341157041619936,1,2.072326583694641e-297,1.0,-1.1866054837102482,-1.0735649953305386,1.6001794815489572,0.16753785387547646,0.4363219895350675,18.37619290464606,15.176192904646062,3.8891954259576327,1.0,0.0,0.0,0.0,1.0,0.0,0.0,0.0,0.932014687997399,1.6002129589480065,0.4999161871521488,0.03438290947372025,0.5742560282701894,0.5738384672140835,0.00041756105610583205,2.5677423302036844,2.560569349363508,81.94524673847174,0.007035087531398031,0.0,1.0,0.0,0.932014687997399,1.0028725735507709,0.08,1.0,0.0,0.0,0.0,0.0009158119658119642,0.004392361111111111,0.0009158119658119642,0.9476923076923077,4.0762153392753735,4.052417385668942,0.003163247863247863,2.846923076923077,707.782712893384,707.782712893384,0.08,0.07999999999999999,0.0,0.0,406.30157909297924,406.30157909297924,3463594938.606645,3463594938.606645,1.0,1.0,3,3.0,5,5.0,0.0,0.0,3,3.0,0.0,0.0,3.461538461538461e-05,3.461538461538461e-05,2.846923076923077,3,6,MST,shell,6,1170000,105300000,106470000,106470000
LSC-MST-shell,20260140,0.04,0.9086813546640655,1.111976696779037,1,0.12559465363178696,1.1338224842974938,-1.1771503673976347,-1.0456841295781585,1.5745279566638426,0.17979502968742517,0.4435553455704615,3.812033410080903,0.6120334100809028,0.7289450687097567,0.9766666666666667,0.015555555555555555,0.0077777777777777776,0.0,0.9766666666666667,0.015555555555555555,0.0077777777777777776,0.0,0.9086813546640655,1.5996825713379494,0.4909471620167253,3.9389098686308444,0.11912604406502822,0.11812492018765129,0.0010011238773769435,2.5752462409984087,2.573769679496063,82.28138951621965,0.019517204517209705,0.0,0.9933333333333333,0.00666666666666671,0.915236164507466,1.0028725735507709,0.08,0.9832214765100671,0.015659955257270694,0.0011185682326621924,0.0,0.0009158119658119642,0.004392361111111111,0.0009158119658119642,0.9476923076923077,4.0762153392753735,4.052417385668942,0.003163247863247863,2.846923076923077,707.782712893384,707.782712893384,0.08,0.07999999999999999,0.0,0.0,406.30157909297924,406.30157909297924,3463594938.606645,3463594938.606645,1.0,1.0,3,3.0,5,5.0,0.0,0.0,3,3.0,0.0,0.0,3.461538461538461e-05,3.461538461538461e-05,2.846923076923077,3,6,MST,shell,6,1170000,105300000,106470000,106470000
LSC-MST-shell,20260140,0.08,0.8853480213307322,1.0877544833194286,2,0.2289079491083281,1.2572263048808083,-1.1599483480353254,-1.0073676239520295,1.5363169269055905,0.19169058525974908,0.4368024834199703,3.919262469487207,0.719262469487207,0.7219935007493362,0.9533333333333334,0.03111111111111111,0.008888888888888889,0.006666666666666667,0.9533333333333334,0.03111111111111111,0.008888888888888889,0.006666666666666667,0.8853480213307322,1.5935898209380857,0.482464395981133,8.160516222915533,0.12247695217147522,0.12093407518213277,0.0015428769893424655,2.5697946431378575,2.5682829671980802,82.0809641790109,0.030111798526179828,0.0001388888888888889,0.9844444444444445,0.015555555555555545,0.9004119791937872,1.0028725735507709,0.08,0.9683972911963883,0.03160270880361174,0.0,0.0,0.0009158119658119642,0.004392361111111111,0.0009158119658119642,0.9476923076923077,4.0762153392753735,4.052417385668942,0.003163247863247863,2.846923076923077,707.782712893384,707.782712893384,0.08,0.07999999999999999,0.0,0.0,406.30157909297924,406.30157909297924,3463594938.606645,3463594938.606645,1.0,1.0,3,3.0,5,5.0,0.0,0.0,3,3.0,0.0,0.0,3.461538461538461e-05,3.461538461538461e-05,2.846923076923077,3,6,MST,shell,6,1170000,105300000,106470000,106470000
LSC-MST-shell,20260140,0.12,0.8542369102196212,1.0554532495193678,2,0.3445576989235248,1.4113655330998225,-1.1252052994105113,-0.9557047387674092,1.4762989241762596,0.20021240831565987,0.40458117169325974,3.947003685947863,0.7470036859478628,0.7399989710992098,0.9222222222222223,0.04888888888888889,0.013333333333333334,0.015555555555555555,0.9222222222222223,0.04888888888888889,0.013333333333333334,0.015555555555555555,0.8542369102196212,1.5735055286924884,0.4757582696875954,12.480296927258081,0.12334386518587072,0.12159275211443799,0.001751113071432745,2.5202250564572615,2.518705147055831,80.47745845515223,0.03772823259261608,0.00034722222222222224,0.9711111111111111,0.028888888888888853,0.8816714385694813,1.0028725735507709,0.08,0.9496567505720824,0.04919908466819222,0.0011441647597254005,0.0,0.0009158119658119642,0.004392361111111111,0.0009158119658119642,0.9476923076923077,4.0762153392753735,4.052417385668942,0.003163247863247863,2.846923076923077,707.782712893384,707.782712893384,0.08,0.07999999999999999,0.0,0.0,406.30157909297924,406.30157909297924,3463594938.606645,3463594938.606645,1.0,1.0,3,3.0,5,5.0,0.0,0.0,3,3.0,0.0,0.0,3.461538461538461e-05,3.461538461538461e-05,2.846923076923077,3,6,MST,shell,6,1170000,105300000,106470000,106470000
LSC-MST-shell,20260140,0.16,0.8253480213307323,1.023770621811532,3,0.43742487797142643,1.5487139517303459,-1.0975311185392704,-0.9004197236454686,1.4196232721718258,0.2111686761437516,0.3992578995860911,4.000103714145988,0.8001037141459877,0.7428595376791508,0.8933333333333333,0.06444444444444444,0.013333333333333334,0.028888888888888888,0.8933333333333333,0.06444444444444444,0.014444444444444444,0.027777777777777776,0.8253480213307322,1.5648003628585496,0.4694649691851849,15.690481495338418,0.12500324106706212,0.12293374999079938,0.002069491076262734,2.503304947738089,2.5017682758632036,79.92425376880574,0.04280103876019319,0.001875,0.9566666666666667,0.043333333333333335,0.8658125974050643,1.0028725735507709,0.08,0.9337979094076655,0.0627177700348432,0.0011614401858304297,0.0023228803716608595,0.0009158119658119642,0.004392361111111111,0.0009158119658119642,0.9476923076923077,4.0762153392753735,4.052417385668942,0.003163247863247863,2.846923076923077,707.782712893384,707.782712893384,0.08,0.07999999999999999,0.0,0.0,406.30157909297924,406.30157909297924,3463594938.606645,3463594938.606645,1.0,1.0,3,3.0,5,5.0,0.0,0.0,3,3.0,0.0,0.0,3.461538461538461e-05,3.461538461538461e-05,2.846923076923077,3,6,MST,shell,6,1170000,105300000,106470000,106470000
LSC-MST-shell,20260140,0.2,0.8020146879973988,0.9960687794813148,3,0.515449016227528,1.6743901613848995,-1.0638179680376219,-0.8648383643061544,1.3710047649426442,0.21539591363899016,0.37424906513191325,4.018232623201099,0.8182326232010988,0.7220555365474273,0.87,0.06777777777777778,0.02,0.042222222222222223,0.87,0.07222222222222222,0.021111111111111112,0.03666666666666667,0.8020146879973988,1.5508228851058221,0.464372009769916,18.023361440179002,0.12556976947503434,0.12340913486370973,0.002160634611324627,2.467330308026724,2.4657876938409276,78.76398801499224,0.046903129870289974,0.003611111111111111,0.9388888888888889,0.061111111111111116,0.8586419069323101,1.0028725735507709,0.08,0.9266272189349113,0.06390532544378698,0.005917159763313609,0.0035502958579881655,0.0009158119658119642,0.004392361111111111,0.0009158119658119642,0.9476923076923077,4.0762153392753735,4.052417385668942,0.003163247863247863,2.846923076923077,707.782712893384,707.782712893384,0.08,0.07999999999999999,0.0,0.0,406.30157909297924,406.30157909297924,3463594938.606645,3463594938.606645,1.0,1.0,3,3.0,5,5.0,0.0,0.0,3,3.0,0.0,0.0,3.461538461538461e-05,3.461538461538461e-05,2.846923076923077,3,6,MST,shell,6,1170000,105300000,106470000,106470000
LSC-MST-shell,20260140,0.24,0.7820146879973989,0.9706186789106264,3,0.5650932527625563,1.7596118637385125,-1.0346640273371488,-0.8233215045459664,1.3222662172623798,0.21322261086782135,0.35264834980488186,4.000901025489711,0.8009010254897104,0.7386279950852526,0.85,0.07444444444444444,0.015555555555555555,0.06,0.85,0.08333333333333333,0.016666666666666666,0.05,0.7820146879973988,1.5349506859440123,0.46246799094313473,19.155121492518106,0.12502815704655346,0.12290089926041028,0.002127257786143167,2.4220396672258677,2.4205034059851123,77.30986761421161,0.04930294711273805,0.0045138888888888885,0.9222222222222223,0.07777777777777772,0.8537014349853507,1.0028725735507709,0.08,0.9216867469879518,0.06385542168674699,0.006024096385542169,0.008433734939759036,0.0009158119658119642,0.004392361111111111,0.0009158119658119642,0.9476923076923077,4.0762153392753735,4.052417385668942,0.003163247863247863,2.846923076923077,707.782712893384,707.782712893384,0.08,0.07999999999999999,0.0,0.0,406.30157909297924,406.30157909297924,3463594938.606645,3463594938.606645,1.0,1.0,3,3.0,5,5.0,0.0,0.0,3,3.0,0.0,0.0,3.461538461538461e-05,3.461538461538461e-05,2.846923076923077,3,6,MST,shell,6,1170000,105300000,106470000,106470000
LSC-MST-shell,20260140,0.28,0.7675702435529544,0.9509921671796644,3,0.6016466197428856,1.825121608744401,-1.01336292760918,-0.7979218735344932,1.2897998834382967,0.21332111562221137,0.34016241593948454,4.037726870655924,0.8377268706559242,0.7633947689944033,0.8355555555555556,0.07444444444444444,0.015555555555555555,0.07444444444444444,0.8355555555555556,0.09111111111111111,0.015555555555555555,0.057777777777777775,0.7675702435529544,1.5336277485022067,0.45946633480626176,19.219478446908198,0.12617896470799764,0.12386102722601607,0.002317937481981566,2.418258602914029,2.416710340073704,77.18639811592125,0.05075933306079858,0.003958333333333334,0.9233333333333333,0.07666666666666666,0.8357451332440897,1.0028725735507709,0.08,0.9037304452466908,0.06979542719614922,0.010830324909747292,0.015643802647412757,0.0009158119658119642,0.004392361111111111,0.0009158119658119642,0.9476923076923077,4.0762153392753735,4.052417385668942,0.003163247863247863,2.846923076923077,707.782712893384,707.782712893384,0.08,0.07999999999999999,0.0,0.0,406.30157909297924,406.30157909297924,3463594938.606645,3463594938.606645,1.0,1.0,3,3.0,5,5.0,0.0,0.0,3,3.0,0.0,0.0,3.461538461538461e-05,3.461538461538461e-05,2.846923076923077,3,6,MST,shell,6,1170000,105300000,106470000,106470000
LSC-MST-shell,20260140,0.32,0.7375702435529545,0.9182173572912913,4,0.6853109380643478,1.9843887616197402,-0.9862343524301079,-0.7482330117666341,1.2379462176567282,0.22043738708021868,0.3301033042353851,4.083445429263852,0.8834454292638521,0.7226453804206393,0.8055555555555556,0.08333333333333333,0.025555555555555557,0.08555555555555555,0.8055555555555556,0.10888888888888888,0.025555555555555557,0.06,0.7375702435529545,1.5217842341186694,0.4535222401578445,21.842134952308356,0.12760766966449538,0.12508825895379966,0.002519410710695746,2.3903907446918797,2.388827141454957,76.2906856620195,0.05218032862119431,0.0027083333333333334,0.9177777777777778,0.0822222222222222,0.8085280051886823,1.0028725735507709,0.08,0.8765133171912833,0.08353510895883777,0.013317191283292978,0.026634382566585957,0.0009158119658119642,0.004392361111111111,0.0009158119658119642,0.9476923076923077,4.0762153392753735,4.052417385668942,0.003163247863247863,2.846923076923077,707.782712893384,707.782712893384,0.08,0.07999999999999999,0.0,0.0,406.30157909297924,406.30157909297924,3463594938.606645,3463594938.606645,1.0,1.0,3,3.0,5,5.0,0.0,0.0,3,3.0,0.0,0.0,3.461538461538461e-05,3.461538461538461e-05,2.846923076923077,3,6,MST,shell,6,1170000,105300000,106470000,106470000
LSC-MST-shell,20260140,0.36,0.7120146879973989,0.8875563751536646,3,0.7304858203743906,2.076088969033247,-0.9553226313897779,-0.6877761619978555,1.1771479851989683,0.21496719678409673,0.2987870088332823,4.039659012425033,0.8396590124250327,0.7406867711741947,0.78,0.09555555555555556,0.01888888888888889,0.10555555555555556,0.78,0.12666666666666668,0.01888888888888889,0.07444444444444444,0.7176754644686647,1.5070385059961409,0.4534531261222815,21.256198174488787,0.12623934413828228,0.1238626739810068,0.0023766701572754665,2.3439549616303896,2.3424066782056268,74.80290169121143,0.053959092295892234,0.003125,0.9155555555555556,0.08444444444444443,0.7827428433372047,1.0028725735507709,0.08,0.8507281553398058,0.0983009708737864,0.015776699029126214,0.03519417475728155,0.0009158119658119642,0.004392361111111111,0.0009158119658119642,0.9476923076923077,4.0762153392753735,4.052417385668942,0.003163247863247863,2.846923076923077,707.782712893384,707.782712893384,0.08,0.07999999999999999,0.0,0.0,406.30157909297924,406.30157909297924,3463594938.606645,3463594938.606645,1.0,1.0,3,3.0,5,5.0,0.0,0.0,3,3.0,0.0,0.0,3.461538461538461e-05,3.461538461538461e-05,2.846923076923077,3,6,MST,shell,6,1170000,105300000,106470000,106470000
LSC-MST-shell,20260140,0.4,0.6942369102196211,0.8684667290817641,4,0.7732294909891684,2.16675247433642,-0.9347575168434011,-0.6592678304876269,1.1438556235867823,0.2185286144024414,0.28631847549035344,4.025631405327478,0.8256314053274778,0.7211642189523951,0.7622222222222222,0.10222222222222223,0.023333333333333334,0.11222222222222222,0.7622222222222222,0.13777777777777778,0.023333333333333334,0.07666666666666666,0.7110087978019981,1.5072148028565335,0.44935895961974615,21.942871253127976,0.1258009814164837,0.12332311991490766,0.0024778615015760173,2.3467559532962863,2.3452144142973497,74.88857390770825,0.05647147269216358,0.0025694444444444445,0.9233333333333333,0.07666666666666666,0.7563227505726096,1.0028725735507709,0.08,0.8243080625752106,0.10469314079422383,0.02045728038507822,0.05054151624548736,0.0009158119658119642,0.004392361111111111,0.0009158119658119642,0.9476923076923077,4.0762153392753735,4.052417385668942,0.003163247863247863,2.846923076923077,707.782712893384,707.782712893384,0.08,0.07999999999999999,0.0,0.0,406.30157909297924,406.30157909297924,3463594938.606645,3463594938.606645,1.0,1.0,3,3.0,5,5.0,0.0,0.0,3,3.0,0.0,0.0,3.461538461538461e-05,3.461538461538461e-05,2.846923076923077,3,6,MST,shell,6,1170000,105300000,106470000,106470000
LSC-MST-shell,20260140,0.44,0.6764591324418434,0.8488385226793611,4,0.813766874031081,2.256391541104842,-0.9056542536700537,-0.6279328692449462,1.1020477827521151,0.21938740527960454,0.2661248470724317,4.09571955728767,0.8957195572876699,0.7436604862975993,0.7444444444444445,0.10777777777777778,0.027777777777777776,0.12,0.7444444444444445,0.14666666666666667,0.027777777777777776,0.0811111111111111,0.7021199089131092,1.4996378056395285,0.4488590097400009,22.18923476563134,0.1279912361652397,0.12533975319489948,0.0026514829703402007,2.3249433055840947,2.323376558669158,74.18415701587,0.05926593867386851,0.002361111111111111,0.9233333333333333,0.07666666666666666,0.7346621007531149,1.0028725735507709,0.08,0.802647412755716,0.1095066185318893,0.02286401925391095,0.06498194945848375,0.0009158119658119642,0.004392361111111111,0.0009158119658119642,0.9476923076923077,4.0762153392753735,4.052417385668942,0.003163247863247863,2.846923076923077,707.782712893384,707.782712893384,0.08,0.07999999999999999,0.0,0.0,406.30157909297924,406.30157909297924,3463594938.606645,3463594938.606645,1.0,1.0,3,3.0,5,5.0,0.0,0.0,3,3.0,0.0,0.0,3.461538461538461e-05,3.461538461538461e-05,2.846923076923077,3,6,MST,shell,6,1170000,105300000,106470000,106470000
LSC-MST-shell,20260140,0.48,0.6586813546640655,0.8287278745270227,4,0.847712369990359,2.3343007228896417,-0.8793689332552127,-0.590995924024179,1.0595121061071473,0.21763093389802096,0.24591430120540708,4.059916098724385,0.8599160987243852,0.7467254096313625,0.7266666666666667,0.11444444444444445,0.028888888888888888,0.13,0.7266666666666667,0.15888888888888889,0.03222222222222222,0.08222222222222222,0.6965643533575536,1.4883421453959258,0.4468370872308489,22.283782478154137,0.12687237808513704,0.12430522028410074,0.0025671578010363007,2.2916465519147273,2.2900927366611756,73.11357318419132,0.061717031668743136,0.004166666666666667,0.9222222222222223,0.07777777777777772,0.7163520373949892,1.0028725735507709,0.08,0.7843373493975904,0.11325301204819277,0.024096385542168676,0.0783132530120482,0.0009158119658119642,0.004392361111111111,0.0009158119658119642,0.9476923076923077,4.0762153392753735,4.052417385668942,0.003163247863247863,2.846923076923077,707.782712893384,707.782712893384,0.08,0.07999999999999999,0.0,0.0,406.30157909297924,406.30157909297924,3463594938.606645,3463594938.606645,1.0,1.0,3,3.0,5,5.0,0.0,0.0,3,3.0,0.0,0.0,3.461538461538461e-05,3.461538461538461e-05,2.846923076923077,3,6,MST,shell,6,1170000,105300000,106470000,106470000
LSC-MST-shell,20260140,0.52,0.64312579910851,0.8072361063916738,4,0.8715964654830466,2.390724517694652,-0.8477154696435726,-0.5542600768427962,1.0128305634482038,0.22178545290787788,0.23076297323549771,4.066473212510926,0.8664732125109262,0.7667046316667022,0.7111111111111111,0.11444444444444445,0.027777777777777776,0.14666666666666667,0.7111111111111111,0.16666666666666666,0.03,0.09222222222222222,0.6887865755797757,1.4819356416047806,0.4442079825668135,23.243733830385764,0.12707728789096645,0.12442227254116577,0.0026550153498007007,2.2756530074837458,2.274097729076981,72.60063725051292,0.06207934719517831,0.004861111111111111,0.9277777777777778,0.07222222222222219,0.6936913347039857,1.0028725735507709,0.08,0.7616766467065869,0.11377245508982035,0.025149700598802394,0.09940119760479042,0.0009158119658119642,0.004392361111111111,0.0009158119658119642,0.9476923076923077,4.0762153392753735,4.052417385668942,0.003163247863247863,2.846923076923077,707.782712893384,707.782712893384,0.08,0.07999999999999999,0.0,0.0,406.30157909297924,406.30157909297924,3463594938.606645,3463594938.606645,1.0,1.0,3,3.0,5,5.0,0.0,0.0,3,3.0,0.0,0.0,3.461538461538461e-05,3.461538461538461e-05,2.846923076923077,3,6,MST,shell,6,1170000,105300000,106470000,106470000
LSC-MST-shell,20260140,0.56,0.6165643533575536,0.7804498610960674,4,0.9381232944872326,2.5551815924275343,-0.8122159148349384,-0.5237976736550273,0.9664671206189981,0.22640974747645304,0.2062186277908611,4.056486500174759,0.8564865001747588,0.7545878810209528,0.6844444444444444,0.12111111111111111,0.044444444444444446,0.15,0.6844444444444444,0.1688888888888889,0.044444444444444446,0.10222222222222223,0.6643421311353312,1.4664599439768966,0.4381377301260969,25.07605106424009,0.12676520313046122,0.12411529130946715,0.0026499118209941048,2.2357524913089986,2.2342010501676306,71.32375765966314,0.06248054665311944,0.004027777777777778,0.9166666666666666,0.08333333333333337,0.6762571122398231,1.0028725735507709,0.08,0.7442424242424243,0.11515151515151516,0.03393939393939394,0.10666666666666667,0.0009158119658119642,0.004392361111111111,0.0009158119658119642,0.9476923076923077,4.0762153392753735,4.052417385668942,0.003163247863247863,2.846923076923077,707.782712893384,707.782712893384,0.08,0.07999999999999999,0.0,0.0,406.30157909297924,406.30157909297924,3463594938.606645,3463594938.606645,1.0,1.0,3,3.0,5,5.0,0.0,0.0,3,3.0,0.0,0.0,3.461538461538461e-05,3.461538461538461e-05,2.846923076923077,3,6,MST,shell,6,1170000,105300000,106470000,106470000
LSC-MST-shell,20260140,0.6,0.6031257991085099,0.7597559581107594,4,0.9495912386496262,2.584652937132137,-0.7865427130600385,-0.4954500848835418,0.9295806721737256,0.22799492753011996,0.19335505970566766,4.1291154183529555,0.9291154183529553,0.7875603814605582,0.6711111111111111,0.12,0.03888888888888889,0.17,0.6711111111111111,0.17,0.04111111111111111,0.11777777777777777,0.6521199089131091,1.4551311098583788,0.43587618075014456,26.00366205531003,0.12903485682352986,0.12645738226732106,0.0025774745562088123,2.2056899167611066,2.204109199482765,70.35737570561662,0.06458059767792498,0.004930555555555555,0.9122222222222223,0.08777777777777773,0.6640487927477033,1.0028725735507709,0.08,0.7320341047503045,0.11693057247259439,0.029232643118148598,0.1218026796589525,0.0009158119658119642,0.004392361111111111,0.0009158119658119642,0.9476923076923077,4.0762153392753735,4.052417385668942,0.003163247863247863,2.846923076923077,707.782712893384,707.782712893384,0.08,0.07999999999999999,0.0,0.0,406.30157909297924,406.30157909297924,3463594938.606645,3463594938.606645,1.0,1.0,3,3.0,5,5.0,0.0,0.0,3,3.0,0.0,0.0,3.461538461538461e-05,3.461538461538461e-05,2.846923076923077,3,6,MST,shell,6,1170000,105300000,106470000,106470000
LSC-MST-shell,20260140,0.64,0.5897924657751766,0.7415332924089608,4,0.9713204965909976,2.641430156939356,-0.7643232145443052,-0.4722150468634503,0.8984303126985369,0.23135726603000561,0.18544936868941128,4.043572049826769,0.8435720498267685,0.7426034550965293,0.6577777777777778,0.11777777777777777,0.042222222222222223,0.18222222222222223,0.6577777777777778,0.1711111111111111,0.043333333333333335,0.12777777777777777,0.639897686690887,1.4479537414929573,0.43336447480172935,26.36356963814535,0.12636162655708652,0.1238059529706305,0.002555673586456042,2.1859885128217145,2.1844409384095815,69.72659816392508,0.06464647496279667,0.004583333333333333,0.9111111111111111,0.0888888888888889,0.6527463953144721,1.0028725735507709,0.08,0.7207317073170731,0.11707317073170732,0.03170731707317073,0.13048780487804879,0.0009158119658119642,0.004392361111111111,0.0009158119658119642,0.9476923076923077,4.0762153392753735,4.052417385668942,0.003163247863247863,2.846923076923077,707.782712893384,707.782712893384,0.08,0.07999999999999999,0.0,0.0,406.30157909297924,406.30157909297924,3463594938.606645,3463594938.606645,1.0,1.0,3,3.0,5,5.0,0.0,0.0,3,3.0,0.0,0.0,3.461538461538461e-05,3.461538461538461e-05,2.846923076923077,3,6,MST,shell,6,1170000,105300000,106470000,106470000
LSC-MST-shell,20260140,0.68,0.5753480213307323,0.7223264849865939,4,0.990836134639406,2.6934856477260594,-0.7338510752927064,-0.4420514082839183,0.8567069792373917,0.23090617369189836,0.1697400529002355,4.101823103171573,0.9018231031715729,0.7553546694021149,0.6433333333333333,0.11777777777777777,0.043333333333333335,0.19555555555555557,0.6444444444444445,0.17,0.043333333333333335,0.14222222222222222,0.6254532422464425,1.4388700394250842,0.4321488001540277,26.59476303370269,0.12818197197411166,0.12567205278566734,0.002509919188444301,2.1606001403877917,2.1590292397279707,68.91057999473495,0.06583419176620527,0.005347222222222222,0.9111111111111111,0.0888888888888889,0.6368927367778867,1.0028725735507709,0.08,0.7048780487804878,0.11341463414634147,0.03536585365853658,0.14634146341463414,0.0009158119658119642,0.004392361111111111,0.0009158119658119642,0.9476923076923077,4.0762153392753735,4.052417385668942,0.003163247863247863,2.846923076923077,707.782712893384,707.782712893384,0.08,0.07999999999999999,0.0,0.0,406.30157909297924,406.30157909297924,3463594938.606645,3463594938.606645,1.0,1.0,3,3.0,5,5.0,0.0,0.0,3,3.0,0.0,0.0,3.461538461538461e-05,3.461538461538461e-05,2.846923076923077,3,6,MST,shell,6,1170000,105300000,106470000,106470000
LSC-MST-shell,20260140,0.72,0.5632310200242203,0.7053779739645496,4,1.0013671670854651,2.7220007154946453,-0.7175590978803081,-0.4127808926552417,0.8278158758395848,0.23622323900405903,0.17257954407036655,4.058586947509719,0.8585869475097185,0.7509607476840886,0.63,0.12222222222222222,0.03888888888888889,0.2088888888888889,0.63,0.1711111111111111,0.04,0.15888888888888889,0.6121199089131091,1.4439064094135177,0.4267055381280481,27.689084651630367,0.1268308421096787,0.12403156190870034,0.002799280200978385,2.1784324505181685,2.1768820559943096,69.484611477817,0.06505329685290188,0.004027777777777778,0.9077777777777778,0.0922222222222222,0.6249622861740911,1.0028725735507709,0.08,0.6915544675642595,0.12239902080783353,0.03549571603427173,0.15055079559363524,0.0009158119658119642,0.004392361111111111,0.0009158119658119642,0.9476923076923077,4.0762153392753735,4.052417385668942,0.003163247863247863,2.846923076923077,707.782712893384,707.782712893384,0.08,0.07999999999999999,0.0,0.0,406.30157909297924,406.30157909297924,3463594938.606645,3463594938.606645,1.0,1.0,3,3.0,5,5.0,0.0,0.0,3,3.0,0.0,0.0,3.461538461538461e-05,3.461538461538461e-05,2.846923076923077,3,6,MST,shell,6,1170000,105300000,106470000,106470000
LSC-MST-shell,20260140,0.76,0.5565643533575535,0.6912108326137225,4,1.043380451750067,2.838797229563563,-0.6922058988990718,-0.38615999872321644,0.7926339325846362,0.23412666784427905,0.14922807878493013,4.085601506918744,0.8856015069187437,0.7351054142445068,0.6122222222222222,0.13333333333333333,0.05,0.20444444444444446,0.6122222222222222,0.18222222222222223,0.051111111111111114,0.15444444444444444,0.6054532422464425,1.4435049273040574,0.430946773179276,26.54561801810118,0.12767504709121075,0.1249620888244061,0.002712958266804667,2.1736093491856368,2.172047323075332,69.33316900664518,0.06405769609395251,0.003611111111111111,0.91,0.08999999999999997,0.6095435963367966,1.0028725735507709,0.08,0.6703296703296703,0.1282051282051282,0.045177045177045176,0.1562881562881563,0.0009158119658119642,0.004392361111111111,0.0009158119658119642,0.9476923076923077,4.0762153392753735,4.052417385668942,0.003163247863247863,2.846923076923077,707.782712893384,707.782712893384,0.08,0.07999999999999999,0.0,0.0,406.30157909297924,406.30157909297924,3463594938.606645,3463594938.606645,1.0,1.0,3,3.0,5,5.0,0.0,0.0,3,3.0,0.0,0.0,3.461538461538461e-05,3.461538461538461e-05,2.846923076923077,3,6,MST,shell,6,1170000,105300000,106470000,106470000
LSC-MST-shell,20260140,0.8,0.5354532422464424,0.666021993337046,4,1.0744583618397745,2.928406334280784,-0.649376002922138,-0.3549577176633636,0.7400568724766461,0.23884515429710107,0.13604291462285045,4.080551856061617,0.8805518560616168,0.7637285471182368,0.5922222222222222,0.1322222222222222,0.057777777777777775,0.21777777777777776,0.5922222222222222,0.18333333333333332,0.057777777777777775,0.16666666666666666,0.5865643533575535,1.4291094036687677,0.4255905885344473,28.1638857229035,0.12751724550192553,0.12479556107540181,0.002721684426523719,2.1373413377474293,2.135781393233987,68.17170657723432,0.06465346347940451,0.0045138888888888885,0.8966666666666666,0.10333333333333339,0.5966345722753561,1.0028725735507709,0.08,0.6579925650557621,0.12763320941759604,0.04460966542750929,0.1697645600991326,0.0009158119658119642,0.004392361111111111,0.0009158119658119642,0.9476923076923077,4.0762153392753735,4.052417385668942,0.003163247863247863,2.846923076923077,707.782712893384,707.782712893384,0.08,0.07999999999999999,0.0,0.0,406.30157909297924,406.30157909297924,3463594938.606645,3463594938.606645,1.0,1.0,3,3.0,5,5.0,0.0,0.0,3,3.0,0.0,0.0,3.461538461538461e-05,3.461538461538461e-05,2.846923076923077,3,6,MST,shell,6,1170000,105300000,106470000,106470000
LSC-MST-shell,20260140,0.84,0.5265643533575536,0.6497661457575375,4,1.075068496739561,2.930193602367957,-0.63533848036478,-0.32799118549972844,0.7150057359194718,0.24024751406624356,0.12715656261071018,4.065488122659506,0.8654881226595057,0.7703589027460238,0.5811111111111111,0.13444444444444445,0.05,0.23444444444444446,0.5811111111111111,0.1922222222222222,0.051111111111111114,0.17555555555555555,0.5843421311353314,1.4324269857226712,0.4248129071546167,28.254083211763543,0.12704650383310956,0.12442761106721002,0.0026188927658995424,2.1470359020278362,2.1454805568894955,68.48451454282548,0.06280897418058418,0.003263888888888889,0.9044444444444445,0.0955555555555555,0.5825075693007695,1.0028725735507709,0.08,0.6412776412776413,0.13022113022113022,0.04791154791154791,0.18058968058968058,0.0009158119658119642,0.004392361111111111,0.0009158119658119642,0.9476923076923077,4.0762153392753735,4.052417385668942,0.003163247863247863,2.846923076923077,707.782712893384,707.782712893384,0.08,0.07999999999999999,0.0,0.0,406.30157909297924,406.30157909297924,3463594938.606645,3463594938.606645,1.0,1.0,3,3.0,5,5.0,0.0,0.0,3,3.0,0.0,0.0,3.461538461538461e-05,3.461538461538461e-05,2.846923076923077,3,6,MST,shell,6,1170000,105300000,106470000,106470000
LSC-MST-shell,20260140,0.88,0.5165643533575537,0.6334165940917134,4,1.098564884027308,2.9998577894483414,-0.6091570564694663,-0.3029795257379121,0.6803447012088171,0.23721894024795667,0.11400768828077311,4.124500087998455,0.9245000879984548,0.7905020742694784,0.5655555555555556,0.14,0.05444444444444444,0.24,0.5655555555555556,0.2011111111111111,0.05555555555555555,0.17777777777777778,0.5776754644686647,1.4242846773083166,0.4260875312884237,26.937416247815946,0.12889062774995172,0.12627005276683503,0.002620574983116684,2.1198251031290596,2.118246727469474,67.60852056926977,0.06506515422279076,0.004097222222222223,0.9011111111111111,0.09888888888888892,0.5680988101324542,1.0028725735507709,0.08,0.6263871763255241,0.13070283600493218,0.04562268803945746,0.19728729963008632,0.0009158119658119642,0.004392361111111111,0.0009158119658119642,0.9476923076923077,4.0762153392753735,4.052417385668942,0.003163247863247863,2.846923076923077,707.782712893384,707.782712893384,0.08,0.07999999999999999,0.0,0.0,406.30157909297924,406.30157909297924,3463594938.606645,3463594938.606645,1.0,1.0,3,3.0,5,5.0,0.0,0.0,3,3.0,0.0,0.0,3.461538461538461e-05,3.461538461538461e-05,2.846923076923077,3,6,MST,shell,6,1170000,105300000,106470000,106470000
LSC-MST-shell,20260140,0.92,0.5054532422464424,0.6218460784409432,4,1.1128018007371596,3.0428719831422018,-0.5828735776008782,-0.28089395828910424,0.6470262925635776,0.2341219361888847,0.10477052616227353,4.059891658076343,0.8598916580763429,0.7219589393744312,0.5566666666666666,0.13777777777777778,0.06,0.24555555555555555,0.5566666666666666,0.19444444444444445,0.06,0.18888888888888888,0.562119908913109,1.4223508074683366,0.4271526634158066,26.381051325525817,0.12687161431488572,0.12418420417384356,0.002687410141042168,2.1125405357105893,2.1109882331584164,67.37672335673906,0.0646584494720416,0.005208333333333333,0.8955555555555555,0.10444444444444445,0.561629145196539,1.0028725735507709,0.08,0.6191066997518611,0.1315136476426799,0.04838709677419355,0.20099255583126552,0.0009158119658119642,0.004392361111111111,0.0009158119658119642,0.9476923076923077,4.0762153392753735,4.052417385668942,0.003163247863247863,2.846923076923077,707.782712893384,707.782712893384,0.08,0.07999999999999999,0.0,0.0,406.30157909297924,406.30157909297924,3463594938.606645,3463594938.606645,1.0,1.0,3,3.0,5,5.0,0.0,0.0,3,3.0,0.0,0.0,3.461538461538461e-05,3.461538461538461e-05,2.846923076923077,3,6,MST,shell,6,1170000,105300000,106470000,106470000
LSC-MST-shell,20260140,0.96,0.4943421311353314,0.6025144006624165,4,1.1108069069029463,3.0368078272693877,-0.5612202772565027,-0.23943452097267406,0.6101615273329514,0.23518354541448028,0.09801390837036875,4.070439861291195,0.870439861291195,0.7433083155166976,0.5433333333333333,0.14,0.051111111111111114,0.26555555555555554,0.5433333333333333,0.1988888888888889,0.051111111111111114,0.20666666666666667,0.5532310200242203,1.4133886480886348,0.4245061679362946,26.87002865384521,0.12720124566534985,0.12469603513827508,0.002505210527074759,2.0886912151124437,2.087132514673215,66.61236192285072,0.06533626765639305,0.005277777777777778,0.9022222222222223,0.09777777777777774,0.540072837210865,1.0028725735507709,0.08,0.5985221674876847,0.13054187192118227,0.04310344827586207,0.22783251231527094,0.0009158119658119642,0.004392361111111111,0.0009158119658119642,0.9476923076923077,4.0762153392753735,4.052417385668942,0.003163247863247863,2.846923076923077,707.782712893384,707.782712893384,0.08,0.07999999999999999,0.0,0.0,406.30157909297924,406.30157909297924,3463594938.606645,3463594938.606645,1.0,1.0,3,3.0,5,5.0,0.0,0.0,3,3.0,0.0,0.0,3.461538461538461e-05,3.461538461538461e-05,2.846923076923077,3,6,MST,shell,6,1170000,105300000,106470000,106470000
LSC-MST-shell,20260140,1.0,0.4754532422464425,0.5810811526289548,4,1.1330631774837936,3.105153583613634,-0.5318395997482397,-0.2183587543435442,0.5749207818985429,0.2334816060157942,0.10438883887103828,4.035326717960619,0.8353267179606192,0.7786402517666134,0.5266666666666666,0.13777777777777778,0.058888888888888886,0.27666666666666667,0.5266666666666666,0.1988888888888889,0.06,0.21444444444444444,0.5365643533575535,1.404675742995446,0.42458403075400475,26.590778191675355,0.12610395993626936,0.12362715623738495,0.002476803698884387,2.063280166609681,2.0617348271567133,65.79872399388134,0.0655952079854003,0.0033333333333333335,0.9077777777777778,0.0922222222222222,0.5233710989035892,1.0028725735507709,0.08,0.576499388004896,0.13586291309669524,0.04895960832313342,0.2386780905752754,0.0009158119658119642,0.004392361111111111,0.0009158119658119642,0.9476923076923077,4.0762153392753735,4.052417385668942,0.003163247863247863,2.846923076923077,707.782712893384,707.782712893384,0.08,0.07999999999999999,0.0,0.0,406.30157909297924,406.30157909297924,3463594938.606645,3463594938.606645,1.0,1.0,3,3.0,5,5.0,0.0,0.0,3,3.0,0.0,0.0,3.461538461538461e-05,3.461538461538461e-05,2.846923076923077,3,6,MST,shell,6,1170000,105300000,106470000,106470000
LSC-MST-shell,20260140,1.04,0.47323102002422024,0.5717595030687908,4,1.1477207033305152,3.151002648591108,-0.5212390102794902,-0.19786988518559373,0.5575325975227844,0.2373564831981333,0.10372312742686879,4.1062135054662265,0.9062135054662264,0.8566413498245401,0.5155555555555555,0.14666666666666667,0.06,0.2777777777777778,0.5155555555555555,0.20333333333333334,0.06,0.22111111111111112,0.5298976866908869,1.3937864112450946,0.4231348838129144,27.304615516902615,0.12831917204581958,0.12569183138303006,0.002627340662789515,2.0350598192267384,2.0334886713344504,64.89495947717764,0.06573847072919245,0.004583333333333333,0.8944444444444445,0.10555555555555551,0.5178410959386439,1.0028725735507709,0.08,0.5714285714285714,0.13540372670807455,0.05217391304347826,0.24099378881987576,0.0009158119658119642,0.004392361111111111,0.0009158119658119642,0.9476923076923077,4.0762153392753735,4.052417385668942,0.003163247863247863,2.846923076923077,707.782712893384,707.782712893384,0.08,0.07999999999999999,0.0,0.0,406.30157909297924,406.30157909297924,3463594938.606645,3463594938.606645,1.0,1.0,3,3.0,5,5.0,0.0,0.0,3,3.0,0.0,0.0,3.461538461538461e-05,3.461538461538461e-05,2.846923076923077,3,6,MST,shell,6,1170000,105300000,106470000,106470000
LSC-MST-shell,20260140,1.08,0.46656435335755353,0.5579550217502117,4,1.1598215209497533,3.1893639906589883,-0.5046991772021527,-0.17343085033469516,0.5336661122053242,0.23637020831050407,0.11140806985197212,4.097526135355722,0.8975261353557222,0.7626452056946345,0.5022222222222222,0.15333333333333332,0.06,0.28444444444444444,0.5022222222222222,0.20777777777777778,0.06,0.23,0.521008797801998,1.3879999431833616,0.42268633161534097,27.011837778061718,0.12804769172986633,0.12553072249392022,0.0025169692359460877,2.0179476405855707,2.0163785065543967,64.35058673067071,0.06415401903695042,0.004375,0.8933333333333333,0.10666666666666669,0.5137451162099582,1.0028725735507709,0.08,0.5621890547263682,0.14054726368159204,0.05472636815920398,0.24253731343283583,0.0009158119658119642,0.004392361111111111,0.0009158119658119642,0.9476923076923077,4.0762153392753735,4.052417385668942,0.003163247863247863,2.846923076923077,707.782712893384,707.782712893384,0.08,0.07999999999999999,0.0,0.0,406.30157909297924,406.30157909297924,3463594938.606645,3463594938.606645,1.0,1.0,3,3.0,5,5.0,0.0,0.0,3,3.0,0.0,0.0,3.461538461538461e-05,3.461538461538461e-05,2.846923076923077,3,6,MST,shell,6,1170000,105300000,106470000,106470000
LSC-MST-shell,20260140,1.12,0.45434213113533134,0.5482041538588327,4,1.1622806489260207,3.1972166963216977,-0.4865108989344414,-0.15546682598966416,0.5107472846382048,0.23754207401703376,0.08970688275801159,4.023013339072163,0.8230133390721628,0.7276489085344354,0.49777777777777776,0.14555555555555555,0.06333333333333334,0.29333333333333333,0.49777777777777776,0.20333333333333334,0.06333333333333334,0.23555555555555555,0.5121199089131092,1.388007633637046,0.42069647065417837,27.188586226841593,0.1257191668460051,0.12319165574772692,0.002527511098278152,2.0184568385615607,2.0169169428647136,64.36894473579493,0.06403174256320408,0.005694444444444445,0.8833333333333333,0.1166666666666667,0.5028326971730671,1.0028725735507709,0.08,0.559748427672956,0.1320754716981132,0.05911949685534591,0.2490566037735849,0.0009158119658119642,0.004392361111111111,0.0009158119658119642,0.9476923076923077,4.0762153392753735,4.052417385668942,0.003163247863247863,2.846923076923077,707.782712893384,707.782712893384,0.08,0.07999999999999999,0.0,0.0,406.30157909297924,406.30157909297924,3463594938.606645,3463594938.606645,1.0,1.0,3,3.0,5,5.0,0.0,0.0,3,3.0,0.0,0.0,3.461538461538461e-05,3.461538461538461e-05,2.846923076923077,3,6,MST,shell,6,1170000,105300000,106470000,106470000
LSC-MST-shell,20260140,1.16,0.4443421311353314,0.5312053605405296,4,1.1641271278512484,3.2031257433573517,-0.46566917281990516,-0.13080248690104085,0.4836910884999557,0.23846379490687997,0.09513350739118977,4.050128829061175,0.850128829061175,0.7491503895829147,0.48444444444444446,0.14888888888888888,0.058888888888888886,0.30777777777777776,0.48444444444444446,0.21333333333333335,0.06111111111111111,0.2411111111111111,0.5087865755797758,1.3826814663915132,0.4187537925755829,27.026135603022894,0.12656652590816173,0.12418504006066969,0.002381485847492014,2.003228572704471,2.001676259703712,63.88047076038504,0.06333163963616768,0.005555555555555556,0.8877777777777778,0.11222222222222222,0.4868536038095074,1.0028725735507709,0.08,0.5431789737171464,0.13266583229036297,0.058823529411764705,0.26533166458072593,0.0009158119658119642,0.004392361111111111,0.0009158119658119642,0.9476923076923077,4.0762153392753735,4.052417385668942,0.003163247863247863,2.846923076923077,707.782712893384,707.782712893384,0.08,0.07999999999999999,0.0,0.0,406.30157909297924,406.30157909297924,3463594938.606645,3463594938.606645,1.0,1.0,3,3.0,5,5.0,0.0,0.0,3,3.0,0.0,0.0,3.461538461538461e-05,3.461538461538461e-05,2.846923076923077,3,6,MST,shell,6,1170000,105300000,106470000,106470000
LSC-MST-shell,20260140,1.2,0.4298976866908869,0.5175583841090599,4,1.1792754834054568,3.2520172087186228,-0.44209998214591945,-0.11938472168759269,0.45793570071118755,0.23632296679698103,0.09663038283632668,4.080439085156882,0.8804390851568815,0.7546768886727196,0.47444444444444445,0.14444444444444443,0.06777777777777778,0.31333333333333335,0.47444444444444445,0.21555555555555556,0.06777777777777778,0.24222222222222223,0.501008797801998,1.3795713291426805,0.4223325601780349,26.349579895437714,0.12751372141115255,0.1251219067522968,0.002391814658855743,1.9925794415652716,1.9910154177308679,63.53790365970376,0.06427915596659572,0.005347222222222222,0.8888888888888888,0.11111111111111116,0.47475879780199803,1.0028725735507709,0.08,0.53,0.13375,0.0625,0.27375,0.0009158119658119642,0.004392361111111111,0.0009158119658119642,0.9476923076923077,4.0762153392753735,4.052417385668942,0.003163247863247863,2.846923076923077,707.782712893384,707.782712893384,0.08,0.07999999999999999,0.0,0.0,406.30157909297924,406.30157909297924,3463594938.606645,3463594938.606645,1.0,1.0,3,3.0,5,5.0,0.0,0.0,3,3.0,0.0,0.0,3.461538461538461e-05,3.461538461538461e-05,2.846923076923077,3,6,MST,shell,6,1170000,105300000,106470000,106470000
LSC-MST-shell,20260140,1.24,0.4265643533575536,0.5122476211761181,4,1.1753894561371767,3.2394043040867957,-0.4301059024941734,-0.11007702030894342,0.44396850987476905,0.23836846076132853,0.09427824823868308,4.0701169425912935,0.8701169425912934,0.7607529880550807,0.4711111111111111,0.14444444444444443,0.06444444444444444,0.32,0.4711111111111111,0.21333333333333335,0.06555555555555556,0.25,0.49545324224644244,1.3874725150937894,0.4200427205224807,26.811933445826952,0.12719115445597792,0.12470730309917995,0.002483851356797979,2.015883638147811,2.0143247968590714,64.2837527090847,0.06391530138426954,0.0036805555555555554,0.8966666666666666,0.10333333333333339,0.46404473336581464,1.0028725735507709,0.08,0.5216852540272615,0.13135068153655513,0.061957868649318466,0.2850061957868649,0.0009158119658119642,0.004392361111111111,0.0009158119658119642,0.9476923076923077,4.0762153392753735,4.052417385668942,0.003163247863247863,2.846923076923077,707.782712893384,707.782712893384,0.08,0.07999999999999999,0.0,0.0,406.30157909297924,406.30157909297924,3463594938.606645,3463594938.606645,1.0,1.0,3,3.0,5,5.0,0.0,0.0,3,3.0,0.0,0.0,3.461538461538461e-05,3.461538461538461e-05,2.846923076923077,3,6,MST,shell,6,1170000,105300000,106470000,106470000
LSC-MST-shell,20260140,1.28,0.42545324224644243,0.5012425446795515,4,1.1971856730881536,3.3107861643912115,-0.4209526315856581,-0.08034845583220447,0.4285522049803393,0.23880090903661572,0.09553399070275236,4.052865067322872,0.8528650673228722,0.7587326474449456,0.45555555555555555,0.15888888888888889,0.06777777777777778,0.31777777777777777,0.45666666666666667,0.22111111111111112,0.06666666666666667,0.25555555555555554,0.48878657557977584,1.3808758070062226,0.42042558639061145,26.668914446810632,0.12665203335383976,0.1242705343011281,0.0023814990527116415,1.9970547255854687,1.995501343906705,63.68506726468383,0.06291664592107285,0.004722222222222222,0.8855555555555555,0.11444444444444446,0.454672536823328,1.0028725735507709,0.08,0.5081555834378921,0.1355081555834379,0.06649937264742785,0.28983688833124216,0.0009158119658119642,0.004392361111111111,0.0009158119658119642,0.9476923076923077,4.0762153392753735,4.052417385668942,0.003163247863247863,2.846923076923077,707.782712893384,707.782712893384,0.08,0.07999999999999999,0.0,0.0,406.30157909297924,406.30157909297924,3463594938.606645,3463594938.606645,1.0,1.0,3,3.0,5,5.0,0.0,0.0,3,3.0,0.0,0.0,3.461538461538461e-05,3.461538461538461e-05,2.846923076923077,3,6,MST,shell,6,1170000,105300000,106470000,106470000
LSC-MST-shell,20260140,1.32,0.41656435335755354,0.48787976801422794,4,1.2024525757617326,3.328269754659658,-0.39418118325483076,-0.054259493351905844,0.3978980998333417,0.2388068474902906,0.11173569825956556,4.074415920254172,0.8744159202541715,0.8080977981251993,0.4444444444444444,0.16111111111111112,0.06777777777777778,0.32666666666666666,0.44555555555555554,0.21777777777777776,0.06777777777777778,0.2688888888888889,0.4743421311353313,1.370959388111919,0.4196817400648767,26.734164965315017,0.12732549750794286,0.12509118099157446,0.002234316516368423,1.970083113046819,1.9685194732844244,62.8183650998022,0.06350827703921397,0.005,0.8877777777777778,0.11222222222222222,0.4405457189534373,1.0028725735507709,0.08,0.49436795994993743,0.13516896120150187,0.06382978723404255,0.30663329161451813,0.0009158119658119642,0.004392361111111111,0.0009158119658119642,0.9476923076923077,4.0762153392753735,4.052417385668942,0.003163247863247863,2.846923076923077,707.782712893384,707.782712893384,0.08,0.07999999999999999,0.0,0.0,406.30157909297924,406.30157909297924,3463594938.606645,3463594938.606645,1.0,1.0,3,3.0,5,5.0,0.0,0.0,3,3.0,0.0,0.0,3.461538461538461e-05,3.461538461538461e-05,2.846923076923077,3,6,MST,shell,6,1170000,105300000,106470000,106470000
LSC-MST-shell,20260140,1.36,0.4076754644686647,0.47868314230811143,4,1.2033838290159449,3.3313706603397333,-0.37226186147447216,-0.03689980022442461,0.3740862049916319,0.23977777981262274,0.12041306068888045,4.03684568660869,0.8368456866086902,0.7517914080570111,0.4388888888888889,0.15777777777777777,0.06888888888888889,0.33444444444444443,0.4388888888888889,0.21444444444444444,0.07,0.27666666666666667,0.4643421311353313,1.365324287055812,0.4194833521366226,26.434685456772726,0.12615142770652157,0.12390411817882666,0.0022473095276949323,1.9537178824646881,1.9521690809874528,62.29500162806001,0.06455209807762889,0.0035416666666666665,0.8911111111111111,0.10888888888888892,0.4356970771037437,1.0028725735507709,0.08,0.486284289276808,0.13840399002493767,0.06483790523690773,0.3104738154613466,0.0009158119658119642,0.004392361111111111,0.0009158119658119642,0.9476923076923077,4.0762153392753735,4.052417385668942,0.003163247863247863,2.846923076923077,707.782712893384,707.782712893384,0.08,0.07999999999999999,0.0,0.0,406.30157909297924,406.30157909297924,3463594938.606645,3463594938.606645,1.0,1.0,3,3.0,5,5.0,0.0,0.0,3,3.0,0.0,0.0,3.461538461538461e-05,3.461538461538461e-05,2.846923076923077,3,6,MST,shell,6,1170000,105300000,106470000,106470000
LSC-MST-shell,20260140,1.4000000000000001,0.40100879780199805,0.47232269295056306,4,1.2142402228321458,3.3677343643665067,-0.3583331031360467,-0.038333447014927184,0.3603776712882679,0.23936174683255748,0.11875431421348852,4.088904119426951,0.8889041194269511,0.7942128545002819,0.43333333333333335,0.15666666666666668,0.07555555555555556,0.33444444444444443,0.43444444444444447,0.21,0.07555555555555556,0.28,0.45545324224644246,1.368114957910802,0.4201239445494711,26.02229913882951,0.12777825373209223,0.12561706357937827,0.0021611901527139868,1.9600057408527443,1.9584355275580017,62.49786313177987,0.06344591418944794,0.0038194444444444443,0.89,0.10999999999999999,0.4264894469905124,1.0028725735507709,0.08,0.4818976279650437,0.13358302122347065,0.0686641697877653,0.31585518102372034,0.0009158119658119642,0.004392361111111111,0.0009158119658119642,0.9476923076923077,4.0762153392753735,4.052417385668942,0.003163247863247863,2.846923076923077,707.782712893384,707.782712893384,0.08,0.07999999999999999,0.0,0.0,406.30157909297924,406.30157909297924,3463594938.606645,3463594938.606645,1.0,1.0,3,3.0,5,5.0,0.0,0.0,3,3.0,0.0,0.0,3.461538461538461e-05,3.461538461538461e-05,2.846923076923077,3,6,MST,shell,6,1170000,105300000,106470000,106470000
LSC-MST-shell,20260140,1.44,0.39545324224644246,0.4632685049676882,4,1.2322660080329557,3.42899086019158,-0.34471420292939176,-0.030157641143526828,0.3460308729298407,0.24283681656365613,0.12918736275145198,4.090471740744846,0.8904717407448457,0.7735994164712452,0.4222222222222222,0.1622222222222222,0.08333333333333333,0.3322222222222222,0.4222222222222222,0.21444444444444444,0.08444444444444445,0.2788888888888889,0.4476754644686647,1.3572845270383216,0.41671725952923566,26.796011225626586,0.12782724189827643,0.12565578640633712,0.0021714554919393197,1.9328885219256342,1.9313178245955551,61.630682317367125,0.06277486103904391,0.005486111111111111,0.8777777777777778,0.12222222222222223,0.4249328484349094,1.0028725735507709,0.08,0.47468354430379744,0.13924050632911392,0.07468354430379746,0.31139240506329113,0.0009158119658119642,0.004392361111111111,0.0009158119658119642,0.9476923076923077,4.0762153392753735,4.052417385668942,0.003163247863247863,2.846923076923077,707.782712893384,707.782712893384,0.08,0.07999999999999999,0.0,0.0,406.30157909297924,406.30157909297924,3463594938.606645,3463594938.606645,1.0,1.0,3,3.0,5,5.0,0.0,0.0,3,3.0,0.0,0.0,3.461538461538461e-05,3.461538461538461e-05,2.846923076923077,3,6,MST,shell,6,1170000,105300000,106470000,106470000
LSC-MST-shell,20260140,1.48,0.39100879780199804,0.4540046884588473,4,1.2257115542923793,3.4065891937642707,-0.32600333715842966,-0.01347530159277766,0.3262817181385575,0.24569416166160463,0.12644596066256403,4.0071302179605,0.8071302179605002,0.7279964270557077,0.41555555555555557,0.16444444444444445,0.07666666666666666,0.3433333333333333,0.41555555555555557,0.21555555555555556,0.07666666666666666,0.2922222222222222,0.44211990891310915,1.3569974926123696,0.4121335656607704,27.596371145110155,0.12522281931126564,0.1230812397597725,0.0021415795514931487,1.9345834111026912,1.9330448956056938,61.68578735311125,0.06268842367608274,0.004375,0.8777777777777778,0.12222222222222223,0.42240120286528915,1.0028725735507709,0.08,0.4670886075949367,0.14430379746835442,0.07721518987341772,0.31139240506329113,0.0009158119658119642,0.004392361111111111,0.0009158119658119642,0.9476923076923077,4.0762153392753735,4.052417385668942,0.003163247863247863,2.846923076923077,707.782712893384,707.782712893384,0.08,0.07999999999999999,0.0,0.0,406.30157909297924,406.30157909297924,3463594938.606645,3463594938.606645,1.0,1.0,3,3.0,5,5.0,0.0,0.0,3,3.0,0.0,0.0,3.461538461538461e-05,3.461538461538461e-05,2.846923076923077,3,6,MST,shell,6,1170000,105300000,106470000,106470000
LSC-MST-shell,20260140,1.52,0.37211990891310914,0.4379907873330423,4,1.226436736424794,3.409060487340736,-0.3021678786418504,-0.012388155754204778,0.302421714309516,0.2526936999573479,0.12340747547832605,4.0455459285174955,0.8455459285174953,0.7687737817615481,0.4077777777777778,0.15333333333333332,0.08222222222222222,0.3566666666666667,0.4066666666666667,0.2088888888888889,0.08222222222222222,0.3022222222222222,0.4265643533575536,1.3532945432181647,0.40930512916925643,29.393170703112688,0.12642331026617173,0.12430924595895404,0.0021140643072176915,1.930221376122481,1.9286675105479938,61.54431293284123,0.06374809941471392,0.005277777777777778,0.8611111111111112,0.13888888888888884,0.40842815264070775,1.0028725735507709,0.08,0.4645161290322581,0.1329032258064516,0.08,0.3225806451612903,0.0009158119658119642,0.004392361111111111,0.0009158119658119642,0.9476923076923077,4.0762153392753735,4.052417385668942,0.003163247863247863,2.846923076923077,707.782712893384,707.782712893384,0.08,0.07999999999999999,0.0,0.0,406.30157909297924,406.30157909297924,3463594938.606645,3463594938.606645,1.0,1.0,3,3.0,5,5.0,0.0,0.0,3,3.0,0.0,0.0,3.461538461538461e-05,3.461538461538461e-05,2.846923076923077,3,6,MST,shell,6,1170000,105300000,106470000,106470000
LSC-MST-shell,20260140,1.56,0.3565643533575536,0.42224894231802124,4,1.2151857804303101,3.3709202571685357,-0.28492363126921216,0.009708224014321382,0.28508897781069403,0.2499925052227109,0.12983074362530073,4.06462321369477,0.8646232136947702,0.7260184601531475,0.4,0.14555555555555555,0.07888888888888888,0.37555555555555553,0.4,0.20444444444444446,0.08,0.31555555555555553,0.41545324224644253,1.3495630254575655,0.4120818738914698,28.49322743374465,0.12701947542796158,0.12509823607995565,0.0019212393480059367,1.9173564601134143,1.9157927321624149,61.131574253204185,0.06347323649343117,0.006597222222222222,0.8655555555555555,0.13444444444444448,0.39123986327054744,1.0028725735507709,0.08,0.45186136071887034,0.12836970474967907,0.07958921694480103,0.34017971758664955,0.0009158119658119642,0.004392361111111111,0.0009158119658119642,0.9476923076923077,4.0762153392753735,4.052417385668942,0.003163247863247863,2.846923076923077,707.782712893384,707.782712893384,0.08,0.07999999999999999,0.0,0.0,406.30157909297924,406.30157909297924,3463594938.606645,3463594938.606645,1.0,1.0,3,3.0,5,5.0,0.0,0.0,3,3.0,0.0,0.0,3.461538461538461e-05,3.461538461538461e-05,2.846923076923077,3,6,MST,shell,6,1170000,105300000,106470000,106470000
LSC-MST-shell,20260140,1.6,0.34989768669088694,0.4127047380488972,4,1.2165902307851584,3.3756578734145517,-0.2614067842282615,0.023846455580658805,0.2624922099497835,0.2530748045331453,0.13708606666148682,4.093715187448869,0.8937151874488691,0.7617439781008807,0.39222222222222225,0.14666666666666667,0.07888888888888888,0.38222222222222224,0.39222222222222225,0.20333333333333334,0.07888888888888888,0.32555555555555554,0.4065643533575536,1.3443646143480616,0.4095610389144708,29.241351283925923,0.12792859960777717,0.12598231083513894,0.0019462887726382026,1.9057413734529838,1.9041665945675446,60.7582540503514,0.06426843759918609,0.005347222222222222,0.8511111111111112,0.14888888888888885,0.38542133043907373,1.0028725735507709,0.08,0.4490861618798956,0.12532637075718014,0.07702349869451697,0.34856396866840733,0.0009158119658119642,0.004392361111111111,0.0009158119658119642,0.9476923076923077,4.0762153392753735,4.052417385668942,0.003163247863247863,2.846923076923077,707.782712893384,707.782712893384,0.08,0.07999999999999999,0.0,0.0,406.30157909297924,406.30157909297924,3463594938.606645,3463594938.606645,1.0,1.0,3,3.0,5,5.0,0.0,0.0,3,3.0,0.0,0.0,3.461538461538461e-05,3.461538461538461e-05,2.846923076923077,3,6,MST,shell,6,1170000,105300000,106470000,106470000
LSC-MST-shell,20260140,1.6400000000000001,0.3421199089131091,0.40296978031247344,4,1.2201488633200295,3.3876919991653147,-0.247314924573299,0.04268711122996015,0.25097183384167926,0.25235727975543465,0.12834527754223377,4.026383955641508,0.826383955641508,0.7797417852868095,0.3844444444444444,0.14666666666666667,0.0811111111111111,0.3877777777777778,0.3844444444444444,0.20666666666666667,0.0811111111111111,0.3277777777777778,0.4021199089131091,1.3491450807739662,0.41031749242961557,28.794699051067454,0.12582449861379713,0.1238463917941317,0.0019781068196654426,1.9171921996310894,1.9156441197336629,61.12562827235763,0.06438760395398276,0.0038888888888888888,0.8622222222222222,0.13777777777777778,0.38188508646179187,1.0028725735507709,0.08,0.43556701030927836,0.13530927835051546,0.07603092783505154,0.35309278350515466,0.0009158119658119642,0.004392361111111111,0.0009158119658119642,0.9476923076923077,4.0762153392753735,4.052417385668942,0.003163247863247863,2.846923076923077,707.782712893384,707.782712893384,0.08,0.07999999999999999,0.0,0.0,406.30157909297924,406.30157909297924,3463594938.606645,3463594938.606645,1.0,1.0,3,3.0,5,5.0,0.0,0.0,3,3.0,0.0,0.0,3.461538461538461e-05,3.461538461538461e-05,2.846923076923077,3,6,MST,shell,6,1170000,105300000,106470000,106470000
LSC-MST-shell,20260140,1.68,0.3276754644686647,0.3879842995725125,4,1.2205322159470773,3.388990928750951,-0.219697978927707,0.05312276411192692,0.2260292680424612,0.2561739455673248,0.12418565955722426,4.047110320618803,0.8471103206188024,0.7329627534824126,0.37444444444444447,0.14222222222222222,0.08444444444444445,0.3988888888888889,0.37444444444444447,0.20666666666666667,0.08666666666666667,0.3322222222222222,0.39211990891310916,1.3480230420157284,0.40785708956365574,29.93957704350784,0.12647219751933758,0.12458010087105992,0.0018920966482776785,1.917745338981849,1.916188087720961,61.14327360212171,0.06393574442094242,0.004652777777777777,0.8588888888888889,0.14111111111111108,0.36857671500769007,1.0028725735507709,0.08,0.4282018111254851,0.129366106080207,0.07891332470892626,0.36351875808538164,0.0009158119658119642,0.004392361111111111,0.0009158119658119642,0.9476923076923077,4.0762153392753735,4.052417385668942,0.003163247863247863,2.846923076923077,707.782712893384,707.782712893384,0.08,0.07999999999999999,0.0,0.0,406.30157909297924,406.30157909297924,3463594938.606645,3463594938.606645,1.0,1.0,3,3.0,5,5.0,0.0,0.0,3,3.0,0.0,0.0,3.461538461538461e-05,3.461538461538461e-05,2.846923076923077,3,6,MST,shell,6,1170000,105300000,106470000,106470000
LSC-MST-shell,20260140,1.72,0.3098976866908869,0.3714557936933822,4,1.2180923015815621,3.3807321605400524,-0.1865371854961768,0.06235088185946325,0.19668185997058268,0.25833870261304887,0.1277020971192925,4.073569654187241,0.8735696541872411,0.7717118798398688,0.36444444444444446,0.13444444444444445,0.08888888888888889,0.4122222222222222,0.36444444444444446,0.20333333333333334,0.09111111111111111,0.3411111111111111,0.3787865755797758,1.3449791788221657,0.40559459417991905,29.83340139464481,0.1272990516933513,0.12528626244428817,0.002012789249063133,1.9091207333323423,1.9075546550517883,60.87034786634916,0.06306576074896217,0.004652777777777777,0.8488888888888889,0.15111111111111108,0.3547895571073465,1.0028725735507709,0.08,0.42277486910994766,0.11780104712041885,0.0824607329842932,0.3769633507853403,0.0009158119658119642,0.004392361111111111,0.0009158119658119642,0.9476923076923077,4.0762153392753735,4.052417385668942,0.003163247863247863,2.846923076923077,707.782712893384,707.782712893384,0.08,0.07999999999999999,0.0,0.0,406.30157909297924,406.30157909297924,3463594938.606645,3463594938.606645,1.0,1.0,3,3.0,5,5.0,0.0,0.0,3,3.0,0.0,0.0,3.461538461538461e-05,3.461538461538461e-05,2.846923076923077,3,6,MST,shell,6,1170000,105300000,106470000,106470000
LSC-MST-shell,20260140,1.76,0.31211990891310915,0.36880234093428593,4,1.2196456629139774,3.3859877400036678,-0.17122190279508392,0.07434489207368702,0.18666575201203178,0.2526613153834819,0.12561361862830636,4.089116184887089,0.8891161848870892,0.7776795847900091,0.36,0.1411111111111111,0.08555555555555555,0.41333333333333333,0.3611111111111111,0.1988888888888889,0.08666666666666667,0.35333333333333333,0.371008797801998,1.347801490804597,0.4118587102011678,28.538659833821427,0.12778488077772154,0.12592790457379882,0.0018569762039227433,1.9127802610849431,1.9112061622777703,60.98406945906509,0.06366102902895844,0.005277777777777778,0.8566666666666667,0.1433333333333333,0.3470600835875416,1.0028725735507709,0.08,0.4150453955901427,0.12062256809338522,0.08171206225680934,0.38261997405966275,0.0009158119658119642,0.004392361111111111,0.0009158119658119642,0.9476923076923077,4.0762153392753735,4.052417385668942,0.003163247863247863,2.846923076923077,707.782712893384,707.782712893384,0.08,0.07999999999999999,0.0,0.0,406.30157909297924,406.30157909297924,3463594938.606645,3463594938.606645,1.0,1.0,3,3.0,5,5.0,0.0,0.0,3,3.0,0.0,0.0,3.461538461538461e-05,3.461538461538461e-05,2.846923076923077,3,6,MST,shell,6,1170000,105300000,106470000,106470000
LSC-MST-shell,20260140,1.8,0.3043421311353314,0.36130466367132347,4,1.2033056175395633,3.3311101191108037,-0.16964953050955628,0.08948384690197303,0.19180282077823751,0.2508498443646096,0.12131662104813139,4.039125988431269,0.8391259884312685,0.757725090522167,0.3566666666666667,0.13666666666666666,0.07888888888888888,0.42777777777777776,0.35555555555555557,0.20222222222222222,0.08,0.3622222222222222,0.36878657557977584,1.3508240651598054,0.41146169798540466,28.44205945005605,0.12622268713847715,0.12430205872800662,0.0019206284104705442,1.9205713893800107,1.919017613645911,61.235426905481184,0.0637293335708604,0.004583333333333333,0.8588888888888889,0.14111111111111108,0.3388225106092425,1.0028725735507709,0.08,0.40620957309184996,0.12160413971539456,0.0815006468305304,0.3906856403622251,0.0009158119658119642,0.004392361111111111,0.0009158119658119642,0.9476923076923077,4.0762153392753735,4.052417385668942,0.003163247863247863,2.846923076923077,707.782712893384,707.782712893384,0.08,0.07999999999999999,0.0,0.0,406.30157909297924,406.30157909297924,3463594938.606645,3463594938.606645,1.0,1.0,3,3.0,5,5.0,0.0,0.0,3,3.0,0.0,0.0,3.461538461538461e-05,3.461538461538461e-05,2.846923076923077,3,6,MST,shell,6,1170000,105300000,106470000,106470000
LSC-MST-shell,20260140,1.84,0.2932310200242202,0.3529772449259552,4,1.2056707690568167,3.338998023630789,-0.14788524199711472,0.09123194875024637,0.17376223201062066,0.2521538330506833,0.1285222650505445,4.036720918968211,0.8367209189682105,0.7945444988799917,0.3522222222222222,0.13,0.08555555555555555,0.43222222222222223,0.3522222222222222,0.18777777777777777,0.08555555555555555,0.37444444444444447,0.351008797801998,1.345887960448089,0.40998445417618723,29.127968762665404,0.12614752871775659,0.12436068580819681,0.0017868429095597757,1.9094677567237406,1.907913248151138,60.878057742798305,0.06433468418089779,0.0038888888888888888,0.8544444444444445,0.14555555555555555,0.3364360143953183,1.0028725735507709,0.08,0.4044213263979194,0.11833550065019506,0.07802340702210664,0.3992197659297789,0.0009158119658119642,0.004392361111111111,0.0009158119658119642,0.9476923076923077,4.0762153392753735,4.052417385668942,0.003163247863247863,2.846923076923077,707.782712893384,707.782712893384,0.08,0.07999999999999999,0.0,0.0,406.30157909297924,406.30157909297924,3463594938.606645,3463594938.606645,1.0,1.0,3,3.0,5,5.0,0.0,0.0,3,3.0,0.0,0.0,3.461538461538461e-05,3.461538461538461e-05,2.846923076923077,3,6,MST,shell,6,1170000,105300000,106470000,106470000
LSC-MST-shell,20260140,1.8800000000000001,0.28434213113533136,0.33964252327539685,4,1.1983502902761902,3.3146442090006416,-0.13685734614445313,0.1224997662230865,0.1836739663599976,0.2506944762053997,0.13489086401275036,4.029265425500547,0.8292654255005472,0.7521701004813164,0.3411111111111111,0.1322222222222222,0.0811111111111111,0.44555555555555554,0.3411111111111111,0.19777777777777777,0.0811111111111111,0.38,0.3498976866908869,1.342414562849362,0.4106306536993878,28.242389870081297,0.1259145445468921,0.12421256424280841,0.0017019803040836802,1.8974614181056326,1.8959087610525975,60.490698460609494,0.06638100320066716,0.004375,0.8533333333333334,0.1466666666666666,0.3278480213307322,1.0028725735507709,0.08,0.3958333333333333,0.1171875,0.07421875,0.4127604166666667,0.0009158119658119642,0.004392361111111111,0.0009158119658119642,0.9476923076923077,4.0762153392753735,4.052417385668942,0.003163247863247863,2.846923076923077,707.782712893384,707.782712893384,0.08,0.07999999999999999,0.0,0.0,406.30157909297924,406.30157909297924,3463594938.606645,3463594938.606645,1.0,1.0,3,3.0,5,5.0,0.0,0.0,3,3.0,0.0,0.0,3.461538461538461e-05,3.461538461538461e-05,2.846923076923077,3,6,MST,shell,6,1170000,105300000,106470000,106470000
LSC-MST-shell,20260140,1.92,0.2732310200242203,0.33281377275429963,4,1.1865077693546278,3.275621982431222,-0.11556680392988404,0.13302412225041885,0.17621323239491019,0.24835497306948853,0.13767272226100272,4.003622857226785,0.8036228572267845,0.7507863556185279,0.3388888888888889,0.12333333333333334,0.0811111111111111,0.45666666666666667,0.3388888888888889,0.18555555555555556,0.0811111111111111,0.39444444444444443,0.33545324224644246,1.3417369975841504,0.4118059280790577,27.52078074270564,0.12511321428833702,0.12360872893128184,0.0015044853570551858,1.8933210061681156,1.8917758970564749,60.36033953622672,0.06604914191248124,0.0038194444444444443,0.8555555555555555,0.1444444444444445,0.32162507760778847,1.0028725735507709,0.08,0.38961038961038963,0.10909090909090909,0.07662337662337662,0.42467532467532465,0.0009158119658119642,0.004392361111111111,0.0009158119658119642,0.9476923076923077,4.0762153392753735,4.052417385668942,0.003163247863247863,2.846923076923077,707.782712893384,707.782712893384,0.08,0.07999999999999999,0.0,0.0,406.30157909297924,406.30157909297924,3463594938.606645,3463594938.606645,1.0,1.0,3,3.0,5,5.0,0.0,0.0,3,3.0,0.0,0.0,3.461538461538461e-05,3.461538461538461e-05,2.846923076923077,3,6,MST,shell,6,1170000,105300000,106470000,106470000
LSC-MST-shell,20260140,1.96,0.271008797801998,0.3264991221991506,4,1.188252211170505,3.281341101275102,-0.10128167951271667,0.14955959178438466,0.1806268255260785,0.24831033776295716,0.13638235791021014,4.009883921147628,0.8098839211476276,0.732507170078115,0.3322222222222222,0.12777777777777777,0.08,0.46,0.3322222222222222,0.18888888888888888,0.08,0.3988888888888889,0.3321199089131091,1.3436953981318023,0.4119987460392519,26.81002222432582,0.12530887253586337,0.12383879341315195,0.0014700791227114048,1.8963014034627392,1.8947534185450747,60.457556557171145,0.06481360881787912,0.005486111111111111,0.8488888888888889,0.15111111111111108,0.31814034244766065,1.0028725735507709,0.08,0.38612565445026176,0.10471204188481675,0.07853403141361257,0.4306282722513089,0.0009158119658119642,0.004392361111111111,0.0009158119658119642,0.9476923076923077,4.0762153392753735,4.052417385668942,0.003163247863247863,2.846923076923077,707.782712893384,707.782712893384,0.08,0.07999999999999999,0.0,0.0,406.30157909297924,406.30157909297924,3463594938.606645,3463594938.606645,1.0,1.0,3,3.0,5,5.0,0.0,0.0,3,3.0,0.0,0.0,3.461538461538461e-05,3.461538461538461e-05,2.846923076923077,3,6,MST,shell,6,1170000,105300000,106470000,106470000
LSC-MST-shell,20260140,2.0,0.26645913244184327,0.3256654811051515,4,1.1651267083672758,3.206329126193607,-0.09243305449702105,0.14650486409566973,0.1732268592549662,0.2520187420186129,0.14705301394048637,4.013538243736108,0.8135382437361081,0.7475689884258,0.33444444444444443,0.11888888888888889,0.07333333333333333,0.47333333333333333,0.33444444444444443,0.19,0.07666666666666666,0.3988888888888889,0.33545324224644246,1.3365424600860893,0.4102775510854718,28.066071590359485,0.12542307011675338,0.12392457987792262,0.0014984902388307621,1.8810660741661391,1.879517016917665,59.969671082651104,0.0650112688213674,0.006319444444444444,0.8511111111111112,0.14888888888888885,0.3158266984412631,1.0028725735507709,0.08,0.3838120104438642,0.09921671018276762,0.07571801566579635,0.4412532637075718,0.0009158119658119642,0.004392361111111111,0.0009158119658119642,0.9476923076923077,4.0762153392753735,4.052417385668942,0.003163247863247863,2.846923076923077,707.782712893384,707.782712893384,0.08,0.07999999999999999,0.0,0.0,406.30157909297924,406.30157909297924,3463594938.606645,3463594938.606645,1.0,1.0,3,3.0,5,5.0,0.0,0.0,3,3.0,0.0,0.0,3.461538461538461e-05,3.461538461538461e-05,2.846923076923077,3,6,MST,shell,6,1170000,105300000,106470000,106470000
LSC-MST-shell,20260140,2.04,0.2586813546640655,0.3142744854189123,4,1.1740993482026916,3.235227817529582,-0.07415003172986787,0.14561341950898443,0.16340592139405444,0.2548555849343698,0.14674573101663135,4.126320145928995,0.9263201459289947,0.7853630615120291,0.32666666666666666,0.11444444444444445,0.08333333333333333,0.47555555555555556,0.32666666666666666,0.18333333333333332,0.08333333333333333,0.4066666666666667,0.321008797801998,1.336427997898476,0.40881403597119415,28.366071308447616,0.1289475045602811,0.12744772502331897,0.0014997795369621418,1.8819040550398203,1.8803109584770288,59.989880524986475,0.06697532368368231,0.006736111111111111,0.85,0.15000000000000002,0.3097924657751766,1.0028725735507709,0.08,0.37777777777777777,0.08758169934640522,0.08496732026143791,0.4496732026143791,0.0009158119658119642,0.004392361111111111,0.0009158119658119642,0.9476923076923077,4.0762153392753735,4.052417385668942,0.003163247863247863,2.846923076923077,707.782712893384,707.782712893384,0.08,0.07999999999999999,0.0,0.0,406.30157909297924,406.30157909297924,3463594938.606645,3463594938.606645,1.0,1.0,3,3.0,5,5.0,0.0,0.0,3,3.0,0.0,0.0,3.461538461538461e-05,3.461538461538461e-05,2.846923076923077,3,6,MST,shell,6,1170000,105300000,106470000,106470000
LSC-MST-shell,20260140,2.08,0.2509035768862877,0.3046413918507977,4,1.1654680468501744,3.207423756522315,-0.05999614407141547,0.1641027553875869,0.17472621906639035,0.25694388477989527,0.14360208312436393,4.05544708869707,0.85544708869707,0.7367401839708632,0.3188888888888889,0.11333333333333333,0.0811111111111111,0.4866666666666667,0.3188888888888889,0.18333333333333332,0.08222222222222222,0.41555555555555557,0.3132310200242202,1.338060183888192,0.4081471805691016,28.732677948531418,0.12673272152178344,0.12520717655219085,0.0015255449695925562,1.8873523204560405,1.8857872307491386,60.166229577473956,0.06602067784496106,0.005625,0.8533333333333334,0.1466666666666666,0.2979001046640656,1.0028725735507709,0.08,0.3658854166666667,0.08854166666666667,0.08463541666666667,0.4609375,0.0009158119658119642,0.004392361111111111,0.0009158119658119642,0.9476923076923077,4.0762153392753735,4.052417385668942,0.003163247863247863,2.846923076923077,707.782712893384,707.782712893384,0.08,0.07999999999999999,0.0,0.0,406.30157909297924,406.30157909297924,3463594938.606645,3463594938.606645,1.0,1.0,3,3.0,5,5.0,0.0,0.0,3,3.0,0.0,0.0,3.461538461538461e-05,3.461538461538461e-05,2.846923076923077,3,6,MST,shell,6,1170000,105300000,106470000,106470000
LSC-MST-shell,20260140,2.12,0.24090357688628777,0.29155930776558125,4,1.1694686781246486,3.2202811780658824,-0.04781689052048924,0.16931365017716068,0.17593625878528404,0.25318476203308526,0.15472075962167145,4.059623575910325,0.8596235759103248,0.7707517296065076,0.3088888888888889,0.1111111111111111,0.08777777777777777,0.4922222222222222,0.3088888888888889,0.18777777777777777,0.09111111111111111,0.4122222222222222,0.3076754644686647,1.3325304462519934,0.4106011957295751,27.753835402928928,0.12686323674719766,0.12536551843642132,0.0014977183107763316,1.8695245656263901,1.8679574966459351,59.59578002632605,0.06658486737222077,0.00625,0.8522222222222222,0.14777777777777779,0.29055445331682517,1.0028725735507709,0.08,0.35853976531942633,0.09256844850065189,0.09126466753585398,0.4576271186440678,0.0009158119658119642,0.004392361111111111,0.0009158119658119642,0.9476923076923077,4.0762153392753735,4.052417385668942,0.003163247863247863,2.846923076923077,707.782712893384,707.782712893384,0.08,0.07999999999999999,0.0,0.0,406.30157909297924,406.30157909297924,3463594938.606645,3463594938.606645,1.0,1.0,3,3.0,5,5.0,0.0,0.0,3,3.0,0.0,0.0,3.461538461538461e-05,3.461538461538461e-05,2.846923076923077,3,6,MST,shell,6,1170000,105300000,106470000,106470000
LSC-MST-shell,20260140,2.16,0.24201468799739886,0.290790326488896,4,1.1709792402005403,3.225149288553048,-0.035404536375754365,0.16999955074104586,0.1736471377481919,0.2488511815885908,0.15503101373825143,4.056540266647226,0.8565402666472259,0.7514269900945747,0.31,0.10555555555555556,0.09333333333333334,0.4911111111111111,0.31,0.17888888888888888,0.09444444444444444,0.4166666666666667,0.2998976866908869,1.333276174079999,0.412251308105984,27.25291200909595,0.12676688333272582,0.12541516142886172,0.0013517219038640938,1.869942868027322,1.868375178509461,59.60930260473032,0.06648284994845016,0.004930555555555555,0.8577777777777778,0.14222222222222225,0.286936967790145,1.0028725735507709,0.08,0.3549222797927461,0.09067357512953368,0.09196891191709844,0.46243523316062174,0.0009158119658119642,0.004392361111111111,0.0009158119658119642,0.9476923076923077,4.0762153392753735,4.052417385668942,0.003163247863247863,2.846923076923077,707.782712893384,707.782712893384,0.08,0.07999999999999999,0.0,0.0,406.30157909297924,406.30157909297924,3463594938.606645,3463594938.606645,1.0,1.0,3,3.0,5,5.0,0.0,0.0,3,3.0,0.0,0.0,3.461538461538461e-05,3.461538461538461e-05,2.846923076923077,3,6,MST,shell,6,1170000,105300000,106470000,106470000
LSC-MST-shell,20260140,2.2,0.23534802133073224,0.28519979684599567,4,1.1629089317565315,3.1992260838431603,-0.027320698392565745,0.19677832832873163,0.19866587794713944,0.23929762145977784,0.15435894900761898,4.046922735973653,0.8469227359736529,0.7737221806844033,0.30333333333333334,0.1111111111111111,0.08555555555555555,0.5,0.30333333333333334,0.17777777777777778,0.08555555555555555,0.43333333333333335,0.2921199089131091,1.3357163205668836,0.4188094768501104,24.987393163606626,0.12646633549917666,0.12520550734769725,0.00126082815147939,1.8692875633457453,1.867722494503899,59.5911581652801,0.06545473152051992,0.0042361111111111115,0.8711111111111111,0.12888888888888894,0.2738514226912764,1.0028725735507709,0.08,0.34183673469387754,0.09438775510204081,0.09311224489795919,0.47066326530612246,0.0009158119658119642,0.004392361111111111,0.0009158119658119642,0.9476923076923077,4.0762153392753735,4.052417385668942,0.003163247863247863,2.846923076923077,707.782712893384,707.782712893384,0.08,0.07999999999999999,0.0,0.0,406.30157909297924,406.30157909297924,3463594938.606645,3463594938.606645,1.0,1.0,3,3.0,5,5.0,0.0,0.0,3,3.0,0.0,0.0,3.461538461538461e-05,3.461538461538461e-05,2.846923076923077,3,6,MST,shell,6,1170000,105300000,106470000,106470000
LSC-MST-shell,20260140,2.24,0.23201468799739888,0.28017816527941836,4,1.1655915483426966,3.2078199026052094,-0.019997622009786574,0.21105701501432192,0.21200228412166225,0.24194925939345638,0.16029165167243956,4.094210744359558,0.8942107443595582,0.7874674947362341,0.3,0.10888888888888888,0.09,0.5011111111111111,0.3,0.18222222222222223,0.09111111111111111,0.4266666666666667,0.2932310200242202,1.3318836674756267,0.4176644796048279,25.77901109127204,0.1279440857612362,0.12648484353315714,0.0014592422280790586,1.86155275847647,1.8599716979323058,59.34315242715353,0.06530194389616016,0.004652777777777777,0.8611111111111112,0.13888888888888884,0.26878888154578595,1.0028725735507709,0.08,0.3367741935483871,0.0967741935483871,0.09161290322580645,0.47483870967741937,0.0009158119658119642,0.004392361111111111,0.0009158119658119642,0.9476923076923077,4.0762153392753735,4.052417385668942,0.003163247863247863,2.846923076923077,707.782712893384,707.782712893384,0.08,0.07999999999999999,0.0,0.0,406.30157909297924,406.30157909297924,3463594938.606645,3463594938.606645,1.0,1.0,3,3.0,5,5.0,0.0,0.0,3,3.0,0.0,0.0,3.461538461538461e-05,3.461538461538461e-05,2.846923076923077,3,6,MST,shell,6,1170000,105300000,106470000,106470000
LSC-MST-shell,20260140,2.2800000000000002,0.23312579910850997,0.2787771761158187,4,1.1503422463122916,3.159273974551293,-0.014277635888427903,0.20675583243233084,0.20724822105713855,0.24743199432398252,0.17123214354794394,4.011045415275551,0.8110454152755509,0.7717707986416747,0.3011111111111111,0.09888888888888889,0.09,0.51,0.30333333333333334,0.16666666666666666,0.08888888888888889,0.4411111111111111,0.28100879780199806,1.324079049863714,0.412453395919678,27.489303262000888,0.12534516922736097,0.12385207010825575,0.0014930991191052234,1.8461050516654476,1.8445569007890945,58.85086089541595,0.06410892337288839,0.005208333333333333,0.8577777777777778,0.14222222222222225,0.2688022527642382,1.0028725735507709,0.08,0.33678756476683935,0.08549222797927461,0.09196891191709844,0.48575129533678757,0.0009158119658119642,0.004392361111111111,0.0009158119658119642,0.9476923076923077,4.0762153392753735,4.052417385668942,0.003163247863247863,2.846923076923077,707.782712893384,707.782712893384,0.08,0.07999999999999999,0.0,0.0,406.30157909297924,406.30157909297924,3463594938.606645,3463594938.606645,1.0,1.0,3,3.0,5,5.0,0.0,0.0,3,3.0,0.0,0.0,3.461538461538461e-05,3.461538461538461e-05,2.846923076923077,3,6,MST,shell,6,1170000,105300000,106470000,106470000
LSC-MST-shell,20260140,2.32,0.22312579910851,0.2667314609771521,4,1.1392073507983005,3.1242909167410713,0.006492224448322937,0.23288952460424603,0.2329799983875852,0.25144811549510826,0.15955837592204775,4.087979730817455,0.8879797308174551,0.8059975059004003,0.2911111111111111,0.09555555555555556,0.09,0.5233333333333333,0.2911111111111111,0.16666666666666666,0.09111111111111111,0.45111111111111113,0.2687865755797758,1.3282009130328674,0.40642689925977193,29.02457602466633,0.12774936658804548,0.1262730155727062,0.0014763510153392757,1.8617872827738695,1.8602088700792105,59.35422289466959,0.06296920967115695,0.0044444444444444444,0.8588888888888889,0.14111111111111108,0.2618982585019267,1.0028725735507709,0.08,0.3298835705045278,0.08279430789133248,0.09184993531694696,0.49547218628719275,0.0009158119658119642,0.004392361111111111,0.0009158119658119642,0.9476923076923077,4.0762153392753735,4.052417385668942,0.003163247863247863,2.846923076923077,707.782712893384,707.782712893384,0.08,0.07999999999999999,0.0,0.0,406.30157909297924,406.30157909297924,3463594938.606645,3463594938.606645,1.0,1.0,3,3.0,5,5.0,0.0,0.0,3,3.0,0.0,0.0,3.461538461538461e-05,3.461538461538461e-05,2.846923076923077,3,6,MST,shell,6,1170000,105300000,106470000,106470000
LSC-MST-shell,20260140,2.36,0.2175702435529544,0.2605694039621079,4,1.147312354059867,3.14971620163546,0.01435654993894332,0.24039091898974096,0.240819236064899,0.24146988846738363,0.15949625396857386,4.040413029261888,0.8404130292618879,0.789994847360941,0.28555555555555556,0.09888888888888889,0.09333333333333334,0.5222222222222223,0.28555555555555556,0.16555555555555557,0.09444444444444444,0.45444444444444443,0.26211990891310916,1.3313408051042421,0.4162670167594824,26.493007332211178,0.126262907164434,0.12494082291335612,0.0013220842510778814,1.8621472009675908,1.8605854406811737,59.36828759196065,0.061252751078563504,0.004027777777777778,0.8677777777777778,0.13222222222222224,0.2533975305070019,1.0028725735507709,0.08,0.3213828425096031,0.09090909090909091,0.08962868117797695,0.4980793854033291,0.0009158119658119642,0.004392361111111111,0.0009158119658119642,0.9476923076923077,4.0762153392753735,4.052417385668942,0.003163247863247863,2.846923076923077,707.782712893384,707.782712893384,0.08,0.07999999999999999,0.0,0.0,406.30157909297924,406.30157909297924,3463594938.606645,3463594938.606645,1.0,1.0,3,3.0,5,5.0,0.0,0.0,3,3.0,0.0,0.0,3.461538461538461e-05,3.461538461538461e-05,2.846923076923077,3,6,MST,shell,6,1170000,105300000,106470000,106470000
LSC-MST-shell,20260140,2.4,0.20979246577517663,0.25144669989652263,4,1.1592438617984708,3.1875221573901515,0.024215613288121593,0.24081255178039615,0.242027025395731,0.24095884216297053,0.17769591171741464,4.037090397806638,0.8370903978066382,0.7687297707386649,0.2777777777777778,0.10222222222222223,0.1,0.52,0.2777777777777778,0.16444444444444445,0.1,0.4577777777777778,0.25323102002422027,1.3224610120335498,0.4164573630777204,25.66530563374478,0.12615907493145745,0.12496498203714654,0.0011940928943108798,1.8360769406527107,1.8345148783772462,58.53143067053611,0.06263035629519476,0.0035416666666666665,0.8611111111111112,0.13888888888888884,0.2468533976748182,1.0028725735507709,0.08,0.31483870967741934,0.09419354838709677,0.09161290322580645,0.4993548387096774,0.0009158119658119642,0.004392361111111111,0.0009158119658119642,0.9476923076923077,4.0762153392753735,4.052417385668942,0.003163247863247863,2.846923076923077,707.782712893384,707.782712893384,0.08,0.07999999999999999,0.0,0.0,406.30157909297924,406.30157909297924,3463594938.606645,3463594938.606645,1.0,1.0,3,3.0,5,5.0,0.0,0.0,3,3.0,0.0,0.0,3.461538461538461e-05,3.461538461538461e-05,2.846923076923077,3,6,MST,shell,6,1170000,105300000,106470000,106470000
LSC-MST-shell,20260140,2.44,0.20312579910851,0.24420406565501165,4,1.1603890590135464,3.191174589866363,0.0421505207468405,0.25097691088827234,0.25449179986445464,0.24226951158364324,0.18584982340621178,4.025240194217932,0.8252401942179315,0.7581910720095429,0.27111111111111114,0.10444444444444445,0.10111111111111111,0.5233333333333333,0.27111111111111114,0.16111111111111112,0.10222222222222223,0.46555555555555556,0.24323102002422026,1.3186771433332825,0.41693539297358284,25.178885752376132,0.12578875606931036,0.12469994758723958,0.0010888084820707751,1.8246049272211065,1.8230461778762663,58.16298964242568,0.06336600755438293,0.0042361111111111115,0.8611111111111112,0.13888888888888884,0.23653081702965692,1.0028725735507709,0.08,0.30451612903225805,0.09548387096774194,0.09548387096774194,0.5045161290322581,0.0009158119658119642,0.004392361111111111,0.0009158119658119642,0.9476923076923077,4.0762153392753735,4.052417385668942,0.003163247863247863,2.846923076923077,707.782712893384,707.782712893384,0.08,0.07999999999999999,0.0,0.0,406.30157909297924,406.30157909297924,3463594938.606645,3463594938.606645,1.0,1.0,3,3.0,5,5.0,0.0,0.0,3,3.0,0.0,0.0,3.461538461538461e-05,3.461538461538461e-05,2.846923076923077,3,6,MST,shell,6,1170000,105300000,106470000,106470000
LSC-MST-shell,20260140,2.48,0.1953480213307322,0.23368167847271243,4,1.1640461697643796,3.202866434921868,0.06381404696299021,0.25604801971887653,0.2638803156579756,0.24444124732319608,0.19065431940772798,4.042854256192854,0.8428542561928536,0.7854182262788549,0.2633333333333333,0.10222222222222223,0.10888888888888888,0.5255555555555556,0.2644444444444444,0.16,0.10777777777777778,0.4677777777777778,0.23545324224644246,1.3162149035187163,0.4169291770380883,25.10949176568019,0.12633919550602668,0.12514406323163355,0.0011951322743931245,1.817881430895498,1.8163171301051027,57.94844268840113,0.06346074925493368,0.005277777777777778,0.8533333333333334,0.1466666666666666,0.22888968799739887,1.0028725735507709,0.08,0.296875,0.09505208333333333,0.10026041666666667,0.5078125,0.0009158119658119642,0.004392361111111111,0.0009158119658119642,0.9476923076923077,4.0762153392753735,4.052417385668942,0.003163247863247863,2.846923076923077,707.782712893384,707.782712893384,0.08,0.07999999999999999,0.0,0.0,406.30157909297924,406.30157909297924,3463594938.606645,3463594938.606645,1.0,1.0,3,3.0,5,5.0,0.0,0.0,3,3.0,0.0,0.0,3.461538461538461e-05,3.461538461538461e-05,2.846923076923077,3,6,MST,shell,6,1170000,105300000,106470000,106470000
LSC-MST-shell,20260140,2.52,0.18423691021962108,0.22159261391463933,4,1.159669948510704,3.1888806076146072,0.08389159918112014,0.2718674363673905,0.28451661352220353,0.24408361874414433,0.19569503430415222,4.066052068858351,0.8660520688583508,0.7851286943380837,0.25222222222222224,0.10444444444444445,0.10888888888888888,0.5344444444444445,0.25333333333333335,0.16111111111111112,0.1111111111111111,0.47444444444444445,0.22545324224644248,1.3131814125596701,0.41668893143462726,25.39514337272621,0.12706412715182347,0.12601947989269027,0.0010446472591332195,1.8107881109998167,1.8092128675011583,57.721767850623436,0.0632602086643017,0.0060416666666666665,0.8533333333333334,0.1466666666666666,0.2223792713307322,1.0028725735507709,0.08,0.2903645833333333,0.09635416666666667,0.10286458333333333,0.5104166666666666,0.0009158119658119642,0.004392361111111111,0.0009158119658119642,0.9476923076923077,4.0762153392753735,4.052417385668942,0.003163247863247863,2.846923076923077,707.782712893384,707.782712893384,0.08,0.07999999999999999,0.0,0.0,406.30157909297924,406.30157909297924,3463594938.606645,3463594938.606645,1.0,1.0,3,3.0,5,5.0,0.0,0.0,3,3.0,0.0,0.0,3.461538461538461e-05,3.461538461538461e-05,2.846923076923077,3,6,MST,shell,6,1170000,105300000,106470000,106470000
LSC-MST-shell,20260140,2.56,0.18312579910851,0.21980986037682443,4,1.1403450417968082,3.1278474171093844,0.10020294833592581,0.27374130263866364,0.2915045996644387,0.24459041711158547,0.1938698766905829,4.0308577865050035,0.8308577865050033,0.7760954316963766,0.2511111111111111,0.09666666666666666,0.10555555555555556,0.5466666666666666,0.2511111111111111,0.15555555555555556,0.10555555555555556,0.48777777777777775,0.2176754644686647,1.314293503048769,0.41371215150271645,25.547095864929048,0.12596430582828136,0.1250623945517095,0.000901911276571853,1.8140768930910685,1.812513613159172,57.83046677549146,0.06236843233312345,0.004097222222222223,0.86,0.14,0.21754440375967282,1.0028725735507709,0.08,0.28552971576227393,0.09302325581395349,0.10465116279069768,0.5167958656330749,0.0009158119658119642,0.004392361111111111,0.0009158119658119642,0.9476923076923077,4.0762153392753735,4.052417385668942,0.003163247863247863,2.846923076923077,707.782712893384,707.782712893384,0.08,0.07999999999999999,0.0,0.0,406.30157909297924,406.30157909297924,3463594938.606645,3463594938.606645,1.0,1.0,3,3.0,5,5.0,0.0,0.0,3,3.0,0.0,0.0,3.461538461538461e-05,3.461538461538461e-05,2.846923076923077,3,6,MST,shell,6,1170000,105300000,106470000,106470000
LSC-MST-shell,20260140,2.6,0.17979246577517669,0.21714101778753778,4,1.1434961431284931,3.1377191264806408,0.11144137420206728,0.2836539256126524,0.30476011779679024,0.24108361314478405,0.1963654554298165,4.065681094035061,0.865681094035061,0.7961250166859655,0.2477777777777778,0.10111111111111111,0.10444444444444445,0.5466666666666666,0.2477777777777778,0.15444444444444444,0.10666666666666667,0.4911111111111111,0.21323102002422026,1.3139688927766735,0.4180847856074301,24.4175762562746,0.12705253418859566,0.1261749681757818,0.000877566012813864,1.8097938615656737,1.8082166744634764,57.69021366353975,0.06352315680487515,0.004166666666666667,0.8577777777777778,0.14222222222222225,0.2131027708989533,1.0028725735507709,0.08,0.2810880829015544,0.09844559585492228,0.10103626943005181,0.5194300518134715,0.0009158119658119642,0.004392361111111111,0.0009158119658119642,0.9476923076923077,4.0762153392753735,4.052417385668942,0.003163247863247863,2.846923076923077,707.782712893384,707.782712893384,0.08,0.07999999999999999,0.0,0.0,406.30157909297924,406.30157909297924,3463594938.606645,3463594938.606645,1.0,1.0,3,3.0,5,5.0,0.0,0.0,3,3.0,0.0,0.0,3.461538461538461e-05,3.461538461538461e-05,2.846923076923077,3,6,MST,shell,6,1170000,105300000,106470000,106470000
LSC-MST-shell,20261140,0.0,0.932014687997399,1.1341157041619936,1,2.072326583694641e-297,1.0,-1.1860306794807638,-1.074471874780064,1.600362016033556,0.16772471269123507,0.43518300887337613,18.477509310223194,15.277509310223195,4.0333792402385376,1.0,0.0,0.0,0.0,1.0,0.0,0.0,0.0,0.932014687997399,1.6003998177637648,0.4999135852907728,0.035419655553283746,0.5774221659444748,0.5770021639698408,0.00042000197463383645,2.5683894448130897,2.5611769177634667,81.9644884199005,0.00742410000599048,0.0,1.0,0.0,0.932014687997399,1.0028725735507709,0.08,1.0,0.0,0.0,0.0,0.0009272569444444414,0.004427083333333333,0.0009272569444444414,0.9569230769230769,4.077322127815275,4.053286136869835,0.003217094017094017,2.8953846153846152,707.782712893384,707.782712893384,0.08,0.07999999999999999,0.0,0.0,409.28483281915857,409.28483281915857,3462787283.8250895,3462787283.8250895,1.0,1.0,3,3.0,5,5.0,0.0,0.0,3,3.0,0.0,0.0,4.444444444444444e-05,4.444444444444444e-05,2.8953846153846152,3,6,MST,shell,6,1170000,105300000,106470000,106470000
LSC-MST-shell,20261140,0.04,0.9009035768862879,1.1045001625771262,1,0.1594282605483463,1.172840120295509,-1.1614147352695248,-1.0332742386066027,1.5545223830711599,0.1746952777996158,0.41524055505992324,3.820583956475107,0.620583956475107,0.7214167104874049,0.9688888888888889,0.01888888888888889,0.012222222222222223,0.0,0.9688888888888889,0.01888888888888889,0.012222222222222223,0.0,0.9009035768862879,1.588377248650526,0.4931853583000324,3.605550549069534,0.1193932486398471,0.11853225185244229,0.0008609967874048216,2.5381386196949642,2.536656966546809,81.09470814388663,0.019556566743910514,0.0,0.99,0.010000000000000009,0.910690333339711,1.0028725735507709,0.08,0.978675645342312,0.019079685746352413,0.002244668911335578,0.0,0.0009272569444444414,0.004427083333333333,0.0009272569444444414,0.9569230769230769,4.077322127815275,4.053286136869835,0.003217094017094017,2.8953846153846152,707.782712893384,707.782712893384,0.08,0.07999999999999999,0.0,0.0,409.28483281915857,409.28483281915857,3462787283.8250895,3462787283.8250895,1.0,1.0,3,3.0,5,5.0,0.0,0.0,3,3.0,0.0,0.0,4.444444444444444e-05,4.444444444444444e-05,2.8953846153846152,3,6,MST,shell,6,1170000,105300000,106470000,106470000
LSC-MST-shell,20261140,0.08,0.8664591324418434,1.07016612918006,3,0.29992776515129776,1.3497613042508798,-1.1338352453262601,-0.9817085187955653,1.4997779767085,0.19015423467200182,0.4131035767742287,3.9142643914613426,0.7142643914613425,0.7481901496285762,0.9344444444444444,0.03888888888888889,0.021111111111111112,0.005555555555555556,0.9344444444444444,0.03888888888888889,0.021111111111111112,0.005555555555555556,0.8664591324418434,1.5773954018623892,0.4825420633251706,9.304172146711664,0.12232076223316696,0.12083499661828996,0.0014857656148769991,2.5219520306872423,2.520441593229514,80.55205733680265,0.028823244980756186,0.0004166666666666667,0.9777777777777777,0.022222222222222254,0.887696506179217,1.0028725735507709,0.08,0.9556818181818182,0.03977272727272727,0.004545454545454545,0.0,0.0009272569444444414,0.004427083333333333,0.0009272569444444414,0.9569230769230769,4.077322127815275,4.053286136869835,0.003217094017094017,2.8953846153846152,707.782712893384,707.782712893384,0.08,0.07999999999999999,0.0,0.0,409.28483281915857,409.28483281915857,3462787283.8250895,3462787283.8250895,1.0,1.0,3,3.0,5,5.0,0.0,0.0,3,3.0,0.0,0.0,4.444444444444444e-05,4.444444444444444e-05,2.8953846153846152,3,6,MST,shell,6,1170000,105300000,106470000,106470000
LSC-MST-shell,20261140,0.12,0.8286813546640655,1.0300907872390908,3,0.4261147598743312,1.5312964964436724,-1.1048653490936842,-0.9047442383609718,1.4280369660745067,0.20002044746160816,0.39404760704585157,3.9667554102957694,0.7667554102957692,0.7448024958096282,0.8966666666666666,0.06555555555555556,0.016666666666666666,0.021111111111111112,0.8966666666666666,0.06555555555555556,0.017777777777777778,0.02,0.8286813546640655,1.559550218473036,0.47340786569256077,13.939202228177976,0.1239611065717428,0.12208513731662612,0.001875969255116676,2.4810086699944094,2.4794826057779518,79.22422050887523,0.036382742829838007,0.0009722222222222222,0.9644444444444444,0.03555555555555556,0.8617381903015464,1.0028725735507709,0.08,0.9297235023041475,0.06797235023041474,0.001152073732718894,0.001152073732718894,0.0009272569444444414,0.004427083333333333,0.0009272569444444414,0.9569230769230769,4.077322127815275,4.053286136869835,0.003217094017094017,2.8953846153846152,707.782712893384,707.782712893384,0.08,0.07999999999999999,0.0,0.0,409.28483281915857,409.28483281915857,3462787283.8250895,3462787283.8250895,1.0,1.0,3,3.0,5,5.0,0.0,0.0,3,3.0,0.0,0.0,4.444444444444444e-05,4.444444444444444e-05,2.8953846153846152,3,6,MST,shell,6,1170000,105300000,106470000,106470000
LSC-MST-shell,20261140,0.16,0.8064591324418434,1.0027044795372615,3,0.4908124664836412,1.633642961068158,-1.075160411175888,-0.8597145851576465,1.3766187118053759,0.20231389863164212,0.36680561730262107,4.000425672331436,0.8004256723314356,0.7726732471665857,0.8744444444444445,0.07444444444444444,0.012222222222222223,0.03888888888888889,0.8744444444444445,0.07666666666666666,0.012222222222222223,0.03666666666666667,0.8064591324418433,1.5483833209175037,0.4699369123191397,15.223699859811575,0.12501330226035737,0.12302519982831377,0.0019881024320435835,2.450724498850262,2.4491866838524077,78.24207905783774,0.04214785448188254,0.001388888888888889,0.9511111111111111,0.04888888888888887,0.8514072113618849,1.0028725735507709,0.08,0.919392523364486,0.07242990654205607,0.002336448598130841,0.005841121495327103,0.0009272569444444414,0.004427083333333333,0.0009272569444444414,0.9569230769230769,4.077322127815275,4.053286136869835,0.003217094017094017,2.8953846153846152,707.782712893384,707.782712893384,0.08,0.07999999999999999,0.0,0.0,409.28483281915857,409.28483281915857,3462787283.8250895,3462787283.8250895,1.0,1.0,3,3.0,5,5.0,0.0,0.0,3,3.0,0.0,0.0,4.444444444444444e-05,4.444444444444444e-05,2.8953846153846152,3,6,MST,shell,6,1170000,105300000,106470000,106470000
LSC-MST-shell,20261140,0.2,0.7864591324418433,0.977012689661776,3,0.549452169506628,1.7323037490544206,-1.0516335400690753,-0.8279585721634167,1.3384500363544012,0.20947522603739474,0.3587564322390422,4.017964144527817,0.8179641445278172,0.773482183179358,0.8544444444444445,0.07666666666666666,0.013333333333333334,0.05555555555555555,0.8544444444444445,0.08333333333333333,0.013333333333333334,0.04888888888888889,0.7864591324418433,1.5391857213617957,0.4640558672728128,18.362063375874413,0.1255613795164943,0.12331776333097338,0.0022436161855209145,2.432452218267318,2.4309107462256807,77.6471722525964,0.04765380991346438,0.00375,0.9344444444444444,0.06555555555555559,0.8464023217667211,1.0028725735507709,0.08,0.9143876337693222,0.07372175980975029,0.0035671819262782403,0.008323424494649227,0.0009272569444444414,0.004427083333333333,0.0009272569444444414,0.9569230769230769,4.077322127815275,4.053286136869835,0.003217094017094017,2.8953846153846152,707.782712893384,707.782712893384,0.08,0.07999999999999999,0.0,0.0,409.28483281915857,409.28483281915857,3462787283.8250895,3462787283.8250895,1.0,1.0,3,3.0,5,5.0,0.0,0.0,3,3.0,0.0,0.0,4.444444444444444e-05,4.444444444444444e-05,2.8953846153846152,3,6,MST,shell,6,1170000,105300000,106470000,106470000
LSC-MST-shell,20261140,0.24,0.7642369102196211,0.9502310145042527,3,0.6109755648382778,1.842227735020319,-1.019401235948367,-0.7840215770563853,1.2860282707402044,0.21332240631653437,0.34484443316668884,4.013657039823249,0.8136570398232488,0.7368123096780653,0.8322222222222222,0.0811111111111111,0.016666666666666666,0.07,0.8322222222222222,0.09555555555555556,0.016666666666666666,0.05555555555555555,0.764236910219621,1.5281534167870838,0.45928277775994075,19.553777410028346,0.12542678249447653,0.12313792407924713,0.002288858415229409,2.4025040122376584,2.400964788186668,76.68346942862004,0.050352051778415036,0.004027777777777778,0.9166666666666666,0.08333333333333337,0.8398934758761867,1.0028725735507709,0.08,0.9078787878787878,0.07515151515151515,0.0048484848484848485,0.012121212121212121,0.0009272569444444414,0.004427083333333333,0.0009272569444444414,0.9569230769230769,4.077322127815275,4.053286136869835,0.003217094017094017,2.8953846153846152,707.782712893384,707.782712893384,0.08,0.07999999999999999,0.0,0.0,409.28483281915857,409.28483281915857,3462787283.8250895,3462787283.8250895,1.0,1.0,3,3.0,5,5.0,0.0,0.0,3,3.0,0.0,0.0,4.444444444444444e-05,4.444444444444444e-05,2.8953846153846152,3,6,MST,shell,6,1170000,105300000,106470000,106470000
LSC-MST-shell,20261140,0.28,0.7375702435529545,0.9199511030545722,4,0.6852670720855258,1.9843017163735248,-0.9889924225581312,-0.7454212179971181,1.2384501621452955,0.217292062272865,0.32072111263754444,4.065280301099955,0.865280301099955,0.742173250997564,0.8055555555555556,0.08666666666666667,0.025555555555555557,0.08222222222222222,0.8055555555555556,0.11222222222222222,0.025555555555555557,0.056666666666666664,0.7375702435529545,1.51475021316681,0.4563089810869495,20.731231739943325,0.1270400094093736,0.12460901577193195,0.0024309936374416396,2.365534517562482,2.3639769048653325,75.49610583923909,0.0524018159043454,0.0045138888888888885,0.9088888888888889,0.09111111111111114,0.817100262569526,1.0028725735507709,0.08,0.8850855745721271,0.08312958435207823,0.009779951100244499,0.022004889975550123,0.0009272569444444414,0.004427083333333333,0.0009272569444444414,0.9569230769230769,4.077322127815275,4.053286136869835,0.003217094017094017,2.8953846153846152,707.782712893384,707.782712893384,0.08,0.07999999999999999,0.0,0.0,409.28483281915857,409.28483281915857,3462787283.8250895,3462787283.8250895,1.0,1.0,3,3.0,5,5.0,0.0,0.0,3,3.0,0.0,0.0,4.444444444444444e-05,4.444444444444444e-05,2.8953846153846152,3,6,MST,shell,6,1170000,105300000,106470000,106470000
LSC-MST-shell,20261140,0.32,0.7164591324418433,0.8931749324297485,4,0.7249397361351296,2.0646066750396854,-0.9593498722602872,-0.697949100057005,1.18637478213093,0.22226776883840632,0.2920183926578269,4.098321438904392,0.8983214389043921,0.7717465017789895,0.7844444444444445,0.09333333333333334,0.021111111111111112,0.10111111111111111,0.7844444444444445,0.12333333333333334,0.021111111111111112,0.07111111111111111,0.7187865755797758,1.4959036333374713,0.45058585218575975,23.704272603267924,0.12807254496576226,0.12559994852203019,0.002472596443732086,2.318304783136189,2.3167347837796637,73.97771302775882,0.05550298186636392,0.0038194444444444443,0.9055555555555556,0.09444444444444444,0.7958183689789939,1.0028725735507709,0.08,0.8638036809815951,0.09325153374233129,0.0098159509202454,0.033128834355828224,0.0009272569444444414,0.004427083333333333,0.0009272569444444414,0.9569230769230769,4.077322127815275,4.053286136869835,0.003217094017094017,2.8953846153846152,707.782712893384,707.782712893384,0.08,0.07999999999999999,0.0,0.0,409.28483281915857,409.28483281915857,3462787283.8250895,3462787283.8250895,1.0,1.0,3,3.0,5,5.0,0.0,0.0,3,3.0,0.0,0.0,4.444444444444444e-05,4.444444444444444e-05,2.8953846153846152,3,6,MST,shell,6,1170000,105300000,106470000,106470000
LSC-MST-shell,20261140,0.36,0.7020146879973989,0.8762821631604275,3,0.7401373754861913,2.0962234644328723,-0.9414499818127205,-0.6576743699397712,1.1484178878486897,0.2228521679942436,0.28481942166217933,4.026759243383215,0.8267592433832149,0.7307502434388343,0.77,0.10333333333333333,0.013333333333333334,0.11333333333333333,0.77,0.13111111111111112,0.013333333333333334,0.08555555555555555,0.7121199089131092,1.4968184326842238,0.44863775337427403,23.674167993831787,0.12583622635572547,0.1234062917429951,0.0024299346127303776,2.3208879094726766,2.3193453308258896,74.06231025292739,0.055165317394497475,0.00375,0.9122222222222223,0.08777777777777773,0.7748892312373501,1.0028725735507709,0.08,0.8428745432399513,0.09987819732034105,0.008526187576126675,0.048721071863580996,0.0009272569444444414,0.004427083333333333,0.0009272569444444414,0.9569230769230769,4.077322127815275,4.053286136869835,0.003217094017094017,2.8953846153846152,707.782712893384,707.782712893384,0.08,0.07999999999999999,0.0,0.0,409.28483281915857,409.28483281915857,3462787283.8250895,3462787283.8250895,1.0,1.0,3,3.0,5,5.0,0.0,0.0,3,3.0,0.0,0.0,4.444444444444444e-05,4.444444444444444e-05,2.8953846153846152,3,6,MST,shell,6,1170000,105300000,106470000,106470000
LSC-MST-shell,20261140,0.4,0.6764591324418433,0.847669439411744,3,0.7993363897018473,2.224064526545309,-0.9109346144949749,-0.6163435779454526,1.0998551168038948,0.2253257903749759,0.26363251413630406,4.070617504364086,0.8706175043640858,0.7302868180623088,0.7444444444444445,0.1111111111111111,0.01888888888888889,0.12555555555555556,0.7444444444444445,0.14555555555555555,0.01888888888888889,0.09111111111111111,0.701008797801998,1.4897191771025735,0.44611588118644874,23.672584262142067,0.1272067970113777,0.12460187135846823,0.0026049256529094606,2.299779245221334,2.298221721829353,73.38368167828366,0.05612752414609075,0.003611111111111111,0.9066666666666666,0.09333333333333338,0.7518676291738694,1.0028725735507709,0.08,0.8198529411764706,0.10661764705882353,0.013480392156862746,0.06004901960784314,0.0009272569444444414,0.004427083333333333,0.0009272569444444414,0.9569230769230769,4.077322127815275,4.053286136869835,0.003217094017094017,2.8953846153846152,707.782712893384,707.782712893384,0.08,0.07999999999999999,0.0,0.0,409.28483281915857,409.28483281915857,3462787283.8250895,3462787283.8250895,1.0,1.0,3,3.0,5,5.0,0.0,0.0,3,3.0,0.0,0.0,4.444444444444444e-05,4.444444444444444e-05,2.8953846153846152,3,6,MST,shell,6,1170000,105300000,106470000,106470000
LSC-MST-shell,20261140,0.44,0.6575702435529545,0.8269532654957799,4,0.8427973796667798,2.3228558062911686,-0.8834971049601367,-0.58657101191899,1.0604870043977952,0.2237415917313545,0.257694980037958,4.0354435102838995,0.8354435102838993,0.7607013310250412,0.7255555555555555,0.11666666666666667,0.024444444444444446,0.13333333333333333,0.7266666666666667,0.15444444444444444,0.023333333333333334,0.09555555555555556,0.6921199089131091,1.4832834165730746,0.44540657832798414,23.522731947003592,0.12610760969637186,0.123601797420054,0.002505812276317861,2.2802303276819145,2.2786853052141645,72.7564233988825,0.058146932207713574,0.004375,0.9033333333333333,0.09666666666666668,0.7352127199777188,1.0028725735507709,0.08,0.8031980319803198,0.11562115621156212,0.012300123001230012,0.06888068880688807,0.0009272569444444414,0.004427083333333333,0.0009272569444444414,0.9569230769230769,4.077322127815275,4.053286136869835,0.003217094017094017,2.8953846153846152,707.782712893384,707.782712893384,0.08,0.07999999999999999,0.0,0.0,409.28483281915857,409.28483281915857,3462787283.8250895,3462787283.8250895,1.0,1.0,3,3.0,5,5.0,0.0,0.0,3,3.0,0.0,0.0,4.444444444444444e-05,4.444444444444444e-05,2.8953846153846152,3,6,MST,shell,6,1170000,105300000,106470000,106470000
LSC-MST-shell,20261140,0.48,0.6376754644686646,0.8011520394224277,4,0.8894392530647011,2.433764542576892,-0.8516444027915219,-0.5438073534261304,1.0104576321877425,0.2284073606091428,0.23713050004098307,4.055795096553704,0.8557950965537042,0.7621122583481948,0.7022222222222222,0.12444444444444444,0.028888888888888888,0.14444444444444443,0.7022222222222222,0.1688888888888889,0.03111111111111111,0.09777777777777778,0.6821199089131091,1.4720854560764869,0.44044283117814265,25.391839926680717,0.12674359676730326,0.12409115834503502,0.002652438422268256,2.2531192067293007,2.251568067249988,71.88432287240936,0.06029349566477218,0.005277777777777778,0.8955555555555555,0.10444444444444445,0.7167159938317746,1.0028725735507709,0.08,0.78287841191067,0.1228287841191067,0.016129032258064516,0.07816377171215881,0.0009272569444444414,0.004427083333333333,0.0009272569444444414,0.9569230769230769,4.077322127815275,4.053286136869835,0.003217094017094017,2.8953846153846152,707.782712893384,707.782712893384,0.08,0.07999999999999999,0.0,0.0,409.28483281915857,409.28483281915857,3462787283.8250895,3462787283.8250895,1.0,1.0,3,3.0,5,5.0,0.0,0.0,3,3.0,0.0,0.0,4.444444444444444e-05,4.444444444444444e-05,2.8953846153846152,3,6,MST,shell,6,1170000,105300000,106470000,106470000
LSC-MST-shell,20261140,0.52,0.6276754644686646,0.7875529760019381,4,0.8910217548203633,2.4376190282991965,-0.8270337841379243,-0.5224962489454137,0.978257231134799,0.22548960717118102,0.21377018124399083,4.054238620883349,0.8542386208833488,0.7400333634242842,0.6944444444444444,0.12222222222222222,0.023333333333333334,0.16,0.6944444444444444,0.16777777777777778,0.024444444444444446,0.11333333333333333,0.6732310200242202,1.467721330912058,0.4416868084522243,24.514380626346366,0.12669495690260466,0.12412720622892913,0.0025677506736755135,2.237668794137101,2.23611720405924,71.38602702949117,0.06197240166643682,0.0043055555555555555,0.9022222222222223,0.09777777777777774,0.7001713593783527,1.0028725735507709,0.08,0.7660098522167488,0.12315270935960591,0.020935960591133004,0.08990147783251232,0.0009272569444444414,0.004427083333333333,0.0009272569444444414,0.9569230769230769,4.077322127815275,4.053286136869835,0.003217094017094017,2.8953846153846152,707.782712893384,707.782712893384,0.08,0.07999999999999999,0.0,0.0,409.28483281915857,409.28483281915857,3462787283.8250895,3462787283.8250895,1.0,1.0,3,3.0,5,5.0,0.0,0.0,3,3.0,0.0,0.0,4.444444444444444e-05,4.444444444444444e-05,2.8953846153846152,3,6,MST,shell,6,1170000,105300000,106470000,106470000
LSC-MST-shell,20261140,0.56,0.61312579910851,0.7700489491730903,4,0.9196221075244058,2.5083423271230436,-0.8044064992714445,-0.49942987391836113,0.9468368471031592,0.22231132879097792,0.20070906921815804,4.048088104072608,0.848088104072608,0.7466208156293769,0.6811111111111111,0.12,0.028888888888888888,0.17,0.6811111111111111,0.16777777777777778,0.028888888888888888,0.12222222222222222,0.659897686690887,1.4623486800874248,0.4419588625354721,24.314999383330473,0.126502753252269,0.12398543118413603,0.0025173220681329756,2.2213549738138303,2.219805155924029,70.86233712724287,0.06289185064312779,0.0038194444444444443,0.9033333333333333,0.09666666666666668,0.6860122279727986,1.0028725735507709,0.08,0.7539975399753998,0.11562115621156212,0.020910209102091022,0.10947109471094711,0.0009272569444444414,0.004427083333333333,0.0009272569444444414,0.9569230769230769,4.077322127815275,4.053286136869835,0.003217094017094017,2.8953846153846152,707.782712893384,707.782712893384,0.08,0.07999999999999999,0.0,0.0,409.28483281915857,409.28483281915857,3462787283.8250895,3462787283.8250895,1.0,1.0,3,3.0,5,5.0,0.0,0.0,3,3.0,0.0,0.0,4.444444444444444e-05,4.444444444444444e-05,2.8953846153846152,3,6,MST,shell,6,1170000,105300000,106470000,106470000
LSC-MST-shell,20261140,0.6,0.6053480213307323,0.7578880281527255,4,0.9356298949265105,2.5488184400048026,-0.7769731556746418,-0.4876952393292753,0.9173515853278121,0.22455154577097225,0.19171928383946085,4.046169324519381,0.8461693245193809,0.7521136821907198,0.6733333333333333,0.11444444444444445,0.03333333333333333,0.17888888888888888,0.6733333333333333,0.16,0.03333333333333333,0.13333333333333333,0.6443421311353315,1.4572829854102214,0.4385304169171427,25.13626250993454,0.12644279139123066,0.12384707988972742,0.002595711501503243,2.2090836670886085,2.207535578589987,70.47118463710946,0.06207265760885908,0.0036805555555555554,0.9044444444444445,0.0955555555555555,0.675257931240642,1.0028725735507709,0.08,0.7432432432432432,0.10810810810810811,0.02457002457002457,0.12407862407862408,0.0009272569444444414,0.004427083333333333,0.0009272569444444414,0.9569230769230769,4.077322127815275,4.053286136869835,0.003217094017094017,2.8953846153846152,707.782712893384,707.782712893384,0.08,0.07999999999999999,0.0,0.0,409.28483281915857,409.28483281915857,3462787283.8250895,3462787283.8250895,1.0,1.0,3,3.0,5,5.0,0.0,0.0,3,3.0,0.0,0.0,4.444444444444444e-05,4.444444444444444e-05,2.8953846153846152,3,6,MST,shell,6,1170000,105300000,106470000,106470000
LSC-MST-shell,20261140,0.64,0.59312579910851,0.7414298130395,4,0.961652822154522,2.616016712525219,-0.7480861366510304,-0.47004814508875875,0.8835033257157816,0.22650761832119704,0.1902385509045267,4.117762242826237,0.9177622428262371,0.8155396752812439,0.6611111111111111,0.11,0.04111111111111111,0.18777777777777777,0.6611111111111111,0.15777777777777777,0.04111111111111111,0.14,0.6298976866908869,1.4522333464898483,0.43598041700375334,25.669824504998218,0.12868007008831991,0.1260596970614375,0.002620373026882414,2.196223579161475,2.1946478329482075,70.05439661552711,0.0639424752730372,0.004652777777777777,0.9044444444444445,0.0955555555555555,0.6629729189556298,1.0028725735507709,0.08,0.730958230958231,0.10565110565110565,0.03194103194103194,0.13144963144963145,0.0009272569444444414,0.004427083333333333,0.0009272569444444414,0.9569230769230769,4.077322127815275,4.053286136869835,0.003217094017094017,2.8953846153846152,707.782712893384,707.782712893384,0.08,0.07999999999999999,0.0,0.0,409.28483281915857,409.28483281915857,3462787283.8250895,3462787283.8250895,1.0,1.0,3,3.0,5,5.0,0.0,0.0,3,3.0,0.0,0.0,4.444444444444444e-05,4.444444444444444e-05,2.8953846153846152,3,6,MST,shell,6,1170000,105300000,106470000,106470000
LSC-MST-shell,20261140,0.68,0.5775702435529545,0.7234036400897477,4,0.9836188989226544,2.6741161082502285,-0.7308787248464036,-0.43539190868843164,0.850734873262205,0.2268271332584762,0.19099171436392862,4.0855411897688025,0.8855411897688024,0.7521455140994868,0.6455555555555555,0.11555555555555555,0.04111111111111111,0.19777777777777777,0.6455555555555555,0.1622222222222222,0.042222222222222223,0.15,0.6187865755797758,1.4469102296762002,0.43216108151415555,26.586465131490655,0.12767316218027508,0.12493856665926403,0.002734595521011049,2.1836836889757243,2.1821219568924834,69.65222132088135,0.06480179286992119,0.0025694444444444445,0.9155555555555556,0.08444444444444443,0.6358981831430299,1.0028725735507709,0.08,0.7038834951456311,0.11650485436893204,0.03640776699029126,0.14320388349514562,0.0009272569444444414,0.004427083333333333,0.0009272569444444414,0.9569230769230769,4.077322127815275,4.053286136869835,0.003217094017094017,2.8953846153846152,707.782712893384,707.782712893384,0.08,0.07999999999999999,0.0,0.0,409.28483281915857,409.28483281915857,3462787283.8250895,3462787283.8250895,1.0,1.0,3,3.0,5,5.0,0.0,0.0,3,3.0,0.0,0.0,4.444444444444444e-05,4.444444444444444e-05,2.8953846153846152,3,6,MST,shell,6,1170000,105300000,106470000,106470000
LSC-MST-shell,20261140,0.72,0.5687865755797757,0.713917892996866,4,1.000482707172921,2.719594279334905,-0.711900840035296,-0.4181155137506035,0.8256048624383762,0.2239402514588922,0.1812152685557196,4.0858796568867115,0.8858796568867113,0.7858084887351902,0.6355555555555555,0.12222222222222222,0.042222222222222223,0.2,0.6366666666666667,0.16,0.042222222222222223,0.16111111111111112,0.6076754644686647,1.4389970855031349,0.4340452213723336,25.714645460916472,0.12768373927770973,0.12513786206024,0.002545877217469751,2.158065182878848,2.156500959603095,68.83426813286019,0.06360759368241704,0.0024305555555555556,0.9188888888888889,0.08111111111111113,0.6236712780820421,1.0028725735507709,0.08,0.6916565900846433,0.11608222490931076,0.036275695284159616,0.15598548972188633,0.0009272569444444414,0.004427083333333333,0.0009272569444444414,0.9569230769230769,4.077322127815275,4.053286136869835,0.003217094017094017,2.8953846153846152,707.782712893384,707.782712893384,0.08,0.07999999999999999,0.0,0.0,409.28483281915857,409.28483281915857,3462787283.8250895,3462787283.8250895,1.0,1.0,3,3.0,5,5.0,0.0,0.0,3,3.0,0.0,0.0,4.444444444444444e-05,4.444444444444444e-05,2.8953846153846152,3,6,MST,shell,6,1170000,105300000,106470000,106470000
LSC-MST-shell,20261140,0.76,0.5598976866908869,0.700324851896275,4,1.0210719478942065,2.7761690781218444,-0.6938632406048879,-0.39185309273270524,0.7968657621876488,0.22398780317431993,0.17709407384367298,4.045123384037429,0.8451233840374286,0.7209587596861763,0.6233333333333333,0.12555555555555556,0.04555555555555556,0.20555555555555555,0.6233333333333333,0.17,0.04666666666666667,0.16,0.6043421311353313,1.4361746287345543,0.4342988497711131,25.382759682149896,0.12641010575116965,0.12391694180947523,0.0024931639416943974,2.14889107069828,2.1473421089256615,68.54139802328164,0.06386270109667003,0.002361111111111111,0.9177777777777778,0.0822222222222222,0.61246158230563,1.0028725735507709,0.08,0.6791767554479419,0.12227602905569007,0.0387409200968523,0.15980629539951574,0.0009272569444444414,0.004427083333333333,0.0009272569444444414,0.9569230769230769,4.077322127815275,4.053286136869835,0.003217094017094017,2.8953846153846152,707.782712893384,707.782712893384,0.08,0.07999999999999999,0.0,0.0,409.28483281915857,409.28483281915857,3462787283.8250895,3462787283.8250895,1.0,1.0,3,3.0,5,5.0,0.0,0.0,3,3.0,0.0,0.0,4.444444444444444e-05,4.444444444444444e-05,2.8953846153846152,3,6,MST,shell,6,1170000,105300000,106470000,106470000
LSC-MST-shell,20261140,0.8,0.5543421311353314,0.687829926829613,4,1.0442095313612119,2.8411517943927427,-0.6763476350919484,-0.3761372627152731,0.7739026837383421,0.22993521096709693,0.15913016281020761,4.043670527178338,0.8436705271783378,0.7524715254199598,0.61,0.13333333333333333,0.04888888888888889,0.20777777777777778,0.61,0.17333333333333334,0.051111111111111114,0.16555555555555557,0.5943421311353314,1.431768487727433,0.43027810538127875,26.869193689192343,0.12636470397432306,0.1237565543412099,0.0026081496331131584,2.1408222041125953,2.13927524718333,68.28567144729683,0.06279725934103916,0.0027083333333333334,0.9144444444444444,0.0855555555555556,0.6032323700984743,1.0028725735507709,0.08,0.6670716889428918,0.12515188335358446,0.0425273390036452,0.1652490886998785,0.0009272569444444414,0.004427083333333333,0.0009272569444444414,0.9569230769230769,4.077322127815275,4.053286136869835,0.003217094017094017,2.8953846153846152,707.782712893384,707.782712893384,0.08,0.07999999999999999,0.0,0.0,409.28483281915857,409.28483281915857,3462787283.8250895,3462787283.8250895,1.0,1.0,3,3.0,5,5.0,0.0,0.0,3,3.0,0.0,0.0,4.444444444444444e-05,4.444444444444444e-05,2.8953846153846152,3,6,MST,shell,6,1170000,105300000,106470000,106470000
LSC-MST-shell,20261140,0.84,0.5398976866908869,0.6662208997987416,4,1.0607082778166455,2.888416065966001,-0.6436033999468939,-0.33976652927048806,0.7277819940309841,0.2315085867108267,0.13974717221495703,4.064583426283164,0.864583426283164,0.7647684205109954,0.5933333333333334,0.13555555555555557,0.04777777777777778,0.22333333333333333,0.5933333333333334,0.18,0.04777777777777778,0.17888888888888888,0.5843421311353314,1.4263197105740233,0.42651318157443585,27.243804617714034,0.12701823207134888,0.12435016861410914,0.002668063457239749,2.1264841564391195,2.1249297793314432,67.8247937984743,0.06329362565080247,0.0028472222222222223,0.9022222222222223,0.09777777777777774,0.5881023938611113,1.0028725735507709,0.08,0.6551724137931034,0.12192118226600986,0.04433497536945813,0.17857142857142858,0.0009272569444444414,0.004427083333333333,0.0009272569444444414,0.9569230769230769,4.077322127815275,4.053286136869835,0.003217094017094017,2.8953846153846152,707.782712893384,707.782712893384,0.08,0.07999999999999999,0.0,0.0,409.28483281915857,409.28483281915857,3462787283.8250895,3462787283.8250895,1.0,1.0,3,3.0,5,5.0,0.0,0.0,3,3.0,0.0,0.0,4.444444444444444e-05,4.444444444444444e-05,2.8953846153846152,3,6,MST,shell,6,1170000,105300000,106470000,106470000
LSC-MST-shell,20261140,0.88,0.5332310200242203,0.650836640492054,4,1.0814866575003899,2.949060536712059,-0.6243064991116566,-0.3093328137758214,0.6967391151008528,0.23077777106436928,0.12564894005018495,4.075313480820102,0.8753134808201022,0.7086083167275476,0.5777777777777777,0.14444444444444443,0.04888888888888889,0.2288888888888889,0.5777777777777777,0.19111111111111112,0.05,0.1811111111111111,0.5798976866908869,1.4195865177257871,0.42607991021421354,26.695404896944694,0.1273535462756282,0.1247593123667949,0.002594233908833313,2.1057266981429947,2.1041672067384094,67.15676869157689,0.06505124225833994,0.0036805555555555554,0.8988888888888888,0.10111111111111115,0.5798592304348781,1.0028725735507709,0.08,0.6427688504326329,0.1260815822002472,0.04449938195302843,0.18665018541409148,0.0009272569444444414,0.004427083333333333,0.0009272569444444414,0.9569230769230769,4.077322127815275,4.053286136869835,0.003217094017094017,2.8953846153846152,707.782712893384,707.782712893384,0.08,0.07999999999999999,0.0,0.0,409.28483281915857,409.28483281915857,3462787283.8250895,3462787283.8250895,1.0,1.0,3,3.0,5,5.0,0.0,0.0,3,3.0,0.0,0.0,4.444444444444444e-05,4.444444444444444e-05,2.8953846153846152,3,6,MST,shell,6,1170000,105300000,106470000,106470000
LSC-MST-shell,20261140,0.92,0.5210087978019979,0.6313952718970801,4,1.1000919987943965,3.0044424163124903,-0.602550124131137,-0.2744712837809892,0.6621186734346293,0.23606954585917342,0.11856303982751555,4.080160112794223,0.8801601127942229,0.7793491301100973,0.5611111111111111,0.14888888888888888,0.05,0.24,0.5611111111111111,0.19666666666666666,0.052222222222222225,0.19,0.5687865755797757,1.4175164245152423,0.4231739826849771,28.002731715492928,0.12750500352481947,0.12491844391803679,0.0025865596067827182,2.1038593205966265,2.102297840047651,67.09956321220454,0.06405367666085227,0.0038194444444444443,0.8866666666666667,0.11333333333333329,0.5716604268746798,1.0028725735507709,0.08,0.6328320802005013,0.12781954887218044,0.03759398496240601,0.20175438596491227,0.0009272569444444414,0.004427083333333333,0.0009272569444444414,0.9569230769230769,4.077322127815275,4.053286136869835,0.003217094017094017,2.8953846153846152,707.782712893384,707.782712893384,0.08,0.07999999999999999,0.0,0.0,409.28483281915857,409.28483281915857,3462787283.8250895,3462787283.8250895,1.0,1.0,3,3.0,5,5.0,0.0,0.0,3,3.0,0.0,0.0,4.444444444444444e-05,4.444444444444444e-05,2.8953846153846152,3,6,MST,shell,6,1170000,105300000,106470000,106470000
LSC-MST-shell,20261140,0.96,0.5076754644686647,0.6136377271880297,4,1.1176126937432254,3.0575461843878475,-0.5835514418418517,-0.25010881389074,0.6348910962216562,0.24122930988323396,0.12000564264278349,4.1285263965037435,0.9285263965037434,0.7820414020380756,0.5466666666666666,0.15,0.05333333333333334,0.25,0.5466666666666666,0.20222222222222222,0.05444444444444444,0.19666666666666666,0.5598976866908869,1.412953215714527,0.419297456277668,29.285232234781304,0.12901644989074199,0.12638630682617621,0.002630143064565793,2.0950318700678907,2.0934520412325632,66.81450049701479,0.06469832745514921,0.005902777777777778,0.8811111111111111,0.11888888888888893,0.5625850903618972,1.0028725735507709,0.08,0.6191677175283733,0.13240857503152584,0.03909205548549811,0.20933165195460277,0.0009272569444444414,0.004427083333333333,0.0009272569444444414,0.9569230769230769,4.077322127815275,4.053286136869835,0.003217094017094017,2.8953846153846152,707.782712893384,707.782712893384,0.08,0.07999999999999999,0.0,0.0,409.28483281915857,409.28483281915857,3462787283.8250895,3462787283.8250895,1.0,1.0,3,3.0,5,5.0,0.0,0.0,3,3.0,0.0,0.0,4.444444444444444e-05,4.444444444444444e-05,2.8953846153846152,3,6,MST,shell,6,1170000,105300000,106470000,106470000
LSC-MST-shell,20261140,1.0,0.4987865755797758,0.603642133707204,4,1.12322132987638,3.07474302873791,-0.5606202653611622,-0.23875645547284882,0.6093436854219287,0.24256596324361476,0.11900618864578531,4.094058222421777,0.8940582224217772,0.7551656766044234,0.54,0.14777777777777779,0.05444444444444444,0.2577777777777778,0.5411111111111111,0.1922222222222222,0.05555555555555555,0.2111111111111111,0.5443421311353314,1.4087302904162275,0.4185093680030503,29.51532199137901,0.12793931945068054,0.12525836258717366,0.0026809568635068805,2.0838662588080124,2.082300529275673,66.45620519549594,0.0654205850886314,0.004930555555555555,0.8855555555555555,0.11444444444444446,0.5462660123565777,1.0028725735507709,0.08,0.6047678795483061,0.13048933500627352,0.04767879548306148,0.21706398996235884,0.0009272569444444414,0.004427083333333333,0.0009272569444444414,0.9569230769230769,4.077322127815275,4.053286136869835,0.003217094017094017,2.8953846153846152,707.782712893384,707.782712893384,0.08,0.07999999999999999,0.0,0.0,409.28483281915857,409.28483281915857,3462787283.8250895,3462787283.8250895,1.0,1.0,3,3.0,5,5.0,0.0,0.0,3,3.0,0.0,0.0,4.444444444444444e-05,4.444444444444444e-05,2.8953846153846152,3,6,MST,shell,6,1170000,105300000,106470000,106470000
LSC-MST-shell,20261140,1.04,0.49211990891310914,0.5905539079884731,4,1.1158902768861532,3.0522843481371758,-0.5493118824240892,-0.2122479837031871,0.588891119612416,0.24133445810059287,0.11097360371534981,4.074015538130642,0.8740155381306423,0.7565520072953218,0.5311111111111111,0.15,0.04555555555555556,0.2733333333333333,0.5311111111111111,0.2011111111111111,0.04777777777777778,0.22,0.5432310200242203,1.398634854744519,0.41920029500887557,29.262195009854466,0.12731298556658258,0.12475132659518981,0.0025616589713927515,2.054621395379344,2.053062003796904,65.52396212198455,0.06375118739195844,0.005277777777777778,0.8766666666666667,0.1233333333333333,0.543581674861567,1.0028725735507709,0.08,0.6007604562737643,0.13181242078580482,0.04055766793409379,0.22686945500633712,0.0009272569444444414,0.004427083333333333,0.0009272569444444414,0.9569230769230769,4.077322127815275,4.053286136869835,0.003217094017094017,2.8953846153846152,707.782712893384,707.782712893384,0.08,0.07999999999999999,0.0,0.0,409.28483281915857,409.28483281915857,3462787283.8250895,3462787283.8250895,1.0,1.0,3,3.0,5,5.0,0.0,0.0,3,3.0,0.0,0.0,4.444444444444444e-05,4.444444444444444e-05,2.8953846153846152,3,6,MST,shell,6,1170000,105300000,106470000,106470000
LSC-MST-shell,20261140,1.08,0.47989768669088695,0.5752237664740634,4,1.136664546696417,3.1163565490290903,-0.5262038306348032,-0.18879232686960112,0.5590465222676724,0.24153873369879839,0.11059020545627808,4.075766042917276,0.8757660429172756,0.8655700574141854,0.5177777777777778,0.1511111111111111,0.052222222222222225,0.2788888888888889,0.5177777777777778,0.2088888888888889,0.052222222222222225,0.22111111111111112,0.5376754644686647,1.4003173566638762,0.41895473121255067,29.1164630145542,0.12736768884116487,0.12472164034089196,0.002646048500272913,2.0588142703339303,2.057255249829669,65.6600846814268,0.06345721425265499,0.004791666666666666,0.8777777777777778,0.12222222222222223,0.5236670256500993,1.0028725735507709,0.08,0.5873417721518988,0.12531645569620253,0.04810126582278481,0.23924050632911392,0.0009272569444444414,0.004427083333333333,0.0009272569444444414,0.9569230769230769,4.077322127815275,4.053286136869835,0.003217094017094017,2.8953846153846152,707.782712893384,707.782712893384,0.08,0.07999999999999999,0.0,0.0,409.28483281915857,409.28483281915857,3462787283.8250895,3462787283.8250895,1.0,1.0,3,3.0,5,5.0,0.0,0.0,3,3.0,0.0,0.0,4.444444444444444e-05,4.444444444444444e-05,2.8953846153846152,3,6,MST,shell,6,1170000,105300000,106470000,106470000
LSC-MST-shell,20261140,1.12,0.4721199089131092,0.5676801751617352,4,1.1459358276503928,3.1453835168132405,-0.5111749595649311,-0.1765743923027099,0.5408126804201988,0.24134031488993735,0.10957267296939739,4.0484871503032,0.8484871503031997,0.7555560007143866,0.5122222222222222,0.14888888888888888,0.056666666666666664,0.2822222222222222,0.5122222222222222,0.20777777777777778,0.058888888888888886,0.22111111111111112,0.5310087978019981,1.3982320115450269,0.41754259396631066,28.828796861986064,0.126515223446975,0.12397682715924693,0.002538396287728076,2.052066608574486,2.050516898234995,65.44456794569464,0.06309934905051988,0.006597222222222222,0.8744444444444445,0.12555555555555553,0.5187597507880208,1.0028725735507709,0.08,0.5806861499364676,0.12706480304955528,0.05082592121982211,0.241423125794155,0.0009272569444444414,0.004427083333333333,0.0009272569444444414,0.9569230769230769,4.077322127815275,4.053286136869835,0.003217094017094017,2.8953846153846152,707.782712893384,707.782712893384,0.08,0.07999999999999999,0.0,0.0,409.28483281915857,409.28483281915857,3462787283.8250895,3462787283.8250895,1.0,1.0,3,3.0,5,5.0,0.0,0.0,3,3.0,0.0,0.0,4.444444444444444e-05,4.444444444444444e-05,2.8953846153846152,3,6,MST,shell,6,1170000,105300000,106470000,106470000
LSC-MST-shell,20261140,1.16,0.4565643533575535,0.5477978248755268,4,1.159963910672636,3.1898181556472363,-0.48847950137980667,-0.16151754648107208,0.5144901758921442,0.24333657126125227,0.09583444133279202,4.063475969444502,0.8634759694445018,0.7922753628275032,0.49666666666666665,0.14888888888888888,0.06,0.29444444444444445,0.49666666666666665,0.21666666666666667,0.06111111111111111,0.22555555555555556,0.5243421311353313,1.3930421797504753,0.41778857902504873,29.06227562011651,0.1269836240451407,0.12441347631072047,0.0025701477344202282,2.038392791744026,2.036837623290142,65.00435602805827,0.0645497702763825,0.006388888888888889,0.8722222222222222,0.12777777777777777,0.5001807723242909,1.0028725735507709,0.08,0.5630573248407643,0.12611464968152866,0.05732484076433121,0.2535031847133758,0.0009272569444444414,0.004427083333333333,0.0009272569444444414,0.9569230769230769,4.077322127815275,4.053286136869835,0.003217094017094017,2.8953846153846152,707.782712893384,707.782712893384,0.08,0.07999999999999999,0.0,0.0,409.28483281915857,409.28483281915857,3462787283.8250895,3462787283.8250895,1.0,1.0,3,3.0,5,5.0,0.0,0.0,3,3.0,0.0,0.0,4.444444444444444e-05,4.444444444444444e-05,2.8953846153846152,3,6,MST,shell,6,1170000,105300000,106470000,106470000
LSC-MST-shell,20261140,1.2,0.44211990891310915,0.529114694504056,4,1.170547880421978,3.223758388880762,-0.46311825034301046,-0.1330724261297885,0.48185763913923757,0.24582551558282495,0.09214031157828344,4.074729876117442,0.874729876117442,0.7702680191061504,0.4822222222222222,0.14888888888888888,0.06222222222222222,0.30666666666666664,0.4822222222222222,0.21777777777777776,0.06444444444444444,0.23555555555555555,0.5110087978019979,1.38432222885637,0.41426063563260285,29.660520528741543,0.12733530862867007,0.12477741357840345,0.002557895050266601,2.016111587499538,2.0145518698298077,64.28918911866192,0.06470792235878844,0.005555555555555556,0.8677777777777778,0.13222222222222224,0.48322390663682513,1.0028725735507709,0.08,0.5454545454545454,0.1267605633802817,0.06017925736235595,0.2676056338028169,0.0009272569444444414,0.004427083333333333,0.0009272569444444414,0.9569230769230769,4.077322127815275,4.053286136869835,0.003217094017094017,2.8953846153846152,707.782712893384,707.782712893384,0.08,0.07999999999999999,0.0,0.0,409.28483281915857,409.28483281915857,3462787283.8250895,3462787283.8250895,1.0,1.0,3,3.0,5,5.0,0.0,0.0,3,3.0,0.0,0.0,4.444444444444444e-05,4.444444444444444e-05,2.8953846153846152,3,6,MST,shell,6,1170000,105300000,106470000,106470000
LSC-MST-shell,20261140,1.24,0.43656435335755356,0.5157882673184311,4,1.1731809181635575,3.232257851180443,-0.44009446673682534,-0.10435541862668389,0.4522976818966915,0.24452066151576243,0.08995987136735834,4.11148220640526,0.9114822064052595,0.719825891676994,0.47,0.15555555555555556,0.057777777777777775,0.31666666666666665,0.4711111111111111,0.2222222222222222,0.057777777777777775,0.24888888888888888,0.5043421311353313,1.3804254805191587,0.4156792553426133,29.521389971889533,0.12848381895016436,0.1259105301114859,0.0025732888386784908,2.004823087928634,2.0032492063022405,63.93052322971855,0.06355190240254424,0.004722222222222222,0.8711111111111111,0.12888888888888894,0.47299859372036535,1.0028725735507709,0.08,0.5293367346938775,0.1326530612244898,0.05739795918367347,0.28061224489795916,0.0009272569444444414,0.004427083333333333,0.0009272569444444414,0.9569230769230769,4.077322127815275,4.053286136869835,0.003217094017094017,2.8953846153846152,707.782712893384,707.782712893384,0.08,0.07999999999999999,0.0,0.0,409.28483281915857,409.28483281915857,3462787283.8250895,3462787283.8250895,1.0,1.0,3,3.0,5,5.0,0.0,0.0,3,3.0,0.0,0.0,4.444444444444444e-05,4.444444444444444e-05,2.8953846153846152,3,6,MST,shell,6,1170000,105300000,106470000,106470000
LSC-MST-shell,20261140,1.28,0.431008797801998,0.5087127764805971,4,1.170202482561769,3.2226451019059486,-0.4316902997208283,-0.09053152944061747,0.44108102735882376,0.24062442954507898,0.08570461970794532,4.075098068402815,0.8750980684028145,0.7353834561436222,0.46555555555555556,0.15444444444444444,0.05555555555555555,0.3244444444444444,0.46555555555555556,0.2222222222222222,0.056666666666666664,0.25555555555555554,0.4987865755797758,1.3771675841756608,0.41757255985313924,28.359163964803216,0.12734681463758796,0.12497116762019174,0.002375647017396231,1.9923546398307588,1.9907925002355067,63.526814153415565,0.06519908184925044,0.0043055555555555555,0.8755555555555555,0.12444444444444447,0.46836920389336856,1.0028725735507709,0.08,0.5215736040609137,0.13578680203045684,0.05964467005076142,0.282994923857868,0.0009272569444444414,0.004427083333333333,0.0009272569444444414,0.9569230769230769,4.077322127815275,4.053286136869835,0.003217094017094017,2.8953846153846152,707.782712893384,707.782712893384,0.08,0.07999999999999999,0.0,0.0,409.28483281915857,409.28483281915857,3462787283.8250895,3462787283.8250895,1.0,1.0,3,3.0,5,5.0,0.0,0.0,3,3.0,0.0,0.0,4.444444444444444e-05,4.444444444444444e-05,2.8953846153846152,3,6,MST,shell,6,1170000,105300000,106470000,106470000
LSC-MST-shell,20261140,1.32,0.4198976866908869,0.49296931435668373,4,1.187118546224455,3.277623267679543,-0.4091103288027076,-0.05913115148162935,0.4133615296669521,0.24215233538889935,0.09275215896420114,4.05698935114814,0.8569893511481395,0.7606603912993845,0.45111111111111113,0.15777777777777777,0.06111111111111111,0.33,0.45,0.22333333333333333,0.06111111111111111,0.26555555555555554,0.48434213113533137,1.3706582848865878,0.4170948727955017,28.354719022854695,0.12678091722337936,0.12445951785832081,0.002321399365058547,1.9743779236026275,1.9728221796293983,62.95400418798924,0.06472343371933166,0.0043055555555555555,0.87,0.13,0.4546869587215382,1.0028725735507709,0.08,0.5095785440613027,0.13409961685823754,0.05874840357598978,0.29757343550446996,0.0009272569444444414,0.004427083333333333,0.0009272569444444414,0.9569230769230769,4.077322127815275,4.053286136869835,0.003217094017094017,2.8953846153846152,707.782712893384,707.782712893384,0.08,0.07999999999999999,0.0,0.0,409.28483281915857,409.28483281915857,3462787283.8250895,3462787283.8250895,1.0,1.0,3,3.0,5,5.0,0.0,0.0,3,3.0,0.0,0.0,4.444444444444444e-05,4.444444444444444e-05,2.8953846153846152,3,6,MST,shell,6,1170000,105300000,106470000,106470000
LSC-MST-shell,20261140,1.36,0.40211990891310917,0.47080232591970606,4,1.2012213440723043,3.3241744051461612,-0.38882992349248396,-0.02995456998383463,0.3899820324913531,0.24575994586759975,0.1032356270113457,4.082419815760392,0.8824198157603922,0.7710405590559936,0.43333333333333335,0.15777777777777777,0.06666666666666667,0.3422222222222222,0.43333333333333335,0.2311111111111111,0.06666666666666667,0.2688888888888889,0.4754532422464425,1.3631729539123032,0.4141357878789744,28.33216666472893,0.12757561924251226,0.12519791776583103,0.002377701476681229,1.953773866397073,1.9522088924249998,62.29691273936875,0.0641535209719971,0.00625,0.8588888888888889,0.14111111111111108,0.44878370077741847,1.0028725735507709,0.08,0.49159120310478654,0.1461836998706339,0.06338939197930142,0.2988357050452781,0.0009272569444444414,0.004427083333333333,0.0009272569444444414,0.9569230769230769,4.077322127815275,4.053286136869835,0.003217094017094017,2.8953846153846152,707.782712893384,707.782712893384,0.08,0.07999999999999999,0.0,0.0,409.28483281915857,409.28483281915857,3462787283.8250895,3462787283.8250895,1.0,1.0,3,3.0,5,5.0,0.0,0.0,3,3.0,0.0,0.0,4.444444444444444e-05,4.444444444444444e-05,2.8953846153846152,3,6,MST,shell,6,1170000,105300000,106470000,106470000
LSC-MST-shell,20261140,1.4000000000000001,0.3898976866908869,0.46041452880734707,4,1.2042296002954294,3.3341894298146695,-0.37217162845239354,-0.022339167012273262,0.37284146685650293,0.24722967041327845,0.11300263679278193,4.0699862622852425,0.8699862622852423,0.7749168876784646,0.42777777777777776,0.1511111111111111,0.07111111111111111,0.35,0.42777777777777776,0.22444444444444445,0.07333333333333333,0.27444444444444444,0.46323102002422023,1.3557537312181087,0.4143149955630222,28.03832210169496,0.12718707069641383,0.12482526857669503,0.002361802119718799,1.9326531257676878,1.931092809910479,61.622013960947854,0.06409436228641294,0.005555555555555556,0.8588888888888889,0.14111111111111108,0.4371407512301998,1.0028725735507709,0.08,0.48382923673997413,0.1423027166882277,0.0685640362225097,0.3053040103492885,0.0009272569444444414,0.004427083333333333,0.0009272569444444414,0.9569230769230769,4.077322127815275,4.053286136869835,0.003217094017094017,2.8953846153846152,707.782712893384,707.782712893384,0.08,0.07999999999999999,0.0,0.0,409.28483281915857,409.28483281915857,3462787283.8250895,3462787283.8250895,1.0,1.0,3,3.0,5,5.0,0.0,0.0,3,3.0,0.0,0.0,4.444444444444444e-05,4.444444444444444e-05,2.8953846153846152,3,6,MST,shell,6,1170000,105300000,106470000,106470000
LSC-MST-shell,20261140,1.44,0.38434213113533133,0.454912719829267,4,1.2111061850377545,3.357196279590686,-0.356273109855066,-0.019634642916778907,0.3568137441414907,0.24409052207215326,0.12284504453796896,4.0410018151675065,0.8410018151675063,0.7661171135378609,0.42333333333333334,0.15,0.07555555555555556,0.3511111111111111,0.4222222222222222,0.22,0.07555555555555556,0.2822222222222222,0.4532310200242202,1.3527454858092292,0.41703157724166773,27.311400896365328,0.12628130672398458,0.12388734528765093,0.00239396143633366,1.9222522341171822,1.9207036423010864,61.2885912697084,0.06401958353904807,0.006111111111111111,0.8588888888888889,0.14111111111111108,0.4293787848653874,1.0028725735507709,0.08,0.48124191461837,0.1371280724450194,0.0724450194049159,0.3091849935316947,0.0009272569444444414,0.004427083333333333,0.0009272569444444414,0.9569230769230769,4.077322127815275,4.053286136869835,0.003217094017094017,2.8953846153846152,707.782712893384,707.782712893384,0.08,0.07999999999999999,0.0,0.0,409.28483281915857,409.28483281915857,3462787283.8250895,3462787283.8250895,1.0,1.0,3,3.0,5,5.0,0.0,0.0,3,3.0,0.0,0.0,4.444444444444444e-05,4.444444444444444e-05,2.8953846153846152,3,6,MST,shell,6,1170000,105300000,106470000,106470000
LSC-MST-shell,20261140,1.48,0.37767546446866473,0.44662240713286816,4,1.2156539406292504,3.372498757333388,-0.3287068009962886,-0.01567151359594452,0.32908016859057576,0.2453985500666016,0.11969971915262385,4.041161367143965,0.8411613671439646,0.7824856745514113,0.4166666666666667,0.15,0.07777777777777778,0.35555555555555557,0.4166666666666667,0.21888888888888888,0.07777777777777778,0.2866666666666667,0.4465643533575536,1.3553456598599092,0.41386144019496274,28.50852461540704,0.1262862927232489,0.1239710486617919,0.0023152440614570215,1.933022937940871,1.9314732998325983,61.63363190797562,0.06389234978854819,0.0034027777777777776,0.8644444444444445,0.13555555555555554,0.420263296516651,1.0028725735507709,0.08,0.4717223650385604,0.13753213367609254,0.07326478149100257,0.31748071979434445,0.0009272569444444414,0.004427083333333333,0.0009272569444444414,0.9569230769230769,4.077322127815275,4.053286136869835,0.003217094017094017,2.8953846153846152,707.782712893384,707.782712893384,0.08,0.07999999999999999,0.0,0.0,409.28483281915857,409.28483281915857,3462787283.8250895,3462787283.8250895,1.0,1.0,3,3.0,5,5.0,0.0,0.0,3,3.0,0.0,0.0,4.444444444444444e-05,4.444444444444444e-05,2.8953846153846152,3,6,MST,shell,6,1170000,105300000,106470000,106470000
LSC-MST-shell,20261140,1.52,0.36989768669088685,0.43560767098356784,4,1.2299593444400887,3.421090447114684,-0.3108809258692992,0.004302449312616727,0.3109106964056406,0.2457544512947743,0.12371213705836565,4.073458985223673,0.8734589852236727,0.7889975500542183,0.40555555555555556,0.15333333333333332,0.08444444444444445,0.3566666666666667,0.4066666666666667,0.22111111111111112,0.08333333333333333,0.28888888888888886,0.43878657557977585,1.3511943265535091,0.41476034496250846,27.899474384835585,0.12729559328823978,0.12510946622123648,0.0021861270670032957,1.9198356774729912,1.9182718091452255,61.2131828980161,0.06335669409653306,0.004930555555555555,0.86,0.14,0.4130759812645303,1.0028725735507709,0.08,0.4599483204134367,0.1421188630490956,0.07751937984496124,0.32041343669250644,0.0009272569444444414,0.004427083333333333,0.0009272569444444414,0.9569230769230769,4.077322127815275,4.053286136869835,0.003217094017094017,2.8953846153846152,707.782712893384,707.782712893384,0.08,0.07999999999999999,0.0,0.0,409.28483281915857,409.28483281915857,3462787283.8250895,3462787283.8250895,1.0,1.0,3,3.0,5,5.0,0.0,0.0,3,3.0,0.0,0.0,4.444444444444444e-05,4.444444444444444e-05,2.8953846153846152,3,6,MST,shell,6,1170000,105300000,106470000,106470000
LSC-MST-shell,20261140,1.56,0.3587865755797758,0.42192666058993106,4,1.2316321850171073,3.4268181754847795,-0.2896543843380896,0.019678249759250352,0.29032205544854006,0.24628171863535053,0.12102963706069722,4.115844758822616,0.9158447588226162,0.7576170653065949,0.39555555555555555,0.15222222222222223,0.08555555555555555,0.36666666666666664,0.39666666666666667,0.21666666666666667,0.08555555555555555,0.3011111111111111,0.42434213113533137,1.3532374745964948,0.41326244336375806,28.009912616725856,0.12862014871320676,0.12641515756040128,0.0022049911528054865,1.925792082849407,1.924211893379902,61.40104446654613,0.06291605611947883,0.005416666666666667,0.8666666666666667,0.1333333333333333,0.4033164901096903,1.0028725735507709,0.08,0.45,0.1423076923076923,0.07948717948717948,0.3282051282051282,0.0009272569444444414,0.004427083333333333,0.0009272569444444414,0.9569230769230769,4.077322127815275,4.053286136869835,0.003217094017094017,2.8953846153846152,707.782712893384,707.782712893384,0.08,0.07999999999999999,0.0,0.0,409.28483281915857,409.28483281915857,3462787283.8250895,3462787283.8250895,1.0,1.0,3,3.0,5,5.0,0.0,0.0,3,3.0,0.0,0.0,4.444444444444444e-05,4.444444444444444e-05,2.8953846153846152,3,6,MST,shell,6,1170000,105300000,106470000,106470000
LSC-MST-shell,20261140,1.6,0.34211990891310917,0.40518420168147373,4,1.2151364681580112,3.3707540335293826,-0.26856988490065137,0.03464100812853661,0.2707947239510225,0.24365708063805794,0.12375616390646735,4.060124089992932,0.8601240899929321,0.7946781724152795,0.3877777777777778,0.14333333333333334,0.08,0.3888888888888889,0.3877777777777778,0.21666666666666667,0.08222222222222222,0.31333333333333335,0.4154532422464424,1.3495688656103182,0.4148961644415565,27.412468091311908,0.12687887781227913,0.12462335943946094,0.0022555183728181884,1.9139642025629142,1.912406410569921,61.02400274592215,0.06276163321915355,0.0044444444444444444,0.8711111111111111,0.12888888888888894,0.3926414508632225,1.0028725735507709,0.08,0.4387755102040816,0.14285714285714285,0.08290816326530612,0.3354591836734694,0.0009272569444444414,0.004427083333333333,0.0009272569444444414,0.9569230769230769,4.077322127815275,4.053286136869835,0.003217094017094017,2.8953846153846152,707.782712893384,707.782712893384,0.08,0.07999999999999999,0.0,0.0,409.28483281915857,409.28483281915857,3462787283.8250895,3462787283.8250895,1.0,1.0,3,3.0,5,5.0,0.0,0.0,3,3.0,0.0,0.0,4.444444444444444e-05,4.444444444444444e-05,2.8953846153846152,3,6,MST,shell,6,1170000,105300000,106470000,106470000
LSC-MST-shell,20261140,1.6400000000000001,0.33545324224644246,0.39096772967188653,4,1.2302780714663757,3.422181014887031,-0.2423606717945622,0.06354929189116998,0.25055380207169187,0.24617808366566285,0.12474713890031747,4.054168739020224,0.8541687390202242,0.758466959130973,0.37222222222222223,0.15222222222222223,0.08444444444444445,0.39111111111111113,0.37222222222222223,0.2222222222222222,0.08444444444444445,0.3211111111111111,0.40545324224644247,1.3484575963716467,0.4140450533887188,27.600045379814233,0.126692773094382,0.12447376851468937,0.0022190045796926434,1.9115713536885963,1.9100154315821627,60.9468169927782,0.06342404276993392,0.005347222222222222,0.8688888888888889,0.13111111111111107,0.3736686443493126,1.0028725735507709,0.08,0.42327365728900257,0.13938618925831203,0.08823529411764706,0.3491048593350384,0.0009272569444444414,0.004427083333333333,0.0009272569444444414,0.9569230769230769,4.077322127815275,4.053286136869835,0.003217094017094017,2.8953846153846152,707.782712893384,707.782712893384,0.08,0.07999999999999999,0.0,0.0,409.28483281915857,409.28483281915857,3462787283.8250895,3462787283.8250895,1.0,1.0,3,3.0,5,5.0,0.0,0.0,3,3.0,0.0,0.0,4.444444444444444e-05,4.444444444444444e-05,2.8953846153846152,3,6,MST,shell,6,1170000,105300000,106470000,106470000
LSC-MST-shell,20261140,1.68,0.3198976866908869,0.37325653595772634,4,1.2277203368237775,3.413439168379606,-0.2189746229768273,0.09068395421605775,0.23700941977082635,0.24646813849389265,0.13435219320187247,4.029456000815017,0.8294560008150169,0.7854644509037281,0.36,0.14888888888888888,0.08555555555555555,0.40555555555555556,0.36,0.21777777777777776,0.08555555555555555,0.33666666666666667,0.3887865755797758,1.3439803554480354,0.4145104591593607,27.029427017879044,0.12592050002546928,0.12392842955394216,0.001992070471527118,1.8976178873896117,1.8960687820201874,60.50400496835518,0.062112675696897594,0.00375,0.8688888888888889,0.13111111111111107,0.36088092056414633,1.0028725735507709,0.08,0.41048593350383633,0.13938618925831203,0.08567774936061381,0.36445012787723785,0.0009272569444444414,0.004427083333333333,0.0009272569444444414,0.9569230769230769,4.077322127815275,4.053286136869835,0.003217094017094017,2.8953846153846152,707.782712893384,707.782712893384,0.08,0.07999999999999999,0.0,0.0,409.28483281915857,409.28483281915857,3462787283.8250895,3462787283.8250895,1.0,1.0,3,3.0,5,5.0,0.0,0.0,3,3.0,0.0,0.0,4.444444444444444e-05,4.444444444444444e-05,2.8953846153846152,3,6,MST,shell,6,1170000,105300000,106470000,106470000
LSC-MST-shell,20261140,1.72,0.31545324224644244,0.36554560806555153,4,1.2334353991704519,3.433003037158924,-0.20374523182497922,0.10034173349601967,0.2271135904616914,0.24635648680236505,0.13704176936866397,4.044133921229533,0.8441339212295329,0.8393114788568452,0.3522222222222222,0.15222222222222223,0.08777777777777777,0.4077777777777778,0.3522222222222222,0.22,0.08888888888888889,0.3388888888888889,0.3832310200242202,1.3427889825170551,0.41485093277076346,26.793297924163966,0.1263791850384229,0.1243902504778913,0.0019889345605316024,1.8937738940464914,1.8922190159155177,60.37796184263038,0.06402342734624747,0.0059722222222222225,0.8622222222222222,0.13777777777777778,0.3470912720288022,1.0028725735507709,0.08,0.4007731958762887,0.13530927835051546,0.08505154639175258,0.3788659793814433,0.0009272569444444414,0.004427083333333333,0.0009272569444444414,0.9569230769230769,4.077322127815275,4.053286136869835,0.003217094017094017,2.8953846153846152,707.782712893384,707.782712893384,0.08,0.07999999999999999,0.0,0.0,409.28483281915857,409.28483281915857,3462787283.8250895,3462787283.8250895,1.0,1.0,3,3.0,5,5.0,0.0,0.0,3,3.0,0.0,0.0,4.444444444444444e-05,4.444444444444444e-05,2.8953846153846152,3,6,MST,shell,6,1170000,105300000,106470000,106470000
LSC-MST-shell,20261140,1.76,0.30545324224644244,0.356156899184744,4,1.211664476237463,3.359071096027338,-0.19410738843882602,0.1261260734302868,0.23148534434275397,0.24778472950191674,0.14008016686222477,4.083885987212925,0.883885987212925,0.7754282548576983,0.3488888888888889,0.14555555555555555,0.07888888888888888,0.4266666666666667,0.3488888888888889,0.21888888888888888,0.07888888888888888,0.35333333333333333,0.3787865755797758,1.3407248687972515,0.41320043958473096,27.131400047344343,0.1276214371004039,0.1257822809532862,0.0018391561471177325,1.889405829177292,1.8878335506653758,60.23452156669946,0.0651787901940653,0.005833333333333334,0.8566666666666667,0.1433333333333333,0.3363006265957723,1.0028725735507709,0.08,0.39948119325551235,0.125810635538262,0.08300907911802853,0.39169909208819714,0.0009272569444444414,0.004427083333333333,0.0009272569444444414,0.9569230769230769,4.077322127815275,4.053286136869835,0.003217094017094017,2.8953846153846152,707.782712893384,707.782712893384,0.08,0.07999999999999999,0.0,0.0,409.28483281915857,409.28483281915857,3462787283.8250895,3462787283.8250895,1.0,1.0,3,3.0,5,5.0,0.0,0.0,3,3.0,0.0,0.0,4.444444444444444e-05,4.444444444444444e-05,2.8953846153846152,3,6,MST,shell,6,1170000,105300000,106470000,106470000
LSC-MST-shell,20261140,1.8,0.2921199089131091,0.34428163653224975,4,1.2046283321868134,3.335519142554073,-0.1610994095718606,0.1422760676618332,0.21493138252409,0.24456012449920506,0.14030394609777258,4.02448809208513,0.8244880920851294,0.7739613753408062,0.3422222222222222,0.1388888888888889,0.08,0.4388888888888889,0.3422222222222222,0.21222222222222223,0.08,0.3655555555555556,0.3654532422464425,1.3418066643696673,0.4158122390074771,26.108774925733726,0.1257652528776603,0.12395087173329931,0.001814381144360987,1.888971414358604,1.8874220284619379,60.225121478072694,0.06403501680421486,0.0038888888888888888,0.8611111111111112,0.13888888888888884,0.3206862171568367,1.0028725735507709,0.08,0.3870967741935484,0.12258064516129032,0.07870967741935483,0.41161290322580646,0.0009272569444444414,0.004427083333333333,0.0009272569444444414,0.9569230769230769,4.077322127815275,4.053286136869835,0.003217094017094017,2.8953846153846152,707.782712893384,707.782712893384,0.08,0.07999999999999999,0.0,0.0,409.28483281915857,409.28483281915857,3462787283.8250895,3462787283.8250895,1.0,1.0,3,3.0,5,5.0,0.0,0.0,3,3.0,0.0,0.0,4.444444444444444e-05,4.444444444444444e-05,2.8953846153846152,3,6,MST,shell,6,1170000,105300000,106470000,106470000
LSC-MST-shell,20261140,1.84,0.2798976866908869,0.3309783488519193,4,1.2086360366717657,3.3489137404480336,-0.1376989763681136,0.15609795745627908,0.2081527814247234,0.2453864319572366,0.1525665462323002,4.045487638670332,0.845487638670332,0.7619465699119561,0.3322222222222222,0.13666666666666666,0.08555555555555555,0.44555555555555554,0.3322222222222222,0.21,0.08666666666666667,0.3711111111111111,0.35323102002422024,1.3354006931327294,0.41568065443633184,26.367410948703025,0.12642148870844788,0.1247327249660487,0.0016887637423991912,1.872673842143856,1.8711146830817804,59.70218145389028,0.06344667673171389,0.0042361111111111115,0.8677777777777778,0.13222222222222224,0.30845514894490206,1.0028725735507709,0.08,0.3764404609475032,0.11907810499359796,0.07810499359795134,0.4263764404609475,0.0009272569444444414,0.004427083333333333,0.0009272569444444414,0.9569230769230769,4.077322127815275,4.053286136869835,0.003217094017094017,2.8953846153846152,707.782712893384,707.782712893384,0.08,0.07999999999999999,0.0,0.0,409.28483281915857,409.28483281915857,3462787283.8250895,3462787283.8250895,1.0,1.0,3,3.0,5,5.0,0.0,0.0,3,3.0,0.0,0.0,4.444444444444444e-05,4.444444444444444e-05,2.8953846153846152,3,6,MST,shell,6,1170000,105300000,106470000,106470000
LSC-MST-shell,20261140,1.8800000000000001,0.27767546446866465,0.3271058889553974,4,1.201448298553294,3.324928927040824,-0.1221129388401983,0.1666714605580827,0.20661787337196783,0.24347042641637726,0.15477453061412863,4.04791345645386,0.8479134564538597,0.7601670197062765,0.3288888888888889,0.13777777777777778,0.0811111111111111,0.45222222222222225,0.3288888888888889,0.2111111111111111,0.08222222222222222,0.37777777777777777,0.351008797801998,1.3340208063554222,0.4145119122066344,26.293089937715237,0.12649729551418312,0.12473172616115391,0.0017655693530291953,1.86875782767616,1.8671986810991454,59.576877371024985,0.0640079309620641,0.005,0.8677777777777778,0.13222222222222224,0.3065273637430992,1.0028725735507709,0.08,0.3713188220230474,0.12419974391805377,0.07682458386683738,0.42765685019206146,0.0009272569444444414,0.004427083333333333,0.0009272569444444414,0.9569230769230769,4.077322127815275,4.053286136869835,0.003217094017094017,2.8953846153846152,707.782712893384,707.782712893384,0.08,0.07999999999999999,0.0,0.0,409.28483281915857,409.28483281915857,3462787283.8250895,3462787283.8250895,1.0,1.0,3,3.0,5,5.0,0.0,0.0,3,3.0,0.0,0.0,4.444444444444444e-05,4.444444444444444e-05,2.8953846153846152,3,6,MST,shell,6,1170000,105300000,106470000,106470000
LSC-MST-shell,20261140,1.92,0.27323102002422023,0.32268188210703524,4,1.2084037395099778,3.3481358876410527,-0.10517591411499233,0.16464640069875575,0.19537249082964434,0.24252346449038037,0.15733696391685217,4.073400293639212,0.8734002936392118,0.7699339489313647,0.32555555555555554,0.13666666666666666,0.08666666666666667,0.45111111111111113,0.32555555555555554,0.20555555555555555,0.08777777777777777,0.3811111111111111,0.3421199089131091,1.333053195671616,0.4125584316748695,26.36984029663587,0.12729375917622537,0.12556443776695017,0.001729321409275205,1.866539822281445,1.8649702668093584,59.501970349353456,0.06501904682331613,0.0059722222222222225,0.86,0.14,0.3041077112532128,1.0028725735507709,0.08,0.37209302325581395,0.1111111111111111,0.08010335917312661,0.43669250645994834,0.0009272569444444414,0.004427083333333333,0.0009272569444444414,0.9569230769230769,4.077322127815275,4.053286136869835,0.003217094017094017,2.8953846153846152,707.782712893384,707.782712893384,0.08,0.07999999999999999,0.0,0.0,409.28483281915857,409.28483281915857,3462787283.8250895,3462787283.8250895,1.0,1.0,3,3.0,5,5.0,0.0,0.0,3,3.0,0.0,0.0,4.444444444444444e-05,4.444444444444444e-05,2.8953846153846152,3,6,MST,shell,6,1170000,105300000,106470000,106470000
LSC-MST-shell,20261140,1.96,0.25323102002422027,0.30915358931394954,4,1.1880661721949146,3.280730700718966,-0.08072280012489055,0.17414632632377378,0.191945600189401,0.24603258938588,0.16174180941973035,4.039902487755118,0.8399024877551176,0.7328179798029835,0.32,0.12222222222222222,0.08666666666666667,0.4711111111111111,0.32,0.19444444444444445,0.08777777777777777,0.3977777777777778,0.32545324224644245,1.3301418795570452,0.41235141153911703,27.032479329559607,0.12624695274234743,0.124575331386645,0.0016716213557024053,1.8607151797245438,1.8591579880822107,59.3201253650055,0.06322126717422527,0.006388888888888889,0.8544444444444445,0.14555555555555555,0.3026258713524054,1.0028725735507709,0.08,0.3706111833550065,0.10273081924577374,0.07802340702210664,0.4486345903771131,0.0009272569444444414,0.004427083333333333,0.0009272569444444414,0.9569230769230769,4.077322127815275,4.053286136869835,0.003217094017094017,2.8953846153846152,707.782712893384,707.782712893384,0.08,0.07999999999999999,0.0,0.0,409.28483281915857,409.28483281915857,3462787283.8250895,3462787283.8250895,1.0,1.0,3,3.0,5,5.0,0.0,0.0,3,3.0,0.0,0.0,4.444444444444444e-05,4.444444444444444e-05,2.8953846153846152,3,6,MST,shell,6,1170000,105300000,106470000,106470000
LSC-MST-shell,20261140,2.0,0.24868135466406552,0.3027656303329315,4,1.1677375501732172,3.214711281799611,-0.07017470187714958,0.17866751065107597,0.19195459917855331,0.24481043348732723,0.1646195291152778,4.07086745769062,0.8708674576906201,0.7412283505951405,0.31666666666666665,0.11555555555555555,0.0811111111111111,0.4866666666666667,0.31666666666666665,0.18666666666666668,0.0811111111111111,0.41555555555555557,0.3143421311353314,1.328641674956787,0.4120555615161936,26.967358288640142,0.12721460805283188,0.12573884270916294,0.0014757653436689368,1.8567261465484786,1.8551544110146139,59.18597424268738,0.06546784526310921,0.004097222222222223,0.86,0.14,0.2976477629327994,1.0028725735507709,0.08,0.36563307493540054,0.09948320413436693,0.07751937984496124,0.4573643410852713,0.0009272569444444414,0.004427083333333333,0.0009272569444444414,0.9569230769230769,4.077322127815275,4.053286136869835,0.003217094017094017,2.8953846153846152,707.782712893384,707.782712893384,0.08,0.07999999999999999,0.0,0.0,409.28483281915857,409.28483281915857,3462787283.8250895,3462787283.8250895,1.0,1.0,3,3.0,5,5.0,0.0,0.0,3,3.0,0.0,0.0,4.444444444444444e-05,4.444444444444444e-05,2.8953846153846152,3,6,MST,shell,6,1170000,105300000,106470000,106470000
LSC-MST-shell,20261140,2.04,0.24534802133073222,0.2969147777288138,4,1.1523412580126777,3.1655957167042468,-0.04558151351226851,0.18608076761362213,0.19158216631446667,0.2443685141239968,0.15458113259732886,4.042210540761678,0.8422105407616778,0.7772402597029651,0.31333333333333335,0.10888888888888888,0.07888888888888888,0.4988888888888889,0.31333333333333335,0.18222222222222223,0.08222222222222222,0.4222222222222222,0.3065643533575536,1.3331966378064068,0.4095468324937983,27.371649633777437,0.12631907939880244,0.12470088271934196,0.0016181966794604704,1.8700052031327463,1.868446442098755,59.614389765243615,0.06461065674790724,0.005,0.8633333333333333,0.13666666666666671,0.29108804707075797,1.0028725735507709,0.08,0.3590733590733591,0.09395109395109395,0.07722007722007722,0.4697554697554698,0.0009272569444444414,0.004427083333333333,0.0009272569444444414,0.9569230769230769,4.077322127815275,4.053286136869835,0.003217094017094017,2.8953846153846152,707.782712893384,707.782712893384,0.08,0.07999999999999999,0.0,0.0,409.28483281915857,409.28483281915857,3462787283.8250895,3462787283.8250895,1.0,1.0,3,3.0,5,5.0,0.0,0.0,3,3.0,0.0,0.0,4.444444444444444e-05,4.444444444444444e-05,2.8953846153846152,3,6,MST,shell,6,1170000,105300000,106470000,106470000
LSC-MST-shell,20261140,2.08,0.24090357688628777,0.29169864919757715,4,1.158006287476864,3.183579801800807,-0.03428055117976408,0.2002672685692599,0.20318005573722148,0.24477375181607605,0.16142266077315276,4.026936199481259,0.826936199481259,0.7950878767326528,0.3088888888888889,0.11,0.08222222222222222,0.4988888888888889,0.3088888888888889,0.17666666666666667,0.08333333333333333,0.4311111111111111,0.2965643533575536,1.330777875726815,0.41000151615710145,26.48874400847326,0.12584175623378935,0.12434921821697156,0.001492538016817783,1.8607362302903767,1.8591818650626646,59.319906545614494,0.0634707326927863,0.0045138888888888885,0.8577777777777778,0.14222222222222225,0.28823230457770976,1.0028725735507709,0.08,0.35621761658031087,0.08678756476683938,0.07772020725388601,0.4792746113989637,0.0009272569444444414,0.004427083333333333,0.0009272569444444414,0.9569230769230769,4.077322127815275,4.053286136869835,0.003217094017094017,2.8953846153846152,707.782712893384,707.782712893384,0.08,0.07999999999999999,0.0,0.0,409.28483281915857,409.28483281915857,3462787283.8250895,3462787283.8250895,1.0,1.0,3,3.0,5,5.0,0.0,0.0,3,3.0,0.0,0.0,4.444444444444444e-05,4.444444444444444e-05,2.8953846153846152,3,6,MST,shell,6,1170000,105300000,106470000,106470000
LSC-MST-shell,20261140,2.12,0.23645913244184336,0.28342500441828966,4,1.1667263422830059,3.211462183420524,-0.025956864764566205,0.18772403950314506,0.18951008900790584,0.2412039660468954,0.16462459863380172,4.044451645745368,0.8444516457453677,0.7440892397459243,0.30444444444444446,0.10333333333333333,0.09444444444444444,0.49777777777777776,0.30666666666666664,0.17444444444444446,0.09333333333333334,0.4255555555555556,0.2921199089131091,1.3306109890445905,0.4150847050682287,25.166536245045066,0.12638911392954275,0.12509227064700684,0.001296843282535898,1.856138707543081,1.8545750541599935,59.17347295782367,0.06304739861184348,0.006111111111111111,0.8577777777777778,0.14222222222222225,0.2830509574274507,1.0028725735507709,0.08,0.35103626943005184,0.08937823834196891,0.08678756476683938,0.4727979274611399,0.0009272569444444414,0.004427083333333333,0.0009272569444444414,0.9569230769230769,4.077322127815275,4.053286136869835,0.003217094017094017,2.8953846153846152,707.782712893384,707.782712893384,0.08,0.07999999999999999,0.0,0.0,409.28483281915857,409.28483281915857,3462787283.8250895,3462787283.8250895,1.0,1.0,3,3.0,5,5.0,0.0,0.0,3,3.0,0.0,0.0,4.444444444444444e-05,4.444444444444444e-05,2.8953846153846152,3,6,MST,shell,6,1170000,105300000,106470000,106470000
LSC-MST-shell,20261140,2.16,0.23534802133073224,0.28179037768179743,4,1.1644201875247029,3.204064587903752,-0.015449417727044765,0.18198570397405991,0.18264030485913804,0.24202006841265086,0.1590296860588232,4.002058976020224,0.8020589760202235,0.7466504946374509,0.30333333333333334,0.10222222222222223,0.09444444444444444,0.5,0.30333333333333334,0.1711111111111111,0.09555555555555556,0.43,0.2854532422464424,1.3323351355970459,0.4145494959727324,25.86398669790448,0.125064343000632,0.12376323587255503,0.0013011071280769647,1.8629720116914246,1.8614249712430178,59.39013990327515,0.06407141872102923,0.005625,0.86,0.14,0.27955990763564176,1.0028725735507709,0.08,0.3475452196382429,0.0917312661498708,0.0917312661498708,0.4689922480620155,0.0009272569444444414,0.004427083333333333,0.0009272569444444414,0.9569230769230769,4.077322127815275,4.053286136869835,0.003217094017094017,2.8953846153846152,707.782712893384,707.782712893384,0.08,0.07999999999999999,0.0,0.0,409.28483281915857,409.28483281915857,3462787283.8250895,3462787283.8250895,1.0,1.0,3,3.0,5,5.0,0.0,0.0,3,3.0,0.0,0.0,4.444444444444444e-05,4.444444444444444e-05,2.8953846153846152,3,6,MST,shell,6,1170000,105300000,106470000,106470000
LSC-MST-shell,20261140,2.2,0.22979246577517665,0.2740146413653657,4,1.1562057585986552,3.177852831766239,0.0067597815711507876,0.19685007766909943,0.1969661080623265,0.24549419559907948,0.15523631641882407,4.104192616248376,0.904192616248376,0.7636237815878468,0.29777777777777775,0.09777777777777778,0.09555555555555556,0.5088888888888888,0.29777777777777775,0.16444444444444445,0.09666666666666666,0.4411111111111111,0.27323102002422023,1.3332893821253469,0.41117363658838013,26.72284114573351,0.12825601925776176,0.1269262368149294,0.001329782442832373,1.8682714660254225,1.866684888065236,59.557422562195434,0.06437418823776682,0.0034027777777777776,0.8688888888888889,0.13111111111111107,0.2696105959257876,1.0028725735507709,0.08,0.3375959079283887,0.08695652173913043,0.09207161125319693,0.4833759590792839,0.0009272569444444414,0.004427083333333333,0.0009272569444444414,0.9569230769230769,4.077322127815275,4.053286136869835,0.003217094017094017,2.8953846153846152,707.782712893384,707.782712893384,0.08,0.07999999999999999,0.0,0.0,409.28483281915857,409.28483281915857,3462787283.8250895,3462787283.8250895,1.0,1.0,3,3.0,5,5.0,0.0,0.0,3,3.0,0.0,0.0,4.444444444444444e-05,4.444444444444444e-05,2.8953846153846152,3,6,MST,shell,6,1170000,105300000,106470000,106470000
LSC-MST-shell,20261140,2.24,0.22312579910851,0.26722925358345023,4,1.1561160838133318,3.1775678712728377,0.016421430243586808,0.21031257905800935,0.21095270626677526,0.24071360094284147,0.14730889836832223,4.0294066401574895,0.8294066401574893,0.7641916013007477,0.2911111111111111,0.10111111111111111,0.09444444444444444,0.5133333333333333,0.2911111111111111,0.16333333333333333,0.09777777777777778,0.4477777777777778,0.26545324224644246,1.3383790615467899,0.4148351707098833,26.248468231217643,0.12591895750492155,0.1245621278564103,0.0013568296485112544,1.880264558285477,1.878707531687272,59.94511921950143,0.06358005274082526,0.0043055555555555555,0.8733333333333333,0.1266666666666667,0.2589866981755159,1.0028725735507709,0.08,0.32697201017811706,0.08651399491094147,0.0916030534351145,0.494910941475827,0.0009272569444444414,0.004427083333333333,0.0009272569444444414,0.9569230769230769,4.077322127815275,4.053286136869835,0.003217094017094017,2.8953846153846152,707.782712893384,707.782712893384,0.08,0.07999999999999999,0.0,0.0,409.28483281915857,409.28483281915857,3462787283.8250895,3462787283.8250895,1.0,1.0,3,3.0,5,5.0,0.0,0.0,3,3.0,0.0,0.0,4.444444444444444e-05,4.444444444444444e-05,2.8953846153846152,3,6,MST,shell,6,1170000,105300000,106470000,106470000
LSC-MST-shell,20261140,2.2800000000000002,0.21423691021962107,0.2551461208127774,4,1.1546299991819229,3.1728492435025895,0.04498113845628817,0.2105611897346498,0.21531213955393907,0.24091712328342346,0.1574554290235219,4.092814924803348,0.8928149248033481,0.7641681684698832,0.2822222222222222,0.09666666666666666,0.10111111111111111,0.52,0.2822222222222222,0.16333333333333333,0.10222222222222223,0.45222222222222225,0.25656435335755357,1.3332526813304912,0.41557519719359304,26.011197917467115,0.12790046640010463,0.12647086470500507,0.001429601695099547,1.8659174592710976,1.864336573462285,59.48312658454497,0.0645670602376975,0.004722222222222222,0.8677777777777778,0.13222222222222224,0.25083671104477406,1.0028725735507709,0.08,0.31882202304737517,0.08706786171574904,0.0998719590268886,0.4942381562099872,0.0009272569444444414,0.004427083333333333,0.0009272569444444414,0.9569230769230769,4.077322127815275,4.053286136869835,0.003217094017094017,2.8953846153846152,707.782712893384,707.782712893384,0.08,0.07999999999999999,0.0,0.0,409.28483281915857,409.28483281915857,3462787283.8250895,3462787283.8250895,1.0,1.0,3,3.0,5,5.0,0.0,0.0,3,3.0,0.0,0.0,4.444444444444444e-05,4.444444444444444e-05,2.8953846153846152,3,6,MST,shell,6,1170000,105300000,106470000,106470000
LSC-MST-shell,20261140,2.32,0.20979246577517666,0.24911261307915147,4,1.1589506679757173,3.1865877325742007,0.05791006283166835,0.20743349270595343,0.21536533907144526,0.2398418035429601,0.1680703616842886,4.023188997204473,0.8231889972044728,0.7698828294295258,0.2777777777777778,0.09555555555555556,0.10666666666666667,0.52,0.2777777777777778,0.16333333333333333,0.10666666666666667,0.45222222222222225,0.2521199089131091,1.3276656459365825,0.4164249169745964,25.63222744436274,0.12572465616263978,0.12447675726779772,0.001247898894842046,1.8498203197818521,1.8482643603160047,58.96949690124287,0.06462751082864261,0.005902777777777778,0.8588888888888889,0.14111111111111108,0.24896164789390599,1.0028725735507709,0.08,0.3169469598965071,0.08020698576972833,0.10996119016817593,0.49288486416558863,0.0009272569444444414,0.004427083333333333,0.0009272569444444414,0.9569230769230769,4.077322127815275,4.053286136869835,0.003217094017094017,2.8953846153846152,707.782712893384,707.782712893384,0.08,0.07999999999999999,0.0,0.0,409.28483281915857,409.28483281915857,3462787283.8250895,3462787283.8250895,1.0,1.0,3,3.0,5,5.0,0.0,0.0,3,3.0,0.0,0.0,4.444444444444444e-05,4.444444444444444e-05,2.8953846153846152,3,6,MST,shell,6,1170000,105300000,106470000,106470000
LSC-MST-shell,20261140,2.36,0.20757024355295442,0.24428978697312728,4,1.1393799448424407,3.124830197282428,0.08467684375114289,0.21551215527286066,0.23155054942281866,0.23811753085415022,0.15915648276231742,3.9960623412464003,0.7960623412464001,0.7239927333687017,0.27555555555555555,0.08333333333333333,0.10888888888888888,0.5322222222222223,0.2777777777777778,0.14666666666666667,0.10777777777777778,0.4677777777777778,0.23545324224644246,1.3329503924655248,0.41731603779125626,25.147446502021893,0.12487694816395001,0.12381612040539315,0.0010608277585568613,1.8623655678549287,1.8608178663498616,59.37096061097005,0.06495432009002773,0.004166666666666667,0.87,0.13,0.2410823763754321,1.0028725735507709,0.08,0.3090676883780332,0.07407407407407407,0.1123882503192848,0.5044699872286079,0.0009272569444444414,0.004427083333333333,0.0009272569444444414,0.9569230769230769,4.077322127815275,4.053286136869835,0.003217094017094017,2.8953846153846152,707.782712893384,707.782712893384,0.08,0.07999999999999999,0.0,0.0,409.28483281915857,409.28483281915857,3462787283.8250895,3462787283.8250895,1.0,1.0,3,3.0,5,5.0,0.0,0.0,3,3.0,0.0,0.0,4.444444444444444e-05,4.444444444444444e-05,2.8953846153846152,3,6,MST,shell,6,1170000,105300000,106470000,106470000
LSC-MST-shell,20261140,2.4,0.2042369102196211,0.2401793314628686,4,1.144455765794197,3.1407315980598516,0.09633082341707361,0.22149359749689032,0.24153476203711527,0.23758269245673425,0.15651097517944718,4.071661229511046,0.8716612295110462,0.7696773523042039,0.2722222222222222,0.08444444444444445,0.11222222222222222,0.5311111111111111,0.2733333333333333,0.14222222222222222,0.11222222222222222,0.4722222222222222,0.2265643533575536,1.334915331765729,0.41938269292142705,24.66504977765105,0.1272394134222202,0.12616164528517582,0.0010777681370443774,1.8661650471276185,1.8645880265615538,59.49047115322771,0.06509530697574634,0.003263888888888889,0.8688888888888889,0.13111111111111107,0.23508374170583873,1.0028725735507709,0.08,0.3030690537084399,0.07161125319693094,0.10997442455242967,0.5153452685421995,0.0009272569444444414,0.004427083333333333,0.0009272569444444414,0.9569230769230769,4.077322127815275,4.053286136869835,0.003217094017094017,2.8953846153846152,707.782712893384,707.782712893384,0.08,0.07999999999999999,0.0,0.0,409.28483281915857,409.28483281915857,3462787283.8250895,3462787283.8250895,1.0,1.0,3,3.0,5,5.0,0.0,0.0,3,3.0,0.0,0.0,4.444444444444444e-05,4.444444444444444e-05,2.8953846153846152,3,6,MST,shell,6,1170000,105300000,106470000,106470000
LSC-MST-shell,20261140,2.44,0.19090357688628778,0.2252542779298665,4,1.1483738881247394,3.1530615079423376,0.11380329921806355,0.23306990288936838,0.2593699491956918,0.2437978183651529,0.16187241129498497,4.047150578035731,0.8471505780357305,0.7738280734426676,0.2588888888888889,0.08888888888888889,0.11555555555555555,0.5366666666666666,0.2588888888888889,0.1411111111111111,0.11666666666666667,0.48333333333333334,0.21100879780199802,1.329716679954227,0.41429425842183687,26.77166836160893,0.12647345556361658,0.12543525756016516,0.0010381980034514177,1.8588136974649572,1.8572457567454552,59.25785320251271,0.06407916311096748,0.0045138888888888885,0.8655555555555555,0.13444444444444448,0.22341391777917036,1.0028725735507709,0.08,0.2913992297817715,0.07958921694480103,0.11810012836970475,0.5109114249037228,0.0009272569444444414,0.004427083333333333,0.0009272569444444414,0.9569230769230769,4.077322127815275,4.053286136869835,0.003217094017094017,2.8953846153846152,707.782712893384,707.782712893384,0.08,0.07999999999999999,0.0,0.0,409.28483281915857,409.28483281915857,3462787283.8250895,3462787283.8250895,1.0,1.0,3,3.0,5,5.0,0.0,0.0,3,3.0,0.0,0.0,4.444444444444444e-05,4.444444444444444e-05,2.8953846153846152,3,6,MST,shell,6,1170000,105300000,106470000,106470000
LSC-MST-shell,20261140,2.48,0.1853480213307322,0.21810709430004288,4,1.1666661756774694,3.211268966454802,0.11980609421562646,0.23959858439224244,0.26788240303157296,0.23976916658188657,0.1568999849369093,3.98460058838231,0.7846005883823097,0.7515938053767747,0.25333333333333335,0.09222222222222222,0.12666666666666668,0.5277777777777778,0.25333333333333335,0.14333333333333334,0.12666666666666668,0.4766666666666667,0.2076754644686647,1.3337330921428256,0.41583228288222307,25.645087082919176,0.12451876838694718,0.12333552588533117,0.0011832425016160223,1.865878660847619,1.8643369667740521,59.48751546275154,0.06292719001348007,0.002638888888888889,0.8788888888888889,0.12111111111111106,0.2139363062022029,1.0028725735507709,0.08,0.28192161820480405,0.08217446270543616,0.12515802781289506,0.5107458912768648,0.0009272569444444414,0.004427083333333333,0.0009272569444444414,0.9569230769230769,4.077322127815275,4.053286136869835,0.003217094017094017,2.8953846153846152,707.782712893384,707.782712893384,0.08,0.07999999999999999,0.0,0.0,409.28483281915857,409.28483281915857,3462787283.8250895,3462787283.8250895,1.0,1.0,3,3.0,5,5.0,0.0,0.0,3,3.0,0.0,0.0,4.444444444444444e-05,4.444444444444444e-05,2.8953846153846152,3,6,MST,shell,6,1170000,105300000,106470000,106470000
LSC-MST-shell,20261140,2.52,0.17868135466406557,0.2113685303344807,4,1.1823784041943584,3.2621236321282527,0.12850641412512087,0.2406154143332418,0.27278137048936213,0.2381044871686312,0.16451710112019244,4.033706902808544,0.8337069028085438,0.7572745632705195,0.24666666666666667,0.09888888888888889,0.13333333333333333,0.5211111111111111,0.24666666666666667,0.14888888888888888,0.13555555555555557,0.4688888888888889,0.20656435335755358,1.3304954047363315,0.41814333677951543,25.405729644586614,0.126053340712767,0.12490603977858092,0.0011473009341860828,1.8565007358756818,1.8549394103784493,59.187549669242436,0.06267600844535516,0.005,0.8744444444444445,0.12555555555555553,0.20774531061493384,1.0028725735507709,0.08,0.27573062261753495,0.08894536213468869,0.12960609911054638,0.5057179161372299,0.0009272569444444414,0.004427083333333333,0.0009272569444444414,0.9569230769230769,4.077322127815275,4.053286136869835,0.003217094017094017,2.8953846153846152,707.782712893384,707.782712893384,0.08,0.07999999999999999,0.0,0.0,409.28483281915857,409.28483281915857,3462787283.8250895,3462787283.8250895,1.0,1.0,3,3.0,5,5.0,0.0,0.0,3,3.0,0.0,0.0,4.444444444444444e-05,4.444444444444444e-05,2.8953846153846152,3,6,MST,shell,6,1170000,105300000,106470000,106470000
LSC-MST-shell,20261140,2.56,0.17757024355295448,0.20939820472531587,4,1.1713046816590682,3.22619905665125,0.14463574193007395,0.23396305180278903,0.275060370559878,0.23833076040261264,0.15678567094230067,4.030876614780997,0.8308766147809967,0.7219990845056831,0.24555555555555555,0.09555555555555556,0.13,0.5288888888888889,0.24555555555555555,0.14555555555555555,0.1322222222222222,0.4766666666666667,0.20211990891310913,1.3338065058153956,0.41641634497748503,25.573519002952736,0.12596489421190615,0.12489977749349375,0.001065116718412393,1.8658893664931697,1.8643281192745007,59.48662533887051,0.06273607144386288,0.004652777777777777,0.8755555555555555,0.12444444444444447,0.2099334697232872,1.0028725735507709,0.08,0.2779187817258883,0.08248730964467005,0.1319796954314721,0.5076142131979695,0.0009272569444444414,0.004427083333333333,0.0009272569444444414,0.9569230769230769,4.077322127815275,4.053286136869835,0.003217094017094017,2.8953846153846152,707.782712893384,707.782712893384,0.08,0.07999999999999999,0.0,0.0,409.28483281915857,409.28483281915857,3462787283.8250895,3462787283.8250895,1.0,1.0,3,3.0,5,5.0,0.0,0.0,3,3.0,0.0,0.0,4.444444444444444e-05,4.444444444444444e-05,2.8953846153846152,3,6,MST,shell,6,1170000,105300000,106470000,106470000
LSC-MST-shell,20261140,2.6,0.17312579910851,0.20507778051023873,4,1.1510148770738842,3.1613997142496855,0.14821065050436413,0.2591134318991437,0.29850656192700165,0.23562336813303597,0.1565502310060468,3.9914175664181064,0.7914175664181062,0.7466956903815536,0.2411111111111111,0.09333333333333334,0.12111111111111111,0.5444444444444444,0.2411111111111111,0.14666666666666667,0.12111111111111111,0.4911111111111111,0.19878657557977578,1.334428523087843,0.41868223633028456,25.159042122403008,0.12473179895056583,0.12386490764780154,0.0008668913027642916,1.8661686918653946,1.864620380519797,59.49828767561309,0.0625621750636148,0.002673611111111111,0.8788888888888889,0.12111111111111106,0.19876563616427623,1.0028725735507709,0.08,0.2667509481668774,0.08723135271807839,0.1302149178255373,0.515802781289507,0.0009272569444444414,0.004427083333333333,0.0009272569444444414,0.9569230769230769,4.077322127815275,4.053286136869835,0.003217094017094017,2.8953846153846152,707.782712893384,707.782712893384,0.08,0.07999999999999999,0.0,0.0,409.28483281915857,409.28483281915857,3462787283.8250895,3462787283.8250895,1.0,1.0,3,3.0,5,5.0,0.0,0.0,3,3.0,0.0,0.0,4.444444444444444e-05,4.444444444444444e-05,2.8953846153846152,3,6,MST,shell,6,1170000,105300000,106470000,106470000
LSC-MST-shell,20262140,0.0,0.932014687997399,1.1341157041619936,1,2.072326583694641e-297,1.0,-1.1864192833406504,-1.074986432831399,1.6009954861442035,0.1683552499742567,0.4362283715192908,18.369521271315683,15.169521271315684,3.9325035551396175,1.0,0.0,0.0,0.0,1.0,0.0,0.0,0.0,0.932014687997399,1.6010303550467866,0.49991067912788667,0.03664598389249818,0.5740475397286151,0.5736289333076537,0.0004186064209615208,2.570389302023503,2.5632189403571566,82.0292069273889,0.00710128260238586,0.0,1.0,0.0,0.932014687997399,1.0028725735507709,0.08,1.0,0.0,0.0,0.0,0.0009172275641025617,0.0050347222222222225,0.0009172275641025617,0.9376923076923077,4.071557651542786,4.0484798949053316,0.00317008547008547,2.853076923076923,707.782712893384,707.782712893384,0.08,0.07999999999999999,0.0,0.0,408.2931179265215,408.2931179265215,5029585546.202793,5029585546.202793,1.0,1.0,3,3.0,5,5.0,0.0,0.0,3,3.0,0.0,0.0,5.726495726495726e-05,5.726495726495726e-05,2.853076923076923,3,6,MST,shell,6,1170000,105300000,106470000,106470000
LSC-MST-shell,20262140,0.04,0.904236910219621,1.1076299531485145,1,0.14562531386943717,1.15676268390786,-1.1698946119711142,-1.0400193799661044,1.5653414048775809,0.17878680598771804,0.43638078140475534,3.845425121165255,0.6454251211652546,0.7969860079937205,0.9722222222222222,0.016666666666666666,0.011111111111111112,0.0,0.9722222222222222,0.016666666666666666,0.011111111111111112,0.0,0.904236910219621,1.5954142737903465,0.4917544778820674,4.02886513264022,0.12016953503641421,0.11913988925203313,0.0010296457843810814,2.5619119263723364,2.5604226777566863,81.85398107371137,0.019622592741087068,0.0001388888888888889,0.99,0.010000000000000009,0.9140573367067142,1.0028725735507709,0.08,0.9820426487093153,0.016835016835016835,0.001122334455667789,0.0,0.0009172275641025617,0.0050347222222222225,0.0009172275641025617,0.9376923076923077,4.071557651542786,4.0484798949053316,0.00317008547008547,2.853076923076923,707.782712893384,707.782712893384,0.08,0.07999999999999999,0.0,0.0,408.2931179265215,408.2931179265215,5029585546.202793,5029585546.202793,1.0,1.0,3,3.0,5,5.0,0.0,0.0,3,3.0,0.0,0.0,5.726495726495726e-05,5.726495726495726e-05,2.853076923076923,3,6,MST,shell,6,1170000,105300000,106470000,106470000
LSC-MST-shell,20262140,0.08,0.8686813546640655,1.0706134333301476,2,0.2958600663874738,1.3442820334287742,-1.1320757764307046,-0.9885653604868084,1.5029494454357408,0.18724182462739672,0.3997121446596322,3.899847890340257,0.6998478903402567,0.752584727300514,0.9366666666666666,0.03777777777777778,0.015555555555555555,0.01,0.9366666666666666,0.03777777777777778,0.015555555555555555,0.01,0.8686813546640655,1.577669421688861,0.48365796763074487,8.700771477450928,0.12187024657313303,0.1203786483902042,0.0014915981829288238,2.5209663346670186,2.519461601562141,80.51938287997116,0.029516688397025825,0.0004166666666666667,0.9777777777777777,0.022222222222222254,0.8899692334519442,1.0028725735507709,0.08,0.9579545454545455,0.038636363636363635,0.003409090909090909,0.0,0.0009172275641025617,0.0050347222222222225,0.0009172275641025617,0.9376923076923077,4.071557651542786,4.0484798949053316,0.00317008547008547,2.853076923076923,707.782712893384,707.782712893384,0.08,0.07999999999999999,0.0,0.0,408.2931179265215,408.2931179265215,5029585546.202793,5029585546.202793,1.0,1.0,3,3.0,5,5.0,0.0,0.0,3,3.0,0.0,0.0,5.726495726495726e-05,5.726495726495726e-05,2.853076923076923,3,6,MST,shell,6,1170000,105300000,106470000,106470000
LSC-MST-shell,20262140,0.12,0.8342369102196212,1.034877984975341,3,0.4113230873838122,1.5088127561835412,-1.0994524864650683,-0.9244315534779013,1.4364433393140812,0.19571203530096534,0.37359419184933973,3.94516800578176,0.74516800578176,0.721562999285033,0.9022222222222223,0.06,0.016666666666666666,0.021111111111111112,0.9022222222222223,0.06111111111111111,0.017777777777777778,0.01888888888888889,0.8342369102196211,1.559983935018332,0.4772528927091265,12.284825963031523,0.12328650018068,0.12156790492703336,0.0017185952536466593,2.4772112228508965,2.475691624039309,79.10207867679215,0.03727882546859082,0.0009722222222222222,0.9644444444444444,0.03555555555555556,0.8674985589651407,1.0028725735507709,0.08,0.9354838709677419,0.0587557603686636,0.00576036866359447,0.0,0.0009172275641025617,0.0050347222222222225,0.0009172275641025617,0.9376923076923077,4.071557651542786,4.0484798949053316,0.00317008547008547,2.853076923076923,707.782712893384,707.782712893384,0.08,0.07999999999999999,0.0,0.0,408.2931179265215,408.2931179265215,5029585546.202793,5029585546.202793,1.0,1.0,3,3.0,5,5.0,0.0,0.0,3,3.0,0.0,0.0,5.726495726495726e-05,5.726495726495726e-05,2.853076923076923,3,6,MST,shell,6,1170000,105300000,106470000,106470000
LSC-MST-shell,20262140,0.16,0.7997924657751767,0.9976888805208112,3,0.5111050913943571,1.6671325111384703,-1.071134607741631,-0.8565950935383437,1.3715263403142435,0.20012264841323638,0.3611544092796832,3.9483749092538134,0.7483749092538132,0.7314695045878621,0.8677777777777778,0.08,0.015555555555555555,0.03666666666666667,0.8677777777777778,0.08555555555555555,0.016666666666666666,0.03,0.7997924657751767,1.5461658069054147,0.471697482067685,14.878420636937477,0.12338671591418167,0.12137223029029331,0.0020144856238883497,2.4427479030529096,2.4412307501742805,77.98796054188477,0.042111387521459695,0.0015972222222222223,0.9522222222222222,0.04777777777777781,0.8433332410895809,1.0028725735507709,0.08,0.911318553092182,0.08168028004667445,0.005834305717619603,0.0011668611435239206,0.0009172275641025617,0.0050347222222222225,0.0009172275641025617,0.9376923076923077,4.071557651542786,4.0484798949053316,0.00317008547008547,2.853076923076923,707.782712893384,707.782712893384,0.08,0.07999999999999999,0.0,0.0,408.2931179265215,408.2931179265215,5029585546.202793,5029585546.202793,1.0,1.0,3,3.0,5,5.0,0.0,0.0,3,3.0,0.0,0.0,5.726495726495726e-05,5.726495726495726e-05,2.853076923076923,3,6,MST,shell,6,1170000,105300000,106470000,106470000
LSC-MST-shell,20262140,0.2,0.7675702435529544,0.9626254388173494,4,0.6043103815819314,1.8299897789818849,-1.034345670203958,-0.8035495633033126,1.309794971037307,0.20268719588340445,0.33522815414173657,4.035745521370361,0.8357455213703604,0.7359829422019037,0.8355555555555556,0.09222222222222222,0.022222222222222223,0.05,0.8366666666666667,0.10111111111111111,0.023333333333333334,0.03888888888888889,0.7686813546640655,1.5285433036516254,0.4668484531989434,16.65933675345542,0.12611704754282377,0.12398483716278441,0.002132210380039343,2.394408009670743,2.392858199206209,76.43216187176878,0.04639179111604806,0.0044444444444444444,0.9244444444444444,0.0755555555555556,0.8358608418435527,1.0028725735507709,0.08,0.9038461538461539,0.08173076923076923,0.009615384615384616,0.004807692307692308,0.0009172275641025617,0.0050347222222222225,0.0009172275641025617,0.9376923076923077,4.071557651542786,4.0484798949053316,0.00317008547008547,2.853076923076923,707.782712893384,707.782712893384,0.08,0.07999999999999999,0.0,0.0,408.2931179265215,408.2931179265215,5029585546.202793,5029585546.202793,1.0,1.0,3,3.0,5,5.0,0.0,0.0,3,3.0,0.0,0.0,5.726495726495726e-05,5.726495726495726e-05,2.853076923076923,3,6,MST,shell,6,1170000,105300000,106470000,106470000
LSC-MST-shell,20262140,0.24,0.7497924657751767,0.9366133345927594,4,0.656325307107335,1.9276956138820502,-1.0022496746515426,-0.7759567513576433,1.2675225009113766,0.2138636611611255,0.3274860455677347,4.015714103726765,0.8157141037267648,0.7076026112584072,0.8177777777777778,0.08666666666666667,0.025555555555555557,0.07,0.8177777777777778,0.10222222222222223,0.025555555555555557,0.05444444444444444,0.7497924657751767,1.5210599152636395,0.4588307043132799,19.893856427315626,0.1254910657414614,0.12316269547603766,0.002328370265423746,2.381986328492331,2.3804467947988805,76.02533014903011,0.051636578251582785,0.004791666666666666,0.9122222222222223,0.08777777777777773,0.8284824102872892,1.0028725735507709,0.08,0.8964677222898904,0.08038976857490865,0.013398294762484775,0.0097442143727162,0.0009172275641025617,0.0050347222222222225,0.0009172275641025617,0.9376923076923077,4.071557651542786,4.0484798949053316,0.00317008547008547,2.853076923076923,707.782712893384,707.782712893384,0.08,0.07999999999999999,0.0,0.0,408.2931179265215,408.2931179265215,5029585546.202793,5029585546.202793,1.0,1.0,3,3.0,5,5.0,0.0,0.0,3,3.0,0.0,0.0,5.726495726495726e-05,5.726495726495726e-05,2.853076923076923,3,6,MST,shell,6,1170000,105300000,106470000,106470000
LSC-MST-shell,20262140,0.28,0.7231257991085099,0.9022232458897086,4,0.7157125452379588,2.04564377680574,-0.9711453940234851,-0.7184716612415215,1.2080252084870517,0.22024028398288073,0.3206922437078807,4.056978695011683,0.8569786950116827,0.7493808769125202,0.7911111111111111,0.09111111111111111,0.024444444444444446,0.09333333333333334,0.7911111111111111,0.11555555555555555,0.024444444444444446,0.06888888888888889,0.72312579910851,1.5111242588129494,0.45432474193734895,21.82548301110657,0.1267805842191151,0.12434065017745606,0.0024399340416590516,2.3580533023137487,2.356499044186531,75.25443711944617,0.05320876794076955,0.004861111111111111,0.9022222222222223,0.09777777777777774,0.8088619786377931,1.0028725735507709,0.08,0.8768472906403941,0.0874384236453202,0.012315270935960592,0.023399014778325122,0.0009172275641025617,0.0050347222222222225,0.0009172275641025617,0.9376923076923077,4.071557651542786,4.0484798949053316,0.00317008547008547,2.853076923076923,707.782712893384,707.782712893384,0.08,0.07999999999999999,0.0,0.0,408.2931179265215,408.2931179265215,5029585546.202793,5029585546.202793,1.0,1.0,3,3.0,5,5.0,0.0,0.0,3,3.0,0.0,0.0,5.726495726495726e-05,5.726495726495726e-05,2.853076923076923,3,6,MST,shell,6,1170000,105300000,106470000,106470000
LSC-MST-shell,20262140,0.32,0.6975702435529545,0.8729522155093905,4,0.7715232489895181,2.1630586224606136,-0.9418426668976013,-0.672245478839566,1.1571437218466094,0.22410042364603927,0.3090692637648355,4.049324446042462,0.8493244460424618,0.7904264997149341,0.7655555555555555,0.1,0.02666666666666667,0.10777777777777778,0.7655555555555555,0.13,0.03,0.07444444444444444,0.7065643533575536,1.5033377631684255,0.45028740412484036,23.001234791609875,0.12654138893882694,0.12391784572719954,0.0026235432116273978,2.3382818444086877,2.3367328713370976,74.62090524454493,0.054613553649600514,0.0042361111111111115,0.9022222222222223,0.09777777777777774,0.7805368554850836,1.0028725735507709,0.08,0.8485221674876847,0.09729064039408868,0.01600985221674877,0.038177339901477834,0.0009172275641025617,0.0050347222222222225,0.0009172275641025617,0.9376923076923077,4.071557651542786,4.0484798949053316,0.00317008547008547,2.853076923076923,707.782712893384,707.782712893384,0.08,0.07999999999999999,0.0,0.0,408.2931179265215,408.2931179265215,5029585546.202793,5029585546.202793,1.0,1.0,3,3.0,5,5.0,0.0,0.0,3,3.0,0.0,0.0,5.726495726495726e-05,5.726495726495726e-05,2.853076923076923,3,6,MST,shell,6,1170000,105300000,106470000,106470000
LSC-MST-shell,20262140,0.36,0.6853480213307321,0.855584762134951,4,0.7912608680305766,2.206176370571653,-0.9197313773806857,-0.633959829519743,1.1170545519280937,0.2272680311534273,0.29883849248644295,4.0287986335773365,0.8287986335773363,0.8081001202302994,0.7533333333333333,0.1,0.024444444444444446,0.12222222222222222,0.7533333333333333,0.13444444444444445,0.024444444444444446,0.08777777777777777,0.6987865755797757,1.4940046324249463,0.4460208073340812,24.597389134492147,0.12589995729929176,0.12335980261098013,0.0025401546883116436,2.315304138321267,2.31376214078863,73.88533384807954,0.05481204152503086,0.00375,0.9011111111111111,0.09888888888888892,0.7667865745572016,1.0028725735507709,0.08,0.8347718865598027,0.0998766954377312,0.013563501849568433,0.051787916152897656,0.0009172275641025617,0.0050347222222222225,0.0009172275641025617,0.9376923076923077,4.071557651542786,4.0484798949053316,0.00317008547008547,2.853076923076923,707.782712893384,707.782712893384,0.08,0.07999999999999999,0.0,0.0,408.2931179265215,408.2931179265215,5029585546.202793,5029585546.202793,1.0,1.0,3,3.0,5,5.0,0.0,0.0,3,3.0,0.0,0.0,5.726495726495726e-05,5.726495726495726e-05,2.853076923076923,3,6,MST,shell,6,1170000,105300000,106470000,106470000
LSC-MST-shell,20262140,0.4,0.6664591324418433,0.8347303430797461,3,0.8168906042030961,2.2634509194980446,-0.8939568957965619,-0.5855041729113136,1.0686318674074744,0.22200027237508316,0.2675601156793025,4.0789403144345435,0.8789403144345433,0.7663795630169504,0.7344444444444445,0.11222222222222222,0.01888888888888889,0.13444444444444445,0.7344444444444445,0.1511111111111111,0.01888888888888889,0.09555555555555556,0.6965643533575536,1.4881992101938644,0.4470468891678909,22.887752969481596,0.12746688482607949,0.1250288690165357,0.0024380158095437805,2.293019618564205,2.2914567577014986,73.16035575204073,0.05993820750071488,0.0038194444444444443,0.9166666666666666,0.08333333333333337,0.7320146879973988,1.0028725735507709,0.08,0.8,0.1103030303030303,0.014545454545454545,0.07515151515151515,0.0009172275641025617,0.0050347222222222225,0.0009172275641025617,0.9376923076923077,4.071557651542786,4.0484798949053316,0.00317008547008547,2.853076923076923,707.782712893384,707.782712893384,0.08,0.07999999999999999,0.0,0.0,408.2931179265215,408.2931179265215,5029585546.202793,5029585546.202793,1.0,1.0,3,3.0,5,5.0,0.0,0.0,3,3.0,0.0,0.0,5.726495726495726e-05,5.726495726495726e-05,2.853076923076923,3,6,MST,shell,6,1170000,105300000,106470000,106470000
LSC-MST-shell,20262140,0.44,0.6453480213307322,0.8092726559616747,4,0.8659324703979747,2.377221741703441,-0.8536647436559711,-0.5468926290844179,1.0138219973486877,0.22440812139958705,0.23751181706691812,4.083074813630594,0.8830748136305937,0.8311393153388168,0.7133333333333334,0.11333333333333333,0.02666666666666667,0.14666666666666667,0.7133333333333334,0.15777777777777777,0.028888888888888888,0.1,0.6821199089131091,1.478851384441292,0.44492868277252273,23.645398684534484,0.12759608792595606,0.12493654124305208,0.002659546682903988,2.267654167774283,2.266092461008745,72.34858522089912,0.060837947013042626,0.0044444444444444444,0.91,0.08999999999999997,0.7134554694381803,1.0028725735507709,0.08,0.7814407814407814,0.11233211233211234,0.015873015873015872,0.09035409035409035,0.0009172275641025617,0.0050347222222222225,0.0009172275641025617,0.9376923076923077,4.071557651542786,4.0484798949053316,0.00317008547008547,2.853076923076923,707.782712893384,707.782712893384,0.08,0.07999999999999999,0.0,0.0,408.2931179265215,408.2931179265215,5029585546.202793,5029585546.202793,1.0,1.0,3,3.0,5,5.0,0.0,0.0,3,3.0,0.0,0.0,5.726495726495726e-05,5.726495726495726e-05,2.853076923076923,3,6,MST,shell,6,1170000,105300000,106470000,106470000
LSC-MST-shell,20262140,0.48,0.634236910219621,0.793024392764635,4,0.8822375158055131,2.4163001721764634,-0.8331043198934359,-0.5237306413256196,0.9840511127418368,0.2265617186458282,0.2326563489475517,4.0451423518830225,0.8451423518830223,0.7362248184346496,0.7022222222222222,0.1111111111111111,0.02666666666666667,0.16,0.7022222222222222,0.16,0.027777777777777776,0.11,0.6732310200242202,1.474530236808234,0.4413471754927615,24.47938696154594,0.12641069849634445,0.12385788868756126,0.002552809808783201,2.2573874370331453,2.255839213424551,72.02360011253045,0.05867133702064524,0.005416666666666667,0.9055555555555556,0.09444444444444444,0.7062478168317546,1.0028725735507709,0.08,0.7742331288343558,0.10552147239263804,0.015950920245398775,0.10429447852760736,0.0009172275641025617,0.0050347222222222225,0.0009172275641025617,0.9376923076923077,4.071557651542786,4.0484798949053316,0.00317008547008547,2.853076923076923,707.782712893384,707.782712893384,0.08,0.07999999999999999,0.0,0.0,408.2931179265215,408.2931179265215,5029585546.202793,5029585546.202793,1.0,1.0,3,3.0,5,5.0,0.0,0.0,3,3.0,0.0,0.0,5.726495726495726e-05,5.726495726495726e-05,2.853076923076923,3,6,MST,shell,6,1170000,105300000,106470000,106470000
LSC-MST-shell,20262140,0.52,0.6175702435529544,0.7690511194583739,4,0.914388555673326,2.495249079474416,-0.7992618973822156,-0.5019669457123636,0.9438169288558134,0.23396703230235086,0.2184352640167486,4.110444322495375,0.9104443224953744,0.748654537744984,0.6855555555555556,0.10444444444444445,0.03333333333333333,0.17666666666666667,0.6855555555555556,0.16444444444444445,0.034444444444444444,0.11555555555555555,0.6610087978019981,1.4706294395463049,0.43638111078655784,26.458870964979297,0.12845138507798046,0.12570529581468565,0.00274608926329479,2.252187641151821,2.2506163249541378,71.85391744722693,0.060049762703360994,0.004375,0.9088888888888889,0.09111111111111114,0.6850709227162253,1.0028725735507709,0.08,0.7530562347188264,0.10268948655256724,0.02078239608801956,0.1234718826405868,0.0009172275641025617,0.0050347222222222225,0.0009172275641025617,0.9376923076923077,4.071557651542786,4.0484798949053316,0.00317008547008547,2.853076923076923,707.782712893384,707.782712893384,0.08,0.07999999999999999,0.0,0.0,408.2931179265215,408.2931179265215,5029585546.202793,5029585546.202793,1.0,1.0,3,3.0,5,5.0,0.0,0.0,3,3.0,0.0,0.0,5.726495726495726e-05,5.726495726495726e-05,2.853076923076923,3,6,MST,shell,6,1170000,105300000,106470000,106470000
LSC-MST-shell,20262140,0.56,0.6064591324418434,0.7515803540981468,4,0.9195841181167546,2.5082470384938405,-0.7717015331778927,-0.4722936162291791,0.9047566060769856,0.23152377832196455,0.20232947715717353,4.043526592805783,0.8435265928057829,0.7386989494268505,0.6744444444444444,0.10222222222222223,0.028888888888888888,0.19444444444444445,0.6744444444444444,0.16666666666666666,0.028888888888888888,0.13,0.6521199089131091,1.463074272518453,0.4364616486024948,25.839451940205862,0.12636020602518072,0.12377121013261656,0.0025889958925641643,2.228225691431054,2.226678551304396,71.08270765499338,0.06244847194545352,0.0036805555555555554,0.9077777777777778,0.0922222222222222,0.67375275409287,1.0028725735507709,0.08,0.7417380660954712,0.09914320685434516,0.022031823745410038,0.13708690330477355,0.0009172275641025617,0.0050347222222222225,0.0009172275641025617,0.9376923076923077,4.071557651542786,4.0484798949053316,0.00317008547008547,2.853076923076923,707.782712893384,707.782712893384,0.08,0.07999999999999999,0.0,0.0,408.2931179265215,408.2931179265215,5029585546.202793,5029585546.202793,1.0,1.0,3,3.0,5,5.0,0.0,0.0,3,3.0,0.0,0.0,5.726495726495726e-05,5.726495726495726e-05,2.853076923076923,3,6,MST,shell,6,1170000,105300000,106470000,106470000
LSC-MST-shell,20262140,0.6,0.5864591324418433,0.7288687076368219,4,0.95547911006261,2.599915930450652,-0.7442126934384468,-0.4382564642038383,0.8636673326526592,0.23456329282790528,0.19481421898986745,4.057466669152686,0.8574666691526858,0.7326697232741995,0.6544444444444445,0.10777777777777778,0.03333333333333333,0.20444444444444446,0.6544444444444445,0.17666666666666667,0.03333333333333333,0.13555555555555557,0.6421199089131091,1.4604335148069063,0.4328825230356286,26.826448696432408,0.12679583341102144,0.1240689974942865,0.002726835916734912,2.223569461049646,2.2220185985809673,70.93435850712342,0.06268514858926637,0.002777777777777778,0.9188888888888889,0.08111111111111113,0.6442275054097326,1.0028725735507709,0.08,0.7122128174123338,0.10882708585247884,0.02539298669891173,0.15356711003627568,0.0009172275641025617,0.0050347222222222225,0.0009172275641025617,0.9376923076923077,4.071557651542786,4.0484798949053316,0.00317008547008547,2.853076923076923,707.782712893384,707.782712893384,0.08,0.07999999999999999,0.0,0.0,408.2931179265215,408.2931179265215,5029585546.202793,5029585546.202793,1.0,1.0,3,3.0,5,5.0,0.0,0.0,3,3.0,0.0,0.0,5.726495726495726e-05,5.726495726495726e-05,2.853076923076923,3,6,MST,shell,6,1170000,105300000,106470000,106470000
LSC-MST-shell,20262140,0.64,0.5786813546640655,0.7206921356900035,4,0.9637438268447234,2.6214925387347345,-0.7284470575875307,-0.42127710255801243,0.8414924318421436,0.2357829228322277,0.18006209118569766,4.090083523907403,0.8900835239074025,0.775873150456467,0.6466666666666666,0.11333333333333333,0.03111111111111111,0.2088888888888889,0.6466666666666666,0.17333333333333334,0.03333333333333333,0.14666666666666667,0.631008797801998,1.4534504335513827,0.4321101137636668,27.006351992027078,0.12781511012210633,0.1251329770683244,0.0026821330537819244,2.2038241351786647,2.2022599729653103,70.30121640850516,0.06333697075070646,0.002361111111111111,0.9211111111111111,0.0788888888888889,0.6316528062121154,1.0028725735507709,0.08,0.6996381182147166,0.11218335343787696,0.027744270205066344,0.16043425814234016,0.0009172275641025617,0.0050347222222222225,0.0009172275641025617,0.9376923076923077,4.071557651542786,4.0484798949053316,0.00317008547008547,2.853076923076923,707.782712893384,707.782712893384,0.08,0.07999999999999999,0.0,0.0,408.2931179265215,408.2931179265215,5029585546.202793,5029585546.202793,1.0,1.0,3,3.0,5,5.0,0.0,0.0,3,3.0,0.0,0.0,5.726495726495726e-05,5.726495726495726e-05,2.853076923076923,3,6,MST,shell,6,1170000,105300000,106470000,106470000
LSC-MST-shell,20262140,0.68,0.5609035768862878,0.6992775096345409,4,0.9927932936122956,2.6987623893566037,-0.7049341671634665,-0.3962108867482672,0.8086502623583933,0.23377481408738807,0.1708180415070528,4.046993529607482,0.8469935296074818,0.7428697312258505,0.6288888888888889,0.11555555555555555,0.035555555555555556,0.22,0.6288888888888889,0.17222222222222222,0.03666666666666667,0.1622222222222222,0.6121199089131092,1.4420180702440377,0.43295953068440474,27.107130493441787,0.1264685478002338,0.1239830844994078,0.002485463300826004,2.1711027825776164,2.169552994021373,69.25202872647493,0.06402799005887638,0.0038888888888888888,0.9166666666666666,0.08333333333333337,0.618075294058005,1.0028725735507709,0.08,0.686060606060606,0.11393939393939394,0.027878787878787878,0.17212121212121212,0.0009172275641025617,0.0050347222222222225,0.0009172275641025617,0.9376923076923077,4.071557651542786,4.0484798949053316,0.00317008547008547,2.853076923076923,707.782712893384,707.782712893384,0.08,0.07999999999999999,0.0,0.0,408.2931179265215,408.2931179265215,5029585546.202793,5029585546.202793,1.0,1.0,3,3.0,5,5.0,0.0,0.0,3,3.0,0.0,0.0,5.726495726495726e-05,5.726495726495726e-05,2.853076923076923,3,6,MST,shell,6,1170000,105300000,106470000,106470000
LSC-MST-shell,20262140,0.72,0.5531257991085099,0.6862127015985877,4,0.9955272534551802,2.706150792551337,-0.6826734170163287,-0.3701323415818972,0.7765571096742656,0.2332334744024738,0.15680083099440742,4.0604752029320546,0.8604752029320544,0.742161497249138,0.6211111111111111,0.1111111111111111,0.034444444444444444,0.23333333333333334,0.6211111111111111,0.17,0.03888888888888889,0.17,0.6021199089131091,1.4313635191687248,0.430647966908149,27.42901223561688,0.1268898500916267,0.12450585315278181,0.0023839969388448944,2.1415898962514035,2.1400335730869937,68.30454999178814,0.06501270326240861,0.005347222222222222,0.9077777777777778,0.0922222222222222,0.6125532436889533,1.0028725735507709,0.08,0.6805385556915544,0.10893512851897184,0.023255813953488372,0.18727050183598531,0.0009172275641025617,0.0050347222222222225,0.0009172275641025617,0.9376923076923077,4.071557651542786,4.0484798949053316,0.00317008547008547,2.853076923076923,707.782712893384,707.782712893384,0.08,0.07999999999999999,0.0,0.0,408.2931179265215,408.2931179265215,5029585546.202793,5029585546.202793,1.0,1.0,3,3.0,5,5.0,0.0,0.0,3,3.0,0.0,0.0,5.726495726495726e-05,5.726495726495726e-05,2.853076923076923,3,6,MST,shell,6,1170000,105300000,106470000,106470000
LSC-MST-shell,20262140,0.76,0.5375702435529545,0.6668815959273116,4,1.006788160076885,2.7367967306087055,-0.6569619455492908,-0.3318089740181238,0.7360001312084589,0.23127540469375701,0.14360714816331058,4.064993852511753,0.8649938525117529,0.7398344523715172,0.6055555555555555,0.11555555555555555,0.03111111111111111,0.2477777777777778,0.6055555555555555,0.16777777777777778,0.03333333333333333,0.19333333333333333,0.5843421311353314,1.4250780953911053,0.43078149493870044,26.629788245078032,0.12703105789099228,0.12468315777238448,0.0023479001186078037,2.121088924772005,2.1195303852998504,67.65010131934112,0.06405341955441565,0.004861111111111111,0.9011111111111111,0.09888888888888892,0.6003254154943163,1.0028725735507709,0.08,0.6683107274969173,0.11220715166461159,0.025893958076448828,0.1935881627620222,0.0009172275641025617,0.0050347222222222225,0.0009172275641025617,0.9376923076923077,4.071557651542786,4.0484798949053316,0.00317008547008547,2.853076923076923,707.782712893384,707.782712893384,0.08,0.07999999999999999,0.0,0.0,408.2931179265215,408.2931179265215,5029585546.202793,5029585546.202793,1.0,1.0,3,3.0,5,5.0,0.0,0.0,3,3.0,0.0,0.0,5.726495726495726e-05,5.726495726495726e-05,2.853076923076923,3,6,MST,shell,6,1170000,105300000,106470000,106470000
LSC-MST-shell,20262140,0.8,0.5176754644686647,0.6442554767063642,4,1.0531601809782987,2.866696097126985,-0.6284514782777091,-0.3055869191569182,0.6988094344735584,0.23287215399331704,0.13085777118290562,4.027972703043853,0.8279727030438524,0.7452482152395061,0.5833333333333334,0.12333333333333334,0.042222222222222223,0.2511111111111111,0.5833333333333334,0.17666666666666667,0.04555555555555556,0.19444444444444445,0.571008797801998,1.4214924177498365,0.428988702337898,26.88059212408433,0.1258741469701204,0.12339991006118624,0.0024742369089341488,2.111556981837379,2.1100144829616143,67.34856141145723,0.06344081137234547,0.003263888888888889,0.9033333333333333,0.09666666666666668,0.5765411332618515,1.0028725735507709,0.08,0.6445264452644527,0.11931119311193111,0.033210332103321034,0.2029520295202952,0.0009172275641025617,0.0050347222222222225,0.0009172275641025617,0.9376923076923077,4.071557651542786,4.0484798949053316,0.00317008547008547,2.853076923076923,707.782712893384,707.782712893384,0.08,0.07999999999999999,0.0,0.0,408.2931179265215,408.2931179265215,5029585546.202793,5029585546.202793,1.0,1.0,3,3.0,5,5.0,0.0,0.0,3,3.0,0.0,0.0,5.726495726495726e-05,5.726495726495726e-05,2.853076923076923,3,6,MST,shell,6,1170000,105300000,106470000,106470000
LSC-MST-shell,20262140,0.84,0.511008797801998,0.6324011342481881,4,1.0617129449308624,2.8913194208080086,-0.5997856113367049,-0.28834445174094814,0.6654962827967804,0.2347712864658761,0.1358486008848174,4.062012036101695,0.862012036101695,0.7762240321850066,0.5733333333333334,0.12666666666666668,0.04111111111111111,0.2588888888888889,0.5733333333333334,0.17333333333333334,0.042222222222222223,0.2111111111111111,0.5576754644686647,1.4175687911497694,0.4267868004850067,27.50187986628049,0.12693787612817797,0.12452216479208172,0.002415711336096262,2.1024661406973615,2.1009096136374605,67.05422887116626,0.06444686481618708,0.002777777777777778,0.9033333333333333,0.09666666666666668,0.5642410102606215,1.0028725735507709,0.08,0.6322263222632226,0.11931119311193111,0.03198031980319803,0.21648216482164823,0.0009172275641025617,0.0050347222222222225,0.0009172275641025617,0.9376923076923077,4.071557651542786,4.0484798949053316,0.00317008547008547,2.853076923076923,707.782712893384,707.782712893384,0.08,0.07999999999999999,0.0,0.0,408.2931179265215,408.2931179265215,5029585546.202793,5029585546.202793,1.0,1.0,3,3.0,5,5.0,0.0,0.0,3,3.0,0.0,0.0,5.726495726495726e-05,5.726495726495726e-05,2.853076923076923,3,6,MST,shell,6,1170000,105300000,106470000,106470000
LSC-MST-shell,20262140,0.88,0.4987865755797758,0.6111925716162797,4,1.074874224565579,2.929624402578267,-0.5759890121628755,-0.24907952654976062,0.6275380089513448,0.2397347145503008,0.11673216912164538,4.043819027036704,0.8438190270367034,0.7382104603957989,0.5555555555555556,0.1322222222222222,0.03888888888888889,0.2733333333333333,0.5555555555555556,0.18444444444444444,0.03888888888888889,0.22111111111111112,0.551008797801998,1.4162319069405769,0.4232742043881125,28.7243478403704,0.126369344594897,0.1238428844429665,0.0025264601519304933,2.1025164144215958,2.100968378366059,67.05524483960643,0.06525879585163104,0.0043055555555555555,0.89,0.10999999999999999,0.5525818315098632,1.0028725735507709,0.08,0.6192259675405742,0.12234706616729088,0.033707865168539325,0.2247191011235955,0.0009172275641025617,0.0050347222222222225,0.0009172275641025617,0.9376923076923077,4.071557651542786,4.0484798949053316,0.00317008547008547,2.853076923076923,707.782712893384,707.782712893384,0.08,0.07999999999999999,0.0,0.0,408.2931179265215,408.2931179265215,5029585546.202793,5029585546.202793,1.0,1.0,3,3.0,5,5.0,0.0,0.0,3,3.0,0.0,0.0,5.726495726495726e-05,5.726495726495726e-05,2.853076923076923,3,6,MST,shell,6,1170000,105300000,106470000,106470000
LSC-MST-shell,20262140,0.92,0.4754532422464425,0.5841100150020124,4,1.1038207852718527,3.015666253207811,-0.5385022743194297,-0.21733486798591767,0.5807057295133697,0.2403955110139621,0.10850087228333521,4.100736550179714,0.9007365501797135,0.7887961579746355,0.5344444444444445,0.13,0.04777777777777778,0.2877777777777778,0.5344444444444445,0.18222222222222223,0.04777777777777778,0.23555555555555555,0.5276754644686648,1.4084396676288689,0.42255780856312586,28.688238023223107,0.12814801719311605,0.12565330219421356,0.002494714998902523,2.080486289414156,2.078915623136728,66.34729731753892,0.06599814926315807,0.004097222222222223,0.89,0.10999999999999999,0.5313583608481902,1.0028725735507709,0.08,0.599250936329588,0.12109862671660425,0.03745318352059925,0.2421972534332085,0.0009172275641025617,0.0050347222222222225,0.0009172275641025617,0.9376923076923077,4.071557651542786,4.0484798949053316,0.00317008547008547,2.853076923076923,707.782712893384,707.782712893384,0.08,0.07999999999999999,0.0,0.0,408.2931179265215,408.2931179265215,5029585546.202793,5029585546.202793,1.0,1.0,3,3.0,5,5.0,0.0,0.0,3,3.0,0.0,0.0,5.726495726495726e-05,5.726495726495726e-05,2.853076923076923,3,6,MST,shell,6,1170000,105300000,106470000,106470000
LSC-MST-shell,20262140,0.96,0.45767546446866475,0.566466520764426,4,1.1008840029472187,3.006822889731108,-0.5140392095458816,-0.1912710896701316,0.5484714565901805,0.23951094055358277,0.10382225607182019,4.088366818576214,0.8883668185762135,0.7715716548848035,0.5244444444444445,0.12222222222222222,0.04666666666666667,0.30666666666666664,0.5244444444444445,0.1811111111111111,0.04888888888888889,0.24555555555555555,0.5165643533575537,1.3963608085812995,0.4223316377834364,28.39204482402387,0.12776146308050668,0.1254547888022465,0.002306674278260178,2.0456191103497754,2.044050925489748,65.2335567301407,0.06502367698569828,0.005208333333333333,0.8844444444444445,0.11555555555555552,0.5237232307109667,1.0028725735507709,0.08,0.5917085427135679,0.11055276381909548,0.03768844221105527,0.2600502512562814,0.0009172275641025617,0.0050347222222222225,0.0009172275641025617,0.9376923076923077,4.071557651542786,4.0484798949053316,0.00317008547008547,2.853076923076923,707.782712893384,707.782712893384,0.08,0.07999999999999999,0.0,0.0,408.2931179265215,408.2931179265215,5029585546.202793,5029585546.202793,1.0,1.0,3,3.0,5,5.0,0.0,0.0,3,3.0,0.0,0.0,5.726495726495726e-05,5.726495726495726e-05,2.853076923076923,3,6,MST,shell,6,1170000,105300000,106470000,106470000
LSC-MST-shell,20262140,1.0,0.4476754644686647,0.5493311904651436,4,1.1180179888670772,3.0587856441038546,-0.4872540122479199,-0.1634046862680278,0.5139236946727097,0.24264559236314454,0.10380554378194397,4.079866997012304,0.8798669970123036,0.8097571367056181,0.5088888888888888,0.12777777777777777,0.04888888888888889,0.31444444444444447,0.5088888888888888,0.18555555555555556,0.05,0.25555555555555554,0.5054532422464424,1.3975610425819656,0.4181885336286908,28.898172044518873,0.1274958436566345,0.12512465710587714,0.0023711865507573516,2.0504607854984696,2.048896727284646,65.39147697222124,0.0641318810920209,0.004861111111111111,0.88,0.12,0.5090348900176009,1.0028725735507709,0.08,0.577020202020202,0.11237373737373738,0.041666666666666664,0.2689393939393939,0.0009172275641025617,0.0050347222222222225,0.0009172275641025617,0.9376923076923077,4.071557651542786,4.0484798949053316,0.00317008547008547,2.853076923076923,707.782712893384,707.782712893384,0.08,0.07999999999999999,0.0,0.0,408.2931179265215,408.2931179265215,5029585546.202793,5029585546.202793,1.0,1.0,3,3.0,5,5.0,0.0,0.0,3,3.0,0.0,0.0,5.726495726495726e-05,5.726495726495726e-05,2.853076923076923,3,6,MST,shell,6,1170000,105300000,106470000,106470000
LSC-MST-shell,20262140,1.04,0.43534802133073214,0.5374702861953945,4,1.1120141405425732,3.040476177668026,-0.46622141847313464,-0.15116327622136885,0.49011503457971983,0.24299595517473419,0.09133757772401452,4.043035260192761,0.8430352601927611,0.7493570515833231,0.5033333333333333,0.11888888888888889,0.04888888888888889,0.3288888888888889,0.5033333333333333,0.18444444444444444,0.04888888888888889,0.2633333333333333,0.4987865755797758,1.3993727360070667,0.41562069335123886,29.173830439658488,0.1263448518810238,0.1240680470740694,0.0022768048069543778,2.05635638243595,2.0548055318475242,65.58119278092276,0.06382769342891294,0.0035416666666666665,0.8877777777777778,0.11222222222222222,0.4952186930036566,1.0028725735507709,0.08,0.5632040050062578,0.10638297872340426,0.04630788485607009,0.28410513141426785,0.0009172275641025617,0.0050347222222222225,0.0009172275641025617,0.9376923076923077,4.071557651542786,4.0484798949053316,0.00317008547008547,2.853076923076923,707.782712893384,707.782712893384,0.08,0.07999999999999999,0.0,0.0,408.2931179265215,408.2931179265215,5029585546.202793,5029585546.202793,1.0,1.0,3,3.0,5,5.0,0.0,0.0,3,3.0,0.0,0.0,5.726495726495726e-05,5.726495726495726e-05,2.853076923076923,3,6,MST,shell,6,1170000,105300000,106470000,106470000
LSC-MST-shell,20262140,1.08,0.4176754644686647,0.514590817413009,4,1.1441293605550882,3.1397066141007777,-0.4284793043044593,-0.12497185609930667,0.44633225184176345,0.241492818515011,0.09408603170801169,4.108511931873485,0.9085119318734849,0.7500226714408511,0.4822222222222222,0.12444444444444444,0.058888888888888886,0.33444444444444443,0.4822222222222222,0.18777777777777777,0.058888888888888886,0.27111111111111114,0.481008797801998,1.3937631092271567,0.4196151248538622,27.960152174732684,0.1283909978710464,0.12615089726971698,0.002240100601329421,2.036926233366242,2.035349347150371,64.95843456603491,0.06384029091231859,0.002777777777777778,0.8922222222222222,0.10777777777777775,0.46875192336477123,1.0028725735507709,0.08,0.5367372353673724,0.11457036114570361,0.05105853051058531,0.29763387297633875,0.0009172275641025617,0.0050347222222222225,0.0009172275641025617,0.9376923076923077,4.071557651542786,4.0484798949053316,0.00317008547008547,2.853076923076923,707.782712893384,707.782712893384,0.08,0.07999999999999999,0.0,0.0,408.2931179265215,408.2931179265215,5029585546.202793,5029585546.202793,1.0,1.0,3,3.0,5,5.0,0.0,0.0,3,3.0,0.0,0.0,5.726495726495726e-05,5.726495726495726e-05,2.853076923076923,3,6,MST,shell,6,1170000,105300000,106470000,106470000
LSC-MST-shell,20262140,1.12,0.4154532422464424,0.5076841226788618,4,1.146906553311479,3.148438303747122,-0.4092399507539073,-0.09262625738965186,0.4195914213268357,0.24274292736895203,0.08203173900275142,4.04727584461581,0.84727584461581,0.7636327831814832,0.47555555555555556,0.1288888888888889,0.056666666666666664,0.3388888888888889,0.47555555555555556,0.18777777777777777,0.057777777777777775,0.2788888888888889,0.4743421311353313,1.3876862492702482,0.41846010627102714,28.51982258155317,0.12647737014424407,0.12411503550933733,0.002362334634906743,2.0217196469154484,2.020168208971582,64.47352230339465,0.06327649316520524,0.0038888888888888888,0.8944444444444445,0.10555555555555551,0.45251158240733674,1.0028725735507709,0.08,0.5204968944099378,0.12049689440993788,0.049689440993788817,0.3093167701863354,0.0009172275641025617,0.0050347222222222225,0.0009172275641025617,0.9376923076923077,4.071557651542786,4.0484798949053316,0.00317008547008547,2.853076923076923,707.782712893384,707.782712893384,0.08,0.07999999999999999,0.0,0.0,408.2931179265215,408.2931179265215,5029585546.202793,5029585546.202793,1.0,1.0,3,3.0,5,5.0,0.0,0.0,3,3.0,0.0,0.0,5.726495726495726e-05,5.726495726495726e-05,2.853076923076923,3,6,MST,shell,6,1170000,105300000,106470000,106470000
LSC-MST-shell,20262140,1.16,0.40323102002422023,0.49101094946917284,4,1.1541009041728312,3.171170948831071,-0.389491292946065,-0.07913213497461824,0.39744856530932265,0.24565034325851526,0.10350587892664889,4.064360732346681,0.8643607323466806,0.7688608588901956,0.4622222222222222,0.13,0.057777777777777775,0.35,0.4622222222222222,0.18666666666666668,0.058888888888888886,0.2922222222222222,0.45989768669088693,1.3795810878008852,0.4158342595558826,29.47348120623566,0.12701127288583378,0.1248383737577367,0.002172899128097093,2.002308874381959,2.0007483947099876,63.85115541079549,0.06290979756609291,0.003125,0.8911111111111111,0.10888888888888892,0.4519065534129706,1.0028725735507709,0.08,0.5149625935162094,0.1259351620947631,0.04738154613466334,0.3117206982543641,0.0009172275641025617,0.0050347222222222225,0.0009172275641025617,0.9376923076923077,4.071557651542786,4.0484798949053316,0.00317008547008547,2.853076923076923,707.782712893384,707.782712893384,0.08,0.07999999999999999,0.0,0.0,408.2931179265215,408.2931179265215,5029585546.202793,5029585546.202793,1.0,1.0,3,3.0,5,5.0,0.0,0.0,3,3.0,0.0,0.0,5.726495726495726e-05,5.726495726495726e-05,2.853076923076923,3,6,MST,shell,6,1170000,105300000,106470000,106470000
LSC-MST-shell,20262140,1.2,0.39767546446866464,0.4768923324157747,4,1.1663524926048194,3.210261803711509,-0.3704353502024674,-0.05485700446243881,0.3744751522040098,0.2427333925154487,0.10606045972598864,4.050356918797154,0.8503569187971536,0.7538428749517034,0.4477777777777778,0.1388888888888889,0.057777777777777775,0.35555555555555557,0.4488888888888889,0.19333333333333333,0.058888888888888886,0.29888888888888887,0.4532310200242203,1.3743391193977974,0.417485103828224,27.93188163561041,0.12657365371241106,0.12448235595528931,0.0020912977571217596,1.9829982372274868,1.9814422077780456,63.23504464698865,0.06278321273406946,0.0031944444444444446,0.8877777777777778,0.11222222222222222,0.44555197677571523,1.0028725735507709,0.08,0.5018773466833542,0.13266583229036297,0.04881101376720901,0.3166458072590738,0.0009172275641025617,0.0050347222222222225,0.0009172275641025617,0.9376923076923077,4.071557651542786,4.0484798949053316,0.00317008547008547,2.853076923076923,707.782712893384,707.782712893384,0.08,0.07999999999999999,0.0,0.0,408.2931179265215,408.2931179265215,5029585546.202793,5029585546.202793,1.0,1.0,3,3.0,5,5.0,0.0,0.0,3,3.0,0.0,0.0,5.726495726495726e-05,5.726495726495726e-05,2.853076923076923,3,6,MST,shell,6,1170000,105300000,106470000,106470000
LSC-MST-shell,20262140,1.24,0.38989768669088687,0.4675612194165194,4,1.175971830100257,3.241291398253305,-0.3489917781539631,-0.044449969444369075,0.35181111551892524,0.2479711478595212,0.11160724456767818,4.063362296669129,0.8633622966691288,0.757915495094105,0.44,0.1388888888888889,0.06222222222222222,0.35888888888888887,0.44,0.1922222222222222,0.06222222222222222,0.3055555555555556,0.44323102002422027,1.368659943660031,0.415311114254709,28.87600735297049,0.12698007177091028,0.12490775118134217,0.0020723205895681177,1.9703750396429611,1.9688136927531943,62.830962059440374,0.06321374736369798,0.003472222222222222,0.8777777777777778,0.12222222222222223,0.43126196235895997,1.0028725735507709,0.08,0.4962025316455696,0.1240506329113924,0.05569620253164557,0.3240506329113924,0.0009172275641025617,0.0050347222222222225,0.0009172275641025617,0.9376923076923077,4.071557651542786,4.0484798949053316,0.00317008547008547,2.853076923076923,707.782712893384,707.782712893384,0.08,0.07999999999999999,0.0,0.0,408.2931179265215,408.2931179265215,5029585546.202793,5029585546.202793,1.0,1.0,3,3.0,5,5.0,0.0,0.0,3,3.0,0.0,0.0,5.726495726495726e-05,5.726495726495726e-05,2.853076923076923,3,6,MST,shell,6,1170000,105300000,106470000,106470000
LSC-MST-shell,20262140,1.28,0.3698976866908869,0.4430767587075311,4,1.1745365977601239,3.2366427287731043,-0.31647933604113204,-0.007010972543096272,0.3165569836175406,0.2472402966828508,0.10711543149891008,4.045734971430776,0.845734971430776,0.7543461400492727,0.4222222222222222,0.13666666666666666,0.06111111111111111,0.38,0.4222222222222222,0.18888888888888888,0.06222222222222222,0.32666666666666666,0.42211990891310913,1.3655665173807237,0.4159848206740978,29.079531450096923,0.12642921785721176,0.12439973566142576,0.0020294821957859937,1.9627236078468935,1.9611686111511257,62.58065437353186,0.06516921043917277,0.004166666666666667,0.8766666666666667,0.1233333333333333,0.41303668119870274,1.0028725735507709,0.08,0.47782002534854245,0.12420785804816223,0.058301647655259824,0.3396704689480355,0.0009172275641025617,0.0050347222222222225,0.0009172275641025617,0.9376923076923077,4.071557651542786,4.0484798949053316,0.00317008547008547,2.853076923076923,707.782712893384,707.782712893384,0.08,0.07999999999999999,0.0,0.0,408.2931179265215,408.2931179265215,5029585546.202793,5029585546.202793,1.0,1.0,3,3.0,5,5.0,0.0,0.0,3,3.0,0.0,0.0,5.726495726495726e-05,5.726495726495726e-05,2.853076923076923,3,6,MST,shell,6,1170000,105300000,106470000,106470000
LSC-MST-shell,20262140,1.32,0.3587865755797758,0.42527441702587565,4,1.1781237381942378,3.2482738695719475,-0.2946799764574467,0.021972229197002677,0.29549799894558865,0.24601399187453554,0.11394377802079624,4.03612457440091,0.8361245744009098,0.7694710035175829,0.4066666666666667,0.1411111111111111,0.06,0.39222222222222225,0.4066666666666667,0.19444444444444445,0.06111111111111111,0.3377777777777778,0.4121199089131091,1.3633290995771035,0.4153158516762182,28.05591990891756,0.12612889295002844,0.12404222404360402,0.0020866689064244375,1.9534449742456672,1.9518944464451222,62.28291147101064,0.06575818122326774,0.004861111111111111,0.87,0.13,0.39721569435372217,1.0028725735507709,0.08,0.4623243933588761,0.12388250319284802,0.06385696040868455,0.3499361430395913,0.0009172275641025617,0.0050347222222222225,0.0009172275641025617,0.9376923076923077,4.071557651542786,4.0484798949053316,0.00317008547008547,2.853076923076923,707.782712893384,707.782712893384,0.08,0.07999999999999999,0.0,0.0,408.2931179265215,408.2931179265215,5029585546.202793,5029585546.202793,1.0,1.0,3,3.0,5,5.0,0.0,0.0,3,3.0,0.0,0.0,5.726495726495726e-05,5.726495726495726e-05,2.853076923076923,3,6,MST,shell,6,1170000,105300000,106470000,106470000
LSC-MST-shell,20262140,1.36,0.3554532422464425,0.42075044373884257,4,1.187573711230019,3.2791154666650315,-0.2841643681097083,0.02901432053312567,0.2856417667274669,0.24656229786945794,0.11507457088298692,4.048328674640493,0.8483286746404932,0.7460100692466395,0.4022222222222222,0.14222222222222222,0.06444444444444444,0.39111111111111113,0.4022222222222222,0.19,0.06333333333333334,0.34444444444444444,0.40323102002422023,1.3618618644344391,0.4135808588970239,27.99186873507587,0.12651027108251542,0.12439932886057506,0.0021109422219403634,1.9491547897324848,1.947599798121728,62.148554483134724,0.06460411178081744,0.004722222222222222,0.8788888888888889,0.12111111111111106,0.3887584817463722,1.0028725735507709,0.08,0.44879898862199746,0.12895069532237674,0.0695322376738306,0.3527180783817952,0.0009172275641025617,0.0050347222222222225,0.0009172275641025617,0.9376923076923077,4.071557651542786,4.0484798949053316,0.00317008547008547,2.853076923076923,707.782712893384,707.782712893384,0.08,0.07999999999999999,0.0,0.0,408.2931179265215,408.2931179265215,5029585546.202793,5029585546.202793,1.0,1.0,3,3.0,5,5.0,0.0,0.0,3,3.0,0.0,0.0,5.726495726495726e-05,5.726495726495726e-05,2.853076923076923,3,6,MST,shell,6,1170000,105300000,106470000,106470000
LSC-MST-shell,20262140,1.4000000000000001,0.351008797801998,0.41046841416813507,4,1.198283110005828,3.314421537786166,-0.269921403623912,0.05208502921823018,0.274900735544608,0.24420748282744642,0.11750450958514316,4.010794321869878,0.8107943218698779,0.7435138107904665,0.39111111111111113,0.14888888888888888,0.06666666666666667,0.3933333333333333,0.39111111111111113,0.2,0.06777777777777778,0.3411111111111111,0.4021199089131091,1.3592783393679628,0.4148717290814926,27.38416799021593,0.1253373225584337,0.12334149217569446,0.001995830382739258,1.9402265273237456,1.9386847586715497,61.86282012301929,0.06537358408626091,0.004930555555555555,0.8766666666666667,0.1233333333333333,0.3826184302481324,1.0028725735507709,0.08,0.4385297845373891,0.13307984790874525,0.0697084917617237,0.35868187579214195,0.0009172275641025617,0.0050347222222222225,0.0009172275641025617,0.9376923076923077,4.071557651542786,4.0484798949053316,0.00317008547008547,2.853076923076923,707.782712893384,707.782712893384,0.08,0.07999999999999999,0.0,0.0,408.2931179265215,408.2931179265215,5029585546.202793,5029585546.202793,1.0,1.0,3,3.0,5,5.0,0.0,0.0,3,3.0,0.0,0.0,5.726495726495726e-05,5.726495726495726e-05,2.853076923076923,3,6,MST,shell,6,1170000,105300000,106470000,106470000
LSC-MST-shell,20262140,1.44,0.33878657557977576,0.3982815591035184,4,1.2081983254282602,3.3474482040145954,-0.24679934058813408,0.062261823395842325,0.2545318234864015,0.24498262047660507,0.12273830371861452,4.04636237206102,0.8463623720610194,0.7884562285499905,0.38222222222222224,0.14555555555555555,0.07444444444444444,0.3977777777777778,0.38222222222222224,0.20333333333333334,0.07444444444444444,0.34,0.3965643533575536,1.3560320265463572,0.4164950282367713,26.7338184188619,0.12644882412690686,0.12460016329536645,0.0018486608315403873,1.9294306169348643,1.927873114893672,61.515713266507625,0.0653912462690156,0.0044444444444444444,0.88,0.12,0.36908960588280615,1.0028725735507709,0.08,0.42803030303030304,0.13005050505050506,0.07323232323232323,0.3686868686868687,0.0009172275641025617,0.0050347222222222225,0.0009172275641025617,0.9376923076923077,4.071557651542786,4.0484798949053316,0.00317008547008547,2.853076923076923,707.782712893384,707.782712893384,0.08,0.07999999999999999,0.0,0.0,408.2931179265215,408.2931179265215,5029585546.202793,5029585546.202793,1.0,1.0,3,3.0,5,5.0,0.0,0.0,3,3.0,0.0,0.0,5.726495726495726e-05,5.726495726495726e-05,2.853076923076923,3,6,MST,shell,6,1170000,105300000,106470000,106470000
LSC-MST-shell,20262140,1.48,0.3243421311353314,0.380005788929574,4,1.210851049927284,3.3563398502042703,-0.21834206003805762,0.08879424968395577,0.23570675416415074,0.2463273650228572,0.12433909327455747,4.088383860625534,0.8883838606255337,0.7954212430124714,0.36777777777777776,0.14555555555555555,0.07666666666666666,0.41,0.36777777777777776,0.20444444444444446,0.07888888888888888,0.3488888888888889,0.38323102002422027,1.355029309605917,0.41548581057041134,27.365315617373724,0.12776199564454793,0.12583661951582778,0.0019253761287201475,1.9286720873803487,1.9270991296364008,61.49187331825218,0.06530708501985366,0.0059722222222222225,0.8766666666666667,0.1233333333333333,0.35473503354344293,1.0028725735507709,0.08,0.41191381495564006,0.13181242078580482,0.07224334600760456,0.3840304182509506,0.0009172275641025617,0.0050347222222222225,0.0009172275641025617,0.9376923076923077,4.071557651542786,4.0484798949053316,0.00317008547008547,2.853076923076923,707.782712893384,707.782712893384,0.08,0.07999999999999999,0.0,0.0,408.2931179265215,408.2931179265215,5029585546.202793,5029585546.202793,1.0,1.0,3,3.0,5,5.0,0.0,0.0,3,3.0,0.0,0.0,5.726495726495726e-05,5.726495726495726e-05,2.853076923076923,3,6,MST,shell,6,1170000,105300000,106470000,106470000
LSC-MST-shell,20262140,1.52,0.3087865755797758,0.36666565918640465,4,1.2124571439522411,3.3617347788050025,-0.2036097533551409,0.09198885274924652,0.22342533583160135,0.24632519980859646,0.12231477964178507,4.067181324680699,0.8671813246806988,0.784214114933216,0.36,0.13777777777777778,0.08333333333333333,0.41888888888888887,0.36,0.20444444444444446,0.08333333333333333,0.3522222222222222,0.37545324224644244,1.355427174633583,0.4127639895085612,27.574049784210004,0.12709941639627184,0.125142632755595,0.0019567836406768507,1.9303482405842392,1.9287839576747943,61.547255401946686,0.06402164332751147,0.006388888888888889,0.8844444444444445,0.11555555555555552,0.34869724001305336,1.0028725735507709,0.08,0.4020100502512563,0.135678391959799,0.07663316582914573,0.38567839195979897,0.0009172275641025617,0.0050347222222222225,0.0009172275641025617,0.9376923076923077,4.071557651542786,4.0484798949053316,0.00317008547008547,2.853076923076923,707.782712893384,707.782712893384,0.08,0.07999999999999999,0.0,0.0,408.2931179265215,408.2931179265215,5029585546.202793,5029585546.202793,1.0,1.0,3,3.0,5,5.0,0.0,0.0,3,3.0,0.0,0.0,5.726495726495726e-05,5.726495726495726e-05,2.853076923076923,3,6,MST,shell,6,1170000,105300000,106470000,106470000
LSC-MST-shell,20262140,1.56,0.2987865755797758,0.35363505558204095,4,1.2070070896101313,3.34346297795792,-0.17775788978627127,0.10785218734237412,0.20791816105334,0.24511386824117673,0.13220985327861434,4.018078276675694,0.8180782766756938,0.719205799178695,0.35,0.13777777777777778,0.0811111111111111,0.4311111111111111,0.35,0.2011111111111111,0.0811111111111111,0.36777777777777776,0.36211990891310913,1.349592947322955,0.41407343755116677,26.588291097389956,0.12556494614611544,0.12382464653586925,0.0017402996102461514,1.9114537927072133,1.9099059846255149,60.943665060582546,0.0632187029378389,0.004583333333333333,0.89,0.10999999999999999,0.3316080487383276,1.0028725735507709,0.08,0.3920099875156055,0.1285892634207241,0.07740324594257178,0.4019975031210986,0.0009172275641025617,0.0050347222222222225,0.0009172275641025617,0.9376923076923077,4.071557651542786,4.0484798949053316,0.00317008547008547,2.853076923076923,707.782712893384,707.782712893384,0.08,0.07999999999999999,0.0,0.0,408.2931179265215,408.2931179265215,5029585546.202793,5029585546.202793,1.0,1.0,3,3.0,5,5.0,0.0,0.0,3,3.0,0.0,0.0,5.726495726495726e-05,5.726495726495726e-05,2.853076923076923,3,6,MST,shell,6,1170000,105300000,106470000,106470000
LSC-MST-shell,20262140,1.6,0.29434213113533136,0.35111935317634313,4,1.1961570583872907,3.3073823919564007,-0.16185810866603928,0.11795472374593843,0.20027821697560635,0.24471624042969994,0.13302356152635275,4.027198255579563,0.827198255579563,0.7501261758515206,0.35,0.13333333333333333,0.07777777777777778,0.4388888888888889,0.3511111111111111,0.19666666666666666,0.07888888888888888,0.37333333333333335,0.3587865755797758,1.3495202191284428,0.4161048231661967,26.075726447402516,0.12584994548686135,0.12425319720956089,0.0015967482773004429,1.9096371209178362,1.9080839559527165,60.886126943507655,0.06321503651186229,0.004583333333333333,0.8866666666666667,0.11333333333333329,0.32604639178696043,1.0028725735507709,0.08,0.39097744360902253,0.12406015037593984,0.07518796992481203,0.40977443609022557,0.0009172275641025617,0.0050347222222222225,0.0009172275641025617,0.9376923076923077,4.071557651542786,4.0484798949053316,0.00317008547008547,2.853076923076923,707.782712893384,707.782712893384,0.08,0.07999999999999999,0.0,0.0,408.2931179265215,408.2931179265215,5029585546.202793,5029585546.202793,1.0,1.0,3,3.0,5,5.0,0.0,0.0,3,3.0,0.0,0.0,5.726495726495726e-05,5.726495726495726e-05,2.853076923076923,3,6,MST,shell,6,1170000,105300000,106470000,106470000
LSC-MST-shell,20262140,1.6400000000000001,0.2898976866908869,0.3462943621118621,4,1.1901306004590442,3.287510529731956,-0.14844933644749003,0.13642462865590857,0.20161568588679446,0.24053550651949265,0.13723901258599813,4.055041319899104,0.8550413198991036,0.7604086802267608,0.3466666666666667,0.1322222222222222,0.07555555555555556,0.44555555555555554,0.3466666666666667,0.19555555555555557,0.07666666666666666,0.3811111111111111,0.35323102002422024,1.3475987460454093,0.4197264651321361,24.945739898629427,0.126720041246847,0.12517742415474287,0.0015426170921041082,1.9009610918331004,1.899396374031166,60.60729016084401,0.06441049580536307,0.0044444444444444444,0.8877777777777778,0.11222222222222222,0.32540178904104683,1.0028725735507709,0.08,0.38423028785982477,0.13016270337922403,0.07384230287859825,0.4117647058823529,0.0009172275641025617,0.0050347222222222225,0.0009172275641025617,0.9376923076923077,4.071557651542786,4.0484798949053316,0.00317008547008547,2.853076923076923,707.782712893384,707.782712893384,0.08,0.07999999999999999,0.0,0.0,408.2931179265215,408.2931179265215,5029585546.202793,5029585546.202793,1.0,1.0,3,3.0,5,5.0,0.0,0.0,3,3.0,0.0,0.0,5.726495726495726e-05,5.726495726495726e-05,2.853076923076923,3,6,MST,shell,6,1170000,105300000,106470000,106470000
LSC-MST-shell,20262140,1.68,0.28100879780199806,0.33456681804097294,4,1.1965566833793233,3.3087043687483244,-0.12845742131454768,0.14762942852869365,0.19569301790940807,0.24207876927256405,0.12834628393998443,4.061663507771368,0.8616635077713681,0.7350137634598113,0.33666666666666667,0.13333333333333333,0.08,0.45,0.33666666666666667,0.19666666666666666,0.0811111111111111,0.38555555555555554,0.34434213113533135,1.3497071205237499,0.41677064261135355,25.91303872626554,0.12692698461785526,0.1253514812016014,0.0015755034162538953,1.909752933562657,1.9081860400476371,60.88600183078696,0.06502370159171571,0.004861111111111111,0.8822222222222222,0.11777777777777776,0.31856547286497033,1.0028725735507709,0.08,0.3765743073047859,0.1309823677581864,0.07304785894206549,0.4193954659949622,0.0009172275641025617,0.0050347222222222225,0.0009172275641025617,0.9376923076923077,4.071557651542786,4.0484798949053316,0.00317008547008547,2.853076923076923,707.782712893384,707.782712893384,0.08,0.07999999999999999,0.0,0.0,408.2931179265215,408.2931179265215,5029585546.202793,5029585546.202793,1.0,1.0,3,3.0,5,5.0,0.0,0.0,3,3.0,0.0,0.0,5.726495726495726e-05,5.726495726495726e-05,2.853076923076923,3,6,MST,shell,6,1170000,105300000,106470000,106470000
LSC-MST-shell,20262140,1.72,0.2687865755797758,0.3221218937699156,4,1.1972509474516992,3.3110022809042854,-0.11274624535382982,0.15112394057790557,0.18854750398024464,0.2455909241217001,0.1370691215401266,4.041798348604768,0.841798348604768,0.7666303489991657,0.3277777777777778,0.13,0.08444444444444445,0.4577777777777778,0.33,0.18888888888888888,0.08555555555555555,0.39555555555555555,0.3298976866908869,1.3431195295178158,0.4127192724356846,27.021297158610125,0.126306198393899,0.12485787539453365,0.0014483229993653864,1.8953374261109668,1.8937767026685353,60.429171974170096,0.06342854266899017,0.004166666666666667,0.8744444444444445,0.12555555555555553,0.3091028257562547,1.0028725735507709,0.08,0.37229987293519695,0.12579415501905972,0.07496823379923762,0.4269377382465057,0.0009172275641025617,0.0050347222222222225,0.0009172275641025617,0.9376923076923077,4.071557651542786,4.0484798949053316,0.00317008547008547,2.853076923076923,707.782712893384,707.782712893384,0.08,0.07999999999999999,0.0,0.0,408.2931179265215,408.2931179265215,5029585546.202793,5029585546.202793,1.0,1.0,3,3.0,5,5.0,0.0,0.0,3,3.0,0.0,0.0,5.726495726495726e-05,5.726495726495726e-05,2.853076923076923,3,6,MST,shell,6,1170000,105300000,106470000,106470000
LSC-MST-shell,20262140,1.76,0.2621199089131091,0.31737152687103193,4,1.1830640954922573,3.264361208971288,-0.10187234343108817,0.16636485661926767,0.19507752272901918,0.24774775074014277,0.13958850859737365,4.0280241393111496,0.8280241393111494,0.7508860200041056,0.32555555555555554,0.12555555555555556,0.08,0.4688888888888889,0.32555555555555554,0.18888888888888888,0.08,0.40555555555555556,0.32545324224644245,1.3399366951814555,0.4107872947417103,28.19799426801616,0.12587575435347342,0.12439706929610117,0.0014786850573722443,1.8905181729026566,1.8889632095364555,60.27357053380326,0.06417791138726317,0.004375,0.87,0.13,0.30015311453252164,1.0028725735507709,0.08,0.367816091954023,0.12132822477650064,0.07662835249042145,0.4342273307790549,0.0009172275641025617,0.0050347222222222225,0.0009172275641025617,0.9376923076923077,4.071557651542786,4.0484798949053316,0.00317008547008547,2.853076923076923,707.782712893384,707.782712893384,0.08,0.07999999999999999,0.0,0.0,408.2931179265215,408.2931179265215,5029585546.202793,5029585546.202793,1.0,1.0,3,3.0,5,5.0,0.0,0.0,3,3.0,0.0,0.0,5.726495726495726e-05,5.726495726495726e-05,2.853076923076923,3,6,MST,shell,6,1170000,105300000,106470000,106470000
LSC-MST-shell,20262140,1.8,0.25767546446866474,0.30585847670314625,4,1.198018937100522,3.313546073061242,-0.07650848482750955,0.17886691026287133,0.1945428483331819,0.24465016039769566,0.14115343360611696,4.007627301105948,0.8076273011059474,0.7506697868276322,0.31333333333333335,0.13333333333333333,0.08555555555555555,0.4677777777777778,0.31333333333333335,0.19,0.08777777777777777,0.4088888888888889,0.3143421311353314,1.3401671322087272,0.4137579471855054,27.157888689334868,0.12523835315956086,0.12376371455155777,0.0014746386080030888,1.8878539574759574,1.886306911044063,60.189323021015525,0.06307197388692486,0.0038888888888888888,0.8766666666666667,0.1233333333333333,0.28689428242071957,1.0028725735507709,0.08,0.3548795944233207,0.12040557667934093,0.08491761723700887,0.43979721166032953,0.0009172275641025617,0.0050347222222222225,0.0009172275641025617,0.9376923076923077,4.071557651542786,4.0484798949053316,0.00317008547008547,2.853076923076923,707.782712893384,707.782712893384,0.08,0.07999999999999999,0.0,0.0,408.2931179265215,408.2931179265215,5029585546.202793,5029585546.202793,1.0,1.0,3,3.0,5,5.0,0.0,0.0,3,3.0,0.0,0.0,5.726495726495726e-05,5.726495726495726e-05,2.853076923076923,3,6,MST,shell,6,1170000,105300000,106470000,106470000
LSC-MST-shell,20262140,1.84,0.26100879780199804,0.30671740147162574,4,1.2086277712271358,3.348886060301336,-0.06703274564670895,0.17691572406034284,0.1891892238176683,0.2450303728694283,0.13236710920010977,4.054877464789982,0.8548774647899817,0.8000333914926141,0.31222222222222223,0.13777777777777778,0.08888888888888889,0.46111111111111114,0.31222222222222223,0.18777777777777777,0.08888888888888889,0.4111111111111111,0.311008797801998,1.3454606342546263,0.4147118400033528,26.934640757381274,0.12671492077468693,0.12526965687627808,0.0014452638984088515,1.9013444874883514,1.8997786167773973,60.621922262261705,0.06208701575226655,0.005208333333333333,0.8722222222222222,0.12777777777777777,0.2874287007362524,1.0028725735507709,0.08,0.3554140127388535,0.11210191082802548,0.08917197452229299,0.44331210191082804,0.0009172275641025617,0.0050347222222222225,0.0009172275641025617,0.9376923076923077,4.071557651542786,4.0484798949053316,0.00317008547008547,2.853076923076923,707.782712893384,707.782712893384,0.08,0.07999999999999999,0.0,0.0,408.2931179265215,408.2931179265215,5029585546.202793,5029585546.202793,1.0,1.0,3,3.0,5,5.0,0.0,0.0,3,3.0,0.0,0.0,5.726495726495726e-05,5.726495726495726e-05,2.853076923076923,3,6,MST,shell,6,1170000,105300000,106470000,106470000
LSC-MST-shell,20262140,1.8800000000000001,0.24645913244184334,0.3014415493532867,4,1.1884094813243902,3.2818571988773604,-0.04685062331483907,0.17139045192027538,0.17767855220713963,0.23619214257904825,0.12664741916538816,4.048140616312123,0.848140616312123,0.7788769199260726,0.31444444444444447,0.12,0.09,0.47555555555555556,0.31444444444444447,0.17888888888888888,0.09111111111111111,0.41555555555555557,0.3043421311353314,1.3502000370649188,0.41965464622314297,25.32953864527279,0.12650439425975385,0.12509032935145714,0.0014140649082966968,1.9090618191019368,1.9074981899850436,60.87023834741066,0.06170911983369831,0.006111111111111111,0.8766666666666667,0.1233333333333333,0.28689428242071957,1.0028725735507709,0.08,0.3548795944233207,0.10519645120405577,0.08871989860583017,0.4512040557667934,0.0009172275641025617,0.0050347222222222225,0.0009172275641025617,0.9376923076923077,4.071557651542786,4.0484798949053316,0.00317008547008547,2.853076923076923,707.782712893384,707.782712893384,0.08,0.07999999999999999,0.0,0.0,408.2931179265215,408.2931179265215,5029585546.202793,5029585546.202793,1.0,1.0,3,3.0,5,5.0,0.0,0.0,3,3.0,0.0,0.0,5.726495726495726e-05,5.726495726495726e-05,2.853076923076923,3,6,MST,shell,6,1170000,105300000,106470000,106470000
LSC-MST-shell,20262140,1.92,0.23323102002422022,0.2847593575365313,4,1.1868507297828896,3.2767455838135326,-0.03022838619404878,0.19695147152973483,0.1992577162110029,0.24311360451044353,0.13009284048381567,4.05052358433538,0.85052358433538,0.7576464293492182,0.3,0.12222222222222222,0.09111111111111111,0.4866666666666667,0.3,0.18333333333333332,0.09111111111111111,0.4255555555555556,0.29434213113533136,1.3458372233284313,0.41375792165005953,27.646816318395793,0.12657886201048063,0.125124507296985,0.001454354713495646,1.9046430126202096,1.9030789562789971,60.72557224612378,0.06387971633769107,0.005555555555555556,0.8755555555555555,0.12444444444444447,0.27084717530704355,1.0028725735507709,0.08,0.33883248730964466,0.10913705583756345,0.08756345177664974,0.46446700507614214,0.0009172275641025617,0.0050347222222222225,0.0009172275641025617,0.9376923076923077,4.071557651542786,4.0484798949053316,0.00317008547008547,2.853076923076923,707.782712893384,707.782712893384,0.08,0.07999999999999999,0.0,0.0,408.2931179265215,408.2931179265215,5029585546.202793,5029585546.202793,1.0,1.0,3,3.0,5,5.0,0.0,0.0,3,3.0,0.0,0.0,5.726495726495726e-05,5.726495726495726e-05,2.853076923076923,3,6,MST,shell,6,1170000,105300000,106470000,106470000
LSC-MST-shell,20262140,1.96,0.22979246577517665,0.28075856526404797,4,1.1718617507059883,3.22799677296448,-0.02400108578825515,0.20587722246997803,0.20727151963298768,0.24037991004468645,0.1394443083307401,4.060900392646121,0.860900392646121,0.8100462820984643,0.29777777777777775,0.11777777777777777,0.08666666666666667,0.49777777777777776,0.29777777777777775,0.18444444444444444,0.08888888888888889,0.4288888888888889,0.29323102002422025,1.3419139627668213,0.41635863456994404,26.896793201330098,0.12690313727019129,0.125560130280331,0.0013430069898602939,1.8917913813195562,1.8902218796910524,60.31313799112664,0.06424903758048099,0.005763888888888889,0.8666666666666667,0.1333333333333333,0.2704762264589374,1.0028725735507709,0.08,0.3384615384615385,0.09743589743589744,0.09230769230769231,0.4717948717948718,0.0009172275641025617,0.0050347222222222225,0.0009172275641025617,0.9376923076923077,4.071557651542786,4.0484798949053316,0.00317008547008547,2.853076923076923,707.782712893384,707.782712893384,0.08,0.07999999999999999,0.0,0.0,408.2931179265215,408.2931179265215,5029585546.202793,5029585546.202793,1.0,1.0,3,3.0,5,5.0,0.0,0.0,3,3.0,0.0,0.0,5.726495726495726e-05,5.726495726495726e-05,2.853076923076923,3,6,MST,shell,6,1170000,105300000,106470000,106470000
LSC-MST-shell,20262140,2.0,0.22312579910851,0.27056392324259254,4,1.1787939079247285,3.250451494003165,-0.010015190040524275,0.21638877007666385,0.21662041419690617,0.24025890706902286,0.15071171431110394,4.035351560650228,0.8353515606502278,0.812501980933498,0.2911111111111111,0.11333333333333333,0.09666666666666666,0.4988888888888889,0.2911111111111111,0.18444444444444444,0.09666666666666666,0.42777777777777776,0.2865643533575536,1.3364641258182093,0.41720556005336806,25.962805768836006,0.12610473627031962,0.12487265162891968,0.0012320846413999631,1.874326103248138,1.8727651951027764,59.75264408405248,0.06459866917658472,0.005,0.8733333333333333,0.1266666666666667,0.2564421689134294,1.0028725735507709,0.08,0.3244274809160305,0.09923664122137404,0.09796437659033079,0.47837150127226463,0.0009172275641025617,0.0050347222222222225,0.0009172275641025617,0.9376923076923077,4.071557651542786,4.0484798949053316,0.00317008547008547,2.853076923076923,707.782712893384,707.782712893384,0.08,0.07999999999999999,0.0,0.0,408.2931179265215,408.2931179265215,5029585546.202793,5029585546.202793,1.0,1.0,3,3.0,5,5.0,0.0,0.0,3,3.0,0.0,0.0,5.726495726495726e-05,5.726495726495726e-05,2.853076923076923,3,6,MST,shell,6,1170000,105300000,106470000,106470000
LSC-MST-shell,20262140,2.04,0.21979246577517664,0.2643531111548887,4,1.170460038428963,3.2234752199561267,0.0035258195064052983,0.21464333519132947,0.21467229151720793,0.2385012711702611,0.1523205202757734,4.049637458841616,0.8496374588416158,0.7361375149211108,0.2877777777777778,0.10666666666666667,0.09888888888888889,0.5066666666666667,0.2877777777777778,0.18333333333333332,0.1,0.4288888888888889,0.2821199089131091,1.33603844078623,0.41847967256780527,25.639063581494597,0.1265511705888005,0.12541911631966934,0.0011320542691311336,1.8721717099047994,1.8706039709508038,59.68386524642136,0.06391086295029477,0.004166666666666667,0.8688888888888889,0.13111111111111107,0.2593804168976547,1.0028725735507709,0.08,0.3273657289002558,0.09207161125319693,0.09974424552429667,0.48081841432225064,0.0009172275641025617,0.0050347222222222225,0.0009172275641025617,0.9376923076923077,4.071557651542786,4.0484798949053316,0.00317008547008547,2.853076923076923,707.782712893384,707.782712893384,0.08,0.07999999999999999,0.0,0.0,408.2931179265215,408.2931179265215,5029585546.202793,5029585546.202793,1.0,1.0,3,3.0,5,5.0,0.0,0.0,3,3.0,0.0,0.0,5.726495726495726e-05,5.726495726495726e-05,2.853076923076923,3,6,MST,shell,6,1170000,105300000,106470000,106470000
LSC-MST-shell,20262140,2.08,0.2153480213307322,0.25931209789146353,4,1.1820040223117168,3.2609025807254706,0.01230508080349558,0.21462494695340092,0.214977400831647,0.2365066540544095,0.14201316683452833,4.002562673091243,0.8025626730912432,0.7522586271577328,0.2833333333333333,0.10888888888888888,0.10555555555555556,0.5022222222222222,0.28444444444444444,0.17888888888888888,0.10555555555555556,0.4311111111111111,0.27434213113533135,1.342181590018568,0.42039283342115785,25.420680815468515,0.12508008353410136,0.12384756623797662,0.0012325172961247294,1.887910711984431,1.8863626174064565,60.18851354025958,0.06415978830644763,0.004375,0.8666666666666667,0.1333333333333333,0.25637366235637327,1.0028725735507709,0.08,0.3243589743589744,0.09230769230769231,0.10384615384615385,0.4794871794871795,0.0009172275641025617,0.0050347222222222225,0.0009172275641025617,0.9376923076923077,4.071557651542786,4.0484798949053316,0.00317008547008547,2.853076923076923,707.782712893384,707.782712893384,0.08,0.07999999999999999,0.0,0.0,408.2931179265215,408.2931179265215,5029585546.202793,5029585546.202793,1.0,1.0,3,3.0,5,5.0,0.0,0.0,3,3.0,0.0,0.0,5.726495726495726e-05,5.726495726495726e-05,2.853076923076923,3,6,MST,shell,6,1170000,105300000,106470000,106470000
LSC-MST-shell,20262140,2.12,0.21090357688628775,0.2557437206989048,4,1.1790827067591254,3.2513903561705213,0.018966899561090055,0.2317120442357776,0.23248702054713377,0.2335164002788273,0.14731952610088078,4.0669397313470395,0.8669397313470393,0.7898452406388976,0.2788888888888889,0.11333333333333333,0.10111111111111111,0.5066666666666667,0.2788888888888889,0.18333333333333332,0.10333333333333333,0.43444444444444447,0.2732310200242203,1.3407269770564012,0.42139025347358305,24.55290669157108,0.12709186660459498,0.12589562419992548,0.001196242404669536,1.8813784850539257,1.8798047897514265,59.976853133374576,0.06600063332451032,0.004930555555555555,0.8744444444444445,0.12555555555555553,0.24459410349930483,1.0028725735507709,0.08,0.312579415501906,0.09783989834815757,0.10546378653113088,0.4841168996188056,0.0009172275641025617,0.0050347222222222225,0.0009172275641025617,0.9376923076923077,4.071557651542786,4.0484798949053316,0.00317008547008547,2.853076923076923,707.782712893384,707.782712893384,0.08,0.07999999999999999,0.0,0.0,408.2931179265215,408.2931179265215,5029585546.202793,5029585546.202793,1.0,1.0,3,3.0,5,5.0,0.0,0.0,3,3.0,0.0,0.0,5.726495726495726e-05,5.726495726495726e-05,2.853076923076923,3,6,MST,shell,6,1170000,105300000,106470000,106470000
LSC-MST-shell,20262140,2.16,0.20868135466406554,0.2526954993947597,4,1.1882566429090835,3.2813556433532733,0.02687320470701562,0.21957762875131248,0.22121596727920506,0.23311941732254518,0.15369289195872116,3.9630172223130713,0.7630172223130711,0.7500210296956187,0.27666666666666667,0.11333333333333333,0.10777777777777778,0.5022222222222222,0.27666666666666667,0.18222222222222223,0.10888888888888888,0.43222222222222223,0.2698976866908869,1.3376417629142643,0.4227741451491278,24.083831477038302,0.12384428819728348,0.12282281986143015,0.0010214683358533328,1.871613560520378,1.87007827527211,59.6655186962601,0.06635633004320386,0.004791666666666666,0.88,0.12,0.24388337486608574,1.0028725735507709,0.08,0.31186868686868685,0.09343434343434344,0.11363636363636363,0.4810606060606061,0.0009172275641025617,0.0050347222222222225,0.0009172275641025617,0.9376923076923077,4.071557651542786,4.0484798949053316,0.00317008547008547,2.853076923076923,707.782712893384,707.782712893384,0.08,0.07999999999999999,0.0,0.0,408.2931179265215,408.2931179265215,5029585546.202793,5029585546.202793,1.0,1.0,3,3.0,5,5.0,0.0,0.0,3,3.0,0.0,0.0,5.726495726495726e-05,5.726495726495726e-05,2.853076923076923,3,6,MST,shell,6,1170000,105300000,106470000,106470000
LSC-MST-shell,20262140,2.2,0.20534802133073218,0.24659168927355277,4,1.1760253778170255,3.2414649666541173,0.03817897081505715,0.23440469738289946,0.23749357037121144,0.23430361867592114,0.15253443095923455,4.0427711751778235,0.8427711751778233,0.7962070072596026,0.2733333333333333,0.10666666666666667,0.10777777777777778,0.5122222222222222,0.2733333333333333,0.17444444444444446,0.10888888888888888,0.44333333333333336,0.2587865755797758,1.3379779745409863,0.42125594662133625,24.368984802451052,0.12633659922430698,0.12538593710829032,0.0009506621160166463,1.873519336525344,1.8719520123114906,59.722820411662696,0.06623365657516045,0.004652777777777777,0.8744444444444445,0.12555555555555553,0.24078215940781822,1.0028725735507709,0.08,0.3087674714104193,0.09275730622617535,0.10800508259212198,0.49047013977128334,0.0009172275641025617,0.0050347222222222225,0.0009172275641025617,0.9376923076923077,4.071557651542786,4.0484798949053316,0.00317008547008547,2.853076923076923,707.782712893384,707.782712893384,0.08,0.07999999999999999,0.0,0.0,408.2931179265215,408.2931179265215,5029585546.202793,5029585546.202793,1.0,1.0,3,3.0,5,5.0,0.0,0.0,3,3.0,0.0,0.0,5.726495726495726e-05,5.726495726495726e-05,2.853076923076923,3,6,MST,shell,6,1170000,105300000,106470000,106470000
LSC-MST-shell,20262140,2.24,0.2042369102196211,0.24333968411934365,4,1.1749784485340324,3.238073157862506,0.049997513359300805,0.2339265262552111,0.23920988906803875,0.23136095204615945,0.1566656812837076,4.034124409018736,0.8341244090187354,0.7481747392628617,0.2722222222222222,0.10111111111111111,0.11333333333333333,0.5133333333333333,0.2722222222222222,0.16666666666666666,0.11333333333333333,0.4477777777777778,0.2498976866908869,1.3379158363326922,0.42356935225650705,23.636924948595137,0.1260663877818355,0.12505952996758865,0.0010068578142468363,1.8710635352711351,1.8695002911465404,59.64429361837336,0.06683500467134275,0.004791666666666666,0.8688888888888889,0.13111111111111107,0.24019883121990523,1.0028725735507709,0.08,0.30818414322250637,0.08567774936061381,0.11125319693094629,0.4948849104859335,0.0009172275641025617,0.0050347222222222225,0.0009172275641025617,0.9376923076923077,4.071557651542786,4.0484798949053316,0.00317008547008547,2.853076923076923,707.782712893384,707.782712893384,0.08,0.07999999999999999,0.0,0.0,408.2931179265215,408.2931179265215,5029585546.202793,5029585546.202793,1.0,1.0,3,3.0,5,5.0,0.0,0.0,3,3.0,0.0,0.0,5.726495726495726e-05,5.726495726495726e-05,2.853076923076923,3,6,MST,shell,6,1170000,105300000,106470000,106470000
LSC-MST-shell,20262140,2.2800000000000002,0.2064591324418433,0.24401674798473813,4,1.1650890727241416,3.2062084562056032,0.07206738104463287,0.22410778998676487,0.23541029914467232,0.23329674485299318,0.14018949109600362,4.017512466657434,0.8175124666574334,0.7779329456614539,0.27444444444444444,0.09333333333333334,0.11444444444444445,0.5177777777777778,0.27444444444444444,0.15444444444444444,0.11666666666666667,0.45444444444444443,0.2398976866908869,1.3442853181997791,0.42045359579924657,24.890443376566864,0.1255472645830448,0.1245312115095878,0.0010160530734569892,1.8919460601452276,1.8903894200013576,60.316340872936095,0.0646855376862579,0.0043055555555555555,0.8766666666666667,0.1233333333333333,0.23746462462604273,1.0028725735507709,0.08,0.30544993662864384,0.07984790874524715,0.11280101394169835,0.5019011406844106,0.0009172275641025617,0.0050347222222222225,0.0009172275641025617,0.9376923076923077,4.071557651542786,4.0484798949053316,0.00317008547008547,2.853076923076923,707.782712893384,707.782712893384,0.08,0.07999999999999999,0.0,0.0,408.2931179265215,408.2931179265215,5029585546.202793,5029585546.202793,1.0,1.0,3,3.0,5,5.0,0.0,0.0,3,3.0,0.0,0.0,5.726495726495726e-05,5.726495726495726e-05,2.853076923076923,3,6,MST,shell,6,1170000,105300000,106470000,106470000
LSC-MST-shell,20262140,2.32,0.19423691021962108,0.23074663727827294,4,1.1697246009135625,3.2211054268735877,0.08356339612581341,0.2395969781094587,0.25375096668045255,0.2313365116005412,0.15363667362925743,4.015206219358735,0.8152062193587346,0.7605081274178068,0.26222222222222225,0.09888888888888889,0.11666666666666667,0.5222222222222223,0.26222222222222225,0.16111111111111112,0.11888888888888889,0.4577777777777778,0.23434213113533137,1.3369542218878294,0.4231788101955759,24.65198019223628,0.12547519435496046,0.12458577784326441,0.0008894165116960231,1.8715697142027943,1.8700123919797533,59.66348894478182,0.06496855960627772,0.0059722222222222225,0.8744444444444445,0.12555555555555553,0.22807567910286267,1.0028725735507709,0.08,0.2960609911054638,0.08640406607369759,0.11435832274459974,0.5031766200762389,0.0009172275641025617,0.0050347222222222225,0.0009172275641025617,0.9376923076923077,4.071557651542786,4.0484798949053316,0.00317008547008547,2.853076923076923,707.782712893384,707.782712893384,0.08,0.07999999999999999,0.0,0.0,408.2931179265215,408.2931179265215,5029585546.202793,5029585546.202793,1.0,1.0,3,3.0,5,5.0,0.0,0.0,3,3.0,0.0,0.0,5.726495726495726e-05,5.726495726495726e-05,2.853076923076923,3,6,MST,shell,6,1170000,105300000,106470000,106470000
LSC-MST-shell,20262140,2.36,0.19201468799739885,0.22693938503395722,4,1.1419991135963063,3.133025382497866,0.10344010758368054,0.25000336260222394,0.2705578259251478,0.23153164935582038,0.14155856234190828,4.0412335809583855,0.8412335809583853,0.7343626630115863,0.26,0.08777777777777777,0.11222222222222222,0.54,0.26,0.15222222222222223,0.11333333333333333,0.47444444444444445,0.22323102002422027,1.3430462930677038,0.4212123035398222,24.543671958285955,0.12628854940494955,0.12537419074388267,0.0009143586610668841,1.8874813749044583,1.88591419752016,60.175114246161385,0.06396851230002601,0.005902777777777778,0.88,0.12,0.221156102138813,1.0028725735507709,0.08,0.28914141414141414,0.08207070707070707,0.11616161616161616,0.5126262626262627,0.0009172275641025617,0.0050347222222222225,0.0009172275641025617,0.9376923076923077,4.071557651542786,4.0484798949053316,0.00317008547008547,2.853076923076923,707.782712893384,707.782712893384,0.08,0.07999999999999999,0.0,0.0,408.2931179265215,408.2931179265215,5029585546.202793,5029585546.202793,1.0,1.0,3,3.0,5,5.0,0.0,0.0,3,3.0,0.0,0.0,5.726495726495726e-05,5.726495726495726e-05,2.853076923076923,3,6,MST,shell,6,1170000,105300000,106470000,106470000
LSC-MST-shell,20262140,2.4,0.19312579910850997,0.22778919142712586,4,1.1573020030696841,3.181338445556159,0.0974082585100566,0.2457168824793985,0.26432017547163617,0.23166559933374326,0.14784839726274884,4.008772140333543,0.8087721403335424,0.7426670848136209,0.2611111111111111,0.09111111111111111,0.11777777777777777,0.53,0.2611111111111111,0.1511111111111111,0.11888888888888889,0.4688888888888889,0.22323102002422024,1.340795839316055,0.42158845421547597,24.096952109775884,0.1252741293854232,0.12446041362469656,0.0008137157607266328,1.87997391076436,1.8784181555940513,59.937166658249424,0.06232176758006051,0.0034027777777777776,0.8888888888888888,0.11111111111111116,0.22201468799739887,1.0028725735507709,0.08,0.29,0.08625,0.1175,0.50625,0.0009172275641025617,0.0050347222222222225,0.0009172275641025617,0.9376923076923077,4.071557651542786,4.0484798949053316,0.00317008547008547,2.853076923076923,707.782712893384,707.782712893384,0.08,0.07999999999999999,0.0,0.0,408.2931179265215,408.2931179265215,5029585546.202793,5029585546.202793,1.0,1.0,3,3.0,5,5.0,0.0,0.0,3,3.0,0.0,0.0,5.726495726495726e-05,5.726495726495726e-05,2.853076923076923,3,6,MST,shell,6,1170000,105300000,106470000,106470000
LSC-MST-shell,20262140,2.44,0.17757024355295445,0.2104699476402351,4,1.1655338978486396,3.207634975533598,0.12558296701188648,0.2653441636533618,0.2935619300733841,0.23154031944092146,0.15467533002683856,4.0197478393093355,0.8197478393093354,0.7694073379127302,0.24555555555555555,0.09777777777777778,0.12333333333333334,0.5333333333333333,0.24555555555555555,0.15444444444444444,0.12444444444444444,0.47555555555555556,0.21100879780199802,1.337478635368545,0.42169345651411994,24.080207191238685,0.12561711997841674,0.12473007698959243,0.00088704298882431,1.8711163950579015,1.869557269095532,59.65119192127768,0.06398513634354348,0.0042361111111111115,0.8833333333333333,0.1166666666666667,0.2062285244753863,1.0028725735507709,0.08,0.2742138364779874,0.0880503144654088,0.11949685534591195,0.5182389937106918,0.0009172275641025617,0.0050347222222222225,0.0009172275641025617,0.9376923076923077,4.071557651542786,4.0484798949053316,0.00317008547008547,2.853076923076923,707.782712893384,707.782712893384,0.08,0.07999999999999999,0.0,0.0,408.2931179265215,408.2931179265215,5029585546.202793,5029585546.202793,1.0,1.0,3,3.0,5,5.0,0.0,0.0,3,3.0,0.0,0.0,5.726495726495726e-05,5.726495726495726e-05,2.853076923076923,3,6,MST,shell,6,1170000,105300000,106470000,106470000
LSC-MST-shell,20262140,2.48,0.17312579910850995,0.20538137025028952,4,1.154903173973873,3.173716104331445,0.1348519972286039,0.27842849296139666,0.3093662665018568,0.23039685898301251,0.16553288875573172,4.0339228842036725,0.8339228842036723,0.7384998711705677,0.2411111111111111,0.09555555555555556,0.12111111111111111,0.5422222222222223,0.2411111111111111,0.15333333333333332,0.12111111111111111,0.48444444444444446,0.20545324224644246,1.3318831263832311,0.4226432647112618,23.52319979100855,0.12606009013136477,0.12527543484199294,0.0007846552893718198,1.8544417176263155,1.8528757746907902,59.11752517412066,0.06376611120802252,0.0020833333333333333,0.88,0.12,0.19842882941154028,1.0028725735507709,0.08,0.26641414141414144,0.0946969696969697,0.12247474747474747,0.5164141414141414,0.0009172275641025617,0.0050347222222222225,0.0009172275641025617,0.9376923076923077,4.071557651542786,4.0484798949053316,0.00317008547008547,2.853076923076923,707.782712893384,707.782712893384,0.08,0.07999999999999999,0.0,0.0,408.2931179265215,408.2931179265215,5029585546.202793,5029585546.202793,1.0,1.0,3,3.0,5,5.0,0.0,0.0,3,3.0,0.0,0.0,5.726495726495726e-05,5.726495726495726e-05,2.853076923076923,3,6,MST,shell,6,1170000,105300000,106470000,106470000
LSC-MST-shell,20262140,2.52,0.17312579910851,0.20706878774360837,4,1.1698595585603482,3.221540169017276,0.13508217532202216,0.27637029949494796,0.3076162163031344,0.23093958272241868,0.16545556024879604,4.019437821041583,0.8194378210415829,0.7604061150177142,0.2411111111111111,0.10444444444444445,0.12111111111111111,0.5333333333333333,0.2411111111111111,0.15555555555555556,0.12222222222222222,0.4811111111111111,0.2076754644686647,1.3317127594368459,0.4224352583344838,23.6863332623561,0.12560743190754947,0.12485702928078914,0.0007504026267603502,1.8544789357961273,1.852918222930117,59.1193172829363,0.06349161482463585,0.0036805555555555554,0.88,0.12,0.19842882941154028,1.0028725735507709,0.08,0.26641414141414144,0.09217171717171717,0.11994949494949494,0.5214646464646465,0.0009172275641025617,0.0050347222222222225,0.0009172275641025617,0.9376923076923077,4.071557651542786,4.0484798949053316,0.00317008547008547,2.853076923076923,707.782712893384,707.782712893384,0.08,0.07999999999999999,0.0,0.0,408.2931179265215,408.2931179265215,5029585546.202793,5029585546.202793,1.0,1.0,3,3.0,5,5.0,0.0,0.0,3,3.0,0.0,0.0,5.726495726495726e-05,5.726495726495726e-05,2.853076923076923,3,6,MST,shell,6,1170000,105300000,106470000,106470000
LSC-MST-shell,20262140,2.56,0.1753480213307322,0.2099179422202964,4,1.1682987260759246,3.216515806585675,0.1296181438589607,0.2768179020026994,0.30566160060861175,0.23160272783372143,0.15882772111091148,4.0171176102135835,0.8171176102135833,0.7441663399456396,0.24333333333333335,0.10444444444444445,0.11888888888888889,0.5333333333333333,0.24444444444444444,0.1511111111111111,0.12,0.48444444444444446,0.20656435335755358,1.3352641338352946,0.421691901090711,24.179284078238226,0.12553492531917448,0.12473262168087966,0.0008023036382948244,1.8654916459344542,1.8639324881634431,59.47169823524523,0.06441506690283386,0.004791666666666666,0.8777777777777778,0.12222222222222223,0.20036911837714572,1.0028725735507709,0.08,0.2683544303797468,0.08987341772151898,0.12531645569620253,0.5164556962025316,0.0009172275641025617,0.0050347222222222225,0.0009172275641025617,0.9376923076923077,4.071557651542786,4.0484798949053316,0.00317008547008547,2.853076923076923,707.782712893384,707.782712893384,0.08,0.07999999999999999,0.0,0.0,408.2931179265215,408.2931179265215,5029585546.202793,5029585546.202793,1.0,1.0,3,3.0,5,5.0,0.0,0.0,3,3.0,0.0,0.0,5.726495726495726e-05,5.726495726495726e-05,2.853076923076923,3,6,MST,shell,6,1170000,105300000,106470000,106470000
LSC-MST-shell,20262140,2.6,0.16979246577517668,0.20446803239795763,4,1.1605742595813644,3.191765651943239,0.14008699132921856,0.28775621658558154,0.3200437553262378,0.23735529182733434,0.16083538419481713,4.063340532473988,0.8633405324739876,0.8417435963093471,0.23777777777777778,0.10555555555555556,0.11555555555555555,0.5411111111111111,0.23777777777777778,0.15555555555555556,0.11555555555555555,0.4911111111111111,0.20434213113533137,1.332168583549851,0.4173492247656977,25.392375735208574,0.12697939163981212,0.12594260693907702,0.0010367847007351073,1.8610369029999598,1.8594626204132214,59.32877789343173,0.06409148495755979,0.005694444444444445,0.8744444444444445,0.12555555555555553,0.19503883030997826,1.0028725735507709,0.08,0.2630241423125794,0.09529860228716645,0.1181702668360864,0.5235069885641678,0.0009172275641025617,0.0050347222222222225,0.0009172275641025617,0.9376923076923077,4.071557651542786,4.0484798949053316,0.00317008547008547,2.853076923076923,707.782712893384,707.782712893384,0.08,0.07999999999999999,0.0,0.0,408.2931179265215,408.2931179265215,5029585546.202793,5029585546.202793,1.0,1.0,3,3.0,5,5.0,0.0,0.0,3,3.0,0.0,0.0,5.726495726495726e-05,5.726495726495726e-05,2.853076923076923,3,6,MST,shell,6,1170000,105300000,106470000,106470000
