method,seed,step,t,wallclock_s,W2,TV,TV_density,MMD,EMC,EJS,nonfinite_frac,m_clip_fraction,max_log_magnitude,mala_accept,pt_swap_accept,jump_count_mean,W2_10d
ULA,0,800,4.0,0.6654780860990286,1.2780910707102087,0.9995283338253086,,1.0418143191375548,0.0029462573685854476,,0.0,,,,,,0.4729746821401093
ULA,1,800,4.0,0.6654780860990286,1.273725494141445,0.9995283338253087,,1.0450054890494644,0.0029462279436860417,,0.0,,,,,,0.4711060428367263
ULA,2,800,4.0,0.6654780860990286,1.273346694803837,0.9995283338253086,,1.0390504582473206,0.0029462573685854476,,0.0,,,,,,0.47072812547252907
ULA,3,800,4.0,0.6654780860990286,1.2749351515967737,0.9995283338253086,,1.0481466271169884,0.0029462573685854476,,0.0,,,,,,0.4717411087649898
ULA,4,800,4.0,0.6654780860990286,1.273509642025184,0.9995283338253087,,1.0418713446670018,0.0029462105068045474,,0.0,,,,,,0.47102029158680364
ULA,0,1600,8.0,1.2863340871408582,1.2703322130450696,0.9995283338253087,,1.0457635339661233,0.002945897677612219,,0.0,,,,,,0.4698788262989848
ULA,1,1600,8.0,1.2863340871408582,1.2724777066756918,0.9995283338253087,,1.0417049462542316,0.002945897677612219,,0.0,,,,,,0.4706052046689725
ULA,2,1600,8.0,1.2863340871408582,1.27283623720347,0.9990283338253086,,1.040611144408838,0.006047929619102499,,0.0,,,,,,0.4706493490747894
ULA,3,1600,8.0,1.2863340871408582,1.2725301184342876,0.9995283338253087,,1.0384879185966864,0.0029459560878025703,,0.0,,,,,,0.4704113403524888
ULA,4,1600,8.0,1.2863340871408582,1.2730116671812424,0.9995283338253087,,1.0420613006168142,0.0029462105068045474,,0.0,,,,,,0.4709042260714435
ULA,0,2400,12.0,1.917991992086172,1.2710326697304632,0.9995283338253087,,1.0389236199987386,0.002945835491059423,,0.0,,,,,,0.4695791502354937
ULA,1,2400,12.0,1.917991992086172,1.277437603848004,0.9995283338253087,,1.0439452652471903,0.0029462572013218002,,0.0,,,,,,0.47256067637939464
ULA,2,2400,12.0,1.917991992086172,1.2730284021908895,0.9990283338253086,,1.0389086100708016,0.006047879479893492,,0.0,,,,,,0.4705580247493283
ULA,3,2400,12.0,1.917991992086172,1.2734101843528807,0.9995283338253086,,1.0473158804851144,0.0029462573685854476,,0.0,,,,,,0.47080688339623716
ULA,4,2400,12.0,1.917991992086172,1.2752896228241464,0.9995283338253086,,1.0427914798220979,0.0029462573685854476,,0.0,,,,,,0.47117384536856544
ULA,0,3200,16.0,2.5324668707326055,1.2737793226394765,0.9995283338253087,,1.0446015213219495,0.0029462572013218002,,0.0,,,,,,0.47073754201831397
ULA,1,3200,16.0,2.5324668707326055,1.2723344903586957,0.9995283338253087,,1.0443893483407505,0.0029462105068045474,,0.0,,,,,,0.4703954461469901
ULA,2,3200,16.0,2.5324668707326055,1.2760575878795668,0.9990283338253088,,1.0423911481566663,0.0060480979085748565,,0.0,,,,,,0.47178189663315806
ULA,3,3200,16.0,2.5324668707326055,1.274966341486823,0.9995283338253087,,1.0444175116208447,0.0029462491438754235,,0.0,,,,,,0.4713111435039095
ULA,4,3200,16.0,2.5324668707326055,1.2730931742857856,0.9995283338253087,,1.0453248940517674,0.002946233300036738,,0.0,,,,,,0.47050489727528516
ULA,0,4000,20.0,3.1608045250177383,1.2735924490649622,0.9995283338253086,,1.0424272385383289,0.0029462573685854476,,0.0,,,,,,0.4703719581633833
ULA,1,4000,20.0,3.1608045250177383,1.2713166808743486,0.9990283338253088,,1.0390477297012324,0.006047825018246522,,0.0,,,,,,0.4699850573280246
ULA,2,4000,20.0,3.1608045250177383,1.27187658270312,0.9985283338253086,,1.0382399874282002,0.008650152616446194,,0.0,,,,,,0.4701129711691164
ULA,3,4000,20.0,3.1608045250177383,1.270796919523751,0.9995283338253086,,1.038557524586027,0.0029457697623429535,,0.0,,,,,,0.47025678953507344
ULA,4,4000,20.0,3.1608045250177383,1.2761320107228429,0.9995283338253087,,1.0430482076125516,0.0029462491438754235,,0.0,,,,,,0.47190761816093973
ULA,0,4800,24.0,3.80541761405766,1.2745884290439187,0.9995283338253086,,1.0515525167869735,0.002946196557021663,,0.0,,,,,,0.4714908396273562
ULA,1,4800,24.0,3.80541761405766,1.2746845996130096,0.9985283338253086,,1.0402841855777538,0.00865017702928439,,0.0,,,,,,0.47147963478533284
ULA,2,4800,24.0,3.80541761405766,1.2719010316742427,0.9985283338253087,,1.0386327072447936,0.008650177033904582,,0.0,,,,,,0.4701980965911144
ULA,3,4800,24.0,3.80541761405766,1.2695367843641054,0.9995283338253087,,1.0413210632780254,0.002946105925992648,,0.0,,,,,,0.4696865818385835
ULA,4,4800,24.0,3.80541761405766,1.2741228852740019,0.9995283338253087,,1.0416671430271816,0.002946247743817354,,0.0,,,,,,0.471336206988161
ULA,0,5600,28.0,4.453871005214751,1.2724439076006349,0.9995283338253086,,1.0437760281589088,0.002946181348366994,,0.0,,,,,,0.4704641883687947
ULA,1,5600,28.0,4.453871005214751,1.27195463501739,0.9980283338253086,,1.0364664841721394,0.011063532266755605,,0.0,,,,,,0.4699550179846818
ULA,2,5600,28.0,4.453871005214751,1.2711181093415413,0.9985283338253086,,1.0394988415933781,0.008649874193696006,,0.0,,,,,,0.46975191239356057
ULA,3,5600,28.0,4.453871005214751,1.273919650081371,0.9995283338253087,,1.042151664186463,0.0029461463373380292,,0.0,,,,,,0.4713871885211527
ULA,4,5600,28.0,4.453871005214751,1.276246922070966,0.9995283338253087,,1.0445681326081335,0.002946233300036738,,0.0,,,,,,0.47215796480024086
ULA,0,6400,32.0,5.1019249353557825,1.272473800674955,0.9995283338253086,,1.0367615861367958,0.0029462573685854476,,0.0,,,,,,0.47069024356463907
ULA,1,6400,32.0,5.1019249353557825,1.2689113557708656,0.9980283338253086,,1.0417203723297976,0.011063381648403592,,0.0,,,,,,0.4687684680892842
ULA,2,6400,32.0,5.1019249353557825,1.272813532306901,0.9985283338253086,,1.0437913965621908,0.008650024551730251,,0.0,,,,,,0.470081146935316
ULA,3,6400,32.0,5.1019249353557825,1.273899332537142,0.9995283338253087,,1.0447399838340035,0.002946247743817354,,0.0,,,,,,0.47105270044769293
ULA,4,6400,32.0,5.1019249353557825,1.2730110135168862,0.9995283338253087,,1.0472692204069907,0.0029462279436860417,,0.0,,,,,,0.4708607601799879
ULA,0,7200,36.0,5.735896081663668,1.2705109159286936,0.9995283338253087,,1.0439383321440967,0.002946105925992648,,0.0,,,,,,0.46974196737104745
ULA,1,7200,36.0,5.735896081663668,1.2733117644127556,0.9975283338253087,,1.0443001341990574,0.013354704555367025,,0.0,,,,,,0.47049270078315086
ULA,2,7200,36.0,5.735896081663668,1.2722399862843135,0.9985283338253086,,1.040562333809022,0.008650100319790188,,0.0,,,,,,0.47023825451641715
ULA,3,7200,36.0,5.735896081663668,1.2735749040764395,0.9995283338253087,,1.042759387859086,0.002946105925992648,,0.0,,,,,,0.4708402029912734
ULA,4,7200,36.0,5.735896081663668,1.2722836283228547,0.9995283338253086,,1.0487369091751955,0.002946181348366994,,0.0,,,,,,0.47034961252335517
ULA,0,8000,40.0,6.327760593034327,1.275182008135141,0.9995283338253087,,1.0489326870718567,0.0029461520989096934,,0.0,,,,,,0.47150500337218304
ULA,1,8000,40.0,6.327760593034327,1.2744585918353961,0.9975283338253086,,1.035665215983694,0.013354739912256997,,0.0,,,,,,0.4710897208031435
ULA,2,8000,40.0,6.327760593034327,1.2747414368167336,0.9985283338253086,,1.0417259287307241,0.008650168632516442,,0.0,,,,,,0.4712837564432102
ULA,3,8000,40.0,6.327760593034327,1.272167056771379,0.9995283338253087,,1.0388113402092407,0.0029459560878025703,,0.0,,,,,,0.47041693193212014
ULA,4,8000,40.0,6.327760593034327,1.275762807286539,0.9995283338253087,,1.0492332880932214,0.0029462572013218002,,0.0,,,,,,0.4714689247797858
ULA,0,8800,44.0,6.908760340884328,1.2701234885281305,0.9990283338253088,,1.0390411959791632,0.006048015613993707,,0.0,,,,,,0.46938863693124794
ULA,1,8800,44.0,6.908760340884328,1.2692068123731286,0.9975283338253086,,1.0385172362144104,0.013354567641104986,,0.0,,,,,,0.46920372530030624
ULA,2,8800,44.0,6.908760340884328,1.2732013576716632,0.9985283338253087,,1.04381516864415,0.008650177033904582,,0.0,,,,,,0.4705442165904734
ULA,3,8800,44.0,6.908760340884328,1.2708684781557475,0.9995283338253087,,1.0432371027941505,0.002946105925992648,,0.0,,,,,,0.46988281846003915
ULA,4,8800,44.0,6.908760340884328,1.2716143042964232,0.9995283338253086,,1.0441400571074426,0.002946010462765214,,0.0,,,,,,0.4704747656685842
ULA,0,9600,48.0,7.549825578927994,1.2717697537263821,0.9990283338253088,,1.033878749630868,0.006047569286854126,,0.0,,,,,,0.4701685013112764
ULA,1,9600,48.0,7.549825578927994,1.272529167319556,0.9975283338253086,,1.0428190037195761,0.013354817312423162,,0.0,,,,,,0.470159909234508
ULA,2,9600,48.0,7.549825578927994,1.2736308018002485,0.9985283338253086,,1.0413016654002218,0.008650152616446194,,0.0,,,,,,0.4707906361436427
ULA,3,9600,48.0,7.549825578927994,1.2726592485804251,0.9995283338253087,,1.0434608446137497,0.0029462572013218002,,0.0,,,,,,0.47071786780984143
ULA,4,9600,48.0,7.549825578927994,1.2749997014841425,0.9995283338253087,,1.0447429450878427,0.002946060515377269,,0.0,,,,,,0.4714800631142469
ULA,0,10400,52.0,8.233561631292105,1.2710587592040838,0.9990283338253086,,1.040477631822814,0.006047929619102499,,0.0,,,,,,0.46968086048037677
ULA,1,10400,52.0,8.233561631292105,1.2699526373136627,0.9975283338253086,,1.0392582994635235,0.013354567641104986,,0.0,,,,,,0.4694453249761833
ULA,2,10400,52.0,8.233561631292105,1.2703994415132434,0.9975283338253086,,1.0397249802552393,0.013354567641104986,,0.0,,,,,,0.4694582564625492
ULA,3,10400,52.0,8.233561631292105,1.2749159018640235,0.9995283338253087,,1.042940543700805,0.002946233300036738,,0.0,,,,,,0.4712905487495693
ULA,4,10400,52.0,8.233561631292105,1.2710081692428363,0.9995283338253087,,1.043335133598888,0.002945835491059423,,0.0,,,,,,0.4701301912894742
ULA,0,11200,56.0,8.818930360488594,1.2731240983305456,0.9990283338253088,,1.0409414857773156,0.006047825018246522,,0.0,,,,,,0.47062934853900706
ULA,1,11200,56.0,8.818930360488594,1.2684196405950596,0.9975283338253086,,1.0327687935091139,0.013354567641104986,,0.0,,,,,,0.4691919405525707
ULA,2,11200,56.0,8.818930360488594,1.2734145166278485,0.9970283338253088,,1.040742352556298,0.015554969208449787,,0.0,,,,,,0.4705891880184535
ULA,3,11200,56.0,8.818930360488594,1.2701679210379389,0.9995283338253087,,1.0375689355899598,0.0029461463373380292,,0.0,,,,,,0.4697342516226001
ULA,4,11200,56.0,8.818930360488594,1.2721057049125248,0.9995283338253087,,1.0432171480771202,0.002946233300036738,,0.0,,,,,,0.4703139254943738
ULA,0,12000,60.0,9.39885205682367,1.2729200620898002,0.9990283338253088,,1.0436497462816696,0.006047766521283471,,0.0,,,,,,0.4705068261552845
ULA,1,12000,60.0,9.39885205682367,1.272152811458895,0.9975283338253086,,1.0424148839118323,0.013354567641104986,,0.0,,,,,,0.46992281776674455
ULA,2,12000,60.0,9.39885205682367,1.2699681491176864,0.9970283338253088,,1.0371712950967824,0.015554988688058935,,0.0,,,,,,0.4694669701531023
ULA,3,12000,60.0,9.39885205682367,1.274117720394682,0.9995283338253086,,1.0400823770623662,0.0029462573685854476,,0.0,,,,,,0.47133397139627314
ULA,4,12000,60.0,9.39885205682367,1.2728028441071964,0.9995283338253087,,1.0441610608341967,0.0029462572013218002,,0.0,,,,,,0.47060078764141244
ULA,0,12800,64.0,10.024332148954272,1.273855078885446,0.9990283338253086,,1.040320141436029,0.006048066607549085,,0.0,,,,,,0.47068773917220674
ULA,1,12800,64.0,10.024332148954272,1.273000545239925,0.9975283338253087,,1.0398855570346792,0.01335451291887546,,0.0,,,,,,0.4706774256549767
ULA,2,12800,64.0,10.024332148954272,1.2685513216249973,0.9970283338253086,,1.0428227991364374,0.015554746979120293,,0.0,,,,,,0.46869227308023353
ULA,3,12800,64.0,10.024332148954272,1.2747641465072943,0.9995283338253086,,1.041956345984758,0.0029462573685854476,,0.0,,,,,,0.4711302412713044
ULA,4,12800,64.0,10.024332148954272,1.2712260259284969,0.9995283338253087,,1.0432381352628948,0.002945897677612219,,0.0,,,,,,0.4702981524361295
ULA,0,13600,68.0,10.640058597549796,1.2717409983952916,0.9990283338253086,,1.0400897462438292,0.006047704247870045,,0.0,,,,,,0.46999300212281886
ULA,1,13600,68.0,10.640058597549796,1.2715825986042992,0.9975283338253086,,1.0419130700568147,0.013354325549495671,,0.0,,,,,,0.46990701318822425
ULA,2,13600,68.0,10.640058597549796,1.2692447484934803,0.9970283338253086,,1.0361545301911006,0.01555479746559607,,0.0,,,,,,0.46915701400978277
ULA,3,13600,68.0,10.640058597549796,1.2722971191965278,0.9995283338253087,,1.041529874467986,0.002946060515377269,,0.0,,,,,,0.4705489543427962
ULA,4,13600,68.0,10.640058597549796,1.2730051453393703,0.9995283338253087,,1.0380620913885998,0.0029462491438754235,,0.0,,,,,,0.47056876020291105
ULA,0,14400,72.0,11.2385942209512,1.2735622218965295,0.9985283338253086,,1.0438592953048884,0.008650100319790188,,0.0,,,,,,0.4707208997136625
ULA,1,14400,72.0,11.2385942209512,1.2700903562599695,0.9975283338253086,,1.036357600109052,0.013354567641104986,,0.0,,,,,,0.46901428037589343
ULA,2,14400,72.0,11.2385942209512,1.2717827391003276,0.9970283338253086,,1.0324404610234168,0.015554504538829561,,0.0,,,,,,0.46991622782731374
ULA,3,14400,72.0,11.2385942209512,1.269120668870895,0.9990283338253088,,1.0429543315294585,0.006047497005339464,,0.0,,,,,,0.46942841301523913
ULA,4,14400,72.0,11.2385942209512,1.2716369338417752,0.9995283338253087,,1.0418254064148265,0.002945628509641196,,0.0,,,,,,0.47003352635755014
ULA,0,15200,76.0,11.88380704075098,1.2688243007384095,0.9985283338253086,,1.040399747060084,0.008649311515645186,,0.0,,,,,,0.46921668945747447
ULA,1,15200,76.0,11.88380704075098,1.273875328140566,0.9975283338253087,,1.0451962136419155,0.013354808375538596,,0.0,,,,,,0.47087762502765673
ULA,2,15200,76.0,11.88380704075098,1.2709357901286433,0.9970283338253088,,1.0367954241576351,0.015554972412986645,,0.0,,,,,,0.46973460932186845
ULA,3,15200,76.0,11.88380704075098,1.2725868008488912,0.9990283338253086,,1.0430588653907906,0.006048050711356279,,0.0,,,,,,0.4703919565266774
ULA,4,15200,76.0,11.88380704075098,1.272205173668553,0.9995283338253087,,1.0436454093637881,0.0029461463373380292,,0.0,,,,,,0.47036304640236465
ULA,0,16000,80.0,12.513984334655106,1.2721729987641444,0.9985283338253087,,1.0425954224126912,0.008650129650808247,,0.0,,,,,,0.47023968682699174
ULA,1,16000,80.0,12.513984334655106,1.2743471020714126,0.9975283338253087,,1.0444503312662683,0.013354808743249347,,0.0,,,,,,0.47070919713560605
ULA,2,16000,80.0,12.513984334655106,1.2705143325062866,0.9960283338253086,,1.037063727322978,0.019750177775963218,,0.0,,,,,,0.4691674344543702
ULA,3,16000,80.0,12.513984334655106,1.2714443631583003,0.9990283338253086,,1.0405774893092368,0.0060480799560407306,,0.0,,,,,,0.46984563789636224
ULA,4,16000,80.0,12.513984334655106,1.2728500537492593,0.9990283338253088,,1.04529952793275,0.006048102835432001,,0.0,,,,,,0.4704791790027122
ULA,0,16800,84.0,13.13860300835222,1.2734625850271273,0.9985283338253087,,1.0384795045979756,0.008650072617295668,,0.0,,,,,,0.47052177867839196
ULA,1,16800,84.0,13.13860300835222,1.2705128269810575,0.9975283338253087,,1.0426672180813434,0.01335461804063165,,0.0,,,,,,0.4695192920997777
ULA,2,16800,84.0,13.13860300835222,1.2694530201021932,0.9960283338253086,,1.0328716391077546,0.019750101140615928,,0.0,,,,,,0.4689627567757752
ULA,3,16800,84.0,13.13860300835222,1.2707211696120098,0.9990283338253088,,1.0409722014337075,0.006048015613993707,,0.0,,,,,,0.46991236125152286
ULA,4,16800,84.0,13.13860300835222,1.2745171466492962,0.9990283338253088,,1.043122637027606,0.006048102835432001,,0.0,,,,,,0.47131588913341954
ULA,0,17600,88.0,13.729652868583798,1.2690782831690026,0.9985283338253086,,1.037653964926216,0.008650065136005969,,0.0,,,,,,0.4692117425266401
ULA,1,17600,88.0,13.729652868583798,1.2738307911695108,0.9975283338253086,,1.0390138040015227,0.013354325549495671,,0.0,,,,,,0.47079743254357553
ULA,2,17600,88.0,13.729652868583798,1.272934357450016,0.9960283338253086,,1.0368580488721484,0.019750256650618914,,0.0,,,,,,0.4705910005737317
ULA,3,17600,88.0,13.729652868583798,1.2752905219561488,0.9990283338253086,,1.0429644059754057,0.006048050711356279,,0.0,,,,,,0.4715669243595742
ULA,4,17600,88.0,13.729652868583798,1.27315814359633,0.9990283338253088,,1.0415338862562602,0.006047975116226789,,0.0,,,,,,0.47089833925206204
ULA,0,18400,92.0,14.330834562890232,1.2726692923416965,0.9985283338253087,,1.035305160145882,0.008649978968008898,,0.0,,,,,,0.4705703717144741
ULA,1,18400,92.0,14.330834562890232,1.2696850754101316,0.9975283338253087,,1.0375068531245417,0.01335461804063165,,0.0,,,,,,0.4692128186280905
ULA,2,18400,92.0,14.330834562890232,1.2701055980053773,0.9960283338253086,,1.036726104789938,0.019750207539965814,,0.0,,,,,,0.4690809063843361
ULA,3,18400,92.0,14.330834562890232,1.2727725126610248,0.9990283338253086,,1.0390595198458765,0.006047929619102499,,0.0,,,,,,0.4705484376670156
ULA,4,18400,92.0,14.330834562890232,1.2721264504794636,0.9990283338253088,,1.0410925632189216,0.006047975116226789,,0.0,,,,,,0.470525792346305
ULA,0,19200,96.0,14.991245246492326,1.272933138343262,0.9985283338253086,,1.0451067820439877,0.00865011690421591,,0.0,,,,,,0.47022428231644614
ULA,1,19200,96.0,14.991245246492326,1.2686758214161555,0.9975283338253087,,1.038801556952553,0.013353948843963459,,0.0,,,,,,0.4690736691740967
ULA,2,19200,96.0,14.991245246492326,1.2717081828574046,0.9960283338253086,,1.044982940063589,0.019750247386327136,,0.0,,,,,,0.4698447279420614
ULA,3,19200,96.0,14.991245246492326,1.2696174494361063,0.9985283338253086,,1.0440983338165397,0.008649687346806711,,0.0,,,,,,0.46917325268048116
ULA,4,19200,96.0,14.991245246492326,1.2716627642184606,0.9990283338253086,,1.0405159391559413,0.006048050711356279,,0.0,,,,,,0.4699640502756623
ULA,0,20000,100.0,15.640911066904664,1.273585031301578,0.9985283338253086,,1.045166380137587,0.00865017702928439,,0.0,,,,,,0.47078113797218274
ULA,1,20000,100.0,15.640911066904664,1.270073698783827,0.9975283338253087,,1.0363459644463153,0.01335461804063165,,0.0,,,,,,0.469278368414458
ULA,2,20000,100.0,15.640911066904664,1.2694651960652337,0.9960283338253086,,1.0362388674323588,0.019750207539965814,,0.0,,,,,,0.4693217147221282
ULA,3,20000,100.0,15.640911066904664,1.2696433751666734,0.9985283338253086,,1.0405419879988094,0.008649618114330515,,0.0,,,,,,0.4694131559979746
ULA,4,20000,100.0,15.640911066904664,1.2743118873067385,0.9990283338253088,,1.0432742065663005,0.006048118765343058,,0.0,,,,,,0.4709997278846778
ULA,0,20800,104.0,16.285934805870056,1.2711533506021064,0.9985283338253086,,1.0378622003629376,0.008650024551730251,,0.0,,,,,,0.46966543078095535
ULA,1,20800,104.0,16.285934805870056,1.2691862610995444,0.9970283338253086,,1.0319965038944083,0.015554746979120293,,0.0,,,,,,0.4687598106413976
ULA,2,20800,104.0,16.285934805870056,1.2705919739862224,0.9960283338253086,,1.036873643495591,0.01975014215875548,,0.0,,,,,,0.4692516242314588
ULA,3,20800,104.0,16.285934805870056,1.2709660335071833,0.9985283338253086,,1.0397405279758483,0.008650168632516442,,0.0,,,,,,0.4693830088020102
ULA,4,20800,104.0,16.285934805870056,1.275578771731106,0.9990283338253086,,1.0452782007689845,0.0060480799560407306,,0.0,,,,,,0.4715630960140263
ULA,0,21600,108.0,16.90263554546982,1.2742756923759717,0.9985283338253087,,1.0422987223175195,0.008650129650808247,,0.0,,,,,,0.4712630866055015
ULA,1,21600,108.0,16.90263554546982,1.2707105724477075,0.9970283338253086,,1.0384828590326063,0.015554949188084644,,0.0,,,,,,0.46944690543772655
ULA,2,21600,108.0,16.90263554546982,1.2704737534241697,0.9960283338253086,,1.0358195677900364,0.019750177775963218,,0.0,,,,,,0.4693977705930071
ULA,3,21600,108.0,16.90263554546982,1.270180814589012,0.9985283338253086,,1.0361431675122528,0.008649928742115787,,0.0,,,,,,0.46953036399462894
ULA,4,21600,108.0,16.90263554546982,1.2714792885450923,0.9990283338253088,,1.0427873588894017,0.006047766521283471,,0.0,,,,,,0.4702318348638474
ULA,0,22400,112.0,17.510208761319518,1.2698525154534723,0.9985283338253086,,1.040972917702763,0.008650024551730251,,0.0,,,,,,0.46952965944749275
ULA,1,22400,112.0,17.510208761319518,1.272711425480677,0.9970283338253088,,1.0383448385363006,0.015554884153964887,,0.0,,,,,,0.470611500211562
ULA,2,22400,112.0,17.510208761319518,1.2676391726493776,0.9960283338253086,,1.036449765890176,0.01975000446195141,,0.0,,,,,,0.4683413065576201
ULA,3,22400,112.0,17.510208761319518,1.2698994199902658,0.9985283338253086,,1.0366734057747649,0.00864954574560095,,0.0,,,,,,0.46963997286126385
ULA,4,22400,112.0,17.510208761319518,1.2725004988495476,0.9990283338253088,,1.047772772009602,0.006048118765343058,,0.0,,,,,,0.4705385960329656
ULA,0,23200,116.0,18.15924189146608,1.2738800990364956,0.9985283338253087,,1.0391320496196286,0.008650177033904582,,0.0,,,,,,0.47106735101675457
ULA,1,23200,116.0,18.15924189146608,1.2701315039500174,0.9970283338253088,,1.040421690358714,0.015554969208449787,,0.0,,,,,,0.469558457681897
ULA,2,23200,116.0,18.15924189146608,1.2705308611398762,0.9960283338253086,,1.038537126800844,0.019750247386327136,,0.0,,,,,,0.46926828695944894
ULA,3,23200,116.0,18.15924189146608,1.2731986936429076,0.9980283338253086,,1.0421748841020075,0.011063685262576728,,0.0,,,,,,0.4707611900943028
ULA,4,23200,116.0,18.15924189146608,1.2729885719686325,0.9990283338253086,,1.0362628711870092,0.006047704247870045,,0.0,,,,,,0.47079779765431357
ULA,0,24000,120.0,18.791736336424947,1.2742204841537195,0.9985283338253086,,1.0447517734549405,0.008650168632516442,,0.0,,,,,,0.4710032010038435
ULA,1,24000,120.0,18.791736336424947,1.2695871606926394,0.9965283338253086,,1.0425511983086466,0.017682725004428024,,0.0,,,,,,0.4689201136444644
ULA,2,24000,120.0,18.791736336424947,1.2721422149681985,0.9960283338253086,,1.0425683859538577,0.019750256214765005,,0.0,,,,,,0.4698043737018243
ULA,3,24000,120.0,18.791736336424947,1.2740371926147978,0.9980283338253086,,1.0396516541094638,0.011063625481276373,,0.0,,,,,,0.4708802455585113
ULA,4,24000,120.0,18.791736336424947,1.2719255943717498,0.9990283338253088,,1.041423619886833,0.006047569286854126,,0.0,,,,,,0.46983745060710574
ULA,0,24800,124.0,19.426761952228844,1.2715737725722123,0.9985283338253087,,1.038750694015638,0.008649753249509562,,0.0,,,,,,0.46976868919102077
ULA,1,24800,124.0,19.426761952228844,1.2711527664140823,0.9965283338253087,,1.0383778505912127,0.01768268533134787,,0.0,,,,,,0.4693990411543657
ULA,2,24800,124.0,19.426761952228844,1.268639047370271,0.9950283338253088,,1.0379505603209804,0.023737078648548238,,0.0,,,,,,0.4687610697606509
ULA,3,24800,124.0,19.426761952228844,1.2713886144850408,0.9980283338253086,,1.0423174531672927,0.011063608207921405,,0.0,,,,,,0.4700309477119877
ULA,4,24800,124.0,19.426761952228844,1.2718591330600608,0.9990283338253088,,1.0403034441806522,0.006047975116226789,,0.0,,,,,,0.4702595928518937
ULA,0,25600,128.0,20.079698223620653,1.274765687523326,0.9985283338253086,,1.0412042598990152,0.008650148119516254,,0.0,,,,,,0.4714296173102915
ULA,1,25600,128.0,20.079698223620653,1.26819402307957,0.9960283338253086,,1.0366902673149336,0.01975014215875548,,0.0,,,,,,0.46878574224566466
ULA,2,25600,128.0,20.079698223620653,1.2699476105557885,0.9950283338253086,,1.0396286568973734,0.02373698162102489,,0.0,,,,,,0.4691727570930262
ULA,3,25600,128.0,20.079698223620653,1.274599293380227,0.9980283338253086,,1.0435482993635878,0.011063660677332665,,0.0,,,,,,0.4710684708208459
ULA,4,25600,128.0,20.079698223620653,1.2731765692631565,0.9990283338253086,,1.0365178571102769,0.0060480799560407306,,0.0,,,,,,0.47080280989807494
ULA,0,26400,132.0,20.69511952251196,1.271903099727072,0.9985283338253086,,1.0394861391690742,0.008650167748110449,,0.0,,,,,,0.4706270376181534
ULA,1,26400,132.0,20.69511952251196,1.268756455055194,0.9960283338253086,,1.0371835468282522,0.019750230938149094,,0.0,,,,,,0.4686123531312835
ULA,2,26400,132.0,20.69511952251196,1.2687510719302235,0.9950283338253088,,1.035158517949536,0.0237372257633095,,0.0,,,,,,0.4690832133140526
ULA,3,26400,132.0,20.69511952251196,1.2740464226938657,0.9980283338253086,,1.0405034311890278,0.011063608207921405,,0.0,,,,,,0.47092618319486784
ULA,4,26400,132.0,20.69511952251196,1.273440043833558,0.9990283338253086,,1.0396756218311747,0.006048126994673497,,0.0,,,,,,0.47071596044318587
ULA,0,27200,136.0,21.347638954408467,1.2715783326545078,0.9985283338253086,,1.0367147833939379,0.008650065136005969,,0.0,,,,,,0.47041923142711733
ULA,1,27200,136.0,21.347638954408467,1.2705259086003347,0.9960283338253086,,1.0374508454027715,0.019750101140615928,,0.0,,,,,,0.4694960742235632
ULA,2,27200,136.0,21.347638954408467,1.2695621955527505,0.9950283338253086,,1.0349388655629919,0.0237371855698576,,0.0,,,,,,0.4687736376296038
ULA,3,27200,136.0,21.347638954408467,1.2744728482729257,0.9980283338253086,,1.0448453383943144,0.011063608207921405,,0.0,,,,,,0.47106494606310234
ULA,4,27200,136.0,21.347638954408467,1.2705294899688075,0.9990283338253086,,1.0391716781423426,0.006048126994673497,,0.0,,,,,,0.4701718938907993
ULA,0,28000,140.0,21.986495011486113,1.272130627449911,0.9985283338253087,,1.0423530141469513,0.008649978968008898,,0.0,,,,,,0.4697932292035507
ULA,1,28000,140.0,21.986495011486113,1.2682664907334409,0.9955283338253087,,1.037352830293603,0.021766207930346892,,0.0,,,,,,0.46858183450949153
ULA,2,28000,140.0,21.986495011486113,1.2707668860110548,0.9950283338253086,,1.0381907014967109,0.02373698162102489,,0.0,,,,,,0.4691830166725188
ULA,3,28000,140.0,21.986495011486113,1.2687828955373772,0.9980283338253086,,1.0413670074145551,0.011063052764678005,,0.0,,,,,,0.46888193689357555
ULA,4,28000,140.0,21.986495011486113,1.27221875324436,0.9990283338253088,,1.034680887683249,0.006048015613993707,,0.0,,,,,,0.4706524087216082
ULA,0,28800,144.0,22.592898366972804,1.2697156597165105,0.9985283338253086,,1.0363135947662243,0.008649815609872213,,0.0,,,,,,0.4695553795471621
ULA,1,28800,144.0,22.592898366972804,1.2717100911772652,0.9955283338253087,,1.0411906628799363,0.021766207930346892,,0.0,,,,,,0.4695849564228415
ULA,2,28800,144.0,22.592898366972804,1.2699082094045477,0.9950283338253086,,1.0440771517709415,0.02373698162102489,,0.0,,,,,,0.46899943127723426
ULA,3,28800,144.0,22.592898366972804,1.2711135141889849,0.9980283338253086,,1.0373308402837804,0.011063436283684003,,0.0,,,,,,0.46986565614792525
ULA,4,28800,144.0,22.592898366972804,1.2726418968269022,0.9990283338253086,,1.0468590098860486,0.006047704247870045,,0.0,,,,,,0.4706800640745682
ULA,0,29600,148.0,23.247458398342133,1.2691328285328736,0.9985283338253086,,1.0416701286270216,0.008649874193696006,,0.0,,,,,,0.46902336265168787
ULA,1,29600,148.0,23.247458398342133,1.267520179322791,0.9955283338253086,,1.0372588098553366,0.02176546377133559,,0.0,,,,,,0.467975149075563
ULA,2,29600,148.0,23.247458398342133,1.2687250051129604,0.9950283338253088,,1.0361274601207136,0.023737078648548238,,0.0,,,,,,0.4688492323448125
ULA,3,29600,148.0,23.247458398342133,1.2698134218996213,0.9980283338253086,,1.0400005955812417,0.011063608207921405,,0.0,,,,,,0.4694230364975252
ULA,4,29600,148.0,23.247458398342133,1.272401789321461,0.9990283338253088,,1.038456870722416,0.006047766521283471,,0.0,,,,,,0.47030106501420244
ULA,0,30400,152.0,23.8934484180063,1.269274543319976,0.9985283338253087,,1.0357853219262203,0.008649978968008898,,0.0,,,,,,0.4692759992554515
ULA,1,30400,152.0,23.8934484180063,1.2703928992584672,0.9955283338253087,,1.0371525453171402,0.021766101270149996,,0.0,,,,,,0.46918360911911866
ULA,2,30400,152.0,23.8934484180063,1.2681539803513278,0.9945283338253087,,1.0339028700742263,0.02566803154267905,,0.0,,,,,,0.46825288095356166
ULA,3,30400,152.0,23.8934484180063,1.2731665326224153,0.9980283338253086,,1.0413468441051292,0.011063572937628274,,0.0,,,,,,0.47069771945035443
ULA,4,30400,152.0,23.8934484180063,1.2722971915086196,0.9985283338253086,,1.0375216569024972,0.008650168632516442,,0.0,,,,,,0.4700567742213579
ULA,0,31200,156.0,24.517387490719557,1.2726014221348265,0.9985283338253086,,1.0431220960853835,0.008650065136005969,,0.0,,,,,,0.47023664726835257
ULA,1,31200,156.0,24.517387490719557,1.2708696141551374,0.9955283338253087,,1.0361462817581673,0.021766020708856026,,0.0,,,,,,0.4697218235105097
ULA,2,31200,156.0,24.517387490719557,1.267146239997234,0.9945283338253087,,1.0364902821466462,0.02566818500503598,,0.0,,,,,,0.4680791131937952
ULA,3,31200,156.0,24.517387490719557,1.2679451866706761,0.9975283338253087,,1.0359874771020963,0.013354704555367025,,0.0,,,,,,0.468865258046088
ULA,4,31200,156.0,24.517387490719557,1.2739467358998786,0.9985283338253087,,1.0414854762527317,0.008650129650808247,,0.0,,,,,,0.470951833086491
ULA,0,32000,160.0,25.16681616101414,1.2730908683334323,0.9985283338253087,,1.0434866832152876,0.008650129650808247,,0.0,,,,,,0.47079947259876986
ULA,1,32000,160.0,25.16681616101414,1.2710633418232031,0.9955283338253087,,1.0346720403213387,0.02176605516499852,,0.0,,,,,,0.46989338218176246
ULA,2,32000,160.0,25.16681616101414,1.2707147480712664,0.9945283338253086,,1.0394297068512235,0.025668207621996286,,0.0,,,,,,0.4693508319398138
ULA,3,32000,160.0,25.16681616101414,1.2732699318700362,0.9975283338253086,,1.040856032273979,0.013354817312423162,,0.0,,,,,,0.47082016412887034
ULA,4,32000,160.0,25.16681616101414,1.2727303480468681,0.9985283338253086,,1.0436545595231688,0.008650148119516254,,0.0,,,,,,0.4706304962164548
ULA,0,32800,164.0,25.753746050409973,1.2691715525900362,0.9985283338253086,,1.0414554404698437,0.008649687346806711,,0.0,,,,,,0.46925984202289245
ULA,1,32800,164.0,25.753746050409973,1.2690771531571996,0.9955283338253086,,1.0365387167212345,0.021766178079483778,,0.0,,,,,,0.4687584896245451
ULA,2,32800,164.0,25.753746050409973,1.2697839118364374,0.9945283338253087,,1.0346806619184779,0.02566803154267905,,0.0,,,,,,0.4688844782488726
ULA,3,32800,164.0,25.753746050409973,1.2708503603341235,0.9975283338253086,,1.034276107807199,0.013354567641104986,,0.0,,,,,,0.46972339940621216
ULA,4,32800,164.0,25.753746050409973,1.271302547444897,0.9985283338253086,,1.0412259648635334,0.008649928742115787,,0.0,,,,,,0.4700661368188333
ULA,0,33600,168.0,26.337087468244135,1.2711820914264123,0.9980283338253086,,1.0330746932932318,0.011063637625361,,0.0,,,,,,0.4701443363846798
ULA,1,33600,168.0,26.337087468244135,1.2732936579714722,0.9955283338253087,,1.0381990873773972,0.02176624861898757,,0.0,,,,,,0.47044790201703324
ULA,2,33600,168.0,26.337087468244135,1.2684319129175952,0.9945283338253086,,1.0359735654456559,0.02566792537434459,,0.0,,,,,,0.4688744318605177
ULA,3,33600,168.0,26.337087468244135,1.270623287548067,0.9975283338253087,,1.0381964236254442,0.013354808743249347,,0.0,,,,,,0.46952935613070945
ULA,4,33600,168.0,26.337087468244135,1.27577080242472,0.9985283338253087,,1.0380360584876744,0.008650177033904582,,0.0,,,,,,0.4714805628447001
ULA,0,34400,172.0,26.927965719252825,1.2715059551682424,0.9980283338253086,,1.0398097745678527,0.011063572937628274,,0.0,,,,,,0.470228365948159
ULA,1,34400,172.0,26.927965719252825,1.271326751192926,0.9955283338253087,,1.041547431862486,0.021766231415302983,,0.0,,,,,,0.4699798811759214
ULA,2,34400,172.0,26.927965719252825,1.268416903244806,0.9945283338253086,,1.0365985231826365,0.025667980620129538,,0.0,,,,,,0.46833965442042647
ULA,3,34400,172.0,26.927965719252825,1.2687381161194822,0.9965283338253086,,1.0302528198287106,0.017682368859535558,,0.0,,,,,,0.4687737127054907
ULA,4,34400,172.0,26.927965719252825,1.2706445923127785,0.9985283338253086,,1.0416988892595236,0.008650024551730251,,0.0,,,,,,0.4698147590733039
ULA,0,35200,176.0,27.510220486670732,1.270550514166174,0.9980283338253086,,1.0328360124763156,0.011063381648403592,,0.0,,,,,,0.469683117100878
ULA,1,35200,176.0,27.510220486670732,1.2703889008054643,0.9955283338253087,,1.0352222274486211,0.02176624795016535,,0.0,,,,,,0.46994726468598613
ULA,2,35200,176.0,27.510220486670732,1.2696718004790604,0.9945283338253086,,1.0409030671011312,0.025668154980186375,,0.0,,,,,,0.468739814143126
ULA,3,35200,176.0,27.510220486670732,1.2705538694305778,0.9965283338253086,,1.0318569048934871,0.017682733746356982,,0.0,,,,,,0.4691793491039418
ULA,4,35200,176.0,27.510220486670732,1.2685717691117746,0.9985283338253086,,1.0387077714338553,0.008649311515645186,,0.0,,,,,,0.4689795119468099
ULA,0,36000,180.0,28.110583670437336,1.2706980626614912,0.9980283338253086,,1.0397167753766594,0.011063572937628274,,0.0,,,,,,0.46962175723513716
ULA,1,36000,180.0,28.110583670437336,1.2705889141546165,0.9955283338253087,,1.0367523432726977,0.02176624795016535,,0.0,,,,,,0.46960294778026707
ULA,2,36000,180.0,28.110583670437336,1.2704297164492095,0.9945283338253086,,1.0354434657657299,0.025667980620129538,,0.0,,,,,,0.469066352234815
ULA,3,36000,180.0,28.110583670437336,1.2723868990098324,0.9965283338253086,,1.0387579048057374,0.017682620123770976,,0.0,,,,,,0.47016538567766303
ULA,4,36000,180.0,28.110583670437336,1.2727356091718611,0.9985283338253086,,1.0442847297597198,0.00865017702928439,,0.0,,,,,,0.47047977960366016
ULA,0,36800,184.0,28.727032939903438,1.2756464723245668,0.9980283338253086,,1.041991067215836,0.011063676153460489,,0.0,,,,,,0.4715079091566228
ULA,1,36800,184.0,28.727032939903438,1.272684392425941,0.9955283338253086,,1.0452592678132424,0.021766198807962933,,0.0,,,,,,0.46997124807351376
ULA,2,36800,184.0,28.727032939903438,1.2673989443283231,0.9945283338253086,,1.0333895506960422,0.025667980620129538,,0.0,,,,,,0.46808855254370046
ULA,3,36800,184.0,28.727032939903438,1.2713704784935438,0.9965283338253087,,1.037430454594029,0.01768268533134787,,0.0,,,,,,0.469686346021877
ULA,4,36800,184.0,28.727032939903438,1.2730238201980435,0.9985283338253087,,1.04077522607541,0.008650129650808247,,0.0,,,,,,0.4708827488440801
ULA,0,37600,188.0,29.34088466875255,1.2715331242954742,0.9980283338253086,,1.039912836572945,0.011063486596350036,,0.0,,,,,,0.4698819287949405
ULA,1,37600,188.0,29.34088466875255,1.2717753107021423,0.9955283338253087,,1.0395640657019973,0.021766229507089285,,0.0,,,,,,0.4699700045398493
ULA,2,37600,188.0,29.34088466875255,1.2685019539032159,0.9945283338253086,,1.0388456231715852,0.025668119101866282,,0.0,,,,,,0.46853235287865735
ULA,3,37600,188.0,29.34088466875255,1.2682135216028259,0.9965283338253087,,1.0413281936193035,0.01768202192000079,,0.0,,,,,,0.4684735900710211
ULA,4,37600,188.0,29.34088466875255,1.270722282048504,0.9985283338253086,,1.0386463876668608,0.00864954574560095,,0.0,,,,,,0.4698061750772105
ULA,0,38400,192.0,29.987020078115165,1.2750828351779333,0.9980283338253086,,1.0425363774521321,0.011063656610764916,,0.0,,,,,,0.47101886333529835
ULA,1,38400,192.0,29.987020078115165,1.2712717814577266,0.9955283338253087,,1.0438326550704657,0.021766207930346892,,0.0,,,,,,0.46943358651997336
ULA,2,38400,192.0,29.987020078115165,1.2699500618130228,0.9945283338253087,,1.038325902634687,0.02566818500503598,,0.0,,,,,,0.46907333025637166
ULA,3,38400,192.0,29.987020078115165,1.2737182081976735,0.9965283338253086,,1.0406420606922517,0.017682733746356982,,0.0,,,,,,0.4706097105257986
ULA,4,38400,192.0,29.987020078115165,1.2719913376424774,0.9985283338253086,,1.0371116789582038,0.008650065136005969,,0.0,,,,,,0.47041997647679584
ULA,0,39200,196.0,30.619939322583377,1.2714499816916458,0.9980283338253086,,1.038255638339968,0.011063436283684003,,0.0,,,,,,0.4700503644170807
ULA,1,39200,196.0,30.619939322583377,1.2684637398976724,0.9955283338253086,,1.0391853895331131,0.021766178079483778,,0.0,,,,,,0.4687314219896098
ULA,2,39200,196.0,30.619939322583377,1.2682774894506552,0.9945283338253086,,1.036718671541408,0.025667980620129538,,0.0,,,,,,0.46841689528440933
ULA,3,39200,196.0,30.619939322583377,1.2714767843089132,0.9960283338253086,,1.0424467717162702,0.019750256214765005,,0.0,,,,,,0.4696931516021274
ULA,4,39200,196.0,30.619939322583377,1.2741629525914973,0.9985283338253086,,1.0384643267205305,0.008650065136005969,,0.0,,,,,,0.47105477271333734
ULA,0,40000,200.0,31.210706712678075,1.2709488286210295,0.9980283338253086,,1.044906750338867,0.011063260530230767,,0.0,,,,,,0.4698153851771999
ULA,1,40000,200.0,31.210706712678075,1.2704929914361138,0.9950283338253088,,1.039864775392351,0.0237372257633095,,0.0,,,,,,0.46914374792798685
ULA,2,40000,200.0,31.210706712678075,1.2645413096985654,0.9945283338253087,,1.0318096710155162,0.02566803154267905,,0.0,,,,,,0.4665459885712428
ULA,3,40000,200.0,31.210706712678075,1.2686536423372474,0.9955283338253087,,1.0390424081635474,0.02176594934623377,,0.0,,,,,,0.46842053652990334
ULA,4,40000,200.0,31.210706712678075,1.2740943111235639,0.9985283338253086,,1.0395867675134745,0.008650152616446194,,0.0,,,,,,0.4707195084084594
MALA,0,800,4.0,1.177987010218203,1.2760231041696393,0.9995283338253087,,1.0616714298429986,0.002946247743817354,,0.0,,,0.9101242500000014,,,0.4715404266262316
MALA,1,800,4.0,1.177987010218203,1.2772193036765176,0.9995283338253087,,1.0615032776101905,0.0029461520989096934,,0.0,,,0.9101242500000014,,,0.47268937719293275
MALA,2,800,4.0,1.177987010218203,1.2774564919340266,0.9995283338253086,,1.0617390008531047,0.002946196557021663,,0.0,,,0.9101242500000014,,,0.4721941814208216
MALA,3,800,4.0,1.177987010218203,1.2763562032227505,0.9995283338253087,,1.0559669593016094,0.002946247743817354,,0.0,,,0.9101242500000014,,,0.4718241619805921
MALA,4,800,4.0,1.177987010218203,1.2750218008161565,0.9995283338253086,,1.0594533047161494,0.0029462573685854476,,0.0,,,0.9101242500000014,,,0.47171524146418103
MALA,0,1600,8.0,2.4602603763341904,1.2748294344688753,0.9995283338253087,,1.0620229055562571,0.0029462491438754235,,0.0,,,0.910482625,,,0.4711379606288203
MALA,1,1600,8.0,2.4602603763341904,1.2776815316661676,0.9995283338253086,,1.061186030952221,0.0029462573685854476,,0.0,,,0.910482625,,,0.47256702718470506
MALA,2,1600,8.0,2.4602603763341904,1.278491160083427,0.9995283338253087,,1.056896603651413,0.0029462491438754235,,0.0,,,0.910482625,,,0.47256760393802155
MALA,3,1600,8.0,2.4602603763341904,1.2768052470989684,0.9995283338253087,,1.0642501359985364,0.002946233300036738,,0.0,,,0.910482625,,,0.4721780580405965
MALA,4,1600,8.0,2.4602603763341904,1.2779893658080763,0.9995283338253087,,1.0617864808219761,0.0029462105068045474,,0.0,,,0.910482625,,,0.4723249388076326
MALA,0,2400,12.0,3.653739762492478,1.2757200022541375,0.9995283338253087,,1.0625806265789899,0.0029462491438754235,,0.0,,,0.9107251250000009,,,0.47134381364482436
MALA,1,2400,12.0,3.653739762492478,1.2744740662476877,0.9995283338253087,,1.0636610837490668,0.0029462279436860417,,0.0,,,0.9107251250000009,,,0.4711844972844427
MALA,2,2400,12.0,3.653739762492478,1.2778938992682494,0.9995283338253087,,1.0617064956800002,0.0029460927768488743,,0.0,,,0.9107251250000009,,,0.4727346145573648
MALA,3,2400,12.0,3.653739762492478,1.2771084249611346,0.9995283338253087,,1.0576100714369625,0.002946105925992648,,0.0,,,0.9107251250000009,,,0.4722634485056109
MALA,4,2400,12.0,3.653739762492478,1.276128920175447,0.9995283338253086,,1.0570004044504626,0.002946196557021663,,0.0,,,0.9107251250000009,,,0.47203894526352597
MALA,0,3200,16.0,4.861749562434852,1.2785000777634759,0.9995283338253087,,1.0611991605009548,0.0029460927768488743,,0.0,,,0.9107003749999997,,,0.4724705347226766
MALA,1,3200,16.0,4.861749562434852,1.2773966702403852,0.9995283338253087,,1.0669095608598715,0.0029460927768488743,,0.0,,,0.9107003749999997,,,0.4722842667182203
MALA,2,3200,16.0,4.861749562434852,1.2784182911511435,0.9995283338253087,,1.065001014581639,0.0029462279436860417,,0.0,,,0.9107003749999997,,,0.472791369005809
MALA,3,3200,16.0,4.861749562434852,1.276047790204201,0.9995283338253087,,1.06151474442752,0.0029462491438754235,,0.0,,,0.9107003749999997,,,0.47205270982385295
MALA,4,3200,16.0,4.861749562434852,1.2773410605489768,0.9990283338253088,,1.061467788394347,0.006048117622980631,,0.0,,,0.9107003749999997,,,0.4723080422457025
MALA,0,4000,20.0,6.07927334588021,1.2734596551205954,0.9995283338253087,,1.0605661156980082,0.0029461463373380292,,0.0,,,0.9105873749999995,,,0.4710708205855713
MALA,1,4000,20.0,6.07927334588021,1.2753176198429235,0.9995283338253087,,1.0585084621913954,0.0029462572013218002,,0.0,,,0.9105873749999995,,,0.4713685885244423
MALA,2,4000,20.0,6.07927334588021,1.2749222327616276,0.9995283338253087,,1.0584459708150327,0.002946233300036738,,0.0,,,0.9105873749999995,,,0.4712487151717701
MALA,3,4000,20.0,6.07927334588021,1.2758768037895163,0.9995283338253087,,1.0626745533738575,0.002946060515377269,,0.0,,,0.9105873749999995,,,0.47176869764978363
MALA,4,4000,20.0,6.07927334588021,1.2751279634096442,0.9990283338253086,,1.0584882695842157,0.006048050711356279,,0.0,,,0.9105873749999995,,,0.47116187008687244
MALA,0,4800,24.0,7.2432775823399425,1.2772583368182746,0.9995283338253087,,1.0640052216361984,0.0029462279436860417,,0.0,,,0.9106194999999991,,,0.4721027860009179
MALA,1,4800,24.0,7.2432775823399425,1.2760815074124796,0.9995283338253086,,1.0613091566930581,0.002946196557021663,,0.0,,,0.9106194999999991,,,0.4721577329299461
MALA,2,4800,24.0,7.2432775823399425,1.2758083742541335,0.9995283338253086,,1.0606490018538204,0.0029462573685854476,,0.0,,,0.9106194999999991,,,0.4719212625712609
MALA,3,4800,24.0,7.2432775823399425,1.2777295711944954,0.9995283338253087,,1.061817055391209,0.0029461463373380292,,0.0,,,0.9106194999999991,,,0.4725406529385923
MALA,4,4800,24.0,7.2432775823399425,1.2750859448117093,0.9990283338253088,,1.0590337984191835,0.006048118765343058,,0.0,,,0.9106194999999991,,,0.4708940156105221
MALA,0,5600,28.0,8.470540749840438,1.2781419952812492,0.9995283338253087,,1.0603114987642523,0.0029460927768488743,,0.0,,,0.9107978750000005,,,0.47244996924129873
MALA,1,5600,28.0,8.470540749840438,1.2777822820083136,0.9990283338253088,,1.0628004566060822,0.006048118765343058,,0.0,,,0.9107978750000005,,,0.4723408271564239
MALA,2,5600,28.0,8.470540749840438,1.2780768964639193,0.9995283338253087,,1.0630518875123318,0.002946247743817354,,0.0,,,0.9107978750000005,,,0.4724773136620785
MALA,3,5600,28.0,8.470540749840438,1.2766196897381092,0.9995283338253087,,1.0575405170636405,0.0029462572013218002,,0.0,,,0.9107978750000005,,,0.47202243382434084
MALA,4,5600,28.0,8.470540749840438,1.274022894704558,0.9990283338253086,,1.0543914440794047,0.006047879479893492,,0.0,,,0.9107978750000005,,,0.47090079779013816
MALA,0,6400,32.0,9.694509116001427,1.2795985095322397,0.9995283338253086,,1.0616286342612895,0.002946196557021663,,0.0,,,0.9106425000000004,,,0.4730526660423941
MALA,1,6400,32.0,9.694509116001427,1.2777229249789286,0.9990283338253088,,1.0605113287349472,0.006048117622980631,,0.0,,,0.9106425000000004,,,0.47246838510012984
MALA,2,6400,32.0,9.694509116001427,1.2764859320225759,0.9995283338253086,,1.062906952088218,0.002946196557021663,,0.0,,,0.9106425000000004,,,0.4719206232965662
MALA,3,6400,32.0,9.694509116001427,1.275827322630603,0.9995283338253087,,1.0625778458400605,0.0029461463373380292,,0.0,,,0.9106425000000004,,,0.47192006346723525
MALA,4,6400,32.0,9.694509116001427,1.2723773212657825,0.9990283338253088,,1.0528625799931655,0.006047975116226789,,0.0,,,0.9106425000000004,,,0.4706384641348727
MALA,0,7200,36.0,10.874752937816083,1.2779428563351063,0.9995283338253087,,1.0563111551283053,0.002946247743817354,,0.0,,,0.9105528750000003,,,0.4728353589189687
MALA,1,7200,36.0,10.874752937816083,1.2755928333937525,0.9990283338253088,,1.058351540128405,0.006048102835432001,,0.0,,,0.9105528750000003,,,0.4717941006654955
MALA,2,7200,36.0,10.874752937816083,1.2783135401486032,0.9995283338253087,,1.0627825416718346,0.002946233300036738,,0.0,,,0.9105528750000003,,,0.4724367761472039
MALA,3,7200,36.0,10.874752937816083,1.278138650030897,0.9995283338253087,,1.0648433205221937,0.0029462491438754235,,0.0,,,0.9105528750000003,,,0.4724116172128954
MALA,4,7200,36.0,10.874752937816083,1.2747882455709614,0.9985283338253086,,1.0602432407389357,0.008650168632516442,,0.0,,,0.9105528750000003,,,0.47136571333354965
MALA,0,8000,40.0,12.053121527656913,1.2762588346865091,0.9995283338253087,,1.0598791732030761,0.0029461520989096934,,0.0,,,0.9105846250000008,,,0.4718783585340087
MALA,1,8000,40.0,12.053121527656913,1.276609559296992,0.9990283338253086,,1.060459230684896,0.006048127076038412,,0.0,,,0.9105846250000008,,,0.4716727753836696
MALA,2,8000,40.0,12.053121527656913,1.2763277670711346,0.9990283338253086,,1.0592911944854497,0.006048022234990014,,0.0,,,0.9105846250000008,,,0.4724436581418129
MALA,3,8000,40.0,12.053121527656913,1.2757501048440034,0.9995283338253086,,1.063111226669581,0.002946181348366994,,0.0,,,0.9105846250000008,,,0.47180312770095983
MALA,4,8000,40.0,12.053121527656913,1.2772463452374936,0.9985283338253087,,1.064559849440632,0.008650072617295668,,0.0,,,0.9105846250000008,,,0.4716740860656945
MALA,0,8800,44.0,13.243221051059663,1.2769174990932832,0.9995283338253087,,1.0609159044367495,0.0029460927768488743,,0.0,,,0.9104624999999985,,,0.47198020417382014
MALA,1,8800,44.0,13.243221051059663,1.278367691350113,0.9990283338253088,,1.0652209607006669,0.0060480979085748565,,0.0,,,0.9104624999999985,,,0.47250858566854553
MALA,2,8800,44.0,13.243221051059663,1.2758159808498168,0.9990283338253088,,1.0555771751136571,0.006048117622980631,,0.0,,,0.9104624999999985,,,0.47176755212776256
MALA,3,8800,44.0,13.243221051059663,1.2771500265155264,0.9995283338253087,,1.058848032226751,0.0029461520989096934,,0.0,,,0.9104624999999985,,,0.4721323847553547
MALA,4,8800,44.0,13.243221051059663,1.2757014399928892,0.9985283338253086,,1.0650568492175005,0.008650167748110449,,0.0,,,0.9104624999999985,,,0.47141012058084425
MALA,0,9600,48.0,14.490874485112727,1.2735483784705868,0.9995283338253087,,1.054806303945038,0.002946105925992648,,0.0,,,0.9105027499999996,,,0.47107612702446106
MALA,1,9600,48.0,14.490874485112727,1.2751777190186668,0.9990283338253088,,1.0551476034124523,0.006048118765343058,,0.0,,,0.9105027499999996,,,0.4713512896848114
MALA,2,9600,48.0,14.490874485112727,1.2783214153937468,0.9990283338253086,,1.06048880753994,0.006047790640818729,,0.0,,,0.9105027499999996,,,0.4726602765055551
MALA,3,9600,48.0,14.490874485112727,1.2755499162158592,0.9990283338253088,,1.0595096156193895,0.0060480979085748565,,0.0,,,0.9105027499999996,,,0.47141414784310004
MALA,4,9600,48.0,14.490874485112727,1.275535095541531,0.9985283338253087,,1.053889855256376,0.008649978968008898,,0.0,,,0.9105027499999996,,,0.47122895482363253
MALA,0,10400,52.0,15.711456889286637,1.2773894066816585,0.9995283338253087,,1.0642961718183215,0.002946233300036738,,0.0,,,0.9105672500000007,,,0.47244751918642686
MALA,1,10400,52.0,15.711456889286637,1.274020201294018,0.9990283338253086,,1.055602324527112,0.006048050711356279,,0.0,,,0.9105672500000007,,,0.47111816263748496
MALA,2,10400,52.0,15.711456889286637,1.2747492949350046,0.9990283338253086,,1.0536376681409108,0.006047929619102499,,0.0,,,0.9105672500000007,,,0.47084654032993645
MALA,3,10400,52.0,15.711456889286637,1.2740668002356612,0.9990283338253086,,1.0586709447422555,0.00604763843220435,,0.0,,,0.9105672500000007,,,0.47096707555877076
MALA,4,10400,52.0,15.711456889286637,1.2763163910783693,0.9985283338253087,,1.0596116495987744,0.008650177033904582,,0.0,,,0.9105672500000007,,,0.471493294850062
MALA,0,11200,56.0,16.957292632199824,1.2775345723451694,0.9995283338253086,,1.0593259005704747,0.002945920248597078,,0.0,,,0.9106659999999999,,,0.4723592624744966
MALA,1,11200,56.0,16.957292632199824,1.2762652580789908,0.9990283338253088,,1.0617044112425944,0.006048117622980631,,0.0,,,0.9106659999999999,,,0.47201047061577356
MALA,2,11200,56.0,16.957292632199824,1.2759587759800926,0.9990283338253086,,1.0578009351351874,0.006048050711356279,,0.0,,,0.9106659999999999,,,0.47183497429388066
MALA,3,11200,56.0,16.957292632199824,1.2733598248915317,0.9990283338253086,,1.0607487344923134,0.0060480799560407306,,0.0,,,0.9106659999999999,,,0.47077054464870693
MALA,4,11200,56.0,16.957292632199824,1.2762851200565055,0.9985283338253086,,1.0609040735108581,0.008650167748110449,,0.0,,,0.9106659999999999,,,0.4714678640416104
MALA,0,12000,60.0,18.183133297599852,1.2764652304932311,0.9995283338253086,,1.0627387983769767,0.0029462573685854476,,0.0,,,0.9103605,,,0.47188933178745746
MALA,1,12000,60.0,18.183133297599852,1.275804666919488,0.9990283338253088,,1.0604292500613153,0.0060480979085748565,,0.0,,,0.9103605,,,0.47142413458805377
MALA,2,12000,60.0,18.183133297599852,1.2762851419905343,0.9990283338253086,,1.059956412523494,0.006048050711356279,,0.0,,,0.9103605,,,0.47196917114427633
MALA,3,12000,60.0,18.183133297599852,1.2761777768254723,0.9990283338253086,,1.0579615636917945,0.006048066607549085,,0.0,,,0.9103605,,,0.47193585763054763
MALA,4,12000,60.0,18.183133297599852,1.2768003269094672,0.9985283338253087,,1.0641453842373254,0.008650072617295668,,0.0,,,0.9103605,,,0.4719325720533464
MALA,0,12800,64.0,19.39969747234136,1.2733496924279013,0.9995283338253087,,1.056836575802114,0.002945897677612219,,0.0,,,0.9105705000000007,,,0.4706924868056645
MALA,1,12800,64.0,19.39969747234136,1.2774441802370349,0.9990283338253088,,1.0581904555686594,0.006048118765343058,,0.0,,,0.9105705000000007,,,0.47222085715154916
MALA,2,12800,64.0,19.39969747234136,1.274257710610007,0.9990283338253088,,1.0578523122738308,0.006047886706386896,,0.0,,,0.9105705000000007,,,0.4713246857236911
MALA,3,12800,64.0,19.39969747234136,1.273316405446821,0.9990283338253086,,1.0623537220601778,0.006048127076038412,,0.0,,,0.9105705000000007,,,0.4709080851220344
MALA,4,12800,64.0,19.39969747234136,1.2764065065457921,0.9985283338253086,,1.0590941375985157,0.00865017702928439,,0.0,,,0.9105705000000007,,,0.4719039550984151
MALA,0,13600,68.0,20.59469092823565,1.275566283671953,0.9995283338253087,,1.0620725843697387,0.002946247743817354,,0.0,,,0.9104932500000003,,,0.47150118447111417
MALA,1,13600,68.0,20.59469092823565,1.2769026642752617,0.9990283338253088,,1.0596406869107593,0.006048117622980631,,0.0,,,0.9104932500000003,,,0.47231434172901954
MALA,2,13600,68.0,20.59469092823565,1.279239519034915,0.9990283338253088,,1.0615095125046845,0.006047886706386896,,0.0,,,0.9104932500000003,,,0.47318160990118696
MALA,3,13600,68.0,20.59469092823565,1.277013464989947,0.9990283338253088,,1.0588723297259035,0.006048118765343058,,0.0,,,0.9104932500000003,,,0.4718345415683315
MALA,4,13600,68.0,20.59469092823565,1.277642021635857,0.9985283338253086,,1.0605415517998804,0.008650152616446194,,0.0,,,0.9104932500000003,,,0.47265930654704125
MALA,0,14400,72.0,21.881835096515715,1.2773228311929594,0.9995283338253087,,1.0646196180646519,0.0029462572013218002,,0.0,,,0.910593249999999,,,0.47213462522319566
MALA,1,14400,72.0,21.881835096515715,1.2758528700024545,0.9990283338253086,,1.057122185228966,0.006048127076038412,,0.0,,,0.910593249999999,,,0.47202312335586494
MALA,2,14400,72.0,21.881835096515715,1.275302664836712,0.9990283338253088,,1.0589523155152494,0.006048015613993707,,0.0,,,0.910593249999999,,,0.4714163879141449
MALA,3,14400,72.0,21.881835096515715,1.2773305461351774,0.9990283338253086,,1.0602226612569727,0.006048022234990014,,0.0,,,0.910593249999999,,,0.47228718303332706
MALA,4,14400,72.0,21.881835096515715,1.2762872961135217,0.9980283338253086,,1.0569701118944925,0.0110636767796497,,0.0,,,0.910593249999999,,,0.47160344652589953
MALA,0,15200,76.0,23.1609407318756,1.2776078666933133,0.9995283338253087,,1.062388434575062,0.0029460163994599053,,0.0,,,0.9105649999999986,,,0.4727197779409106
MALA,1,15200,76.0,23.1609407318756,1.2729508722505452,0.9990283338253088,,1.063151184461032,0.006048015613993707,,0.0,,,0.9105649999999986,,,0.47059509609710704
MALA,2,15200,76.0,23.1609407318756,1.2763902507191809,0.9990283338253086,,1.0593963416075007,0.006048066607549085,,0.0,,,0.9105649999999986,,,0.4718257581025887
MALA,3,15200,76.0,23.1609407318756,1.2725658683146783,0.9990283338253088,,1.0579463728465899,0.006047825018246522,,0.0,,,0.9105649999999986,,,0.4705190164299831
MALA,4,15200,76.0,23.1609407318756,1.275351660656208,0.9980283338253086,,1.0557992236480205,0.011063656610764916,,0.0,,,0.9105649999999986,,,0.4707853960518522
MALA,0,16000,80.0,24.436533494852483,1.277046272284352,0.9995283338253087,,1.057555516031107,0.002946247743817354,,0.0,,,0.9106899999999997,,,0.47220690473429155
MALA,1,16000,80.0,24.436533494852483,1.2784686882276226,0.9990283338253088,,1.0620300511298855,0.006048118765343058,,0.0,,,0.9106899999999997,,,0.4725780900352399
MALA,2,16000,80.0,24.436533494852483,1.2763710611383043,0.9990283338253088,,1.0601523930593477,0.006048015613993707,,0.0,,,0.9106899999999997,,,0.4721564698933366
MALA,3,16000,80.0,24.436533494852483,1.2763320283800779,0.9990283338253088,,1.0597019300669814,0.0060480979085748565,,0.0,,,0.9106899999999997,,,0.47185850472935986
MALA,4,16000,80.0,24.436533494852483,1.2755349392971578,0.9980283338253086,,1.0631114957590722,0.011063676153460489,,0.0,,,0.9106899999999997,,,0.47174048812311314
MALA,0,16800,84.0,25.70288699492812,1.2731684117760007,0.9995283338253087,,1.058905764725119,0.0029459560878025703,,0.0,,,0.910591375000001,,,0.4707813966655807
MALA,1,16800,84.0,25.70288699492812,1.2769535642386614,0.9990283338253088,,1.0559158165732148,0.006048102835432001,,0.0,,,0.910591375000001,,,0.4717248453919986
MALA,2,16800,84.0,25.70288699492812,1.2746399732758793,0.9990283338253086,,1.0579341057070812,0.006048050711356279,,0.0,,,0.910591375000001,,,0.471265296257952
MALA,3,16800,84.0,25.70288699492812,1.2758345109716158,0.9990283338253086,,1.06142466072407,0.006048127076038412,,0.0,,,0.910591375000001,,,0.4716410084477894
MALA,4,16800,84.0,25.70288699492812,1.277634306144258,0.9980283338253086,,1.060005919153313,0.011063446093688922,,0.0,,,0.910591375000001,,,0.4723551924678066
MALA,0,17600,88.0,27.009015899151564,1.2765809660837226,0.9995283338253087,,1.060053549586146,0.0029462491438754235,,0.0,,,0.9103951250000007,,,0.47208866734175586
MALA,1,17600,88.0,27.009015899151564,1.2772442115465152,0.9990283338253086,,1.0645007712880443,0.006048022234990014,,0.0,,,0.9103951250000007,,,0.4722354286015847
MALA,2,17600,88.0,27.009015899151564,1.2778279848127685,0.9990283338253088,,1.0625665434925875,0.006047962998395384,,0.0,,,0.9103951250000007,,,0.4720342183769935
MALA,3,17600,88.0,27.009015899151564,1.2799132515563352,0.9990283338253088,,1.0589316166546696,0.0060480979085748565,,0.0,,,0.9103951250000007,,,0.4730638252739973
MALA,4,17600,88.0,27.009015899151564,1.274865501494224,0.9975283338253087,,1.058913771398347,0.013354808743249347,,0.0,,,0.9103951250000007,,,0.4710531383710908
MALA,0,18400,92.0,28.30305642914027,1.2772299135346077,0.9995283338253087,,1.0580398740448567,0.0029460927768488743,,0.0,,,0.9104947500000005,,,0.4721751392707479
MALA,1,18400,92.0,28.30305642914027,1.276191313777665,0.9990283338253086,,1.0556295928426687,0.006048126994673497,,0.0,,,0.9104947500000005,,,0.47164916855622935
MALA,2,18400,92.0,28.30305642914027,1.275832606213673,0.9990283338253086,,1.0597620831561063,0.006048066607549085,,0.0,,,0.9104947500000005,,,0.4722354860847232
MALA,3,18400,92.0,28.30305642914027,1.2747046258223693,0.9990283338253086,,1.0526998473201807,0.00604763843220435,,0.0,,,0.9104947500000005,,,0.471179663283033
MALA,4,18400,92.0,28.30305642914027,1.2746534334788435,0.9975283338253087,,1.0598387610220812,0.013354788918828353,,0.0,,,0.9104947500000005,,,0.4708033670692792
MALA,0,19200,96.0,29.48259008023888,1.2746888080463383,0.9995283338253087,,1.0586749073512212,0.002946105925992648,,0.0,,,0.9105521249999999,,,0.4711776313740144
MALA,1,19200,96.0,29.48259008023888,1.2751471037245474,0.9990283338253086,,1.0601960220528661,0.006048126994673497,,0.0,,,0.9105521249999999,,,0.4713473614674496
MALA,2,19200,96.0,29.48259008023888,1.2746978812231646,0.9985283338253086,,1.0601668035639926,0.008650148119516254,,0.0,,,0.9105521249999999,,,0.47148551928799637
MALA,3,19200,96.0,29.48259008023888,1.274292915105941,0.9990283338253086,,1.061776065795749,0.006048126994673497,,0.0,,,0.9105521249999999,,,0.4712070938603916
MALA,4,19200,96.0,29.48259008023888,1.2761088478648697,0.9975283338253087,,1.0570376877903074,0.013354808743249347,,0.0,,,0.9105521249999999,,,0.47160255691855135
MALA,0,20000,100.0,30.65271021798253,1.2764419016209112,0.9995283338253087,,1.0561555845742643,0.002946233300036738,,0.0,,,0.9105253749999994,,,0.47195852441400926
MALA,1,20000,100.0,30.65271021798253,1.2752196127401605,0.9990283338253086,,1.0590438840524252,0.006048050711356279,,0.0,,,0.9105253749999994,,,0.47131955677848786
MALA,2,20000,100.0,30.65271021798253,1.2758363790072904,0.9985283338253086,,1.0572030698976902,0.008650024551730251,,0.0,,,0.9105253749999994,,,0.47155515398983844
MALA,3,20000,100.0,30.65271021798253,1.275797694853551,0.9985283338253087,,1.0588470374338042,0.008649978968008898,,0.0,,,0.9105253749999994,,,0.47154081110386464
MALA,4,20000,100.0,30.65271021798253,1.2733401194110054,0.9975283338253087,,1.0593651121263754,0.013354792554598705,,0.0,,,0.9105253749999994,,,0.47085881544306074
MALA,0,20800,104.0,31.867081381380558,1.2756197368887658,0.9995283338253087,,1.0635747353159302,0.0029462572013218002,,0.0,,,0.9107108750000003,,,0.47195519576595313
MALA,1,20800,104.0,31.867081381380558,1.276207599227303,0.9990283338253088,,1.057558277826166,0.006047825018246522,,0.0,,,0.9107108750000003,,,0.47162073321272263
MALA,2,20800,104.0,31.867081381380558,1.276664716560033,0.9985283338253087,,1.0632157273382536,0.008650177033904582,,0.0,,,0.9107108750000003,,,0.4717296505618874
MALA,3,20800,104.0,31.867081381380558,1.2757642640413314,0.9985283338253086,,1.0613284336109245,0.008650168632516442,,0.0,,,0.9107108750000003,,,0.4715975313041055
MALA,4,20800,104.0,31.867081381380558,1.2730200939785035,0.9975283338253087,,1.055878234670502,0.013354817489275028,,0.0,,,0.9107108750000003,,,0.47050345233407914
MALA,0,21600,108.0,33.14831368625164,1.275623382259428,0.9995283338253086,,1.0593513966777055,0.0029462573685854476,,0.0,,,0.9105605000000001,,,0.47160528673521424
MALA,1,21600,108.0,33.14831368625164,1.2774812931492998,0.9990283338253088,,1.0626157925788215,0.006047962998395384,,0.0,,,0.9105605000000001,,,0.47252070283537484
MALA,2,21600,108.0,33.14831368625164,1.2764548569139182,0.9985283338253087,,1.0575794894328885,0.008650129650808247,,0.0,,,0.9105605000000001,,,0.4716941804859367
MALA,3,21600,108.0,33.14831368625164,1.275995447536214,0.9980283338253086,,1.0583244450681701,0.011063350198967425,,0.0,,,0.9105605000000001,,,0.4713712588426744
MALA,4,21600,108.0,33.14831368625164,1.2749412182759028,0.9975283338253087,,1.0552767129746223,0.013354808743249347,,0.0,,,0.9105605000000001,,,0.4711131182685509
MALA,0,22400,112.0,34.44446528609842,1.2738363872598597,0.9995283338253086,,1.0559076157476113,0.0029462573685854476,,0.0,,,0.910615500000001,,,0.47119235109449403
MALA,1,22400,112.0,34.44446528609842,1.2762244095636697,0.9990283338253088,,1.0614393580384949,0.006047962998395384,,0.0,,,0.910615500000001,,,0.4719152893278808
MALA,2,22400,112.0,34.44446528609842,1.2782294740462588,0.9985283338253086,,1.0590520071261975,0.008649841279523951,,0.0,,,0.910615500000001,,,0.47241437466097097
MALA,3,22400,112.0,34.44446528609842,1.2769704625170164,0.9980283338253086,,1.0636204361288102,0.011062409132154727,,0.0,,,0.910615500000001,,,0.47160400221290005
MALA,4,22400,112.0,34.44446528609842,1.2749698459473295,0.9975283338253087,,1.0578325690927741,0.013354788918828353,,0.0,,,0.910615500000001,,,0.4711424079467766
MALA,0,23200,116.0,35.681607477366924,1.2778048388151546,0.9995283338253087,,1.0598223882645692,0.0029462279436860417,,0.0,,,0.9102618750000011,,,0.4727727841103421
MALA,1,23200,116.0,35.681607477366924,1.2760137601455654,0.9990283338253088,,1.0657205427925784,0.006047886706386896,,0.0,,,0.9102618750000011,,,0.47145770533174114
MALA,2,23200,116.0,35.681607477366924,1.2780538342932655,0.9985283338253086,,1.0614109614892262,0.008650013466253825,,0.0,,,0.9102618750000011,,,0.4724844891995411
MALA,3,23200,116.0,35.681607477366924,1.274487343306751,0.9980283338253086,,1.0589005380602348,0.011063637625361,,0.0,,,0.9102618750000011,,,0.47106498318526807
MALA,4,23200,116.0,35.681607477366924,1.27758592833555,0.9975283338253087,,1.0628184683365955,0.013354217299827331,,0.0,,,0.9102618750000011,,,0.47216780342530773
MALA,0,24000,120.0,36.9127578753978,1.275806584903679,0.9995283338253087,,1.0571597260625554,0.0029461463373380292,,0.0,,,0.9105841250000002,,,0.4715961472024489
MALA,1,24000,120.0,36.9127578753978,1.2771967522641348,0.9990283338253088,,1.060358182984431,0.006047886706386896,,0.0,,,0.9105841250000002,,,0.4724477888285781
MALA,2,24000,120.0,36.9127578753978,1.2755402433696885,0.9985283338253087,,1.0584354745447584,0.008650129650808247,,0.0,,,0.9105841250000002,,,0.4715207292529488
MALA,3,24000,120.0,36.9127578753978,1.2745296658309917,0.9980283338253086,,1.0549591673762146,0.011063685353269403,,0.0,,,0.9105841250000002,,,0.4709283949805666
MALA,4,24000,120.0,36.9127578753978,1.276789583067423,0.9975283338253087,,1.05893828625205,0.0133546547801775,,0.0,,,0.9105841250000002,,,0.4718560360096474
MALA,0,24800,124.0,38.17013896256685,1.2761189476545631,0.9995283338253087,,1.060190411627553,0.002946247743817354,,0.0,,,0.910758875000001,,,0.4720002742651244
MALA,1,24800,124.0,38.17013896256685,1.2783880523164055,0.9990283338253088,,1.0656857882258188,0.0060480979085748565,,0.0,,,0.910758875000001,,,0.472918307692486
MALA,2,24800,124.0,38.17013896256685,1.2751492519562801,0.9985283338253086,,1.0558467718331046,0.008650148119516254,,0.0,,,0.910758875000001,,,0.4714964175395655
MALA,3,24800,124.0,38.17013896256685,1.2752201423032516,0.9980283338253086,,1.0615211470850132,0.011063685353269403,,0.0,,,0.910758875000001,,,0.4714618249766457
MALA,4,24800,124.0,38.17013896256685,1.275189202900474,0.9975283338253087,,1.056428262775121,0.013354817489275028,,0.0,,,0.910758875000001,,,0.471116959390983
MALA,0,25600,128.0,39.407571483403444,1.2762351292847114,0.9995283338253087,,1.0660891703042343,0.0029461520989096934,,0.0,,,0.9106045000000001,,,0.47216153625611673
MALA,1,25600,128.0,39.407571483403444,1.2801152807422005,0.9990283338253088,,1.0649886466336864,0.006047886706386896,,0.0,,,0.9106045000000001,,,0.4734241577423678
MALA,2,25600,128.0,39.407571483403444,1.2771170903989586,0.9985283338253086,,1.0582885201465468,0.008650148119516254,,0.0,,,0.9106045000000001,,,0.47191623964709223
MALA,3,25600,128.0,39.407571483403444,1.2760855103059106,0.9980283338253086,,1.064568970782742,0.011063685353269403,,0.0,,,0.9106045000000001,,,0.4715005775698632
MALA,4,25600,128.0,39.407571483403444,1.273003474719962,0.9975283338253087,,1.0558130806398103,0.013354792554598705,,0.0,,,0.9106045000000001,,,0.4703807669442008
MALA,0,26400,132.0,40.61197363305837,1.2762728136285162,0.9995283338253087,,1.060689669199,0.0029462491438754235,,0.0,,,0.9104385000000008,,,0.47169927830767444
MALA,1,26400,132.0,40.61197363305837,1.275071990697441,0.9990283338253086,,1.057963820749211,0.006048050711356279,,0.0,,,0.9104385000000008,,,0.47115609508705475
MALA,2,26400,132.0,40.61197363305837,1.276707207238371,0.9985283338253086,,1.0559874924015606,0.00865017702928439,,0.0,,,0.9104385000000008,,,0.4718820663010338
MALA,3,26400,132.0,40.61197363305837,1.2719617771326754,0.9980283338253086,,1.0518862900395858,0.011063436283684003,,0.0,,,0.9104385000000008,,,0.4703680994511065
MALA,4,26400,132.0,40.61197363305837,1.2729711770020875,0.9975283338253087,,1.0566576129449026,0.013354808743249347,,0.0,,,0.9104385000000008,,,0.4705041735694371
MALA,0,27200,136.0,41.745890067890286,1.2764197899826037,0.9990283338253086,,1.0583560633560454,0.0060480799560407306,,0.0,,,0.9105426249999988,,,0.4719690395838234
MALA,1,27200,136.0,41.745890067890286,1.2753984381472276,0.9985283338253086,,1.0612552850155226,0.008650148119516254,,0.0,,,0.9105426249999988,,,0.47147731881695104
MALA,2,27200,136.0,41.745890067890286,1.2778726087885477,0.9980283338253086,,1.0603668907959016,0.011063350198967425,,0.0,,,0.9105426249999988,,,0.4719759192282631
MALA,3,27200,136.0,41.745890067890286,1.273524218729562,0.9980283338253086,,1.0552946763701365,0.011063676153460489,,0.0,,,0.9105426249999988,,,0.47096865064184623
MALA,4,27200,136.0,41.745890067890286,1.2765196899319964,0.9975283338253087,,1.0612019243481199,0.0133546547801775,,0.0,,,0.9105426249999988,,,0.4718743620208624
MALA,0,28000,140.0,42.9224451566115,1.2761381061940322,0.9990283338253088,,1.059229852928678,0.006048118765343058,,0.0,,,0.9103924999999997,,,0.47177417597637195
MALA,1,28000,140.0,42.9224451566115,1.2771710742244287,0.9985283338253086,,1.0595069341712937,0.008649841279523951,,0.0,,,0.9103924999999997,,,0.47222624193408175
MALA,2,28000,140.0,42.9224451566115,1.2762865747926073,0.9980283338253086,,1.0571535411393624,0.011063685262576728,,0.0,,,0.9103924999999997,,,0.47211623104920136
MALA,3,28000,140.0,42.9224451566115,1.277943289678644,0.9980283338253086,,1.064025257451974,0.011063446093688922,,0.0,,,0.9103924999999997,,,0.4722828551775719
MALA,4,28000,140.0,42.9224451566115,1.2749979718128963,0.9975283338253087,,1.063548867152134,0.013354788918828353,,0.0,,,0.9103924999999997,,,0.4713570937931482
MALA,0,28800,144.0,44.03512460459024,1.2761103067052932,0.9990283338253086,,1.0567456160520816,0.006048127076038412,,0.0,,,0.9105891250000004,,,0.47188603592130085
MALA,1,28800,144.0,44.03512460459024,1.2749561770903224,0.9985283338253086,,1.0546177249309794,0.00865017702928439,,0.0,,,0.9105891250000004,,,0.4716938044073392
MALA,2,28800,144.0,44.03512460459024,1.2751822907866044,0.9980283338253086,,1.055943236314391,0.011063685262576728,,0.0,,,0.9105891250000004,,,0.4710515323165004
MALA,3,28800,144.0,44.03512460459024,1.274359780039465,0.9980283338253086,,1.052716611890751,0.011063637625361,,0.0,,,0.9105891250000004,,,0.47091702058386753
MALA,4,28800,144.0,44.03512460459024,1.2760767065668441,0.9970283338253088,,1.060357931291142,0.015554988688058935,,0.0,,,0.9105891250000004,,,0.4715163593342617
MALA,0,29600,148.0,45.21524016559124,1.276383396664168,0.9990283338253086,,1.0597937662324337,0.006048126994673497,,0.0,,,0.9106188749999996,,,0.4717136431378041
MALA,1,29600,148.0,45.21524016559124,1.2753987325070841,0.9980283338253086,,1.0646289860332394,0.011063656610764916,,0.0,,,0.9106188749999996,,,0.4715339818745055
MALA,2,29600,148.0,45.21524016559124,1.274628252101199,0.9980283338253086,,1.054501380950635,0.011063685262576728,,0.0,,,0.9106188749999996,,,0.4713563727412725
MALA,3,29600,148.0,45.21524016559124,1.2710504644954634,0.9980283338253086,,1.0552047925436288,0.011063381648403592,,0.0,,,0.9106188749999996,,,0.4700023573203729
MALA,4,29600,148.0,45.21524016559124,1.2763343353276182,0.9970283338253088,,1.0620301288273488,0.015554988579087659,,0.0,,,0.9106188749999996,,,0.4716712348041445
MALA,0,30400,152.0,46.42401512525976,1.2776047632008118,0.9990283338253088,,1.0584399220214513,0.006047962998395384,,0.0,,,0.9105915000000018,,,0.47246074851661385
MALA,1,30400,152.0,46.42401512525976,1.2752485091066683,0.9980283338253086,,1.0588753926945682,0.011063660677332665,,0.0,,,0.9105915000000018,,,0.4714958528700893
MALA,2,30400,152.0,46.42401512525976,1.2724032120894582,0.9980283338253086,,1.054372348072702,0.011063608207921405,,0.0,,,0.9105915000000018,,,0.4703934121268563
MALA,3,30400,152.0,46.42401512525976,1.2740708501349864,0.9980283338253086,,1.0576698337768773,0.011063608207921405,,0.0,,,0.9105915000000018,,,0.470984177548181
MALA,4,30400,152.0,46.42401512525976,1.2734358337919165,0.9970283338253086,,1.057070186081753,0.015554919597539185,,0.0,,,0.9105915000000018,,,0.4704176783384608
MALA,0,31200,156.0,47.55749259982258,1.2751719591040562,0.9990283338253088,,1.058098840489946,0.006048118765343058,,0.0,,,0.910736625000001,,,0.4713381539202614
MALA,1,31200,156.0,47.55749259982258,1.2753012754140065,0.9980283338253086,,1.0578061885940895,0.011063486596350036,,0.0,,,0.910736625000001,,,0.4713091750140047
MALA,2,31200,156.0,47.55749259982258,1.2748282315033104,0.9975283338253087,,1.0569368210107657,0.013354808743249347,,0.0,,,0.910736625000001,,,0.4713583427456779
MALA,3,31200,156.0,47.55749259982258,1.2729214617844242,0.9980283338253086,,1.0565861967802956,0.011063486596350036,,0.0,,,0.910736625000001,,,0.4701927861415817
MALA,4,31200,156.0,47.55749259982258,1.2740004551012705,0.9970283338253088,,1.059490629332452,0.015554969208449787,,0.0,,,0.910736625000001,,,0.47086477491842926
MALA,0,32000,160.0,48.71791462413967,1.274453400615178,0.9990283338253088,,1.0603775162043925,0.006048015613993707,,0.0,,,0.9106768749999992,,,0.4713258209213248
MALA,1,32000,160.0,48.71791462413967,1.2762246258390804,0.9980283338253086,,1.0646077411351493,0.01106323110195473,,0.0,,,0.9106768749999992,,,0.47177742158586844
MALA,2,32000,160.0,48.71791462413967,1.273640053420936,0.9975283338253087,,1.0565706073966399,0.013354663797810029,,0.0,,,0.9106768749999992,,,0.47060389581387896
MALA,3,32000,160.0,48.71791462413967,1.2757093406510929,0.9980283338253086,,1.0624030893554477,0.011063637625361,,0.0,,,0.9106768749999992,,,0.4713441709927248
MALA,4,32000,160.0,48.71791462413967,1.273783672461527,0.9970283338253088,,1.0582976503249089,0.015554969208449787,,0.0,,,0.9106768749999992,,,0.4706122750925452
MALA,0,32800,164.0,49.93576742801815,1.2762659632763467,0.9985283338253086,,1.058972902017228,0.008650100319790188,,0.0,,,0.9105198749999993,,,0.47160947718581836
MALA,1,32800,164.0,49.93576742801815,1.2792247715091891,0.9980283338253086,,1.063308230983345,0.011062904263019258,,0.0,,,0.9105198749999993,,,0.4730951842231382
MALA,2,32800,164.0,49.93576742801815,1.2737837467654818,0.9975283338253087,,1.0577948665244963,0.013354704555367025,,0.0,,,0.9105198749999993,,,0.4705270766821441
MALA,3,32800,164.0,49.93576742801815,1.2752630510842218,0.9980283338253086,,1.061873495196157,0.0110636767796497,,0.0,,,0.9105198749999993,,,0.471448365330959
MALA,4,32800,164.0,49.93576742801815,1.27645854476332,0.9970283338253086,,1.0565927095013439,0.0155549976066649,,0.0,,,0.9105198749999993,,,0.47143120908255104
MALA,0,33600,168.0,51.12435241043568,1.2765962686647074,0.9985283338253086,,1.0606130190683414,0.00865017702928439,,0.0,,,0.910593125000001,,,0.47194238293388585
MALA,1,33600,168.0,51.12435241043568,1.2739452804772917,0.9980283338253086,,1.0612107824946642,0.011063608207921405,,0.0,,,0.910593125000001,,,0.4704611436246031
MALA,2,33600,168.0,51.12435241043568,1.274793424446474,0.9975283338253087,,1.0572655600971115,0.013354792554598705,,0.0,,,0.910593125000001,,,0.47088903074704946
MALA,3,33600,168.0,51.12435241043568,1.273537554295091,0.9980283338253086,,1.0622681803739087,0.011063581280081447,,0.0,,,0.910593125000001,,,0.47057151404335945
MALA,4,33600,168.0,51.12435241043568,1.2729532337219893,0.9970283338253088,,1.0575921020340526,0.015554988688058935,,0.0,,,0.910593125000001,,,0.47029598657478855
MALA,0,34400,172.0,52.34835014678538,1.275140662700126,0.9985283338253086,,1.0571661804320043,0.00865011690421591,,0.0,,,0.9106025000000011,,,0.47111114762485395
MALA,1,34400,172.0,52.34835014678538,1.2751730950813842,0.9980283338253086,,1.0581432590127335,0.011063685262576728,,0.0,,,0.9106025000000011,,,0.47151532098441573
MALA,2,34400,172.0,52.34835014678538,1.2728150453761087,0.9975283338253087,,1.0495164796870904,0.013354663797810029,,0.0,,,0.9106025000000011,,,0.47010379737442
MALA,3,34400,172.0,52.34835014678538,1.2730082619064207,0.9980283338253086,,1.056981455010141,0.011063194540401944,,0.0,,,0.9106025000000011,,,0.47042757473555513
MALA,4,34400,172.0,52.34835014678538,1.2779074085728623,0.9970283338253088,,1.0596368491131907,0.015554835327494576,,0.0,,,0.9106025000000011,,,0.47232532166349817
MALA,0,35200,176.0,53.570094311609864,1.276030376280156,0.9985283338253086,,1.0606473129320921,0.00865011690421591,,0.0,,,0.9105736249999974,,,0.47186875399959965
MALA,1,35200,176.0,53.570094311609864,1.2741894534535796,0.9980283338253086,,1.0601898896640058,0.011063381648403592,,0.0,,,0.9105736249999974,,,0.4710164845874174
MALA,2,35200,176.0,53.570094311609864,1.2726281800805967,0.9975283338253087,,1.0605313638057419,0.013354792554598705,,0.0,,,0.9105736249999974,,,0.46997508758195916
MALA,3,35200,176.0,53.570094311609864,1.2746619153738008,0.9980283338253086,,1.0595949380159648,0.011063685262576728,,0.0,,,0.9105736249999974,,,0.4713202232576816
MALA,4,35200,176.0,53.570094311609864,1.2755415751446018,0.9970283338253086,,1.0542596760252805,0.01555466365433944,,0.0,,,0.9105736249999974,,,0.47152365480219466
MALA,0,36000,180.0,54.911080008372664,1.2761997249322887,0.9985283338253086,,1.0587388583314754,0.008650152616446194,,0.0,,,0.9104542500000007,,,0.4717860643201938
MALA,1,36000,180.0,54.911080008372664,1.2746534354912973,0.9980283338253086,,1.058720709560323,0.011063381648403592,,0.0,,,0.9104542500000007,,,0.4709587210150374
MALA,2,36000,180.0,54.911080008372664,1.2754355541097857,0.9975283338253086,,1.0562688463606649,0.013354817312423162,,0.0,,,0.9104542500000007,,,0.4715031589071449
MALA,3,36000,180.0,54.911080008372664,1.2746436776513022,0.9980283338253086,,1.059637787649894,0.011063637625361,,0.0,,,0.9104542500000007,,,0.47115522397635395
MALA,4,36000,180.0,54.911080008372664,1.2724305779444103,0.9970283338253086,,1.0505005706005708,0.015554570703176673,,0.0,,,0.9104542500000007,,,0.4701143171992426
MALA,0,36800,184.0,56.13915021531284,1.2731777566091014,0.9985283338253086,,1.0549197036604967,0.008649874193696006,,0.0,,,0.910623625,,,0.4708719809090936
MALA,1,36800,184.0,56.13915021531284,1.2777333628434213,0.9980283338253086,,1.060955751466439,0.011063625481276373,,0.0,,,0.910623625,,,0.47221426268747857
MALA,2,36800,184.0,56.13915021531284,1.2738787445525677,0.9975283338253086,,1.0535122853933752,0.013354739912256997,,0.0,,,0.910623625,,,0.47123222757278294
MALA,3,36800,184.0,56.13915021531284,1.2764310630124913,0.9980283338253086,,1.057296635529728,0.011063656610764916,,0.0,,,0.910623625,,,0.47156465001354375
MALA,4,36800,184.0,56.13915021531284,1.274498665488589,0.9970283338253086,,1.054947687042865,0.01555466365433944,,0.0,,,0.910623625,,,0.47097885527574707
MALA,0,37600,188.0,57.33873762190342,1.2761576382583586,0.9985283338253087,,1.059983398543175,0.008650072617295668,,0.0,,,0.9106461250000016,,,0.4716257713912059
MALA,1,37600,188.0,57.33873762190342,1.2721649970402262,0.9980283338253086,,1.0550484797569675,0.011063532266755605,,0.0,,,0.9106461250000016,,,0.47004283414764886
MALA,2,37600,188.0,57.33873762190342,1.2757986808273334,0.9975283338253087,,1.0616308218130492,0.013354792554598705,,0.0,,,0.9106461250000016,,,0.4713145902164986
MALA,3,37600,188.0,57.33873762190342,1.2760057438512409,0.9980283338253086,,1.0557984432824121,0.011063572937628274,,0.0,,,0.9106461250000016,,,0.4716731627058454
MALA,4,37600,188.0,57.33873762190342,1.2721207489852862,0.9970283338253086,,1.0564573836471043,0.015554997343566357,,0.0,,,0.9106461250000016,,,0.47013469877113306
MALA,0,38400,192.0,58.54568017181009,1.2756172727474582,0.9985283338253086,,1.0631086033863884,0.008650148119516254,,0.0,,,0.9105184999999999,,,0.471527199289687
MALA,1,38400,192.0,58.54568017181009,1.2749015300998576,0.9980283338253086,,1.0553901026142642,0.011063656610764916,,0.0,,,0.9105184999999999,,,0.4713365815057479
MALA,2,38400,192.0,58.54568017181009,1.2728304789103548,0.9975283338253087,,1.0548730456486686,0.013354704555367025,,0.0,,,0.9105184999999999,,,0.4702868592076566
MALA,3,38400,192.0,58.54568017181009,1.273198365006385,0.9980283338253086,,1.053571610408447,0.0110636767796497,,0.0,,,0.9105184999999999,,,0.47092065603216005
MALA,4,38400,192.0,58.54568017181009,1.2762014113445619,0.9970283338253088,,1.0538646606383075,0.015554884153964887,,0.0,,,0.9105184999999999,,,0.4714538190369241
MALA,0,39200,196.0,59.73592612706125,1.275344451921366,0.9980283338253086,,1.0598725466282215,0.011063625481276373,,0.0,,,0.9104225000000001,,,0.4712849480764045
MALA,1,39200,196.0,59.73592612706125,1.2742094122422587,0.9980283338253086,,1.0579783060550114,0.0110636767796497,,0.0,,,0.9104225000000001,,,0.4709961999823532
MALA,2,39200,196.0,59.73592612706125,1.2744972263269947,0.9975283338253087,,1.0583943724965459,0.013354817489275028,,0.0,,,0.9104225000000001,,,0.47120369874622314
MALA,3,39200,196.0,59.73592612706125,1.2725695746555594,0.9980283338253086,,1.0524434631936845,0.011062977348984981,,0.0,,,0.9104225000000001,,,0.4701878179270866
MALA,4,39200,196.0,59.73592612706125,1.276569365229896,0.9970283338253088,,1.0569376320532051,0.015554988579087659,,0.0,,,0.9104225000000001,,,0.4719511722471269
MALA,0,40000,200.0,60.94370398763567,1.2751935424943053,0.9980283338253086,,1.0560512205364108,0.011063660677332665,,0.0,,,0.9105452500000005,,,0.47118042557933365
MALA,1,40000,200.0,60.94370398763567,1.2743118703690286,0.9980283338253086,,1.0614574958771121,0.0110636767796497,,0.0,,,0.9105452500000005,,,0.47108826856050695
MALA,2,40000,200.0,60.94370398763567,1.2774200931097262,0.9975283338253087,,1.0607456781173672,0.013354808375538596,,0.0,,,0.9105452500000005,,,0.4719202269314091
MALA,3,40000,200.0,60.94370398763567,1.2732543748680145,0.9980283338253086,,1.0557826013138103,0.011063532266755605,,0.0,,,0.9105452500000005,,,0.47099231808650216
MALA,4,40000,200.0,60.94370398763567,1.2757432349037532,0.9970283338253086,,1.0616154188506763,0.015554938250845196,,0.0,,,0.9105452500000005,,,0.4716501694008944
FLA,0,800,4.0,0.7835973259061575,0.9149623531185281,0.7430283338253086,,0.7457485773605356,0.46131096104048197,,0.0,,,,,,0.3416286424914868
FLA,1,800,4.0,0.7835973259061575,0.8923265280361011,0.7115283338253087,,0.7403069859886175,0.4963375500746341,,0.0,,,,,,0.33236029631047914
FLA,2,800,4.0,0.7835973259061575,0.8985566814667987,0.7355283338253086,,0.7436324055031768,0.46983737020164307,,0.0,,,,,,0.33054863327098916
FLA,3,800,4.0,0.7835973259061575,0.9231577699317597,0.7425283338253086,,0.7514831769408385,0.4618917992709334,,0.0,,,,,,0.3364184733276214
FLA,4,800,4.0,0.7835973259061575,0.9147858228833475,0.7360283338253086,,0.7444097582852406,0.46928144317758913,,0.0,,,,,,0.3372956276816992
FLA,0,1600,8.0,1.531446729786694,0.9109811789691215,0.7575283338253087,,0.7494763855641869,0.4444556495369434,,0.0,,,,,,0.33425178248311305
FLA,1,1600,8.0,1.531446729786694,0.9171995922020728,0.7410283338253086,,0.7452022996384112,0.463607575497615,,0.0,,,,,,0.3388657970140005
FLA,2,1600,8.0,1.531446729786694,0.9113326519348572,0.7390283338253086,,0.7485347092816802,0.46587979306277694,,0.0,,,,,,0.33738090162257095
FLA,3,1600,8.0,1.531446729786694,0.8936484668327566,0.7290283338253085,,0.7427741845775163,0.47711606201817724,,0.0,,,,,,0.3276241777696189
FLA,4,1600,8.0,1.531446729786694,0.9222247161115927,0.7505283338253086,,0.7476940122991554,0.45266765332317227,,0.0,,,,,,0.34054348020373704
FLA,0,2400,12.0,2.2182147037237883,0.9050573447561477,0.7460283338253086,,0.7503818865702534,0.4578543535248164,,0.0,,,,,,0.32938197054100105
FLA,1,2400,12.0,2.2182147037237883,0.9122829348102247,0.7440283338253086,,0.748441009365482,0.4601578610292262,,0.0,,,,,,0.3418950755863647
FLA,2,2400,12.0,2.2182147037237883,0.9016497776767365,0.7305283338253086,,0.7429972851488885,0.475456087896691,,0.0,,,,,,0.3277942552276442
FLA,3,2400,12.0,2.2182147037237883,0.9129886984794823,0.7490283338253085,,0.7481773406150936,0.4544055669000906,,0.0,,,,,,0.3330790972888763
FLA,4,2400,12.0,2.2182147037237883,0.9198533311827969,0.7460283338253086,,0.7501550861221697,0.45786424380015156,,0.0,,,,,,0.34494644722273443
FLA,0,3200,16.0,2.900587354786694,0.9217678816064079,0.7605283338253086,,0.7544519456826666,0.4409176858791115,,0.0,,,,,,0.33900797894703727
FLA,1,3200,16.0,2.900587354786694,0.9192488690221168,0.7500283338253086,,0.7521119823029775,0.4532393848430667,,0.0,,,,,,0.33779019046685554
FLA,2,3200,16.0,2.900587354786694,0.9071389941805016,0.7495283338253087,,0.7551935849732255,0.4538144168652438,,0.0,,,,,,0.3309540389348872
FLA,3,3200,16.0,2.900587354786694,0.905313886036294,0.7335283338253087,,0.7451599766028151,0.4720937928857225,,0.0,,,,,,0.33079416938486006
FLA,4,3200,16.0,2.900587354786694,0.8949407120084599,0.7280283338253086,,0.7451750991990611,0.47824285282034784,,0.0,,,,,,0.3292131951215606
FLA,0,4000,20.0,3.568366741761565,0.9147917101648007,0.7465283338253086,,0.7490630181450757,0.4572853694160216,,0.0,,,,,,0.33293142497523115
FLA,1,4000,20.0,3.568366741761565,0.9092256930520003,0.7450283338253086,,0.7518467756579791,0.45901578039253876,,0.0,,,,,,0.33204500793932806
FLA,2,4000,20.0,3.568366741761565,0.9020787629622957,0.7325283338253087,,0.7412635987714672,0.4732089690654494,,0.0,,,,,,0.3312566938754413
FLA,3,4000,20.0,3.568366741761565,0.907011383143248,0.7385283338253087,,0.7471087711084784,0.466443539449252,,0.0,,,,,,0.3321611452435288
FLA,4,4000,20.0,3.568366741761565,0.895881006407368,0.7315283338253086,,0.7435045766447079,0.4743316582113737,,0.0,,,,,,0.3309395451537815
FLA,0,4800,24.0,4.2292319955304265,0.9007152001827812,0.7335283338253087,,0.7416905936862701,0.47209455227013275,,0.0,,,,,,0.3266594677611154
FLA,1,4800,24.0,4.2292319955304265,0.8980800113345306,0.7345283338253087,,0.739291754563301,0.4709649384198651,,0.0,,,,,,0.3320273881298476
FLA,2,4800,24.0,4.2292319955304265,0.8959519763258361,0.7245283338253086,,0.7436711760404755,0.48212921951577326,,0.0,,,,,,0.32723024921685306
FLA,3,4800,24.0,4.2292319955304265,0.904145270352377,0.7395283338253086,,0.7421149151238903,0.4653053649362735,,0.0,,,,,,0.32909289230064165
FLA,4,4800,24.0,4.2292319955304265,0.9145714933480856,0.7365283338253086,,0.7441756503850525,0.4687114317391705,,0.0,,,,,,0.34095361637227134
FLA,0,5600,28.0,4.886457499116659,0.8952589835226279,0.7315283338253087,,0.7424226279296074,0.4743277364134969,,0.0,,,,,,0.33789984665670736
FLA,1,5600,28.0,4.886457499116659,0.9049494586109573,0.7435283338253087,,0.7462976982705675,0.4607407199251343,,0.0,,,,,,0.3321889337963469
FLA,2,5600,28.0,4.886457499116659,0.904759911311009,0.7415283338253087,,0.7492668258524859,0.4630223879818749,,0.0,,,,,,0.32957723174488324
FLA,3,5600,28.0,4.886457499116659,0.9070378024701954,0.7375283338253087,,0.7496856202557152,0.4675734418505283,,0.0,,,,,,0.3322176546019144
FLA,4,5600,28.0,4.886457499116659,0.9077906824933678,0.7305283338253086,,0.750044194641117,0.4754636809219971,,0.0,,,,,,0.3355095240588716
FLA,0,6400,32.0,5.548914194107056,0.9167425793636107,0.7535283338253086,,0.7506983528026246,0.4491568513618599,,0.0,,,,,,0.3380265679251737
FLA,1,6400,32.0,5.548914194107056,0.9128040208560919,0.7485283338253086,,0.7479987015149184,0.45497768778451686,,0.0,,,,,,0.3322171608144675
FLA,2,6400,32.0,5.548914194107056,0.9020798477371716,0.7370283338253086,,0.7454409629691735,0.46813580223366447,,0.0,,,,,,0.33040133018841306
FLA,3,6400,32.0,5.548914194107056,0.9083569605510696,0.7340283338253087,,0.7488002070644222,0.47153437333531123,,0.0,,,,,,0.33145878768798165
FLA,4,6400,32.0,5.548914194107056,0.9059760272075057,0.7430283338253086,,0.7456518714536294,0.46131058496028243,,0.0,,,,,,0.3336493510746754
FLA,0,7200,36.0,6.312376323156059,0.9184576964028406,0.7545283338253086,,0.7541204140856597,0.44799010466255496,,0.0,,,,,,0.33717912935310335
FLA,1,7200,36.0,6.312376323156059,0.9059270707744175,0.7495283338253087,,0.7526086001871729,0.4538064133107106,,0.0,,,,,,0.3314916379833741
FLA,2,7200,36.0,6.312376323156059,0.9121596581459078,0.7430283338253086,,0.7506967953069162,0.46131432604085987,,0.0,,,,,,0.33373832481482507
FLA,3,7200,36.0,6.312376323156059,0.9072727959167193,0.7375283338253087,,0.7464403795393547,0.46757914185785554,,0.0,,,,,,0.3375263665667455
FLA,4,7200,36.0,6.312376323156059,0.9146137626699761,0.7505283338253087,,0.7520106365858877,0.4526614893548053,,0.0,,,,,,0.33152192023191124
FLA,0,8000,40.0,7.026606485247612,0.8983898935694792,0.7295283338253086,,0.7484129368782807,0.4765702844512101,,0.0,,,,,,0.3269255781522317
FLA,1,8000,40.0,7.026606485247612,0.9018273236139989,0.7345283338253086,,0.7467703058064131,0.4709653215329326,,0.0,,,,,,0.33212841394974535
FLA,2,8000,40.0,7.026606485247612,0.8899328612016597,0.7150283338253086,,0.7378027661333882,0.492536555685825,,0.0,,,,,,0.32344633058943
FLA,3,8000,40.0,7.026606485247612,0.913696599636479,0.7365283338253086,,0.7446374749588551,0.46871592484059676,,0.0,,,,,,0.3294594390531269
FLA,4,8000,40.0,7.026606485247612,0.9011373137446188,0.7320283338253086,,0.7469451529664,0.4737705798015641,,0.0,,,,,,0.33773410014441163
FLA,0,8800,44.0,7.683292278088629,0.9033124602810616,0.7285283338253087,,0.7437733325949238,0.4776961711334099,,0.0,,,,,,0.32206966201167436
FLA,1,8800,44.0,7.683292278088629,0.9062378490927612,0.7405283338253087,,0.7472626308886109,0.4641668802830845,,0.0,,,,,,0.3313535299629223
FLA,2,8800,44.0,7.683292278088629,0.9085461945181127,0.7500283338253086,,0.749422348467356,0.4532419637981072,,0.0,,,,,,0.33307915472195426
FLA,3,8800,44.0,7.683292278088629,0.9098084794008641,0.7515283338253087,,0.754458672314605,0.4514887998753163,,0.0,,,,,,0.33262031796986513
FLA,4,8800,44.0,7.683292278088629,0.9042165975584627,0.7385283338253086,,0.7404989473724,0.4664393592900049,,0.0,,,,,,0.33455105335425084
FLA,0,9600,48.0,8.349255395121872,0.9137099013998395,0.7450283338253085,,0.7462328142518488,0.459012391342957,,0.0,,,,,,0.33644169877646135
FLA,1,9600,48.0,8.349255395121872,0.9088138915902734,0.7355283338253087,,0.7430191263290642,0.46984380673210757,,0.0,,,,,,0.3338576571840577
FLA,2,9600,48.0,8.349255395121872,0.9037046377836628,0.7425283338253086,,0.7525939285384534,0.46187641375818833,,0.0,,,,,,0.3367194741720027
FLA,3,9600,48.0,8.349255395121872,0.9125696646331776,0.7280283338253086,,0.7408639345192792,0.47825392089760654,,0.0,,,,,,0.3389238694752453
FLA,4,9600,48.0,8.349255395121872,0.9132227390507627,0.7545283338253086,,0.748878164756198,0.4479826788204887,,0.0,,,,,,0.34098990341347435
FLA,0,10400,52.0,9.016501900739968,0.9133819536278018,0.7310283338253086,,0.7465661201392175,0.47490405292806925,,0.0,,,,,,0.3331697499080963
FLA,1,10400,52.0,9.016501900739968,0.9023743015648119,0.7380283338253086,,0.7422871377609759,0.46699970607637353,,0.0,,,,,,0.3333780425527726
FLA,2,10400,52.0,9.016501900739968,0.8997515999935093,0.7320283338253086,,0.748473645239053,0.4737705798015641,,0.0,,,,,,0.3336489158476338
FLA,3,10400,52.0,9.016501900739968,0.9056004056848239,0.7295283338253086,,0.7443319250206901,0.4765794720266714,,0.0,,,,,,0.32003078422369013
FLA,4,10400,52.0,9.016501900739968,0.9019004484082314,0.7410283338253085,,0.7498810901597303,0.4635852760776995,,0.0,,,,,,0.3296700015668541
FLA,0,11200,56.0,9.712818248197436,0.9144189708553795,0.7445283338253086,,0.7522480924335162,0.45959144908923644,,0.0,,,,,,0.3314553552454484
FLA,1,11200,56.0,9.712818248197436,0.9093010146590973,0.7405283338253086,,0.7515538481333806,0.4641600025850492,,0.0,,,,,,0.34051265034933725
FLA,2,11200,56.0,9.712818248197436,0.9207274804078868,0.7475283338253086,,0.7500202330087198,0.4561378817077407,,0.0,,,,,,0.33532165194755326
FLA,3,11200,56.0,9.712818248197436,0.9065512999605871,0.7420283338253086,,0.749141110043337,0.4624454403542779,,0.0,,,,,,0.33294000250195127
FLA,4,11200,56.0,9.712818248197436,0.8893930895882106,0.7275283338253087,,0.744128618306092,0.4787862528329023,,0.0,,,,,,0.3237294136056137
FLA,0,12000,60.0,10.374603873118758,0.9236702267582269,0.7610283338253087,,0.7630321825983475,0.44030957258254466,,0.0,,,,,,0.3450950901669738
FLA,1,12000,60.0,10.374603873118758,0.8999445256353045,0.7400283338253086,,0.7456085790535523,0.4647267948319712,,0.0,,,,,,0.3290767904975177
FLA,2,12000,60.0,10.374603873118758,0.8984885168887847,0.7445283338253086,,0.7467523061128649,0.45957417664701716,,0.0,,,,,,0.3293007724296703
FLA,3,12000,60.0,10.374603873118758,0.9024876960225426,0.7360283338253086,,0.7478978901619727,0.4692681584491101,,0.0,,,,,,0.3324054686176874
FLA,4,12000,60.0,10.374603873118758,0.9135686722906777,0.7320283338253086,,0.7465678191800889,0.4737835824210248,,0.0,,,,,,0.33625177180481197
FLA,0,12800,64.0,11.043440769426525,0.9123317249260233,0.7500283338253086,,0.7488174851667557,0.4532423305285299,,0.0,,,,,,0.3346299187032366
FLA,1,12800,64.0,11.043440769426525,0.9102507259773749,0.7435283338253087,,0.7482483124263675,0.4607477178411351,,0.0,,,,,,0.3365419273053356
FLA,2,12800,64.0,11.043440769426525,0.900908415548579,0.7340283338253087,,0.7429139014548604,0.47152521654498514,,0.0,,,,,,0.33094807585229474
FLA,3,12800,64.0,11.043440769426525,0.9075730128959593,0.7415283338253086,,0.7456881491417964,0.46303216031308947,,0.0,,,,,,0.3325959694896692
FLA,4,12800,64.0,11.043440769426525,0.9069778693497976,0.7445283338253087,,0.7490361722281109,0.45958465102745294,,0.0,,,,,,0.32908615351819914
FLA,0,13600,68.0,11.715648368000984,0.9158112634038891,0.7470283338253085,,0.7445676956673623,0.4567115591725598,,0.0,,,,,,0.33897735283682495
FLA,1,13600,68.0,11.715648368000984,0.9043149811585268,0.7275283338253086,,0.7483237065559645,0.4788054829735189,,0.0,,,,,,0.3334573729142225
FLA,2,13600,68.0,11.715648368000984,0.9248824318290794,0.7485283338253086,,0.7446447631187718,0.45498613207171823,,0.0,,,,,,0.34096069407235563
FLA,3,13600,68.0,11.715648368000984,0.9126078774483866,0.7520283338253086,,0.7500203311628016,0.4509020661791645,,0.0,,,,,,0.33598244096166435
FLA,4,13600,68.0,11.715648368000984,0.9037340484590848,0.7430283338253086,,0.7499289698436357,0.46130907621287,,0.0,,,,,,0.3339783797235496
FLA,0,14400,72.0,12.374217252247036,0.9187575115879199,0.7520283338253086,,0.7592613034540767,0.45090622433678906,,0.0,,,,,,0.33495731321493355
FLA,1,14400,72.0,12.374217252247036,0.9034709161060293,0.7340283338253086,,0.7391184302254091,0.47152676094096413,,0.0,,,,,,0.3309899640070878
FLA,2,14400,72.0,12.374217252247036,0.9182880196592437,0.7490283338253085,,0.7481026203263916,0.4544015422614759,,0.0,,,,,,0.33925593132894094
FLA,3,14400,72.0,12.374217252247036,0.9184593099287872,0.7495283338253087,,0.7497445341799402,0.4538214901855534,,0.0,,,,,,0.33329646964989224
FLA,4,14400,72.0,12.374217252247036,0.9053524769845608,0.7420283338253086,,0.7444575612517141,0.46245874464023906,,0.0,,,,,,0.3314524187553187
FLA,0,15200,76.0,13.036479107104242,0.9113675308259588,0.7415283338253087,,0.7468018890578937,0.4630265588559678,,0.0,,,,,,0.3445530013573394
FLA,1,15200,76.0,13.036479107104242,0.9279700703354441,0.7600283338253087,,0.749918727094664,0.44151220589971407,,0.0,,,,,,0.3425274688282802
FLA,2,15200,76.0,13.036479107104242,0.9081964783979908,0.7375283338253086,,0.7470023625623643,0.4675817675511381,,0.0,,,,,,0.33157565316611565
FLA,3,15200,76.0,13.036479107104242,0.9047987990223005,0.7365283338253087,,0.7426712391692835,0.4687110544504839,,0.0,,,,,,0.33805290308014624
FLA,4,15200,76.0,13.036479107104242,0.9123213866261362,0.7495283338253086,,0.7508321098578496,0.45381964387351603,,0.0,,,,,,0.3333880858849437
FLA,0,16000,80.0,13.706560585647821,0.9086314160740144,0.7395283338253087,,0.7501437684225919,0.46530875707080466,,0.0,,,,,,0.3305068561719946
FLA,1,16000,80.0,13.706560585647821,0.9078946804062585,0.7405283338253086,,0.7521992149244701,0.4641687648831936,,0.0,,,,,,0.3332077869310831
FLA,2,16000,80.0,13.706560585647821,0.9111135503796689,0.7500283338253086,,0.752086792484724,0.45323265632077037,,0.0,,,,,,0.3307543896383052
FLA,3,16000,80.0,13.706560585647821,0.9120518542711997,0.7465283338253086,,0.745859032059101,0.45728687487318664,,0.0,,,,,,0.3360272450573793
FLA,4,16000,80.0,13.706560585647821,0.9160784690804177,0.7325283338253086,,0.743477809454224,0.4732208598791683,,0.0,,,,,,0.34001676507913325
FLA,0,16800,84.0,14.37020711041987,0.9241287910061694,0.7470283338253085,,0.7480382260452608,0.45671893951491693,,0.0,,,,,,0.34096161616476733
FLA,1,16800,84.0,14.37020711041987,0.9067804262115444,0.7445283338253086,,0.7505814389511957,0.4595854135159436,,0.0,,,,,,0.330767534685837
FLA,2,16800,84.0,14.37020711041987,0.9054335000587098,0.7335283338253086,,0.7463256662989189,0.4720903532184054,,0.0,,,,,,0.3329627483677431
FLA,3,16800,84.0,14.37020711041987,0.9054473231722979,0.7530283338253086,,0.7491865119247757,0.44973630665631614,,0.0,,,,,,0.3321440476715784
FLA,4,16800,84.0,14.37020711041987,0.9216343526372168,0.7620283338253087,,0.7549370633684755,0.43912710834540347,,0.0,,,,,,0.3397172332801301
FLA,0,17600,88.0,15.05812859442085,0.8938249970744205,0.7230283338253086,,0.7489280393056391,0.48377484778150925,,0.0,,,,,,0.3237587419885506
FLA,1,17600,88.0,15.05812859442085,0.9132801308887817,0.7455283338253086,,0.7512164284541927,0.45844696770884863,,0.0,,,,,,0.3296151271069537
FLA,2,17600,88.0,15.05812859442085,0.9096055492570034,0.7365283338253087,,0.7518091822395402,0.46871962141322787,,0.0,,,,,,0.3328638936085358
FLA,3,17600,88.0,15.05812859442085,0.9053191836505582,0.7415283338253087,,0.7491751116401635,0.46301893469444233,,0.0,,,,,,0.33264501934352425
FLA,4,17600,88.0,15.05812859442085,0.917002981848227,0.7430283338253086,,0.7480385209215421,0.46131839132206687,,0.0,,,,,,0.33592668113852453
FLA,0,18400,92.0,15.777651689946651,0.8968518044162632,0.7395283338253087,,0.7468683724041107,0.4652984711553505,,0.0,,,,,,0.3289168129846609
FLA,1,18400,92.0,15.777651689946651,0.915523132745939,0.7570283338253087,,0.7510094146888927,0.44504057490080307,,0.0,,,,,,0.3378590046153621
FLA,2,18400,92.0,15.777651689946651,0.9209916976255806,0.7460283338253086,,0.747798538930856,0.4578749267290314,,0.0,,,,,,0.3362301335609449
FLA,3,18400,92.0,15.777651689946651,0.9105890868234305,0.7375283338253086,,0.7470660226057724,0.4675787649943972,,0.0,,,,,,0.33264825446808316
FLA,4,18400,92.0,15.777651689946651,0.9198435975189327,0.7590283338253087,,0.7545647542977902,0.44268255378323285,,0.0,,,,,,0.34025882089111026
FLA,0,19200,96.0,16.46220277156681,0.9060869326543721,0.7320283338253086,,0.7458703480906953,0.47377599781571345,,0.0,,,,,,0.3361413439547453
FLA,1,19200,96.0,16.46220277156681,0.9063302882331414,0.7390283338253086,,0.7454846519626672,0.4658672658258576,,0.0,,,,,,0.33595331961210145
FLA,2,19200,96.0,16.46220277156681,0.9004946637841597,0.7355283338253087,,0.7458922283483811,0.4698339096021189,,0.0,,,,,,0.3308345662021965
FLA,3,19200,96.0,16.46220277156681,0.9107601100727066,0.7520283338253086,,0.7510288298190189,0.45090734910108554,,0.0,,,,,,0.33399783078888823
FLA,4,19200,96.0,16.46220277156681,0.8984999625204545,0.7265283338253087,,0.7477376521765489,0.4799056320858123,,0.0,,,,,,0.32724017430305624
FLA,0,20000,100.0,17.157254807651043,0.9093412762944953,0.7290283338253086,,0.7408203402084678,0.47714681628805256,,0.0,,,,,,0.326610114768304
FLA,1,20000,100.0,17.157254807651043,0.8988745394475817,0.7200283338253087,,0.7408216921037762,0.48709488969603354,,0.0,,,,,,0.32472975622452843
FLA,2,20000,100.0,17.157254807651043,0.8986153212098572,0.7345283338253086,,0.7453518102687497,0.4709599159139083,,0.0,,,,,,0.3265424184588983
FLA,3,20000,100.0,17.157254807651043,0.9097317230437788,0.7355283338253087,,0.7492173049814258,0.4698441813517098,,0.0,,,,,,0.32908022295294814
FLA,4,20000,100.0,17.157254807651043,0.9101564284369501,0.7385283338253086,,0.7459977995896911,0.4664454216499283,,0.0,,,,,,0.33587315586446953
FLA,0,20800,104.0,17.82360439468175,0.9125195011142362,0.7395283338253086,,0.7458665762159111,0.465303845722818,,0.0,,,,,,0.33866492867618336
FLA,1,20800,104.0,17.82360439468175,0.8877469343320802,0.7170283338253086,,0.7405331402986838,0.490363578297361,,0.0,,,,,,0.3245249204446465
FLA,2,20800,104.0,17.82360439468175,0.9084701222203412,0.7380283338253086,,0.742556731805473,0.46701647926276324,,0.0,,,,,,0.3376458747128189
FLA,3,20800,104.0,17.82360439468175,0.8977724782541298,0.7425283338253087,,0.7454837831406409,0.4618729354227551,,0.0,,,,,,0.32334010553439685
FLA,4,20800,104.0,17.82360439468175,0.9105457925956489,0.7410283338253086,,0.7487125856918873,0.4636046413350401,,0.0,,,,,,0.3296000690450135
FLA,0,21600,108.0,18.55614966340363,0.899372079226778,0.7440283338253086,,0.7483380579254316,0.4601489280432258,,0.0,,,,,,0.32809331592236907
FLA,1,21600,108.0,18.55614966340363,0.9094955499324784,0.7405283338253086,,0.7475008571256013,0.4641725011317691,,0.0,,,,,,0.3286489957711078
FLA,2,21600,108.0,18.55614966340363,0.9045192770552739,0.7380283338253086,,0.7453344762004122,0.46700743908616205,,0.0,,,,,,0.3319584918011057
FLA,3,21600,108.0,18.55614966340363,0.899816306466582,0.7150283338253086,,0.750120599144217,0.49255019802633127,,0.0,,,,,,0.3335924988323275
FLA,4,21600,108.0,18.55614966340363,0.9052709553786104,0.7400283338253086,,0.7488298184974468,0.4647363986811043,,0.0,,,,,,0.3331322352599884
FLA,0,22400,112.0,19.219226848334074,0.9046718860481001,0.7445283338253086,,0.7461285804509923,0.45958350389258495,,0.0,,,,,,0.3267269812587824
FLA,1,22400,112.0,19.219226848334074,0.8954479845405549,0.7175283338253087,,0.7424310572678054,0.4898285985011246,,0.0,,,,,,0.32480822005220905
FLA,2,22400,112.0,19.219226848334074,0.9081083792432058,0.7435283338253086,,0.7460187361060906,0.46072741471078205,,0.0,,,,,,0.3328982404399441
FLA,3,22400,112.0,19.219226848334074,0.9089988245011109,0.7335283338253086,,0.7439561225247184,0.47209944483232635,,0.0,,,,,,0.33234840128360676
FLA,4,22400,112.0,19.219226848334074,0.9077587443252645,0.7310283338253086,,0.7465422076587155,0.47489298319317774,,0.0,,,,,,0.3375403180822323
FLA,0,23200,116.0,19.905299501493573,0.9034273579411705,0.7380283338253086,,0.7389311937193566,0.46701722120673184,,0.0,,,,,,0.3335124080478535
FLA,1,23200,116.0,19.905299501493573,0.9046714331769031,0.7295283338253087,,0.7482383058495563,0.47657299146464327,,0.0,,,,,,0.33252599229796825
FLA,2,23200,116.0,19.905299501493573,0.8974320989861732,0.7295283338253087,,0.740223110165751,0.47656242212432276,,0.0,,,,,,0.3274988125299143
FLA,3,23200,116.0,19.905299501493573,0.908670272322449,0.7475283338253087,,0.7500736004809857,0.4561262468355586,,0.0,,,,,,0.33083285088516856
FLA,4,23200,116.0,19.905299501493573,0.9026468234711528,0.7305283338253086,,0.7467706177591026,0.4754572383895306,,0.0,,,,,,0.32980279739010576
FLA,0,24000,120.0,20.57519261818379,0.9068127754848478,0.7415283338253087,,0.7499857110785519,0.4630193202296352,,0.0,,,,,,0.33133295133314283
FLA,1,24000,120.0,20.57519261818379,0.9156916287214335,0.7460283338253088,,0.7526449275244896,0.4578657386930375,,0.0,,,,,,0.337687787120225
FLA,2,24000,120.0,20.57519261818379,0.8898904947854712,0.7220283338253086,,0.7467716223478238,0.4848757695626905,,0.0,,,,,,0.3223881174040698
FLA,3,24000,120.0,20.57519261818379,0.9156311172695698,0.7380283338253087,,0.7500898772522329,0.46701236750082986,,0.0,,,,,,0.33348810566795795
FLA,4,24000,120.0,20.57519261818379,0.9240768741692353,0.7460283338253086,,0.7427427857181844,0.4578767330081477,,0.0,,,,,,0.34434630557197615
FLA,0,24800,124.0,21.298179554753006,0.8903444249036232,0.7330283338253086,,0.7417526236697001,0.4726389032613729,,0.0,,,,,,0.3218668452143259
FLA,1,24800,124.0,21.298179554753006,0.9179497122216943,0.7420283338253086,,0.7487242836481306,0.4624740118366466,,0.0,,,,,,0.3372272727440414
FLA,2,24800,124.0,21.298179554753006,0.8933202342415255,0.7150283338253086,,0.7425342226217777,0.4925373510779917,,0.0,,,,,,0.33042144485549124
FLA,3,24800,124.0,21.298179554753006,0.9090610222771164,0.7515283338253086,,0.7499480482527842,0.4514861569632822,,0.0,,,,,,0.32819294006460936
FLA,4,24800,124.0,21.298179554753006,0.9061522145884991,0.7385283338253087,,0.7418222109325184,0.46644316167839794,,0.0,,,,,,0.33408789647702625
FLA,0,25600,128.0,21.98501765821129,0.9134764524190161,0.7440283338253088,,0.7538782190032441,0.46017246264590717,,0.0,,,,,,0.33188311029366163
FLA,1,25600,128.0,21.98501765821129,0.907101312619513,0.7400283338253086,,0.7446956935976983,0.4647367769252475,,0.0,,,,,,0.3326814921710064
FLA,2,25600,128.0,21.98501765821129,0.9072268834746671,0.7380283338253086,,0.7379587500271914,0.46700743908616205,,0.0,,,,,,0.33338222400120704
FLA,3,25600,128.0,21.98501765821129,0.8998743312466476,0.7485283338253087,,0.7504587857067927,0.45497243657096065,,0.0,,,,,,0.3232465970723601
FLA,4,25600,128.0,21.98501765821129,0.9213229760968085,0.7700283338253086,,0.7593454488296711,0.4295225874548205,,0.0,,,,,,0.3384415307128633
FLA,0,26400,132.0,22.65021547395736,0.9061586179330209,0.7475283338253087,,0.7461716597412321,0.45612662881047306,,0.0,,,,,,0.3328238178729386
FLA,1,26400,132.0,22.65021547395736,0.8982429694659531,0.7310283338253085,,0.7507390172425568,0.4748937590115683,,0.0,,,,,,0.32623580664226437
FLA,2,26400,132.0,22.65021547395736,0.9002283327833123,0.7200283338253086,,0.7443659653468737,0.48708958392870505,,0.0,,,,,,0.3243266497166846
FLA,3,26400,132.0,22.65021547395736,0.9009383730077923,0.7465283338253086,,0.7486877246482446,0.4572765734314337,,0.0,,,,,,0.3251236716885135
FLA,4,26400,132.0,22.65021547395736,0.8937373918493443,0.7235283338253087,,0.7461257275327102,0.4832238189515333,,0.0,,,,,,0.3280021740120592
FLA,0,27200,136.0,23.340860747732222,0.8907205922913,0.7170283338253085,,0.7398049795571559,0.4903596350816588,,0.0,,,,,,0.32617706429972776
FLA,1,27200,136.0,23.340860747732222,0.9054783311373761,0.7470283338253086,,0.7464288181343459,0.45670742629503325,,0.0,,,,,,0.3230830875475969
FLA,2,27200,136.0,23.340860747732222,0.905166302770681,0.7360283338253086,,0.7439247437779678,0.46926777068528613,,0.0,,,,,,0.32992697466983567
FLA,3,27200,136.0,23.340860747732222,0.9024644438865563,0.7395283338253086,,0.7468989554517167,0.4652961399876743,,0.0,,,,,,0.3292033149185314
FLA,4,27200,136.0,23.340860747732222,0.9145512649097601,0.7540283338253086,,0.7512389282762088,0.4485689399201219,,0.0,,,,,,0.33427753516016506
FLA,0,28000,140.0,24.06152204144746,0.9026664578047038,0.7400283338253086,,0.7427512613607975,0.4647345007407233,,0.0,,,,,,0.32960780486293184
FLA,1,28000,140.0,24.06152204144746,0.9241543586649612,0.7465283338253086,,0.746596213368101,0.45730011449230845,,0.0,,,,,,0.3478924021085792
FLA,2,28000,140.0,24.06152204144746,0.9070420857580651,0.7290283338253086,,0.750069891809978,0.47713638478378906,,0.0,,,,,,0.32865255915500774
FLA,3,28000,140.0,24.06152204144746,0.8978368188756883,0.7400283338253086,,0.7453828890109032,0.46472523125991516,,0.0,,,,,,0.33010126829213615
FLA,4,28000,140.0,24.06152204144746,0.9064157100464681,0.7455283338253086,,0.748068766438623,0.4584350076054383,,0.0,,,,,,0.3292024853300986
FLA,0,28800,144.0,24.783912057057023,0.9037219335348409,0.7415283338253087,,0.7479501793262093,0.46301777530950106,,0.0,,,,,,0.33499558920640893
FLA,1,28800,144.0,24.783912057057023,0.9095884498990561,0.7500283338253086,,0.7525681604263723,0.4532386441656404,,0.0,,,,,,0.33027559094750936
FLA,2,28800,144.0,24.783912057057023,0.9108122524075816,0.7370283338253086,,0.7480945526221283,0.46815866464748535,,0.0,,,,,,0.3343675757829107
FLA,3,28800,144.0,24.783912057057023,0.9179423064868925,0.7425283338253087,,0.7490725031275345,0.46188476115486776,,0.0,,,,,,0.34213244479093424
FLA,4,28800,144.0,24.783912057057023,0.9243513488512425,0.7620283338253087,,0.753921023598968,0.4391296917558265,,0.0,,,,,,0.34032227547151955
FLA,0,29600,148.0,25.51032460294664,0.905157625961753,0.7370283338253086,,0.7408664246855237,0.46814195864167185,,0.0,,,,,,0.3317968323310903
FLA,1,29600,148.0,25.51032460294664,0.9203587586509823,0.7450283338253085,,0.7493061806457426,0.4590242817504896,,0.0,,,,,,0.33681887762715496
FLA,2,29600,148.0,25.51032460294664,0.9117368979026852,0.7455283338253087,,0.75036230166781,0.4584421626464549,,0.0,,,,,,0.3401777934825685
FLA,3,29600,148.0,25.51032460294664,0.9061767172751574,0.7485283338253086,,0.7518249166332549,0.4549643952654516,,0.0,,,,,,0.33125925397018313
FLA,4,29600,148.0,25.51032460294664,0.9030674194324225,0.7180283338253087,,0.7404028727059193,0.48928497183394726,,0.0,,,,,,0.3308487714215818
FLA,0,30400,152.0,26.216444552876055,0.9054092086415604,0.7330283338253086,,0.7438178677169436,0.47266396502079977,,0.0,,,,,,0.32996802589656526
FLA,1,30400,152.0,26.216444552876055,0.8960695256834538,0.7355283338253087,,0.7464614615298183,0.46983313549196104,,0.0,,,,,,0.32390879852673476
FLA,2,30400,152.0,26.216444552876055,0.9077275975174931,0.7360283338253086,,0.7469061263966561,0.4692754384006167,,0.0,,,,,,0.3357584712793534
FLA,3,30400,152.0,26.216444552876055,0.9131680313653892,0.7440283338253086,,0.7503140734584864,0.46016841121298024,,0.0,,,,,,0.33677591461999556
FLA,4,30400,152.0,26.216444552876055,0.902360102474862,0.7345283338253086,,0.7490759607472423,0.47096146967672137,,0.0,,,,,,0.32828977755426814
FLA,0,31200,156.0,26.891118861734867,0.9110613120159026,0.7425283338253086,,0.7499702203232265,0.4618843864033023,,0.0,,,,,,0.33111468024176105
FLA,1,31200,156.0,26.891118861734867,0.9127278440684491,0.7420283338253088,,0.7451304810715695,0.46246574200504864,,0.0,,,,,,0.3327903717820597
FLA,2,31200,156.0,26.891118861734867,0.9092936832201359,0.7500283338253088,,0.7492328275576718,0.4532367849449662,,0.0,,,,,,0.3359879414075504
FLA,3,31200,156.0,26.891118861734867,0.901922642298408,0.7305283338253087,,0.7408754257220703,0.475455318602515,,0.0,,,,,,0.33083961515330484
FLA,4,31200,156.0,26.891118861734867,0.9003209793028643,0.7385283338253086,,0.7493990926541655,0.46643318027116865,,0.0,,,,,,0.3250692505972857
FLA,0,32000,160.0,27.580491546541452,0.9114882041747446,0.7385283338253086,,0.750142528547068,0.4664457967660014,,0.0,,,,,,0.3361698944153817
FLA,1,32000,160.0,27.580491546541452,0.9071737901674048,0.7415283338253087,,0.7530048589416339,0.4630254267118219,,0.0,,,,,,0.3330173564789818
FLA,2,32000,160.0,27.580491546541452,0.8998134624886328,0.7255283338253087,,0.7408677884367378,0.4810299746196094,,0.0,,,,,,0.32609749771094493
FLA,3,32000,160.0,27.580491546541452,0.9213147202527956,0.7615283338253087,,0.754927117582029,0.4397300662958027,,0.0,,,,,,0.3377782442461809
FLA,4,32000,160.0,27.580491546541452,0.9068855196526063,0.7355283338253087,,0.7458862901147548,0.46985011626774054,,0.0,,,,,,0.33894779173520717
FLA,0,32800,164.0,28.263570768758655,0.8931195548373119,0.7425283338253087,,0.7476968404936968,0.46186347211355583,,0.0,,,,,,0.3238698218703775
FLA,1,32800,164.0,28.263570768758655,0.9158907578524272,0.7520283338253088,,0.7538444639578604,0.4509084699371445,,0.0,,,,,,0.33507604087600895
FLA,2,32800,164.0,28.263570768758655,0.8759867493809486,0.7110283338253087,,0.7381597822137073,0.4968574064724429,,0.0,,,,,,0.32329648213916223
FLA,3,32800,164.0,28.263570768758655,0.9142948401316396,0.7455283338253086,,0.7476607239241296,0.4584436488309379,,0.0,,,,,,0.33878324891596395
FLA,4,32800,164.0,28.263570768758655,0.9104156400180518,0.7340283338253086,,0.752468533548059,0.4715366222041466,,0.0,,,,,,0.33858359632297974
FLA,0,33600,168.0,28.930690655484796,0.8997514090189596,0.7415283338253086,,0.746362153528057,0.46301854869670855,,0.0,,,,,,0.3286910132166144
FLA,1,33600,168.0,28.930690655484796,0.9099321345998979,0.7465283338253086,,0.7488503647486632,0.45727734791564556,,0.0,,,,,,0.33482848043420194
FLA,2,33600,168.0,28.930690655484796,0.9060267227621442,0.7540283338253086,,0.7511028059720349,0.44856057832082585,,0.0,,,,,,0.331043618810072
FLA,3,33600,168.0,28.930690655484796,0.9149196048296128,0.7710283338253086,,0.7555454042704945,0.4283063410849859,,0.0,,,,,,0.3341285590004144
FLA,4,33600,168.0,28.930690655484796,0.8962898033110188,0.7300283338253086,,0.7455879519961233,0.4760078042391602,,0.0,,,,,,0.32289738945396584
FLA,0,34400,172.0,29.59016887936741,0.9023289325582705,0.7330283338253085,,0.7424316021928119,0.4726452559876996,,0.0,,,,,,0.33471607764613903
FLA,1,34400,172.0,29.59016887936741,0.9066034057277812,0.7420283338253086,,0.7493306177145755,0.4624481456573425,,0.0,,,,,,0.3299471646670578
FLA,2,34400,172.0,29.59016887936741,0.9040408868293743,0.7390283338253085,,0.7489119965626596,0.46586996428427185,,0.0,,,,,,0.3339324927992196
FLA,3,34400,172.0,29.59016887936741,0.9008225892590408,0.7280283338253086,,0.7457801434085056,0.47825166214251646,,0.0,,,,,,0.327301693481153
FLA,4,34400,172.0,29.59016887936741,0.914016037515835,0.7455283338253087,,0.7518266919085987,0.4584429066013034,,0.0,,,,,,0.33765762441636316
FLA,0,35200,176.0,30.25263083446771,0.9044092594431316,0.7400283338253086,,0.7440709986371832,0.464727184542285,,0.0,,,,,,0.33599584565335394
FLA,1,35200,176.0,30.25263083446771,0.9122299669654046,0.7410283338253085,,0.7447705636731113,0.46359718583049314,,0.0,,,,,,0.3407681809144986
FLA,2,35200,176.0,30.25263083446771,0.910970590897805,0.7395283338253086,,0.7422836775272266,0.46531285477896134,,0.0,,,,,,0.3356218650695777
FLA,3,35200,176.0,30.25263083446771,0.9020592760585536,0.7460283338253086,,0.7482543868538855,0.45785473959831224,,0.0,,,,,,0.3306433096624423
FLA,4,35200,176.0,30.25263083446771,0.8940347313358312,0.7225283338253086,,0.7406656811526607,0.48432696300183486,,0.0,,,,,,0.32939831080622906
FLA,0,36000,180.0,30.96044997498393,0.9205706466360281,0.7385283338253086,,0.7500137406431512,0.4664517395276444,,0.0,,,,,,0.33329452030241413
FLA,1,36000,180.0,30.96044997498393,0.9036827759556063,0.7405283338253086,,0.7503183565524548,0.46416269477045247,,0.0,,,,,,0.33473774763303227
FLA,2,36000,180.0,30.96044997498393,0.9096535307182841,0.7425283338253087,,0.7455337642061093,0.46188774347880157,,0.0,,,,,,0.3299136653788238
FLA,3,36000,180.0,30.96044997498393,0.9034975968564226,0.7320283338253086,,0.7447897039186578,0.4737790532482149,,0.0,,,,,,0.33339839813865335
FLA,4,36000,180.0,30.96044997498393,0.894889343368277,0.7220283338253086,,0.7351005501040461,0.4848817333918456,,0.0,,,,,,0.32545941761515434
FLA,0,36800,184.0,31.66587830428034,0.904033422986676,0.7410283338253085,,0.7500457882770438,0.46359605237956114,,0.0,,,,,,0.3350604412445065
FLA,1,36800,184.0,31.66587830428034,0.9055650601294016,0.7375283338253087,,0.7438590859779292,0.4675806448912079,,0.0,,,,,,0.32720028250919087
FLA,2,36800,184.0,31.66587830428034,0.8889039020874286,0.7235283338253087,,0.7446379619603836,0.48322181857720836,,0.0,,,,,,0.32583854744236995
FLA,3,36800,184.0,31.66587830428034,0.9114768799534507,0.7475283338253086,,0.7515756351937628,0.45613042380064206,,0.0,,,,,,0.33061285540324675
FLA,4,36800,184.0,31.66587830428034,0.9047704503513543,0.7345283338253086,,0.7426780195913983,0.4709672302653308,,0.0,,,,,,0.32826115474760864
FLA,0,37600,188.0,32.35788198001683,0.8987797754679399,0.7340283338253086,,0.7454049669874507,0.4715217142874578,,0.0,,,,,,0.32710975183122787
FLA,1,37600,188.0,32.35788198001683,0.8972026135339461,0.7370283338253086,,0.7498835465551066,0.4681227204201882,,0.0,,,,,,0.32853404329542857
FLA,2,37600,188.0,32.35788198001683,0.9185583298236123,0.7615283338253086,,0.7567061442977919,0.4397220163359158,,0.0,,,,,,0.3408001573535755
FLA,3,37600,188.0,32.35788198001683,0.9160288880500994,0.7410283338253086,,0.7506897809919031,0.4635983152877857,,0.0,,,,,,0.33156988948955524
FLA,4,37600,188.0,32.35788198001683,0.909278771620987,0.7505283338253086,,0.7539063702269453,0.4526468831947934,,0.0,,,,,,0.32914573766099514
FLA,0,38400,192.0,33.02231770660728,0.9183568443116839,0.7540283338253086,,0.7526637661698365,0.448575990193149,,0.0,,,,,,0.3356230619204802
FLA,1,38400,192.0,33.02231770660728,0.9165941117405987,0.7425283338253087,,0.7464821248664362,0.4618906982445272,,0.0,,,,,,0.3389233187832821
FLA,2,38400,192.0,33.02231770660728,0.9113434528767363,0.7525283338253087,,0.7500456735458598,0.4503249346308774,,0.0,,,,,,0.33456393198379875
FLA,3,38400,192.0,33.02231770660728,0.9271504307060675,0.7510283338253086,,0.7486507849737378,0.4520872994121292,,0.0,,,,,,0.33853811965969505
FLA,4,38400,192.0,33.02231770660728,0.9130587295648749,0.7500283338253088,,0.7510541320234436,0.4532277076394885,,0.0,,,,,,0.3353615665525171
FLA,0,39200,196.0,33.682159290649,0.9093833278354015,0.7530283338253086,,0.753331183209492,0.4497332663443624,,0.0,,,,,,0.3309478068461592
FLA,1,39200,196.0,33.682159290649,0.8934431023156376,0.7450283338253085,,0.7465380993748486,0.4589952884103403,,0.0,,,,,,0.3241772604388743
FLA,2,39200,196.0,33.682159290649,0.9143891718679658,0.7485283338253086,,0.7476434136454546,0.4549806502935597,,0.0,,,,,,0.33445714826285367
FLA,3,39200,196.0,33.682159290649,0.9084990336734704,0.7355283338253087,,0.7424165982379732,0.4698482734357923,,0.0,,,,,,0.3353511292104122
FLA,4,39200,196.0,33.682159290649,0.899491188714613,0.7370283338253086,,0.7456030865808506,0.4681373524268412,,0.0,,,,,,0.3312254786293555
FLA,0,40000,200.0,34.35648041963577,0.9182340705528249,0.7485283338253086,,0.7522228045853472,0.4549835856144908,,0.0,,,,,,0.33541407672273305
FLA,1,40000,200.0,34.35648041963577,0.9016473939830048,0.7410283338253086,,0.748668227282319,0.46359262780368016,,0.0,,,,,,0.3254054305837723
FLA,2,40000,200.0,34.35648041963577,0.9207402849734176,0.7545283338253087,,0.7520471500098505,0.4479864132356738,,0.0,,,,,,0.33693354627417355
FLA,3,40000,200.0,34.35648041963577,0.9102311797353817,0.7390283338253086,,0.7465751009330411,0.4658749163459127,,0.0,,,,,,0.3314113318296938
FLA,4,40000,200.0,34.35648041963577,0.8942037593961207,0.7360283338253086,,0.7433874521239191,0.46926465163744724,,0.0,,,,,,0.32425926784735154
BAOAB,0,800,4.0,0.64805524982512,1.2812985420385496,0.9995283338253086,,1.061583270302858,0.002945251878238242,,0.0,,,,,,0.4738332013706447
BAOAB,1,800,4.0,0.64805524982512,1.2799929651183657,0.9995283338253086,,1.0621522918974884,0.002945251878238242,,0.0,,,,,,0.4733251265824145
BAOAB,2,800,4.0,0.64805524982512,1.2773534749283222,0.9995283338253087,,1.062969236985369,0.0029449779049353086,,0.0,,,,,,0.47240583701780386
BAOAB,3,800,4.0,0.64805524982512,1.2808487399311441,0.9995283338253087,,1.062238870337253,0.0029449779049353086,,0.0,,,,,,0.473631332769495
BAOAB,4,800,4.0,0.64805524982512,1.280572352273328,0.9995283338253087,,1.0638611259036928,0.0029454735457694614,,0.0,,,,,,0.47370933715607355
BAOAB,0,1600,8.0,1.2689004503190517,1.2803571083485457,0.9995283338253087,,1.060205865296945,0.0029461520989096934,,0.0,,,,,,0.47331902314451163
BAOAB,1,1600,8.0,1.2689004503190517,1.275101449899291,0.9995283338253087,,1.0568661436894038,0.0029460927768488743,,0.0,,,,,,0.47158547193756883
BAOAB,2,1600,8.0,1.2689004503190517,1.2748046569395073,0.9995283338253087,,1.0560712147385338,0.0029460927768488743,,0.0,,,,,,0.4716368285269419
BAOAB,3,1600,8.0,1.2689004503190517,1.2781422476591833,0.9995283338253087,,1.0647528620287863,0.002945800895700623,,0.0,,,,,,0.47275824048605414
BAOAB,4,1600,8.0,1.2689004503190517,1.2778445943872492,0.9995283338253087,,1.057993268245949,0.0029460163994599053,,0.0,,,,,,0.4724684581151037
BAOAB,0,2400,12.0,1.898343114182353,1.2761841935267169,0.9995283338253087,,1.0562057815422892,0.0029461520989096934,,0.0,,,,,,0.4720690966056435
BAOAB,1,2400,12.0,1.898343114182353,1.2753666262809285,0.9995283338253086,,1.0576864381007527,0.0029462573685854476,,0.0,,,,,,0.47140100584524414
BAOAB,2,2400,12.0,1.898343114182353,1.275088769169409,0.9995283338253087,,1.061034006543654,0.0029462279436860417,,0.0,,,,,,0.4718208412387985
BAOAB,3,2400,12.0,1.898343114182353,1.275809529912788,0.9995283338253087,,1.0568773736093462,0.002946247743817354,,0.0,,,,,,0.47206440005334876
BAOAB,4,2400,12.0,1.898343114182353,1.2763251449408026,0.9995283338253086,,1.0609338233182135,0.002946196557021663,,0.0,,,,,,0.47176283858702195
BAOAB,0,3200,16.0,2.5439241528511047,1.278127170117187,0.9995283338253086,,1.0600171466976285,0.002945251878238242,,0.0,,,,,,0.4724249328428165
BAOAB,1,3200,16.0,2.5439241528511047,1.2755125966007324,0.9995283338253087,,1.0581741296738736,0.002946233300036738,,0.0,,,,,,0.4715084238262676
BAOAB,2,3200,16.0,2.5439241528511047,1.276446291258237,0.9995283338253086,,1.0566785799500602,0.0029462573685854476,,0.0,,,,,,0.4719515316554727
BAOAB,3,3200,16.0,2.5439241528511047,1.2757250747881081,0.9990283338253088,,1.0581925939873338,0.006047975116226789,,0.0,,,,,,0.47196291632877097
BAOAB,4,3200,16.0,2.5439241528511047,1.2750760742235387,0.9995283338253087,,1.051923887432954,0.0029462279436860417,,0.0,,,,,,0.47204717395357526
BAOAB,0,4000,20.0,3.210779099725187,1.2771019555469978,0.9995283338253087,,1.0581989779642236,0.0029461520989096934,,0.0,,,,,,0.4722716448770284
BAOAB,1,4000,20.0,3.210779099725187,1.2723782758612991,0.9995283338253087,,1.05443451523504,0.002946060515377269,,0.0,,,,,,0.4702797988412988
BAOAB,2,4000,20.0,3.210779099725187,1.2783171975865466,0.9995283338253087,,1.0598189189965896,0.0029460927768488743,,0.0,,,,,,0.47233305914319634
BAOAB,3,4000,20.0,3.210779099725187,1.2727211528097369,0.9990283338253088,,1.0570488622977052,0.006047975116226789,,0.0,,,,,,0.4703115130599602
BAOAB,4,4000,20.0,3.210779099725187,1.2753533602610507,0.9995283338253087,,1.05861691760908,0.0029462279436860417,,0.0,,,,,,0.4712909628630446
BAOAB,0,4800,24.0,3.866844752803445,1.2762727294588891,0.9995283338253086,,1.0580866278989494,0.0029462573685854476,,0.0,,,,,,0.47193375638566293
BAOAB,1,4800,24.0,3.866844752803445,1.2743111297413499,0.9995283338253087,,1.0570368651480986,0.002946060515377269,,0.0,,,,,,0.47093688274347373
BAOAB,2,4800,24.0,3.866844752803445,1.276913528629359,0.9995283338253086,,1.0526779370145365,0.002946196557021663,,0.0,,,,,,0.47235761084779715
BAOAB,3,4800,24.0,3.866844752803445,1.2765417275131588,0.9990283338253086,,1.0558532124976283,0.006048066607549085,,0.0,,,,,,0.47191017803122637
BAOAB,4,4800,24.0,3.866844752803445,1.2745609065186125,0.9995283338253086,,1.0541144843635646,0.0029462573685854476,,0.0,,,,,,0.4714128446429056
BAOAB,0,5600,28.0,4.530565247870982,1.2732707180833926,0.9995283338253087,,1.0498698924361374,0.002946105925992648,,0.0,,,,,,0.47076192886350166
BAOAB,1,5600,28.0,4.530565247870982,1.2747935202543268,0.9995283338253087,,1.054555808242567,0.002946105925992648,,0.0,,,,,,0.47129729816152616
BAOAB,2,5600,28.0,4.530565247870982,1.2763063661637093,0.9995283338253086,,1.0583236278881352,0.0029462573685854476,,0.0,,,,,,0.4721004317601721
BAOAB,3,5600,28.0,4.530565247870982,1.2761236245623695,0.9990283338253086,,1.0545158009771323,0.006048066607549085,,0.0,,,,,,0.4716325336311565
BAOAB,4,5600,28.0,4.530565247870982,1.2764435205854099,0.9995283338253087,,1.0585876577816389,0.0029461463373380292,,0.0,,,,,,0.47152334322856204
BAOAB,0,6400,32.0,5.145181805826724,1.276436636077341,0.9995283338253087,,1.0558372036446582,0.0029462491438754235,,0.0,,,,,,0.4722003279994262
BAOAB,1,6400,32.0,5.145181805826724,1.2751797661107904,0.9995283338253087,,1.0602138290953853,0.0029459560878025703,,0.0,,,,,,0.4715479720110902
BAOAB,2,6400,32.0,5.145181805826724,1.2748171414773661,0.9995283338253086,,1.051339677958206,0.002946010462765214,,0.0,,,,,,0.4712372961485175
BAOAB,3,6400,32.0,5.145181805826724,1.2755548948342996,0.9990283338253088,,1.0628983791739177,0.006048102835432001,,0.0,,,,,,0.4713959616508118
BAOAB,4,6400,32.0,5.145181805826724,1.2765358168399301,0.9995283338253087,,1.055117645701805,0.0029462105068045474,,0.0,,,,,,0.4721583671232726
BAOAB,0,7200,36.0,5.7774382112547755,1.2754779509817937,0.9995283338253086,,1.0549884489194032,0.002946010462765214,,0.0,,,,,,0.4714219724589759
BAOAB,1,7200,36.0,5.7774382112547755,1.272290507221282,0.9995283338253087,,1.0498107755740185,0.002946060515377269,,0.0,,,,,,0.47048267442235675
BAOAB,2,7200,36.0,5.7774382112547755,1.2773290021086854,0.9995283338253087,,1.0567259975105514,0.002946105925992648,,0.0,,,,,,0.4716184973802898
BAOAB,3,7200,36.0,5.7774382112547755,1.2747479419546375,0.9990283338253088,,1.0549869450437817,0.006048102835432001,,0.0,,,,,,0.47145554145304003
BAOAB,4,7200,36.0,5.7774382112547755,1.275666217397164,0.9995283338253087,,1.0576897818960216,0.002946233300036738,,0.0,,,,,,0.4717499305474002
BAOAB,0,8000,40.0,6.40907287504524,1.274588383589098,0.9995283338253087,,1.055222150494014,0.0029459560878025703,,0.0,,,,,,0.47136505569616377
BAOAB,1,8000,40.0,6.40907287504524,1.2732069155784145,0.9995283338253087,,1.0546307353899935,0.002946060515377269,,0.0,,,,,,0.4708974385997267
BAOAB,2,8000,40.0,6.40907287504524,1.2768679450376994,0.9995283338253087,,1.0570448738661529,0.0029462105068045474,,0.0,,,,,,0.47186135658435324
BAOAB,3,8000,40.0,6.40907287504524,1.2744408210071578,0.9990283338253086,,1.056918473700956,0.0060480799560407306,,0.0,,,,,,0.47090396860167694
BAOAB,4,8000,40.0,6.40907287504524,1.2782062102882352,0.9995283338253087,,1.0587371619213501,0.002946247743817354,,0.0,,,,,,0.4727311401332629
BAOAB,0,8800,44.0,7.043867030180991,1.2754405996788876,0.9995283338253087,,1.0548668737178388,0.0029459560878025703,,0.0,,,,,,0.4714516415725116
BAOAB,1,8800,44.0,7.043867030180991,1.2739029522943222,0.9995283338253087,,1.0491062373573288,0.0029461463373380292,,0.0,,,,,,0.4710850094956196
BAOAB,2,8800,44.0,7.043867030180991,1.2750031272791602,0.9995283338253087,,1.055897194454307,0.0029462491438754235,,0.0,,,,,,0.4712944223636595
BAOAB,3,8800,44.0,7.043867030180991,1.272696132619897,0.9990283338253088,,1.0526373978774006,0.006047825018246522,,0.0,,,,,,0.4704711127986378
BAOAB,4,8800,44.0,7.043867030180991,1.2742301663785272,0.9995283338253087,,1.0533668128607734,0.0029461463373380292,,0.0,,,,,,0.4711805501983696
BAOAB,0,9600,48.0,7.734634105116129,1.274042127166467,0.9995283338253087,,1.061190516387558,0.002946233300036738,,0.0,,,,,,0.47134903998944744
BAOAB,1,9600,48.0,7.734634105116129,1.2731520197821868,0.9995283338253087,,1.0565788414353747,0.0029461463373380292,,0.0,,,,,,0.47088271260814724
BAOAB,2,9600,48.0,7.734634105116129,1.2761879814080075,0.9995283338253087,,1.0605495631654942,0.002946233300036738,,0.0,,,,,,0.47146927879359984
BAOAB,3,9600,48.0,7.734634105116129,1.27408671242792,0.9990283338253086,,1.0578969157849678,0.006048050711356279,,0.0,,,,,,0.4711118642612629
BAOAB,4,9600,48.0,7.734634105116129,1.2764675867859692,0.9995283338253086,,1.0592987973282,0.0029462573685854476,,0.0,,,,,,0.4722014809959201
BAOAB,0,10400,52.0,8.408709154464304,1.273533366539724,0.9995283338253087,,1.0586341916831998,0.0029461463373380292,,0.0,,,,,,0.4710407979424368
BAOAB,1,10400,52.0,8.408709154464304,1.2753966586432102,0.9995283338253087,,1.0601322027321027,0.0029462491438754235,,0.0,,,,,,0.47175822402019707
BAOAB,2,10400,52.0,8.408709154464304,1.2744216512067446,0.9995283338253087,,1.0543248201660456,0.002945897677612219,,0.0,,,,,,0.4714290855994186
BAOAB,3,10400,52.0,8.408709154464304,1.2759605861248056,0.9990283338253088,,1.0516846695292705,0.006048117622980631,,0.0,,,,,,0.47189245816735437
BAOAB,4,10400,52.0,8.408709154464304,1.2756896517925862,0.9995283338253087,,1.0591114358899059,0.0029462491438754235,,0.0,,,,,,0.47185455316332275
BAOAB,0,11200,56.0,9.020733142271638,1.2728112102316382,0.9995283338253087,,1.0522399097603332,0.0029459560878025703,,0.0,,,,,,0.47076319076316103
BAOAB,1,11200,56.0,9.020733142271638,1.2752534514299492,0.9995283338253087,,1.0563018424117774,0.0029462491438754235,,0.0,,,,,,0.47186547188593764
BAOAB,2,11200,56.0,9.020733142271638,1.2744978879318027,0.9990283338253086,,1.0528934992007086,0.006047421764342031,,0.0,,,,,,0.47112696264381343
BAOAB,3,11200,56.0,9.020733142271638,1.2747138613036377,0.9990283338253088,,1.057075204745842,0.006048117622980631,,0.0,,,,,,0.4715555562104626
BAOAB,4,11200,56.0,9.020733142271638,1.2757939399612974,0.9995283338253087,,1.0613684615005081,0.0029462572013218002,,0.0,,,,,,0.47208845320631093
BAOAB,0,12000,60.0,9.688833299092948,1.2726919245832595,0.9995283338253087,,1.055009816014729,0.002946105925992648,,0.0,,,,,,0.4705375048351413
BAOAB,1,12000,60.0,9.688833299092948,1.2755232426130017,0.9995283338253087,,1.053541900560705,0.0029462572013218002,,0.0,,,,,,0.4719209889985102
BAOAB,2,12000,60.0,9.688833299092948,1.2751111600190255,0.9990283338253088,,1.056579364766261,0.006048015613993707,,0.0,,,,,,0.47158821177320864
BAOAB,3,12000,60.0,9.688833299092948,1.275417090999316,0.9990283338253088,,1.0536326067666022,0.006048015613993707,,0.0,,,,,,0.4717304847993633
BAOAB,4,12000,60.0,9.688833299092948,1.2759625711291498,0.9995283338253087,,1.0545682244466867,0.0029461520989096934,,0.0,,,,,,0.47207942011935633
BAOAB,0,12800,64.0,10.371183351613581,1.2748745653690112,0.9995283338253087,,1.0544994905177674,0.0029462279436860417,,0.0,,,,,,0.47115797018544076
BAOAB,1,12800,64.0,10.371183351613581,1.278004875400888,0.9995283338253086,,1.0562159510566433,0.0029462573685854476,,0.0,,,,,,0.4725831201212177
BAOAB,2,12800,64.0,10.371183351613581,1.275509556469931,0.9990283338253086,,1.0574037429849412,0.006048127076038412,,0.0,,,,,,0.4715893469943741
BAOAB,3,12800,64.0,10.371183351613581,1.2738711738832529,0.9990283338253088,,1.051495761128473,0.006047825018246522,,0.0,,,,,,0.47079433859063563
BAOAB,4,12800,64.0,10.371183351613581,1.2772504126738669,0.9995283338253087,,1.0588509997274302,0.0029461520989096934,,0.0,,,,,,0.4725995758317678
BAOAB,0,13600,68.0,11.02948041446507,1.275086102399884,0.9995283338253087,,1.0527867648076563,0.0029462491438754235,,0.0,,,,,,0.47125578303249904
BAOAB,1,13600,68.0,11.02948041446507,1.2754979846822352,0.9995283338253087,,1.0589726804921906,0.0029462491438754235,,0.0,,,,,,0.4714387558880541
BAOAB,2,13600,68.0,11.02948041446507,1.2765110433679672,0.9990283338253088,,1.0606442879638092,0.0060480979085748565,,0.0,,,,,,0.47215071571400175
BAOAB,3,13600,68.0,11.02948041446507,1.2712238753283083,0.9985283338253086,,1.0506511832066885,0.008650024551730251,,0.0,,,,,,0.4698132535245499
BAOAB,4,13600,68.0,11.02948041446507,1.2776088730941888,0.9995283338253087,,1.0635395312485336,0.002946247743817354,,0.0,,,,,,0.47277517916390865
BAOAB,0,14400,72.0,11.653984266333282,1.277185973643684,0.9995283338253087,,1.0610041950422662,0.0029462105068045474,,0.0,,,,,,0.4719578075176192
BAOAB,1,14400,72.0,11.653984266333282,1.2744652691553846,0.9995283338253087,,1.0543651847230615,0.0029462105068045474,,0.0,,,,,,0.4713355810778043
BAOAB,2,14400,72.0,11.653984266333282,1.2764617198024137,0.9990283338253088,,1.0555052803102718,0.006048118765343058,,0.0,,,,,,0.4718069637887913
BAOAB,3,14400,72.0,11.653984266333282,1.2734100332508522,0.9985283338253087,,1.0503976372390287,0.008649978968008898,,0.0,,,,,,0.4706144900821755
BAOAB,4,14400,72.0,11.653984266333282,1.275488313646616,0.9995283338253087,,1.052682742994315,0.002946060515377269,,0.0,,,,,,0.47141510846612444
BAOAB,0,15200,76.0,12.272109576500952,1.2726261407578396,0.9995283338253087,,1.0520933106664658,0.002945835491059423,,0.0,,,,,,0.47047924513192624
BAOAB,1,15200,76.0,12.272109576500952,1.2735390519457077,0.9995283338253087,,1.0558076637228653,0.002946105925992648,,0.0,,,,,,0.47057042210825595
BAOAB,2,15200,76.0,12.272109576500952,1.2751002429331835,0.9990283338253086,,1.055179127146451,0.006048126994673497,,0.0,,,,,,0.4711908243665252
BAOAB,3,15200,76.0,12.272109576500952,1.2733116246059133,0.9985283338253086,,1.0526405514726567,0.008650065136005969,,0.0,,,,,,0.47051552260827395
BAOAB,4,15200,76.0,12.272109576500952,1.2751762003506568,0.9995283338253087,,1.055602048172679,0.0029462105068045474,,0.0,,,,,,0.4712803172310539
BAOAB,0,16000,80.0,12.986139530315995,1.2769481679107004,0.9995283338253087,,1.0592051505320885,0.0029461463373380292,,0.0,,,,,,0.47221399979807843
BAOAB,1,16000,80.0,12.986139530315995,1.275768296420621,0.9995283338253087,,1.0542755029429758,0.002946060515377269,,0.0,,,,,,0.4714212081424263
BAOAB,2,16000,80.0,12.986139530315995,1.275218995225113,0.9990283338253086,,1.0547705526695532,0.006048066607549085,,0.0,,,,,,0.47144874580741714
BAOAB,3,16000,80.0,12.986139530315995,1.2751285801754637,0.9985283338253086,,1.0569225596485539,0.008650167748110449,,0.0,,,,,,0.4717050331234433
BAOAB,4,16000,80.0,12.986139530315995,1.2746044992961407,0.9995283338253087,,1.052878702066504,0.0029459560878025703,,0.0,,,,,,0.47146842420643925
BAOAB,0,16800,84.0,13.630379128269851,1.2747533184941318,0.9995283338253086,,1.058456879252003,0.002946181348366994,,0.0,,,,,,0.4708821848195395
BAOAB,1,16800,84.0,13.630379128269851,1.2762345052440864,0.9995283338253087,,1.054858327961934,0.002946060515377269,,0.0,,,,,,0.4717970375847559
BAOAB,2,16800,84.0,13.630379128269851,1.2764903310195215,0.9990283338253088,,1.0559016607377008,0.006048118765343058,,0.0,,,,,,0.4724266213828209
BAOAB,3,16800,84.0,13.630379128269851,1.274741337198248,0.9985283338253087,,1.0539433303223271,0.008650129650808247,,0.0,,,,,,0.47143732085050805
BAOAB,4,16800,84.0,13.630379128269851,1.2736501463680001,0.9995283338253087,,1.056825115494934,0.002945897677612219,,0.0,,,,,,0.47117767845299696
BAOAB,0,17600,88.0,14.25036977790296,1.2744861656085307,0.9995283338253087,,1.0557484024083998,0.0029462572013218002,,0.0,,,,,,0.4711292257026895
BAOAB,1,17600,88.0,14.25036977790296,1.2738413062114047,0.9995283338253087,,1.0563431129445278,0.0029457007040298855,,0.0,,,,,,0.47122658305343856
BAOAB,2,17600,88.0,14.25036977790296,1.2772728927092012,0.9990283338253086,,1.0560157555255747,0.006048050711356279,,0.0,,,,,,0.47192308510049435
BAOAB,3,17600,88.0,14.25036977790296,1.2757127445727778,0.9980283338253086,,1.0605145476977986,0.011063522214678434,,0.0,,,,,,0.4711606217336485
BAOAB,4,17600,88.0,14.25036977790296,1.2740188605869833,0.9995283338253086,,1.0496664198484011,0.0029457697623429535,,0.0,,,,,,0.470802992271419
BAOAB,0,18400,92.0,14.870746788568795,1.2735836940664211,0.9995283338253087,,1.057597551898043,0.002946105925992648,,0.0,,,,,,0.47090300545896774
BAOAB,1,18400,92.0,14.870746788568795,1.2772520376193894,0.9995283338253087,,1.056591821026183,0.002946105925992648,,0.0,,,,,,0.4718200559708461
BAOAB,2,18400,92.0,14.870746788568795,1.2753354815014093,0.9990283338253088,,1.0564951971957477,0.006048015613993707,,0.0,,,,,,0.47125899223061696
BAOAB,3,18400,92.0,14.870746788568795,1.2772022246820676,0.9980283338253086,,1.0555764178380125,0.011063676153460489,,0.0,,,,,,0.47206027916274307
BAOAB,4,18400,92.0,14.870746788568795,1.27477678776222,0.9995283338253087,,1.0570931068930158,0.002946233300036738,,0.0,,,,,,0.4711401477970134
BAOAB,0,19200,96.0,15.493144859559834,1.2742547186549258,0.9995283338253087,,1.0568546786116666,0.002946060515377269,,0.0,,,,,,0.47127557141086934
BAOAB,1,19200,96.0,15.493144859559834,1.2764926505737881,0.9995283338253087,,1.0597015550849247,0.0029462105068045474,,0.0,,,,,,0.4720289119612273
BAOAB,2,19200,96.0,15.493144859559834,1.2734950329791814,0.9990283338253086,,1.057122991984077,0.0060480799560407306,,0.0,,,,,,0.4707745749957571
BAOAB,3,19200,96.0,15.493144859559834,1.2755966091676978,0.9980283338253086,,1.0542280581705465,0.011063685353269403,,0.0,,,,,,0.4714970940216767
BAOAB,4,19200,96.0,15.493144859559834,1.2769404403402658,0.9995283338253086,,1.0558376784778565,0.002946196557021663,,0.0,,,,,,0.47203466056626714
BAOAB,0,20000,100.0,16.115504250861704,1.2731458705748266,0.9995283338253087,,1.058147601898386,0.0029459560878025703,,0.0,,,,,,0.4709556525062551
BAOAB,1,20000,100.0,16.115504250861704,1.2760642974872822,0.9995283338253086,,1.0559803334377473,0.002946181348366994,,0.0,,,,,,0.47198466175826687
BAOAB,2,20000,100.0,16.115504250861704,1.275945734293367,0.9990283338253086,,1.0560495625125683,0.006048050711356279,,0.0,,,,,,0.47178064644755985
BAOAB,3,20000,100.0,16.115504250861704,1.2712849261063652,0.9980283338253086,,1.0536010477547657,0.011063532266755605,,0.0,,,,,,0.47022191768552957
BAOAB,4,20000,100.0,16.115504250861704,1.2772851509251157,0.9995283338253087,,1.0562155242903277,0.0029462572013218002,,0.0,,,,,,0.47244682029739826
BAOAB,0,20800,104.0,16.74186495319009,1.2754088716930678,0.9995283338253086,,1.0604440404556943,0.002946181348366994,,0.0,,,,,,0.4719293780145625
BAOAB,1,20800,104.0,16.74186495319009,1.2779582532409934,0.9995283338253087,,1.0618181860890403,0.0029462105068045474,,0.0,,,,,,0.4725989103956828
BAOAB,2,20800,104.0,16.74186495319009,1.274236285155222,0.9990283338253088,,1.0551496204638173,0.006048102835432001,,0.0,,,,,,0.47123845035519557
BAOAB,3,20800,104.0,16.74186495319009,1.2732967232087438,0.9980283338253086,,1.054079597438947,0.011063381648403592,,0.0,,,,,,0.4710139762442728
BAOAB,4,20800,104.0,16.74186495319009,1.2775597915502919,0.9995283338253087,,1.055881480260862,0.002946247743817354,,0.0,,,,,,0.47244079587185606
BAOAB,0,21600,108.0,17.39259590394795,1.2751196448824496,0.9995283338253087,,1.0547339598474506,0.0029461463373380292,,0.0,,,,,,0.47191380294025687
BAOAB,1,21600,108.0,17.39259590394795,1.2774302253508876,0.9995283338253086,,1.0616053027660435,0.002946196557021663,,0.0,,,,,,0.4722053060460263
BAOAB,2,21600,108.0,17.39259590394795,1.2759432959212595,0.9990283338253086,,1.0588212515427335,0.006048127076038412,,0.0,,,,,,0.47139768458881265
BAOAB,3,21600,108.0,17.39259590394795,1.2725856741192938,0.9980283338253086,,1.0583499945644452,0.011063608207921405,,0.0,,,,,,0.47037326471512864
BAOAB,4,21600,108.0,17.39259590394795,1.2764048856289127,0.9995283338253087,,1.0563448187798177,0.0029462279436860417,,0.0,,,,,,0.4723065476692102
BAOAB,0,22400,112.0,18.074669095687568,1.2753475996658141,0.9995283338253087,,1.0593377526018344,0.0029461463373380292,,0.0,,,,,,0.4716893293575086
BAOAB,1,22400,112.0,18.074669095687568,1.2748787963682755,0.9995283338253087,,1.0580205701195475,0.002946105925992648,,0.0,,,,,,0.47150568325598086
BAOAB,2,22400,112.0,18.074669095687568,1.2769216780700532,0.9990283338253086,,1.0554564718966986,0.006048022234990014,,0.0,,,,,,0.47255100212209067
BAOAB,3,22400,112.0,18.074669095687568,1.272614147475636,0.9980283338253086,,1.0549603930333018,0.011063381648403592,,0.0,,,,,,0.47051504005492883
BAOAB,4,22400,112.0,18.074669095687568,1.2763876142302952,0.9995283338253087,,1.0552132987041978,0.0029462572013218002,,0.0,,,,,,0.4723695461387919
BAOAB,0,23200,116.0,18.69457119703293,1.2761165655613742,0.9995283338253087,,1.058565826499758,0.002946233300036738,,0.0,,,,,,0.47182382537626666
BAOAB,1,23200,116.0,18.69457119703293,1.2757586635654963,0.9995283338253087,,1.0563891135727297,0.0029462105068045474,,0.0,,,,,,0.4715332891339466
BAOAB,2,23200,116.0,18.69457119703293,1.2762583054952454,0.9990283338253086,,1.058275497279532,0.006048022234990014,,0.0,,,,,,0.47204351501545966
BAOAB,3,23200,116.0,18.69457119703293,1.2726699969029829,0.9980283338253086,,1.0526446500522106,0.011063436283684003,,0.0,,,,,,0.47055798537160193
BAOAB,4,23200,116.0,18.69457119703293,1.277178900041063,0.9995283338253086,,1.060371753233412,0.002946196557021663,,0.0,,,,,,0.47224605472422604
BAOAB,0,24000,120.0,19.311078167520463,1.2737453155640717,0.9995283338253087,,1.055305752901622,0.002946060515377269,,0.0,,,,,,0.47106293371893554
BAOAB,1,24000,120.0,19.311078167520463,1.2759355375458565,0.9995283338253087,,1.0581616889710799,0.0029461520989096934,,0.0,,,,,,0.4720394916950468
BAOAB,2,24000,120.0,19.311078167520463,1.2775854439282786,0.9990283338253088,,1.0570338531635346,0.006048117622980631,,0.0,,,,,,0.4723414286807778
BAOAB,3,24000,120.0,19.311078167520463,1.2711957539059962,0.9980283338253086,,1.0539992159210891,0.01106281827227762,,0.0,,,,,,0.4697993794894964
BAOAB,4,24000,120.0,19.311078167520463,1.2777972156376025,0.9995283338253087,,1.05757527191217,0.0029460163994599053,,0.0,,,,,,0.47269993879401684
BAOAB,0,24800,124.0,19.93103758711368,1.273377775983608,0.9995283338253087,,1.0527275272190417,0.002946060515377269,,0.0,,,,,,0.47144461009048777
BAOAB,1,24800,124.0,19.93103758711368,1.2760008423511038,0.9995283338253086,,1.0565182027967095,0.002945920248597078,,0.0,,,,,,0.47184452883780176
BAOAB,2,24800,124.0,19.93103758711368,1.275624401508953,0.9990283338253086,,1.0596761900770992,0.006048022234990014,,0.0,,,,,,0.47149552401561545
BAOAB,3,24800,124.0,19.93103758711368,1.2724555625589216,0.9980283338253086,,1.0516714297135845,0.011063608207921405,,0.0,,,,,,0.47069205445384676
BAOAB,4,24800,124.0,19.93103758711368,1.2775465442226224,0.9995283338253087,,1.0627910382628138,0.0029462279436860417,,0.0,,,,,,0.47224737154372654
BAOAB,0,25600,128.0,20.56933780387044,1.2749412727229381,0.9995283338253087,,1.0541325483241442,0.002946233300036738,,0.0,,,,,,0.4711351712884936
BAOAB,1,25600,128.0,20.56933780387044,1.2785464396246273,0.9995283338253087,,1.0571695119629267,0.0029462572013218002,,0.0,,,,,,0.4728081528155112
BAOAB,2,25600,128.0,20.56933780387044,1.2753076530587368,0.9990283338253086,,1.0576226171965288,0.006048022234990014,,0.0,,,,,,0.47129124273060347
BAOAB,3,25600,128.0,20.56933780387044,1.2711045246517245,0.9980283338253086,,1.0575891810304312,0.011063260530230767,,0.0,,,,,,0.46984013917906736
BAOAB,4,25600,128.0,20.56933780387044,1.2748176986973683,0.9995283338253087,,1.0568909622339224,0.0029462279436860417,,0.0,,,,,,0.4715603576761847
BAOAB,0,26400,132.0,21.1882882732898,1.274998177705479,0.9995283338253087,,1.061276673716334,0.002946105925992648,,0.0,,,,,,0.47098260271429204
BAOAB,1,26400,132.0,21.1882882732898,1.2741229202060913,0.9995283338253087,,1.058448660659429,0.002946105925992648,,0.0,,,,,,0.47120013651092524
BAOAB,2,26400,132.0,21.1882882732898,1.2760399013796417,0.9990283338253088,,1.0553727258971646,0.006048102835432001,,0.0,,,,,,0.4716322262467919
BAOAB,3,26400,132.0,21.1882882732898,1.2736772752305627,0.9980283338253086,,1.0560907354060989,0.011063572937628274,,0.0,,,,,,0.4705813682385329
BAOAB,4,26400,132.0,21.1882882732898,1.2755137477077476,0.9995283338253087,,1.0524635692959696,0.002946247743817354,,0.0,,,,,,0.4711912710599555
BAOAB,0,27200,136.0,21.808374164626002,1.2729833538102115,0.9995283338253086,,1.0491521563527784,0.002946010462765214,,0.0,,,,,,0.4708223384976853
BAOAB,1,27200,136.0,21.808374164626002,1.2745317019981033,0.9995283338253086,,1.054454192071017,0.002946181348366994,,0.0,,,,,,0.47086817191556657
BAOAB,2,27200,136.0,21.808374164626002,1.2737396861233925,0.9990283338253086,,1.061441019286857,0.006048126994673497,,0.0,,,,,,0.47104542248921005
BAOAB,3,27200,136.0,21.808374164626002,1.2722093972095274,0.9980283338253086,,1.0574065236555614,0.011063436283684003,,0.0,,,,,,0.4701380545539726
BAOAB,4,27200,136.0,21.808374164626002,1.275984058478044,0.9995283338253087,,1.0595772440591347,0.0029462572013218002,,0.0,,,,,,0.47191272010048385
BAOAB,0,28000,140.0,22.420960732735693,1.2757087398587228,0.9995283338253087,,1.0601148469473163,0.002946233300036738,,0.0,,,,,,0.47183740844316785
BAOAB,1,28000,140.0,22.420960732735693,1.2759796655815872,0.9995283338253086,,1.0571323254994842,0.002946010462765214,,0.0,,,,,,0.4717883420260865
BAOAB,2,28000,140.0,22.420960732735693,1.2763560787420323,0.9990283338253088,,1.0575562956067632,0.006048118765343058,,0.0,,,,,,0.47166494305538104
BAOAB,3,28000,140.0,22.420960732735693,1.2746596815048978,0.9980283338253086,,1.0536104393300088,0.011063608207921405,,0.0,,,,,,0.4713454732883977
BAOAB,4,28000,140.0,22.420960732735693,1.2758052888817843,0.9995283338253086,,1.0559252642916148,0.0029462573685854476,,0.0,,,,,,0.4714692292926195
BAOAB,0,28800,144.0,23.04083389416337,1.2740646199907166,0.9995283338253087,,1.056976278059586,0.0029462491438754235,,0.0,,,,,,0.4710695423771252
BAOAB,1,28800,144.0,23.04083389416337,1.2743254039690843,0.9995283338253087,,1.0531558425455294,0.002946060515377269,,0.0,,,,,,0.47109806148962513
BAOAB,2,28800,144.0,23.04083389416337,1.2756965773346576,0.9990283338253088,,1.0552785174742982,0.006048102835432001,,0.0,,,,,,0.47153149152295504
BAOAB,3,28800,144.0,23.04083389416337,1.2747484670591895,0.9980283338253086,,1.0545670147680934,0.011063381648403592,,0.0,,,,,,0.4706984868098686
BAOAB,4,28800,144.0,23.04083389416337,1.2731632064229272,0.9995283338253087,,1.0562054057009331,0.002945897677612219,,0.0,,,,,,0.4706544296890454
BAOAB,0,29600,148.0,23.66908365767449,1.2737325776127641,0.9995283338253087,,1.0567243132183943,0.0029462105068045474,,0.0,,,,,,0.47133091262825094
BAOAB,1,29600,148.0,23.66908365767449,1.275412826758656,0.9990283338253088,,1.0532474618931211,0.006048102835432001,,0.0,,,,,,0.47169693301787474
BAOAB,2,29600,148.0,23.66908365767449,1.275429356121118,0.9990283338253086,,1.061477339528555,0.006048127076038412,,0.0,,,,,,0.4715829574807436
BAOAB,3,29600,148.0,23.66908365767449,1.273049492229564,0.9980283338253086,,1.055618016567563,0.011063532266755605,,0.0,,,,,,0.470110398211151
BAOAB,4,29600,148.0,23.66908365767449,1.27558603258432,0.9995283338253087,,1.0527894564781348,0.002946060515377269,,0.0,,,,,,0.4717262360517703
BAOAB,0,30400,152.0,24.29777550138533,1.2761029330754128,0.9995283338253087,,1.0567266465955178,0.002946233300036738,,0.0,,,,,,0.4716779657737685
BAOAB,1,30400,152.0,24.29777550138533,1.274766107973177,0.9990283338253088,,1.0558396481662105,0.006047975116226789,,0.0,,,,,,0.47108156733384055
BAOAB,2,30400,152.0,24.29777550138533,1.2745132931716319,0.9990283338253086,,1.0576423965885777,0.006048126994673497,,0.0,,,,,,0.47128857669950763
BAOAB,3,30400,152.0,24.29777550138533,1.2724682609392537,0.9980283338253086,,1.049523617031117,0.011063125220710956,,0.0,,,,,,0.4700576757880586
BAOAB,4,30400,152.0,24.29777550138533,1.2763401680963808,0.9995283338253086,,1.0585677344842561,0.002946181348366994,,0.0,,,,,,0.47200104871870846
BAOAB,0,31200,156.0,24.92544830404222,1.2753882170792417,0.9995283338253087,,1.0570316066747323,0.0029462105068045474,,0.0,,,,,,0.4717281828961108
BAOAB,1,31200,156.0,24.92544830404222,1.2759836265977296,0.9990283338253086,,1.059216563336085,0.006048050711356279,,0.0,,,,,,0.471578107988914
BAOAB,2,31200,156.0,24.92544830404222,1.276828545027671,0.9990283338253088,,1.063807844710955,0.006047962998395384,,0.0,,,,,,0.4719738160699051
BAOAB,3,31200,156.0,24.92544830404222,1.2751408600803196,0.9980283338253086,,1.0504541553108733,0.011063486596350036,,0.0,,,,,,0.47112526476129407
BAOAB,4,31200,156.0,24.92544830404222,1.2778831773954893,0.9995283338253087,,1.058426461305287,0.0029460927768488743,,0.0,,,,,,0.47286162336566184
BAOAB,0,32000,160.0,25.542652724310756,1.2749472877134878,0.9995283338253087,,1.0621817488682783,0.0029462491438754235,,0.0,,,,,,0.4715968991563528
BAOAB,1,32000,160.0,25.542652724310756,1.2763791596405973,0.9990283338253086,,1.058094549465747,0.006048066607549085,,0.0,,,,,,0.4718905874793051
BAOAB,2,32000,160.0,25.542652724310756,1.277453497308511,0.9990283338253088,,1.058290784786767,0.006048117622980631,,0.0,,,,,,0.47209900745728306
BAOAB,3,32000,160.0,25.542652724310756,1.27402351202337,0.9980283338253086,,1.0511449345091308,0.011063381648403592,,0.0,,,,,,0.4707459131055779
BAOAB,4,32000,160.0,25.542652724310756,1.2764722718951511,0.9995283338253087,,1.0602147863699614,0.002946247743817354,,0.0,,,,,,0.47198867302387104
BAOAB,0,32800,164.0,26.161086594685912,1.2747970007226845,0.9995283338253086,,1.0570909612085637,0.0029462573685854476,,0.0,,,,,,0.4713578808177269
BAOAB,1,32800,164.0,26.161086594685912,1.2751520125177627,0.9990283338253088,,1.0528171312934804,0.006048117622980631,,0.0,,,,,,0.47138237929147864
BAOAB,2,32800,164.0,26.161086594685912,1.274190381205911,0.9990283338253088,,1.0572982299103137,0.006048118765343058,,0.0,,,,,,0.4710238333066501
BAOAB,3,32800,164.0,26.161086594685912,1.2727278137860432,0.9980283338253086,,1.0589043272017817,0.011063486596350036,,0.0,,,,,,0.47048244365919994
BAOAB,4,32800,164.0,26.161086594685912,1.2750637217733813,0.9995283338253086,,1.0602920918679377,0.0029462573685854476,,0.0,,,,,,0.4714230802212502
BAOAB,0,33600,168.0,26.7758796736598,1.2758732552947156,0.9995283338253087,,1.054947238906442,0.0029462491438754235,,0.0,,,,,,0.47216266100448995
BAOAB,1,33600,168.0,26.7758796736598,1.277959796067129,0.9990283338253088,,1.0524899466698183,0.006048117622980631,,0.0,,,,,,0.4723212775310707
BAOAB,2,33600,168.0,26.7758796736598,1.2766247373107846,0.9990283338253086,,1.0565114070170256,0.006048050711356279,,0.0,,,,,,0.4717045174171441
BAOAB,3,33600,168.0,26.7758796736598,1.2753804822808372,0.9980283338253086,,1.060203408475623,0.0110636767796497,,0.0,,,,,,0.4713213370902191
BAOAB,4,33600,168.0,26.7758796736598,1.2742407944966312,0.9995283338253087,,1.054023639385272,0.002946105925992648,,0.0,,,,,,0.4711519155168063
BAOAB,0,34400,172.0,27.409918328747153,1.278772327883835,0.9995283338253087,,1.0585235284055972,0.0029460927768488743,,0.0,,,,,,0.4731521364368202
BAOAB,1,34400,172.0,27.409918328747153,1.2752102261558915,0.9990283338253088,,1.0545258173377132,0.006048102835432001,,0.0,,,,,,0.4713952801871033
BAOAB,2,34400,172.0,27.409918328747153,1.2747336349145197,0.9990283338253086,,1.0520057657663453,0.006047879479893492,,0.0,,,,,,0.47136491672248265
BAOAB,3,34400,172.0,27.409918328747153,1.276614925264949,0.9980283338253086,,1.057962082196204,0.011063685262576728,,0.0,,,,,,0.47161304983007296
BAOAB,4,34400,172.0,27.409918328747153,1.2747342010378695,0.9995283338253087,,1.0548934086142325,0.002946060515377269,,0.0,,,,,,0.47131867784014375
BAOAB,0,35200,176.0,28.02331731747836,1.2788947701751854,0.9995283338253087,,1.0612031231159247,0.0029460163994599053,,0.0,,,,,,0.47265756376595425
BAOAB,1,35200,176.0,28.02331731747836,1.2759662718488667,0.9990283338253086,,1.061273084650586,0.006047879479893492,,0.0,,,,,,0.4716234090579027
BAOAB,2,35200,176.0,28.02331731747836,1.2734731659470948,0.9990283338253088,,1.0508656689873714,0.006047825018246522,,0.0,,,,,,0.47079281563039305
BAOAB,3,35200,176.0,28.02331731747836,1.2758075899853378,0.9980283338253086,,1.0570452646917234,0.011063637625361,,0.0,,,,,,0.4715186117483309
BAOAB,4,35200,176.0,28.02331731747836,1.2757509216270912,0.9995283338253086,,1.0538380894559403,0.0029462573685854476,,0.0,,,,,,0.47172591752395715
BAOAB,0,36000,180.0,28.636330145411193,1.2780105239513366,0.9995283338253087,,1.0611295465776283,0.0029454735457694614,,0.0,,,,,,0.4727515300885152
BAOAB,1,36000,180.0,28.636330145411193,1.2733413850538569,0.9990283338253086,,1.0577904132005413,0.006048050711356279,,0.0,,,,,,0.4707543778729461
BAOAB,2,36000,180.0,28.636330145411193,1.2756949078399629,0.9990283338253086,,1.0515860828295056,0.0060480799560407306,,0.0,,,,,,0.4715173453149353
BAOAB,3,36000,180.0,28.636330145411193,1.275074622772805,0.9980283338253086,,1.0532877260563962,0.0110636767796497,,0.0,,,,,,0.47135988675372165
BAOAB,4,36000,180.0,28.636330145411193,1.2764555941008895,0.9995283338253087,,1.0627283401871324,0.0029462279436860417,,0.0,,,,,,0.4717813649969255
BAOAB,0,36800,184.0,29.251782344654202,1.2775217239759327,0.9995283338253087,,1.0617546185262858,0.0029460927768488743,,0.0,,,,,,0.47245454876873977
BAOAB,1,36800,184.0,29.251782344654202,1.2770500419880157,0.9990283338253088,,1.0602741968557239,0.006048015613993707,,0.0,,,,,,0.472096169075046
BAOAB,2,36800,184.0,29.251782344654202,1.276314980802681,0.9990283338253086,,1.0564665068432835,0.006048050711356279,,0.0,,,,,,0.47200649073181344
BAOAB,3,36800,184.0,29.251782344654202,1.2770316951915937,0.9980283338253086,,1.0583546802529462,0.011063637625361,,0.0,,,,,,0.47149895470021197
BAOAB,4,36800,184.0,29.251782344654202,1.2756301105747556,0.9995283338253087,,1.0620207054136859,0.0029462572013218002,,0.0,,,,,,0.47149961374914834
BAOAB,0,37600,188.0,29.875735016539693,1.2770155596516635,0.9995283338253087,,1.0616338791290847,0.0029461520989096934,,0.0,,,,,,0.4723558815645195
BAOAB,1,37600,188.0,29.875735016539693,1.2758295085053397,0.9990283338253086,,1.0583553030437116,0.006048127076038412,,0.0,,,,,,0.4718067170669659
BAOAB,2,37600,188.0,29.875735016539693,1.2736726989868532,0.9990283338253086,,1.0578840753036864,0.0060480799560407306,,0.0,,,,,,0.47065894493632043
BAOAB,3,37600,188.0,29.875735016539693,1.2767069443860382,0.9980283338253086,,1.0578057144909228,0.011063608207921405,,0.0,,,,,,0.47150993341881114
BAOAB,4,37600,188.0,29.875735016539693,1.2767458446775986,0.9995283338253087,,1.060694240413894,0.0029462279436860417,,0.0,,,,,,0.47185008607436535
BAOAB,0,38400,192.0,30.52213230635971,1.2791193089564983,0.9995283338253087,,1.060969634642274,0.002945653930409464,,0.0,,,,,,0.4725930759992289
BAOAB,1,38400,192.0,30.52213230635971,1.2755916708778914,0.9990283338253088,,1.062523352411772,0.006048117622980631,,0.0,,,,,,0.47164257788495106
BAOAB,2,38400,192.0,30.52213230635971,1.2760576069822778,0.9990283338253088,,1.0572457775692072,0.006047825018246522,,0.0,,,,,,0.47164488981321395
BAOAB,3,38400,192.0,30.52213230635971,1.2743477815834607,0.9980283338253086,,1.0558863854052023,0.011063637625361,,0.0,,,,,,0.4709625711287044
BAOAB,4,38400,192.0,30.52213230635971,1.2760599611202588,0.9995283338253087,,1.0533753811789561,0.002946247743817354,,0.0,,,,,,0.4714545185980042
BAOAB,0,39200,196.0,31.16621350403875,1.2764168190602618,0.9995283338253086,,1.0587280811036937,0.002946196557021663,,0.0,,,,,,0.4719221610973308
BAOAB,1,39200,196.0,31.16621350403875,1.2748596899003997,0.9990283338253088,,1.052119784732281,0.0060480979085748565,,0.0,,,,,,0.47123876714141877
BAOAB,2,39200,196.0,31.16621350403875,1.2728170292171788,0.9990283338253086,,1.056522459826657,0.0060480799560407306,,0.0,,,,,,0.4706070544539705
BAOAB,3,39200,196.0,31.16621350403875,1.2756147526906099,0.9980283338253086,,1.0583333769207879,0.011063685353269403,,0.0,,,,,,0.47100097170110233
BAOAB,4,39200,196.0,31.16621350403875,1.2774444749876652,0.9995283338253086,,1.0572503390640833,0.0029462573685854476,,0.0,,,,,,0.4719354800708724
BAOAB,0,40000,200.0,31.816195734776556,1.2777950569873369,0.9995283338253087,,1.0675172374661352,0.0029462572013218002,,0.0,,,,,,0.4721672428142955
BAOAB,1,40000,200.0,31.816195734776556,1.276515918622583,0.9990283338253086,,1.0600424801103971,0.006047790640818729,,0.0,,,,,,0.47234078194827045
BAOAB,2,40000,200.0,31.816195734776556,1.2744047792631261,0.9990283338253088,,1.0544066515109236,0.006048118765343058,,0.0,,,,,,0.4709233008040484
BAOAB,3,40000,200.0,31.816195734776556,1.2739849194608004,0.9980283338253086,,1.0609705141400767,0.011063676153460489,,0.0,,,,,,0.47144864264425934
BAOAB,4,40000,200.0,31.816195734776556,1.2742880315095113,0.9995283338253087,,1.0612466711101338,0.002946105925992648,,0.0,,,,,,0.4712536602702437
PT,0,800,4.0,1.222905695438385,0.3973133545391351,0.11202833382530858,,0.11901287767802739,0.9433174974838908,,0.0,,,0.9135383125000007,0.21707874999999996,,0.10940000114000241
PT,1,800,4.0,1.222905695438385,0.40317872253389114,0.11652833382530861,,0.12296026480224513,0.9408776532769968,,0.0,,,0.9135383125000007,0.21707874999999996,,0.11195690468845311
PT,2,800,4.0,1.222905695438385,0.4100306927948799,0.1195329360513065,,0.12927327314384388,0.9392277351032385,,0.0,,,0.9135383125000007,0.21707874999999996,,0.11406191412034068
PT,3,800,4.0,1.222905695438385,0.42416138219050786,0.1270283338253086,,0.13879810766898895,0.9351479052858989,,0.0,,,0.9135383125000007,0.21707874999999996,,0.11823598697552351
PT,4,800,4.0,1.222905695438385,0.3944346979321203,0.11302833382530858,,0.11879484514309907,0.9427746598476486,,0.0,,,0.9135383125000007,0.21707874999999996,,0.10870892526446746
PT,0,1600,8.0,2.3901034528389573,0.1039052055146835,0.008528333825308626,,0.017949849929067722,0.9965934048643083,,0.0,,,0.8890139062500024,0.19377750000000002,,0.023341414972485094
PT,1,1600,8.0,2.3901034528389573,0.10089495046706602,0.008028333825308598,,0.01360347942073287,0.9968250399952019,,0.0,,,0.8890139062500024,0.19377750000000002,,0.023041417287572617
PT,2,1600,8.0,2.3901034528389573,0.11755892055261317,0.010528333825308628,,0.020962709358913804,0.9956559651424071,,0.0,,,0.8890139062500024,0.19377750000000002,,0.026770416802901372
PT,3,1600,8.0,2.3901034528389573,0.11453653645745658,0.010032936051306476,,0.025682748058399697,0.9958889354956095,,0.0,,,0.8890139062500024,0.19377750000000002,,0.026342560405812458
PT,4,1600,8.0,2.3901034528389573,0.10799213235200604,0.008532936051306502,,0.018840201917797107,0.9965932672701517,,0.0,,,0.8890139062500024,0.19377750000000002,,0.025314842069499962
PT,0,2400,12.0,3.632845424115658,0.04662946001032551,0.001532936051306499,,0.013205660583392636,0.9996272746229901,,0.0,,,0.8817409374999993,0.19881312500000003,,0.01203509261069251
PT,1,2400,12.0,3.632845424115658,0.006669718640543645,0.00047166617469137804,,0.024904428533297954,0.9997641267838283,,0.0,,,0.8817409374999993,0.19881312500000003,,0.008504387996305431
PT,2,2400,12.0,3.632845424115658,0.05511193973463897,0.002032936051306471,,0.017325535892853215,0.9994452189019859,,0.0,,,0.8817409374999993,0.19881312500000003,,0.014129537823469542
PT,3,2400,12.0,3.632845424115658,0.04391197127286282,0.001032936051306471,,0.01339818942644539,0.9997917145290134,,0.0,,,0.8817409374999993,0.19881312500000003,,0.011536130568530912
PT,4,2400,12.0,3.632845424115658,0.04492736390976264,0.001032936051306471,,0.013876386372613929,0.9997917145290134,,0.0,,,0.8817409374999993,0.19881312500000003,,0.01265347930901555
PT,0,3200,16.0,4.89508680254221,0.02572753313054911,3.293605130647049e-05,,0.016463350400916354,0.9999972940857634,,0.0,,,0.8804716249999988,0.20071624999999998,,0.010226257987541319
PT,1,3200,16.0,4.89508680254221,0.024694558707281513,3.293605130647049e-05,,0.017017530479926705,0.9999972940857634,,0.0,,,0.8804716249999988,0.20071624999999998,,0.00990637537822012
PT,2,3200,16.0,4.89508680254221,0.004791492389285187,0.00047166617469137804,,0.015208741940157158,0.9997641267838283,,0.0,,,0.8804716249999988,0.20071624999999998,,0.007877514801691547
PT,3,3200,16.0,4.89508680254221,0.025508350233364497,3.293605130647049e-05,,0.013213418292367671,0.9999972940857634,,0.0,,,0.8804716249999988,0.20071624999999998,,0.00993811896484573
PT,4,3200,16.0,4.89508680254221,0.0250453832333546,3.293605130647049e-05,,0.016918115504065426,0.9999972940857634,,0.0,,,0.8804716249999988,0.20071624999999998,,0.009169177516978802
PT,0,4000,20.0,6.100455133244395,0.025444607520342378,3.293605130647049e-05,,0.020444469633692276,0.9999972940857634,,0.0,,,0.8803682187500005,0.20019062500000007,,0.009729345442467644
PT,1,4000,20.0,6.100455133244395,0.02563284522786257,3.293605130647049e-05,,0.017219185250246107,0.9999972940857634,,0.0,,,0.8803682187500005,0.20019062500000007,,0.009739575223099688
PT,2,4000,20.0,6.100455133244395,0.03516888789662663,0.0005329360513064985,,0.02903202130846535,0.9999261996980551,,0.0,,,0.8803682187500005,0.20019062500000007,,0.01081457395050457
PT,3,4000,20.0,6.100455133244395,0.005108985397761606,0.00047166617469137804,,0.019750912674292895,0.9997641267838283,,0.0,,,0.8803682187500005,0.20019062500000007,,0.008465769569990246
PT,4,4000,20.0,6.100455133244395,0.023736205254760088,3.293605130647049e-05,,0.025522134582088678,0.9999972940857634,,0.0,,,0.8803682187500005,0.20019062500000007,,0.010371483096177341
PT,0,4800,24.0,7.249996833503246,0.004081839772315296,0.00047166617469137804,,0.016544869306317513,0.9997641267838283,,0.0,,,0.8805115937500001,0.20118687500000002,,0.007533701487280068
PT,1,4800,24.0,7.249996833503246,0.00547007528955829,0.00047166617469137804,,0.016499081430327682,0.9997641267838283,,0.0,,,0.8805115937500001,0.20118687500000002,,0.008127819353284445
PT,2,4800,24.0,7.249996833503246,0.0053538735949988465,0.00047166617469137804,,0.014602159124646482,0.9997641267838283,,0.0,,,0.8805115937500001,0.20118687500000002,,0.008381101290930457
PT,3,4800,24.0,7.249996833503246,0.03439051542809212,0.0005329360513064985,,0.015484940858790848,0.9999261996980551,,0.0,,,0.8805115937500001,0.20118687500000002,,0.01037570835460422
PT,4,4800,24.0,7.249996833503246,0.024328897435286538,3.293605130647049e-05,,0.012239664551602433,0.9999972940857634,,0.0,,,0.8805115937500001,0.20118687500000002,,0.009329445535262795
PT,0,5600,28.0,8.422925322316587,0.02513678626096928,3.293605130647049e-05,,0.0162589876091641,0.9999972940857634,,0.0,,,0.8805809999999993,0.19999249999999996,,0.009301679751443834
PT,1,5600,28.0,8.422925322316587,0.02618690731047129,3.293605130647049e-05,,0.019354769382215947,0.9999972940857634,,0.0,,,0.8805809999999993,0.19999249999999996,,0.010760739795552435
PT,2,5600,28.0,8.422925322316587,0.033046584311622974,0.0005329360513064985,,0.013730397121731996,0.9999261996980551,,0.0,,,0.8805809999999993,0.19999249999999996,,0.010768419290771394
PT,3,5600,28.0,8.422925322316587,0.00494015372452226,0.00047166617469137804,,0.022724664502007108,0.9997641267838283,,0.0,,,0.8805809999999993,0.19999249999999996,,0.007729369480712803
PT,4,5600,28.0,8.422925322316587,0.004414929207793359,0.00047166617469137804,,0.011454661180880567,0.9997641267838283,,0.0,,,0.8805809999999993,0.19999249999999996,,0.008581647307549213
PT,0,6400,32.0,9.607917125336826,0.00521917253161129,0.00047166617469137804,,0.018308060288538024,0.9997641267838283,,0.0,,,0.8803462812500001,0.20023500000000008,,0.008188564126234843
PT,1,6400,32.0,9.607917125336826,0.00270069945420315,0.00047166617469137804,,0.009710052429643847,0.9997641267838283,,0.0,,,0.8803462812500001,0.20023500000000008,,0.00802431493084602
PT,2,6400,32.0,9.607917125336826,0.025788165772149197,3.293605130647049e-05,,0.015332914075887242,0.9999972940857634,,0.0,,,0.8803462812500001,0.20023500000000008,,0.010344293069984583
PT,3,6400,32.0,9.607917125336826,0.023333244473739488,3.293605130647049e-05,,0.013741450285179728,0.9999972940857634,,0.0,,,0.8803462812500001,0.20023500000000008,,0.009720370024878107
PT,4,6400,32.0,9.607917125336826,0.020616546361146026,3.293605130647049e-05,,0.013415069679747692,0.9999972940857634,,0.0,,,0.8803462812500001,0.20023500000000008,,0.008730904589745505
PT,0,7200,36.0,10.764159228652716,0.03452466927018055,0.0005329360513064985,,0.013186562472674782,0.9999261996980551,,0.0,,,0.8804563124999998,0.20016999999999996,,0.01109165056505826
PT,1,7200,36.0,10.764159228652716,0.003656546542151044,0.00047166617469137804,,0.010760617303554322,0.9997641267838283,,0.0,,,0.8804563124999998,0.20016999999999996,,0.007973413037853478
PT,2,7200,36.0,10.764159228652716,0.006224625538330336,0.00047166617469137804,,0.024433160092746365,0.9997641267838283,,0.0,,,0.8804563124999998,0.20016999999999996,,0.007877777743725896
PT,3,7200,36.0,10.764159228652716,0.004831236320253434,0.00047166617469137804,,0.01535680466568783,0.9997641267838283,,0.0,,,0.8804563124999998,0.20016999999999996,,0.008034618871661221
PT,4,7200,36.0,10.764159228652716,0.02346525721536938,3.293605130647049e-05,,0.017140188042076402,0.9999972940857634,,0.0,,,0.8804563124999998,0.20016999999999996,,0.009344838275786131
PT,0,8000,40.0,12.039909113198519,0.003942961718594874,0.00047166617469137804,,0.014395294499696962,0.9997641267838283,,0.0,,,0.880226999999999,0.20015750000000004,,0.007370596078492451
PT,1,8000,40.0,12.039909113198519,0.004697168417294321,0.00047166617469137804,,0.016177943868291658,0.9997641267838283,,0.0,,,0.880226999999999,0.20015750000000004,,0.008199797990624733
PT,2,8000,40.0,12.039909113198519,0.004157743300592068,0.00047166617469137804,,0.016060964552327375,0.9997641267838283,,0.0,,,0.880226999999999,0.20015750000000004,,0.00911257536943655
PT,3,8000,40.0,12.039909113198519,0.04392860912874825,0.001032936051306471,,0.01843010817292058,0.9997917145290134,,0.0,,,0.880226999999999,0.20015750000000004,,0.01171378147498739
PT,4,8000,40.0,12.039909113198519,0.005134815611147105,0.00047166617469137804,,0.023220446371775897,0.9997641267838283,,0.0,,,0.880226999999999,0.20015750000000004,,0.008607549581117833
PT,0,8800,44.0,13.219457174651325,0.004585120435868484,0.00047166617469137804,,0.019097342689948626,0.9997641267838283,,0.0,,,0.8804939374999997,0.20065000000000005,,0.0087596391439386
PT,1,8800,44.0,13.219457174651325,0.03717653019705773,0.0005329360513064985,,0.01386513116120489,0.9999261996980551,,0.0,,,0.8804939374999997,0.20065000000000005,,0.011177426849009015
PT,2,8800,44.0,13.219457174651325,0.006390336936651829,0.00047166617469137804,,0.02360636886734546,0.9997641267838283,,0.0,,,0.8804939374999997,0.20065000000000005,,0.00917292705429136
PT,3,8800,44.0,13.219457174651325,0.0031081588327632136,0.00047166617469137804,,0.010649752294906618,0.9997641267838283,,0.0,,,0.8804939374999997,0.20065000000000005,,0.0078262840275706
PT,4,8800,44.0,13.219457174651325,0.00948774257642873,0.00047166617469137804,,0.040056666641685,0.9997641267838283,,0.0,,,0.8804939374999997,0.20065000000000005,,0.008141295247800632
PT,0,9600,48.0,14.400904576294124,0.005096726717551917,0.00047166617469137804,,0.015989702136257274,0.9997641267838283,,0.0,,,0.8803750624999982,0.2015581250000001,,0.00766666019152006
PT,1,9600,48.0,14.400904576294124,0.03682738833518208,0.0005329360513064985,,0.018651742168124544,0.9999261996980551,,0.0,,,0.8803750624999982,0.2015581250000001,,0.011087347668965375
PT,2,9600,48.0,14.400904576294124,0.024583604444143738,3.293605130647049e-05,,0.018528474247374346,0.9999972940857634,,0.0,,,0.8803750624999982,0.2015581250000001,,0.009452325271463736
PT,3,9600,48.0,14.400904576294124,0.0041505621901377675,0.00047166617469137804,,0.010301688848651576,0.9997641267838283,,0.0,,,0.8803750624999982,0.2015581250000001,,0.007816444730166941
PT,4,9600,48.0,14.400904576294124,0.03266782861061229,0.0005329360513064985,,0.011150246742397757,0.9999261996980551,,0.0,,,0.8803750624999982,0.2015581250000001,,0.009721875973082647
PT,0,10400,52.0,15.581963507458568,0.00509316856740053,0.00047166617469137804,,0.013265660473919432,0.9997641267838283,,0.0,,,0.8803803437499998,0.20034375000000004,,0.008086242904954175
PT,1,10400,52.0,15.581963507458568,0.0347803652837517,0.0005329360513064985,,0.013442942439046049,0.9999261996980551,,0.0,,,0.8803803437499998,0.20034375000000004,,0.010346404248324836
PT,2,10400,52.0,15.581963507458568,0.0038036936565927736,0.00047166617469137804,,0.01509380180182006,0.9997641267838283,,0.0,,,0.8803803437499998,0.20034375000000004,,0.008031049221703904
PT,3,10400,52.0,15.581963507458568,0.024384727871934648,3.293605130647049e-05,,0.008990894537455921,0.9999972940857634,,0.0,,,0.8803803437499998,0.20034375000000004,,0.009437131175879673
PT,4,10400,52.0,15.581963507458568,0.01701224711672015,0.0004953977740020648,,0.015441790581486542,0.9995330652723079,,0.0,,,0.8803803437499998,0.20034375000000004,,0.00850112974388738
PT,0,11200,56.0,16.754512176848948,0.042784996864528406,0.001032936051306471,,0.017622478415906292,0.9997917145290134,,0.0,,,0.8806365937499997,0.1998556250000001,,0.011658134807575889
PT,1,11200,56.0,16.754512176848948,0.005624316058404165,0.00047166617469137804,,0.0283739243600919,0.9997641267838283,,0.0,,,0.8806365937499997,0.1998556250000001,,0.007935432087177082
PT,2,11200,56.0,16.754512176848948,0.006454221621252696,0.00047166617469137804,,0.029428290614468017,0.9997641267838283,,0.0,,,0.8806365937499997,0.1998556250000001,,0.0081322986761768
PT,3,11200,56.0,16.754512176848948,0.003466852261341457,0.00047166617469137804,,0.011478103028548467,0.9997641267838283,,0.0,,,0.8806365937499997,0.1998556250000001,,0.008667083224912839
PT,4,11200,56.0,16.754512176848948,0.00388390975684037,0.00047166617469137804,,0.01140463048335598,0.9997641267838283,,0.0,,,0.8806365937499997,0.1998556250000001,,0.008254222341989578
PT,0,12000,60.0,17.933247357606888,0.00742544765425411,0.00047166617469137804,,0.03441844001376294,0.9997641267838283,,0.0,,,0.88054190625,0.19963750000000002,,0.00805430766647718
PT,1,12000,60.0,17.933247357606888,0.024211300847417596,3.293605130647049e-05,,0.03026291458041215,0.9999972940857634,,0.0,,,0.88054190625,0.19963750000000002,,0.010862040976676045
PT,2,12000,60.0,17.933247357606888,0.004183196117314416,0.00047166617469137804,,0.00958671848469284,0.9997641267838283,,0.0,,,0.88054190625,0.19963750000000002,,0.008518354014199803
PT,3,12000,60.0,17.933247357606888,0.023674763311129644,3.293605130647049e-05,,0.026052158417763524,0.9999972940857634,,0.0,,,0.88054190625,0.19963750000000002,,0.01040189883890801
PT,4,12000,60.0,17.933247357606888,0.006850833049344596,0.00047166617469137804,,0.0292409645294466,0.9997641267838283,,0.0,,,0.88054190625,0.19963750000000002,,0.009117630290178827
PT,0,12800,64.0,19.112799177877605,0.0140817921943763,0.0004953977740020648,,0.02109929510871864,0.9995330652723079,,0.0,,,0.8804659687500004,0.20108625000000002,,0.009020300898493663
PT,1,12800,64.0,19.112799177877605,0.004190019308120729,0.00047166617469137804,,0.016471935559302896,0.9997641267838283,,0.0,,,0.8804659687500004,0.20108625000000002,,0.008334618993317212
PT,2,12800,64.0,19.112799177877605,0.02548192303739394,3.293605130647049e-05,,0.019102152938877952,0.9999972940857634,,0.0,,,0.8804659687500004,0.20108625000000002,,0.01012180531896394
PT,3,12800,64.0,19.112799177877605,0.04381306974527398,0.001032936051306471,,0.015607107172836122,0.9997917145290134,,0.0,,,0.8804659687500004,0.20108625000000002,,0.012037138896795791
PT,4,12800,64.0,19.112799177877605,0.03697312771595592,0.0005329360513064985,,0.011595227115193202,0.9999261996980551,,0.0,,,0.8804659687500004,0.20108625000000002,,0.011492666876683464
PT,0,13600,68.0,20.306107353419065,0.003817621897035005,0.00047166617469137804,,0.014550171477846591,0.9997641267838283,,0.0,,,0.8803133124999988,0.201213125,,0.007810918085009922
PT,1,13600,68.0,20.306107353419065,0.034282259805112424,0.0005329360513064985,,0.02748528124067669,0.9999261996980551,,0.0,,,0.8803133124999988,0.201213125,,0.010732338158751678
PT,2,13600,68.0,20.306107353419065,0.02376736941136936,3.293605130647049e-05,,0.02526992621592914,0.9999972940857634,,0.0,,,0.8803133124999988,0.201213125,,0.00904785141165083
PT,3,13600,68.0,20.306107353419065,0.024303515300602152,3.293605130647049e-05,,0.02164065994274429,0.9999972940857634,,0.0,,,0.8803133124999988,0.201213125,,0.010306461132279739
PT,4,13600,68.0,20.306107353419065,0.026384777697987034,3.293605130647049e-05,,0.0258587887693567,0.9999972940857634,,0.0,,,0.8803133124999988,0.201213125,,0.009076050390248036
PT,0,14400,72.0,21.4936954267323,0.03439037083921364,0.0005329360513064985,,0.013941740025963276,0.9999261996980551,,0.0,,,0.8805025624999984,0.200919375,,0.010654620344133356
PT,1,14400,72.0,21.4936954267323,0.027616893359676004,3.293605130647049e-05,,0.03524079434324421,0.9999972940857634,,0.0,,,0.8805025624999984,0.200919375,,0.010209887646555737
PT,2,14400,72.0,21.4936954267323,0.044751479374520654,0.001032936051306471,,0.020477491576882088,0.9997917145290134,,0.0,,,0.8805025624999984,0.200919375,,0.011874789205415247
PT,3,14400,72.0,21.4936954267323,0.004446584698320644,0.00047166617469137804,,0.01170326451678678,0.9997641267838283,,0.0,,,0.8805025624999984,0.200919375,,0.00849611302640341
PT,4,14400,72.0,21.4936954267323,0.005009216218653846,0.00047166617469137804,,0.018386906778084397,0.9997641267838283,,0.0,,,0.8805025624999984,0.200919375,,0.007451851343128036
PT,0,15200,76.0,22.674365866929293,0.041099204498381156,0.001032936051306471,,0.012863864305658801,0.9997917145290134,,0.0,,,0.8803611874999991,0.20005625000000002,,0.011575172947949835
PT,1,15200,76.0,22.674365866929293,0.023377575263783115,3.293605130647049e-05,,0.01842827264251937,0.9999972940857634,,0.0,,,0.8803611874999991,0.20005625000000002,,0.009347371708168547
PT,2,15200,76.0,22.674365866929293,0.024948252474553692,3.293605130647049e-05,,0.018736956117496643,0.9999972940857634,,0.0,,,0.8803611874999991,0.20005625000000002,,0.00909191176804006
PT,3,15200,76.0,22.674365866929293,0.0325750063445729,0.0005329360513064985,,0.014837138482162417,0.9999261996980551,,0.0,,,0.8803611874999991,0.20005625000000002,,0.009989538707540933
PT,4,15200,76.0,22.674365866929293,0.022290542544333308,3.293605130647049e-05,,0.014495761326075324,0.9999972940857634,,0.0,,,0.8803611874999991,0.20005625000000002,,0.008535812843873789
PT,0,16000,80.0,23.83660181146115,0.02402103169595468,3.293605130647049e-05,,0.017597008857898444,0.9999972940857634,,0.0,,,0.8804613437500014,0.20020250000000003,,0.008586902546375045
PT,1,16000,80.0,23.83660181146115,0.03325669448004152,0.0005329360513064985,,0.012494490226077069,0.9999261996980551,,0.0,,,0.8804613437500014,0.20020250000000003,,0.010359394751319532
PT,2,16000,80.0,23.83660181146115,0.004327993690073811,0.00047166617469137804,,0.014787725092613052,0.9997641267838283,,0.0,,,0.8804613437500014,0.20020250000000003,,0.009060954931018802
PT,3,16000,80.0,23.83660181146115,0.025604417932465998,3.293605130647049e-05,,0.010891077852201832,0.9999972940857634,,0.0,,,0.8804613437500014,0.20020250000000003,,0.009953802883564058
PT,4,16000,80.0,23.83660181146115,0.005869278874519188,0.00047166617469137804,,0.020962599796351615,0.9997641267838283,,0.0,,,0.8804613437500014,0.20020250000000003,,0.00808809177338622
PT,0,16800,84.0,25.025795806199312,0.026957537608750554,3.293605130647049e-05,,0.01634005345244219,0.9999972940857634,,0.0,,,0.8804823750000005,0.200830625,,0.01095840597294681
PT,1,16800,84.0,25.025795806199312,0.035094620236531475,0.0005329360513064985,,0.017234447386895318,0.9999261996980551,,0.0,,,0.8804823750000005,0.200830625,,0.011262292122653223
PT,2,16800,84.0,25.025795806199312,0.02515185623601303,3.293605130647049e-05,,0.012604029836152572,0.9999972940857634,,0.0,,,0.8804823750000005,0.200830625,,0.009163524180126387
PT,3,16800,84.0,25.025795806199312,0.03449116861829718,0.0005329360513064985,,0.00823345001215128,0.9999261996980551,,0.0,,,0.8804823750000005,0.200830625,,0.010226862551852267
PT,4,16800,84.0,25.025795806199312,0.02468656080788115,3.293605130647049e-05,,0.017069784104773385,0.9999972940857634,,0.0,,,0.8804823750000005,0.200830625,,0.009388022262473322
PT,0,17600,88.0,26.217168311588466,0.005995151788186409,0.00047166617469137804,,0.02068666547665491,0.9997641267838283,,0.0,,,0.8804437500000001,0.20121625,,0.007858389399150347
PT,1,17600,88.0,26.217168311588466,0.02566794469936141,3.293605130647049e-05,,0.021610474808827804,0.9999972940857634,,0.0,,,0.8804437500000001,0.20121625,,0.010074214286174967
PT,2,17600,88.0,26.217168311588466,0.03517091465818336,0.0005329360513064985,,0.02431454711331948,0.9999261996980551,,0.0,,,0.8804437500000001,0.20121625,,0.010309923308938821
PT,3,17600,88.0,26.217168311588466,0.0251102543462202,3.293605130647049e-05,,0.033950042378128854,0.9999972940857634,,0.0,,,0.8804437500000001,0.20121625,,0.009431915466008077
PT,4,17600,88.0,26.217168311588466,0.024264578997739362,3.293605130647049e-05,,0.014929342966216128,0.9999972940857634,,0.0,,,0.8804437500000001,0.20121625,,0.00903796029382468
PT,0,18400,92.0,27.437953856773674,0.0263722396801005,3.293605130647049e-05,,0.011059504113635403,0.9999972940857634,,0.0,,,0.8804262812499998,0.20000874999999999,,0.009247883564734601
PT,1,18400,92.0,27.437953856773674,0.03508846551838442,0.0005329360513064985,,0.020725007342999965,0.9999261996980551,,0.0,,,0.8804262812499998,0.20000874999999999,,0.010127062137217466
PT,2,18400,92.0,27.437953856773674,0.004199322099952347,0.00047166617469137804,,0.011446184308549618,0.9997641267838283,,0.0,,,0.8804262812499998,0.20000874999999999,,0.00905938751231729
PT,3,18400,92.0,27.437953856773674,0.034908276289105894,0.0005329360513064985,,0.013785745021290659,0.9999261996980551,,0.0,,,0.8804262812499998,0.20000874999999999,,0.010528728710562112
PT,4,18400,92.0,27.437953856773674,0.0050218272514345645,0.00047166617469137804,,0.014706705475704837,0.9997641267838283,,0.0,,,0.8804262812499998,0.20000874999999999,,0.008626051603156808
PT,0,19200,96.0,28.706322157755494,0.04131569560240469,0.001032936051306471,,0.019776988564975045,0.9997917145290134,,0.0,,,0.8803224375000004,0.200754375,,0.01138567950350833
PT,1,19200,96.0,28.706322157755494,0.023466901829708606,3.293605130647049e-05,,0.017950180070360523,0.9999972940857634,,0.0,,,0.8803224375000004,0.200754375,,0.009508682327173659
PT,2,19200,96.0,28.706322157755494,0.004723491206866599,0.00047166617469137804,,0.012849445827424703,0.9997641267838283,,0.0,,,0.8803224375000004,0.200754375,,0.008236365665761696
PT,3,19200,96.0,28.706322157755494,0.02575509300939542,3.293605130647049e-05,,0.03550286709230304,0.9999972940857634,,0.0,,,0.8803224375000004,0.200754375,,0.009668867847156036
PT,4,19200,96.0,28.706322157755494,0.024395355854256298,3.293605130647049e-05,,0.016313179470621032,0.9999972940857634,,0.0,,,0.8803224375000004,0.200754375,,0.009117935815087219
PT,0,20000,100.0,29.90662026591599,0.04022965931662391,0.001032936051306471,,0.016503741510360406,0.9997917145290134,,0.0,,,0.8804324062500005,0.20073624999999998,,0.010742728675698855
PT,1,20000,100.0,29.90662026591599,0.004525992903253552,0.00047166617469137804,,0.01765724952302888,0.9997641267838283,,0.0,,,0.8804324062500005,0.20073624999999998,,0.008490249108773777
PT,2,20000,100.0,29.90662026591599,0.025107700170412046,3.293605130647049e-05,,0.013944069333790308,0.9999972940857634,,0.0,,,0.8804324062500005,0.20073624999999998,,0.009470498609681785
PT,3,20000,100.0,29.90662026591599,0.03694645909998842,0.0005329360513064985,,0.02612107913506075,0.9999261996980551,,0.0,,,0.8804324062500005,0.20073624999999998,,0.011330637508285737
PT,4,20000,100.0,29.90662026591599,0.03577363038781499,0.0005329360513064985,,0.027747439259502033,0.9999261996980551,,0.0,,,0.8804324062500005,0.20073624999999998,,0.010710568834213965
PT,0,20800,104.0,31.070625511929393,0.006473044876524862,0.00047166617469137804,,0.019510939854408115,0.9997641267838283,,0.0,,,0.8804923750000007,0.20015687499999998,,0.008554789700404597
PT,1,20800,104.0,31.070625511929393,0.024671064019622352,3.293605130647049e-05,,0.024199878444783232,0.9999972940857634,,0.0,,,0.8804923750000007,0.20015687499999998,,0.009218561588436048
PT,2,20800,104.0,31.070625511929393,0.004236423107843829,0.00047166617469137804,,0.014605396308439914,0.9997641267838283,,0.0,,,0.8804923750000007,0.20015687499999998,,0.00844811059220899
PT,3,20800,104.0,31.070625511929393,0.02501333851467879,3.293605130647049e-05,,0.01630816149336783,0.9999972940857634,,0.0,,,0.8804923750000007,0.20015687499999998,,0.00932469185188537
PT,4,20800,104.0,31.070625511929393,0.026980329101228124,3.293605130647049e-05,,0.018544022192603257,0.9999972940857634,,0.0,,,0.8804923750000007,0.20015687499999998,,0.00923372747291007
PT,0,21600,108.0,32.23068795539439,0.003963664222411689,0.00047166617469137804,,0.020144244297067213,0.9997641267838283,,0.0,,,0.8803143437499991,0.20095750000000004,,0.008012138257088436
PT,1,21600,108.0,32.23068795539439,0.007059253632002032,0.00047166617469137804,,0.025886585206244157,0.9997641267838283,,0.0,,,0.8803143437499991,0.20095750000000004,,0.009198508383235396
PT,2,21600,108.0,32.23068795539439,0.02507373456633142,3.293605130647049e-05,,0.01972305721706587,0.9999972940857634,,0.0,,,0.8803143437499991,0.20095750000000004,,0.009522226556671731
PT,3,21600,108.0,32.23068795539439,0.031920454651488205,0.0005329360513064985,,0.012810122253406444,0.9999261996980551,,0.0,,,0.8803143437499991,0.20095750000000004,,0.010636464352698405
PT,4,21600,108.0,32.23068795539439,0.0059188691726253725,0.00047166617469137804,,0.022288086038547518,0.9997641267838283,,0.0,,,0.8803143437499991,0.20095750000000004,,0.008286989800066554
PT,0,22400,112.0,33.41713312827051,0.005481949873838667,0.00047166617469137804,,0.015742506773070535,0.9997641267838283,,0.0,,,0.8803728124999993,0.20074187500000004,,0.008055167770249698
PT,1,22400,112.0,33.41713312827051,0.004031358719753645,0.00047166617469137804,,0.01899947596718003,0.9997641267838283,,0.0,,,0.8803728124999993,0.20074187500000004,,0.007923192723045477
PT,2,22400,112.0,33.41713312827051,0.032753481070519404,0.0005329360513064985,,0.017064467701895306,0.9999261996980551,,0.0,,,0.8803728124999993,0.20074187500000004,,0.009955250074960504
PT,3,22400,112.0,33.41713312827051,0.005575797697875729,0.00047166617469137804,,0.01659783283067165,0.9997641267838283,,0.0,,,0.8803728124999993,0.20074187500000004,,0.00800859606383042
PT,4,22400,112.0,33.41713312827051,0.03423605648017132,0.0005329360513064985,,0.014228294035606572,0.9999261996980551,,0.0,,,0.8803728124999993,0.20074187500000004,,0.009971807718218033
PT,0,23200,116.0,34.77141537889838,0.024991716536312245,3.293605130647049e-05,,0.02321040332024404,0.9999972940857634,,0.0,,,0.8802771874999996,0.20115625000000004,,0.009082316811052059
PT,1,23200,116.0,34.77141537889838,0.023761136060888016,3.293605130647049e-05,,0.016830850231697763,0.9999972940857634,,0.0,,,0.8802771874999996,0.20115625000000004,,0.009101377372251949
PT,2,23200,116.0,34.77141537889838,0.004783131443406414,0.00047166617469137804,,0.023255665949950686,0.9997641267838283,,0.0,,,0.8802771874999996,0.20115625000000004,,0.008410050897399393
PT,3,23200,116.0,34.77141537889838,0.042277620280865104,0.001032936051306471,,0.01746711352450161,0.9997917145290134,,0.0,,,0.8802771874999996,0.20115625000000004,,0.011839761311049423
PT,4,23200,116.0,34.77141537889838,0.02498428653118607,3.293605130647049e-05,,0.02126928577567718,0.9999972940857634,,0.0,,,0.8802771874999996,0.20115625000000004,,0.00932499672834855
PT,0,24000,120.0,36.048254202120006,0.0434466240535249,0.001032936051306471,,0.010537924626937933,0.9997917145290134,,0.0,,,0.8804454687499984,0.20043249999999999,,0.011386094136763085
PT,1,24000,120.0,36.048254202120006,0.022894682524215376,3.293605130647049e-05,,0.017433542828809222,0.9999972940857634,,0.0,,,0.8804454687499984,0.20043249999999999,,0.008622063890397654
PT,2,24000,120.0,36.048254202120006,0.005261902182624389,0.00047166617469137804,,0.022755410646505915,0.9997641267838283,,0.0,,,0.8804454687499984,0.20043249999999999,,0.008114863848956952
PT,3,24000,120.0,36.048254202120006,0.004439580703141511,0.00047166617469137804,,0.012338599741530286,0.9997641267838283,,0.0,,,0.8804454687499984,0.20043249999999999,,0.008714616013268128
PT,4,24000,120.0,36.048254202120006,0.0348880937776304,0.0005329360513064985,,0.014867601474146274,0.9999261996980551,,0.0,,,0.8804454687499984,0.20043249999999999,,0.01127523403373783
PT,0,24800,124.0,37.264097535051405,0.0042818826272004555,0.00047166617469137804,,0.016655641041705527,0.9997641267838283,,0.0,,,0.8804922812500005,0.20111562500000002,,0.008441708453228421
PT,1,24800,124.0,37.264097535051405,0.005222470313058222,0.00047166617469137804,,0.01789748400147821,0.9997641267838283,,0.0,,,0.8804922812500005,0.20111562500000002,,0.009413517345449311
PT,2,24800,124.0,37.264097535051405,0.032830447444121995,0.0005329360513064985,,0.016067988343354073,0.9999261996980551,,0.0,,,0.8804922812500005,0.20111562500000002,,0.009796515402019213
PT,3,24800,124.0,37.264097535051405,0.024704070347164316,3.293605130647049e-05,,0.01742281960596528,0.9999972940857634,,0.0,,,0.8804922812500005,0.20111562500000002,,0.009564566360085116
PT,4,24800,124.0,37.264097535051405,0.02525536611256539,3.293605130647049e-05,,0.013853419107951404,0.9999972940857634,,0.0,,,0.8804922812500005,0.20111562500000002,,0.009794476724263345
PT,0,25600,128.0,38.51550794020295,0.025335751600295598,3.293605130647049e-05,,0.019288897293966645,0.9999972940857634,,0.0,,,0.8805123437499994,0.20066749999999997,,0.009177806718041085
PT,1,25600,128.0,38.51550794020295,0.0044405979778470404,0.00047166617469137804,,0.021816475177683547,0.9997641267838283,,0.0,,,0.8805123437499994,0.20066749999999997,,0.008359853052599868
PT,2,25600,128.0,38.51550794020295,0.024533030605055173,3.293605130647049e-05,,0.025238951972016144,0.9999972940857634,,0.0,,,0.8805123437499994,0.20066749999999997,,0.00970859526021856
PT,3,25600,128.0,38.51550794020295,0.02345285946772257,3.293605130647049e-05,,0.007669304421665257,0.9999972940857634,,0.0,,,0.8805123437499994,0.20066749999999997,,0.00888872928760918
PT,4,25600,128.0,38.51550794020295,0.0036879948515797173,0.00047166617469137804,,0.010315385966495352,0.9997641267838283,,0.0,,,0.8805123437499994,0.20066749999999997,,0.009608168101125799
PT,0,26400,132.0,39.777939329855144,0.022860365252451175,3.293605130647049e-05,,0.02443556005494221,0.9999972940857634,,0.0,,,0.8803948437499989,0.20108812500000003,,0.008816640163880979
PT,1,26400,132.0,39.777939329855144,0.024071687310914018,3.293605130647049e-05,,0.032344975629991744,0.9999972940857634,,0.0,,,0.8803948437499989,0.20108812500000003,,0.009810139010947091
PT,2,26400,132.0,39.777939329855144,0.03491571117821994,0.0005329360513064985,,0.022617450823428746,0.9999261996980551,,0.0,,,0.8803948437499989,0.20108812500000003,,0.01047784657519211
PT,3,26400,132.0,39.777939329855144,0.004545435965279683,0.00047166617469137804,,0.015521593390291287,0.9997641267838283,,0.0,,,0.8803948437499989,0.20108812500000003,,0.008002111576641206
PT,4,26400,132.0,39.777939329855144,0.03495527360816354,0.0005329360513064985,,0.010108239831488588,0.9999261996980551,,0.0,,,0.8803948437499989,0.20108812500000003,,0.010797710234990725
PT,0,27200,136.0,41.0794025324285,0.025449240721583076,3.293605130647049e-05,,0.02252133825510908,0.9999972940857634,,0.0,,,0.8803181562500001,0.20152187500000004,,0.009108710126009115
PT,1,27200,136.0,41.0794025324285,0.0033970128633104505,0.00047166617469137804,,0.010257699817224375,0.9997641267838283,,0.0,,,0.8803181562500001,0.20152187500000004,,0.00846991898441353
PT,2,27200,136.0,41.0794025324285,0.004254217778370689,0.00047166617469137804,,0.016394471657425254,0.9997641267838283,,0.0,,,0.8803181562500001,0.20152187500000004,,0.007346811580244498
PT,3,27200,136.0,41.0794025324285,0.02407996994634327,3.293605130647049e-05,,0.01772753687396843,0.9999972940857634,,0.0,,,0.8803181562500001,0.20152187500000004,,0.009940703798411934
PT,4,27200,136.0,41.0794025324285,0.024111619160612215,3.293605130647049e-05,,0.01860506329858956,0.9999972940857634,,0.0,,,0.8803181562500001,0.20152187500000004,,0.009435436295634732
PT,0,28000,140.0,42.35846867784858,0.005699162201831283,0.00047166617469137804,,0.02423718186253256,0.9997641267838283,,0.0,,,0.8803253125000008,0.20036500000000002,,0.008382687908460194
PT,1,28000,140.0,42.35846867784858,0.027756603402050897,3.293605130647049e-05,,0.021810601590126474,0.9999972940857634,,0.0,,,0.8803253125000008,0.20036500000000002,,0.010355075278299201
PT,2,28000,140.0,42.35846867784858,0.004234143362028069,0.00047166617469137804,,0.01401119801398971,0.9997641267838283,,0.0,,,0.8803253125000008,0.20036500000000002,,0.007983302573784575
PT,3,28000,140.0,42.35846867784858,0.034740942378245654,0.0005329360513064985,,0.013254570687126502,0.9999261996980551,,0.0,,,0.8803253125000008,0.20036500000000002,,0.010506465636034369
PT,4,28000,140.0,42.35846867784858,0.006372006416917932,0.00047166617469137804,,0.02080575865048653,0.9997641267838283,,0.0,,,0.8803253125000008,0.20036500000000002,,0.00914259353005316
PT,0,28800,144.0,43.642579465173185,0.04287324383837711,0.001032936051306471,,0.018912167825912603,0.9997917145290134,,0.0,,,0.8802389374999998,0.20020000000000004,,0.012138140250935101
PT,1,28800,144.0,43.642579465173185,0.005962189608952229,0.00047166617469137804,,0.024087743846567578,0.9997641267838283,,0.0,,,0.8802389374999998,0.20020000000000004,,0.008718904438023365
PT,2,28800,144.0,43.642579465173185,0.03534200252656693,0.0005329360513064985,,0.010965061016525316,0.9999261996980551,,0.0,,,0.8802389374999998,0.20020000000000004,,0.010557468829241278
PT,3,28800,144.0,43.642579465173185,0.0037766236176147313,0.00047166617469137804,,0.013317727285431626,0.9997641267838283,,0.0,,,0.8802389374999998,0.20020000000000004,,0.007789097840251493
PT,4,28800,144.0,43.642579465173185,0.021350864981430785,3.293605130647049e-05,,0.011569024391914708,0.9999972940857634,,0.0,,,0.8802389374999998,0.20020000000000004,,0.008777758437375122
PT,0,29600,148.0,44.872052134014666,0.025019774828599014,3.293605130647049e-05,,0.013371727426631399,0.9999972940857634,,0.0,,,0.8805191875000005,0.200279375,,0.009361326165089218
PT,1,29600,148.0,44.872052134014666,0.03507434879060538,0.0005329360513064985,,0.016728500965655754,0.9999261996980551,,0.0,,,0.8805191875000005,0.200279375,,0.010918204886334127
PT,2,29600,148.0,44.872052134014666,0.023463846611942323,3.293605130647049e-05,,0.0206295795795715,0.9999972940857634,,0.0,,,0.8805191875000005,0.200279375,,0.009583104985289007
PT,3,29600,148.0,44.872052134014666,0.005408095028864368,0.00047166617469137804,,0.02130082292992129,0.9997641267838283,,0.0,,,0.8805191875000005,0.200279375,,0.007602176182703891
PT,4,29600,148.0,44.872052134014666,0.02485525559573714,3.293605130647049e-05,,0.016191613699927204,0.9999972940857634,,0.0,,,0.8805191875000005,0.200279375,,0.009456186204846269
PT,0,30400,152.0,46.163526642136276,0.02488347535631019,3.293605130647049e-05,,0.020478350091878945,0.9999972940857634,,0.0,,,0.8804388749999992,0.2009424999999999,,0.00898481119542117
PT,1,30400,152.0,46.163526642136276,0.02427724730320919,3.293605130647049e-05,,0.016305857494457728,0.9999972940857634,,0.0,,,0.8804388749999992,0.2009424999999999,,0.00889648900107309
PT,2,30400,152.0,46.163526642136276,0.004607667475004034,0.00047166617469137804,,0.015121769302482753,0.9997641267838283,,0.0,,,0.8804388749999992,0.2009424999999999,,0.007962067910043866
PT,3,30400,152.0,46.163526642136276,0.005616674080688795,0.00047166617469137804,,0.020967583108167667,0.9997641267838283,,0.0,,,0.8804388749999992,0.2009424999999999,,0.008120811158684783
PT,4,30400,152.0,46.163526642136276,0.04128627898214325,0.0015283338253086229,,0.015537927105858681,0.9995603821697151,,0.0,,,0.8804388749999992,0.2009424999999999,,0.011529545430127209
PT,0,31200,156.0,47.43154400214553,0.025641643854837942,3.293605130647049e-05,,0.019782849127742502,0.9999972940857634,,0.0,,,0.8803949062499996,0.19987187500000003,,0.00962333103167155
PT,1,31200,156.0,47.43154400214553,0.023403309437651766,3.293605130647049e-05,,0.016608101945621415,0.9999972940857634,,0.0,,,0.8803949062499996,0.19987187500000003,,0.00953485854165324
PT,2,31200,156.0,47.43154400214553,0.024179852679602154,3.293605130647049e-05,,0.012192983236523593,0.9999972940857634,,0.0,,,0.8803949062499996,0.19987187500000003,,0.008619036768715359
PT,3,31200,156.0,47.43154400214553,0.04165220533622916,0.001032936051306471,,0.01473203534003298,0.9997917145290134,,0.0,,,0.8803949062499996,0.19987187500000003,,0.011552380221839385
PT,4,31200,156.0,47.43154400214553,0.04002377791482406,0.001032936051306471,,0.013025937706392324,0.9997917145290134,,0.0,,,0.8803949062499996,0.19987187500000003,,0.011415707803620745
PT,0,32000,160.0,48.6581068392843,0.02500297116760999,3.293605130647049e-05,,0.014972073707782646,0.9999972940857634,,0.0,,,0.880357968749999,0.20033625000000002,,0.009531179123219337
PT,1,32000,160.0,48.6581068392843,0.036402513443762385,0.0005329360513064985,,0.015058330407973467,0.9999261996980551,,0.0,,,0.880357968749999,0.20033625000000002,,0.010745531392411816
PT,2,32000,160.0,48.6581068392843,0.024162757726575692,3.293605130647049e-05,,0.016279072722568507,0.9999972940857634,,0.0,,,0.880357968749999,0.20033625000000002,,0.009169315044527395
PT,3,32000,160.0,48.6581068392843,0.03325251088726423,0.0005329360513064985,,0.020490308739138728,0.9999261996980551,,0.0,,,0.880357968749999,0.20033625000000002,,0.011016095227023045
PT,4,32000,160.0,48.6581068392843,0.024255655639027207,3.293605130647049e-05,,0.010391759616923983,0.9999972940857634,,0.0,,,0.880357968749999,0.20033625000000002,,0.009524209297110064
PT,0,32800,164.0,49.89875476062298,0.02299857959808595,3.293605130647049e-05,,0.014270046546258783,0.9999972940857634,,0.0,,,0.8805354999999995,0.19989875000000012,,0.009362167583289999
PT,1,32800,164.0,49.89875476062298,0.040393600098475035,0.001032936051306471,,0.024945304211677125,0.9997917145290134,,0.0,,,0.8805354999999995,0.19989875000000012,,0.01176526882601947
PT,2,32800,164.0,49.89875476062298,0.024081646705725483,3.293605130647049e-05,,0.02181538929079086,0.9999972940857634,,0.0,,,0.8805354999999995,0.19989875000000012,,0.008953609673398547
PT,3,32800,164.0,49.89875476062298,0.005405334477817338,0.00047166617469137804,,0.01583786306128276,0.9997641267838283,,0.0,,,0.8805354999999995,0.19989875000000012,,0.008655123875814888
PT,4,32800,164.0,49.89875476062298,0.0254870714503446,3.293605130647049e-05,,0.018638732207600848,0.9999972940857634,,0.0,,,0.8805354999999995,0.19989875000000012,,0.008716652726494389
PT,0,33600,168.0,51.2057417659089,0.02516960207574002,3.293605130647049e-05,,0.019620382224819717,0.9999972940857634,,0.0,,,0.88036496875,0.20019374999999995,,0.009586243237398491
PT,1,33600,168.0,51.2057417659089,0.025063347993226744,3.293605130647049e-05,,0.015321669427549922,0.9999972940857634,,0.0,,,0.88036496875,0.20019374999999995,,0.009846026558206454
PT,2,33600,168.0,51.2057417659089,0.004918632104769118,0.00047166617469137804,,0.017180267669134976,0.9997641267838283,,0.0,,,0.88036496875,0.20019374999999995,,0.0074778650370645
PT,3,33600,168.0,51.2057417659089,0.024567019887404378,3.293605130647049e-05,,0.009569323034414535,0.9999972940857634,,0.0,,,0.88036496875,0.20019374999999995,,0.009347890907694865
PT,4,33600,168.0,51.2057417659089,0.005036327762353531,0.00047166617469137804,,0.024044568879701085,0.9997641267838283,,0.0,,,0.88036496875,0.20019374999999995,,0.008231772576320257
PT,0,34400,172.0,52.42960630171001,0.026581424541842365,3.293605130647049e-05,,0.01600070595853927,0.9999972940857634,,0.0,,,0.8804392499999973,0.20089875000000004,,0.00968510735948784
PT,1,34400,172.0,52.42960630171001,0.004566344553234324,0.00047166617469137804,,0.011527259778569799,0.9997641267838283,,0.0,,,0.8804392499999973,0.20089875000000004,,0.008194584381020987
PT,2,34400,172.0,52.42960630171001,0.02270598400600116,3.293605130647049e-05,,0.018499646232785178,0.9999972940857634,,0.0,,,0.8804392499999973,0.20089875000000004,,0.009233634403234969
PT,3,34400,172.0,52.42960630171001,0.02150795935872996,3.293605130647049e-05,,0.015264198449535348,0.9999972940857634,,0.0,,,0.8804392499999973,0.20089875000000004,,0.009179341434028739
PT,4,34400,172.0,52.42960630171001,0.023864116612806702,3.293605130647049e-05,,0.010536760394168069,0.9999972940857634,,0.0,,,0.8804392499999973,0.20089875000000004,,0.008847870765691726
PT,0,35200,176.0,53.66176634095609,0.03653616676449271,0.0005329360513064985,,0.02831402161905599,0.9999261996980551,,0.0,,,0.880439187499999,0.201465,,0.01086438639030512
PT,1,35200,176.0,53.66176634095609,0.0036303193535366938,0.00047166617469137804,,0.012297416939104596,0.9997641267838283,,0.0,,,0.880439187499999,0.201465,,0.009207353229001779
PT,2,35200,176.0,53.66176634095609,0.003633098687687474,0.00047166617469137804,,0.015178924970863556,0.9997641267838283,,0.0,,,0.880439187499999,0.201465,,0.008543276487131017
PT,3,35200,176.0,53.66176634095609,0.023861951208364967,3.293605130647049e-05,,0.012665568699783495,0.9999972940857634,,0.0,,,0.880439187499999,0.201465,,0.009998514815834064
PT,4,35200,176.0,53.66176634095609,0.022742152930133996,3.293605130647049e-05,,0.011250531935513945,0.9999972940857634,,0.0,,,0.880439187499999,0.201465,,0.009427550929242688
PT,0,36000,180.0,54.9080016752705,0.006664492469026132,0.00047166617469137804,,0.029257302889127236,0.9997641267838283,,0.0,,,0.8803829062500004,0.20046687500000004,,0.008052992963248233
PT,1,36000,180.0,54.9080016752705,0.025046372297819086,3.293605130647049e-05,,0.017859138717009088,0.9999972940857634,,0.0,,,0.8803829062500004,0.20046687500000004,,0.010852223853970524
PT,2,36000,180.0,54.9080016752705,0.02414851642926354,3.293605130647049e-05,,0.010932923128815544,0.9999972940857634,,0.0,,,0.8803829062500004,0.20046687500000004,,0.009734956362638724
PT,3,36000,180.0,54.9080016752705,0.033343165567954934,0.0005329360513064985,,0.015250759232535644,0.9999261996980551,,0.0,,,0.8803829062500004,0.20046687500000004,,0.011612401952382412
PT,4,36000,180.0,54.9080016752705,0.0050924175875194716,0.00047166617469137804,,0.01708108234941947,0.9997641267838283,,0.0,,,0.8803829062500004,0.20046687500000004,,0.007822219415564421
PT,0,36800,184.0,56.17994335759431,0.006059124726280867,0.00047166617469137804,,0.02380862703599723,0.9997641267838283,,0.0,,,0.8804787812500005,0.2005506250000001,,0.008204671318641958
PT,1,36800,184.0,56.17994335759431,0.034629919485680005,0.0005329360513064985,,0.011056600734489191,0.9999261996980551,,0.0,,,0.8804787812500005,0.2005506250000001,,0.010647582859945225
PT,2,36800,184.0,56.17994335759431,0.025008791537903124,3.293605130647049e-05,,0.013209149052760414,0.9999972940857634,,0.0,,,0.8804787812500005,0.2005506250000001,,0.009533794448438857
PT,3,36800,184.0,56.17994335759431,0.02450763300038343,3.293605130647049e-05,,0.010267003243835608,0.9999972940857634,,0.0,,,0.8804787812500005,0.2005506250000001,,0.01019903553893137
PT,4,36800,184.0,56.17994335759431,0.03328373609586389,0.0005329360513064985,,0.012673590133891589,0.9999261996980551,,0.0,,,0.8804787812500005,0.2005506250000001,,0.010041278159482638
PT,0,37600,188.0,57.47188042663038,0.0036556787621500105,0.00047166617469137804,,0.012520281977877645,0.9997641267838283,,0.0,,,0.8805566874999997,0.200549375,,0.009021050705730282
PT,1,37600,188.0,57.47188042663038,0.006066277079377389,0.00047166617469137804,,0.02022162626312111,0.9997641267838283,,0.0,,,0.8805566874999997,0.200549375,,0.008313059985564357
PT,2,37600,188.0,57.47188042663038,0.006498171749118989,0.00047166617469137804,,0.027279224119919544,0.9997641267838283,,0.0,,,0.8805566874999997,0.200549375,,0.00783374804441204
PT,3,37600,188.0,57.47188042663038,0.005474453582594267,0.00047166617469137804,,0.014819244475198319,0.9997641267838283,,0.0,,,0.8805566874999997,0.200549375,,0.007841040237588985
PT,4,37600,188.0,57.47188042663038,0.024621686615458403,3.293605130647049e-05,,0.04502053404188544,0.9999972940857634,,0.0,,,0.8805566874999997,0.200549375,,0.01013751407262985
PT,0,38400,192.0,58.71458543930203,0.03764245933532428,0.0005329360513064985,,0.02598682611944837,0.9999261996980551,,0.0,,,0.8804005624999993,0.20120312500000004,,0.012273129855593704
PT,1,38400,192.0,58.71458543930203,0.043155243529798715,0.001032936051306471,,0.0162729006352873,0.9997917145290134,,0.0,,,0.8804005624999993,0.20120312500000004,,0.011330025139576951
PT,2,38400,192.0,58.71458543930203,0.022689438294930784,3.293605130647049e-05,,0.01416472096418622,0.9999972940857634,,0.0,,,0.8804005624999993,0.20120312500000004,,0.008695744569101618
PT,3,38400,192.0,58.71458543930203,0.02329425306447936,3.293605130647049e-05,,0.015176063068375942,0.9999972940857634,,0.0,,,0.8804005624999993,0.20120312500000004,,0.008563911344338947
PT,4,38400,192.0,58.71458543930203,0.03436376868590296,0.0005329360513064985,,0.019406197921443127,0.9999261996980551,,0.0,,,0.8804005624999993,0.20120312500000004,,0.010922221831130416
PT,0,39200,196.0,59.99281156249344,0.007588450221976008,0.00047166617469137804,,0.02940045233814637,0.9997641267838283,,0.0,,,0.8804395000000004,0.20077874999999998,,0.008811191794092484
PT,1,39200,196.0,59.99281156249344,0.003721505525367133,0.00047166617469137804,,0.018160196891871115,0.9997641267838283,,0.0,,,0.8804395000000004,0.20077874999999998,,0.008474951858085885
PT,2,39200,196.0,59.99281156249344,0.025889260541471174,3.293605130647049e-05,,0.017301838122646997,0.9999972940857634,,0.0,,,0.8804395000000004,0.20077874999999998,,0.009647216777417467
PT,3,39200,196.0,59.99281156249344,0.028169597154731947,0.0005283338253086224,,0.017439324082975518,0.9997661423594109,,0.0,,,0.8804395000000004,0.20077874999999998,,0.00944244422723803
PT,4,39200,196.0,59.99281156249344,0.024388446554674932,3.293605130647049e-05,,0.010587094133460307,0.9999972940857634,,0.0,,,0.8804395000000004,0.20077874999999998,,0.00935784614203039
PT,0,40000,200.0,61.22941008210182,0.0071409140683932745,0.00047166617469137804,,0.0274960963011886,0.9997641267838283,,0.0,,,0.8805130312499994,0.20036874999999998,,0.007977739284018967
PT,1,40000,200.0,61.22941008210182,0.005568992139285844,0.00047166617469137804,,0.013730849415743611,0.9997641267838283,,0.0,,,0.8805130312499994,0.20036874999999998,,0.008151460957616076
PT,2,40000,200.0,61.22941008210182,0.004283428035121087,0.00047166617469137804,,0.011556652838685965,0.9997641267838283,,0.0,,,0.8805130312499994,0.20036874999999998,,0.009338302626990034
PT,3,40000,200.0,61.22941008210182,0.03459389743232427,0.0005329360513064985,,0.02576871571500511,0.9999261996980551,,0.0,,,0.8805130312499994,0.20036874999999998,,0.010262933135829364
PT,4,40000,200.0,61.22941008210182,0.02482615180142326,3.293605130647049e-05,,0.01369854726273237,0.9999972940857634,,0.0,,,0.8805130312499994,0.20036874999999998,,0.009589785395020147
CP,0,800,4.0,0.9330665469169617,0.9927928467999336,0.7635283338253087,,0.7291664264573532,0.43739770027763547,,0.0,,,,,0.004971999999999997,0.3416339483488221
CP,1,800,4.0,0.9330665469169617,0.991073379375181,0.7555283338253087,,0.7255058611136145,0.4468734982437008,,0.0,,,,,0.004971999999999997,0.3404440195729677
CP,2,800,4.0,0.9330665469169617,0.9995158699504658,0.7575283338253087,,0.7355400898303358,0.44452443264959585,,0.0,,,,,0.004971999999999997,0.34298292604237474
CP,3,800,4.0,0.9330665469169617,0.9917230556794167,0.7590283338253085,,0.7282972622351844,0.4427414390980122,,0.0,,,,,0.004971999999999997,0.33976202792637133
CP,4,800,4.0,0.9330665469169617,0.9888591486074898,0.7410283338253086,,0.7262674749011726,0.46365867920323645,,0.0,,,,,0.004971999999999997,0.33764835420256956
CP,0,1600,8.0,1.858890031464398,0.9290012799493091,0.6775283338253086,,0.6644807247372946,0.5320120266095345,,0.0,,,,,0.004991874999999996,0.3096899065163816
CP,1,1600,8.0,1.858890031464398,0.9506755877994748,0.7010283338253087,,0.685651798196424,0.5076159497592894,,0.0,,,,,0.004991874999999996,0.31985276622060815
CP,2,1600,8.0,1.858890031464398,0.9383794589562033,0.7015283338253087,,0.6831493532325378,0.507069210971625,,0.0,,,,,0.004991874999999996,0.3167839604235392
CP,3,1600,8.0,1.858890031464398,0.9561341632060508,0.7000283338253086,,0.6898892831587239,0.5086799807681237,,0.0,,,,,0.004991874999999996,0.3221769419606788
CP,4,1600,8.0,1.858890031464398,0.9405069759357625,0.6850283338253087,,0.6725204701343628,0.5243371115601578,,0.0,,,,,0.004991874999999996,0.3153812905122919
CP,0,2400,12.0,2.7767010936513543,0.9250815879782313,0.6805283338253086,,0.6686389742257586,0.528945147540589,,0.0,,,,,0.0049666250000000006,0.30948680070939555
CP,1,2400,12.0,2.7767010936513543,0.9357351808354006,0.6870283338253086,,0.676158417302873,0.5222629860296888,,0.0,,,,,0.0049666250000000006,0.3138618221687491
CP,2,2400,12.0,2.7767010936513543,0.9336850664848978,0.6775283338253086,,0.6634604106056522,0.5320209822441389,,0.0,,,,,0.0049666250000000006,0.3122743468075797
CP,3,2400,12.0,2.7767010936513543,0.9210973106058642,0.6735283338253086,,0.6635450248814635,0.5360656499898308,,0.0,,,,,0.0049666250000000006,0.30760723603404905
CP,4,2400,12.0,2.7767010936513543,0.9257361389563795,0.6730283338253087,,0.6680865898586072,0.5365772288490949,,0.0,,,,,0.0049666250000000006,0.3084428330778224
CP,0,3200,16.0,3.705444548279047,0.9268512096714908,0.6680283338253086,,0.6628974175410466,0.5416120871844643,,0.0,,,,,0.005001625000000002,0.3087929364633118
CP,1,3200,16.0,3.705444548279047,0.9253642347263831,0.6730283338253087,,0.6615445959446615,0.5365775932147103,,0.0,,,,,0.005001625000000002,0.3088176132015141
CP,2,3200,16.0,3.705444548279047,0.9250208494491582,0.6835283338253086,,0.6681265172087515,0.5258657590639396,,0.0,,,,,0.005001625000000002,0.3096275671364244
CP,3,3200,16.0,3.705444548279047,0.9271862465150684,0.6770283338253087,,0.6604458635613635,0.5325232492129783,,0.0,,,,,0.005001625000000002,0.3113881249253491
CP,4,3200,16.0,3.705444548279047,0.9362005969500036,0.6885283338253085,,0.674173972858044,0.5207146626221315,,0.0,,,,,0.005001625000000002,0.31513083379630924
CP,0,4000,20.0,4.636260255239904,0.938180756490195,0.6985283338253087,,0.6761594575385889,0.5102525090527682,,0.0,,,,,0.0049851249999999965,0.31668251374762135
CP,1,4000,20.0,4.636260255239904,0.9394191504144445,0.6890283338253087,,0.6795102719689178,0.5201984606300362,,0.0,,,,,0.0049851249999999965,0.31538811773719994
CP,2,4000,20.0,4.636260255239904,0.9273731111184219,0.6805283338253086,,0.6583679724849499,0.5289455151588671,,0.0,,,,,0.0049851249999999965,0.31076352570869176
CP,3,4000,20.0,4.636260255239904,0.9391095076984359,0.6905283338253085,,0.6741719751703744,0.518640177630747,,0.0,,,,,0.0049851249999999965,0.3157542166874293
CP,4,4000,20.0,4.636260255239904,0.941689673241925,0.6865283338253086,,0.6746420630624478,0.5227925337909515,,0.0,,,,,0.0049851249999999965,0.3161893885170548
CP,0,4800,24.0,5.5588185088709,0.9494613600182291,0.6990283338253086,,0.6796843398948725,0.509729313279458,,0.0,,,,,0.004973250000000001,0.3205883933934655
CP,1,4800,24.0,5.5588185088709,0.9370189501555815,0.6845283338253086,,0.6641381759876878,0.5248546932151449,,0.0,,,,,0.004973250000000001,0.31537111413087965
CP,2,4800,24.0,5.5588185088709,0.941663967111343,0.6865283338253086,,0.6700586668531466,0.5227883693122798,,0.0,,,,,0.004973250000000001,0.3160767460466737
CP,3,4800,24.0,5.5588185088709,0.9297988990516953,0.6790283338253087,,0.6613198053209484,0.5304873806160155,,0.0,,,,,0.004973250000000001,0.3117517354676563
CP,4,4800,24.0,5.5588185088709,0.9152760406256801,0.6520283338253086,,0.6475290885750226,0.55745117914576,,0.0,,,,,0.004973250000000001,0.3044688923190529
CP,0,5600,28.0,6.485933973453939,0.9328441640338935,0.6755283338253086,,0.6630728580445083,0.5340557026267554,,0.0,,,,,0.005003624999999999,0.31313999612374016
CP,1,5600,28.0,6.485933973453939,0.9351017359490349,0.6905283338253085,,0.6682694616869208,0.5186317309082782,,0.0,,,,,0.005003624999999999,0.3132004041668606
CP,2,5600,28.0,6.485933973453939,0.9417884978873484,0.6875283338253086,,0.6774168499088695,0.5217530993658925,,0.0,,,,,0.005003624999999999,0.3156184196903041
CP,3,5600,28.0,6.485933973453939,0.9553017259149409,0.6905283338253086,,0.6893978863200019,0.5186470438633491,,0.0,,,,,0.005003624999999999,0.3201630554384887
CP,4,5600,28.0,6.485933973453939,0.9324770306481786,0.6860283338253086,,0.6732071480539719,0.5232981029327226,,0.0,,,,,0.005003624999999999,0.31307901690941936
CP,0,6400,32.0,7.41293606813997,0.9062815686862317,0.6570283338253087,,0.6446440411989415,0.5525218359871475,,0.0,,,,,0.005043874999999999,0.29994132583540306
CP,1,6400,32.0,7.41293606813997,0.924915736149342,0.6720283338253086,,0.6591737966924444,0.5375913448136087,,0.0,,,,,0.005043874999999999,0.30895743148065313
CP,2,6400,32.0,7.41293606813997,0.9382930714524749,0.6790283338253087,,0.674027449855356,0.5304948010181267,,0.0,,,,,0.005043874999999999,0.31400264662777766
CP,3,6400,32.0,7.41293606813997,0.9430765975448174,0.6970283338253086,,0.6835817895507542,0.5118400774198368,,0.0,,,,,0.005043874999999999,0.3173382338794916
CP,4,6400,32.0,7.41293606813997,0.9281358082440041,0.6705283338253086,,0.6617981444406134,0.5390987194090332,,0.0,,,,,0.005043874999999999,0.309838721787693
CP,0,7200,36.0,8.338835053145885,0.950900394374877,0.7040283338253086,,0.6820247337458254,0.5044291764744376,,0.0,,,,,0.005014124999999999,0.32149667574691054
CP,1,7200,36.0,8.338835053145885,0.9549412088569998,0.7015283338253087,,0.6972502566114319,0.5070879623663731,,0.0,,,,,0.005014124999999999,0.3209287928850956
CP,2,7200,36.0,8.338835053145885,0.9452476962212414,0.6935283338253087,,0.6852219205662076,0.515508419577511,,0.0,,,,,0.005014124999999999,0.3167540062851732
CP,3,7200,36.0,8.338835053145885,0.9286164056552632,0.6755283338253086,,0.6628647054074562,0.5340518083403353,,0.0,,,,,0.005014124999999999,0.31103105118125046
CP,4,7200,36.0,8.338835053145885,0.9471868900853522,0.6850283338253086,,0.680445097674148,0.5243457328186297,,0.0,,,,,0.005014124999999999,0.3177341722773933
CP,0,8000,40.0,9.258329444564879,0.9414972096763855,0.6915283338253086,,0.6715835575120082,0.5175960765721244,,0.0,,,,,0.004979500000000002,0.3173692628684645
CP,1,8000,40.0,9.258329444564879,0.9217266496610976,0.6750283338253087,,0.6569549732627854,0.5345523272962948,,0.0,,,,,0.004979500000000002,0.3085869524061744
CP,2,8000,40.0,9.258329444564879,0.9442300123663594,0.6850283338253087,,0.6725072705855898,0.5243430003727123,,0.0,,,,,0.004979500000000002,0.3172393704836664
CP,3,8000,40.0,9.258329444564879,0.9417412242380718,0.6820283338253086,,0.6811412365972477,0.5274266719289984,,0.0,,,,,0.004979500000000002,0.3152186959400066
CP,4,8000,40.0,9.258329444564879,0.9402706129500398,0.6900283338253086,,0.6756128892712899,0.5191601664514804,,0.0,,,,,0.004979500000000002,0.31628892656831664
CP,0,8800,44.0,10.181197566911578,0.9283110814367567,0.6735283338253086,,0.6697667218189755,0.5360769601472859,,0.0,,,,,0.0049795,0.30956092992128703
CP,1,8800,44.0,10.181197566911578,0.9308219494038977,0.6640283338253086,,0.6592056061635881,0.545614984703078,,0.0,,,,,0.0049795,0.3099410956638751
CP,2,8800,44.0,10.181197566911578,0.9361994127162434,0.6855283338253086,,0.6694339073527336,0.5238190791972093,,0.0,,,,,0.0049795,0.3142495029466485
CP,3,8800,44.0,10.181197566911578,0.9194086953164347,0.6570283338253087,,0.6550902830148633,0.552542240759179,,0.0,,,,,0.0049795,0.3056274578858191
CP,4,8800,44.0,10.181197566911578,0.9495820312234509,0.6930283338253086,,0.689992031622972,0.5160355880301679,,0.0,,,,,0.0049795,0.31821813092246976
CP,0,9600,48.0,11.108384211547673,0.9223044418618501,0.6860283338253086,,0.6588855663246188,0.5232845883850594,,0.0,,,,,0.004974000000000007,0.30921284442050045
CP,1,9600,48.0,11.108384211547673,0.9306250687858665,0.6760283338253086,,0.6691436580607899,0.5335408015674505,,0.0,,,,,0.004974000000000007,0.3107045426316489
CP,2,9600,48.0,11.108384211547673,0.9354915656979057,0.6955283338253087,,0.6788874863439384,0.5134061855509344,,0.0,,,,,0.004974000000000007,0.3152130505387541
CP,3,9600,48.0,11.108384211547673,0.949124412939271,0.6945283338253087,,0.6821771701021699,0.5144634403264674,,0.0,,,,,0.004974000000000007,0.3197469883956207
CP,4,9600,48.0,11.108384211547673,0.9427997859554251,0.6905283338253086,,0.6742335468006533,0.5186422536900839,,0.0,,,,,0.004974000000000007,0.3166155302040635
CP,0,10400,52.0,12.027335152961314,0.9179953099480214,0.6585283338253086,,0.6463512134231669,0.5510650042676807,,0.0,,,,,0.004977749999999997,0.3058963160901821
CP,1,10400,52.0,12.027335152961314,0.9088750973878814,0.6525283338253085,,0.6456618331307976,0.556947485827872,,0.0,,,,,0.004977749999999997,0.3018406603018571
CP,2,10400,52.0,12.027335152961314,0.9304597238622101,0.6765283338253086,,0.6709173103318786,0.53303795089901,,0.0,,,,,0.004977749999999997,0.31161186395778234
CP,3,10400,52.0,12.027335152961314,0.9296310065821471,0.6845283338253085,,0.6668669960930648,0.5248465986161048,,0.0,,,,,0.004977749999999997,0.31133709038540186
CP,4,10400,52.0,12.027335152961314,0.9311898937142576,0.6910283338253087,,0.6704151850634296,0.5181127274165003,,0.0,,,,,0.004977749999999997,0.3136685249973868
CP,0,11200,56.0,12.943529484793544,0.9217309342754643,0.6690283338253086,,0.6599769252213395,0.5406045288235158,,0.0,,,,,0.0049696249999999975,0.30782207094428204
CP,1,11200,56.0,12.943529484793544,0.9285391374414993,0.6680283338253086,,0.6613840282593667,0.5416185626729355,,0.0,,,,,0.0049696249999999975,0.30998558953696137
CP,2,11200,56.0,12.943529484793544,0.9285562707834738,0.6765283338253086,,0.6696849518083302,0.5330322366062032,,0.0,,,,,0.0049696249999999975,0.30994200231896996
CP,3,11200,56.0,12.943529484793544,0.9197981409312561,0.6640283338253086,,0.6515299961153315,0.5456099386103668,,0.0,,,,,0.0049696249999999975,0.3063361385719298
CP,4,11200,56.0,12.943529484793544,0.934272954576044,0.6805283338253086,,0.6687535009451931,0.5289556361596314,,0.0,,,,,0.0049696249999999975,0.3132774821310308
CP,0,12000,60.0,13.867150228470564,0.9252380451405982,0.6735283338253086,,0.6565037423583802,0.5360704431563308,,0.0,,,,,0.004997625000000005,0.30937592795514945
CP,1,12000,60.0,13.867150228470564,0.9415167747620586,0.6885283338253085,,0.6757806017032251,0.5207146626221315,,0.0,,,,,0.004997625000000005,0.3164162246159028
CP,2,12000,60.0,13.867150228470564,0.9367250365415329,0.6775283338253086,,0.6703713779100987,0.532026233282593,,0.0,,,,,0.004997625000000005,0.31324366159513034
CP,3,12000,60.0,13.867150228470564,0.9304537392557737,0.6735283338253086,,0.6602490222346549,0.5360798130696174,,0.0,,,,,0.004997625000000005,0.31078688288809
CP,4,12000,60.0,13.867150228470564,0.9441879781809192,0.6835283338253086,,0.6689511322653465,0.5258861003977139,,0.0,,,,,0.004997625000000005,0.3172233502922246
CP,0,12800,64.0,14.791018151678145,0.9372595030056002,0.6760283338253086,,0.6720543584375698,0.5335475674383432,,0.0,,,,,0.0050278749999999985,0.31277827430821536
CP,1,12800,64.0,14.791018151678145,0.949528385728458,0.6925283338253087,,0.6782442612559468,0.5165619118901754,,0.0,,,,,0.0050278749999999985,0.3196302625550098
CP,2,12800,64.0,14.791018151678145,0.9399999250373328,0.6805283338253086,,0.6748320676056151,0.5289612744109131,,0.0,,,,,0.0050278749999999985,0.3145780625187021
CP,3,12800,64.0,14.791018151678145,0.9353747109075352,0.6885283338253086,,0.6741373923802794,0.5207096969781776,,0.0,,,,,0.0050278749999999985,0.3142258814296251
CP,4,12800,64.0,14.791018151678145,0.9299486094163039,0.6825283338253086,,0.6660287987527022,0.5269067024046927,,0.0,,,,,0.0050278749999999985,0.31221458614922104
CP,0,13600,68.0,15.727967789396644,0.9364398411146179,0.6830283338253087,,0.6746410225833589,0.5263940072286765,,0.0,,,,,0.005006250000000001,0.3137781211684844
CP,1,13600,68.0,15.727967789396644,0.9337624627808883,0.6755283338253086,,0.6673516565279262,0.5340560542178604,,0.0,,,,,0.005006250000000001,0.31244711650966545
CP,2,13600,68.0,15.727967789396644,0.9323380770549745,0.6855283338253086,,0.6704174365027713,0.5238162490110465,,0.0,,,,,0.005006250000000001,0.31342124393041415
CP,3,13600,68.0,15.727967789396644,0.9218233562425495,0.6655283338253086,,0.6596696595420268,0.5441141467588801,,0.0,,,,,0.005006250000000001,0.3074048309905604
CP,4,13600,68.0,15.727967789396644,0.9355583998884978,0.6715283338253086,,0.6673346145861527,0.538101492661681,,0.0,,,,,0.005006250000000001,0.3118550102659244
CP,0,14400,72.0,16.658456315286458,0.9374257462240174,0.6965283338253085,,0.682029239036596,0.5123540854193622,,0.0,,,,,0.004994875000000001,0.3142617870421486
CP,1,14400,72.0,16.658456315286458,0.9371031724146108,0.6790283338253087,,0.6707678545271347,0.5304954984704049,,0.0,,,,,0.004994875000000001,0.3137241202893718
CP,2,14400,72.0,16.658456315286458,0.946424752277825,0.6950283338253087,,0.6784725560984538,0.5139383687161527,,0.0,,,,,0.004994875000000001,0.3182283651895078
CP,3,14400,72.0,16.658456315286458,0.9283381094482964,0.6845283338253086,,0.6736545862381252,0.5248426511508877,,0.0,,,,,0.004994875000000001,0.31152477591048733
CP,4,14400,72.0,16.658456315286458,0.9488210788959568,0.6945283338253085,,0.6824922753048723,0.5144651604430138,,0.0,,,,,0.004994875000000001,0.31887634958532335
CP,0,15200,76.0,17.590359531342983,0.9443771373955637,0.7015283338253087,,0.6845793139112595,0.5070821808221231,,0.0,,,,,0.005009125000000002,0.3183112546565745
CP,1,15200,76.0,17.590359531342983,0.9258974000315723,0.6790283338253086,,0.6683283229955769,0.5304808754336644,,0.0,,,,,0.005009125000000002,0.3097854037280557
CP,2,15200,76.0,17.590359531342983,0.9178409848170166,0.6645283338253085,,0.6650891539472513,0.5451108960018298,,0.0,,,,,0.005009125000000002,0.3055779563754312
CP,3,15200,76.0,17.590359531342983,0.9252185142957726,0.6670283338253087,,0.6568395462911927,0.5426147121281535,,0.0,,,,,0.005009125000000002,0.3092793552421058
CP,4,15200,76.0,17.590359531342983,0.9306623097074352,0.6845283338253086,,0.668593207430895,0.5248448105285219,,0.0,,,,,0.005009125000000002,0.31174756470974163
CP,0,16000,80.0,18.523110007867217,0.9283627863992832,0.6720283338253086,,0.6674605535429883,0.5375931390193234,,0.0,,,,,0.0050374999999999925,0.30981769492658756
CP,1,16000,80.0,18.523110007867217,0.9274732736526765,0.6840283338253086,,0.6662598314271154,0.525358067648982,,0.0,,,,,0.0050374999999999925,0.3112716745064802
CP,2,16000,80.0,18.523110007867217,0.9425887416562148,0.6940283338253086,,0.6795438724815404,0.5149821496700354,,0.0,,,,,0.0050374999999999925,0.3160306226041375
CP,3,16000,80.0,18.523110007867217,0.9254459835455049,0.6780283338253086,,0.6625636186757391,0.5314996319847533,,0.0,,,,,0.0050374999999999925,0.3090685465801118
CP,4,16000,80.0,18.523110007867217,0.9271243587832934,0.6805283338253086,,0.6634165894342654,0.5289469813212904,,0.0,,,,,0.0050374999999999925,0.3099803797871267
CP,0,16800,84.0,19.45372846443206,0.9349366495668195,0.6820283338253086,,0.6681886829888405,0.5274186070435531,,0.0,,,,,0.004992000000000005,0.3132006257465519
CP,1,16800,84.0,19.45372846443206,0.937612161970383,0.6775283338253086,,0.6675772877139247,0.5320223913342301,,0.0,,,,,0.004992000000000005,0.31361821524543726
CP,2,16800,84.0,19.45372846443206,0.9434906102145514,0.7000283338253087,,0.6832008711356812,0.508662795307487,,0.0,,,,,0.004992000000000005,0.3169117179713354
CP,3,16800,84.0,19.45372846443206,0.9359733015869094,0.6800283338253086,,0.6673162931297933,0.52946865863822,,0.0,,,,,0.004992000000000005,0.31395358574880844
CP,4,16800,84.0,19.45372846443206,0.9355219499218251,0.6840283338253086,,0.6686637869937593,0.5253673071784719,,0.0,,,,,0.004992000000000005,0.31329763560313517
CP,0,17600,88.0,20.39078088197857,0.9329527949893349,0.6705283338253085,,0.6619403452284199,0.5391037925722129,,0.0,,,,,0.004965250000000003,0.3118308037933982
CP,1,17600,88.0,20.39078088197857,0.941464787736876,0.7015283338253087,,0.6880155238024206,0.5070783811881362,,0.0,,,,,0.004965250000000003,0.3174088135331374
CP,2,17600,88.0,20.39078088197857,0.9366345123073745,0.6685283338253086,,0.6666230052405244,0.5411205408000618,,0.0,,,,,0.004965250000000003,0.3123622745104238
CP,3,17600,88.0,20.39078088197857,0.933498412977749,0.6835283338253086,,0.6725696040913267,0.5258762749337733,,0.0,,,,,0.004965250000000003,0.31263945796983555
CP,4,17600,88.0,20.39078088197857,0.9394535259587684,0.6860283338253087,,0.6731406512410066,0.5233062172354328,,0.0,,,,,0.004965250000000003,0.3153006271053343
CP,0,18400,92.0,21.309968253597617,0.9378338055834964,0.6900283338253086,,0.6725725179273099,0.5191563194673785,,0.0,,,,,0.004950875000000004,0.3146888681748315
CP,1,18400,92.0,21.309968253597617,0.9299435020334416,0.6805283338253085,,0.6611061406619635,0.5289534949716109,,0.0,,,,,0.004950875000000004,0.3113700842659033
CP,2,18400,92.0,21.309968253597617,0.9338924939315353,0.6940283338253086,,0.6734374337919302,0.5149750522098799,,0.0,,,,,0.004950875000000004,0.31430859121554194
CP,3,18400,92.0,21.309968253597617,0.9408405628188229,0.6845283338253086,,0.6761427187903846,0.5248543456641643,,0.0,,,,,0.004950875000000004,0.31518817089964146
CP,4,18400,92.0,21.309968253597617,0.9221757795756014,0.6795283338253086,,0.6659557933055361,0.5299712201394438,,0.0,,,,,0.004950875000000004,0.3093187986599092
CP,0,19200,96.0,22.233896708115935,0.9329204158254712,0.6710283338253087,,0.6616633767279334,0.5386055214768348,,0.0,,,,,0.004987624999999996,0.31172221248493515
CP,1,19200,96.0,22.233896708115935,0.9363079663642695,0.6880283338253086,,0.6743418893194548,0.5212332246196658,,0.0,,,,,0.004987624999999996,0.3142820683990072
CP,2,19200,96.0,22.233896708115935,0.9413983239361444,0.6920283338253087,,0.6843377768287499,0.5170782219117263,,0.0,,,,,0.004987624999999996,0.3160908732251042
CP,3,19200,96.0,22.233896708115935,0.9397890440564042,0.6945283338253087,,0.6805888581793849,0.5144561092638408,,0.0,,,,,0.004987624999999996,0.3162675602152117
CP,4,19200,96.0,22.233896708115935,0.9341469893640939,0.6735283338253086,,0.6652167450523276,0.5360780330902515,,0.0,,,,,0.004987624999999996,0.31252410096548416
CP,0,20000,100.0,23.15386589989066,0.9230605604104767,0.6625283338253086,,0.658006756461089,0.547105364749163,,0.0,,,,,0.005021874999999996,0.30734108915939906
CP,1,20000,100.0,23.15386589989066,0.9286940250801036,0.6860283338253086,,0.6667777971401408,0.5232945076248129,,0.0,,,,,0.005021874999999996,0.31160378370803943
CP,2,20000,100.0,23.15386589989066,0.9492969603103013,0.7015283338253087,,0.6839655190748024,0.5070801140844141,,0.0,,,,,0.005021874999999996,0.31954073036645797
CP,3,20000,100.0,23.15386589989066,0.9393943135824928,0.6870283338253087,,0.6722561111602605,0.5222637026642127,,0.0,,,,,0.005021874999999996,0.3143135856250361
CP,4,20000,100.0,23.15386589989066,0.9324187001775572,0.6760283338253086,,0.6677871348417148,0.5335461553367156,,0.0,,,,,0.005021874999999996,0.3117538343440909
CP,0,20800,104.0,24.071140080690384,0.9340081463323415,0.6765283338253086,,0.6669278135031598,0.5330397151082982,,0.0,,,,,0.0049833749999999965,0.31234402544846035
CP,1,20800,104.0,24.071140080690384,0.9438584386584662,0.6975283338253087,,0.6836295542686527,0.5113075542791725,,0.0,,,,,0.0049833749999999965,0.3171597451771033
CP,2,20800,104.0,24.071140080690384,0.9345509302857562,0.6800283338253087,,0.6707562458199893,0.5294683044512589,,0.0,,,,,0.0049833749999999965,0.3134556497058497
CP,3,20800,104.0,24.071140080690384,0.9145628852206485,0.6670283338253087,,0.6548285053174208,0.5426051366448632,,0.0,,,,,0.0049833749999999965,0.30479055720152687
CP,4,20800,104.0,24.071140080690384,0.927808894537361,0.6800283338253086,,0.6681053511652644,0.5294633027482838,,0.0,,,,,0.0049833749999999965,0.31057491983878066
CP,0,21600,108.0,24.98790971096605,0.9299990230721252,0.6750283338253087,,0.6677638332031746,0.534558100736618,,0.0,,,,,0.004970499999999996,0.310589772539045
CP,1,21600,108.0,24.98790971096605,0.932820653430749,0.6790283338253087,,0.6732488218197438,0.5304951499427539,,0.0,,,,,0.004970499999999996,0.3120891013118735
CP,2,21600,108.0,24.98790971096605,0.9542268549890249,0.7025283338253085,,0.6833387383447924,0.5060268625125797,,0.0,,,,,0.004970499999999996,0.32163930163995635
CP,3,21600,108.0,24.98790971096605,0.9251520288476724,0.6800283338253087,,0.6648042996408535,0.5294582191268518,,0.0,,,,,0.004970499999999996,0.31012067887037364
CP,4,21600,108.0,24.98790971096605,0.9395047925567367,0.6935283338253087,,0.6806407490651258,0.5155070257321357,,0.0,,,,,0.004970499999999996,0.31542922419660185
CP,0,22400,112.0,25.912407414987683,0.9286194150386928,0.6775283338253086,,0.6657449150895026,0.5320134770253132,,0.0,,,,,0.0050193749999999995,0.310403670799367
CP,1,22400,112.0,25.912407414987683,0.9358386123084532,0.6940283338253086,,0.6721119368438496,0.5149779106554505,,0.0,,,,,0.0050193749999999995,0.31426176555655666
CP,2,22400,112.0,25.912407414987683,0.9299064619264782,0.6780283338253086,,0.6682035981038286,0.5315097388829725,,0.0,,,,,0.0050193749999999995,0.31130942797017314
CP,3,22400,112.0,25.912407414987683,0.932842077362366,0.6780283338253086,,0.6689918305703476,0.5315093835439937,,0.0,,,,,0.0050193749999999995,0.3120780918122259
CP,4,22400,112.0,25.912407414987683,0.9257786161691789,0.6645283338253086,,0.6605997562602698,0.5451119869106296,,0.0,,,,,0.0050193749999999995,0.3080662476802575
CP,0,23200,116.0,26.85411679558456,0.9370386264155198,0.6800283338253086,,0.6690792543419356,0.5294700713308232,,0.0,,,,,0.004967750000000002,0.3138497530369148
CP,1,23200,116.0,26.85411679558456,0.9414665877807695,0.7035283338253087,,0.681370154380745,0.5049449018482841,,0.0,,,,,0.004967750000000002,0.3167140776392217
CP,2,23200,116.0,26.85411679558456,0.9413452502397894,0.6905283338253085,,0.6735919924959215,0.518634572156541,,0.0,,,,,0.004967750000000002,0.3161800952817311
CP,3,23200,116.0,26.85411679558456,0.9224686204388133,0.6810283338253086,,0.6607575039784795,0.5284294149328923,,0.0,,,,,0.004967750000000002,0.3084221897005957
CP,4,23200,116.0,26.85411679558456,0.9339019210823196,0.6930283338253087,,0.6744928159091392,0.5160236995357614,,0.0,,,,,0.004967750000000002,0.3137073167471256
CP,0,24000,120.0,27.773377237841487,0.9173839118536884,0.6715283338253086,,0.6564592131475173,0.5380802934657036,,0.0,,,,,0.004975750000000006,0.30666003707079637
CP,1,24000,120.0,27.773377237841487,0.9402127094769711,0.6980283338253086,,0.6812765817441649,0.5107835538410284,,0.0,,,,,0.004975750000000006,0.31634156055469365
CP,2,24000,120.0,27.773377237841487,0.9382821828483247,0.6920283338253086,,0.6771729865633875,0.5170761431947819,,0.0,,,,,0.004975750000000006,0.31599868289254657
CP,3,24000,120.0,27.773377237841487,0.9132076405678026,0.6695283338253086,,0.6516519526831004,0.5401003002358911,,0.0,,,,,0.004975750000000006,0.30517037110918094
CP,4,24000,120.0,27.773377237841487,0.9518508004855227,0.6985283338253085,,0.6842143436611358,0.5102573517062623,,0.0,,,,,0.004975750000000006,0.32024598581736097
CP,0,24800,124.0,28.702628653496504,0.9366019691221404,0.6845283338253085,,0.6798820059011231,0.5248437327136751,,0.0,,,,,0.005029125000000007,0.3126638354087209
CP,1,24800,124.0,28.702628653496504,0.9464075199079772,0.6815283338253086,,0.6779209445360727,0.52793782775697,,0.0,,,,,0.005029125000000007,0.31608304145051414
CP,2,24800,124.0,28.702628653496504,0.9365173434877001,0.6775283338253086,,0.6712984541804771,0.5320216875966526,,0.0,,,,,0.005029125000000007,0.3135667670147019
CP,3,24800,124.0,28.702628653496504,0.9248958584512418,0.6710283338253087,,0.6596017092335703,0.5385921664769899,,0.0,,,,,0.005029125000000007,0.30833110251499424
CP,4,24800,124.0,28.702628653496504,0.9380076588460099,0.6850283338253087,,0.6676759280134283,0.5243339476826347,,0.0,,,,,0.005029125000000007,0.3152367481507596
CP,0,25600,128.0,29.627313007600605,0.9444646127481114,0.6820283338253086,,0.672506894539997,0.5274287413995356,,0.0,,,,,0.004981499999999995,0.31646583256586336
CP,1,25600,128.0,29.627313007600605,0.9363716232078156,0.6890283338253087,,0.6738905244234477,0.5201977624421811,,0.0,,,,,0.004981499999999995,0.31516596147719356
CP,2,25600,128.0,29.627313007600605,0.9473765410294412,0.7025283338253085,,0.6899728676032685,0.5060241639809675,,0.0,,,,,0.004981499999999995,0.3193611823841779
CP,3,25600,128.0,29.627313007600605,0.9373276234979722,0.6885283338253085,,0.6672380507913297,0.5207146626221315,,0.0,,,,,0.004981499999999995,0.314329554843398
CP,4,25600,128.0,29.627313007600605,0.9467065271043521,0.6960283338253087,,0.674334619560017,0.5128899684104415,,0.0,,,,,0.004981499999999995,0.3188355563468208
CP,0,26400,132.0,30.554239832796156,0.9431719254154732,0.6910283338253087,,0.6742621167955296,0.518122848161185,,0.0,,,,,0.005003,0.3168348243078264
CP,1,26400,132.0,30.554239832796156,0.9365945629969985,0.6770283338253087,,0.6728786237681583,0.5325359755077491,,0.0,,,,,0.005003,0.31341182006802
CP,2,26400,132.0,30.554239832796156,0.933570677411222,0.6840283338253086,,0.6617064650157489,0.5253644935271429,,0.0,,,,,0.005003,0.3139385877986026
CP,3,26400,132.0,30.554239832796156,0.9247240619091935,0.6660283338253086,,0.6519547932447671,0.5436131643636655,,0.0,,,,,0.005003,0.30825115758225347
CP,4,26400,132.0,30.554239832796156,0.9274136593805108,0.6745283338253086,,0.6568508933410101,0.5350628919186584,,0.0,,,,,0.005003,0.31037986206814994
CP,0,27200,136.0,31.48011873755604,0.9281568230688099,0.6790283338253086,,0.6634206013131992,0.5304895190220981,,0.0,,,,,0.0050203749999999945,0.3114410966158565
CP,1,27200,136.0,31.48011873755604,0.9256566118961171,0.6690283338253086,,0.6598745245683435,0.5406000771869099,,0.0,,,,,0.0050203749999999945,0.30818620084168385
CP,2,27200,136.0,31.48011873755604,0.9244472468324575,0.6760283338253086,,0.6682451066676464,0.5335368157666608,,0.0,,,,,0.0050203749999999945,0.3090319463503089
CP,3,27200,136.0,31.48011873755604,0.9351760068246058,0.6935283338253087,,0.6759852739273695,0.5154996033750978,,0.0,,,,,0.0050203749999999945,0.31433841837217397
CP,4,27200,136.0,31.48011873755604,0.9374095636305723,0.6915283338253086,,0.6737627902103137,0.5175900760201293,,0.0,,,,,0.0050203749999999945,0.31479479297868473
CP,0,28000,140.0,32.40524855069816,0.941918570034206,0.6840283338253086,,0.6735704794810985,0.525370095341766,,0.0,,,,,0.005010750000000003,0.3157409471189762
CP,1,28000,140.0,32.40524855069816,0.9279337025026699,0.6745283338253086,,0.6633834448565722,0.53505781086262,,0.0,,,,,0.005010750000000003,0.3100139596977303
CP,2,28000,140.0,32.40524855069816,0.9407942257233702,0.6840283338253086,,0.6692116886950031,0.5253683557067739,,0.0,,,,,0.005010750000000003,0.31603133463873656
CP,3,28000,140.0,32.40524855069816,0.9333401784686978,0.6785283338253085,,0.6627799934413059,0.5310030214853063,,0.0,,,,,0.005010750000000003,0.3122159751205213
CP,4,28000,140.0,32.40524855069816,0.935654325627113,0.6885283338253085,,0.6742175276843108,0.520711834854334,,0.0,,,,,0.005010750000000003,0.314223122308982
CP,0,28800,144.0,33.32961889449507,0.9314005281069101,0.6690283338253087,,0.665444902878948,0.5406128867977786,,0.0,,,,,0.005022874999999999,0.31054874335634997
CP,1,28800,144.0,33.32961889449507,0.9274625253717017,0.6685283338253085,,0.6630220633393118,0.5411068682180789,,0.0,,,,,0.005022874999999999,0.308630665101337
CP,2,28800,144.0,33.32961889449507,0.9128853990554819,0.6620283338253087,,0.6541019943171976,0.5475869531936705,,0.0,,,,,0.005022874999999999,0.30377220398366417
CP,3,28800,144.0,33.32961889449507,0.9318281864924673,0.6665283338253086,,0.6705422727887511,0.543115775028632,,0.0,,,,,0.005022874999999999,0.30886518569018967
CP,4,28800,144.0,33.32961889449507,0.960632470078471,0.6945283338253085,,0.6839853496524989,0.51447261626306,,0.0,,,,,0.005022874999999999,0.3223917928789434
CP,0,29600,148.0,34.25306546874344,0.9149599033123875,0.6750283338253087,,0.6607882057571246,0.5345400705162294,,0.0,,,,,0.004950500000000002,0.30569120640744446
CP,1,29600,148.0,34.25306546874344,0.9187725265814137,0.6765283338253086,,0.6567492361659107,0.5330267820307504,,0.0,,,,,0.004950500000000002,0.30750831239515564
CP,2,29600,148.0,34.25306546874344,0.9274566878119216,0.6790283338253086,,0.6643032775375071,0.5304794111799054,,0.0,,,,,0.004950500000000002,0.30976488799659496
CP,3,29600,148.0,34.25306546874344,0.9344420282443543,0.6805283338253085,,0.6711106051418472,0.5289549240753659,,0.0,,,,,0.004950500000000002,0.31331567285013456
CP,4,29600,148.0,34.25306546874344,0.9362566309212829,0.6885283338253086,,0.6690853011107308,0.5207100543140923,,0.0,,,,,0.004950500000000002,0.31551928675605917
CP,0,30400,152.0,35.19051233679056,0.9265747891941466,0.6675283338253086,,0.6569993541100786,0.5421146911705984,,0.0,,,,,0.004982375000000004,0.309506157284498
CP,1,30400,152.0,35.19051233679056,0.9318668244692485,0.6755283338253086,,0.6625931799298447,0.5340588525120891,,0.0,,,,,0.004982375000000004,0.31220892795763705
CP,2,30400,152.0,35.19051233679056,0.9361422162662306,0.6795283338253086,,0.6673441852873696,0.5299819506260951,,0.0,,,,,0.004982375000000004,0.31321538744807353
CP,3,30400,152.0,35.19051233679056,0.9466741290428526,0.7045283338253086,,0.6818603033648487,0.5038850323526852,,0.0,,,,,0.004982375000000004,0.31952271192860915
CP,4,30400,152.0,35.19051233679056,0.9170608012209198,0.6665283338253085,,0.6530321559780374,0.5431062226553756,,0.0,,,,,0.004982375000000004,0.3056407307500483
CP,0,31200,156.0,36.12115590274334,0.9282822453813656,0.6840283338253087,,0.6762171323079568,0.5253577067263125,,0.0,,,,,0.005001125000000002,0.3107546698346422
CP,1,31200,156.0,36.12115590274334,0.9387270638599993,0.6795283338253086,,0.6667231435489133,0.5299808941913199,,0.0,,,,,0.005001125000000002,0.31453704903517
CP,2,31200,156.0,36.12115590274334,0.9516703260438956,0.7070283338253086,,0.6879951537500533,0.5012227406804245,,0.0,,,,,0.005001125000000002,0.32154018424823905
CP,3,31200,156.0,36.12115590274334,0.9207891351148796,0.6775283338253086,,0.6580543429682556,0.5320072655436406,,0.0,,,,,0.005001125000000002,0.30855260515816374
CP,4,31200,156.0,36.12115590274334,0.928873751983091,0.6735283338253086,,0.6619626344934616,0.5360783899099715,,0.0,,,,,0.005001125000000002,0.3103306009816706
CP,0,32000,160.0,37.046537136659026,0.9318973052300223,0.6885283338253085,,0.6659281441553196,0.520710411239681,,0.0,,,,,0.004959874999999998,0.313447730171147
CP,1,32000,160.0,37.046537136659026,0.9218776311235621,0.6750283338253086,,0.6625824220549372,0.5345501342663782,,0.0,,,,,0.004959874999999998,0.30784185405125986
CP,2,32000,160.0,37.046537136659026,0.9387487856092338,0.6805283338253085,,0.6678083037370085,0.5289605752541642,,0.0,,,,,0.004959874999999998,0.3146598563890242
CP,3,32000,160.0,37.046537136659026,0.9261748536518027,0.6760283338253086,,0.6612493366822245,0.5335418797700535,,0.0,,,,,0.004959874999999998,0.310673291522855
CP,4,32000,160.0,37.046537136659026,0.9231292120639994,0.6660283338253086,,0.6604680266112642,0.5436127993853486,,0.0,,,,,0.004959874999999998,0.30750300552825505
CP,0,32800,164.0,37.96897160075605,0.9289600751501383,0.6770283338253087,,0.6640961820322817,0.5325214394447997,,0.0,,,,,0.004987500000000005,0.3103477493684106
CP,1,32800,164.0,37.96897160075605,0.9295249348992475,0.6770283338253087,,0.6642018161487124,0.5325221646184177,,0.0,,,,,0.004987500000000005,0.31026836407438985
CP,2,32800,164.0,37.96897160075605,0.9378596674945016,0.6845283338253085,,0.6785129710258139,0.5248480216990391,,0.0,,,,,0.004987500000000005,0.3138673143763052
CP,3,32800,164.0,37.96897160075605,0.9605604821414778,0.7055283338253087,,0.6990096432847376,0.5028312787439,,0.0,,,,,0.004987500000000005,0.32323394467827443
CP,4,32800,164.0,37.96897160075605,0.9282699247352187,0.6570283338253087,,0.6571399422510622,0.5525476782331966,,0.0,,,,,0.004987500000000005,0.30784322140746767
CP,0,33600,168.0,38.89601768646389,0.9275773470105121,0.6720283338253086,,0.6688446647093504,0.5375855324375447,,0.0,,,,,0.005013000000000001,0.30869505571274836
CP,1,33600,168.0,38.89601768646389,0.9146121670054602,0.6610283338253086,,0.6560267432023769,0.5485814349659255,,0.0,,,,,0.005013000000000001,0.30396943105421226
CP,2,33600,168.0,38.89601768646389,0.933117016343867,0.6680283338253087,,0.6693513953744272,0.5416217499629676,,0.0,,,,,0.005013000000000001,0.3115638132191225
CP,3,33600,168.0,38.89601768646389,0.9384867077706716,0.6940283338253087,,0.6745315502272331,0.5149842476373692,,0.0,,,,,0.005013000000000001,0.31596667247604343
CP,4,33600,168.0,38.89601768646389,0.9234854123485576,0.6715283338253086,,0.6608163256599691,0.5380925320263031,,0.0,,,,,0.005013000000000001,0.30829924759019767
CP,0,34400,172.0,39.82592164259404,0.9443238564840549,0.6990283338253087,,0.6782363867055154,0.5097262087194094,,0.0,,,,,0.005042499999999997,0.31868971438042554
CP,1,34400,172.0,39.82592164259404,0.9158639845700488,0.6560283338253086,,0.6521402516168011,0.5535258287124334,,0.0,,,,,0.005042499999999997,0.3052379883093866
CP,2,34400,172.0,39.82592164259404,0.9303977770725448,0.6800283338253086,,0.6687409498470421,0.5294607713156119,,0.0,,,,,0.005042499999999997,0.3110553562031016
CP,3,34400,172.0,39.82592164259404,0.9220063851486064,0.6755283338253086,,0.660739444906564,0.534041300104503,,0.0,,,,,0.005042499999999997,0.30836272241088475
CP,4,34400,172.0,39.82592164259404,0.9278322431358109,0.6785283338253086,,0.6641943502216059,0.5309911983968642,,0.0,,,,,0.005042499999999997,0.31049998993727856
CP,0,35200,176.0,40.74604860600084,0.9324470899080276,0.6795283338253086,,0.6661896386292693,0.5299766318787529,,0.0,,,,,0.004980875,0.3127253802197654
CP,1,35200,176.0,40.74604860600084,0.9200788053695446,0.6620283338253086,,0.6521575364060475,0.547594052249073,,0.0,,,,,0.004980875,0.30670065391232
CP,2,35200,176.0,40.74604860600084,0.929863929652678,0.6765283338253086,,0.6681887977803994,0.5330336751153435,,0.0,,,,,0.004980875,0.3106641517224209
CP,3,35200,176.0,40.74604860600084,0.921745780159331,0.6710283338253086,,0.6622152385421728,0.5385895738807904,,0.0,,,,,0.004980875,0.30715337959832334
CP,4,35200,176.0,40.74604860600084,0.9322549947654477,0.6875283338253086,,0.6739299718650471,0.5217460223294631,,0.0,,,,,0.004980875,0.31314356361607165
CP,0,36000,180.0,41.666653958149254,0.9161359182180171,0.6705283338253085,,0.6543596665035628,0.539093561957476,,0.0,,,,,0.005006375000000002,0.3056557470312237
CP,1,36000,180.0,41.666653958149254,0.9232600106403157,0.6685283338253085,,0.6651595859849319,0.5411083362610901,,0.0,,,,,0.005006375000000002,0.3078867756067482
CP,2,36000,180.0,41.666653958149254,0.9168651554000116,0.6760283338253087,,0.6627529389426241,0.533531296998439,,0.0,,,,,0.005006375000000002,0.3064120489507299
CP,3,36000,180.0,41.666653958149254,0.9422546981488628,0.6770283338253087,,0.6694230320088609,0.5325383898497931,,0.0,,,,,0.005006375000000002,0.3149147692428505
CP,4,36000,180.0,41.666653958149254,0.935680795798142,0.6810283338253087,,0.6725425474776658,0.5284460838771248,,0.0,,,,,0.005006375000000002,0.31351986926417114
CP,0,36800,184.0,42.59422365296632,0.9194397610510211,0.6660283338253087,,0.6535640327163538,0.5436094950977913,,0.0,,,,,0.005010499999999998,0.3075774637369409
CP,1,36800,184.0,42.59422365296632,0.9360740308207022,0.6820283338253087,,0.6716862524652966,0.5274221395193736,,0.0,,,,,0.005010499999999998,0.31333014274712434
CP,2,36800,184.0,42.59422365296632,0.9334087635242906,0.6835283338253086,,0.6705451938557712,0.5258798200997812,,0.0,,,,,0.005010499999999998,0.313317025012776
CP,3,36800,184.0,42.59422365296632,0.9439745628359931,0.6955283338253087,,0.6860991831346975,0.513412147594437,,0.0,,,,,0.005010499999999998,0.31734080090547917
CP,4,36800,184.0,42.59422365296632,0.9445242605749204,0.6880283338253086,,0.6745809014602663,0.5212374181234773,,0.0,,,,,0.005010499999999998,0.3169764310014071
CP,0,37600,188.0,43.538332673721015,0.9176223159905286,0.6545283338253086,,0.6455318938911281,0.5549934600125931,,0.0,,,,,0.005046625000000005,0.3043310509999268
CP,1,37600,188.0,43.538332673721015,0.9147182111799409,0.6625283338253086,,0.6466869071767672,0.547093999713723,,0.0,,,,,0.005046625000000005,0.30544742649783707
CP,2,37600,188.0,43.538332673721015,0.9110014393944615,0.6655283338253086,,0.6574443450831708,0.5441038115407584,,0.0,,,,,0.005046625000000005,0.30368516439812526
CP,3,37600,188.0,43.538332673721015,0.9402010812460968,0.6840283338253087,,0.6709588254715446,0.5253676570851793,,0.0,,,,,0.005046625000000005,0.31551371606871675
CP,4,37600,188.0,43.538332673721015,0.9442719478023756,0.6995283338253087,,0.6811586359213809,0.5091977087184565,,0.0,,,,,0.005046625000000005,0.31817226265293824
CP,0,38400,192.0,44.45896779745817,0.9315439312218589,0.6745283338253086,,0.6670233356251167,0.5350693043860313,,0.0,,,,,0.005003499999999993,0.3117473147836435
CP,1,38400,192.0,44.45896779745817,0.927283088005573,0.6730283338253086,,0.6623662324987274,0.5365812135153498,,0.0,,,,,0.005003499999999993,0.30937185165702336
CP,2,38400,192.0,44.45896779745817,0.9205296421484906,0.6565283338253086,,0.6557381349852928,0.5530389540022824,,0.0,,,,,0.005003499999999993,0.30673201389440435
CP,3,38400,192.0,44.45896779745817,0.925252957214791,0.6770283338253087,,0.6675869095271986,0.5325192537210082,,0.0,,,,,0.005003499999999993,0.30957932828149215
CP,4,38400,192.0,44.45896779745817,0.9302322146488243,0.6825283338253086,,0.6729105496129344,0.5269052844879667,,0.0,,,,,0.005003499999999993,0.3119561199525234
CP,0,39200,196.0,45.377485900186,0.937156259202262,0.6825283338253086,,0.6649178815776229,0.5269063485350579,,0.0,,,,,0.005013124999999996,0.31413424038404025
CP,1,39200,196.0,45.377485900186,0.937352002553745,0.6905283338253086,,0.6771385057445348,0.518634925490532,,0.0,,,,,0.005013124999999996,0.31502662830600425
CP,2,39200,196.0,45.377485900186,0.9254448073959455,0.6720283338253086,,0.6682196681718986,0.5375866305846126,,0.0,,,,,0.005013124999999996,0.30837831965984325
CP,3,39200,196.0,45.377485900186,0.9349869737946369,0.6755283338253086,,0.6670841573368205,0.5340539386061173,,0.0,,,,,0.005013124999999996,0.3121590616896382
CP,4,39200,196.0,45.377485900186,0.9328095538644301,0.6860283338253086,,0.6731805367367139,0.5232937835555397,,0.0,,,,,0.005013124999999996,0.31148122525135596
CP,0,40000,200.0,46.29466955270618,0.9426411601485628,0.6865283338253086,,0.6676124707733979,0.5227928782925992,,0.0,,,,,0.004996625000000004,0.3164544707980713
CP,1,40000,200.0,46.29466955270618,0.9296199972702389,0.6835283338253086,,0.6693128382001485,0.5258748454221698,,0.0,,,,,0.004996625000000004,0.3111207160586773
CP,2,40000,200.0,46.29466955270618,0.936665659084692,0.6790283338253087,,0.6683069224823102,0.5304934013356382,,0.0,,,,,0.004996625000000004,0.31374765604417915
CP,3,40000,200.0,46.29466955270618,0.9370292588224908,0.6880283338253086,,0.6783477777710871,0.5212296860278204,,0.0,,,,,0.004996625000000004,0.31395845578324577
CP,4,40000,200.0,46.29466955270618,0.9256935225032744,0.6765283338253086,,0.6701244786405578,0.5330318759328225,,0.0,,,,,0.004996625000000004,0.30963881557136413
LSC-CP,0,800,4.0,4.460870435461402,0.5556278170542084,0.2820283338253086,,0.42584301209190617,0.8441018972238531,,0.0,1.0000000000000002e-06,1543.2393581451815,,,0.004971999999999997,0.20854932764480563
LSC-CP,1,800,4.0,4.460870435461402,0.564737348677252,0.29252833382530863,,0.45045503056213465,0.8374690789817741,,0.0,1.0000000000000002e-06,1543.2393581451815,,,0.004971999999999997,0.21502576297648385
LSC-CP,2,800,4.0,4.460870435461402,0.5382945563479543,0.2790283338253086,,0.41633779450840847,0.845966024729526,,0.0,1.0000000000000002e-06,1543.2393581451815,,,0.004971999999999997,0.2092422962333883
LSC-CP,3,800,4.0,4.460870435461402,0.5427990641715242,0.2650283338253086,,0.43068307055934263,0.8547016215896311,,0.0,1.0000000000000002e-06,1543.2393581451815,,,0.004971999999999997,0.2119345281683369
LSC-CP,4,800,4.0,4.460870435461402,0.5446625307087416,0.2730283338253086,,0.4359804917754276,0.8497343357887162,,0.0,1.0000000000000002e-06,1543.2393581451815,,,0.004971999999999997,0.20744294831635643
LSC-CP,0,1600,8.0,8.944597788155079,0.43343279116263167,0.21002833382530864,,0.39075532331909063,0.8877606757616326,,0.0,3.7500000000000006e-07,979.769184051696,,,0.004991874999999996,0.18561380994442409
LSC-CP,1,1600,8.0,8.944597788155079,0.44557202142246455,0.2075283338253086,,0.393902282131894,0.8892632070954205,,0.0,3.7500000000000006e-07,979.769184051696,,,0.004991874999999996,0.19167083611425295
LSC-CP,2,1600,8.0,8.944597788155079,0.44459737710860614,0.2045283338253086,,0.40167453527799624,0.8910139365131805,,0.0,3.7500000000000006e-07,979.769184051696,,,0.004991874999999996,0.19375397099004144
LSC-CP,3,1600,8.0,8.944597788155079,0.43237958433684925,0.2065283338253086,,0.3854557078306527,0.8898155351931698,,0.0,3.7500000000000006e-07,979.769184051696,,,0.004991874999999996,0.18404106302059112
LSC-CP,4,1600,8.0,8.944597788155079,0.42215812442333994,0.1985283338253086,,0.3721785846446066,0.89448874612649,,0.0,3.7500000000000006e-07,979.769184051696,,,0.004991874999999996,0.18611472024364997
LSC-CP,0,2400,12.0,13.43084136210382,0.4316294030391698,0.2035283338253086,,0.3869446950733154,0.8915798907973986,,0.0,5.000000000000001e-07,1484.1308931071242,,,0.0049666250000000006,0.19090283737187919
LSC-CP,1,2400,12.0,13.43084136210382,0.39315442241161586,0.18102833382530864,,0.37145756648388517,0.9045574941138304,,0.0,5.000000000000001e-07,1484.1308931071242,,,0.0049666250000000006,0.17858288020899804
LSC-CP,2,2400,12.0,13.43084136210382,0.4325552367312445,0.2075283338253086,,0.3801212519706941,0.8892288255892963,,0.0,5.000000000000001e-07,1484.1308931071242,,,0.0049666250000000006,0.18125128571298935
LSC-CP,3,2400,12.0,13.43084136210382,0.4141946192898922,0.20102833382530863,,0.3798309126439308,0.8930068272822649,,0.0,5.000000000000001e-07,1484.1308931071242,,,0.0049666250000000006,0.18479026394410256
LSC-CP,4,2400,12.0,13.43084136210382,0.4283733342851753,0.1955283338253086,,0.3674235750321435,0.8962578517227231,,0.0,5.000000000000001e-07,1484.1308931071242,,,0.0049666250000000006,0.1838867725965788
LSC-CP,0,3200,16.0,17.901563650928438,0.4403881571653029,0.21502833382530864,,0.3932949056995936,0.8848179702844409,,0.0,3.7500000000000006e-07,951.8965148613134,,,0.005001625000000002,0.19385904049000827
LSC-CP,1,3200,16.0,17.901563650928438,0.4271513041211964,0.19902833382530863,,0.38965542973188755,0.894204139563797,,0.0,3.7500000000000006e-07,951.8965148613134,,,0.005001625000000002,0.1895715595195484
LSC-CP,2,3200,16.0,17.901563650928438,0.42154219939822873,0.2055283338253086,,0.37783126494221836,0.8903924377976451,,0.0,3.7500000000000006e-07,951.8965148613134,,,0.005001625000000002,0.1845574064129489
LSC-CP,3,3200,16.0,17.901563650928438,0.4504984379668061,0.21402833382530864,,0.39035162529417183,0.8854381779486279,,0.0,3.7500000000000006e-07,951.8965148613134,,,0.005001625000000002,0.19795581300609136
LSC-CP,4,3200,16.0,17.901563650928438,0.43407221446385197,0.20902833382530864,,0.382518624309346,0.88835927065263,,0.0,3.7500000000000006e-07,951.8965148613134,,,0.005001625000000002,0.18064395772432615
LSC-CP,0,4000,20.0,22.365874237380922,0.4438160824603127,0.19402833382530862,,0.37783592056871385,0.8971591652018562,,0.0,2.5000000000000004e-07,749.4005975515248,,,0.0049851249999999965,0.18812071137067904
LSC-CP,1,4000,20.0,22.365874237380922,0.43368081786957335,0.19902833382530863,,0.38546450099013385,0.8942276274646779,,0.0,2.5000000000000004e-07,749.4005975515248,,,0.0049851249999999965,0.18458109791321853
LSC-CP,2,4000,20.0,22.365874237380922,0.413204313565824,0.1985283338253086,,0.38386557158658624,0.8944628443624685,,0.0,2.5000000000000004e-07,749.4005975515248,,,0.0049851249999999965,0.1778286082231452
LSC-CP,3,4000,20.0,22.365874237380922,0.452581270688201,0.22052833382530862,,0.39301655015746517,0.8815706554816611,,0.0,2.5000000000000004e-07,749.4005975515248,,,0.0049851249999999965,0.18820261343766206
LSC-CP,4,4000,20.0,22.365874237380922,0.44709694781242926,0.22552833382530862,,0.3935531650365835,0.8785719745913089,,0.0,2.5000000000000004e-07,749.4005975515248,,,0.0049851249999999965,0.19718450276750762
LSC-CP,0,4800,24.0,26.8361692763865,0.424270851870279,0.20702833382530864,,0.394846923794745,0.8894987123935432,,0.0,7.500000000000001e-07,1240.090036460647,,,0.004973250000000001,0.19119502907865465
LSC-CP,1,4800,24.0,26.8361692763865,0.4380340448008846,0.21202833382530864,,0.40331944393102087,0.8865777566872068,,0.0,7.500000000000001e-07,1240.090036460647,,,0.004973250000000001,0.18990485033424345
LSC-CP,2,4800,24.0,26.8361692763865,0.4179838192830819,0.2005283338253086,,0.39439155775561174,0.8932912733732618,,0.0,7.500000000000001e-07,1240.090036460647,,,0.004973250000000001,0.18637454970052636
LSC-CP,3,4800,24.0,26.8361692763865,0.4356704074579565,0.20602833382530863,,0.3883129136632878,0.8901221211190272,,0.0,7.500000000000001e-07,1240.090036460647,,,0.004973250000000001,0.1914365993926334
LSC-CP,4,4800,24.0,26.8361692763865,0.4181115985122644,0.19802833382530863,,0.38772354058272307,0.8947671114662802,,0.0,7.500000000000001e-07,1240.090036460647,,,0.004973250000000001,0.1792519042186982
LSC-CP,0,5600,28.0,31.29766466189176,0.4444255121560355,0.2135283338253086,,0.3825436591785548,0.8857080236419164,,0.0,3.7500000000000006e-07,906.0395423730488,,,0.005003624999999999,0.19348411102944346
LSC-CP,1,5600,28.0,31.29766466189176,0.43337593285734743,0.20902833382530864,,0.3975676033410461,0.8883486869848656,,0.0,3.7500000000000006e-07,906.0395423730488,,,0.005003624999999999,0.18989813815051942
LSC-CP,2,5600,28.0,31.29766466189176,0.41737845179033023,0.19002833382530862,,0.3766697010706417,0.8994290862726697,,0.0,3.7500000000000006e-07,906.0395423730488,,,0.005003624999999999,0.18639665423138613
LSC-CP,3,5600,28.0,31.29766466189176,0.45827441569025407,0.20702833382530864,,0.3844771107154642,0.8895901238348228,,0.0,3.7500000000000006e-07,906.0395423730488,,,0.005003624999999999,0.1931343355406354
LSC-CP,4,5600,28.0,31.29766466189176,0.44871203910086793,0.21202833382530864,,0.3892006094297803,0.886616608122238,,0.0,3.7500000000000006e-07,906.0395423730488,,,0.005003624999999999,0.19252839907775607
LSC-CP,0,6400,32.0,35.78410391602665,0.42547876613556457,0.1995283338253086,,0.3791990817776146,0.8939061633253307,,0.0,5.000000000000001e-07,992.8982132072828,,,0.005043874999999999,0.18608000308698533
LSC-CP,1,6400,32.0,35.78410391602665,0.4335348799316954,0.21502833382530864,,0.39232675939797595,0.884793122759865,,0.0,5.000000000000001e-07,992.8982132072828,,,0.005043874999999999,0.1874306010348634
LSC-CP,2,6400,32.0,35.78410391602665,0.4216284277745266,0.19602833382530863,,0.36990041223211406,0.8959534922633196,,0.0,5.000000000000001e-07,992.8982132072828,,,0.005043874999999999,0.17799036313943017
LSC-CP,3,6400,32.0,35.78410391602665,0.4323716841681221,0.19902833382530863,,0.3844399760642387,0.8942205775135308,,0.0,5.000000000000001e-07,992.8982132072828,,,0.005043874999999999,0.19045754418468536
LSC-CP,4,6400,32.0,35.78410391602665,0.42239864593840454,0.1895283338253086,,0.36462670926368007,0.899728696979388,,0.0,5.000000000000001e-07,992.8982132072828,,,0.005043874999999999,0.1810287838366862
LSC-CP,0,7200,36.0,40.28628320526332,0.43007024005419275,0.19902833382530863,,0.389527190731516,0.8942169949705698,,0.0,2.5000000000000004e-07,788.5405270786441,,,0.005014124999999999,0.18737189398286988
LSC-CP,1,7200,36.0,40.28628320526332,0.4355303289667715,0.21402833382530864,,0.38031908213591414,0.8853999113151861,,0.0,2.5000000000000004e-07,788.5405270786441,,,0.005014124999999999,0.18572576867990423
LSC-CP,2,7200,36.0,40.28628320526332,0.43005950235415336,0.2045283338253086,,0.3802371002470366,0.8909874033214802,,0.0,2.5000000000000004e-07,788.5405270786441,,,0.005014124999999999,0.1887046572418679
LSC-CP,3,7200,36.0,40.28628320526332,0.43496123940626563,0.2085283338253086,,0.38487853922729015,0.8886557098461711,,0.0,2.5000000000000004e-07,788.5405270786441,,,0.005014124999999999,0.1854584213400532
LSC-CP,4,7200,36.0,40.28628320526332,0.435017928850585,0.20502833382530863,,0.3927962726541581,0.8907045819038215,,0.0,2.5000000000000004e-07,788.5405270786441,,,0.005014124999999999,0.1864691342062293
LSC-CP,0,8000,40.0,44.759895825758576,0.4354953107017807,0.2055283338253086,,0.37172680336987723,0.8904178161913738,,0.0,2.5000000000000004e-07,884.1365919576461,,,0.004979500000000002,0.1877433899049123
LSC-CP,1,8000,40.0,44.759895825758576,0.42931006310226466,0.20302833382530863,,0.3744342949360685,0.8918803724745653,,0.0,2.5000000000000004e-07,884.1365919576461,,,0.004979500000000002,0.18654240076222106
LSC-CP,2,8000,40.0,44.759895825758576,0.4366245113156586,0.2105283338253086,,0.3817877352588066,0.8874691318148579,,0.0,2.5000000000000004e-07,884.1365919576461,,,0.004979500000000002,0.1803428492020592
LSC-CP,3,8000,40.0,44.759895825758576,0.43723297105202713,0.20802833382530864,,0.398564613364796,0.8889485591872204,,0.0,2.5000000000000004e-07,884.1365919576461,,,0.004979500000000002,0.19708307683372892
LSC-CP,4,8000,40.0,44.759895825758576,0.42744129733688835,0.20002833382530863,,0.38100503182552176,0.8936286300594434,,0.0,2.5000000000000004e-07,884.1365919576461,,,0.004979500000000002,0.18963914180530567
LSC-CP,0,8800,44.0,49.237806846387684,0.41624368281398405,0.1995283338253086,,0.38224330999371725,0.893886537710993,,0.0,7.500000000000001e-07,863.391525745371,,,0.0049795,0.1874874756926932
LSC-CP,1,8800,44.0,49.237806846387684,0.42843764926607664,0.1965283338253086,,0.379565710618339,0.8956712160444624,,0.0,7.500000000000001e-07,863.391525745371,,,0.0049795,0.1825544667392276
LSC-CP,2,8800,44.0,49.237806846387684,0.4317555555981374,0.20202833382530863,,0.3807848579169618,0.8924630581049374,,0.0,7.500000000000001e-07,863.391525745371,,,0.0049795,0.18393517157168585
LSC-CP,3,8800,44.0,49.237806846387684,0.4535003763113928,0.21302833382530864,,0.39484096641668665,0.8860236799509467,,0.0,7.500000000000001e-07,863.391525745371,,,0.0049795,0.19106721389753134
LSC-CP,4,8800,44.0,49.237806846387684,0.4315734239527583,0.21102833382530864,,0.388215479716786,0.887164972814561,,0.0,7.500000000000001e-07,863.391525745371,,,0.0049795,0.18609447088574135
LSC-CP,0,9600,48.0,53.70593852456659,0.4317341017877004,0.2045283338253086,,0.3887590487202214,0.8910018201840308,,0.0,2.5000000000000004e-07,779.7344014421263,,,0.004974000000000007,0.1907372991239785
LSC-CP,1,9600,48.0,53.70593852456659,0.45320915090751973,0.22002833382530865,,0.39449735100403044,0.8818778427028356,,0.0,2.5000000000000004e-07,779.7344014421263,,,0.004974000000000007,0.19091888845494007
LSC-CP,2,9600,48.0,53.70593852456659,0.4256215621497692,0.19902833382530863,,0.3830770081951027,0.8942003724879322,,0.0,2.5000000000000004e-07,779.7344014421263,,,0.004974000000000007,0.18587727757623979
LSC-CP,3,9600,48.0,53.70593852456659,0.44144541758007816,0.21202833382530864,,0.38451284507920414,0.8866036091416818,,0.0,2.5000000000000004e-07,779.7344014421263,,,0.004974000000000007,0.19325234000600747
LSC-CP,4,9600,48.0,53.70593852456659,0.4435025414927766,0.2055283338253086,,0.3928715062393854,0.8904281206995535,,0.0,2.5000000000000004e-07,779.7344014421263,,,0.004974000000000007,0.19126874609587427
LSC-CP,0,10400,52.0,58.17228921223432,0.41762085596321774,0.19802833382530863,,0.3950234196398483,0.8947691028544412,,0.0,3.7500000000000006e-07,984.612977238496,,,0.004977749999999997,0.1901403220377986
LSC-CP,1,10400,52.0,58.17228921223432,0.4409519659957174,0.2035283338253086,,0.39423746369834917,0.8915992381405693,,0.0,3.7500000000000006e-07,984.612977238496,,,0.004977749999999997,0.1908436693644149
LSC-CP,2,10400,52.0,58.17228921223432,0.43089032355687656,0.2025283338253086,,0.3901696330826472,0.8921645765052405,,0.0,3.7500000000000006e-07,984.612977238496,,,0.004977749999999997,0.18657661337342651
LSC-CP,3,10400,52.0,58.17228921223432,0.42373327494636676,0.20202833382530863,,0.39176151733509734,0.892446524700534,,0.0,3.7500000000000006e-07,984.612977238496,,,0.004977749999999997,0.18348418038759742
LSC-CP,4,10400,52.0,58.17228921223432,0.41687390653274603,0.18502833382530862,,0.3816764285372583,0.9023230689883527,,0.0,3.7500000000000006e-07,984.612977238496,,,0.004977749999999997,0.19130839886102313
LSC-CP,0,11200,56.0,62.64620749279857,0.432501050137782,0.21202833382530864,,0.3985186025689447,0.8865795447801138,,0.0,3.7500000000000006e-07,685.3167360558688,,,0.0049696249999999975,0.1916313323018551
LSC-CP,1,11200,56.0,62.64620749279857,0.42118978710763333,0.2065283338253086,,0.37973480788329966,0.8898025279509821,,0.0,3.7500000000000006e-07,685.3167360558688,,,0.0049696249999999975,0.18221555680843174
LSC-CP,2,11200,56.0,62.64620749279857,0.4317301369229472,0.2055283338253086,,0.37862143615521615,0.8904035544430862,,0.0,3.7500000000000006e-07,685.3167360558688,,,0.0049696249999999975,0.18190874427241058
LSC-CP,3,11200,56.0,62.64620749279857,0.4169000196147451,0.20352833382530858,,0.38203920462290886,0.891543538697032,,0.0,3.7500000000000006e-07,685.3167360558688,,,0.0049696249999999975,0.18792242169889237
LSC-CP,4,11200,56.0,62.64620749279857,0.41189813951081805,0.20652833382530858,,0.3691149141602439,0.8897769227508054,,0.0,3.7500000000000006e-07,685.3167360558688,,,0.0049696249999999975,0.1814162269719997
LSC-CP,0,12000,60.0,67.12250486388803,0.4098408677177551,0.1945283338253086,,0.3891032852153121,0.8967958328488268,,0.0,6.25e-07,1123.978043252181,,,0.004997625000000005,0.18276516465769707
LSC-CP,1,12000,60.0,67.12250486388803,0.4379148479897574,0.2115283338253086,,0.38156461924553703,0.8868940726301165,,0.0,6.25e-07,1123.978043252181,,,0.004997625000000005,0.18709062095148782
LSC-CP,2,12000,60.0,67.12250486388803,0.4211452774310478,0.21052833382530858,,0.3789615107256114,0.8874434625402149,,0.0,6.25e-07,1123.978043252181,,,0.004997625000000005,0.1866486735238187
LSC-CP,3,12000,60.0,67.12250486388803,0.44316909523490744,0.2105283338253086,,0.37711982497864477,0.8874945811158172,,0.0,6.25e-07,1123.978043252181,,,0.004997625000000005,0.18561839823778817
LSC-CP,4,12000,60.0,67.12250486388803,0.41290788989980914,0.1835283338253086,,0.37595702993442404,0.9031829461997496,,0.0,6.25e-07,1123.978043252181,,,0.004997625000000005,0.1795751996516919
LSC-CP,0,12800,64.0,71.59097853209823,0.4356737429047369,0.20302833382530863,,0.3927856511247171,0.891882140221017,,0.0,5.000000000000001e-07,971.6131176023481,,,0.0050278749999999985,0.18628419834286417
LSC-CP,1,12800,64.0,71.59097853209823,0.4450892333879249,0.2135283338253086,,0.3923714430271527,0.8857180719074567,,0.0,5.000000000000001e-07,971.6131176023481,,,0.0050278749999999985,0.19224776494640308
LSC-CP,2,12800,64.0,71.59097853209823,0.4277895279739792,0.20602833382530863,,0.3854219837550013,0.8900966013772809,,0.0,5.000000000000001e-07,971.6131176023481,,,0.0050278749999999985,0.19040577522994573
LSC-CP,3,12800,64.0,71.59097853209823,0.4319949445104893,0.2105283338253086,,0.39093342586740404,0.8874619992430263,,0.0,5.000000000000001e-07,971.6131176023481,,,0.0050278749999999985,0.18948684071127966
LSC-CP,4,12800,64.0,71.59097853209823,0.42418815833856655,0.20202833382530863,,0.38823712358095597,0.892442735193236,,0.0,5.000000000000001e-07,971.6131176023481,,,0.0050278749999999985,0.18542697176315345
LSC-CP,0,13600,68.0,76.06200984120369,0.43578487154471546,0.20602833382530863,,0.3933579160424661,0.8901221211190272,,0.0,2.5000000000000004e-07,826.0480284165525,,,0.005006250000000001,0.1887904293022507
LSC-CP,1,13600,68.0,76.06200984120369,0.41558838142000865,0.19802833382530863,,0.3845584136050089,0.894765108001764,,0.0,2.5000000000000004e-07,826.0480284165525,,,0.005006250000000001,0.18690649357070616
LSC-CP,2,13600,68.0,76.06200984120369,0.41156675937268533,0.20002833382530863,,0.38582936876799406,0.8935775169492677,,0.0,2.5000000000000004e-07,826.0480284165525,,,0.005006250000000001,0.18323056278961505
LSC-CP,3,13600,68.0,76.06200984120369,0.4254234372142059,0.19902833382530863,,0.3749530000060412,0.8942133729566641,,0.0,2.5000000000000004e-07,826.0480284165525,,,0.005006250000000001,0.1839749837097656
LSC-CP,4,13600,68.0,76.06200984120369,0.4284305913808632,0.20502833382530863,,0.37712208071918435,0.8906955471725444,,0.0,2.5000000000000004e-07,826.0480284165525,,,0.005006250000000001,0.18693848414010383
LSC-CP,0,14400,72.0,80.52184837590903,0.4474176066125655,0.21002833382530864,,0.39962294601836107,0.8877863896270475,,0.0,5.000000000000001e-07,922.326022300029,,,0.004994875000000001,0.19297760393634683
LSC-CP,1,14400,72.0,80.52184837590903,0.4168036225304032,0.1975283338253086,,0.3774993678271575,0.8950590461983973,,0.0,5.000000000000001e-07,922.326022300029,,,0.004994875000000001,0.1844595636368769
LSC-CP,2,14400,72.0,80.52184837590903,0.43291721313359705,0.2035283338253086,,0.3948155588675629,0.89156883778788,,0.0,5.000000000000001e-07,922.326022300029,,,0.004994875000000001,0.19262897531886444
LSC-CP,3,14400,72.0,80.52184837590903,0.41624467788468383,0.1905283338253086,,0.36796613759707947,0.8991486731640272,,0.0,5.000000000000001e-07,922.326022300029,,,0.004994875000000001,0.18419541255014377
LSC-CP,4,14400,72.0,80.52184837590903,0.42080104280367564,0.19502833382530863,,0.37702279520470894,0.8965305408711408,,0.0,5.000000000000001e-07,922.326022300029,,,0.004994875000000001,0.18379130744230374
LSC-CP,0,15200,76.0,84.9877086924389,0.4305869349235208,0.1985283338253086,,0.4002887536521016,0.8944981909972495,,0.0,2.5000000000000004e-07,786.8048586718656,,,0.005009125000000002,0.19179381602952728
LSC-CP,1,15200,76.0,84.9877086924389,0.4355826399879877,0.20502833382530863,,0.38737535121397737,0.8907168277294726,,0.0,2.5000000000000004e-07,786.8048586718656,,,0.005009125000000002,0.1839400857954844
LSC-CP,2,15200,76.0,84.9877086924389,0.41374456045786967,0.1820283338253086,,0.3594428743659262,0.9040574875653108,,0.0,2.5000000000000004e-07,786.8048586718656,,,0.005009125000000002,0.182872675151971
LSC-CP,3,15200,76.0,84.9877086924389,0.4465676094193643,0.2095283338253086,,0.38518731330866196,0.888081351910657,,0.0,2.5000000000000004e-07,786.8048586718656,,,0.005009125000000002,0.18834394876703722
LSC-CP,4,15200,76.0,84.9877086924389,0.4284758092862766,0.19802833382530863,,0.3839960055402761,0.8947883824991455,,0.0,2.5000000000000004e-07,786.8048586718656,,,0.005009125000000002,0.18722246306494886
LSC-CP,0,16000,80.0,89.44665569718927,0.42959148829182614,0.1985283338253086,,0.37023636215008543,0.8945091784698898,,0.0,5.000000000000001e-07,684.0844438448306,,,0.0050374999999999925,0.1828200764991662
LSC-CP,1,16000,80.0,89.44665569718927,0.43065957853492165,0.2045283338253086,,0.3856126091739065,0.8909892403204892,,0.0,5.000000000000001e-07,684.0844438448306,,,0.0050374999999999925,0.18600163976124087
LSC-CP,2,16000,80.0,89.44665569718927,0.42487139330959556,0.19502833382530863,,0.3852503910989324,0.8965418397038659,,0.0,5.000000000000001e-07,684.0844438448306,,,0.0050374999999999925,0.1819825197748573
LSC-CP,3,16000,80.0,89.44665569718927,0.43730470273749866,0.20602833382530863,,0.40050068450130916,0.890109608194985,,0.0,5.000000000000001e-07,684.0844438448306,,,0.0050374999999999925,0.19664842100239366
LSC-CP,4,16000,80.0,89.44665569718927,0.42912045299992024,0.20102833382530863,,0.39287424110296804,0.8930378758684817,,0.0,5.000000000000001e-07,684.0844438448306,,,0.0050374999999999925,0.1835152652023433
LSC-CP,0,16800,84.0,93.92935330048203,0.4417866396714677,0.20202833382530863,,0.3869101503484328,0.8924905420591017,,0.0,6.25e-07,1117.1994158674704,,,0.004992000000000005,0.19002138448737024
LSC-CP,1,16800,84.0,93.92935330048203,0.42639341036138667,0.1965283338253086,,0.38019214770750437,0.895663810142579,,0.0,6.25e-07,1117.1994158674704,,,0.004992000000000005,0.1820109566339388
LSC-CP,2,16800,84.0,93.92935330048203,0.4384670374857526,0.21802833382530865,,0.39782052902890347,0.8830273687424863,,0.0,6.25e-07,1117.1994158674704,,,0.004992000000000005,0.1874185710800002
LSC-CP,3,16800,84.0,93.92935330048203,0.4267585388666823,0.20102833382530863,,0.377289446812697,0.8930488046163392,,0.0,6.25e-07,1117.1994158674704,,,0.004992000000000005,0.18247466976822793
LSC-CP,4,16800,84.0,93.92935330048203,0.42317608259089423,0.19002833382530862,,0.38320965808407026,0.8994406451607538,,0.0,6.25e-07,1117.1994158674704,,,0.004992000000000005,0.1830313220123915
LSC-CP,0,17600,88.0,98.39971671998501,0.4394103341910832,0.2035283338253086,,0.3805062426886234,0.8915992381405693,,0.0,5.000000000000001e-07,1220.1426597105958,,,0.004965250000000003,0.19156100098854
LSC-CP,1,17600,88.0,98.39971671998501,0.44185275870160984,0.21952833382530862,,0.3903260780386568,0.8821442399019228,,0.0,5.000000000000001e-07,1220.1426597105958,,,0.004965250000000003,0.18687029610050906
LSC-CP,2,17600,88.0,98.39971671998501,0.42460563974689164,0.20602833382530863,,0.3846422977517281,0.8900908662001541,,0.0,5.000000000000001e-07,1220.1426597105958,,,0.004965250000000003,0.18726999578729076
LSC-CP,3,17600,88.0,98.39971671998501,0.4310882549541511,0.1985283338253086,,0.38272217542715925,0.8945037305972405,,0.0,5.000000000000001e-07,1220.1426597105958,,,0.004965250000000003,0.18361412309583958
LSC-CP,4,17600,88.0,98.39971671998501,0.43275589270154785,0.1915283338253086,,0.3827086827227327,0.8985972926496029,,0.0,5.000000000000001e-07,1220.1426597105958,,,0.004965250000000003,0.18457938055852385
LSC-CP,0,18400,92.0,102.87558055948466,0.4502134821144195,0.22352833382530862,,0.39301636247645655,0.8797802958058825,,0.0,2.5000000000000004e-07,671.0844511982202,,,0.004950875000000004,0.18703360786724063
LSC-CP,1,18400,92.0,102.87558055948466,0.4318858195770375,0.20702833382530864,,0.3786883915859023,0.8895285441966703,,0.0,2.5000000000000004e-07,671.0844511982202,,,0.004950875000000004,0.18352461522664276
LSC-CP,2,18400,92.0,102.87558055948466,0.4338932400759738,0.20502833382530863,,0.3716447751427525,0.8907098860618401,,0.0,2.5000000000000004e-07,671.0844511982202,,,0.004950875000000004,0.1866994866942095
LSC-CP,3,18400,92.0,102.87558055948466,0.4212024028756076,0.20852833382530858,,0.38880119884076925,0.8886268545420255,,0.0,2.5000000000000004e-07,671.0844511982202,,,0.004950875000000004,0.18545118263809832
LSC-CP,4,18400,92.0,102.87558055948466,0.44343066446773594,0.21402833382530864,,0.40962416311199695,0.8854068943983036,,0.0,2.5000000000000004e-07,671.0844511982202,,,0.004950875000000004,0.19296760765109927
LSC-CP,0,19200,96.0,107.35691163223237,0.424320809968092,0.2035283338253086,,0.38417124219529075,0.8915495512028746,,0.0,5.000000000000001e-07,726.7311914359357,,,0.004987624999999996,0.18807741327712002
LSC-CP,1,19200,96.0,107.35691163223237,0.42808829165875684,0.2035283338253086,,0.40354773882823836,0.8915650695467874,,0.0,5.000000000000001e-07,726.7311914359357,,,0.004987624999999996,0.19487226837531058
LSC-CP,2,19200,96.0,107.35691163223237,0.4259445524590593,0.2100283338253086,,0.39326569549085205,0.8877479523098173,,0.0,5.000000000000001e-07,726.7311914359357,,,0.004987624999999996,0.18688236789894963
LSC-CP,3,19200,96.0,107.35691163223237,0.45042670262783757,0.21802833382530865,,0.40102415129305846,0.8830624895985337,,0.0,5.000000000000001e-07,726.7311914359357,,,0.004987624999999996,0.18836056293098827
LSC-CP,4,19200,96.0,107.35691163223237,0.43827755732547224,0.2115283338253086,,0.3995639902998211,0.8868803260783504,,0.0,5.000000000000001e-07,726.7311914359357,,,0.004987624999999996,0.19649019311746269
LSC-CP,0,20000,100.0,111.83016759250313,0.42352983220957513,0.21002833382530864,,0.391492274097984,0.8877347187724998,,0.0,3.7500000000000006e-07,714.9533703216234,,,0.005021874999999996,0.18780174745837633
LSC-CP,1,20000,100.0,111.83016759250313,0.42363913937839803,0.19602833382530863,,0.3912799305851944,0.8959458724014602,,0.0,3.7500000000000006e-07,714.9533703216234,,,0.005021874999999996,0.18287166625815507
LSC-CP,2,20000,100.0,111.83016759250313,0.41909808471527454,0.20402833382530863,,0.3862997138463792,0.8912639604299224,,0.0,3.7500000000000006e-07,714.9533703216234,,,0.005021874999999996,0.1826513682875513
LSC-CP,3,20000,100.0,111.83016759250313,0.4333954093238729,0.1935283338253086,,0.3915692226803718,0.8974330336915659,,0.0,3.7500000000000006e-07,714.9533703216234,,,0.005021874999999996,0.18839538852629975
LSC-CP,4,20000,100.0,111.83016759250313,0.4414755666711389,0.22202833382530865,,0.382716666168964,0.8806500462458264,,0.0,3.7500000000000006e-07,714.9533703216234,,,0.005021874999999996,0.19005331351142543
LSC-CP,0,20800,104.0,116.29195943847299,0.4416239514832198,0.20402833382530863,,0.3964619058947252,0.8913057985911972,,0.0,3.7500000000000006e-07,703.1793541955202,,,0.0049833749999999965,0.1920750453572772
LSC-CP,1,20800,104.0,116.29195943847299,0.4395485185310398,0.2085283338253086,,0.38967567304738226,0.8886557098461711,,0.0,3.7500000000000006e-07,703.1793541955202,,,0.0049833749999999965,0.18883748454448177
LSC-CP,2,20800,104.0,116.29195943847299,0.436049830583625,0.19002833382530862,,0.37881306599556414,0.8994713449780043,,0.0,3.7500000000000006e-07,703.1793541955202,,,0.0049833749999999965,0.1888603903657722
LSC-CP,3,20800,104.0,116.29195943847299,0.4269023890811937,0.2120283338253086,,0.39514879513746265,0.8865555081121895,,0.0,3.7500000000000006e-07,703.1793541955202,,,0.0049833749999999965,0.19210281772515533
LSC-CP,4,20800,104.0,116.29195943847299,0.42262926964047487,0.19502833382530863,,0.386958589566748,0.896534350395967,,0.0,3.7500000000000006e-07,703.1793541955202,,,0.0049833749999999965,0.1815036513032913
LSC-CP,0,21600,108.0,120.74598010163754,0.42660957740840705,0.20702833382530864,,0.3645374621619447,0.8895213353229414,,0.0,1.0000000000000002e-06,1170.7983204970944,,,0.004970499999999996,0.18424439870296186
LSC-CP,1,21600,108.0,120.74598010163754,0.4261233070864747,0.19102833382530862,,0.3831019365530062,0.8988751819591427,,0.0,1.0000000000000002e-06,1170.7983204970944,,,0.004970499999999996,0.18542464094966993
LSC-CP,2,21600,108.0,120.74598010163754,0.42791396143621446,0.20902833382530864,,0.3924180461754755,0.8883321456974819,,0.0,1.0000000000000002e-06,1170.7983204970944,,,0.004970499999999996,0.18379647515202577
LSC-CP,3,21600,108.0,120.74598010163754,0.4285995859519945,0.19102833382530862,,0.37352952068754114,0.898873367201081,,0.0,1.0000000000000002e-06,1170.7983204970944,,,0.004970499999999996,0.18869568917492346
LSC-CP,4,21600,108.0,120.74598010163754,0.42216791571005075,0.18902833382530862,,0.3789217323156877,0.9000279081787996,,0.0,1.0000000000000002e-06,1170.7983204970944,,,0.004970499999999996,0.18191594730767438
LSC-CP,0,22400,112.0,125.2090502679348,0.4194632068114695,0.18802833382530862,,0.374226419091634,0.9005997082281874,,0.0,5.000000000000001e-07,1241.4679499550473,,,0.0050193749999999995,0.18676905231424276
LSC-CP,1,22400,112.0,125.2090502679348,0.42567760284356093,0.1995283338253086,,0.3781812736552743,0.8939061633253307,,0.0,5.000000000000001e-07,1241.4679499550473,,,0.0050193749999999995,0.1821242828723083
LSC-CP,2,22400,112.0,125.2090502679348,0.4250832890321005,0.20502833382530863,,0.3789979092596143,0.8906937101102319,,0.0,5.000000000000001e-07,1241.4679499550473,,,0.0050193749999999995,0.18491885258508628
LSC-CP,3,22400,112.0,125.2090502679348,0.41191934337611397,0.20102833382530863,,0.3778957870439299,0.8930047863565034,,0.0,5.000000000000001e-07,1241.4679499550473,,,0.0050193749999999995,0.18515287948116715
LSC-CP,4,22400,112.0,125.2090502679348,0.4351455052516823,0.21802833382530862,,0.39564710670292885,0.8830184244305993,,0.0,5.000000000000001e-07,1241.4679499550473,,,0.0050193749999999995,0.19479563779843245
LSC-CP,0,23200,116.0,128.6546520581469,0.4372559086010884,0.1985283338253086,,0.3824702019868865,0.8945232793410998,,0.0,2.5000000000000004e-07,753.8081886610335,,,0.004967750000000002,0.1929864112534622
LSC-CP,1,23200,116.0,128.6546520581469,0.4390207223450442,0.21702833382530862,,0.3937718655791661,0.8836123355809452,,0.0,2.5000000000000004e-07,753.8081886610335,,,0.004967750000000002,0.18921165877876697
LSC-CP,2,23200,116.0,128.6546520581469,0.4210017556883717,0.1935283338253086,,0.37830707083728987,0.8973959766113591,,0.0,2.5000000000000004e-07,753.8081886610335,,,0.004967750000000002,0.18611242739157605
LSC-CP,3,23200,116.0,128.6546520581469,0.42942145306613305,0.1955283338253086,,0.38149928041615216,0.8962720249943487,,0.0,2.5000000000000004e-07,753.8081886610335,,,0.004967750000000002,0.18564838766554018
LSC-CP,4,23200,116.0,128.6546520581469,0.41879554732220586,0.2095283338253086,,0.38006564017176425,0.888027748380447,,0.0,2.5000000000000004e-07,753.8081886610335,,,0.004967750000000002,0.1860664359784378
LSC-CP,0,24000,120.0,133.11220567207783,0.44803939270052145,0.21852833382530862,,0.40021209999835333,0.8827573126466336,,0.0,8.750000000000001e-07,2961.58903786114,,,0.004975750000000006,0.19373785941138474
LSC-CP,1,24000,120.0,133.11220567207783,0.43650137113388826,0.21102833382530864,,0.3770612078206296,0.8871739132036034,,0.0,8.750000000000001e-07,2961.58903786114,,,0.004975750000000006,0.1844834693305064
LSC-CP,2,24000,120.0,133.11220567207783,0.41406097851982765,0.1905283338253086,,0.3814322079884276,0.8991208757731008,,0.0,8.750000000000001e-07,2961.58903786114,,,0.004975750000000006,0.17954305765261372
LSC-CP,3,24000,120.0,133.11220567207783,0.41827780399047865,0.1965283338253086,,0.39092749109143915,0.8956504350360046,,0.0,8.750000000000001e-07,2961.58903786114,,,0.004975750000000006,0.18682845444859283
LSC-CP,4,24000,120.0,133.11220567207783,0.4210659728949492,0.1875283338253086,,0.3832312556328562,0.9008853596628906,,0.0,8.750000000000001e-07,2961.58903786114,,,0.004975750000000006,0.1839584863656217
LSC-CP,0,24800,124.0,137.55833352264017,0.4351018446322775,0.2025283338253086,,0.38441720822494274,0.8921788350187081,,0.0,0.0,572.6465955987319,,,0.005029125000000007,0.18133127321196318
LSC-CP,1,24800,124.0,137.55833352264017,0.43191914074804433,0.2095283338253086,,0.37984840933295444,0.888050246280412,,0.0,0.0,572.6465955987319,,,0.005029125000000007,0.19000871803361755
LSC-CP,2,24800,124.0,137.55833352264017,0.4378559263706693,0.21002833382530864,,0.3899161235598239,0.887765981844879,,0.0,0.0,572.6465955987319,,,0.005029125000000007,0.19064446839207244
LSC-CP,3,24800,124.0,137.55833352264017,0.4452878137102813,0.22552833382530862,,0.41186245887353484,0.8785651667345601,,0.0,0.0,572.6465955987319,,,0.005029125000000007,0.19313035598972778
LSC-CP,4,24800,124.0,137.55833352264017,0.43242277888384634,0.20202833382530863,,0.38351519341680723,0.8924683896919584,,0.0,0.0,572.6465955987319,,,0.005029125000000007,0.18882127445859004
LSC-CP,0,25600,128.0,142.0276077305898,0.42628888507240265,0.1885283338253086,,0.374964072954679,0.9003249304267806,,0.0,3.7500000000000006e-07,1710.1066307309004,,,0.004981499999999995,0.18212905299803958
LSC-CP,1,25600,128.0,142.0276077305898,0.4101872376949229,0.1835283338253086,,0.3485981512236014,0.9031829461997496,,0.0,3.7500000000000006e-07,1710.1066307309004,,,0.004981499999999995,0.16918315379375115
LSC-CP,2,25600,128.0,142.0276077305898,0.4512274553501631,0.2115283338253086,,0.3738741751471977,0.8869245833944555,,0.0,3.7500000000000006e-07,1710.1066307309004,,,0.004981499999999995,0.18422091497911047
LSC-CP,3,25600,128.0,142.0276077305898,0.43683142624706683,0.20202833382530863,,0.38808924759357094,0.8924736361587197,,0.0,3.7500000000000006e-07,1710.1066307309004,,,0.004981499999999995,0.19381699883270523
LSC-CP,4,25600,128.0,142.0276077305898,0.42958376555401323,0.1935283338253086,,0.3751588773192308,0.8974223486646947,,0.0,3.7500000000000006e-07,1710.1066307309004,,,0.004981499999999995,0.17906715543865132
LSC-CP,0,26400,132.0,146.49968424998224,0.4207827467260717,0.1975283338253086,,0.39377741042207093,0.8950688848491565,,0.0,1.2500000000000002e-07,702.6111827539265,,,0.005003,0.1862653326905616
LSC-CP,1,26400,132.0,146.49968424998224,0.4179772196606519,0.20402833382530863,,0.38572887345404766,0.8912580900862486,,0.0,1.2500000000000002e-07,702.6111827539265,,,0.005003,0.18255862517030264
LSC-CP,2,26400,132.0,146.49968424998224,0.4308143678029462,0.2085283338253086,,0.3947781833741161,0.8886343085504562,,0.0,1.2500000000000002e-07,702.6111827539265,,,0.005003,0.18560337735428994
LSC-CP,3,26400,132.0,146.49968424998224,0.4369632367478765,0.21402833382530864,,0.3902619427110839,0.8853999113151861,,0.0,1.2500000000000002e-07,702.6111827539265,,,0.005003,0.1877596716321963
LSC-CP,4,26400,132.0,146.49968424998224,0.4218259686385581,0.2035283338253086,,0.38692505882579686,0.8915574014914472,,0.0,1.2500000000000002e-07,702.6111827539265,,,0.005003,0.17943152156720993
LSC-CP,0,27200,136.0,150.96036105509847,0.44304455482864463,0.22202833382530865,,0.4044486193448024,0.8806569596576115,,0.0,5.000000000000001e-07,905.78675341204,,,0.0050203749999999945,0.19464896136142854
LSC-CP,1,27200,136.0,150.96036105509847,0.44137768860060367,0.22002833382530862,,0.39829352136421375,0.8818397522267254,,0.0,5.000000000000001e-07,905.78675341204,,,0.0050203749999999945,0.19281166732914587
LSC-CP,2,27200,136.0,150.96036105509847,0.41028314395062904,0.19002833382530862,,0.3821321629375672,0.8994171070469285,,0.0,5.000000000000001e-07,905.78675341204,,,0.0050203749999999945,0.1809403630141101
LSC-CP,3,27200,136.0,150.96036105509847,0.4314327144961762,0.19802833382530863,,0.3932265536906306,0.8947902498704469,,0.0,5.000000000000001e-07,905.78675341204,,,0.0050203749999999945,0.18624140515333976
LSC-CP,4,27200,136.0,150.96036105509847,0.4125784568815041,0.18502833382530862,,0.37033089723156126,0.9023230689883527,,0.0,5.000000000000001e-07,905.78675341204,,,0.0050203749999999945,0.177437598993602
LSC-CP,0,28000,140.0,155.43282043468207,0.4269389360904287,0.1975283338253086,,0.39696220690245526,0.8950784385534863,,0.0,5.000000000000001e-07,742.049083050482,,,0.005010750000000003,0.18989475507151013
LSC-CP,1,28000,140.0,155.43282043468207,0.4378171686743902,0.1995283338253086,,0.3865650634286579,0.8939405092834307,,0.0,5.000000000000001e-07,742.049083050482,,,0.005010750000000003,0.18838813854499242
LSC-CP,2,28000,140.0,155.43282043468207,0.42756680223461496,0.1945283338253086,,0.38163971703031624,0.896834872184039,,0.0,5.000000000000001e-07,742.049083050482,,,0.005010750000000003,0.18489270134820995
LSC-CP,3,28000,140.0,155.43282043468207,0.4211579581722614,0.18902833382530862,,0.3811854909029603,0.9000260527151609,,0.0,5.000000000000001e-07,742.049083050482,,,0.005010750000000003,0.18180282341542656
LSC-CP,4,28000,140.0,155.43282043468207,0.4249476670014744,0.2045283338253086,,0.3878579367195971,0.8909780616139361,,0.0,5.000000000000001e-07,742.049083050482,,,0.005010750000000003,0.18698243760003036
LSC-CP,0,28800,144.0,159.88230958674103,0.4313826620898683,0.1985283338253086,,0.37371792671271814,0.8945091784698898,,0.0,0.0,536.1460908410361,,,0.005022874999999999,0.18339513219853246
LSC-CP,1,28800,144.0,159.88230958674103,0.44108070272588284,0.2035283338253086,,0.3874286823406096,0.8915992381405693,,0.0,0.0,536.1460908410361,,,0.005022874999999999,0.19060546655096886
LSC-CP,2,28800,144.0,159.88230958674103,0.42058953253963555,0.2025283338253086,,0.38444883162990734,0.8921439051977835,,0.0,0.0,536.1460908410361,,,0.005022874999999999,0.18417113743081515
LSC-CP,3,28800,144.0,159.88230958674103,0.42578087303250106,0.2045283338253086,,0.3852271903491012,0.890972326968766,,0.0,0.0,536.1460908410361,,,0.005022874999999999,0.1863368066487662
LSC-CP,4,28800,144.0,159.88230958674103,0.42625104693451504,0.20002833382530863,,0.3766087896032422,0.8936286300594434,,0.0,0.0,536.1460908410361,,,0.005022874999999999,0.18330779781760695
LSC-CP,0,29600,148.0,164.35196400620043,0.41807251877859464,0.19402833382530862,,0.38605071507724337,0.8970930549452746,,0.0,3.7500000000000006e-07,770.0962634814219,,,0.004950500000000002,0.18779841887400012
LSC-CP,1,29600,148.0,164.35196400620043,0.43795355906979366,0.2125283338253086,,0.37561885490086433,0.8862909991227147,,0.0,3.7500000000000006e-07,770.0962634814219,,,0.004950500000000002,0.18863018074730445
LSC-CP,2,29600,148.0,164.35196400620043,0.4123057352512845,0.19202833382530862,,0.3709058106920092,0.8982621146311968,,0.0,3.7500000000000006e-07,770.0962634814219,,,0.004950500000000002,0.18111905271180048
LSC-CP,3,29600,148.0,164.35196400620043,0.40147494508720066,0.1825283338253086,,0.3736030687335909,0.9037281696541675,,0.0,3.7500000000000006e-07,770.0962634814219,,,0.004950500000000002,0.18100476238180027
LSC-CP,4,29600,148.0,164.35196400620043,0.4360671345632012,0.20502833382530863,,0.39248667707856755,0.89070635947563,,0.0,3.7500000000000006e-07,770.0962634814219,,,0.004950500000000002,0.1925271651746035
LSC-CP,0,30400,152.0,168.82005009427667,0.4232464865255612,0.18702833382530862,,0.3817897042557938,0.901185987180453,,0.0,1.2500000000000002e-07,662.6669544028888,,,0.004982375000000004,0.18041836402555317
LSC-CP,1,30400,152.0,168.82005009427667,0.4287074647286524,0.1975283338253086,,0.3870161177017117,0.895082183804503,,0.0,1.2500000000000002e-07,662.6669544028888,,,0.004982375000000004,0.18624804122086025
LSC-CP,2,30400,152.0,168.82005009427667,0.4342633523193349,0.2045283338253086,,0.397303307931361,0.8909946906530612,,0.0,1.2500000000000002e-07,662.6669544028888,,,0.004982375000000004,0.19027340334904427
LSC-CP,3,30400,152.0,168.82005009427667,0.4255676476265243,0.1995283338253086,,0.3789320530509666,0.8939155550336342,,0.0,1.2500000000000002e-07,662.6669544028888,,,0.004982375000000004,0.18239293949795982
LSC-CP,4,30400,152.0,168.82005009427667,0.4181474631423138,0.2035283338253086,,0.376151232742641,0.8915495512028746,,0.0,1.2500000000000002e-07,662.6669544028888,,,0.004982375000000004,0.18431827792001607
LSC-CP,0,31200,156.0,173.2928473437205,0.4271601044358582,0.1965283338253086,,0.3924238274526433,0.8956581442890295,,0.0,5.000000000000001e-07,665.3904102733582,,,0.005001125000000002,0.1838372382007532
LSC-CP,1,31200,156.0,173.2928473437205,0.4240922952370974,0.1975283338253086,,0.37733632142648804,0.8950803165030548,,0.0,5.000000000000001e-07,665.3904102733582,,,0.005001125000000002,0.18667469911714857
LSC-CP,2,31200,156.0,173.2928473437205,0.4306491221679667,0.2055283338253086,,0.37017674661116007,0.8904071782177647,,0.0,5.000000000000001e-07,665.3904102733582,,,0.005001125000000002,0.18372791231034102
LSC-CP,3,31200,156.0,173.2928473437205,0.4133478673825159,0.1895283338253086,,0.3804048558169907,0.8997050187387683,,0.0,5.000000000000001e-07,665.3904102733582,,,0.005001125000000002,0.1800446623077504
LSC-CP,4,31200,156.0,173.2928473437205,0.43343084807279114,0.2065283338253086,,0.3829014279888893,0.8898191592210699,,0.0,5.000000000000001e-07,665.3904102733582,,,0.005001125000000002,0.19503798302837272
LSC-CP,0,32000,160.0,177.77999038808048,0.4409692604454033,0.2065283338253086,,0.3779723948210236,0.8898467981070183,,0.0,7.500000000000001e-07,779.122127683378,,,0.004959874999999998,0.18536526435761302
LSC-CP,1,32000,160.0,177.77999038808048,0.4336925250641889,0.1955283338253086,,0.37947342323080957,0.8962805817526,,0.0,7.500000000000001e-07,779.122127683378,,,0.004959874999999998,0.18834128242207746
LSC-CP,2,32000,160.0,177.77999038808048,0.41296914133278334,0.2055283338253086,,0.37753958068572907,0.8903628902200424,,0.0,7.500000000000001e-07,779.122127683378,,,0.004959874999999998,0.18474164975370239
LSC-CP,3,32000,160.0,177.77999038808048,0.42747223149098834,0.18902833382530862,,0.3701146965573953,0.900029753213513,,0.0,7.500000000000001e-07,779.122127683378,,,0.004959874999999998,0.18487060757383783
LSC-CP,4,32000,160.0,177.77999038808048,0.4212219784617007,0.1995283338253086,,0.3882938495004448,0.893902330428424,,0.0,7.500000000000001e-07,779.122127683378,,,0.004959874999999998,0.18637737210134392
LSC-CP,0,32800,164.0,182.2605278296396,0.43762547749349334,0.21202833382530864,,0.39513370973980483,0.8865883425570356,,0.0,5.000000000000001e-07,801.9338266053485,,,0.004987500000000005,0.18304235756105552
LSC-CP,1,32800,164.0,182.2605278296396,0.4140843111437431,0.1975283338253086,,0.3808726806371237,0.8950489054960762,,0.0,5.000000000000001e-07,801.9338266053485,,,0.004987500000000005,0.17907156117047432
LSC-CP,2,32800,164.0,182.2605278296396,0.4365495065921647,0.21602833382530864,,0.39411968213807,0.8842039113678357,,0.0,5.000000000000001e-07,801.9338266053485,,,0.004987500000000005,0.19115799124158706
LSC-CP,3,32800,164.0,182.2605278296396,0.4306800213187188,0.20102833382530863,,0.37723153404556936,0.8930523683152576,,0.0,5.000000000000001e-07,801.9338266053485,,,0.004987500000000005,0.1837030973561009
LSC-CP,4,32800,164.0,182.2605278296396,0.4043710150650469,0.1915283338253086,,0.3663185515430211,0.8985382786104346,,0.0,5.000000000000001e-07,801.9338266053485,,,0.004987500000000005,0.1817459452438443
LSC-CP,0,33600,168.0,186.73200861830264,0.4452435296832652,0.21302833382530864,,0.39331430740810225,0.8860089448950585,,0.0,3.7500000000000006e-07,932.0733814527764,,,0.005013000000000001,0.1929710621212667
LSC-CP,1,33600,168.0,186.73200861830264,0.42944167162955177,0.2055283338253086,,0.39356053645568656,0.890388647430376,,0.0,3.7500000000000006e-07,932.0733814527764,,,0.005013000000000001,0.18302440708159845
LSC-CP,2,33600,168.0,186.73200861830264,0.4194573887929112,0.19102833382530862,,0.3737671805721921,0.8988546458895862,,0.0,3.7500000000000006e-07,932.0733814527764,,,0.005013000000000001,0.1806689137123839
LSC-CP,3,33600,168.0,186.73200861830264,0.4204482661248774,0.2045283338253086,,0.37811704823420406,0.8909780616139361,,0.0,3.7500000000000006e-07,932.0733814527764,,,0.005013000000000001,0.18358572037229373
LSC-CP,4,33600,168.0,186.73200861830264,0.4355798999070227,0.20902833382530864,,0.38588039758606685,0.8883468894999702,,0.0,3.7500000000000006e-07,932.0733814527764,,,0.005013000000000001,0.18496130176743777
LSC-CP,0,34400,172.0,191.19823116622865,0.43541730622330327,0.21102833382530864,,0.39235065657838675,0.8871808948436979,,0.0,3.7500000000000006e-07,961.0840603438596,,,0.005042499999999997,0.1903283568018941
LSC-CP,1,34400,172.0,191.19823116622865,0.4202222476680286,0.1855283338253086,,0.379252218684368,0.9020400498991215,,0.0,3.7500000000000006e-07,961.0840603438596,,,0.005042499999999997,0.17883861944190121
LSC-CP,2,34400,172.0,191.19823116622865,0.4231883380217278,0.1945283338253086,,0.3773185511280536,0.896825537257415,,0.0,3.7500000000000006e-07,961.0840603438596,,,0.005042499999999997,0.17981332007346693
LSC-CP,3,34400,172.0,191.19823116622865,0.4216508220150673,0.2005283338253086,,0.37609535046346976,0.8933211686811393,,0.0,3.7500000000000006e-07,961.0840603438596,,,0.005042499999999997,0.18668565448153107
LSC-CP,4,34400,172.0,191.19823116622865,0.4285163870117255,0.20102833382530863,,0.3802553020809747,0.8930341508406465,,0.0,3.7500000000000006e-07,961.0840603438596,,,0.005042499999999997,0.19154064161751722
LSC-CP,0,35200,176.0,195.65621570125222,0.43167279609509007,0.1925283338253086,,0.3712348384425379,0.8980145370695527,,0.0,5.000000000000001e-07,826.7503650638535,,,0.004980875,0.18563817137034566
LSC-CP,1,35200,176.0,195.65621570125222,0.4001987134812519,0.18152833382530859,,0.35683487216261983,0.9043129455274946,,0.0,5.000000000000001e-07,826.7503650638535,,,0.004980875,0.18197802489556722
LSC-CP,2,35200,176.0,195.65621570125222,0.4097220861013242,0.18402833382530862,,0.37291900595958166,0.9028843334896746,,0.0,5.000000000000001e-07,826.7503650638535,,,0.004980875,0.17983262602278088
LSC-CP,3,35200,176.0,195.65621570125222,0.43142566314679165,0.20802833382530864,,0.3902171248191284,0.8889361789171669,,0.0,5.000000000000001e-07,826.7503650638535,,,0.004980875,0.1851431167685457
LSC-CP,4,35200,176.0,195.65621570125222,0.43650872912424615,0.20402833382530863,,0.39568796691467667,0.8912971448887215,,0.0,5.000000000000001e-07,826.7503650638535,,,0.004980875,0.19029336698258834
LSC-CP,0,36000,180.0,200.12630278989673,0.4133983974460578,0.19502833382530863,,0.36887168199566384,0.8965087635380956,,0.0,3.7500000000000006e-07,972.7618980025533,,,0.005006375000000002,0.17925092446884958
LSC-CP,1,36000,180.0,200.12630278989673,0.42679991020277663,0.20402833382530863,,0.38303909199364217,0.891284633809525,,0.0,3.7500000000000006e-07,972.7618980025533,,,0.005006375000000002,0.18269678064452127
LSC-CP,2,36000,180.0,200.12630278989673,0.4331481616484526,0.20502833382530863,,0.3783563924598199,0.8907185404661624,,0.0,3.7500000000000006e-07,972.7618980025533,,,0.005006375000000002,0.18607693709473272
LSC-CP,3,36000,180.0,200.12630278989673,0.4290396213005597,0.1985283338253086,,0.3752891122892563,0.8945091784698898,,0.0,3.7500000000000006e-07,972.7618980025533,,,0.005006375000000002,0.1872299570794018
LSC-CP,4,36000,180.0,200.12630278989673,0.4220303776221813,0.2050283338253086,,0.3894158208901398,0.8906727971334364,,0.0,3.7500000000000006e-07,972.7618980025533,,,0.005006375000000002,0.1861285190415121
LSC-CP,0,36800,184.0,204.6006458196789,0.4169619829149167,0.1885283338253086,,0.3754505140925977,0.9002985693444149,,0.0,0.0,586.8172979498846,,,0.005010499999999998,0.18044276440759835
LSC-CP,1,36800,184.0,204.6006458196789,0.43235615454412996,0.2065283338253086,,0.3907809909250017,0.8898081653877685,,0.0,0.0,586.8172979498846,,,0.005010499999999998,0.18409798492069665
LSC-CP,2,36800,184.0,204.6006458196789,0.42057110951374266,0.1945283338253086,,0.3836838832619851,0.8968217278755576,,0.0,0.0,586.8172979498846,,,0.005010499999999998,0.18133691494852197
LSC-CP,3,36800,184.0,204.6006458196789,0.4474496475024092,0.2105283338253086,,0.3864175625396052,0.8874945811158172,,0.0,0.0,586.8172979498846,,,0.005010499999999998,0.18725031336669737
LSC-CP,4,36800,184.0,204.6006458196789,0.44005028918805694,0.2065283338253086,,0.39286486479239957,0.8898384080604118,,0.0,0.0,586.8172979498846,,,0.005010499999999998,0.19118374576957628
LSC-CP,0,37600,188.0,209.0835203928873,0.41063503066073787,0.1895283338253086,,0.38443581310336133,0.8996817123108057,,0.0,1.2500000000000002e-07,620.1674223570527,,,0.005046625000000005,0.18852290840957586
LSC-CP,1,37600,188.0,209.0835203928873,0.43397705528059305,0.21002833382530864,,0.3824429966686578,0.8877624539695519,,0.0,1.2500000000000002e-07,620.1674223570527,,,0.005046625000000005,0.18851572322145757
LSC-CP,2,37600,188.0,209.0835203928873,0.4154789973841284,0.1945283338253086,,0.368457631616653,0.8968159299285519,,0.0,1.2500000000000002e-07,620.1674223570527,,,0.005046625000000005,0.1817972423134649
LSC-CP,3,37600,188.0,209.0835203928873,0.4189196725316127,0.1955283338253086,,0.3738204024422844,0.8962411399394856,,0.0,1.2500000000000002e-07,620.1674223570527,,,0.005046625000000005,0.18284990312669752
LSC-CP,4,37600,188.0,209.0835203928873,0.43838585062257807,0.2085283338253086,,0.39759107194078136,0.8886539785868343,,0.0,1.2500000000000002e-07,620.1674223570527,,,0.005046625000000005,0.19345578664690372
LSC-CP,0,38400,192.0,213.54317820817232,0.4346844053748027,0.21602833382530864,,0.4005041499111807,0.8842075375984583,,0.0,2.5000000000000004e-07,767.6681375744217,,,0.005003499999999993,0.19216872141168417
LSC-CP,1,38400,192.0,213.54317820817232,0.4214721852826019,0.18402833382530862,,0.37607398074143056,0.9029212764350671,,0.0,2.5000000000000004e-07,767.6681375744217,,,0.005003499999999993,0.18296219206000347
LSC-CP,2,38400,192.0,213.54317820817232,0.43512284964174813,0.1995283338253086,,0.385714385987884,0.8939300457955865,,0.0,2.5000000000000004e-07,767.6681375744217,,,0.005003499999999993,0.18845983570452893
LSC-CP,3,38400,192.0,213.54317820817232,0.42626844714708734,0.20752833382530858,,0.395396980507999,0.8892082646931778,,0.0,2.5000000000000004e-07,767.6681375744217,,,0.005003499999999993,0.18854064718875463
LSC-CP,4,38400,192.0,213.54317820817232,0.4244156015738738,0.20602833382530863,,0.3839966079076301,0.8901059440021911,,0.0,2.5000000000000004e-07,767.6681375744217,,,0.005003499999999993,0.18643008764107097
LSC-CP,0,39200,196.0,218.0011655120179,0.44661454178161564,0.20902833382530864,,0.3907335613171738,0.888376186623282,,0.0,8.750000000000001e-07,1114.9395440518435,,,0.005013124999999996,0.1866555737394639
LSC-CP,1,39200,196.0,218.0011655120179,0.43203587962826007,0.20302833382530863,,0.3805057017413735,0.8918838985120137,,0.0,8.750000000000001e-07,1114.9395440518435,,,0.005013124999999996,0.18281507497401187
LSC-CP,2,39200,196.0,218.0011655120179,0.4280783350591896,0.1905283338253086,,0.37287952278117664,0.8991760599780437,,0.0,8.750000000000001e-07,1114.9395440518435,,,0.005013124999999996,0.18568319253770485
LSC-CP,3,39200,196.0,218.0011655120179,0.43672717180525483,0.21202833382530864,,0.39082376659113266,0.8865795447801138,,0.0,8.750000000000001e-07,1114.9395440518435,,,0.005013124999999996,0.19123056108072922
LSC-CP,4,39200,196.0,218.0011655120179,0.4289016146186122,0.2015283338253086,,0.3805869982387813,0.8927577809751475,,0.0,8.750000000000001e-07,1114.9395440518435,,,0.005013124999999996,0.18365141471680319
LSC-CP,0,40000,200.0,222.4362378688529,0.41790595844411543,0.19602833382530863,,0.3662875808405885,0.8959341019210038,,0.0,3.7500000000000006e-07,911.0244664341178,,,0.004996625000000004,0.17829654001119674
LSC-CP,1,40000,200.0,222.4362378688529,0.4252866896458193,0.19702833382530863,,0.38563402426868415,0.8953626273849467,,0.0,3.7500000000000006e-07,911.0244664341178,,,0.004996625000000004,0.18793763505701805
LSC-CP,2,40000,200.0,222.4362378688529,0.431696147601234,0.2100283338253086,,0.3981865731013816,0.8877479523098173,,0.0,3.7500000000000006e-07,911.0244664341178,,,0.004996625000000004,0.1913531320793139
LSC-CP,3,40000,200.0,222.4362378688529,0.4393696758582903,0.20602833382530863,,0.3778748646866479,0.8901307762124627,,0.0,3.7500000000000006e-07,911.0244664341178,,,0.004996625000000004,0.1853744691717876
LSC-CP,4,40000,200.0,222.4362378688529,0.41888459544740825,0.1975283338253086,,0.38095674999495804,0.8950649845063244,,0.0,3.7500000000000006e-07,911.0244664341178,,,0.004996625000000004,0.18709231682788213
