experiment,method,seed,time,KDE_bandwidth,KDE_integral,KDE_integral_before_grid_renormalization,KDE_tail_mass_outside_plot,L1_density_error,L2_density_error,truncated_KDE_chi2,KDE_CDF_sup_error,empirical_CDF_sup_error,KDE_vs_empirical_CDF_sup,chi_interval_left,chi_interval_right,chi_omitted_target_mass,chi_target_density_min,quadrature
double-well,Langevin,0,0.0,0.044680194829788474,1.0,0.9999999999999898,0.0,1.453569506661481,2.356893687671796,3.668195713039295,0.6698923717706247,0.681987042686254,0.059649302340571614,-1.3928523387877063,1.3795041741603404,0.020000000000000018,0.09593733604311634,composite trapezoid on reference grid
double-well,Langevin,0,0.06,0.044680194829788474,1.0,0.9999999999999897,0.0,1.2186924246569668,1.1008581018873271,1.8651491950565513,0.601417376005481,0.6072836852607395,0.024763778593550972,-1.3928523387877063,1.3795041741603404,0.020000000000000018,0.09593733604311634,composite trapezoid on reference grid
double-well,Langevin,0,0.12,0.044680194829788474,1.0,0.9999999999999897,0.0,1.1592972319213,0.8637926649195378,1.5314469376806137,0.5784891110004083,0.5809241241087131,0.023406539016655015,-1.3928523387877063,1.3795041741603404,0.020000000000000018,0.09593733604311634,composite trapezoid on reference grid
double-well,Langevin,0,0.18,0.044680194829788474,0.9999999999999999,0.9999999999999898,0.0,1.1271525342345372,0.7617996888227861,1.3887177750540327,0.5633641114276589,0.5650150331996222,0.021910506330766966,-1.3928523387877063,1.3795041741603404,0.020000000000000018,0.09593733604311634,composite trapezoid on reference grid
double-well,Langevin,0,0.24,0.044680194829788474,1.0000000000000002,0.9999999999999897,0.0,1.104690524223943,0.703950513420138,1.3156084778005708,0.5522127529917789,0.5545452119410179,0.017700367130843025,-1.3928523387877063,1.3795041741603404,0.020000000000000018,0.09593733604311634,composite trapezoid on reference grid
double-well,Langevin,0,0.3,0.044680194829788474,1.0,0.9999999999999896,0.0,1.0863034340475726,0.6785386517417882,1.2859722680265564,0.5431280274494236,0.5435276551080899,0.020188392217204865,-1.3928523387877063,1.3795041741603404,0.020000000000000018,0.09593733604311634,composite trapezoid on reference grid
double-well,Langevin,0,0.36,0.044680194829788474,0.9999999999999999,0.9999999999999897,0.0,1.0843845357041106,0.65958276463714,1.2673042790075182,0.542141410134308,0.5435276551080899,0.016560071825752004,-1.3928523387877063,1.3795041741603404,0.020000000000000018,0.09593733604311634,composite trapezoid on reference grid
double-well,Langevin,0,0.42,0.044680194829788474,1.0,0.9999999999999897,0.0,1.06895243350567,0.6361306751239884,1.2149256617170443,0.5344761819821544,0.5361101558155918,0.01640621298067181,-1.3928523387877063,1.3795041741603404,0.020000000000000018,0.09593733604311634,composite trapezoid on reference grid
double-well,Langevin,0,0.48,0.044680194829788474,1.0,0.9999999999999897,0.0,1.0523862701949849,0.6087069975440627,1.1530457544197144,0.5260863090112637,0.5264500706274223,0.019794435449034642,-1.3928523387877063,1.3795041741603404,0.020000000000000018,0.09593733604311634,composite trapezoid on reference grid
double-well,Langevin,0,0.54,0.044680194829788474,1.0000000000000002,0.9999999999999896,0.0,1.0376952244025663,0.5819261598777161,1.103747518582336,0.5188438037833529,0.519918262399285,0.017090135529197026,-1.3928523387877063,1.3795041741603404,0.020000000000000018,0.09593733604311634,composite trapezoid on reference grid
double-well,Langevin,0,0.6,0.044680194829788474,1.0,0.9999999999999897,0.0,1.0297885017499646,0.571984706283298,1.0955791347031312,0.5148394527896228,0.5164441340757288,0.0210525792491143,-1.3928523387877063,1.3795041741603404,0.020000000000000018,0.09593733604311634,composite trapezoid on reference grid
double-well,Langevin,0,0.66,0.044680194829788474,0.9999999999999999,0.9999999999999898,0.0,1.0277983595012459,0.5760788260220415,1.0819517534110383,0.5138983531326458,0.515126945864981,0.016685611016539925,-1.3928523387877063,1.3795041741603404,0.020000000000000018,0.09593733604311634,composite trapezoid on reference grid
double-well,Langevin,0,0.72,0.044680194829788474,1.0,0.9999999999999897,0.0,1.0156133260641855,0.5723394494832906,1.0694234735054775,0.5078044459350857,0.50921785495589,0.016994944565322107,-1.3928523387877063,1.3795041741603404,0.020000000000000018,0.09593733604311634,composite trapezoid on reference grid
double-well,Langevin,0,0.78,0.044680194829788474,1.0,0.9999999999999898,0.0,1.0075059040426844,0.5527124132101056,1.0422964597003952,0.5037491148640064,0.5042617252409303,0.014580024327485508,-1.3928523387877063,1.3795041741603404,0.020000000000000018,0.09593733604311634,composite trapezoid on reference grid
double-well,Langevin,0,0.84,0.044680194829788474,0.9999999999999999,0.9999999999999898,0.0,0.9992560829199615,0.549003896542879,1.0331239562168504,0.49962802542103674,0.5005814913195265,0.016402351026275575,-1.3928523387877063,1.3795041741603404,0.020000000000000018,0.09593733604311634,composite trapezoid on reference grid
double-well,Langevin,0,0.9,0.044680194829788474,0.9999999999999999,0.9999999999999898,0.0,0.998982653804572,0.542624758357658,1.0259972553322982,0.49949026679756675,0.5001404613895095,0.02108666339314444,-1.3928523387877063,1.3795041741603404,0.020000000000000018,0.09593733604311634,composite trapezoid on reference grid
double-well,Langevin,0,0.96,0.044680194829788474,0.9999999999999999,0.9999999999999898,0.0,0.9968742231836869,0.5351333475885544,1.0256682682946088,0.4984360601010569,0.4992969273695513,0.016650168199666582,-1.3928523387877063,1.3795041741603404,0.020000000000000018,0.09593733604311634,composite trapezoid on reference grid
double-well,Langevin,0,1.02,0.044680194829788474,1.0000000000000002,0.9999999999999896,0.0,0.9910989028354819,0.5377890239266344,1.0171608609665783,0.4955488617676696,0.4967243930561896,0.016631809693074318,-1.3928523387877063,1.3795041741603404,0.020000000000000018,0.09593733604311634,composite trapezoid on reference grid
double-well,Langevin,0,1.08,0.044680194829788474,0.9999999999999999,0.9999999999999897,0.0,0.9832561280872628,0.5197011042893809,0.9863531129798591,0.49148057379332655,0.4930943304693479,0.015733973519153482,-1.3928523387877063,1.3795041741603404,0.020000000000000018,0.09593733604311634,composite trapezoid on reference grid
double-well,Langevin,0,1.1400000000000001,0.044680194829788474,0.9999999999999999,0.9999999999999898,0.0,0.9847454879819757,0.5213348599398677,0.9836024256234425,0.4923681598237696,0.49269117371672105,0.014755988250929636,-1.3928523387877063,1.3795041741603404,0.020000000000000018,0.09593733604311634,composite trapezoid on reference grid
double-well,Langevin,0,1.2,0.044680194829788474,1.0,0.9999999999999898,0.0,0.9771609095018512,0.5166400396897065,0.9777458644187644,0.48857812121587035,0.48969409177159395,0.016079309749613246,-1.3928523387877063,1.3795041741603404,0.020000000000000018,0.09593733604311634,composite trapezoid on reference grid
double-well,Langevin,0,1.26,0.044680194829788474,1.0,0.9999999999999897,0.0,0.9740608389654808,0.5119472829400133,0.9692335798816191,0.4869974026178753,0.48811078675559255,0.015267897570727884,-1.3928523387877063,1.3795041741603404,0.020000000000000018,0.09593733604311634,composite trapezoid on reference grid
double-well,Langevin,0,1.32,0.044680194829788474,1.0,0.9999999999999897,0.0,0.9746727260306658,0.5109631015877381,0.9595922574537792,0.4873330943706018,0.48817388968589737,0.017264754740038746,-1.3928523387877063,1.3795041741603404,0.020000000000000018,0.09593733604311634,composite trapezoid on reference grid
double-well,Langevin,0,1.3800000000000001,0.044680194829788474,1.0,0.9999999999999897,0.0,0.9730641728215135,0.5117536193890114,0.9689943764722493,0.4865318846456947,0.48723662826217556,0.015912596871771212,-1.3928523387877063,1.3795041741603404,0.020000000000000018,0.09593733604311634,composite trapezoid on reference grid
double-well,Langevin,0,1.44,0.044680194829788474,1.0,0.9999999999999896,0.0,0.9691750774104742,0.5054364964911005,0.9556023913469045,0.4845792279794943,0.4856020391191752,0.015010382422715907,-1.3928523387877063,1.3795041741603404,0.020000000000000018,0.09593733604311634,composite trapezoid on reference grid
double-well,Langevin,0,1.5,0.044680194829788474,1.0000000000000002,0.9999999999999897,0.0,0.9642076428297074,0.4996975436488913,0.9436844758789864,0.48200122553274305,0.4822932251593872,0.015100483691130429,-1.3928523387877063,1.3795041741603404,0.020000000000000018,0.09593733604311634,composite trapezoid on reference grid
double-well,Langevin,0,1.56,0.044680194829788474,0.9999999999999999,0.9999999999999898,0.0,0.9623503975443939,0.49872803518211667,0.9389131770332686,0.4811751827332535,0.4814210345288456,0.014632037396982489,-1.3928523387877063,1.3795041741603404,0.020000000000000018,0.09593733604311634,composite trapezoid on reference grid
double-well,Langevin,0,1.62,0.044680194829788474,1.0,0.9999999999999897,0.0,0.9500944493260772,0.5048693578583585,0.9332502581176201,0.47504052023000387,0.47551194361975463,0.016626106175359978,-1.3928523387877063,1.3795041741603404,0.020000000000000018,0.09593733604311634,composite trapezoid on reference grid
double-well,Langevin,0,1.68,0.044680194829788474,1.0,0.9999999999999898,0.0,0.9456260733586861,0.486034674571739,0.9248995845984449,0.4728049013508867,0.4740412703293363,0.016013628025335847,-1.3928523387877063,1.3795041741603404,0.020000000000000018,0.09593733604311634,composite trapezoid on reference grid
double-well,Langevin,0,1.74,0.044680194829788474,0.9999999999999999,0.9999999999999897,0.0,0.9448328756577022,0.4732617142446951,0.9051154704706932,0.4724068321422241,0.47265731795730637,0.015207779497819984,-1.3928523387877063,1.3795041741603404,0.020000000000000018,0.09593733604311634,composite trapezoid on reference grid
double-well,Langevin,0,1.8,0.044680194829788474,1.0,0.9999999999999896,0.0,0.9431234457548474,0.46826753458687087,0.9009151744036419,0.47156066277270486,0.4720863471162933,0.013341708014099285,-1.3928523387877063,1.3795041741603404,0.020000000000000018,0.09593733604311634,composite trapezoid on reference grid
double-well,Langevin,0,1.86,0.044680194829788474,0.9999999999999999,0.9999999999999898,0.0,0.9447234853757998,0.4661475773350662,0.89414794881569,0.4723616591282408,0.4728759099534121,0.01519170096306599,-1.3928523387877063,1.3795041741603404,0.020000000000000018,0.09593733604311634,composite trapezoid on reference grid
double-well,Langevin,0,1.92,0.044680194829788474,0.9999999999999999,0.9999999999999897,0.0,0.9388300699170029,0.460837793865935,0.8745907070788376,0.4693483323440262,0.47044661695862466,0.015457525710398046,-1.3928523387877063,1.3795041741603404,0.020000000000000018,0.09593733604311634,composite trapezoid on reference grid
double-well,Langevin,0,1.98,0.044680194829788474,1.0,0.9999999999999897,0.0,0.9372903742904406,0.46939577504348085,0.8947511985465942,0.4686406029780023,0.4690198776646835,0.017232899672974533,-1.3928523387877063,1.3795041741603404,0.020000000000000018,0.09593733604311634,composite trapezoid on reference grid
double-well,Langevin,0,2.04,0.044680194829788474,1.0,0.9999999999999897,0.0,0.9294483632605517,0.46069163801161506,0.8704759464815629,0.46471418041381785,0.46483572821180436,0.018994173382015228,-1.3928523387877063,1.3795041741603404,0.020000000000000018,0.09593733604311634,composite trapezoid on reference grid
double-well,Langevin,0,2.1,0.044680194829788474,1.0000000000000002,0.9999999999999896,0.0,0.9256508155864197,0.4611749523751011,0.861811374313109,0.4628180490744939,0.46390452893447515,0.02035538662779446,-1.3928523387877063,1.3795041741603404,0.020000000000000018,0.09593733604311634,composite trapezoid on reference grid
double-well,Langevin,0,2.16,0.044680194829788474,1.0,0.9999999999999897,0.0,0.9214427308142354,0.4586809808855785,0.8619670549308149,0.4606760576318354,0.46083913613912453,0.016019475166483443,-1.3928523387877063,1.3795041741603404,0.020000000000000018,0.09593733604311634,composite trapezoid on reference grid
double-well,Langevin,0,2.22,0.044680194829788474,1.0,0.9999999999999896,0.0,0.9164301526571101,0.4452323896473408,0.8508550930644753,0.45812433403330843,0.4586363636363635,0.017636552361028984,-1.3928523387877063,1.3795041741603404,0.020000000000000018,0.09593733604311634,composite trapezoid on reference grid
double-well,Langevin,0,2.2800000000000002,0.044680194829788474,0.9999999999999999,0.9999999999999897,0.0,0.9134608795500795,0.4393936984004909,0.8471598631635765,0.45671220749421926,0.457691173716721,0.017315783915282157,-1.3928523387877063,1.3795041741603404,0.020000000000000018,0.09593733604311634,composite trapezoid on reference grid
double-well,Langevin,0,2.34,0.044680194829788474,1.0,0.9999999999999897,0.0,0.9123098931894719,0.45069768136627897,0.8434133593019524,0.4561502373755367,0.4565763455635864,0.016077640894090528,-1.3928523387877063,1.3795041741603404,0.020000000000000018,0.09593733604311634,composite trapezoid on reference grid
double-well,Langevin,0,2.4,0.044680194829788474,1.0,0.9999999999999897,0.0,0.9055878840661767,0.44990573463158834,0.8396190669732648,0.4525816819342863,0.4528679195877141,0.015057789733124077,-1.3928523387877063,1.3795041741603404,0.020000000000000018,0.09593733604311634,composite trapezoid on reference grid
double-well,Langevin,0,2.46,0.044680194829788474,0.9999999999999998,0.9999999999999899,0.0,0.9097915613627154,0.45146779772195234,0.8428445754261791,0.45482479647965623,0.4560733626972865,0.015099003358333418,-1.3928523387877063,1.3795041741603404,0.020000000000000018,0.09593733604311634,composite trapezoid on reference grid
double-well,Langevin,0,2.52,0.044680194829788474,1.0000000000000002,0.9999999999999896,0.0,0.9026249627983121,0.4461419430693234,0.8402990721315251,0.4513114212944371,0.4518386797048418,0.013637352908343336,-1.3928523387877063,1.3795041741603404,0.020000000000000018,0.09593733604311634,composite trapezoid on reference grid
double-well,Langevin,0,2.58,0.044680194829788474,1.0,0.9999999999999897,0.0,0.9000060094200808,0.4375544920662774,0.8257452438786534,0.44995473151131765,0.4505375944627674,0.015464862094393128,-1.3928523387877063,1.3795041741603404,0.020000000000000018,0.09593733604311634,composite trapezoid on reference grid
double-well,Langevin,0,2.64,0.044680194829788474,1.0,0.9999999999999896,0.0,0.8966579324253168,0.43782855022272854,0.8193377921435158,0.4483267749574493,0.4491146982693148,0.014652137785484132,-1.3928523387877063,1.3795041741603404,0.020000000000000018,0.09593733604311634,composite trapezoid on reference grid
double-well,Langevin,0,2.7,0.044680194829788474,1.0000000000000002,0.9999999999999897,0.0,0.8929332745070035,0.4293206435390995,0.803495742211886,0.44646644410237135,0.44667753495774043,0.01402863011455191,-1.3928523387877063,1.3795041741603404,0.020000000000000018,0.09593733604311634,composite trapezoid on reference grid
double-well,Langevin,0,2.7600000000000002,0.044680194829788474,1.0,0.9999999999999897,0.0,0.8877559700769078,0.42185019820074576,0.8038169919866562,0.44384781945173524,0.4440671199125033,0.015776451178337814,-1.3928523387877063,1.3795041741603404,0.020000000000000018,0.09593733604311634,composite trapezoid on reference grid
double-well,Langevin,0,2.82,0.044680194829788474,0.9999999999999999,0.9999999999999898,0.0,0.8844332529869772,0.41959822256233886,0.8005736006797048,0.4421325012037534,0.4422932251593873,0.014722810103958317,-1.3928523387877063,1.3795041741603404,0.020000000000000018,0.09593733604311634,composite trapezoid on reference grid
double-well,Langevin,0,2.88,0.044680194829788474,1.0,0.9999999999999896,0.0,0.8819395087427444,0.42183040953348533,0.7966433506050971,0.44096799888068683,0.4411509271636863,0.016995039581993387,-1.3928523387877063,1.3795041741603404,0.020000000000000018,0.09593733604311634,composite trapezoid on reference grid
double-well,Langevin,0,2.94,0.044680194829788474,0.9999999999999999,0.9999999999999898,0.0,0.8760421421125064,0.4070412391024632,0.7797727573416462,0.4378258187823868,0.4383224650422596,0.015420402202883238,-1.3928523387877063,1.3795041741603404,0.020000000000000018,0.09593733604311634,composite trapezoid on reference grid
double-well,Langevin,0,3.0,0.044680194829788474,1.0,0.9999999999999897,0.0,0.8729971625604306,0.4063141683868095,0.774527199221223,0.43648993385636914,0.4368892132444073,0.014729369898146827,-1.3928523387877063,1.3795041741603404,0.020000000000000018,0.09593733604311634,composite trapezoid on reference grid
double-well,Langevin,0,3.06,0.044680194829788474,1.0,0.9999999999999897,0.0,0.8703595636602725,0.4027500823523945,0.7629987186908718,0.4351777815758875,0.4364132751252091,0.015412724856619403,-1.3928523387877063,1.3795041741603404,0.020000000000000018,0.09593733604311634,composite trapezoid on reference grid
double-well,Langevin,0,3.12,0.044680194829788474,0.9999999999999999,0.9999999999999898,0.0,0.8656790089163191,0.4008023753892938,0.7632903803144191,0.4328344684930786,0.43310587009426493,0.014203971888185118,-1.3928523387877063,1.3795041741603404,0.020000000000000018,0.09593733604311634,composite trapezoid on reference grid
double-well,Langevin,0,3.18,0.044680194829788474,0.9999999999999998,0.9999999999999898,0.0,0.8669263151031716,0.3935382082515554,0.7474929041066829,0.43345890461143544,0.43483572821180433,0.015610808139773391,-1.3928523387877063,1.3795041741603404,0.020000000000000018,0.09593733604311634,composite trapezoid on reference grid
double-well,Langevin,0,3.24,0.044680194829788474,1.0,0.9999999999999896,0.0,0.8576164282188445,0.38970286844916613,0.7413627027643539,0.42879809157668025,0.42909090909090897,0.01704078043878078,-1.3928523387877063,1.3795041741603404,0.020000000000000018,0.09593733604311634,composite trapezoid on reference grid
double-well,Langevin,0,3.3000000000000003,0.044680194829788474,1.0000000000000002,0.9999999999999897,0.0,0.8575417509275708,0.3845433325530825,0.7378773828111431,0.4287529085257008,0.4308853017306851,0.013549012934480187,-1.3928523387877063,1.3795041741603404,0.020000000000000018,0.09593733604311634,composite trapezoid on reference grid
double-well,Langevin,0,3.36,0.044680194829788474,0.9999999999999999,0.9999999999999897,0.0,0.8498344122266328,0.38546038648542,0.7228118397349239,0.4249123440650945,0.42607336269728646,0.014427893104007827,-1.3928523387877063,1.3795041741603404,0.020000000000000018,0.09593733604311634,composite trapezoid on reference grid
double-well,Langevin,0,3.42,0.044680194829788474,0.9999999999999998,0.9999999999999898,0.0,0.851398354575069,0.3798199143802866,0.7265282649500386,0.42569719426115066,0.42657634556358637,0.012481803264927566,-1.3928523387877063,1.3795041741603404,0.020000000000000018,0.09593733604311634,composite trapezoid on reference grid
double-well,Langevin,0,3.48,0.044680194829788474,1.0,0.9999999999999897,0.0,0.8524152448315991,0.38318988888036115,0.738317067237805,0.4262066873630616,0.42720169584650164,0.014965764645881369,-1.3928523387877063,1.3795041741603404,0.020000000000000018,0.09593733604311634,composite trapezoid on reference grid
double-well,Langevin,0,3.54,0.044680194829788474,1.0000000000000002,0.9999999999999896,0.0,0.8487284877244864,0.3731229920176132,0.719655571499201,0.42436190171325533,0.42430361829085905,0.014330922139854319,-1.3928523387877063,1.3795041741603404,0.020000000000000018,0.09593733604311634,composite trapezoid on reference grid
double-well,Langevin,0,3.6,0.044680194829788474,1.0000000000000002,0.9999999999999896,0.0,0.8454801804343833,0.37347154936557125,0.7155428222434013,0.42274005544651083,0.42332246504225957,0.015644386614483308,-1.3928523387877063,1.3795041741603404,0.020000000000000018,0.09593733604311634,composite trapezoid on reference grid
double-well,Langevin,0,3.66,0.044680194829788474,0.9999999999999999,0.9999999999999899,0.0,0.8399300541608934,0.37910260349235897,0.7122010031347168,0.41996234588011905,0.4205375944627675,0.013318956581579444,-1.3928523387877063,1.3795041741603404,0.020000000000000018,0.09593733604311634,composite trapezoid on reference grid
double-well,Langevin,0,3.72,0.044680194829788474,0.9999999999999999,0.9999999999999898,0.0,0.8368213841374708,0.37126447573783405,0.705013302152548,0.41811752006132935,0.41909883758682986,0.01400011277268691,-1.3928523387877063,1.3795041741603404,0.020000000000000018,0.09593733604311634,composite trapezoid on reference grid
double-well,Langevin,0,3.7800000000000002,0.044680194829788474,0.9999999999999999,0.9999999999999898,0.0,0.8362286317149714,0.36496066971287566,0.6947340913071252,0.4181143134193582,0.41892663730271346,0.016272912343908097,-1.3928523387877063,1.3795041741603404,0.020000000000000018,0.09593733604311634,composite trapezoid on reference grid
double-well,Langevin,0,3.84,0.044680194829788474,0.9999999999999999,0.9999999999999898,0.0,0.8359873929473584,0.36684518383852394,0.6985483468711189,0.41797654962841835,0.4182648671900402,0.013452940682953884,-1.3928523387877063,1.3795041741603404,0.020000000000000018,0.09593733604311634,composite trapezoid on reference grid
double-well,Langevin,0,3.9,0.044680194829788474,1.0,0.9999999999999897,0.0,0.8284120442573724,0.35996182676911304,0.6848938069911406,0.41419547082116126,0.4147097263336501,0.0152863579177146,-1.3928523387877063,1.3795041741603404,0.020000000000000018,0.09593733604311634,composite trapezoid on reference grid
double-well,Langevin,0,3.96,0.044680194829788474,0.9999999999999999,0.9999999999999898,0.0,0.8218248669657979,0.3547358127218522,0.6802520628685632,0.4106227988315484,0.41143958445118967,0.013803668257359125,-1.3928523387877063,1.3795041741603404,0.020000000000000018,0.09593733604311634,composite trapezoid on reference grid
double-well,Langevin,0,4.0200000000000005,0.044680194829788474,0.9999999999999999,0.9999999999999898,0.0,0.8261154936022462,0.35363034372395574,0.6849440850372781,0.4127982669620415,0.4136284351404428,0.012252348971210691,-1.3928523387877063,1.3795041741603404,0.020000000000000018,0.09593733604311634,composite trapezoid on reference grid
double-well,Langevin,0,4.08,0.044680194829788474,1.0,0.9999999999999897,0.0,0.824854863059137,0.357626985486716,0.6890109834937201,0.41201487156513517,0.41312685525488674,0.014828708439761973,-1.3928523387877063,1.3795041741603404,0.020000000000000018,0.09593733604311634,composite trapezoid on reference grid
double-well,Langevin,0,4.14,0.044680194829788474,1.0000000000000002,0.9999999999999897,0.0,0.8235851390011821,0.35294127254258295,0.6873609590713892,0.4115307505141357,0.4123486753602805,0.014029134972452728,-1.3928523387877063,1.3795041741603404,0.020000000000000018,0.09593733604311634,composite trapezoid on reference grid
double-well,Langevin,0,4.2,0.044680194829788474,1.0,0.9999999999999897,0.0,0.8171165099866224,0.35630323482420523,0.6761471887302386,0.4082071709342165,0.40858672487479075,0.013243653497637009,-1.3928523387877063,1.3795041741603404,0.020000000000000018,0.09593733604311634,composite trapezoid on reference grid
double-well,Langevin,0,4.26,0.044680194829788474,1.0,0.9999999999999897,0.0,0.8152176418395711,0.34430825357192263,0.6739246681933171,0.4075213104376141,0.40767230980034125,0.014509771521108772,-1.3928523387877063,1.3795041741603404,0.020000000000000018,0.09593733604311634,composite trapezoid on reference grid
double-well,Langevin,0,4.32,0.044680194829788474,1.0000000000000002,0.9999999999999896,0.0,0.8123635458641487,0.34642573315785863,0.6734925194083361,0.4059489056093247,0.40665391002998613,0.014658599916095305,-1.3928523387877063,1.3795041741603404,0.020000000000000018,0.09593733604311634,composite trapezoid on reference grid
double-well,Langevin,0,4.38,0.044680194829788474,0.9999999999999998,0.9999999999999897,0.0,0.8125667874423266,0.34335387298014564,0.661534185121547,0.4062377854789977,0.4072177643457959,0.013773766812203353,-1.3928523387877063,1.3795041741603404,0.020000000000000018,0.09593733604311634,composite trapezoid on reference grid
double-well,Langevin,0,4.44,0.044680194829788474,1.0000000000000002,0.9999999999999897,0.0,0.8046672718276082,0.3422044962412893,0.6507108788992171,0.40233362793782623,0.4030175463936226,0.015795063544866428,-1.3928523387877063,1.3795041741603404,0.020000000000000018,0.09593733604311634,composite trapezoid on reference grid
double-well,Langevin,0,4.5,0.044680194829788474,1.0,0.9999999999999897,0.0,0.8049710058248309,0.34560345428821926,0.6484127196020626,0.40247538811756123,0.40304117132137685,0.01628923060296872,-1.3928523387877063,1.3795041741603404,0.020000000000000018,0.09593733604311634,composite trapezoid on reference grid
double-well,Langevin,0,4.5600000000000005,0.044680194829788474,1.0,0.9999999999999897,0.0,0.7981220107928428,0.3410487858631921,0.6381763964006903,0.3990431288269106,0.39946950645790125,0.01412576914200453,-1.3928523387877063,1.3795041741603404,0.020000000000000018,0.09593733604311634,composite trapezoid on reference grid
double-well,Langevin,0,4.62,0.044680194829788474,1.0,0.9999999999999897,0.0,0.7935250243521604,0.3353039381630476,0.6404041227249322,0.39627221720403905,0.39674223373062856,0.012105040577299053,-1.3928523387877063,1.3795041741603404,0.020000000000000018,0.09593733604311634,composite trapezoid on reference grid
double-well,Langevin,0,4.68,0.044680194829788474,1.0000000000000002,0.9999999999999896,0.0,0.7958835008433922,0.34024399806625516,0.6390356607600005,0.3978608402888017,0.39834608997001375,0.013344595565272704,-1.3928523387877063,1.3795041741603404,0.020000000000000018,0.09593733604311634,composite trapezoid on reference grid
double-well,Langevin,0,4.74,0.044680194829788474,0.9999999999999999,0.9999999999999898,0.0,0.7893128621425043,0.3315938599293733,0.6321638576485433,0.39465425132758236,0.39460041747238594,0.012228100847962359,-1.3928523387877063,1.3795041741603404,0.020000000000000018,0.09593733604311634,composite trapezoid on reference grid
double-well,Langevin,0,4.8,0.044680194829788474,1.0000000000000002,0.9999999999999896,0.0,0.7869351369791555,0.3326108750303126,0.6272594872029681,0.3929974184572703,0.3932314569433909,0.012953531547438168,-1.3928523387877063,1.3795041741603404,0.020000000000000018,0.09593733604311634,composite trapezoid on reference grid
double-well,Kinetic-Langevin,0,0.0,0.044680194829788474,1.0,0.9999999999999898,0.0,1.453569506661481,2.356893687671796,3.668195713039295,0.6698923717706247,0.681987042686254,0.059649302340571614,-1.3928523387877063,1.3795041741603404,0.020000000000000018,0.09593733604311634,composite trapezoid on reference grid
double-well,Kinetic-Langevin,0,0.06,0.044680194829788474,0.9999999999999999,0.9999999999999898,0.0,1.2019007241266781,1.036869474232195,1.7754883291407386,0.5984429289173534,0.6014995517625212,0.026257157801612474,-1.3928523387877063,1.3795041741603404,0.020000000000000018,0.09593733604311634,composite trapezoid on reference grid
double-well,Kinetic-Langevin,0,0.12,0.044680194829788474,1.0,0.9999999999999897,0.0,1.0814199780599851,0.6257888470638734,1.2129274970352448,0.5407099542593125,0.5412549278353626,0.01997815455962365,-1.3928523387877063,1.3795041741603404,0.020000000000000018,0.09593733604311634,composite trapezoid on reference grid
double-well,Kinetic-Langevin,0,0.18,0.044680194829788474,1.0,0.9999999999999897,0.0,1.029565294594855,0.6019426387135933,1.1538435173284598,0.5142231866319555,0.5151404613895094,0.01748823513329814,-1.3928523387877063,1.3795041741603404,0.020000000000000018,0.09593733604311634,composite trapezoid on reference grid
double-well,Kinetic-Langevin,0,0.24,0.044680194829788474,1.0,0.9999999999999897,0.0,1.0271547886101704,0.7433522431500388,1.2599805346134623,0.5001940039051687,0.5008153021470987,0.024722646125960118,-1.3928523387877063,1.3795041741603404,0.020000000000000018,0.09593733604311634,composite trapezoid on reference grid
double-well,Kinetic-Langevin,0,0.3,0.044680194829788474,0.9999999999999999,0.9999999999999898,0.0,1.0329003609522962,0.7274099912691281,1.258464317256371,0.49238882962256486,0.49380717978638483,0.020432837360069844,-1.3928523387877063,1.3795041741603404,0.020000000000000018,0.09593733604311634,composite trapezoid on reference grid
double-well,Kinetic-Langevin,0,0.36,0.044680194829788474,1.0000000000000002,0.9999999999999897,0.0,0.997074793627806,0.618875370863639,1.1218986537899904,0.4840467627750822,0.4852681652981115,0.018922642925153832,-1.3928523387877063,1.3795041741603404,0.020000000000000018,0.09593733604311634,composite trapezoid on reference grid
double-well,Kinetic-Langevin,0,0.42,0.044680194829788474,1.0000000000000002,0.9999999999999896,0.0,0.9501340528423472,0.5394832101852756,0.9909580855820939,0.47060979660384866,0.47088530173068505,0.015128199539141463,-1.3928523387877063,1.3795041741603404,0.020000000000000018,0.09593733604311634,composite trapezoid on reference grid
double-well,Kinetic-Langevin,0,0.48,0.044680194829788474,1.0,0.9999999999999898,0.0,0.9273453696480977,0.5080689424847066,0.9226411178176898,0.45945435630692916,0.46038351402831984,0.017607769128795803,-1.3928523387877063,1.3795041741603404,0.020000000000000018,0.09593733604311634,composite trapezoid on reference grid
double-well,Kinetic-Langevin,0,0.54,0.044680194829788474,0.9999999999999999,0.9999999999999898,0.0,0.9080338484001595,0.49950884376282545,0.898713070780774,0.4508162564297099,0.4514210345288456,0.015015341261295112,-1.3928523387877063,1.3795041741603404,0.020000000000000018,0.09593733604311634,composite trapezoid on reference grid
double-well,Kinetic-Langevin,0,0.6,0.044680194829788474,1.0,0.9999999999999897,0.0,0.8935904686764718,0.5031045357260071,0.8885801539646933,0.4461091003195725,0.44663180166174793,0.016403603843691772,-1.3928523387877063,1.3795041741603404,0.020000000000000018,0.09593733604311634,composite trapezoid on reference grid
double-well,Kinetic-Langevin,0,0.66,0.044680194829788474,0.9999999999999999,0.9999999999999898,0.0,0.8953393831123473,0.4975192823815878,0.8850123862339409,0.44611935838410904,0.4470312031676524,0.016267867884965453,-1.3928523387877063,1.3795041741603404,0.020000000000000018,0.09593733604311634,composite trapezoid on reference grid
double-well,Kinetic-Langevin,0,0.72,0.044680194829788474,1.0,0.9999999999999897,0.0,0.8846896651740481,0.5042637106843689,0.8878747630278878,0.4409717665755022,0.4417364442174667,0.019289354706800266,-1.3928523387877063,1.3795041741603404,0.020000000000000018,0.09593733604311634,composite trapezoid on reference grid
double-well,Kinetic-Langevin,0,0.78,0.044680194829788474,0.9999999999999999,0.9999999999999897,0.0,0.8788063873152399,0.48372416298523635,0.8603637547849086,0.4361562795789728,0.436794392639776,0.017189454138649918,-1.3928523387877063,1.3795041741603404,0.020000000000000018,0.09593733604311634,composite trapezoid on reference grid
double-well,Kinetic-Langevin,0,0.84,0.044680194829788474,0.9999999999999999,0.9999999999999898,0.0,0.867167836816343,0.45492121137873054,0.8198032880179618,0.43217098007302324,0.434918262399285,0.01530264408583415,-1.3928523387877063,1.3795041741603404,0.020000000000000018,0.09593733604311634,composite trapezoid on reference grid
double-well,Kinetic-Langevin,0,0.9,0.044680194829788474,1.0,0.9999999999999896,0.0,0.8508108964715729,0.44296739415905517,0.7906757805578215,0.4251534757722555,0.4253670577420753,0.01674148383613841,-1.3928523387877063,1.3795041741603404,0.020000000000000018,0.09593733604311634,composite trapezoid on reference grid
double-well,Kinetic-Langevin,0,0.96,0.044680194829788474,0.9999999999999999,0.9999999999999898,0.0,0.8397226036138514,0.4346042439091188,0.7675453931516456,0.4184573875967213,0.42047074382700256,0.016784435851520618,-1.3928523387877063,1.3795041741603404,0.020000000000000018,0.09593733604311634,composite trapezoid on reference grid
double-well,Kinetic-Langevin,0,1.02,0.044680194829788474,1.0,0.9999999999999898,0.0,0.8247289361360624,0.4127367400024305,0.735326960674225,0.412097011368906,0.41274777061393275,0.01661628241783847,-1.3928523387877063,1.3795041741603404,0.020000000000000018,0.09593733604311634,composite trapezoid on reference grid
double-well,Kinetic-Langevin,0,1.08,0.044680194829788474,0.9999999999999998,0.9999999999999898,0.0,0.8128734351423308,0.39008913262083234,0.7057724773490572,0.40636760007149,0.4071084554845316,0.017543129107553124,-1.3928523387877063,1.3795041741603404,0.020000000000000018,0.09593733604311634,composite trapezoid on reference grid
double-well,Kinetic-Langevin,0,1.1400000000000001,0.044680194829788474,1.0000000000000002,0.9999999999999896,0.0,0.8085589685981064,0.3762707783580287,0.6890714934262183,0.40335735938607403,0.4045659524321146,0.015930346728435074,-1.3928523387877063,1.3795041741603404,0.020000000000000018,0.09593733604311634,composite trapezoid on reference grid
double-well,Kinetic-Langevin,0,1.2,0.044680194829788474,1.0000000000000002,0.9999999999999896,0.0,0.7986888454916418,0.3676700658786088,0.6751313943167636,0.39897221021251733,0.39952166536704875,0.01648175239909558,-1.3928523387877063,1.3795041741603404,0.020000000000000018,0.09593733604311634,composite trapezoid on reference grid
double-well,Kinetic-Langevin,0,1.26,0.044680194829788474,0.9999999999999999,0.9999999999999898,0.0,0.7896473150317684,0.35645665864854403,0.6571828915966043,0.3934539332266105,0.3942315559513504,0.014252019616028538,-1.3928523387877063,1.3795041741603404,0.020000000000000018,0.09593733604311634,composite trapezoid on reference grid
double-well,Kinetic-Langevin,0,1.32,0.044680194829788474,1.0000000000000002,0.9999999999999896,0.0,0.7733655989292465,0.3493501669000433,0.6377056211108965,0.3859627372971799,0.3869668190443212,0.01592592161915432,-1.3928523387877063,1.3795041741603404,0.020000000000000018,0.09593733604311634,composite trapezoid on reference grid
double-well,Kinetic-Langevin,0,1.3800000000000001,0.044680194829788474,1.0,0.9999999999999897,0.0,0.7595176122091505,0.3430629033812609,0.6217417377945361,0.3795259925775312,0.38041844644399375,0.014639993281709396,-1.3928523387877063,1.3795041741603404,0.020000000000000018,0.09593733604311634,composite trapezoid on reference grid
double-well,Kinetic-Langevin,0,1.44,0.044680194829788474,1.0,0.9999999999999898,0.0,0.7463184938209522,0.33250540688723695,0.601705572580513,0.37307665479436336,0.3735814007094322,0.01382433210648576,-1.3928523387877063,1.3795041741603404,0.020000000000000018,0.09593733604311634,composite trapezoid on reference grid
double-well,Kinetic-Langevin,0,1.5,0.044680194829788474,1.0,0.9999999999999897,0.0,0.7416247927111352,0.32401499122537014,0.5896394379787846,0.37003227120382015,0.37040490669297266,0.014737861811548514,-1.3928523387877063,1.3795041741603404,0.020000000000000018,0.09593733604311634,composite trapezoid on reference grid
double-well,Kinetic-Langevin,0,1.56,0.044680194829788474,1.0,0.9999999999999896,0.0,0.7356890063240928,0.3171220707979039,0.5806808318012231,0.36626435274013114,0.3665042832240777,0.016032310925117615,-1.3928523387877063,1.3795041741603404,0.020000000000000018,0.09593733604311634,composite trapezoid on reference grid
double-well,Kinetic-Langevin,0,1.62,0.044680194829788474,1.0,0.9999999999999897,0.0,0.7270415877125955,0.30989073832247005,0.5695408161383788,0.3628575942191125,0.3632023160684782,0.014715483684042407,-1.3928523387877063,1.3795041741603404,0.020000000000000018,0.09593733604311634,composite trapezoid on reference grid
double-well,Kinetic-Langevin,0,1.68,0.044680194829788474,0.9999999999999999,0.9999999999999898,0.0,0.7153650297362371,0.2977838139340728,0.5441875275802421,0.3576814547633991,0.35887819989095904,0.013353466045115836,-1.3928523387877063,1.3795041741603404,0.020000000000000018,0.09593733604311634,composite trapezoid on reference grid
double-well,Kinetic-Langevin,0,1.74,0.044680194829788474,1.0,0.9999999999999897,0.0,0.7095896144894271,0.28664179587175187,0.5288711748332698,0.3547898072946807,0.35483572821180437,0.014777391406887136,-1.3928523387877063,1.3795041741603404,0.020000000000000018,0.09593733604311634,composite trapezoid on reference grid
double-well,Kinetic-Langevin,0,1.8,0.044680194829788474,1.0,0.9999999999999898,0.0,0.7041646014484337,0.2865797810484487,0.526278456232373,0.3509752591502224,0.35183867970484184,0.014521499330152066,-1.3928523387877063,1.3795041741603404,0.020000000000000018,0.09593733604311634,composite trapezoid on reference grid
double-well,Kinetic-Langevin,0,1.86,0.044680194829788474,0.9999999999999999,0.9999999999999898,0.0,0.6905432229648996,0.2864965979460604,0.5149346415169888,0.3443893701863699,0.34446240553723234,0.013955722321799147,-1.3928523387877063,1.3795041741603404,0.020000000000000018,0.09593733604311634,composite trapezoid on reference grid
double-well,Kinetic-Langevin,0,1.92,0.044680194829788474,0.9999999999999998,0.9999999999999898,0.0,0.6784736290727229,0.27662505770199275,0.5000848104668123,0.3389108000467399,0.33868600239793634,0.013959374847934011,-1.3928523387877063,1.3795041741603404,0.020000000000000018,0.09593733604311634,composite trapezoid on reference grid
double-well,Kinetic-Langevin,0,1.98,0.044680194829788474,1.0000000000000002,0.9999999999999897,0.0,0.665854990690837,0.2665923370251447,0.47512520977827055,0.33269062822882645,0.33310587009426496,0.01489570726936465,-1.3928523387877063,1.3795041741603404,0.020000000000000018,0.09593733604311634,composite trapezoid on reference grid
double-well,Kinetic-Langevin,0,2.04,0.044680194829788474,1.0,0.9999999999999898,0.0,0.6581936176608603,0.25974184536646605,0.47158634337872624,0.32840344223832196,0.32854887592389337,0.01248056515892959,-1.3928523387877063,1.3795041741603404,0.020000000000000018,0.09593733604311634,composite trapezoid on reference grid
double-well,Kinetic-Langevin,0,2.1,0.044680194829788474,1.0,0.9999999999999898,0.0,0.6533213154939892,0.25508089706743076,0.4632282090624623,0.32248352582526285,0.3230343245171884,0.012860198008764562,-1.3928523387877063,1.3795041741603404,0.020000000000000018,0.09593733604311634,composite trapezoid on reference grid
double-well,Kinetic-Langevin,0,2.16,0.044680194829788474,1.0,0.9999999999999897,0.0,0.6357496370291641,0.24805102106506488,0.4452546814461791,0.31756542947762234,0.3181118634118518,0.012933181721801523,-1.3928523387877063,1.3795041741603404,0.020000000000000018,0.09593733604311634,composite trapezoid on reference grid
double-well,Kinetic-Langevin,0,2.22,0.044680194829788474,1.0,0.9999999999999896,0.0,0.6320304681208486,0.2433235124408801,0.43048047189376926,0.31573248547715776,0.316794392639776,0.01323073541897321,-1.3928523387877063,1.3795041741603404,0.020000000000000018,0.09593733604311634,composite trapezoid on reference grid
double-well,Kinetic-Langevin,0,2.2800000000000002,0.044680194829788474,1.0000000000000002,0.9999999999999896,0.0,0.626275059441045,0.23472107841700973,0.41734238300431736,0.31306346198759494,0.31447549977548817,0.015620329703147556,-1.3928523387877063,1.3795041741603404,0.020000000000000018,0.09593733604311634,composite trapezoid on reference grid
double-well,Kinetic-Langevin,0,2.34,0.044680194829788474,1.0,0.9999999999999896,0.0,0.6176520153347402,0.21861161875083066,0.3996863962884442,0.30827361407264575,0.30890452893447523,0.013390957253928332,-1.3928523387877063,1.3795041741603404,0.020000000000000018,0.09593733604311634,composite trapezoid on reference grid
double-well,Kinetic-Langevin,0,2.4,0.044680194829788474,1.0,0.9999999999999896,0.0,0.608998863494159,0.21241920824249372,0.39204905220004854,0.3034991742541219,0.30380063542455926,0.012633687855415937,-1.3928523387877063,1.3795041741603404,0.020000000000000018,0.09593733604311634,composite trapezoid on reference grid
double-well,Kinetic-Langevin,0,2.46,0.044680194829788474,1.0,0.9999999999999897,0.0,0.6035249315933425,0.21118390760099812,0.3832956717639335,0.3002958023658303,0.3004545454545453,0.014001844838003874,-1.3928523387877063,1.3795041741603404,0.020000000000000018,0.09593733604311634,composite trapezoid on reference grid
double-well,Kinetic-Langevin,0,2.52,0.044680194829788474,1.0,0.9999999999999898,0.0,0.5959699879737324,0.20553736558208965,0.3724937905769994,0.2964792221786686,0.29724893809432146,0.012761265825482537,-1.3928523387877063,1.3795041741603404,0.020000000000000018,0.09593733604311634,composite trapezoid on reference grid
double-well,Kinetic-Langevin,0,2.58,0.044680194829788474,1.0,0.9999999999999896,0.0,0.5827496273371797,0.19910870986289042,0.35818684967271586,0.2901371007796586,0.2909011624131701,0.012692819814603629,-1.3928523387877063,1.3795041741603404,0.020000000000000018,0.09593733604311634,composite trapezoid on reference grid
double-well,Kinetic-Langevin,0,2.64,0.044680194829788474,1.0,0.9999999999999896,0.0,0.572297209542068,0.19527929125356897,0.3492892836412287,0.28525188746944163,0.28539958252761405,0.013280353396377953,-1.3928523387877063,1.3795041741603404,0.020000000000000018,0.09593733604311634,composite trapezoid on reference grid
double-well,Kinetic-Langevin,0,2.7,0.044680194829788474,1.0,0.9999999999999897,0.0,0.5616464120989871,0.1905426733778975,0.3421300151213389,0.2794946123822586,0.2801406468604414,0.014444947404958386,-1.3928523387877063,1.3795041741603404,0.020000000000000018,0.09593733604311634,composite trapezoid on reference grid
double-well,Kinetic-Langevin,0,2.7600000000000002,0.044680194829788474,1.0,0.9999999999999897,0.0,0.5491823362574412,0.18079527700653625,0.3281160241491886,0.273120162150722,0.2735533146281414,0.011685223855918608,-1.3928523387877063,1.3795041741603404,0.020000000000000018,0.09593733604311634,composite trapezoid on reference grid
double-well,Kinetic-Langevin,0,2.82,0.044680194829788474,1.0,0.9999999999999898,0.0,0.5396646718725566,0.17078741820375548,0.31378849053241165,0.26955795292271184,0.2696285035536765,0.01421345789131774,-1.3928523387877063,1.3795041741603404,0.020000000000000018,0.09593733604311634,composite trapezoid on reference grid
double-well,Kinetic-Langevin,0,2.88,0.044680194829788474,1.0,0.9999999999999896,0.0,0.5328605286338282,0.16449730458031359,0.2984116483679359,0.2661988504439707,0.2669668190443212,0.013908736932015803,-1.3928523387877063,1.3795041741603404,0.020000000000000018,0.09593733604311634,composite trapezoid on reference grid
double-well,Kinetic-Langevin,0,2.94,0.044680194829788474,1.0,0.9999999999999897,0.0,0.5253592070842119,0.16370220443050976,0.296420718013125,0.2616394300566163,0.26189412990573513,0.012102291896904566,-1.3928523387877063,1.3795041741603404,0.020000000000000018,0.09593733604311634,composite trapezoid on reference grid
double-well,Kinetic-Langevin,0,3.0,0.044680194829788474,1.0,0.9999999999999897,0.0,0.5215895168895358,0.16067679026620085,0.29560863909468427,0.25775446505567023,0.2577822356542041,0.01162730326714334,-1.3928523387877063,1.3795041741603404,0.020000000000000018,0.09593733604311634,composite trapezoid on reference grid
double-well,Kinetic-Langevin,0,3.06,0.044680194829788474,1.0,0.9999999999999897,0.0,0.517721753030102,0.1515881872352176,0.2834212135021369,0.2553155586093825,0.2555041842161182,0.010552038817704501,-1.3928523387877063,1.3795041741603404,0.020000000000000018,0.09593733604311634,composite trapezoid on reference grid
double-well,Kinetic-Langevin,0,3.12,0.044680194829788474,1.0,0.9999999999999897,0.0,0.504373891062768,0.14153924501460685,0.26846873107283564,0.2507199191391356,0.2509801223353164,0.012783683270568807,-1.3928523387877063,1.3795041741603404,0.020000000000000018,0.09593733604311634,composite trapezoid on reference grid
double-well,Kinetic-Langevin,0,3.18,0.044680194829788474,1.0,0.9999999999999897,0.0,0.49126526586488084,0.13625902683503893,0.25412193710958253,0.24499022604625376,0.24543075627613958,0.013579271562961459,-1.3928523387877063,1.3795041741603404,0.020000000000000018,0.09593733604311634,composite trapezoid on reference grid
double-well,Kinetic-Langevin,0,3.24,0.044680194829788474,1.0000000000000002,0.9999999999999896,0.0,0.48049139360016,0.12805499611189763,0.23930968848458722,0.23896885061930184,0.23909090909090902,0.010687715294584815,-1.3928523387877063,1.3795041741603404,0.020000000000000018,0.09593733604311634,composite trapezoid on reference grid
double-well,Kinetic-Langevin,0,3.3000000000000003,0.044680194829788474,1.0,0.9999999999999897,0.0,0.4754795858560471,0.1244970885030654,0.23609372556106545,0.237095431029142,0.23743699906092286,0.01155491554008553,-1.3928523387877063,1.3795041741603404,0.020000000000000018,0.09593733604311634,composite trapezoid on reference grid
double-well,Kinetic-Langevin,0,3.36,0.044680194829788474,1.0,0.9999999999999898,0.0,0.46797441436981063,0.12457325892639351,0.23631782580194932,0.232705709859996,0.23318181818181805,0.012198074454824986,-1.3928523387877063,1.3795041741603404,0.020000000000000018,0.09593733604311634,composite trapezoid on reference grid
double-well,Kinetic-Langevin,0,3.42,0.044680194829788474,0.9999999999999998,0.9999999999999898,0.0,0.4588850637175268,0.12977250817528468,0.23070868595378952,0.2267679591616225,0.22695882867862316,0.012048734803658784,-1.3928523387877063,1.3795041741603404,0.020000000000000018,0.09593733604311634,composite trapezoid on reference grid
double-well,Kinetic-Langevin,0,3.48,0.044680194829788474,0.9999999999999999,0.9999999999999898,0.0,0.449196819202537,0.11966674103412091,0.21990684796716825,0.22201188806280725,0.22293998192722275,0.010963236056698356,-1.3928523387877063,1.3795041741603404,0.020000000000000018,0.09593733604311634,composite trapezoid on reference grid
double-well,Kinetic-Langevin,0,3.54,0.044680194829788474,1.0,0.9999999999999897,0.0,0.4403694618649987,0.11011578942223935,0.2052226719185938,0.21825964624015526,0.2188006354245592,0.01053620323441476,-1.3928523387877063,1.3795041741603404,0.020000000000000018,0.09593733604311634,composite trapezoid on reference grid
double-well,Kinetic-Langevin,0,3.6,0.044680194829788474,1.0,0.9999999999999898,0.0,0.42953680737720323,0.10772109026756954,0.20014034197179315,0.21293616340258614,0.2132528496080437,0.016039987642953613,-1.3928523387877063,1.3795041741603404,0.020000000000000018,0.09593733604311634,composite trapezoid on reference grid
double-well,Kinetic-Langevin,0,3.66,0.044680194829788474,1.0,0.9999999999999897,0.0,0.420992993399538,0.1057531018214203,0.19418453825227747,0.20811075384719813,0.2083460899700138,0.012394273056096194,-1.3928523387877063,1.3795041741603404,0.020000000000000018,0.09593733604311634,composite trapezoid on reference grid
double-well,Kinetic-Langevin,0,3.72,0.044680194829788474,1.0,0.9999999999999897,0.0,0.40711985882677704,0.1063653269388581,0.18570272177228236,0.20190089044433035,0.20235577628094925,0.01536376830187608,-1.3928523387877063,1.3795041741603404,0.020000000000000018,0.09593733604311634,composite trapezoid on reference grid
double-well,Kinetic-Langevin,0,3.7800000000000002,0.044680194829788474,1.0,0.9999999999999898,0.0,0.405960427144223,0.10171836957554826,0.17889932648061657,0.19816397229573057,0.19865686152302364,0.010702396980956735,-1.3928523387877063,1.3795041741603404,0.020000000000000018,0.09593733604311634,composite trapezoid on reference grid
double-well,Kinetic-Langevin,0,3.84,0.044680194829788474,1.0000000000000002,0.9999999999999896,0.0,0.39763017329309175,0.0918795800847422,0.16742386905392231,0.19608015741948548,0.19678208280763015,0.010245778179604037,-1.3928523387877063,1.3795041741603404,0.020000000000000018,0.09593733604311634,composite trapezoid on reference grid
double-well,Kinetic-Langevin,0,3.9,0.044680194829788474,0.9999999999999998,0.9999999999999898,0.0,0.39471967905002137,0.08640153805442867,0.16067243009367643,0.19460894245150506,0.1954049066929726,0.010585050124987339,-1.3928523387877063,1.3795041741603404,0.020000000000000018,0.09593733604311634,composite trapezoid on reference grid
double-well,Kinetic-Langevin,0,3.96,0.044680194829788474,1.0,0.9999999999999898,0.0,0.3894595017980026,0.08539730454844052,0.16187719772417342,0.19149831579924725,0.19218967826450511,0.012031982366935728,-1.3928523387877063,1.3795041741603404,0.020000000000000018,0.09593733604311634,composite trapezoid on reference grid
double-well,Kinetic-Langevin,0,4.0200000000000005,0.044680194829788474,1.0,0.9999999999999897,0.0,0.38219198353511785,0.087584542864143,0.16053654758212724,0.18932696352247558,0.19008304900822204,0.01282677528256887,-1.3928523387877063,1.3795041741603404,0.020000000000000018,0.09593733604311634,composite trapezoid on reference grid
double-well,Kinetic-Langevin,0,4.08,0.044680194829788474,0.9999999999999999,0.9999999999999898,0.0,0.3833031709726046,0.08019235781138019,0.15468432619811875,0.18836645492214343,0.18871941264458558,0.010783067371342908,-1.3928523387877063,1.3795041741603404,0.020000000000000018,0.09593733604311634,composite trapezoid on reference grid
double-well,Kinetic-Langevin,0,4.14,0.044680194829788474,0.9999999999999999,0.9999999999999898,0.0,0.3745383600211447,0.07686370507905904,0.149382393340534,0.1853773954374739,0.1864185992905677,0.010023205758710851,-1.3928523387877063,1.3795041741603404,0.020000000000000018,0.09593733604311634,composite trapezoid on reference grid
double-well,Kinetic-Langevin,0,4.2,0.044680194829788474,1.0,0.9999999999999897,0.0,0.36402635256131466,0.07497837209574973,0.14381142676915443,0.1817905053997142,0.18265624130104713,0.010371134514185698,-1.3928523387877063,1.3795041741603404,0.020000000000000018,0.09593733604311634,composite trapezoid on reference grid
double-well,Kinetic-Langevin,0,4.26,0.044680194829788474,1.0,0.9999999999999896,0.0,0.3647147299220598,0.07365231463596153,0.1417277680187175,0.18162529566059327,0.18234867536028054,0.012339115568251062,-1.3928523387877063,1.3795041741603404,0.020000000000000018,0.09593733604311634,composite trapezoid on reference grid
double-well,Kinetic-Langevin,0,4.32,0.044680194829788474,1.0,0.9999999999999896,0.0,0.3630506462398892,0.07566909398693458,0.1455647460591738,0.17912710165779622,0.17953752604953377,0.010442190323518563,-1.3928523387877063,1.3795041741603404,0.020000000000000018,0.09593733604311634,composite trapezoid on reference grid
double-well,Kinetic-Langevin,0,4.38,0.044680194829788474,0.9999999999999999,0.9999999999999898,0.0,0.36250068518109746,0.07407327264094499,0.13843093067087084,0.17938650943591394,0.1796940917715939,0.010201105164326374,-1.3928523387877063,1.3795041741603404,0.020000000000000018,0.09593733604311634,composite trapezoid on reference grid
double-well,Kinetic-Langevin,0,4.44,0.044680194829788474,0.9999999999999998,0.9999999999999898,0.0,0.3622545633283514,0.07221569077021073,0.13428555728972333,0.18076127466761288,0.18143958445118968,0.012393646145089462,-1.3928523387877063,1.3795041741603404,0.020000000000000018,0.09593733604311634,composite trapezoid on reference grid
double-well,Kinetic-Langevin,0,4.5,0.044680194829788474,0.9999999999999999,0.9999999999999897,0.0,0.35886738091536396,0.07066947590764083,0.13529519108436233,0.17880310418685447,0.1794904916185231,0.011133426306066604,-1.3928523387877063,1.3795041741603404,0.020000000000000018,0.09593733604311634,composite trapezoid on reference grid
double-well,Kinetic-Langevin,0,4.5600000000000005,0.044680194829788474,0.9999999999999999,0.9999999999999898,0.0,0.35629078408100884,0.06872508184772397,0.1351168044357094,0.1766109746973179,0.1773437586989528,0.010855617406955703,-1.3928523387877063,1.3795041741603404,0.020000000000000018,0.09593733604311634,composite trapezoid on reference grid
double-well,Kinetic-Langevin,0,4.62,0.044680194829788474,1.0,0.9999999999999896,0.0,0.3496914799122731,0.06770923938467072,0.13232148031685484,0.17383591895024608,0.17424691758431243,0.0101982331321685,-1.3928523387877063,1.3795041741603404,0.020000000000000018,0.09593733604311634,composite trapezoid on reference grid
double-well,Kinetic-Langevin,0,4.68,0.044680194829788474,1.0,0.9999999999999898,0.0,0.34547803444122316,0.06668686264112147,0.12760679438299313,0.17180071180354073,0.1718892132444073,0.011622985165271965,-1.3928523387877063,1.3795041741603404,0.020000000000000018,0.09593733604311634,composite trapezoid on reference grid
double-well,Kinetic-Langevin,0,4.74,0.044680194829788474,1.0,0.9999999999999896,0.0,0.34035779292344576,0.06804896939542518,0.12655919634649598,0.169205133020632,0.1692580961538217,0.00977586248080578,-1.3928523387877063,1.3795041741603404,0.020000000000000018,0.09593733604311634,composite trapezoid on reference grid
double-well,Kinetic-Langevin,0,4.8,0.044680194829788474,1.0,0.9999999999999897,0.0,0.3397616405589551,0.06823453709767197,0.1259044082346858,0.16947832769937243,0.16966936130801058,0.011276387129660725,-1.3928523387877063,1.3795041741603404,0.020000000000000018,0.09593733604311634,composite trapezoid on reference grid
double-well,LSC-CP,0,0.0,0.044680194829788474,1.0,0.9999999999999898,0.0,1.453569506661481,2.356893687671796,3.668195713039295,0.6698923717706247,0.681987042686254,0.059649302340571614,-1.3928523387877063,1.3795041741603404,0.020000000000000018,0.09593733604311634,composite trapezoid on reference grid
double-well,LSC-CP,0,0.06,0.044680194829788474,1.0,0.9999999999999898,0.0,1.195804234981676,1.1348750444970472,1.8908740769565413,0.5775502376644159,0.5820105309036061,0.03171572395053404,-1.3928523387877063,1.3795041741603404,0.020000000000000018,0.09593733604311634,composite trapezoid on reference grid
double-well,LSC-CP,0,0.12,0.044680194829788474,1.0,0.9999999999999897,0.0,1.0625019603185835,0.7823164639968653,1.366131294678683,0.5215519590199539,0.5230943506915692,0.02468129140464831,-1.3928523387877063,1.3795041741603404,0.020000000000000018,0.09593733604311634,composite trapezoid on reference grid
double-well,LSC-CP,0,0.18,0.044680194829788474,0.9999999999999999,0.9999999999999898,0.0,0.9828024652491969,0.6232807807171241,1.1275225832439162,0.48276911128468675,0.48397334521889956,0.01975934631956877,-1.3928523387877063,1.3795041741603404,0.020000000000000018,0.09593733604311634,composite trapezoid on reference grid
double-well,LSC-CP,0,0.24,0.044680194829788474,1.0,0.9999999999999896,0.0,0.8960125822657328,0.4779143063631849,0.8976478441120448,0.44036987878816614,0.4417006179461723,0.0170131131747569,-1.3928523387877063,1.3795041741603404,0.020000000000000018,0.09593733604311634,composite trapezoid on reference grid
double-well,LSC-CP,0,0.3,0.044680194829788474,1.0,0.9999999999999898,0.0,0.8338623554514379,0.39262817077043866,0.7655666624836458,0.41019811341163004,0.4115696546422785,0.015464516045069321,-1.3928523387877063,1.3795041741603404,0.020000000000000018,0.09593733604311634,composite trapezoid on reference grid
double-well,LSC-CP,0,0.36,0.044680194829788474,0.9999999999999998,0.9999999999999898,0.0,0.7805498940321169,0.33296512010609036,0.6524749398876787,0.3815635563466106,0.38247874555136946,0.014607403525102203,-1.3928523387877063,1.3795041741603404,0.020000000000000018,0.09593733604311634,composite trapezoid on reference grid
double-well,LSC-CP,0,0.42,0.044680194829788474,1.0,0.9999999999999897,0.0,0.7111149576733968,0.27813236531362684,0.5519838138448282,0.3474104348350228,0.3485509821553843,0.013471080329146776,-1.3928523387877063,1.3795041741603404,0.020000000000000018,0.09593733604311634,composite trapezoid on reference grid
double-well,LSC-CP,0,0.48,0.044680194829788474,0.9999999999999999,0.9999999999999898,0.0,0.6658782095116214,0.2428867879979737,0.49185128454671423,0.32305527782617643,0.3233878364604604,0.014100094258305579,-1.3928523387877063,1.3795041741603404,0.020000000000000018,0.09593733604311634,composite trapezoid on reference grid
double-well,LSC-CP,0,0.54,0.044680194829788474,0.9999999999999999,0.9999999999999898,0.0,0.6180339453812064,0.20631224430096817,0.4357663819426659,0.2993553539581756,0.2998760932374438,0.014352276060438873,-1.3928523387877063,1.3795041741603404,0.020000000000000018,0.09593733604311634,composite trapezoid on reference grid
double-well,LSC-CP,0,0.6,0.044680194829788474,0.9999999999999998,0.9999999999999898,0.0,0.5929109693707801,0.1849718477694446,0.39501750103318406,0.2805061018828608,0.28107990705911207,0.01492487739815368,-1.3928523387877063,1.3795041741603404,0.020000000000000018,0.09593733604311634,composite trapezoid on reference grid
double-well,LSC-CP,0,0.66,0.044680194829788474,1.0,0.9999999999999897,0.0,0.5564687516184814,0.15708845780853442,0.349169413881026,0.2638376443567273,0.26501619837245716,0.013215783518057606,-1.3928523387877063,1.3795041741603404,0.020000000000000018,0.09593733604311634,composite trapezoid on reference grid
double-well,LSC-CP,0,0.72,0.044680194829788474,1.0,0.9999999999999896,0.0,0.5475261550729721,0.15034315838324028,0.3379037025748278,0.2548727236880243,0.25551194361975466,0.013633398569636301,-1.3928523387877063,1.3795041741603404,0.020000000000000018,0.09593733604311634,composite trapezoid on reference grid
double-well,LSC-CP,0,0.78,0.044680194829788474,0.9999999999999999,0.9999999999999897,0.0,0.5253368933615845,0.14912268701497966,0.32463000950545495,0.24817256452660102,0.24854257487437142,0.013931132574364541,-1.3928523387877063,1.3795041741603404,0.020000000000000018,0.09593733604311634,composite trapezoid on reference grid
double-well,LSC-CP,0,0.84,0.044680194829788474,1.0,0.9999999999999898,0.0,0.49949748540263494,0.13147407325723884,0.2852269080653976,0.23188193781889965,0.23233012543793646,0.014135957987152531,-1.3928523387877063,1.3795041741603404,0.020000000000000018,0.09593733604311634,composite trapezoid on reference grid
double-well,LSC-CP,0,0.9,0.044680194829788474,1.0,0.9999999999999896,0.0,0.4538757489092397,0.11004568199143208,0.23913359407981072,0.21394442354201781,0.2144754997754882,0.01252740410050629,-1.3928523387877063,1.3795041741603404,0.020000000000000018,0.09593733604311634,composite trapezoid on reference grid
double-well,LSC-CP,0,0.96,0.044680194829788474,0.9999999999999999,0.9999999999999898,0.0,0.40724592411152083,0.09487857615729428,0.20607633858114255,0.19523637049948966,0.19588530173068502,0.01426254604245547,-1.3928523387877063,1.3795041741603404,0.020000000000000018,0.09593733604311634,composite trapezoid on reference grid
double-well,LSC-CP,0,1.02,0.044680194829788474,0.9999999999999999,0.9999999999999898,0.0,0.39977761048529226,0.08168501729499258,0.18616742949697532,0.18472243382353448,0.18543075627613964,0.010286205999260722,-1.3928523387877063,1.3795041741603404,0.020000000000000018,0.09593733604311634,composite trapezoid on reference grid
double-well,LSC-CP,0,1.08,0.044680194829788474,1.0,0.9999999999999896,0.0,0.3739566005785243,0.07331255145451564,0.16423628123029593,0.17712664974866282,0.17809876917359596,0.011956392217230188,-1.3928523387877063,1.3795041741603404,0.020000000000000018,0.09593733604311634,composite trapezoid on reference grid
double-well,LSC-CP,0,1.1400000000000001,0.044680194829788474,1.0,0.9999999999999896,0.0,0.3619000917705615,0.06700250873656335,0.1515296195886672,0.16276415340937578,0.16296910898186823,0.011544903288683739,-1.3928523387877063,1.3795041741603404,0.020000000000000018,0.09593733604311634,composite trapezoid on reference grid
double-well,LSC-CP,0,1.2,0.044680194829788474,1.0,0.9999999999999898,0.0,0.34469455226715845,0.05828942079661295,0.12964055964477272,0.14978342568259234,0.1499289685737744,0.010636735126408309,-1.3928523387877063,1.3795041741603404,0.020000000000000018,0.09593733604311634,composite trapezoid on reference grid
double-well,LSC-CP,0,1.26,0.044680194829788474,1.0,0.9999999999999898,0.0,0.3133717282700982,0.04928162488220389,0.11089720874789902,0.13805739118504656,0.13884907283631365,0.010483968848902486,-1.3928523387877063,1.3795041741603404,0.020000000000000018,0.09593733604311634,composite trapezoid on reference grid
double-well,LSC-CP,0,1.32,0.044680194829788474,1.0,0.9999999999999898,0.0,0.2947402784876575,0.04299259872618043,0.09829809094868341,0.12556601766310715,0.1260497377695322,0.013235721167911219,-1.3928523387877063,1.3795041741603404,0.020000000000000018,0.09593733604311634,composite trapezoid on reference grid
double-well,LSC-CP,0,1.3800000000000001,0.044680194829788474,1.0,0.9999999999999897,0.0,0.28040583845246003,0.038233906720250545,0.09322577850537163,0.12268328108453647,0.12278467089248196,0.009641809983976207,-1.3928523387877063,1.3795041741603404,0.020000000000000018,0.09593733604311634,composite trapezoid on reference grid
double-well,LSC-CP,0,1.44,0.044680194829788474,1.0,0.9999999999999897,0.0,0.2726268399479384,0.03780241546354545,0.09061578142813784,0.11916490345654518,0.11997621082159421,0.01470496828173437,-1.3928523387877063,1.3795041741603404,0.020000000000000018,0.09593733604311634,composite trapezoid on reference grid
double-well,LSC-CP,0,1.5,0.044680194829788474,1.0,0.9999999999999898,0.0,0.23748284988569274,0.0269381337220364,0.06902165646546188,0.10921409743295474,0.1093036182908591,0.008485928865864828,-1.3928523387877063,1.3795041741603404,0.020000000000000018,0.09593733604311634,composite trapezoid on reference grid
double-well,LSC-CP,0,1.56,0.044680194829788474,1.0,0.9999999999999896,0.0,0.22993807952654388,0.025657154561535295,0.07006340397105981,0.10567700685512027,0.10593288008749668,0.009374814757711458,-1.3928523387877063,1.3795041741603404,0.020000000000000018,0.09593733604311634,composite trapezoid on reference grid
double-well,LSC-CP,0,1.62,0.044680194829788474,1.0000000000000002,0.9999999999999896,0.0,0.2318263905677722,0.024550834294186127,0.06345745248903452,0.09574022685137623,0.09657634556358641,0.011317297093150769,-1.3928523387877063,1.3795041741603404,0.020000000000000018,0.09593733604311634,composite trapezoid on reference grid
double-well,LSC-CP,0,1.68,0.044680194829788474,1.0,0.9999999999999898,0.0,0.2107460186086715,0.02142936986542525,0.05443885903738762,0.08428481377430697,0.08438118275725887,0.01107003166254017,-1.3928523387877063,1.3795041741603404,0.020000000000000018,0.09593733604311634,composite trapezoid on reference grid
double-well,LSC-CP,0,1.74,0.044680194829788474,0.9999999999999998,0.9999999999999898,0.0,0.19582528991255876,0.02037334014064702,0.050040892563119097,0.0779044842668809,0.07860026462581188,0.011381940072215074,-1.3928523387877063,1.3795041741603404,0.020000000000000018,0.09593733604311634,composite trapezoid on reference grid
double-well,LSC-CP,0,1.8,0.044680194829788474,1.0,0.9999999999999896,0.0,0.19868814623443076,0.02102202794803435,0.04790985538990593,0.07219840364971841,0.0727110743548155,0.013090782418749891,-1.3928523387877063,1.3795041741603404,0.020000000000000018,0.09593733604311634,composite trapezoid on reference grid
double-well,LSC-CP,0,1.86,0.044680194829788474,1.0000000000000002,0.9999999999999896,0.0,0.1986758884288233,0.019381866103866593,0.047969113679743706,0.0711360503834304,0.07176078365297256,0.010415441788438201,-1.3928523387877063,1.3795041741603404,0.020000000000000018,0.09593733604311634,composite trapezoid on reference grid
double-well,LSC-CP,0,1.92,0.044680194829788474,0.9999999999999999,0.9999999999999898,0.0,0.20086707254931774,0.020294245797694024,0.0513846907032207,0.06986094156697287,0.07098503899664421,0.009893712821486794,-1.3928523387877063,1.3795041741603404,0.020000000000000018,0.09593733604311634,composite trapezoid on reference grid
double-well,LSC-CP,0,1.98,0.044680194829788474,1.0,0.9999999999999898,0.0,0.177611376427017,0.013935796406354867,0.040688864493925475,0.06646331874679295,0.06683867970484181,0.01120010449155362,-1.3928523387877063,1.3795041741603404,0.020000000000000018,0.09593733604311634,composite trapezoid on reference grid
double-well,LSC-CP,0,2.04,0.044680194829788474,1.0,0.9999999999999898,0.0,0.1674989155649714,0.01260722731950695,0.03516136475658098,0.06097093353901262,0.06274777061393277,0.008980521214410064,-1.3928523387877063,1.3795041741603404,0.020000000000000018,0.09593733604311634,composite trapezoid on reference grid
double-well,LSC-CP,0,2.1,0.044680194829788474,1.0000000000000002,0.9999999999999896,0.0,0.16809982591431072,0.013187107477803023,0.03769307635440967,0.058953907093494795,0.05937463839543322,0.009497500450777574,-1.3928523387877063,1.3795041741603404,0.020000000000000018,0.09593733604311634,composite trapezoid on reference grid
double-well,LSC-CP,0,2.16,0.044680194829788474,1.0,0.9999999999999896,0.0,0.16346906012068696,0.014963027844716838,0.03868781526495411,0.05654512348314178,0.0575786355011334,0.010789067574858119,-1.3928523387877063,1.3795041741603404,0.020000000000000018,0.09593733604311634,composite trapezoid on reference grid
double-well,LSC-CP,0,2.22,0.044680194829788474,1.0000000000000002,0.9999999999999897,0.0,0.16355968743822175,0.01500012998752609,0.036280259149712446,0.05406589211810886,0.056387425542042124,0.010812668515883694,-1.3928523387877063,1.3795041741603404,0.020000000000000018,0.09593733604311634,composite trapezoid on reference grid
double-well,LSC-CP,0,2.2800000000000002,0.044680194829788474,1.0000000000000002,0.9999999999999896,0.0,0.17187359672541527,0.01591097183866052,0.03495855459814294,0.05290265874271083,0.053691326563295005,0.010311494750928601,-1.3928523387877063,1.3795041741603404,0.020000000000000018,0.09593733604311634,composite trapezoid on reference grid
double-well,LSC-CP,0,2.34,0.044680194829788474,1.0,0.9999999999999898,0.0,0.16029117364828604,0.012932265795090565,0.03177544117999549,0.04516969397646653,0.04473183470188846,0.011873108115679043,-1.3928523387877063,1.3795041741603404,0.020000000000000018,0.09593733604311634,composite trapezoid on reference grid
double-well,LSC-CP,0,2.4,0.044680194829788474,1.0000000000000002,0.9999999999999896,0.0,0.14839212126848567,0.012862819426975746,0.02883842280556057,0.04572741702746941,0.046216142699006646,0.010186644746259521,-1.3928523387877063,1.3795041741603404,0.020000000000000018,0.09593733604311634,composite trapezoid on reference grid
double-well,LSC-CP,0,2.46,0.044680194829788474,1.0000000000000002,0.9999999999999896,0.0,0.1568212364896736,0.013231770612069677,0.031928712242546745,0.049219271282189725,0.04713226588321773,0.01132391316911821,-1.3928523387877063,1.3795041741603404,0.020000000000000018,0.09593733604311634,composite trapezoid on reference grid
double-well,LSC-CP,0,2.52,0.044680194829788474,0.9999999999999999,0.9999999999999898,0.0,0.15241422863756643,0.011950995285570523,0.032116261570216714,0.04636793735220479,0.04312637898468685,0.00883080840764558,-1.3928523387877063,1.3795041741603404,0.020000000000000018,0.09593733604311634,composite trapezoid on reference grid
double-well,LSC-CP,0,2.58,0.044680194829788474,1.0,0.9999999999999898,0.0,0.16701915353386015,0.013136997502033534,0.033326722397049605,0.04914838380682496,0.045914660837183985,0.009350767766541687,-1.3928523387877063,1.3795041741603404,0.020000000000000018,0.09593733604311634,composite trapezoid on reference grid
double-well,LSC-CP,0,2.64,0.044680194829788474,1.0,0.9999999999999897,0.0,0.14719256664606234,0.011206339078649638,0.02960284131243697,0.038214252865348186,0.03826244637850229,0.008406872667615917,-1.3928523387877063,1.3795041741603404,0.020000000000000018,0.09593733604311634,composite trapezoid on reference grid
double-well,LSC-CP,0,2.7,0.044680194829788474,1.0000000000000002,0.9999999999999896,0.0,0.1400035612933836,0.009935481238212763,0.028548973344337526,0.035961172946855635,0.035392879364442395,0.009647690148430615,-1.3928523387877063,1.3795041741603404,0.020000000000000018,0.09593733604311634,composite trapezoid on reference grid
double-well,LSC-CP,0,2.7600000000000002,0.044680194829788474,1.0,0.9999999999999898,0.0,0.13804238255038392,0.0090701690922179,0.024173995911993554,0.03765368602723762,0.03924345143648278,0.008307718576484185,-1.3928523387877063,1.3795041741603404,0.020000000000000018,0.09593733604311634,composite trapezoid on reference grid
double-well,LSC-CP,0,2.82,0.044680194829788474,0.9999999999999999,0.9999999999999898,0.0,0.1378376332537448,0.009430813425111833,0.02607402579456883,0.04126481091733969,0.040166680979331404,0.008787004011883995,-1.3928523387877063,1.3795041741603404,0.020000000000000018,0.09593733604311634,composite trapezoid on reference grid
double-well,LSC-CP,0,2.88,0.044680194829788474,0.9999999999999999,0.9999999999999898,0.0,0.14546099098514786,0.010600453641011335,0.029959687686200706,0.041827451077524835,0.04120994185768445,0.009108139340513507,-1.3928523387877063,1.3795041741603404,0.020000000000000018,0.09593733604311634,composite trapezoid on reference grid
double-well,LSC-CP,0,2.94,0.044680194829788474,1.0,0.9999999999999898,0.0,0.14748493297552162,0.01005647372067202,0.0250501370622919,0.04424834384235443,0.04482825888423736,0.009605295929185576,-1.3928523387877063,1.3795041741603404,0.020000000000000018,0.09593733604311634,composite trapezoid on reference grid
double-well,LSC-CP,0,3.0,0.044680194829788474,1.0,0.9999999999999897,0.0,0.13927911075895663,0.009981467326787672,0.028897394031339063,0.03379943302918409,0.037780596272929845,0.007431878530014591,-1.3928523387877063,1.3795041741603404,0.020000000000000018,0.09593733604311634,composite trapezoid on reference grid
double-well,LSC-CP,0,3.06,0.044680194829788474,1.0,0.9999999999999897,0.0,0.13322588442368002,0.008046506127004357,0.02366537743430875,0.030303194949148737,0.03777468350571378,0.010757908143637973,-1.3928523387877063,1.3795041741603404,0.020000000000000018,0.09593733604311634,composite trapezoid on reference grid
double-well,LSC-CP,0,3.12,0.044680194829788474,1.0,0.9999999999999898,0.0,0.1318893010789571,0.008766116469568794,0.025975579783080495,0.033430846599682984,0.03959286532389561,0.010028650661494332,-1.3928523387877063,1.3795041741603404,0.020000000000000018,0.09593733604311634,composite trapezoid on reference grid
double-well,LSC-CP,0,3.18,0.044680194829788474,1.0,0.9999999999999897,0.0,0.1453852052843852,0.009774938925976272,0.0231899950086345,0.03844305674169268,0.04086706985598618,0.008967493075102473,-1.3928523387877063,1.3795041741603404,0.020000000000000018,0.09593733604311634,composite trapezoid on reference grid
double-well,LSC-CP,0,3.24,0.044680194829788474,1.0,0.9999999999999898,0.0,0.13864632099044097,0.009759392949089347,0.025475511880430117,0.032330071035346575,0.03868968718202076,0.008496496171131906,-1.3928523387877063,1.3795041741603404,0.020000000000000018,0.09593733604311634,composite trapezoid on reference grid
double-well,LSC-CP,0,3.3000000000000003,0.044680194829788474,1.0,0.9999999999999898,0.0,0.15943939527280593,0.011977271087244439,0.029629660030645658,0.040571422216990255,0.04768525167416798,0.01143027360405724,-1.3928523387877063,1.3795041741603404,0.020000000000000018,0.09593733604311634,composite trapezoid on reference grid
double-well,LSC-CP,0,3.36,0.044680194829788474,1.0,0.9999999999999896,0.0,0.15133425364195435,0.009459727386599767,0.025571070959766202,0.034201331889223696,0.040956501687531954,0.008007641226292272,-1.3928523387877063,1.3795041741603404,0.020000000000000018,0.09593733604311634,composite trapezoid on reference grid
double-well,LSC-CP,0,3.42,0.044680194829788474,1.0,0.9999999999999897,0.0,0.16100158901944528,0.010952794781254943,0.030409462114299006,0.036336045061442945,0.041061633254665095,0.010632592899961657,-1.3928523387877063,1.3795041741603404,0.020000000000000018,0.09593733604311634,composite trapezoid on reference grid
double-well,LSC-CP,0,3.48,0.044680194829788474,1.0,0.9999999999999898,0.0,0.15437074673345696,0.011209500522460416,0.03001474731733603,0.04200462243613279,0.04186559259662215,0.009375354527478896,-1.3928523387877063,1.3795041741603404,0.020000000000000018,0.09593733604311634,composite trapezoid on reference grid
double-well,LSC-CP,0,3.54,0.044680194829788474,0.9999999999999999,0.9999999999999898,0.0,0.13632663343516155,0.007931346031305391,0.02431119547927047,0.033346240176277187,0.042439408252059274,0.01161628665526121,-1.3928523387877063,1.3795041741603404,0.020000000000000018,0.09593733604311634,composite trapezoid on reference grid
double-well,LSC-CP,0,3.6,0.044680194829788474,1.0,0.9999999999999898,0.0,0.10836814945281609,0.005661222651036409,0.016658022874677478,0.02922470239996977,0.02859434258325888,0.009402032174605585,-1.3928523387877063,1.3795041741603404,0.020000000000000018,0.09593733604311634,composite trapezoid on reference grid
double-well,LSC-CP,0,3.66,0.044680194829788474,0.9999999999999999,0.9999999999999898,0.0,0.13112868787375614,0.009063395438713142,0.022476278423884877,0.030683272787958016,0.0390351359648205,0.008794403992070848,-1.3928523387877063,1.3795041741603404,0.020000000000000018,0.09593733604311634,composite trapezoid on reference grid
double-well,LSC-CP,0,3.72,0.044680194829788474,0.9999999999999999,0.9999999999999898,0.0,0.1319358015496534,0.008664719286110192,0.02147141724046924,0.02998228414044303,0.03812015209171511,0.01028615843879932,-1.3928523387877063,1.3795041741603404,0.020000000000000018,0.09593733604311634,composite trapezoid on reference grid
double-well,LSC-CP,0,3.7800000000000002,0.044680194829788474,1.0,0.9999999999999898,0.0,0.11260168855778568,0.006160512849060255,0.0201213931824112,0.028518424753533334,0.036253247805282385,0.008387428418494547,-1.3928523387877063,1.3795041741603404,0.020000000000000018,0.09593733604311634,composite trapezoid on reference grid
double-well,LSC-CP,0,3.84,0.044680194829788474,1.0,0.9999999999999897,0.0,0.12106089932003933,0.006812925889129094,0.019235901448734723,0.02877354973976734,0.03503491084429101,0.008337152850686709,-1.3928523387877063,1.3795041741603404,0.020000000000000018,0.09593733604311634,composite trapezoid on reference grid
double-well,LSC-CP,0,3.9,0.044680194829788474,1.0,0.9999999999999898,0.0,0.11201878824232764,0.005955254446033711,0.019245899746243633,0.02537045099921903,0.03280790092395709,0.007676808070457231,-1.3928523387877063,1.3795041741603404,0.020000000000000018,0.09593733604311634,composite trapezoid on reference grid
double-well,LSC-CP,0,3.96,0.044680194829788474,1.0,0.9999999999999898,0.0,0.10799180065221603,0.0065264803760342605,0.015246052890183086,0.027099625591576165,0.03550195623298652,0.009002110131124508,-1.3928523387877063,1.3795041741603404,0.020000000000000018,0.09593733604311634,composite trapezoid on reference grid
double-well,LSC-CP,0,4.0200000000000005,0.044680194829788474,0.9999999999999998,0.9999999999999898,0.0,0.13399407267224323,0.008379249340943515,0.021639560593956428,0.029137631734595826,0.03424513183697152,0.00886562372374726,-1.3928523387877063,1.3795041741603404,0.020000000000000018,0.09593733604311634,composite trapezoid on reference grid
double-well,LSC-CP,0,4.08,0.044680194829788474,1.0,0.9999999999999898,0.0,0.13700645283164195,0.009065461724203737,0.02581726257461,0.03380238582965604,0.04197240456424424,0.008980384152603382,-1.3928523387877063,1.3795041741603404,0.020000000000000018,0.09593733604311634,composite trapezoid on reference grid
double-well,LSC-CP,0,4.14,0.044680194829788474,1.0000000000000002,0.9999999999999897,0.0,0.12749318340525628,0.008224287806169819,0.020351481131303358,0.033851720404762725,0.04151785910969878,0.009234867364100618,-1.3928523387877063,1.3795041741603404,0.020000000000000018,0.09593733604311634,composite trapezoid on reference grid
double-well,LSC-CP,0,4.2,0.044680194829788474,1.0,0.9999999999999898,0.0,0.12627093707448905,0.007896930504799024,0.020444866840023335,0.02690473596924814,0.03380304461569564,0.008130107330368806,-1.3928523387877063,1.3795041741603404,0.020000000000000018,0.09593733604311634,composite trapezoid on reference grid
double-well,LSC-CP,0,4.26,0.044680194829788474,0.9999999999999999,0.9999999999999898,0.0,0.13873428745410366,0.010265201243158873,0.02618684847344127,0.028233991480701714,0.032665606637169664,0.008343617273739556,-1.3928523387877063,1.3795041741603404,0.020000000000000018,0.09593733604311634,composite trapezoid on reference grid
double-well,LSC-CP,0,4.32,0.044680194829788474,0.9999999999999999,0.9999999999999898,0.0,0.13105114352154212,0.008376725905128779,0.022350224442564716,0.02933531715245416,0.038367951030265864,0.009032633877811704,-1.3928523387877063,1.3795041741603404,0.020000000000000018,0.09593733604311634,composite trapezoid on reference grid
double-well,LSC-CP,0,4.38,0.044680194829788474,1.0,0.9999999999999898,0.0,0.12702273644707046,0.007336104010996661,0.018443994795455713,0.028565897067508977,0.03833436052739238,0.009846588978105947,-1.3928523387877063,1.3795041741603404,0.020000000000000018,0.09593733604311634,composite trapezoid on reference grid
double-well,LSC-CP,0,4.44,0.044680194829788474,1.0,0.9999999999999898,0.0,0.14697382925724314,0.010419163251631915,0.0250674563564769,0.03450828718578397,0.04248678958826982,0.008315954935457337,-1.3928523387877063,1.3795041741603404,0.020000000000000018,0.09593733604311634,composite trapezoid on reference grid
double-well,LSC-CP,0,4.5,0.044680194829788474,0.9999999999999999,0.9999999999999898,0.0,0.1447187431675027,0.010127024175103538,0.023006668662781053,0.032229716553206,0.04413831986935016,0.012658285715012513,-1.3928523387877063,1.3795041741603404,0.020000000000000018,0.09593733604311634,composite trapezoid on reference grid
double-well,LSC-CP,0,4.5600000000000005,0.044680194829788474,1.0,0.9999999999999898,0.0,0.1380502861564089,0.00967865060858241,0.024621919730408434,0.03323117967073008,0.04198486279751382,0.008753683126783735,-1.3928523387877063,1.3795041741603404,0.020000000000000018,0.09593733604311634,composite trapezoid on reference grid
double-well,LSC-CP,0,4.62,0.044680194829788474,1.0000000000000002,0.9999999999999896,0.0,0.14422481953058847,0.009908072021687496,0.026295118851784337,0.0323454075873454,0.0413019702735333,0.010104715039612341,-1.3928523387877063,1.3795041741603404,0.020000000000000018,0.09593733604311634,composite trapezoid on reference grid
double-well,LSC-CP,0,4.68,0.044680194829788474,1.0,0.9999999999999896,0.0,0.14965622545836693,0.010217855025682506,0.030003773366058743,0.03705333229171967,0.04488961144164602,0.008482893700229394,-1.3928523387877063,1.3795041741603404,0.020000000000000018,0.09593733604311634,composite trapezoid on reference grid
double-well,LSC-CP,0,4.74,0.044680194829788474,1.0,0.9999999999999897,0.0,0.14863320440157887,0.010612004083317864,0.02635380246960868,0.037019143566614454,0.04396175167962718,0.009710676587020406,-1.3928523387877063,1.3795041741603404,0.020000000000000018,0.09593733604311634,composite trapezoid on reference grid
double-well,LSC-CP,0,4.8,0.044680194829788474,1.0000000000000002,0.9999999999999896,0.0,0.12189508882892039,0.007467285466869817,0.0199946268957632,0.02883472136875126,0.03761688416891876,0.009393397664846592,-1.3928523387877063,1.3795041741603404,0.020000000000000018,0.09593733604311634,composite trapezoid on reference grid
double-well,CP,0,0.0,0.044680194829788474,1.0,0.9999999999999898,0.0,1.453569506661481,2.356893687671796,3.668195713039295,0.6698923717706247,0.681987042686254,0.059649302340571614,-1.3928523387877063,1.3795041741603404,0.020000000000000018,0.09593733604311634,composite trapezoid on reference grid
double-well,CP,0,0.06,0.044680194829788474,1.0,0.9999999999999897,0.0,1.2094112459895854,1.09846621283978,1.8394484990074242,0.5890779522458081,0.5940279666736368,0.033195270153592915,-1.3928523387877063,1.3795041741603404,0.020000000000000018,0.09593733604311634,composite trapezoid on reference grid
double-well,CP,0,0.12,0.044680194829788474,1.0,0.9999999999999897,0.0,1.0724494787538525,0.6892203125696932,1.2281729392509533,0.5323376192472842,0.536405559529102,0.02273742628587269,-1.3928523387877063,1.3795041741603404,0.020000000000000018,0.09593733604311634,composite trapezoid on reference grid
double-well,CP,0,0.18,0.044680194829788474,0.9999999999999999,0.9999999999999898,0.0,0.9814599557745025,0.494550500766535,0.9144680954887408,0.48709934990561266,0.4912761688733873,0.019330190924825907,-1.3928523387877063,1.3795041741603404,0.020000000000000018,0.09593733604311634,composite trapezoid on reference grid
double-well,CP,0,0.24,0.044680194829788474,1.0,0.9999999999999896,0.0,0.9069471046610145,0.3607226532522747,0.6995588534841021,0.4491770614457669,0.4509241241087131,0.01712421826617519,-1.3928523387877063,1.3795041741603404,0.020000000000000018,0.09593733604311634,composite trapezoid on reference grid
double-well,CP,0,0.3,0.044680194829788474,0.9999999999999999,0.9999999999999897,0.0,0.8747168738565649,0.30097215731280197,0.6009589012405002,0.4297210276981799,0.43183321501780403,0.013706844449967115,-1.3928523387877063,1.3795041741603404,0.020000000000000018,0.09593733604311634,composite trapezoid on reference grid
double-well,CP,0,0.36,0.044680194829788474,1.0,0.9999999999999897,0.0,0.8252890894057032,0.26697968166891045,0.5263003078511316,0.4019435354879183,0.40350163479337714,0.014824155310904752,-1.3928523387877063,1.3795041741603404,0.020000000000000018,0.09593733604311634,composite trapezoid on reference grid
double-well,CP,0,0.42,0.044680194829788474,0.9999999999999999,0.9999999999999898,0.0,0.7776791523128654,0.22672381524724505,0.46935416986341827,0.37269603401790785,0.37392880578596965,0.012789444700291586,-1.3928523387877063,1.3795041741603404,0.020000000000000018,0.09593733604311634,composite trapezoid on reference grid
double-well,CP,0,0.48,0.044680194829788474,1.0,0.9999999999999898,0.0,0.7404707270379334,0.20344400947220714,0.4149227659850575,0.34799099095336705,0.34909066648647247,0.009928880102318571,-1.3928523387877063,1.3795041741603404,0.020000000000000018,0.09593733604311634,composite trapezoid on reference grid
double-well,CP,0,0.54,0.044680194829788474,0.9999999999999999,0.9999999999999898,0.0,0.7131884948033389,0.1877518398462375,0.3835234907839882,0.33269284571371815,0.33344817310197467,0.010971866596992341,-1.3928523387877063,1.3795041741603404,0.020000000000000018,0.09593733604311634,composite trapezoid on reference grid
double-well,CP,0,0.6,0.044680194829788474,1.0,0.9999999999999897,0.0,0.6871126114641088,0.17651852690029582,0.3694638048253055,0.3169733493205854,0.31726695991839016,0.012103263080289639,-1.3928523387877063,1.3795041741603404,0.020000000000000018,0.09593733604311634,composite trapezoid on reference grid
double-well,CP,0,0.66,0.044680194829788474,1.0,0.9999999999999897,0.0,0.6610152367349557,0.1653349707126867,0.334978266855781,0.2997843226575127,0.3005904608534304,0.011856323635592747,-1.3928523387877063,1.3795041741603404,0.020000000000000018,0.09593733604311634,composite trapezoid on reference grid
double-well,CP,0,0.72,0.044680194829788474,1.0,0.9999999999999898,0.0,0.6243959943441223,0.14140458843725126,0.30470281066160804,0.28063371583215746,0.2822877604723495,0.011028831449660492,-1.3928523387877063,1.3795041741603404,0.020000000000000018,0.09593733604311634,composite trapezoid on reference grid
double-well,CP,0,0.78,0.044680194829788474,1.0,0.9999999999999896,0.0,0.5968188588296176,0.13198881447887967,0.28532057968433844,0.26542391731452103,0.2674086426716123,0.010365806517103227,-1.3928523387877063,1.3795041741603404,0.020000000000000018,0.09593733604311634,composite trapezoid on reference grid
double-well,CP,0,0.84,0.044680194829788474,0.9999999999999998,0.9999999999999898,0.0,0.5876861823968571,0.12965307935236625,0.27445532910868875,0.2558720124548117,0.25637459435164855,0.01088061227099002,-1.3928523387877063,1.3795041741603404,0.020000000000000018,0.09593733604311634,composite trapezoid on reference grid
double-well,CP,0,0.9,0.044680194829788474,0.9999999999999998,0.9999999999999898,0.0,0.5796095920166586,0.12366955791153839,0.2731975340834916,0.25240351136340333,0.25253908219288373,0.009549082544198506,-1.3928523387877063,1.3795041741603404,0.020000000000000018,0.09593733604311634,composite trapezoid on reference grid
double-well,CP,0,0.96,0.044680194829788474,1.0,0.9999999999999896,0.0,0.5612202436896202,0.11398266873440424,0.2461706480282862,0.24129421743522983,0.2414995517625213,0.01212357431752012,-1.3928523387877063,1.3795041741603404,0.020000000000000018,0.09593733604311634,composite trapezoid on reference grid
double-well,CP,0,1.02,0.044680194829788474,1.0,0.9999999999999897,0.0,0.5464108619031802,0.09882284950247314,0.22153819745856768,0.2302752367184615,0.22968136994433958,0.009228466785574901,-1.3928523387877063,1.3795041741603404,0.020000000000000018,0.09593733604311634,composite trapezoid on reference grid
double-well,CP,0,1.08,0.044680194829788474,1.0,0.9999999999999897,0.0,0.5456513064711556,0.09512441500108618,0.2082888913225617,0.22289835981636236,0.22321394067791062,0.009976653663619633,-1.3928523387877063,1.3795041741603404,0.020000000000000018,0.09593733604311634,composite trapezoid on reference grid
double-well,CP,0,1.1400000000000001,0.044680194829788474,1.0,0.9999999999999896,0.0,0.5218106639426274,0.0904203842242546,0.19841246758738001,0.20635102375969677,0.207256702904207,0.009130119390885483,-1.3928523387877063,1.3795041741603404,0.020000000000000018,0.09593733604311634,composite trapezoid on reference grid
double-well,CP,0,1.2,0.044680194829788474,1.0000000000000002,0.9999999999999896,0.0,0.5279042312843378,0.08991121188046464,0.19297622680911736,0.2062935914923154,0.20472607378186353,0.00981432753067285,-1.3928523387877063,1.3795041741603404,0.020000000000000018,0.09593733604311634,composite trapezoid on reference grid
double-well,CP,0,1.26,0.044680194829788474,0.9999999999999998,0.9999999999999898,0.0,0.5154604435543333,0.08454880717666952,0.18636576516825235,0.20122064802674505,0.20187873755555225,0.008950346745412396,-1.3928523387877063,1.3795041741603404,0.020000000000000018,0.09593733604311634,composite trapezoid on reference grid
double-well,CP,0,1.32,0.044680194829788474,1.0000000000000002,0.9999999999999896,0.0,0.5158199625880022,0.08285187976675085,0.18772168216959578,0.19745089389274,0.19694733922946372,0.009587733928308528,-1.3928523387877063,1.3795041741603404,0.020000000000000018,0.09593733604311634,composite trapezoid on reference grid
double-well,CP,0,1.3800000000000001,0.044680194829788474,0.9999999999999998,0.9999999999999899,0.0,0.5115795963694768,0.08080550306667819,0.18589481373150166,0.19455873012040503,0.19271124835875247,0.009099662145859416,-1.3928523387877063,1.3795041741603404,0.020000000000000018,0.09593733604311634,composite trapezoid on reference grid
double-well,CP,0,1.44,0.044680194829788474,0.9999999999999998,0.9999999999999898,0.0,0.5259153724199706,0.0791215313294351,0.17396032284853835,0.20064957859930393,0.20040122190888834,0.010248345835182082,-1.3928523387877063,1.3795041741603404,0.020000000000000018,0.09593733604311634,composite trapezoid on reference grid
double-well,CP,0,1.5,0.044680194829788474,1.0000000000000002,0.9999999999999896,0.0,0.5014100064873557,0.07310171086589355,0.15185408052241375,0.18454631711096087,0.18459167443074506,0.008383889180160642,-1.3928523387877063,1.3795041741603404,0.020000000000000018,0.09593733604311634,composite trapezoid on reference grid
double-well,CP,0,1.56,0.044680194829788474,1.0,0.9999999999999896,0.0,0.5025422850831625,0.07605701907658763,0.15841680795616753,0.18113308780793025,0.1794921309997974,0.007784142258754484,-1.3928523387877063,1.3795041741603404,0.020000000000000018,0.09593733604311634,composite trapezoid on reference grid
double-well,CP,0,1.62,0.044680194829788474,1.0,0.9999999999999896,0.0,0.47889615832806665,0.06958889625573166,0.138972302347103,0.1676149879551739,0.16653537747939828,0.006827264470343264,-1.3928523387877063,1.3795041741603404,0.020000000000000018,0.09593733604311634,composite trapezoid on reference grid
double-well,CP,0,1.68,0.044680194829788474,1.0,0.9999999999999898,0.0,0.4654934297232708,0.06165904813735161,0.12719043261710233,0.16502409473364463,0.16367838468946838,0.009780151989130348,-1.3928523387877063,1.3795041741603404,0.020000000000000018,0.09593733604311634,composite trapezoid on reference grid
double-well,CP,0,1.74,0.044680194829788474,1.0,0.9999999999999897,0.0,0.4524582916033628,0.06022886148281378,0.14761585231813673,0.15455594894974897,0.15312849463616104,0.007781334310181298,-1.3928523387877063,1.3795041741603404,0.020000000000000018,0.09593733604311634,composite trapezoid on reference grid
double-well,CP,0,1.8,0.044680194829788474,1.0,0.9999999999999897,0.0,0.44956542442913244,0.05885062047634133,0.14437255334510923,0.15244143290508572,0.15106278541504214,0.007973818762742585,-1.3928523387877063,1.3795041741603404,0.020000000000000018,0.09593733604311634,composite trapezoid on reference grid
double-well,CP,0,1.86,0.044680194829788474,0.9999999999999998,0.9999999999999898,0.0,0.46222510312394516,0.06127460912092441,0.14074891391274158,0.1581710958016605,0.15785643013855466,0.008286840533387019,-1.3928523387877063,1.3795041741603404,0.020000000000000018,0.09593733604311634,composite trapezoid on reference grid
double-well,CP,0,1.92,0.044680194829788474,0.9999999999999998,0.9999999999999899,0.0,0.44848513668525175,0.05893237955992365,0.13297788033174257,0.1567646120874241,0.15680215744966153,0.010384581508153023,-1.3928523387877063,1.3795041741603404,0.020000000000000018,0.09593733604311634,composite trapezoid on reference grid
double-well,CP,0,1.98,0.044680194829788474,1.0,0.9999999999999896,0.0,0.4434545438405003,0.05436424340857597,0.11438283605968214,0.15408238547761174,0.1522253164942862,0.009783417838136133,-1.3928523387877063,1.3795041741603404,0.020000000000000018,0.09593733604311634,composite trapezoid on reference grid
double-well,CP,0,2.04,0.044680194829788474,1.0,0.9999999999999896,0.0,0.43316102233046316,0.050911407205673206,0.11328910010935865,0.14960586184724922,0.14881698287277262,0.008888389620255982,-1.3928523387877063,1.3795041741603404,0.020000000000000018,0.09593733604311634,composite trapezoid on reference grid
double-well,CP,0,2.1,0.044680194829788474,1.0,0.9999999999999896,0.0,0.43255579881858663,0.05348493539361909,0.11887199091023012,0.14437924054203757,0.14322803806710868,0.008186001954000016,-1.3928523387877063,1.3795041741603404,0.020000000000000018,0.09593733604311634,composite trapezoid on reference grid
double-well,CP,0,2.16,0.044680194829788474,1.0,0.9999999999999897,0.0,0.444439719404762,0.05625643000188963,0.13635476641555971,0.14569011343681204,0.14267986194883167,0.009201094386727893,-1.3928523387877063,1.3795041741603404,0.020000000000000018,0.09593733604311634,composite trapezoid on reference grid
double-well,CP,0,2.22,0.044680194829788474,1.0000000000000002,0.9999999999999896,0.0,0.42588745284330404,0.05027152461772713,0.12217835681861441,0.13553824903297518,0.13324348427192123,0.0065989768950776295,-1.3928523387877063,1.3795041741603404,0.020000000000000018,0.09593733604311634,composite trapezoid on reference grid
double-well,CP,0,2.2800000000000002,0.044680194829788474,1.0000000000000002,0.9999999999999896,0.0,0.44745686552961583,0.05402458021428244,0.1253714452238452,0.14421824918448015,0.14082846271240657,0.00819726615800781,-1.3928523387877063,1.3795041741603404,0.020000000000000018,0.09593733604311634,composite trapezoid on reference grid
double-well,CP,0,2.34,0.044680194829788474,1.0,0.9999999999999898,0.0,0.4490851889221715,0.05431681201296415,0.11706060980025963,0.14241979648456418,0.13967461195673647,0.009396378845062003,-1.3928523387877063,1.3795041741603404,0.020000000000000018,0.09593733604311634,composite trapezoid on reference grid
double-well,CP,0,2.4,0.044680194829788474,1.0,0.9999999999999898,0.0,0.4354936693776741,0.052038477543708724,0.11838798015325101,0.13349256367011259,0.13257304998121028,0.009564387023569182,-1.3928523387877063,1.3795041741603404,0.020000000000000018,0.09593733604311634,composite trapezoid on reference grid
double-well,CP,0,2.46,0.044680194829788474,1.0,0.9999999999999896,0.0,0.4359896020141312,0.050474891886061427,0.11159182732474164,0.1352383255033157,0.13257473038169856,0.0074652929230022425,-1.3928523387877063,1.3795041741603404,0.020000000000000018,0.09593733604311634,composite trapezoid on reference grid
double-well,CP,0,2.52,0.044680194829788474,1.0,0.9999999999999896,0.0,0.41746258997974284,0.04501159974127984,0.09889769302005591,0.1353632692978473,0.133029275836244,0.009192136156484565,-1.3928523387877063,1.3795041741603404,0.020000000000000018,0.09593733604311634,composite trapezoid on reference grid
double-well,CP,0,2.58,0.044680194829788474,0.9999999999999999,0.9999999999999898,0.0,0.444946455717651,0.04880506357825655,0.10906455851273261,0.1324180332837335,0.13075654856351673,0.00835026969781491,-1.3928523387877063,1.3795041741603404,0.020000000000000018,0.09593733604311634,composite trapezoid on reference grid
double-well,CP,0,2.64,0.044680194829788474,1.0,0.9999999999999898,0.0,0.4354426770410532,0.0498820458374198,0.09804146332977728,0.12819214289920136,0.12757304998121033,0.008843505681901453,-1.3928523387877063,1.3795041741603404,0.020000000000000018,0.09593733604311634,composite trapezoid on reference grid
double-well,CP,0,2.7,0.044680194829788474,0.9999999999999999,0.9999999999999897,0.0,0.42248088729983235,0.04719798000286794,0.10168338272857269,0.11987624851025847,0.1163162255851953,0.008606260065132779,-1.3928523387877063,1.3795041741603404,0.020000000000000018,0.09593733604311634,composite trapezoid on reference grid
double-well,CP,0,2.7600000000000002,0.044680194829788474,0.9999999999999999,0.9999999999999897,0.0,0.428211046860273,0.051067460722123065,0.11193508757346457,0.12111992667545068,0.12128300816695198,0.008097733102500351,-1.3928523387877063,1.3795041741603404,0.020000000000000018,0.09593733604311634,composite trapezoid on reference grid
double-well,CP,0,2.82,0.044680194829788474,1.0,0.9999999999999897,0.0,0.4161786582531838,0.04822828745122372,0.11225063295296919,0.1191614869059755,0.11711850452666484,0.009753849810339443,-1.3928523387877063,1.3795041741603404,0.020000000000000018,0.09593733604311634,composite trapezoid on reference grid
double-well,CP,0,2.88,0.044680194829788474,1.0000000000000002,0.9999999999999896,0.0,0.41655309703293414,0.04930433107471861,0.10432569284386536,0.11638432093849,0.11524048313900292,0.008279986515257853,-1.3928523387877063,1.3795041741603404,0.020000000000000018,0.09593733604311634,composite trapezoid on reference grid
double-well,CP,0,2.94,0.044680194829788474,1.0,0.9999999999999898,0.0,0.4174032659903213,0.05096123521963804,0.11360989450916745,0.10995299174207512,0.1094921309997974,0.007253149339009779,-1.3928523387877063,1.3795041741603404,0.020000000000000018,0.09593733604311634,composite trapezoid on reference grid
double-well,CP,0,3.0,0.044680194829788474,1.0,0.9999999999999898,0.0,0.4325762692646973,0.049894354889560094,0.10897757638525027,0.11707861422475466,0.11528786447521347,0.008288857287936352,-1.3928523387877063,1.3795041741603404,0.020000000000000018,0.09593733604311634,composite trapezoid on reference grid
double-well,CP,0,3.06,0.044680194829788474,1.0,0.9999999999999897,0.0,0.4348700042376474,0.04714542088916912,0.10731064431336967,0.1227453136528582,0.12165150083884982,0.009010230102594885,-1.3928523387877063,1.3795041741603404,0.020000000000000018,0.09593733604311634,composite trapezoid on reference grid
double-well,CP,0,3.12,0.044680194829788474,0.9999999999999999,0.9999999999999898,0.0,0.4248590854031658,0.04676522061520051,0.10305760508918897,0.11974244043864837,0.11983331902066799,0.00963341091560005,-1.3928523387877063,1.3795041741603404,0.020000000000000018,0.09593733604311634,composite trapezoid on reference grid
double-well,CP,0,3.18,0.044680194829788474,1.0,0.9999999999999897,0.0,0.4306611511505897,0.04812618220927868,0.10056495881403449,0.11953295660119614,0.11876552104764554,0.009038985922387555,-1.3928523387877063,1.3795041741603404,0.020000000000000018,0.09593733604311634,composite trapezoid on reference grid
double-well,CP,0,3.24,0.044680194829788474,0.9999999999999999,0.9999999999999898,0.0,0.46190020581473956,0.05314534158474504,0.11175496050449801,0.12605042369846703,0.12446482634877015,0.007790520637132203,-1.3928523387877063,1.3795041741603404,0.020000000000000018,0.09593733604311634,composite trapezoid on reference grid
double-well,CP,0,3.3000000000000003,0.044680194829788474,1.0,0.9999999999999896,0.0,0.45387712324315344,0.05405887342276594,0.1123167227870494,0.1244353203525613,0.12128300816695198,0.010321683116412295,-1.3928523387877063,1.3795041741603404,0.020000000000000018,0.09593733604311634,composite trapezoid on reference grid
double-well,CP,0,3.36,0.044680194829788474,0.9999999999999999,0.9999999999999898,0.0,0.4103328872123773,0.045983217847607664,0.09981190507146204,0.11401382997646026,0.11160411950263927,0.00794633577171161,-1.3928523387877063,1.3795041741603404,0.020000000000000018,0.09593733604311634,composite trapezoid on reference grid
double-well,CP,0,3.42,0.044680194829788474,0.9999999999999999,0.9999999999999898,0.0,0.4011125790033224,0.043133222182853814,0.09475901955117333,0.11259489712763007,0.10901028089422471,0.007215841598114697,-1.3928523387877063,1.3795041741603404,0.020000000000000018,0.09593733604311634,composite trapezoid on reference grid
double-well,CP,0,3.48,0.044680194829788474,1.0,0.9999999999999897,0.0,0.3856835309007942,0.03830752184252863,0.08246581627990232,0.11253467168226955,0.10936073011609597,0.00861314021512144,-1.3928523387877063,1.3795041741603404,0.020000000000000018,0.09593733604311634,composite trapezoid on reference grid
double-well,CP,0,3.54,0.044680194829788474,1.0000000000000002,0.9999999999999896,0.0,0.4041862816427938,0.04165063487344517,0.08500348693406634,0.11176180540907935,0.11117750351518868,0.006902959234266953,-1.3928523387877063,1.3795041741603404,0.020000000000000018,0.09593733604311634,composite trapezoid on reference grid
double-well,CP,0,3.6,0.044680194829788474,1.0,0.9999999999999898,0.0,0.40239851310024966,0.04519288006781247,0.10362382180636548,0.10955992012924089,0.10647402492199035,0.006834474202763452,-1.3928523387877063,1.3795041741603404,0.020000000000000018,0.09593733604311634,composite trapezoid on reference grid
double-well,CP,0,3.66,0.044680194829788474,1.0,0.9999999999999897,0.0,0.4110977101002965,0.043401961410941575,0.08902539132725786,0.11479642724819542,0.11460122767154313,0.009809193748251122,-1.3928523387877063,1.3795041741603404,0.020000000000000018,0.09593733604311634,composite trapezoid on reference grid
double-well,CP,0,3.72,0.044680194829788474,0.9999999999999999,0.9999999999999898,0.0,0.4024514761814888,0.043811210952042656,0.08830259154742276,0.10885989841466576,0.10778304585336132,0.007575929220850597,-1.3928523387877063,1.3795041741603404,0.020000000000000018,0.09593733604311634,composite trapezoid on reference grid
double-well,CP,0,3.7800000000000002,0.044680194829788474,1.0,0.9999999999999897,0.0,0.4063534429782783,0.04591066962556725,0.09125035070332385,0.11303607409634783,0.11142530245373942,0.010912960144914496,-1.3928523387877063,1.3795041741603404,0.020000000000000018,0.09593733604311634,composite trapezoid on reference grid
double-well,CP,0,3.84,0.044680194829788474,1.0,0.9999999999999897,0.0,0.4259187444821193,0.046863116428248267,0.10166816787210804,0.11390919339982336,0.11254113987882505,0.00763685064849956,-1.3928523387877063,1.3795041741603404,0.020000000000000018,0.09593733604311634,composite trapezoid on reference grid
double-well,CP,0,3.9,0.044680194829788474,0.9999999999999999,0.9999999999999898,0.0,0.4120491341405473,0.04475323180407662,0.09827081117692894,0.1063334610696468,0.1056950285935484,0.007645576269821819,-1.3928523387877063,1.3795041741603404,0.020000000000000018,0.09593733604311634,composite trapezoid on reference grid
double-well,CP,0,3.96,0.044680194829788474,1.0,0.9999999999999896,0.0,0.4145494640073385,0.043315972950557065,0.09544954560608507,0.11334170056115514,0.11117750351518868,0.008405691260680026,-1.3928523387877063,1.3795041741603404,0.020000000000000018,0.09593733604311634,composite trapezoid on reference grid
double-well,CP,0,4.0200000000000005,0.044680194829788474,1.0,0.9999999999999898,0.0,0.4203587385105232,0.04680156412944772,0.09878446386728268,0.11556365022908141,0.11187984790828488,0.008589751138133206,-1.3928523387877063,1.3795041741603404,0.020000000000000018,0.09593733604311634,composite trapezoid on reference grid
double-well,CP,0,4.08,0.044680194829788474,1.0,0.9999999999999897,0.0,0.43152019310486245,0.04706074400222718,0.1034941735571786,0.1087124885708565,0.11163345738882391,0.008172390967603138,-1.3928523387877063,1.3795041741603404,0.020000000000000018,0.09593733604311634,composite trapezoid on reference grid
double-well,CP,0,4.14,0.044680194829788474,1.0,0.9999999999999896,0.0,0.4164976114129745,0.0432606212203672,0.09904038788947414,0.10574424336839282,0.10570847255476645,0.007856907806891134,-1.3928523387877063,1.3795041741603404,0.020000000000000018,0.09593733604311634,composite trapezoid on reference grid
double-well,CP,0,4.2,0.044680194829788474,1.0,0.9999999999999896,0.0,0.42881965515740916,0.04678391003085135,0.10742247824924438,0.10866895982702685,0.10951054370116386,0.007292924475929996,-1.3928523387877063,1.3795041741603404,0.020000000000000018,0.09593733604311634,composite trapezoid on reference grid
double-well,CP,0,4.26,0.044680194829788474,0.9999999999999999,0.9999999999999898,0.0,0.39752952263322644,0.04079254988718009,0.1005080294202492,0.10102883873526908,0.10219209907604321,0.008246730501700494,-1.3928523387877063,1.3795041741603404,0.020000000000000018,0.09593733604311634,composite trapezoid on reference grid
double-well,CP,0,4.32,0.044680194829788474,1.0,0.9999999999999897,0.0,0.4143103266899119,0.04337615132941909,0.09661648473778651,0.10524341483444466,0.11101947946744517,0.007560889657116515,-1.3928523387877063,1.3795041741603404,0.020000000000000018,0.09593733604311634,composite trapezoid on reference grid
double-well,CP,0,4.38,0.044680194829788474,0.9999999999999999,0.9999999999999898,0.0,0.4229110915370999,0.045719572762758044,0.11325800526341406,0.10785843758827351,0.1140559982466185,0.008781277540675037,-1.3928523387877063,1.3795041741603404,0.020000000000000018,0.09593733604311634,composite trapezoid on reference grid
double-well,CP,0,4.44,0.044680194829788474,0.9999999999999999,0.9999999999999898,0.0,0.39476600596918376,0.03718853135970637,0.08667519057039803,0.09909835772011999,0.10298119982749365,0.008227535048076065,-1.3928523387877063,1.3795041741603404,0.020000000000000018,0.09593733604311634,composite trapezoid on reference grid
double-well,CP,0,4.5,0.044680194829788474,0.9999999999999998,0.9999999999999898,0.0,0.4029966585360778,0.038678903909104806,0.09111404288420197,0.10433751819245982,0.10252665437294828,0.0074807003042258735,-1.3928523387877063,1.3795041741603404,0.020000000000000018,0.09593733604311634,composite trapezoid on reference grid
double-well,CP,0,4.5600000000000005,0.044680194829788474,0.9999999999999999,0.9999999999999897,0.0,0.39126479073510706,0.03631823369029619,0.08230019090536447,0.10206945294686846,0.09983807419413845,0.008945460821429968,-1.3928523387877063,1.3795041741603404,0.020000000000000018,0.09593733604311634,composite trapezoid on reference grid
double-well,CP,0,4.62,0.044680194829788474,1.0,0.9999999999999897,0.0,0.3997071709919354,0.04055872219841507,0.09499103629101574,0.10281018489022141,0.10259634606590284,0.0066933806063116386,-1.3928523387877063,1.3795041741603404,0.020000000000000018,0.09593733604311634,composite trapezoid on reference grid
double-well,CP,0,4.68,0.044680194829788474,1.0,0.9999999999999897,0.0,0.4134355788144669,0.042542624085876085,0.08952513936469866,0.10922204823991757,0.10620941361757391,0.009062774058692602,-1.3928523387877063,1.3795041741603404,0.020000000000000018,0.09593733604311634,composite trapezoid on reference grid
double-well,CP,0,4.74,0.044680194829788474,1.0,0.9999999999999896,0.0,0.4245978918142343,0.04495899931411476,0.09514205218051902,0.10845768078579582,0.10764664453058836,0.008393627941861992,-1.3928523387877063,1.3795041741603404,0.020000000000000018,0.09593733604311634,composite trapezoid on reference grid
double-well,CP,0,4.8,0.044680194829788474,1.0,0.9999999999999896,0.0,0.404596239006445,0.04105314570095717,0.09067874200324517,0.10520943380767095,0.10116301800931182,0.007265576197999918,-1.3928523387877063,1.3795041741603404,0.020000000000000018,0.09593733604311634,composite trapezoid on reference grid
double-well,Langevin,1,0.0,0.044680194829788474,1.0,0.9999999999999897,0.0,1.443676601776298,2.3183492090071316,3.610755468678538,0.6681285647017237,0.6768503043142742,0.06342948654036215,-1.3928523387877063,1.3795041741603404,0.020000000000000018,0.09593733604311634,composite trapezoid on reference grid
double-well,Langevin,1,0.06,0.044680194829788474,1.0,0.9999999999999897,0.0,1.2428935155891991,1.2261990582059514,2.03896402481056,0.6074933445175106,0.6102999461359284,0.0356685176447909,-1.3928523387877063,1.3795041741603404,0.020000000000000018,0.09593733604311634,composite trapezoid on reference grid
double-well,Langevin,1,0.12,0.044680194829788474,1.0,0.9999999999999897,0.0,1.156230537624905,0.9214863782427047,1.5998425624911572,0.57750740661082,0.5795396871911174,0.024863238596111337,-1.3928523387877063,1.3795041741603404,0.020000000000000018,0.09593733604311634,composite trapezoid on reference grid
double-well,Langevin,1,0.18,0.044680194829788474,0.9999999999999999,0.9999999999999897,0.0,1.1199781461157368,0.7817483888786828,1.404485788755778,0.5599880215670816,0.5622724846682906,0.022482530721116334,-1.3928523387877063,1.3795041741603404,0.020000000000000018,0.09593733604311634,composite trapezoid on reference grid
double-well,Langevin,1,0.24,0.044680194829788474,1.0,0.9999999999999897,0.0,1.0889072202873173,0.7264669855789232,1.3207461702980912,0.5444436617548367,0.5459895886211833,0.019929793304410692,-1.3928523387877063,1.3795041741603404,0.020000000000000018,0.09593733604311634,composite trapezoid on reference grid
double-well,Langevin,1,0.3,0.044680194829788474,1.0,0.9999999999999897,0.0,1.0790471050493755,0.6751147100844109,1.2554485621818454,0.5395235364857442,0.540430086766798,0.017550151471997177,-1.3928523387877063,1.3795041741603404,0.020000000000000018,0.09593733604311634,composite trapezoid on reference grid
double-well,Langevin,1,0.36,0.044680194829788474,0.9999999999999999,0.9999999999999898,0.0,1.0761781723245458,0.647988575058474,1.2182170761929565,0.5380886162237833,0.5398702751747624,0.018002836302766723,-1.3928523387877063,1.3795041741603404,0.020000000000000018,0.09593733604311634,composite trapezoid on reference grid
double-well,Langevin,1,0.42,0.044680194829788474,1.0,0.9999999999999898,0.0,1.0652312939200528,0.6281021868295246,1.1868365764156423,0.5326138627299352,0.5344637169447395,0.01761302648632257,-1.3928523387877063,1.3795041741603404,0.020000000000000018,0.09593733604311634,composite trapezoid on reference grid
double-well,Langevin,1,0.48,0.044680194829788474,1.0000000000000002,0.9999999999999897,0.0,1.0559105508177802,0.6191292867466532,1.1730969845731414,0.5279376795126619,0.5288423819150059,0.019307548908165495,-1.3928523387877063,1.3795041741603404,0.020000000000000018,0.09593733604311634,composite trapezoid on reference grid
double-well,Langevin,1,0.54,0.044680194829788474,1.0,0.9999999999999897,0.0,1.0498197494352166,0.6039063251852912,1.1427866238217987,0.5249046002617745,0.5259895886211833,0.016779561027726347,-1.3928523387877063,1.3795041741603404,0.020000000000000018,0.09593733604311634,composite trapezoid on reference grid
double-well,Langevin,1,0.6,0.044680194829788474,0.9999999999999998,0.9999999999999898,0.0,1.0478105971520202,0.5911669897655669,1.1264051415098995,0.5239052972571251,0.5242919739974099,0.016308890909446205,-1.3928523387877063,1.3795041741603404,0.020000000000000018,0.09593733604311634,composite trapezoid on reference grid
double-well,Langevin,1,0.66,0.044680194829788474,1.0,0.9999999999999897,0.0,1.0444994964821794,0.5958202133160622,1.1313849703030896,0.5222462407726266,0.5229050076780057,0.01804031285353841,-1.3928523387877063,1.3795041741603404,0.020000000000000018,0.09593733604311634,composite trapezoid on reference grid
double-well,Langevin,1,0.72,0.044680194829788474,0.9999999999999999,0.9999999999999898,0.0,1.033292588826737,0.5817529661169598,1.1066324870401374,0.5166395985942658,0.5178677341167821,0.016157412633036716,-1.3928523387877063,1.3795041741603404,0.020000000000000018,0.09593733604311634,composite trapezoid on reference grid
double-well,Langevin,1,0.78,0.044680194829788474,1.0,0.9999999999999897,0.0,1.0257644150992602,0.5803148694704738,1.0870567422243003,0.5128757532205575,0.5135124568738074,0.019247861099964014,-1.3928523387877063,1.3795041741603404,0.020000000000000018,0.09593733604311634,composite trapezoid on reference grid
double-well,Langevin,1,0.84,0.044680194829788474,0.9999999999999999,0.9999999999999898,0.0,1.017414486599844,0.5673039404076713,1.0724656655255858,0.5086864007818093,0.509378267482542,0.015646316377877556,-1.3928523387877063,1.3795041741603404,0.020000000000000018,0.09593733604311634,composite trapezoid on reference grid
double-well,Langevin,1,0.9,0.044680194829788474,1.0,0.9999999999999898,0.0,1.0090974163420294,0.5574943790159452,1.0548815174093462,0.504548705732887,0.5055814913195265,0.018153350603514917,-1.3928523387877063,1.3795041741603404,0.020000000000000018,0.09593733604311634,composite trapezoid on reference grid
double-well,Langevin,1,0.96,0.044680194829788474,0.9999999999999999,0.9999999999999898,0.0,1.0087080977001734,0.5463608171303171,1.0484377254981723,0.5043470910395564,0.5049125122875298,0.015099681456667569,-1.3928523387877063,1.3795041741603404,0.020000000000000018,0.09593733604311634,composite trapezoid on reference grid
double-well,Langevin,1,1.02,0.044680194829788474,1.0,0.9999999999999897,0.0,1.0061130601655885,0.5382184876738313,1.0294285721843788,0.5030514050807815,0.5033526343318393,0.016783992644768916,-1.3928523387877063,1.3795041741603404,0.020000000000000018,0.09593733604311634,composite trapezoid on reference grid
double-well,Langevin,1,1.08,0.044680194829788474,1.0000000000000002,0.9999999999999897,0.0,0.9957761584259298,0.530553831235336,1.018108606427821,0.4978179898944548,0.4987838573009934,0.015350903663433668,-1.3928523387877063,1.3795041741603404,0.020000000000000018,0.09593733604311634,composite trapezoid on reference grid
double-well,Langevin,1,1.1400000000000001,0.044680194829788474,0.9999999999999998,0.9999999999999898,0.0,0.9946518834617573,0.5235803851443315,1.0142596909592798,0.4973259337549001,0.4975712642338695,0.01422635052217433,-1.3928523387877063,1.3795041741603404,0.020000000000000018,0.09593733604311634,composite trapezoid on reference grid
double-well,Langevin,1,1.2,0.044680194829788474,0.9999999999999999,0.9999999999999898,0.0,0.9894231668698183,0.5187599939141709,1.001437250235687,0.49471056068352764,0.49587299189853923,0.014246622302942186,-1.3928523387877063,1.3795041741603404,0.020000000000000018,0.09593733604311634,composite trapezoid on reference grid
double-well,Langevin,1,1.26,0.044680194829788474,0.9999999999999999,0.9999999999999898,0.0,0.9884611901873219,0.5211582511759517,0.994847411610035,0.4942258944883947,0.4950573981652093,0.016657817080493575,-1.3928523387877063,1.3795041741603404,0.020000000000000018,0.09593733604311634,composite trapezoid on reference grid
double-well,Langevin,1,1.32,0.044680194829788474,1.0000000000000002,0.9999999999999896,0.0,0.9875919236981072,0.5227420349802805,0.9929016996279207,0.4937954919105645,0.49408298059498823,0.016154975283570294,-1.3928523387877063,1.3795041741603404,0.020000000000000018,0.09593733604311634,composite trapezoid on reference grid
double-well,Langevin,1,1.3800000000000001,0.044680194829788474,1.0,0.9999999999999897,0.0,0.9842492940223821,0.521244300417783,0.9826642321981114,0.49209876448913636,0.49269117371672105,0.01636215556867815,-1.3928523387877063,1.3795041741603404,0.020000000000000018,0.09593733604311634,composite trapezoid on reference grid
double-well,Langevin,1,1.44,0.044680194829788474,1.0,0.9999999999999898,0.0,0.9819279165566428,0.506152469933056,0.9674261701203497,0.49091760848436644,0.4910577281352303,0.015775497469077693,-1.3928523387877063,1.3795041741603404,0.020000000000000018,0.09593733604311634,composite trapezoid on reference grid
double-well,Langevin,1,1.5,0.044680194829788474,1.0,0.9999999999999897,0.0,0.9751341814515697,0.49195039873965213,0.9534410911662496,0.4875637447002772,0.48817388968589737,0.015576013374065611,-1.3928523387877063,1.3795041741603404,0.020000000000000018,0.09593733604311634,composite trapezoid on reference grid
double-well,Langevin,1,1.56,0.044680194829788474,1.0,0.9999999999999896,0.0,0.9737908655600793,0.4892570973677839,0.9497753579188052,0.486886535714395,0.4877193442313519,0.014410297525075277,-1.3928523387877063,1.3795041741603404,0.020000000000000018,0.09593733604311634,composite trapezoid on reference grid
double-well,Langevin,1,1.62,0.044680194829788474,0.9999999999999998,0.9999999999999898,0.0,0.972885873708004,0.4845999805195426,0.9449675779378816,0.48641753042440145,0.48723662826217556,0.014872888108548421,-1.3928523387877063,1.3795041741603404,0.020000000000000018,0.09593733604311634,composite trapezoid on reference grid
double-well,Langevin,1,1.68,0.044680194829788474,1.0000000000000002,0.9999999999999896,0.0,0.9704611217901601,0.48573779134696615,0.9448921793742375,0.485213396821954,0.48553049354209876,0.01668677781434813,-1.3928523387877063,1.3795041741603404,0.020000000000000018,0.09593733604311634,composite trapezoid on reference grid
double-well,Langevin,1,1.74,0.044680194829788474,0.9999999999999999,0.9999999999999898,0.0,0.9688978670144759,0.4722131708718399,0.9390674000429775,0.48442998686923233,0.4849920715040792,0.014447212044024216,-1.3928523387877063,1.3795041741603404,0.020000000000000018,0.09593733604311634,composite trapezoid on reference grid
double-well,Langevin,1,1.8,0.044680194829788474,1.0,0.9999999999999897,0.0,0.9644171890745028,0.47605999952706046,0.9281123761129924,0.48220085804255786,0.4827193442313519,0.014908314906202369,-1.3928523387877063,1.3795041741603404,0.020000000000000018,0.09593733604311634,composite trapezoid on reference grid
double-well,Langevin,1,1.86,0.044680194829788474,1.0,0.9999999999999898,0.0,0.9577176336870088,0.4688061141229644,0.9205919355405763,0.47882621652733715,0.4794958157838817,0.014520665704110647,-1.3928523387877063,1.3795041741603404,0.020000000000000018,0.09593733604311634,composite trapezoid on reference grid
double-well,Langevin,1,1.92,0.044680194829788474,1.0,0.9999999999999898,0.0,0.9556036813097963,0.47562090407988683,0.926030884159986,0.4777957610196051,0.4787838573009934,0.018911050662233975,-1.3928523387877063,1.3795041741603404,0.020000000000000018,0.09593733604311634,composite trapezoid on reference grid
double-well,Langevin,1,1.98,0.044680194829788474,1.0,0.9999999999999898,0.0,0.9541756704035631,0.4689389052373023,0.9165747573690626,0.4769651054371265,0.4775408925708388,0.015067989615828448,-1.3928523387877063,1.3795041741603404,0.020000000000000018,0.09593733604311634,composite trapezoid on reference grid
double-well,Langevin,1,2.04,0.044680194829788474,1.0,0.9999999999999898,0.0,0.9536985889299174,0.4725411210651508,0.9154882195675387,0.47676887120860106,0.4777034835488669,0.014156295638350663,-1.3928523387877063,1.3795041741603404,0.020000000000000018,0.09593733604311634,composite trapezoid on reference grid
double-well,Langevin,1,2.1,0.044680194829788474,1.0,0.9999999999999896,0.0,0.9420098054594237,0.4673128275646382,0.9032062806778938,0.47100310988568755,0.4711218001090409,0.016414420400383906,-1.3928523387877063,1.3795041741603404,0.020000000000000018,0.09593733604311634,composite trapezoid on reference grid
double-well,Langevin,1,2.16,0.044680194829788474,1.0,0.9999999999999898,0.0,0.9410040525169545,0.4577384477210943,0.8937088911587485,0.47037804186027543,0.4710577281352303,0.016351609226692654,-1.3928523387877063,1.3795041741603404,0.020000000000000018,0.09593733604311634,composite trapezoid on reference grid
double-well,Langevin,1,2.22,0.044680194829788474,0.9999999999999999,0.9999999999999898,0.0,0.9407355662882289,0.4576451103318717,0.8945970467804389,0.4703443900294028,0.47090909090909083,0.01617134641232082,-1.3928523387877063,1.3795041741603404,0.020000000000000018,0.09593733604311634,composite trapezoid on reference grid
double-well,Langevin,1,2.2800000000000002,0.044680194829788474,1.0,0.9999999999999897,0.0,0.9361167631455618,0.4506872419100064,0.8853138429611138,0.4678015357025786,0.4686363636363635,0.012737468364319326,-1.3928523387877063,1.3795041741603404,0.020000000000000018,0.09593733604311634,composite trapezoid on reference grid
double-well,Langevin,1,2.34,0.044680194829788474,1.0,0.9999999999999897,0.0,0.9301546644236756,0.44528920312776443,0.8674961698529473,0.4650768622733485,0.465399582527614,0.01553441143501666,-1.3928523387877063,1.3795041741603404,0.020000000000000018,0.09593733604311634,composite trapezoid on reference grid
double-well,Langevin,1,2.4,0.044680194829788474,1.0,0.9999999999999897,0.0,0.9279823311748039,0.448706850460173,0.8683433508556362,0.4639481779389359,0.4649450370730686,0.012760337532589927,-1.3928523387877063,1.3795041741603404,0.020000000000000018,0.09593733604311634,composite trapezoid on reference grid
double-well,Langevin,1,2.46,0.044680194829788474,1.0,0.9999999999999897,0.0,0.927794838879729,0.448785183050031,0.8678940923817284,0.4638634598696555,0.4641668571784624,0.013998821316947518,-1.3928523387877063,1.3795041741603404,0.020000000000000018,0.09593733604311634,composite trapezoid on reference grid
double-well,Langevin,1,2.52,0.044680194829788474,1.0,0.9999999999999898,0.0,0.9294917723909031,0.446140027319761,0.865889517003185,0.4647435813998018,0.46470972633365015,0.013722318200084987,-1.3928523387877063,1.3795041741603404,0.020000000000000018,0.09593733604311634,composite trapezoid on reference grid
double-well,Langevin,1,2.58,0.044680194829788474,1.0,0.9999999999999896,0.0,0.9241031911806699,0.44300135633761384,0.8616919029982257,0.46201826455356537,0.46234867536028057,0.014317768156697303,-1.3928523387877063,1.3795041741603404,0.020000000000000018,0.09593733604311634,composite trapezoid on reference grid
double-well,Langevin,1,2.64,0.044680194829788474,1.0,0.9999999999999897,0.0,0.9208072972155703,0.44034371036864284,0.8525109309211687,0.46034794571913695,0.46092958879575086,0.01585074374251938,-1.3928523387877063,1.3795041741603404,0.020000000000000018,0.09593733604311634,composite trapezoid on reference grid
double-well,Langevin,1,2.7,0.044680194829788474,1.0000000000000002,0.9999999999999896,0.0,0.9157597187484691,0.43737223496194255,0.8408390150568692,0.457865433894169,0.45823678110874955,0.014359172862573766,-1.3928523387877063,1.3795041741603404,0.020000000000000018,0.09593733604311634,composite trapezoid on reference grid
double-well,Langevin,1,2.7600000000000002,0.044680194829788474,1.0,0.9999999999999897,0.0,0.910847507851984,0.43291685428906823,0.8405554405756042,0.455422693821273,0.4563636363636363,0.013740656145996788,-1.3928523387877063,1.3795041741603404,0.020000000000000018,0.09593733604311634,composite trapezoid on reference grid
double-well,Langevin,1,2.82,0.044680194829788474,0.9999999999999999,0.9999999999999897,0.0,0.9086320982339341,0.4354429360532266,0.8292934332726699,0.45422617315260105,0.45492896857377446,0.01524925137756325,-1.3928523387877063,1.3795041741603404,0.020000000000000018,0.09593733604311634,composite trapezoid on reference grid
double-well,Langevin,1,2.88,0.044680194829788474,1.0,0.9999999999999897,0.0,0.9064057021578387,0.4343990355078413,0.8289727507862499,0.45320252369252423,0.4540412703293363,0.016379357617959223,-1.3928523387877063,1.3795041741603404,0.020000000000000018,0.09593733604311634,composite trapezoid on reference grid
double-well,Langevin,1,2.94,0.044680194829788474,0.9999999999999999,0.9999999999999898,0.0,0.9077962482774693,0.4329464079831817,0.8342448286109503,0.45383275236436654,0.4545375260495337,0.01580673707928884,-1.3928523387877063,1.3795041741603404,0.020000000000000018,0.09593733604311634,composite trapezoid on reference grid
double-well,Langevin,1,3.0,0.044680194829788474,1.0,0.9999999999999897,0.0,0.9065746642683383,0.4294741237151558,0.8257930995470927,0.45327317944156864,0.4540209543209427,0.014365434537087107,-1.3928523387877063,1.3795041741603404,0.020000000000000018,0.09593733604311634,composite trapezoid on reference grid
double-well,Langevin,1,3.06,0.044680194829788474,1.0000000000000002,0.9999999999999897,0.0,0.9048884662095242,0.422974860289527,0.8199493623961771,0.45244421706581844,0.4531980165542754,0.013758434498881866,-1.3928523387877063,1.3795041741603404,0.020000000000000018,0.09593733604311634,composite trapezoid on reference grid
double-well,Langevin,1,3.12,0.044680194829788474,1.0,0.9999999999999896,0.0,0.8973381204327666,0.41785927849352095,0.8034538733185352,0.4486654320739743,0.4485867248747908,0.014014594317077328,-1.3928523387877063,1.3795041741603404,0.020000000000000018,0.09593733604311634,composite trapezoid on reference grid
double-well,Langevin,1,3.18,0.044680194829788474,0.9999999999999998,0.9999999999999898,0.0,0.9005656863515936,0.41918202453677866,0.8044293858371041,0.45027163642534485,0.45234867536028056,0.013283522782340185,-1.3928523387877063,1.3795041741603404,0.020000000000000018,0.09593733604311634,composite trapezoid on reference grid
double-well,Langevin,1,3.24,0.044680194829788474,1.0,0.9999999999999898,0.0,0.9026924615614851,0.413523753332789,0.8057943912928782,0.4513452957280043,0.45320231606847816,0.0152194954474823,-1.3928523387877063,1.3795041741603404,0.020000000000000018,0.09593733604311634,composite trapezoid on reference grid
double-well,Langevin,1,3.3000000000000003,0.044680194829788474,0.9999999999999999,0.9999999999999898,0.0,0.8959345404653265,0.4177326892604332,0.8034122440938516,0.4479631509584268,0.4483945273817682,0.017780831825107868,-1.3928523387877063,1.3795041741603404,0.020000000000000018,0.09593733604311634,composite trapezoid on reference grid
double-well,Langevin,1,3.36,0.044680194829788474,0.9999999999999999,0.9999999999999898,0.0,0.9000657597844088,0.4183416502325068,0.8058108691960191,0.4500322988560655,0.45092958879575096,0.014699436991270548,-1.3928523387877063,1.3795041741603404,0.020000000000000018,0.09593733604311634,composite trapezoid on reference grid
double-well,Langevin,1,3.42,0.044680194829788474,1.0,0.9999999999999897,0.0,0.8964222075755361,0.4138118332769084,0.8006574111446616,0.4482110488916149,0.44962140263300787,0.014188768791393108,-1.3928523387877063,1.3795041741603404,0.020000000000000018,0.09593733604311634,composite trapezoid on reference grid
double-well,Langevin,1,3.48,0.044680194829788474,1.0,0.9999999999999897,0.0,0.894422775518012,0.4044506194332416,0.7828169234905875,0.44721045270626736,0.4487123117239169,0.013239361739560473,-1.3928523387877063,1.3795041741603404,0.020000000000000018,0.09593733604311634,composite trapezoid on reference grid
double-well,Langevin,1,3.54,0.044680194829788474,0.9999999999999999,0.9999999999999897,0.0,0.8861980727737282,0.39933845141808877,0.7829379053353882,0.4430980136354825,0.44462850355367656,0.013827148925994626,-1.3928523387877063,1.3795041741603404,0.020000000000000018,0.09593733604311634,composite trapezoid on reference grid
double-well,Langevin,1,3.6,0.044680194829788474,1.0000000000000002,0.9999999999999896,0.0,0.8811100648850592,0.39736385985967637,0.7711538666150286,0.4405527650002169,0.4410733626972865,0.01400731743548056,-1.3928523387877063,1.3795041741603404,0.020000000000000018,0.09593733604311634,composite trapezoid on reference grid
double-well,Langevin,1,3.66,0.044680194829788474,1.0,0.9999999999999897,0.0,0.8729047525391029,0.39032304736820994,0.7601015347748645,0.4364519063310619,0.43698245360637744,0.012494586691531778,-1.3928523387877063,1.3795041741603404,0.020000000000000018,0.09593733604311634,composite trapezoid on reference grid
double-well,Langevin,1,3.72,0.044680194829788474,1.0,0.9999999999999897,0.0,0.8749647697952243,0.39439753834913005,0.7637934226345833,0.4374821831325497,0.4379399819272227,0.016012575322184183,-1.3928523387877063,1.3795041741603404,0.020000000000000018,0.09593733604311634,composite trapezoid on reference grid
double-well,Langevin,1,3.7800000000000002,0.044680194829788474,1.0,0.9999999999999897,0.0,0.8713948206750454,0.39293897846847403,0.7600360102318886,0.4356893057290998,0.4357448191208953,0.014654584336762366,-1.3928523387877063,1.3795041741603404,0.020000000000000018,0.09593733604311634,composite trapezoid on reference grid
double-well,Langevin,1,3.84,0.044680194829788474,0.9999999999999999,0.9999999999999898,0.0,0.8636529508793187,0.39308915193373195,0.7519434990045987,0.4317033059440531,0.43224893809432147,0.017506516503659975,-1.3928523387877063,1.3795041741603404,0.020000000000000018,0.09593733604311634,composite trapezoid on reference grid
double-well,Langevin,1,3.9,0.044680194829788474,1.0000000000000002,0.9999999999999896,0.0,0.8616822018145271,0.38554115973286684,0.7426759361205442,0.4308410670680601,0.43174715039195627,0.01414098910850714,-1.3928523387877063,1.3795041741603404,0.020000000000000018,0.09593733604311634,composite trapezoid on reference grid
double-well,Langevin,1,3.96,0.044680194829788474,1.0,0.9999999999999897,0.0,0.8562550603509728,0.38792254542749627,0.748580350546467,0.4281270602369968,0.4294904916185231,0.012227363853779094,-1.3928523387877063,1.3795041741603404,0.020000000000000018,0.09593733604311634,composite trapezoid on reference grid
double-well,Langevin,1,4.0200000000000005,0.044680194829788474,0.9999999999999999,0.9999999999999898,0.0,0.851329960725193,0.3775635788964935,0.7369299786955841,0.425664778597534,0.4276573179573063,0.012545995261778464,-1.3928523387877063,1.3795041741603404,0.020000000000000018,0.09593733604311634,composite trapezoid on reference grid
double-well,Langevin,1,4.08,0.044680194829788474,1.0000000000000002,0.9999999999999896,0.0,0.8507222763678812,0.3796552737865537,0.7302007569094131,0.4253560936049274,0.42652790815183195,0.013651643375333367,-1.3928523387877063,1.3795041741603404,0.020000000000000018,0.09593733604311634,composite trapezoid on reference grid
double-well,Langevin,1,4.14,0.044680194829788474,1.0000000000000002,0.9999999999999896,0.0,0.8537135428861565,0.38005783815037597,0.7304818056547049,0.42675113372017626,0.42771934423135194,0.015203069148211512,-1.3928523387877063,1.3795041741603404,0.020000000000000018,0.09593733604311634,composite trapezoid on reference grid
double-well,Langevin,1,4.2,0.044680194829788474,1.0,0.9999999999999898,0.0,0.8451219964089169,0.3686248973696902,0.7152828261569917,0.42252807070224274,0.4231580290034123,0.014409420029481479,-1.3928523387877063,1.3795041741603404,0.020000000000000018,0.09593733604311634,composite trapezoid on reference grid
double-well,Langevin,1,4.26,0.044680194829788474,1.0,0.9999999999999898,0.0,0.8407763310753791,0.3692699629469395,0.7154995870043974,0.42025806421817224,0.4208853017306851,0.01347921414858129,-1.3928523387877063,1.3795041741603404,0.020000000000000018,0.09593733604311634,composite trapezoid on reference grid
double-well,Langevin,1,4.32,0.044680194829788474,0.9999999999999999,0.9999999999999898,0.0,0.8410697477725937,0.36522611955897644,0.7066016551652032,0.4204132508351769,0.4209921399173129,0.014479516323854802,-1.3928523387877063,1.3795041741603404,0.020000000000000018,0.09593733604311634,composite trapezoid on reference grid
double-well,Langevin,1,4.38,0.044680194829788474,1.0,0.9999999999999897,0.0,0.8370794221616686,0.35556239232146025,0.7035583744039771,0.41847722116495956,0.41959509330702727,0.014542744292754428,-1.3928523387877063,1.3795041741603404,0.020000000000000018,0.09593733604311634,composite trapezoid on reference grid
double-well,Langevin,1,4.44,0.044680194829788474,1.0,0.9999999999999896,0.0,0.8351667808143062,0.35745874984617654,0.7045979548785891,0.4175782740190712,0.41861586574970366,0.012602639700321938,-1.3928523387877063,1.3795041741603404,0.020000000000000018,0.09593733604311634,composite trapezoid on reference grid
double-well,Langevin,1,4.5,0.044680194829788474,0.9999999999999999,0.9999999999999899,0.0,0.8269603604606098,0.3584552279305422,0.6946864739741574,0.41348017779217766,0.4136363636363636,0.013029987278198207,-1.3928523387877063,1.3795041741603404,0.020000000000000018,0.09593733604311634,composite trapezoid on reference grid
double-well,Langevin,1,4.5600000000000005,0.044680194829788474,1.0,0.9999999999999896,0.0,0.8224427768830369,0.35177158325737123,0.6837872256639099,0.4111782027452937,0.4109850389966442,0.015310315441922434,-1.3928523387877063,1.3795041741603404,0.020000000000000018,0.09593733604311634,composite trapezoid on reference grid
double-well,Langevin,1,4.62,0.044680194829788474,1.0,0.9999999999999896,0.0,0.8152932188826213,0.35041824994974946,0.6758095252021117,0.40722818276169115,0.4073437586989528,0.012590623262686673,-1.3928523387877063,1.3795041741603404,0.020000000000000018,0.09593733604311634,composite trapezoid on reference grid
double-well,Langevin,1,4.68,0.044680194829788474,1.0000000000000002,0.9999999999999896,0.0,0.8133008491399383,0.3501052136763452,0.6679155561707005,0.40664321460828684,0.40689412990573515,0.013408210102856838,-1.3928523387877063,1.3795041741603404,0.020000000000000018,0.09593733604311634,composite trapezoid on reference grid
double-well,Langevin,1,4.74,0.044680194829788474,1.0,0.9999999999999897,0.0,0.812162657611057,0.35044613448469725,0.6656026298734992,0.4060808962203765,0.40674715039195625,0.01541038609737469,-1.3928523387877063,1.3795041741603404,0.020000000000000018,0.09593733604311634,composite trapezoid on reference grid
double-well,Langevin,1,4.8,0.044680194829788474,1.0000000000000002,0.9999999999999897,0.0,0.8150251115359541,0.34586389259470995,0.6722268076614855,0.4065784752640838,0.4070863471162934,0.014809829631075883,-1.3928523387877063,1.3795041741603404,0.020000000000000018,0.09593733604311634,composite trapezoid on reference grid
double-well,Kinetic-Langevin,1,0.0,0.044680194829788474,1.0,0.9999999999999897,0.0,1.443676601776298,2.3183492090071316,3.610755468678538,0.6681285647017237,0.6768503043142742,0.06342948654036215,-1.3928523387877063,1.3795041741603404,0.020000000000000018,0.09593733604311634,composite trapezoid on reference grid
double-well,Kinetic-Langevin,1,0.06,0.044680194829788474,1.0,0.9999999999999896,0.0,1.1957286645589695,1.0243067196899005,1.7529649554182805,0.5932075957982956,0.5963745943516486,0.02957084845425134,-1.3928523387877063,1.3795041741603404,0.020000000000000018,0.09593733604311634,composite trapezoid on reference grid
double-well,Kinetic-Langevin,1,0.12,0.044680194829788474,1.0000000000000002,0.9999999999999896,0.0,1.0719662712070361,0.6347330747670326,1.214036049133683,0.5359831195645745,0.5359955251728769,0.01822852001856201,-1.3928523387877063,1.3795041741603404,0.020000000000000018,0.09593733604311634,composite trapezoid on reference grid
double-well,Kinetic-Langevin,1,0.18,0.044680194829788474,0.9999999999999999,0.9999999999999898,0.0,1.0217450326251132,0.6097878899503142,1.1589930992285336,0.5102639144446659,0.5111151091877331,0.018258904944978116,-1.3928523387877063,1.3795041741603404,0.020000000000000018,0.09593733604311634,composite trapezoid on reference grid
double-well,Kinetic-Langevin,1,0.24,0.044680194829788474,1.0,0.9999999999999897,0.0,1.0249996703734894,0.7337738653976654,1.2504996943741586,0.49844721577499973,0.49930393044037963,0.021679926026224955,-1.3928523387877063,1.3795041741603404,0.020000000000000018,0.09593733604311634,composite trapezoid on reference grid
double-well,Kinetic-Langevin,1,0.3,0.044680194829788474,1.0000000000000002,0.9999999999999896,0.0,1.0313614446905395,0.768070315538449,1.305274856538106,0.49116947159936714,0.4931000805811031,0.021651378805113752,-1.3928523387877063,1.3795041741603404,0.020000000000000018,0.09593733604311634,composite trapezoid on reference grid
double-well,Kinetic-Langevin,1,0.36,0.044680194829788474,0.9999999999999999,0.9999999999999898,0.0,1.0031608505367018,0.6389338287398063,1.1489723639587415,0.4842583031471078,0.4846762660649309,0.019880152044081403,-1.3928523387877063,1.3795041741603404,0.020000000000000018,0.09593733604311634,composite trapezoid on reference grid
double-well,Kinetic-Langevin,1,0.42,0.044680194829788474,0.9999999999999999,0.9999999999999898,0.0,0.962685942454211,0.5468215765567356,1.016515686569797,0.4750297075998835,0.47583913613912454,0.016670855829269998,-1.3928523387877063,1.3795041741603404,0.020000000000000018,0.09593733604311634,composite trapezoid on reference grid
double-well,Kinetic-Langevin,1,0.48,0.044680194829788474,1.0,0.9999999999999897,0.0,0.9376411579337609,0.5007668288520828,0.9358485833835308,0.46492214691156314,0.46543075627613967,0.015831303861086277,-1.3928523387877063,1.3795041741603404,0.020000000000000018,0.09593733604311634,composite trapezoid on reference grid
double-well,Kinetic-Langevin,1,0.54,0.044680194829788474,1.0,0.9999999999999897,0.0,0.9169394020572044,0.5030676129801055,0.9068319683079795,0.45506646718680344,0.45505739816520924,0.02052349524064359,-1.3928523387877063,1.3795041741603404,0.020000000000000018,0.09593733604311634,composite trapezoid on reference grid
double-well,Kinetic-Langevin,1,0.6,0.044680194829788474,0.9999999999999999,0.9999999999999898,0.0,0.9063839626769483,0.5245798848108695,0.9186604055585803,0.4498313507121821,0.4520312031676524,0.017556194209806752,-1.3928523387877063,1.3795041741603404,0.020000000000000018,0.09593733604311634,composite trapezoid on reference grid
double-well,Kinetic-Langevin,1,0.66,0.044680194829788474,1.0,0.9999999999999898,0.0,0.9055701783103027,0.5273482434882935,0.9209839664772925,0.45154396837430816,0.4526033659647165,0.018287772765502502,-1.3928523387877063,1.3795041741603404,0.020000000000000018,0.09593733604311634,composite trapezoid on reference grid
double-well,Kinetic-Langevin,1,0.72,0.044680194829788474,1.0,0.9999999999999897,0.0,0.8982107447379619,0.5141239347207427,0.9040358893454031,0.44858050004715805,0.4490683099254117,0.01561551191166427,-1.3928523387877063,1.3795041741603404,0.020000000000000018,0.09593733604311634,composite trapezoid on reference grid
double-well,Kinetic-Langevin,1,0.78,0.044680194829788474,1.0,0.9999999999999897,0.0,0.8902683800282103,0.49694935182175426,0.8864249647960785,0.4446146279498321,0.4453728078538304,0.018442604698519716,-1.3928523387877063,1.3795041741603404,0.020000000000000018,0.09593733604311634,composite trapezoid on reference grid
double-well,Kinetic-Langevin,1,0.84,0.044680194829788474,1.0,0.9999999999999898,0.0,0.8816826130703084,0.4743639815446692,0.8545262840086448,0.44047671561670176,0.442024200096824,0.01696899897481166,-1.3928523387877063,1.3795041741603404,0.020000000000000018,0.09593733604311634,composite trapezoid on reference grid
double-well,Kinetic-Langevin,1,0.9,0.044680194829788474,1.0,0.9999999999999897,0.0,0.871398791457714,0.4472463706162283,0.8137340813103378,0.4356803829981079,0.4366621733247786,0.015150974466064407,-1.3928523387877063,1.3795041741603404,0.020000000000000018,0.09593733604311634,composite trapezoid on reference grid
double-well,Kinetic-Langevin,1,0.96,0.044680194829788474,1.0000000000000002,0.9999999999999897,0.0,0.863239606023841,0.4466367077511251,0.7999844423004306,0.43161029464070205,0.432178938510735,0.017504224627385434,-1.3928523387877063,1.3795041741603404,0.020000000000000018,0.09593733604311634,composite trapezoid on reference grid
double-well,Kinetic-Langevin,1,1.02,0.044680194829788474,1.0,0.9999999999999896,0.0,0.8614341380572538,0.4420439281773837,0.7974149372067231,0.4263489914887562,0.4276033659647165,0.017338102430017127,-1.3928523387877063,1.3795041741603404,0.020000000000000018,0.09593733604311634,composite trapezoid on reference grid
double-well,Kinetic-Langevin,1,1.08,0.044680194829788474,1.0,0.9999999999999896,0.0,0.8460807111915074,0.4271408696264799,0.7734286786769297,0.4208099476566502,0.42105658457372064,0.01778870536132976,-1.3928523387877063,1.3795041741603404,0.020000000000000018,0.09593733604311634,composite trapezoid on reference grid
double-well,Kinetic-Langevin,1,1.1400000000000001,0.044680194829788474,1.0,0.9999999999999896,0.0,0.8327919703720148,0.4004623798847477,0.7357685690651818,0.415403965343499,0.41629260493741077,0.017760294694644158,-1.3928523387877063,1.3795041741603404,0.020000000000000018,0.09593733604311634,composite trapezoid on reference grid
double-well,Kinetic-Langevin,1,1.2,0.044680194829788474,1.0,0.9999999999999897,0.0,0.8202796237246737,0.3859524150658204,0.7070917131894872,0.41004216506685687,0.41059519231498676,0.01603014280015419,-1.3928523387877063,1.3795041741603404,0.020000000000000018,0.09593733604311634,composite trapezoid on reference grid
double-well,Kinetic-Langevin,1,1.26,0.044680194829788474,1.0,0.9999999999999897,0.0,0.8046135639826142,0.37898727931844567,0.6934686957886333,0.4006568761479653,0.4014346677898619,0.016357218804694873,-1.3928523387877063,1.3795041741603404,0.020000000000000018,0.09593733604311634,composite trapezoid on reference grid
double-well,Kinetic-Langevin,1,1.32,0.044680194829788474,1.0,0.9999999999999898,0.0,0.7923695879375954,0.37442469716322574,0.6751586930001218,0.3950726274722178,0.3963086734367049,0.013606705904224872,-1.3928523387877063,1.3795041741603404,0.020000000000000018,0.09593733604311634,composite trapezoid on reference grid
double-well,Kinetic-Langevin,1,1.3800000000000001,0.044680194829788474,1.0,0.9999999999999897,0.0,0.7825678209324197,0.36935242739719926,0.6631673219988086,0.39010849677109627,0.390722710752657,0.015543413099592729,-1.3928523387877063,1.3795041741603404,0.020000000000000018,0.09593733604311634,composite trapezoid on reference grid
double-well,Kinetic-Langevin,1,1.44,0.044680194829788474,1.0,0.9999999999999897,0.0,0.7768745349109992,0.35119749141999357,0.6431035878551077,0.3872569621377441,0.3876562413010471,0.012667790495646786,-1.3928523387877063,1.3795041741603404,0.020000000000000018,0.09593733604311634,composite trapezoid on reference grid
double-well,Kinetic-Langevin,1,1.5,0.044680194829788474,1.0,0.9999999999999897,0.0,0.7674763403346915,0.33854198999782104,0.6265257070866892,0.38262170677671004,0.38286791958771405,0.013652296930797447,-1.3928523387877063,1.3795041741603404,0.020000000000000018,0.09593733604311634,composite trapezoid on reference grid
double-well,Kinetic-Langevin,1,1.56,0.044680194829788474,0.9999999999999998,0.9999999999999898,0.0,0.7552176443557148,0.3386999625100564,0.6120088496409153,0.3768607602439126,0.37764422371905054,0.013941686022011235,-1.3928523387877063,1.3795041741603404,0.020000000000000018,0.09593733604311634,composite trapezoid on reference grid
double-well,Kinetic-Langevin,1,1.62,0.044680194829788474,1.0,0.9999999999999897,0.0,0.7509389162710465,0.3398269204149447,0.6072696050472761,0.37321341399490376,0.37363636363636354,0.016582853480462068,-1.3928523387877063,1.3795041741603404,0.020000000000000018,0.09593733604311634,composite trapezoid on reference grid
double-well,Kinetic-Langevin,1,1.68,0.044680194829788474,1.0,0.9999999999999898,0.0,0.734094971286918,0.3241356097493783,0.5821089480112045,0.3660998069288771,0.3668892132444074,0.015941052188938598,-1.3928523387877063,1.3795041741603404,0.020000000000000018,0.09593733604311634,composite trapezoid on reference grid
double-well,Kinetic-Langevin,1,1.74,0.044680194829788474,1.0,0.9999999999999897,0.0,0.7215053456511291,0.3055539035115784,0.5597363665974886,0.35995258419501974,0.3602681652981115,0.014528916965804009,-1.3928523387877063,1.3795041741603404,0.020000000000000018,0.09593733604311634,composite trapezoid on reference grid
double-well,Kinetic-Langevin,1,1.8,0.044680194829788474,0.9999999999999999,0.9999999999999898,0.0,0.7130294643265551,0.3005360876414272,0.5479889961216478,0.35584632890104023,0.3564395844511896,0.01595572554532418,-1.3928523387877063,1.3795041741603404,0.020000000000000018,0.09593733604311634,composite trapezoid on reference grid
double-well,Kinetic-Langevin,1,1.86,0.044680194829788474,1.0,0.9999999999999897,0.0,0.7038106060358423,0.29525661846019957,0.5379780433217607,0.3506724681513468,0.35120762787023313,0.015790273729322624,-1.3928523387877063,1.3795041741603404,0.020000000000000018,0.09593733604311634,composite trapezoid on reference grid
double-well,Kinetic-Langevin,1,1.92,0.044680194829788474,1.0,0.9999999999999897,0.0,0.698164840761744,0.28069467554145483,0.518018902996153,0.3489995318151258,0.34996390098944824,0.01111000225516423,-1.3928523387877063,1.3795041741603404,0.020000000000000018,0.09593733604311634,composite trapezoid on reference grid
double-well,Kinetic-Langevin,1,1.98,0.044680194829788474,1.0,0.9999999999999896,0.0,0.6904992925595649,0.2689897580391064,0.4985874997637125,0.34517418643630554,0.3463275373530847,0.01257569033322642,-1.3928523387877063,1.3795041741603404,0.020000000000000018,0.09593733604311634,composite trapezoid on reference grid
double-well,Kinetic-Langevin,1,2.04,0.044680194829788474,1.0,0.9999999999999897,0.0,0.683501782192198,0.26647942679790393,0.49046187048377354,0.3395244214172129,0.34044661695862466,0.012746846420117655,-1.3928523387877063,1.3795041741603404,0.020000000000000018,0.09593733604311634,composite trapezoid on reference grid
double-well,Kinetic-Langevin,1,2.1,0.044680194829788474,1.0,0.9999999999999897,0.0,0.6733697188187715,0.2628762751108762,0.4788166330959512,0.33548944575637446,0.33696681904432124,0.012242235296409332,-1.3928523387877063,1.3795041741603404,0.020000000000000018,0.09593733604311634,composite trapezoid on reference grid
double-well,Kinetic-Langevin,1,2.16,0.044680194829788474,1.0,0.9999999999999898,0.0,0.6702162258172671,0.25673816799789684,0.4711559627450249,0.33159104867950717,0.3326397850148025,0.01411821171207922,-1.3928523387877063,1.3795041741603404,0.020000000000000018,0.09593733604311634,composite trapezoid on reference grid
double-well,Kinetic-Langevin,1,2.22,0.044680194829788474,0.9999999999999998,0.9999999999999899,0.0,0.6535470138692359,0.24824531150079743,0.44981032547106126,0.3256476247188609,0.3259850389966442,0.014092523904293747,-1.3928523387877063,1.3795041741603404,0.020000000000000018,0.09593733604311634,composite trapezoid on reference grid
double-well,Kinetic-Langevin,1,2.2800000000000002,0.044680194829788474,1.0,0.9999999999999897,0.0,0.6412993014133845,0.23530960801836437,0.431622483554924,0.32055733029379824,0.32130867343670494,0.013012298021792712,-1.3928523387877063,1.3795041741603404,0.020000000000000018,0.09593733604311634,composite trapezoid on reference grid
double-well,Kinetic-Langevin,1,2.34,0.044680194829788474,1.0,0.9999999999999897,0.0,0.6340737476861886,0.22918865298425073,0.4181071985972976,0.3168361062279139,0.3177477706139328,0.01517480720297025,-1.3928523387877063,1.3795041741603404,0.020000000000000018,0.09593733604311634,composite trapezoid on reference grid
double-well,Kinetic-Langevin,1,2.4,0.044680194829788474,0.9999999999999999,0.9999999999999898,0.0,0.6232609112883731,0.22456633217722508,0.41044705712520124,0.3108915910627478,0.3116054726182318,0.014059090895764792,-1.3928523387877063,1.3795041741603404,0.020000000000000018,0.09593733604311634,composite trapezoid on reference grid
double-well,Kinetic-Langevin,1,2.46,0.044680194829788474,0.9999999999999999,0.9999999999999898,0.0,0.6136757362047012,0.2230853922197873,0.40421226800972987,0.3065197869040729,0.3071320804122859,0.013261665477884238,-1.3928523387877063,1.3795041741603404,0.020000000000000018,0.09593733604311634,composite trapezoid on reference grid
double-well,Kinetic-Langevin,1,2.52,0.044680194829788474,0.9999999999999999,0.9999999999999897,0.0,0.6068390307097506,0.22333740282193865,0.3964869163273399,0.30185815770613267,0.30234268204269354,0.011655453381216097,-1.3928523387877063,1.3795041741603404,0.020000000000000018,0.09593733604311634,composite trapezoid on reference grid
double-well,Kinetic-Langevin,1,2.58,0.044680194829788474,0.9999999999999999,0.9999999999999897,0.0,0.5961933264695333,0.2142484523005177,0.3836487736509327,0.29708812165730947,0.29706001807277727,0.013229402311703137,-1.3928523387877063,1.3795041741603404,0.020000000000000018,0.09593733604311634,composite trapezoid on reference grid
double-well,Kinetic-Langevin,1,2.64,0.044680194829788474,1.0,0.9999999999999897,0.0,0.5907632684183426,0.19773359672351526,0.3634852695213398,0.2939422159303694,0.29459509330702727,0.011704576729250904,-1.3928523387877063,1.3795041741603404,0.020000000000000018,0.09593733604311634,composite trapezoid on reference grid
double-well,Kinetic-Langevin,1,2.7,0.044680194829788474,1.0,0.9999999999999896,0.0,0.5795279952098171,0.1933007812186494,0.35729748321003557,0.2875213906724611,0.2873437586989528,0.012665153400322107,-1.3928523387877063,1.3795041741603404,0.020000000000000018,0.09593733604311634,composite trapezoid on reference grid
double-well,Kinetic-Langevin,1,2.7600000000000002,0.044680194829788474,1.0000000000000002,0.9999999999999896,0.0,0.5705723875330129,0.19974012252362222,0.3557004718615123,0.28306100675264223,0.28402095432094265,0.015855189852943596,-1.3928523387877063,1.3795041741603404,0.020000000000000018,0.09593733604311634,composite trapezoid on reference grid
double-well,Kinetic-Langevin,1,2.82,0.044680194829788474,1.0,0.9999999999999897,0.0,0.5620467140295122,0.1954411031152916,0.35076608797363773,0.2795993229468706,0.2799639009894483,0.012899958728679828,-1.3928523387877063,1.3795041741603404,0.020000000000000018,0.09593733604311634,composite trapezoid on reference grid
double-well,Kinetic-Langevin,1,2.88,0.044680194829788474,1.0,0.9999999999999897,0.0,0.5629562951177143,0.1817531024675388,0.33523648778443105,0.28061611471662135,0.28120762787023307,0.014106867403896467,-1.3928523387877063,1.3795041741603404,0.020000000000000018,0.09593733604311634,composite trapezoid on reference grid
double-well,Kinetic-Langevin,1,2.94,0.044680194829788474,0.9999999999999998,0.9999999999999898,0.0,0.5535349231168233,0.17222106266579928,0.3230297517251207,0.27612932705672455,0.27674715039195624,0.014111913973470724,-1.3928523387877063,1.3795041741603404,0.020000000000000018,0.09593733604311634,composite trapezoid on reference grid
double-well,Kinetic-Langevin,1,3.0,0.044680194829788474,1.0,0.9999999999999897,0.0,0.5479070002816041,0.16753824565060185,0.3113796107743233,0.2716470186363833,0.27181818181818174,0.011934885407969914,-1.3928523387877063,1.3795041741603404,0.020000000000000018,0.09593733604311634,composite trapezoid on reference grid
double-well,Kinetic-Langevin,1,3.06,0.044680194829788474,0.9999999999999999,0.9999999999999897,0.0,0.5349244814697979,0.16302349654102283,0.3012152693765383,0.26629318537047997,0.2669588286786232,0.011863813148071778,-1.3928523387877063,1.3795041741603404,0.020000000000000018,0.09593733604311634,composite trapezoid on reference grid
double-well,Kinetic-Langevin,1,3.12,0.044680194829788474,1.0,0.9999999999999897,0.0,0.519985621277146,0.1605782848748462,0.28803826163896934,0.2595977714108396,0.2599999999999999,0.015984668744967845,-1.3928523387877063,1.3795041741603404,0.020000000000000018,0.09593733604311634,composite trapezoid on reference grid
double-well,Kinetic-Langevin,1,3.18,0.044680194829788474,1.0,0.9999999999999897,0.0,0.5085070278922765,0.15411150476047342,0.27599415179629117,0.25422569315177374,0.2542551808791047,0.013365345365464687,-1.3928523387877063,1.3795041741603404,0.020000000000000018,0.09593733604311634,composite trapezoid on reference grid
double-well,Kinetic-Langevin,1,3.24,0.044680194829788474,1.0,0.9999999999999896,0.0,0.5062608840042707,0.15114724928352735,0.27663161904042,0.25272780689365243,0.253777010496805,0.011564654486430348,-1.3928523387877063,1.3795041741603404,0.020000000000000018,0.09593733604311634,composite trapezoid on reference grid
double-well,Kinetic-Langevin,1,3.3000000000000003,0.044680194829788474,1.0,0.9999999999999896,0.0,0.4982764019209259,0.15116372640295064,0.2716034377694371,0.248425227954351,0.2491483072561183,0.013223155777730602,-1.3928523387877063,1.3795041741603404,0.020000000000000018,0.09593733604311634,composite trapezoid on reference grid
double-well,Kinetic-Langevin,1,3.36,0.044680194829788474,0.9999999999999998,0.9999999999999898,0.0,0.4913143331402171,0.14560419175650308,0.25846851755226746,0.24328802302625507,0.24430361829085911,0.012923799527112437,-1.3928523387877063,1.3795041741603404,0.020000000000000018,0.09593733604311634,composite trapezoid on reference grid
double-well,Kinetic-Langevin,1,3.42,0.044680194829788474,1.0,0.9999999999999896,0.0,0.4806108832019297,0.1356506514869547,0.24362885101582626,0.23860257275014973,0.2389266373027134,0.010864601628318898,-1.3928523387877063,1.3795041741603404,0.020000000000000018,0.09593733604311634,composite trapezoid on reference grid
double-well,Kinetic-Langevin,1,3.48,0.044680194829788474,1.0,0.9999999999999897,0.0,0.4720551995337105,0.13784721541003142,0.24489963431036021,0.23475784355659257,0.23538459068457906,0.010480888513262454,-1.3928523387877063,1.3795041741603404,0.020000000000000018,0.09593733604311634,composite trapezoid on reference grid
double-well,Kinetic-Langevin,1,3.54,0.044680194829788474,1.0,0.9999999999999897,0.0,0.4663353163863837,0.1376730711753681,0.24272117721884148,0.23228063461000714,0.23315802900341237,0.015366733152124223,-1.3928523387877063,1.3795041741603404,0.020000000000000018,0.09593733604311634,composite trapezoid on reference grid
double-well,Kinetic-Langevin,1,3.6,0.044680194829788474,0.9999999999999999,0.9999999999999898,0.0,0.46275674612089845,0.12844914017635603,0.23325414475048128,0.22945858586510132,0.2304783346329512,0.010962264926823562,-1.3928523387877063,1.3795041741603404,0.020000000000000018,0.09593733604311634,composite trapezoid on reference grid
double-well,Kinetic-Langevin,1,3.66,0.044680194829788474,1.0,0.9999999999999898,0.0,0.46252905308377323,0.12034593922916487,0.22552390770164837,0.22785158097286623,0.22823921634702743,0.011928187318690275,-1.3928523387877063,1.3795041741603404,0.020000000000000018,0.09593733604311634,composite trapezoid on reference grid
double-well,Kinetic-Langevin,1,3.72,0.044680194829788474,1.0,0.9999999999999896,0.0,0.4487745862662188,0.11755641377967457,0.21898426141933316,0.22272244433308463,0.22311078675559254,0.011695192803364021,-1.3928523387877063,1.3795041741603404,0.020000000000000018,0.09593733604311634,composite trapezoid on reference grid
double-well,Kinetic-Langevin,1,3.7800000000000002,0.044680194829788474,1.0,0.9999999999999897,0.0,0.44200770735372225,0.11475088464316104,0.20859117448839443,0.21883886373324046,0.21900342137843887,0.012641425108871673,-1.3928523387877063,1.3795041741603404,0.020000000000000018,0.09593733604311634,composite trapezoid on reference grid
double-well,Kinetic-Langevin,1,3.84,0.044680194829788474,1.0000000000000002,0.9999999999999897,0.0,0.4337464161320359,0.11124166341250837,0.1994087084883514,0.21605749906291077,0.216794392639776,0.014259671151264919,-1.3928523387877063,1.3795041741603404,0.020000000000000018,0.09593733604311634,composite trapezoid on reference grid
double-well,Kinetic-Langevin,1,3.9,0.044680194829788474,1.0,0.9999999999999898,0.0,0.4293061554337432,0.10354188282557891,0.19427442525930155,0.21375045329974363,0.21449581578388166,0.011858990265037908,-1.3928523387877063,1.3795041741603404,0.020000000000000018,0.09593733604311634,composite trapezoid on reference grid
double-well,Kinetic-Langevin,1,3.96,0.044680194829788474,1.0000000000000002,0.9999999999999896,0.0,0.42342635357411507,0.10374645852502516,0.19020552919709527,0.2091395932344805,0.20992896857377447,0.014803247676830333,-1.3928523387877063,1.3795041741603404,0.020000000000000018,0.09593733604311634,composite trapezoid on reference grid
double-well,Kinetic-Langevin,1,4.0200000000000005,0.044680194829788474,1.0,0.9999999999999897,0.0,0.4194944535274002,0.10825038405768211,0.19315480126534693,0.20607285276384646,0.20650428322407777,0.013281925104519976,-1.3928523387877063,1.3795041741603404,0.020000000000000018,0.09593733604311634,composite trapezoid on reference grid
double-well,Kinetic-Langevin,1,4.08,0.044680194829788474,1.0,0.9999999999999898,0.0,0.4156038183030941,0.10485245007536408,0.18692694455277611,0.20402600952057415,0.20407041120424907,0.013248625637879374,-1.3928523387877063,1.3795041741603404,0.020000000000000018,0.09593733604311634,composite trapezoid on reference grid
double-well,Kinetic-Langevin,1,4.14,0.044680194829788474,1.0,0.9999999999999897,0.0,0.40250260109376323,0.09355055040100108,0.16981827675098357,0.20053328333939113,0.2011993645754407,0.012366057126694613,-1.3928523387877063,1.3795041741603404,0.020000000000000018,0.09593733604311634,composite trapezoid on reference grid
double-well,Kinetic-Langevin,1,4.2,0.044680194829788474,1.0,0.9999999999999896,0.0,0.39320835535549725,0.08657795888191405,0.16537131836263735,0.1956258527893212,0.1957448191208953,0.012120452189349235,-1.3928523387877063,1.3795041741603404,0.020000000000000018,0.09593733604311634,composite trapezoid on reference grid
double-well,Kinetic-Langevin,1,4.26,0.044680194829788474,1.0,0.9999999999999898,0.0,0.39170678482099003,0.09121362718699672,0.1663588005400215,0.19358193234015103,0.1940149610033558,0.012410052731144733,-1.3928523387877063,1.3795041741603404,0.020000000000000018,0.09593733604311634,composite trapezoid on reference grid
double-well,Kinetic-Langevin,1,4.32,0.044680194829788474,1.0,0.9999999999999896,0.0,0.386224424287299,0.0969041733155391,0.17094208031767094,0.1921362286570787,0.19248543647267724,0.011371329337981378,-1.3928523387877063,1.3795041741603404,0.020000000000000018,0.09593733604311634,composite trapezoid on reference grid
double-well,Kinetic-Langevin,1,4.38,0.044680194829788474,1.0,0.9999999999999896,0.0,0.3839185224072704,0.09268061000429931,0.16913396654772378,0.1915388740641405,0.19265132463971946,0.011214550900044251,-1.3928523387877063,1.3795041741603404,0.020000000000000018,0.09593733604311634,composite trapezoid on reference grid
double-well,Kinetic-Langevin,1,4.44,0.044680194829788474,1.0,0.9999999999999898,0.0,0.3863476598267189,0.08955172786282611,0.16845692976097432,0.19085913831157308,0.1909170194050116,0.013651480649979175,-1.3928523387877063,1.3795041741603404,0.020000000000000018,0.09593733604311634,composite trapezoid on reference grid
double-well,Kinetic-Langevin,1,4.5,0.044680194829788474,0.9999999999999998,0.9999999999999898,0.0,0.3757804967675147,0.08503044270080715,0.1580936808666418,0.18692110907745096,0.1870045619746158,0.01144080895614255,-1.3928523387877063,1.3795041741603404,0.020000000000000018,0.09593733604311634,composite trapezoid on reference grid
double-well,Kinetic-Langevin,1,4.5600000000000005,0.044680194829788474,1.0,0.9999999999999897,0.0,0.3744822993867988,0.08367484851120308,0.15010061480721248,0.18631268454389444,0.18652790815183196,0.011057147004632228,-1.3928523387877063,1.3795041741603404,0.020000000000000018,0.09593733604311634,composite trapezoid on reference grid
double-well,Kinetic-Langevin,1,4.62,0.044680194829788474,1.0,0.9999999999999897,0.0,0.3714943799996201,0.08050630367377537,0.1489492434497871,0.18369325063128827,0.18507594808755323,0.011636974677979882,-1.3928523387877063,1.3795041741603404,0.020000000000000018,0.09593733604311634,composite trapezoid on reference grid
double-well,Kinetic-Langevin,1,4.68,0.044680194829788474,1.0,0.9999999999999898,0.0,0.3657118437754971,0.07467849147897435,0.14047111843582205,0.18198826296208037,0.1826397850148025,0.012907290708190328,-1.3928523387877063,1.3795041741603404,0.020000000000000018,0.09593733604311634,composite trapezoid on reference grid
double-well,Kinetic-Langevin,1,4.74,0.044680194829788474,0.9999999999999999,0.9999999999999897,0.0,0.36249867545317915,0.07503157561548966,0.14190390765838445,0.17870938948368859,0.17914830725611836,0.01198661903956115,-1.3928523387877063,1.3795041741603404,0.020000000000000018,0.09593733604311634,composite trapezoid on reference grid
double-well,Kinetic-Langevin,1,4.8,0.044680194829788474,1.0,0.9999999999999897,0.0,0.3617774680429531,0.07871233839194378,0.14558498734514747,0.17688494331420113,0.17765132463971944,0.010369275122103158,-1.3928523387877063,1.3795041741603404,0.020000000000000018,0.09593733604311634,composite trapezoid on reference grid
double-well,LSC-CP,1,0.0,0.044680194829788474,1.0,0.9999999999999897,0.0,1.443676601776298,2.3183492090071316,3.610755468678538,0.6681285647017237,0.6768503043142742,0.06342948654036215,-1.3928523387877063,1.3795041741603404,0.020000000000000018,0.09593733604311634,composite trapezoid on reference grid
double-well,LSC-CP,1,0.06,0.044680194829788474,1.0,0.9999999999999898,0.0,1.2237354632503505,1.1832190953106716,1.9696255678448864,0.5894072707221161,0.5960450063079759,0.030261086847874707,-1.3928523387877063,1.3795041741603404,0.020000000000000018,0.09593733604311634,composite trapezoid on reference grid
double-well,LSC-CP,1,0.12,0.044680194829788474,0.9999999999999999,0.9999999999999897,0.0,1.0946386102973469,0.8100896691028785,1.4177494438293048,0.5357532512122484,0.5381760508274811,0.02342164674382105,-1.3928523387877063,1.3795041741603404,0.020000000000000018,0.09593733604311634,composite trapezoid on reference grid
double-well,LSC-CP,1,0.18,0.044680194829788474,1.0,0.9999999999999898,0.0,0.9901804826428082,0.6251323397485243,1.1252746116246375,0.4861524028843182,0.4880197148768787,0.020559369553757367,-1.3928523387877063,1.3795041741603404,0.020000000000000018,0.09593733604311634,composite trapezoid on reference grid
double-well,LSC-CP,1,0.24,0.044680194829788474,1.0,0.9999999999999897,0.0,0.9084922824485664,0.5081555693180254,0.9337779256755738,0.444107692112242,0.44668845699294424,0.020470451512634047,-1.3928523387877063,1.3795041741603404,0.020000000000000018,0.09593733604311634,composite trapezoid on reference grid
double-well,LSC-CP,1,0.3,0.044680194829788474,0.9999999999999999,0.9999999999999898,0.0,0.8460685232932161,0.42815480871343237,0.8093856867600264,0.4130551913017067,0.41352765510808986,0.021048013549825217,-1.3928523387877063,1.3795041741603404,0.020000000000000018,0.09593733604311634,composite trapezoid on reference grid
double-well,LSC-CP,1,0.36,0.044680194829788474,1.0,0.9999999999999896,0.0,0.7789202338362287,0.35079993983103974,0.6869344818641739,0.3801392277841074,0.38127825488265704,0.01499320259611392,-1.3928523387877063,1.3795041741603404,0.020000000000000018,0.09593733604311634,composite trapezoid on reference grid
double-well,LSC-CP,1,0.42,0.044680194829788474,1.0000000000000002,0.9999999999999897,0.0,0.7257730634003232,0.3051494828816933,0.596400836752218,0.3522975343964148,0.35286773411678213,0.01684553477311701,-1.3928523387877063,1.3795041741603404,0.020000000000000018,0.09593733604311634,composite trapezoid on reference grid
double-well,LSC-CP,1,0.48,0.044680194829788474,1.0,0.9999999999999897,0.0,0.6772166006070426,0.2535636162128452,0.5114741095511047,0.3284029851511446,0.3292617252409303,0.016759695913912492,-1.3928523387877063,1.3795041741603404,0.020000000000000018,0.09593733604311634,composite trapezoid on reference grid
double-well,LSC-CP,1,0.54,0.044680194829788474,1.0,0.9999999999999896,0.0,0.6230710381431073,0.20538879764926865,0.4280414658679347,0.3042999786614387,0.30529853696114223,0.013310516436812914,-1.3928523387877063,1.3795041741603404,0.020000000000000018,0.09593733604311634,composite trapezoid on reference grid
double-well,LSC-CP,1,0.6,0.044680194829788474,1.0,0.9999999999999897,0.0,0.5868207803418168,0.18642528720285412,0.3835937520683602,0.2872721972830966,0.28809433046934796,0.013920519772631978,-1.3928523387877063,1.3795041741603404,0.020000000000000018,0.09593733604311634,composite trapezoid on reference grid
double-well,LSC-CP,1,0.66,0.044680194829788474,1.0,0.9999999999999897,0.0,0.5647108497475798,0.16626193331121436,0.34871489419711205,0.2705536151112555,0.27126984760164413,0.013540970345974568,-1.3928523387877063,1.3795041741603404,0.020000000000000018,0.09593733604311634,composite trapezoid on reference grid
double-well,LSC-CP,1,0.72,0.044680194829788474,0.9999999999999999,0.9999999999999898,0.0,0.5382956846719082,0.15844549547319497,0.3197033700229771,0.2552434783961624,0.2556031826806848,0.012264270188844018,-1.3928523387877063,1.3795041741603404,0.020000000000000018,0.09593733604311634,composite trapezoid on reference grid
double-well,LSC-CP,1,0.78,0.044680194829788474,0.9999999999999999,0.9999999999999897,0.0,0.4937936073561726,0.12772731786025168,0.2653058117925293,0.23259797024515477,0.23317388968589736,0.01548204313291135,-1.3928523387877063,1.3795041741603404,0.020000000000000018,0.09593733604311634,composite trapezoid on reference grid
double-well,LSC-CP,1,0.84,0.044680194829788474,1.0000000000000002,0.9999999999999895,0.0,0.4620872818249786,0.10949338879550902,0.23272745503270315,0.21704734005653226,0.2176723098003413,0.010503058926701572,-1.3928523387877063,1.3795041741603404,0.020000000000000018,0.09593733604311634,composite trapezoid on reference grid
double-well,LSC-CP,1,0.9,0.044680194829788474,1.0,0.9999999999999896,0.0,0.42233986179624683,0.09086258107262354,0.19797507948945725,0.20061373291263146,0.20137983473609355,0.011184064424335644,-1.3928523387877063,1.3795041741603404,0.020000000000000018,0.09593733604311634,composite trapezoid on reference grid
double-well,LSC-CP,1,0.96,0.044680194829788474,1.0000000000000002,0.9999999999999896,0.0,0.4124434208129041,0.0887206406724986,0.18567485333277373,0.1930861801985428,0.19411140697756912,0.012305092577333115,-1.3928523387877063,1.3795041741603404,0.020000000000000018,0.09593733604311634,composite trapezoid on reference grid
double-well,LSC-CP,1,1.02,0.044680194829788474,0.9999999999999998,0.9999999999999898,0.0,0.3926242046684725,0.08209485405304309,0.17037376506534008,0.18082544009843432,0.18157634556358637,0.013832858674273307,-1.3928523387877063,1.3795041741603404,0.020000000000000018,0.09593733604311634,composite trapezoid on reference grid
double-well,LSC-CP,1,1.08,0.044680194829788474,1.0,0.9999999999999898,0.0,0.38080359800478814,0.07659312000692099,0.16140460838327844,0.1697905080722354,0.1705375944627675,0.012109623125018981,-1.3928523387877063,1.3795041741603404,0.020000000000000018,0.09593733604311634,composite trapezoid on reference grid
double-well,LSC-CP,1,1.1400000000000001,0.044680194829788474,1.0,0.9999999999999897,0.0,0.35246574543147147,0.061255476000415685,0.13334660920449593,0.16124979435459008,0.1619668190443212,0.013506626613472572,-1.3928523387877063,1.3795041741603404,0.020000000000000018,0.09593733604311634,composite trapezoid on reference grid
double-well,LSC-CP,1,1.2,0.044680194829788474,1.0,0.9999999999999896,0.0,0.33411061594742686,0.05795028973503888,0.12808670125050645,0.15010917276688734,0.15135570786771557,0.011178459036621194,-1.3928523387877063,1.3795041741603404,0.020000000000000018,0.09593733604311634,composite trapezoid on reference grid
double-well,LSC-CP,1,1.26,0.044680194829788474,0.9999999999999999,0.9999999999999898,0.0,0.3222050647701177,0.05465724394639396,0.11470398555262439,0.13790574726526483,0.13801754639362257,0.011809380601430247,-1.3928523387877063,1.3795041741603404,0.020000000000000018,0.09593733604311634,composite trapezoid on reference grid
double-well,LSC-CP,1,1.32,0.044680194829788474,1.0,0.9999999999999896,0.0,0.2803152724158983,0.039646272000782655,0.08885343260208754,0.11995879580756902,0.1196214026330078,0.010590914128018297,-1.3928523387877063,1.3795041741603404,0.020000000000000018,0.09593733604311634,composite trapezoid on reference grid
double-well,LSC-CP,1,1.3800000000000001,0.044680194829788474,1.0,0.9999999999999896,0.0,0.2764785160369092,0.03948241623039355,0.08779355040564066,0.1181442970896639,0.11900786008268688,0.009778460747009693,-1.3928523387877063,1.3795041741603404,0.020000000000000018,0.09593733604311634,composite trapezoid on reference grid
double-well,LSC-CP,1,1.44,0.044680194829788474,1.0000000000000002,0.9999999999999896,0.0,0.26588483508935484,0.03587561441858541,0.08062199835308975,0.10860262282799016,0.10971627069547568,0.009862086634216838,-1.3928523387877063,1.3795041741603404,0.020000000000000018,0.09593733604311634,composite trapezoid on reference grid
double-well,LSC-CP,1,1.5,0.044680194829788474,1.0,0.9999999999999897,0.0,0.2536021729266262,0.03519676466297622,0.07894550500402697,0.09714282170117922,0.09854887592389339,0.012119585168213542,-1.3928523387877063,1.3795041741603404,0.020000000000000018,0.09593733604311634,composite trapezoid on reference grid
double-well,LSC-CP,1,1.56,0.044680194829788474,1.0,0.9999999999999898,0.0,0.2421731555615818,0.029793897405881325,0.06775254969749761,0.09673487513675205,0.09735577628094927,0.010099874653915389,-1.3928523387877063,1.3795041741603404,0.020000000000000018,0.09593733604311634,composite trapezoid on reference grid
double-well,LSC-CP,1,1.62,0.044680194829788474,1.0000000000000002,0.9999999999999896,0.0,0.24278987498021887,0.029482569203524725,0.07068669750346776,0.09482775442641056,0.09553759446276744,0.009545839853663307,-1.3928523387877063,1.3795041741603404,0.020000000000000018,0.09593733604311634,composite trapezoid on reference grid
double-well,LSC-CP,1,1.68,0.044680194829788474,0.9999999999999999,0.9999999999999898,0.0,0.20875076818686522,0.022327404850990818,0.054710996044467344,0.08557369161050937,0.08633984718523052,0.01061988425814403,-1.3928523387877063,1.3795041741603404,0.020000000000000018,0.09593733604311634,composite trapezoid on reference grid
double-well,LSC-CP,1,1.74,0.044680194829788474,1.0,0.9999999999999897,0.0,0.18796913941626459,0.017252968301769457,0.04536302018629215,0.0710096972955373,0.07203089101813187,0.008294632364636942,-1.3928523387877063,1.3795041741603404,0.020000000000000018,0.09593733604311634,composite trapezoid on reference grid
double-well,LSC-CP,1,1.8,0.044680194829788474,0.9999999999999999,0.9999999999999898,0.0,0.18877196640063862,0.016960330591495463,0.04213889643435012,0.06651997409230598,0.06765624130104714,0.010409506242838262,-1.3928523387877063,1.3795041741603404,0.020000000000000018,0.09593733604311634,composite trapezoid on reference grid
double-well,LSC-CP,1,1.86,0.044680194829788474,1.0,0.9999999999999898,0.0,0.18807755793623943,0.016415875182226473,0.04392549890762486,0.06695543140261206,0.06765731795730634,0.00972725068863882,-1.3928523387877063,1.3795041741603404,0.020000000000000018,0.09593733604311634,composite trapezoid on reference grid
double-well,LSC-CP,1,1.92,0.044680194829788474,1.0000000000000002,0.9999999999999896,0.0,0.1804028607222245,0.017081816537083752,0.04455489223235829,0.06883850585378515,0.06866015281476945,0.010077333102016833,-1.3928523387877063,1.3795041741603404,0.020000000000000018,0.09593733604311634,composite trapezoid on reference grid
double-well,LSC-CP,1,1.98,0.044680194829788474,1.0,0.9999999999999898,0.0,0.18376199556722056,0.016873733654508106,0.04301036332378612,0.06767094184211997,0.06832246504225958,0.009698740814429285,-1.3928523387877063,1.3795041741603404,0.020000000000000018,0.09593733604311634,composite trapezoid on reference grid
double-well,LSC-CP,1,2.04,0.044680194829788474,1.0,0.9999999999999897,0.0,0.17812652642340276,0.014558315029209972,0.04488016154957295,0.060969668758725004,0.06163180166174792,0.010670439087170316,-1.3928523387877063,1.3795041741603404,0.020000000000000018,0.09593733604311634,composite trapezoid on reference grid
double-well,LSC-CP,1,2.1,0.044680194829788474,1.0,0.9999999999999898,0.0,0.1775767166750483,0.017100086235859475,0.04650752747951029,0.05478061884060165,0.05543075627613964,0.009728740587526402,-1.3928523387877063,1.3795041741603404,0.020000000000000018,0.09593733604311634,composite trapezoid on reference grid
double-well,LSC-CP,1,2.16,0.044680194829788474,1.0,0.9999999999999896,0.0,0.17253294438389688,0.015250972639615473,0.045187875957783015,0.04697321713196073,0.0471896782645051,0.01251660905505217,-1.3928523387877063,1.3795041741603404,0.020000000000000018,0.09593733604311634,composite trapezoid on reference grid
double-well,LSC-CP,1,2.22,0.044680194829788474,0.9999999999999999,0.9999999999999898,0.0,0.1570189013587935,0.012486533412591212,0.041854828651073775,0.048452295521627664,0.049231555951350425,0.009626257764360102,-1.3928523387877063,1.3795041741603404,0.020000000000000018,0.09593733604311634,composite trapezoid on reference grid
double-well,LSC-CP,1,2.2800000000000002,0.044680194829788474,1.0,0.9999999999999896,0.0,0.14208293120952797,0.009827929209504316,0.027236490549212962,0.036131906469474284,0.037143569861445375,0.008180177762786539,-1.3928523387877063,1.3795041741603404,0.020000000000000018,0.09593733604311634,composite trapezoid on reference grid
double-well,LSC-CP,1,2.34,0.044680194829788474,1.0,0.9999999999999896,0.0,0.15785378170256,0.011755033983268007,0.032451958177246526,0.038232699926656344,0.044035135964820504,0.012638529240291324,-1.3928523387877063,1.3795041741603404,0.020000000000000018,0.09593733604311634,composite trapezoid on reference grid
double-well,LSC-CP,1,2.4,0.044680194829788474,1.0,0.9999999999999896,0.0,0.1483914444183152,0.011301537689883689,0.03066567994371215,0.04091386577613332,0.04073827475906955,0.00917948572806615,-1.3928523387877063,1.3795041741603404,0.020000000000000018,0.09593733604311634,composite trapezoid on reference grid
double-well,LSC-CP,1,2.46,0.044680194829788474,1.0,0.9999999999999899,0.0,0.15009053250906326,0.01038821608808966,0.027320036990378098,0.03897118758633622,0.03933243319598401,0.008479344997520274,-1.3928523387877063,1.3795041741603404,0.020000000000000018,0.09593733604311634,composite trapezoid on reference grid
double-well,LSC-CP,1,2.52,0.044680194829788474,1.0,0.9999999999999897,0.0,0.1475920661008246,0.010026283433191396,0.027928470716900248,0.04452597599454844,0.044712641608367076,0.009560231283947493,-1.3928523387877063,1.3795041741603404,0.020000000000000018,0.09593733604311634,composite trapezoid on reference grid
double-well,LSC-CP,1,2.58,0.044680194829788474,1.0,0.9999999999999898,0.0,0.132160998328838,0.009140794996490348,0.02687073174703455,0.04095738169028418,0.041065099402494254,0.008538686557409497,-1.3928523387877063,1.3795041741603404,0.020000000000000018,0.09593733604311634,composite trapezoid on reference grid
double-well,LSC-CP,1,2.64,0.044680194829788474,0.9999999999999999,0.9999999999999898,0.0,0.1352507513397528,0.00879399362547259,0.024236526954187113,0.035738799662094256,0.03597904567905719,0.010129721078090848,-1.3928523387877063,1.3795041741603404,0.020000000000000018,0.09593733604311634,composite trapezoid on reference grid
double-well,LSC-CP,1,2.7,0.044680194829788474,1.0,0.9999999999999897,0.0,0.12935636163229358,0.007440784028165522,0.022429550480840985,0.0290571947084749,0.02925283489677065,0.009557586333384882,-1.3928523387877063,1.3795041741603404,0.020000000000000018,0.09593733604311634,composite trapezoid on reference grid
double-well,LSC-CP,1,2.7600000000000002,0.044680194829788474,1.0,0.9999999999999896,0.0,0.13302889913112695,0.008400182081271343,0.023381918516055738,0.03361518294088561,0.03359014375107239,0.009011404359899666,-1.3928523387877063,1.3795041741603404,0.020000000000000018,0.09593733604311634,composite trapezoid on reference grid
double-well,LSC-CP,1,2.82,0.044680194829788474,1.0,0.9999999999999896,0.0,0.14648426125546382,0.010262130564614664,0.029307332859944565,0.03565941572178699,0.036530317342968355,0.00802407886294286,-1.3928523387877063,1.3795041741603404,0.020000000000000018,0.09593733604311634,composite trapezoid on reference grid
double-well,LSC-CP,1,2.88,0.044680194829788474,1.0000000000000002,0.9999999999999896,0.0,0.1526323535613153,0.012193533940980366,0.03046279252111301,0.03550499622621714,0.041871505363838935,0.010029686080143652,-1.3928523387877063,1.3795041741603404,0.020000000000000018,0.09593733604311634,composite trapezoid on reference grid
double-well,LSC-CP,1,2.94,0.044680194829788474,1.0,0.9999999999999897,0.0,0.15755412602166835,0.012704447681427797,0.0350054854897895,0.036553093639830614,0.04413831986935016,0.009024049393037248,-1.3928523387877063,1.3795041741603404,0.020000000000000018,0.09593733604311634,composite trapezoid on reference grid
double-well,LSC-CP,1,3.0,0.044680194829788474,0.9999999999999999,0.9999999999999898,0.0,0.1539055049815015,0.012367471745864394,0.031012875507329164,0.03451945697302708,0.043052660770536266,0.011479447472037219,-1.3928523387877063,1.3795041741603404,0.020000000000000018,0.09593733604311634,composite trapezoid on reference grid
double-well,LSC-CP,1,3.06,0.044680194829788474,0.9999999999999999,0.9999999999999898,0.0,0.1336502491048032,0.008853990871562857,0.022434368509057515,0.03146580694493567,0.03959286532389561,0.008209970997781812,-1.3928523387877063,1.3795041741603404,0.020000000000000018,0.09593733604311634,composite trapezoid on reference grid
double-well,LSC-CP,1,3.12,0.044680194829788474,1.0,0.9999999999999897,0.0,0.10879816842544539,0.005222788857465389,0.013760004439111401,0.028686999778715694,0.027326050818384018,0.008439106392869669,-1.3928523387877063,1.3795041741603404,0.020000000000000018,0.09593733604311634,composite trapezoid on reference grid
double-well,LSC-CP,1,3.18,0.044680194829788474,1.0,0.9999999999999898,0.0,0.11047098131788184,0.006027457211079326,0.01654304147738561,0.027789311041851894,0.028790586382426056,0.00981070109074271,-1.3928523387877063,1.3795041741603404,0.020000000000000018,0.09593733604311634,composite trapezoid on reference grid
double-well,LSC-CP,1,3.24,0.044680194829788474,1.0,0.9999999999999898,0.0,0.11591355059014416,0.007179015615673398,0.020805923743163587,0.030160905152236905,0.03039287936444239,0.009459125949417752,-1.3928523387877063,1.3795041741603404,0.020000000000000018,0.09593733604311634,composite trapezoid on reference grid
double-well,LSC-CP,1,3.3000000000000003,0.044680194829788474,1.0,0.9999999999999898,0.0,0.13605019696991905,0.008815814454751719,0.026698282200110137,0.03780007962650167,0.03612315322463311,0.010478756589953842,-1.3928523387877063,1.3795041741603404,0.020000000000000018,0.09593733604311634,composite trapezoid on reference grid
double-well,LSC-CP,1,3.36,0.044680194829788474,0.9999999999999998,0.9999999999999898,0.0,0.1223784030590611,0.007325505251290247,0.019211725390772906,0.03149242650960338,0.03230763811701787,0.01048700881466913,-1.3928523387877063,1.3795041741603404,0.020000000000000018,0.09593733604311634,composite trapezoid on reference grid
double-well,LSC-CP,1,3.42,0.044680194829788474,1.0000000000000002,0.9999999999999896,0.0,0.13948172482208088,0.009787235544048502,0.02515301597188193,0.03925759391404471,0.03641104714207677,0.010699401963705849,-1.3928523387877063,1.3795041741603404,0.020000000000000018,0.09593733604311634,composite trapezoid on reference grid
double-well,LSC-CP,1,3.48,0.044680194829788474,1.0,0.9999999999999897,0.0,0.14665841582517458,0.010810966973493728,0.028242166763946627,0.03654249450739455,0.03743465307858883,0.011172669997090962,-1.3928523387877063,1.3795041741603404,0.020000000000000018,0.09593733604311634,composite trapezoid on reference grid
double-well,LSC-CP,1,3.54,0.044680194829788474,0.9999999999999999,0.9999999999999898,0.0,0.16239082370957875,0.013577669429205536,0.03188181338164305,0.04072396174789894,0.04189881001486595,0.009268187690900903,-1.3928523387877063,1.3795041741603404,0.020000000000000018,0.09593733604311634,composite trapezoid on reference grid
double-well,LSC-CP,1,3.6,0.044680194829788474,1.0,0.9999999999999897,0.0,0.1498354183276038,0.010194291837398152,0.027063995297522292,0.03583057878865939,0.04352597507800966,0.008528114185463176,-1.3928523387877063,1.3795041741603404,0.020000000000000018,0.09593733604311634,composite trapezoid on reference grid
double-well,LSC-CP,1,3.66,0.044680194829788474,1.0,0.9999999999999898,0.0,0.15683694033156176,0.012892592233668381,0.03154799199932477,0.03811263536400604,0.045989719105775276,0.010495728043414032,-1.3928523387877063,1.3795041741603404,0.020000000000000018,0.09593733604311634,composite trapezoid on reference grid
double-well,LSC-CP,1,3.72,0.044680194829788474,1.0,0.9999999999999897,0.0,0.15501813684407906,0.011701875721398126,0.024995252780531316,0.03877176208334754,0.049048888037804356,0.01163384422420266,-1.3928523387877063,1.3795041741603404,0.020000000000000018,0.09593733604311634,composite trapezoid on reference grid
double-well,LSC-CP,1,3.7800000000000002,0.044680194829788474,1.0000000000000002,0.9999999999999896,0.0,0.1386982296199927,0.009571776818488423,0.029123532597874573,0.03412593922169778,0.042881495473335154,0.008755556251637375,-1.3928523387877063,1.3795041741603404,0.020000000000000018,0.09593733604311634,composite trapezoid on reference grid
double-well,LSC-CP,1,3.84,0.044680194829788474,0.9999999999999998,0.9999999999999898,0.0,0.14258715363211083,0.01124480656954028,0.025821431222703486,0.04069744158937938,0.04995797894689524,0.010635620654915912,-1.3928523387877063,1.3795041741603404,0.020000000000000018,0.09593733604311634,composite trapezoid on reference grid
double-well,LSC-CP,1,3.9,0.044680194829788474,1.0,0.9999999999999897,0.0,0.13450378715633796,0.010013905314639571,0.024340793386670216,0.03811743260126414,0.04858059051027505,0.011544306320489847,-1.3928523387877063,1.3795041741603404,0.020000000000000018,0.09593733604311634,composite trapezoid on reference grid
double-well,LSC-CP,1,3.96,0.044680194829788474,0.9999999999999999,0.9999999999999898,0.0,0.12758854963883132,0.00878737290107692,0.024106454158016648,0.03535742893819524,0.046075771888422906,0.010858172299754165,-1.3928523387877063,1.3795041741603404,0.020000000000000018,0.09593733604311634,composite trapezoid on reference grid
double-well,LSC-CP,1,4.0200000000000005,0.044680194829788474,1.0,0.9999999999999898,0.0,0.1359760619669833,0.009419641105331304,0.02425188230502344,0.03834353528013568,0.037879815072846434,0.009894398640056479,-1.3928523387877063,1.3795041741603404,0.020000000000000018,0.09593733604311634,composite trapezoid on reference grid
double-well,LSC-CP,1,4.08,0.044680194829788474,1.0,0.9999999999999897,0.0,0.13298014446840387,0.008399621772379922,0.02314376487800319,0.034706361808074404,0.035080628196684366,0.010374448421582638,-1.3928523387877063,1.3795041741603404,0.020000000000000018,0.09593733604311634,composite trapezoid on reference grid
double-well,LSC-CP,1,4.14,0.044680194829788474,1.0,0.9999999999999897,0.0,0.12428824895954951,0.007367097549600024,0.020273801233967072,0.02801157426711709,0.033052660770536285,0.009586236426587721,-1.3928523387877063,1.3795041741603404,0.020000000000000018,0.09593733604311634,composite trapezoid on reference grid
double-well,LSC-CP,1,4.2,0.044680194829788474,1.0,0.9999999999999898,0.0,0.1389365285136561,0.009769293015877388,0.02690558216383134,0.0356736131506159,0.035392879364442395,0.00831379032209345,-1.3928523387877063,1.3795041741603404,0.020000000000000018,0.09593733604311634,composite trapezoid on reference grid
double-well,LSC-CP,1,4.26,0.044680194829788474,1.0000000000000002,0.9999999999999896,0.0,0.13283477452880116,0.007504500669261685,0.020888768929892956,0.03116616812834483,0.03357469754626058,0.009807983062739459,-1.3928523387877063,1.3795041741603404,0.020000000000000018,0.09593733604311634,composite trapezoid on reference grid
double-well,LSC-CP,1,4.32,0.044680194829788474,1.0,0.9999999999999897,0.0,0.13336518093110833,0.007959614270634591,0.021963232071272418,0.03257492847337129,0.03471213552478655,0.009246681330741552,-1.3928523387877063,1.3795041741603404,0.020000000000000018,0.09593733604311634,composite trapezoid on reference grid
double-well,LSC-CP,1,4.38,0.044680194829788474,1.0,0.9999999999999897,0.0,0.12580874159464622,0.008082669254926775,0.023613381927361995,0.032581387801814965,0.03612315322463344,0.008372340643170731,-1.3928523387877063,1.3795041741603404,0.020000000000000018,0.09593733604311634,composite trapezoid on reference grid
double-well,LSC-CP,1,4.44,0.044680194829788474,1.0000000000000002,0.9999999999999896,0.0,0.13749178154315364,0.009341589865454332,0.021105331108239977,0.035586908503963094,0.04732013805116833,0.011733229547205237,-1.3928523387877063,1.3795041741603404,0.020000000000000018,0.09593733604311634,composite trapezoid on reference grid
double-well,LSC-CP,1,4.5,0.044680194829788474,1.0,0.9999999999999897,0.0,0.13954360440591673,0.008633519367427823,0.02366678359948695,0.034099197612869836,0.04060876820060788,0.009403801611527318,-1.3928523387877063,1.3795041741603404,0.020000000000000018,0.09593733604311634,composite trapezoid on reference grid
double-well,LSC-CP,1,4.5600000000000005,0.044680194829788474,1.0,0.9999999999999898,0.0,0.13606301583636288,0.009055904914204098,0.022834682355832196,0.03230964301371328,0.042439408252059274,0.010639686026766654,-1.3928523387877063,1.3795041741603404,0.020000000000000018,0.09593733604311634,composite trapezoid on reference grid
double-well,LSC-CP,1,4.62,0.044680194829788474,1.0000000000000002,0.9999999999999897,0.0,0.1262020833255818,0.007849358855809535,0.023277874920069566,0.028773264973214363,0.03813979712871343,0.009716064035840216,-1.3928523387877063,1.3795041741603404,0.020000000000000018,0.09593733604311634,composite trapezoid on reference grid
double-well,LSC-CP,1,4.68,0.044680194829788474,1.0,0.9999999999999896,0.0,0.1446049553408674,0.011451502104679462,0.030244342832114128,0.03832399232920483,0.04807142962346421,0.010146513328135348,-1.3928523387877063,1.3795041741603404,0.020000000000000018,0.09593733604311634,composite trapezoid on reference grid
double-well,LSC-CP,1,4.74,0.044680194829788474,1.0,0.9999999999999897,0.0,0.15676162942337712,0.012316474558953999,0.03172400342603227,0.035650157452102066,0.043052660770536266,0.009210338542613772,-1.3928523387877063,1.3795041741603404,0.020000000000000018,0.09593733604311634,composite trapezoid on reference grid
double-well,LSC-CP,1,4.8,0.044680194829788474,0.9999999999999999,0.9999999999999898,0.0,0.13585981272617215,0.008517066505735978,0.02479851094054388,0.03312399333520344,0.04106331365515334,0.008679429678133621,-1.3928523387877063,1.3795041741603404,0.020000000000000018,0.09593733604311634,composite trapezoid on reference grid
double-well,CP,1,0.0,0.044680194829788474,1.0,0.9999999999999897,0.0,1.443676601776298,2.3183492090071316,3.610755468678538,0.6681285647017237,0.6768503043142742,0.06342948654036215,-1.3928523387877063,1.3795041741603404,0.020000000000000018,0.09593733604311634,composite trapezoid on reference grid
double-well,CP,1,0.06,0.044680194829788474,1.0,0.9999999999999898,0.0,1.1940945522826065,1.071330952804225,1.8010141786873906,0.5838227118676891,0.5874086426716123,0.029308871741324127,-1.3928523387877063,1.3795041741603404,0.020000000000000018,0.09593733604311634,composite trapezoid on reference grid
double-well,CP,1,0.12,0.044680194829788474,1.0000000000000002,0.9999999999999897,0.0,1.0797278744862695,0.6885519247228573,1.2286896366831046,0.5334075938260046,0.5361754458292474,0.023965532915289245,-1.3928523387877063,1.3795041741603404,0.020000000000000018,0.09593733604311634,composite trapezoid on reference grid
double-well,CP,1,0.18,0.044680194829788474,0.9999999999999999,0.9999999999999898,0.0,0.9993180786558342,0.4929997225591467,0.9173674842503874,0.4956050451286953,0.49809435069156915,0.0173194383170443,-1.3928523387877063,1.3795041741603404,0.020000000000000018,0.09593733604311634,composite trapezoid on reference grid
double-well,CP,1,0.24,0.044680194829788474,0.9999999999999999,0.9999999999999898,0.0,0.9338702772246916,0.37944653281303375,0.7302205039881242,0.4615367864167394,0.46302262228294494,0.017542462134718245,-1.3928523387877063,1.3795041741603404,0.020000000000000018,0.09593733604311634,composite trapezoid on reference grid
double-well,CP,1,0.3,0.044680194829788474,1.0,0.9999999999999896,0.0,0.8699089919901883,0.2984888223987291,0.587346869247084,0.42780284314155553,0.429410725702468,0.01422727286186537,-1.3928523387877063,1.3795041741603404,0.020000000000000018,0.09593733604311634,composite trapezoid on reference grid
double-well,CP,1,0.36,0.044680194829788474,1.0,0.9999999999999898,0.0,0.8302917585569349,0.26606524963976064,0.5359650200481422,0.40531978937586094,0.40806425430980864,0.012048800541880234,-1.3928523387877063,1.3795041741603404,0.020000000000000018,0.09593733604311634,composite trapezoid on reference grid
double-well,CP,1,0.42,0.044680194829788474,1.0,0.9999999999999898,0.0,0.7959302883620483,0.2370401417820412,0.4808571993582633,0.38331792772920087,0.38400344160066,0.013780883172590686,-1.3928523387877063,1.3795041741603404,0.020000000000000018,0.09593733604311634,composite trapezoid on reference grid
double-well,CP,1,0.48,0.044680194829788474,1.0,0.9999999999999898,0.0,0.7426845114371277,0.20733024634570396,0.4359117411480491,0.3519335281567234,0.3531573594940708,0.010984086231547396,-1.3928523387877063,1.3795041741603404,0.020000000000000018,0.09593733604311634,composite trapezoid on reference grid
double-well,CP,1,0.54,0.044680194829788474,1.0,0.9999999999999898,0.0,0.7208453039768005,0.19706630014171928,0.4200519824049934,0.3379914525671519,0.339085141736572,0.011254080632268348,-1.3928523387877063,1.3795041741603404,0.020000000000000018,0.09593733604311634,composite trapezoid on reference grid
double-well,CP,1,0.6,0.044680194829788474,1.0,0.9999999999999897,0.0,0.6735296844872961,0.16963847455067554,0.3619772146617797,0.31333623639010094,0.3157743620661045,0.011230407201769876,-1.3928523387877063,1.3795041741603404,0.020000000000000018,0.09593733604311634,composite trapezoid on reference grid
double-well,CP,1,0.66,0.044680194829788474,0.9999999999999999,0.9999999999999898,0.0,0.658368350795888,0.15812305259079992,0.33370892563123516,0.3000087547106502,0.3002953495556722,0.011027712360283048,-1.3928523387877063,1.3795041741603404,0.020000000000000018,0.09593733604311634,composite trapezoid on reference grid
double-well,CP,1,0.72,0.044680194829788474,1.0,0.9999999999999897,0.0,0.6117497826530053,0.14289494424091742,0.30576718599503616,0.2796105554146201,0.2803458369262717,0.010502908215192508,-1.3928523387877063,1.3795041741603404,0.020000000000000018,0.09593733604311634,composite trapezoid on reference grid
double-well,CP,1,0.78,0.044680194829788474,0.9999999999999998,0.9999999999999897,0.0,0.5866326353671373,0.12569078417858356,0.24863822045925074,0.26393238156845344,0.2648912914717262,0.01076006770550686,-1.3928523387877063,1.3795041741603404,0.020000000000000018,0.09593733604311634,composite trapezoid on reference grid
double-well,CP,1,0.84,0.044680194829788474,1.0,0.9999999999999898,0.0,0.5604938986827257,0.11957794936525629,0.23787714217016637,0.25196729181336525,0.252113531373854,0.011705873463444705,-1.3928523387877063,1.3795041741603404,0.020000000000000018,0.09593733604311634,composite trapezoid on reference grid
double-well,CP,1,0.9,0.044680194829788474,1.0,0.9999999999999897,0.0,0.5701582081255834,0.11359431157366,0.22525926447911115,0.2503739908261945,0.25039160303727304,0.010067436562072263,-1.3928523387877063,1.3795041741603404,0.020000000000000018,0.09593733604311634,composite trapezoid on reference grid
double-well,CP,1,0.96,0.044680194829788474,1.0,0.9999999999999898,0.0,0.5468044286965448,0.10691153136271118,0.21690967373108377,0.23479959835335834,0.23457757704154697,0.012149147722736925,-1.3928523387877063,1.3795041741603404,0.020000000000000018,0.09593733604311634,composite trapezoid on reference grid
double-well,CP,1,1.02,0.044680194829788474,1.0,0.9999999999999897,0.0,0.5279998945416462,0.09609572913234896,0.19988551048191272,0.22545633444483748,0.2262090370450192,0.009665411177330774,-1.3928523387877063,1.3795041741603404,0.020000000000000018,0.09593733604311634,composite trapezoid on reference grid
double-well,CP,1,1.08,0.044680194829788474,1.0,0.9999999999999898,0.0,0.5223991933635707,0.09211769467037309,0.19243264373487545,0.21780807739285224,0.21768407738232343,0.00969482220496215,-1.3928523387877063,1.3795041741603404,0.020000000000000018,0.09593733604311634,composite trapezoid on reference grid
double-well,CP,1,1.1400000000000001,0.044680194829788474,1.0,0.9999999999999897,0.0,0.5166772625728737,0.0951589236549062,0.18707141183851161,0.21639945574535102,0.2166041195026393,0.008530134129206113,-1.3928523387877063,1.3795041741603404,0.020000000000000018,0.09593733604311634,composite trapezoid on reference grid
double-well,CP,1,1.2,0.044680194829788474,0.9999999999999999,0.9999999999999899,0.0,0.5048968036928292,0.0882089978840217,0.1852162837885606,0.21305000516767503,0.21323725737894877,0.008774673177821574,-1.3928523387877063,1.3795041741603404,0.020000000000000018,0.09593733604311634,composite trapezoid on reference grid
double-well,CP,1,1.26,0.044680194829788474,1.0,0.9999999999999897,0.0,0.48947968672113007,0.08265128682303434,0.17906016331286417,0.20489238838918483,0.20472607378186353,0.010022493890041506,-1.3928523387877063,1.3795041741603404,0.020000000000000018,0.09593733604311634,composite trapezoid on reference grid
double-well,CP,1,1.32,0.044680194829788474,1.0,0.9999999999999896,0.0,0.499682896771849,0.08520153139879616,0.1799601307682433,0.20548776826780585,0.204262650206671,0.009217432041844331,-1.3928523387877063,1.3795041741603404,0.020000000000000018,0.09593733604311634,composite trapezoid on reference grid
double-well,CP,1,1.3800000000000001,0.044680194829788474,1.0,0.9999999999999898,0.0,0.5054252360286364,0.0846753166634427,0.1849134298397861,0.20146216287181717,0.20050998465167602,0.00774697699652771,-1.3928523387877063,1.3795041741603404,0.020000000000000018,0.09593733604311634,composite trapezoid on reference grid
double-well,CP,1,1.44,0.044680194829788474,1.0,0.9999999999999897,0.0,0.5179497202401477,0.08624444991952396,0.1975002202357372,0.19795504160047714,0.19777349261256325,0.009697504000305446,-1.3928523387877063,1.3795041741603404,0.020000000000000018,0.09593733604311634,composite trapezoid on reference grid
double-well,CP,1,1.5,0.044680194829788474,1.0,0.9999999999999898,0.0,0.5142036303727664,0.08158934953892348,0.1831911533278766,0.1910984616110149,0.18999443007190642,0.008209596102553007,-1.3928523387877063,1.3795041741603404,0.020000000000000018,0.09593733604311634,composite trapezoid on reference grid
double-well,CP,1,1.56,0.044680194829788474,1.0,0.9999999999999896,0.0,0.4930175334521304,0.07506667326730451,0.16322319154266107,0.17904211372363527,0.17812849463616107,0.00911261376647865,-1.3928523387877063,1.3795041741603404,0.020000000000000018,0.09593733604311634,composite trapezoid on reference grid
double-well,CP,1,1.62,0.044680194829788474,0.9999999999999998,0.9999999999999898,0.0,0.5040511789344353,0.07748962122310346,0.15719551738535703,0.17893829119078966,0.18086168013064988,0.008570878296005613,-1.3928523387877063,1.3795041741603404,0.020000000000000018,0.09593733604311634,composite trapezoid on reference grid
double-well,CP,1,1.68,0.044680194829788474,1.0,0.9999999999999897,0.0,0.4742046816833445,0.07004740360555006,0.1451033335929104,0.16336509631901938,0.1610194794674449,0.008665034107343206,-1.3928523387877063,1.3795041741603404,0.020000000000000018,0.09593733604311634,composite trapezoid on reference grid
double-well,CP,1,1.74,0.044680194829788474,0.9999999999999999,0.9999999999999898,0.0,0.4838861114854355,0.07145421871196031,0.15188175419420985,0.16936619693009303,0.16876552104764553,0.008585616479709152,-1.3928523387877063,1.3795041741603404,0.020000000000000018,0.09593733604311634,composite trapezoid on reference grid
double-well,CP,1,1.8,0.044680194829788474,0.9999999999999999,0.9999999999999898,0.0,0.4873245104400675,0.06884186910814293,0.1474965859783633,0.16369197532066182,0.16187362101531239,0.008570727180189891,-1.3928523387877063,1.3795041741603404,0.020000000000000018,0.09593733604311634,composite trapezoid on reference grid
double-well,CP,1,1.86,0.044680194829788474,1.0000000000000002,0.9999999999999896,0.0,0.4679749918934606,0.06190897195227381,0.13374507211431008,0.15651383523137785,0.1560808320248528,0.00933227893685415,-1.3928523387877063,1.3795041741603404,0.020000000000000018,0.09593733604311634,composite trapezoid on reference grid
double-well,CP,1,1.92,0.044680194829788474,0.9999999999999999,0.9999999999999898,0.0,0.46596886118208897,0.06061314291754709,0.14237799825809933,0.15224887119094443,0.15342230132082108,0.008421113110872236,-1.3928523387877063,1.3795041741603404,0.020000000000000018,0.09593733604311634,composite trapezoid on reference grid
double-well,CP,1,1.98,0.044680194829788474,1.0,0.9999999999999897,0.0,0.4606441459260072,0.06116892309945973,0.13716291566014466,0.1531089012638491,0.15426265020667101,0.007924027921967447,-1.3928523387877063,1.3795041741603404,0.020000000000000018,0.09593733604311634,composite trapezoid on reference grid
double-well,CP,1,2.04,0.044680194829788474,1.0,0.9999999999999896,0.0,0.44533489911499025,0.05772886471613067,0.12809889085254303,0.14544621965767693,0.14408533916281552,0.008336832551361528,-1.3928523387877063,1.3795041741603404,0.020000000000000018,0.09593733604311634,composite trapezoid on reference grid
double-well,CP,1,2.1,0.044680194829788474,1.0000000000000002,0.9999999999999896,0.0,0.43049351705378375,0.05428842548061043,0.12049308962272251,0.13552666255976134,0.13302759543575576,0.008871706597695428,-1.3928523387877063,1.3795041741603404,0.020000000000000018,0.09593733604311634,composite trapezoid on reference grid
double-well,CP,1,2.16,0.044680194829788474,0.9999999999999998,0.9999999999999898,0.0,0.44673787855236746,0.053612547997437,0.11538017478872131,0.13842887551117908,0.13595531079438142,0.0074093960437341955,-1.3928523387877063,1.3795041741603404,0.020000000000000018,0.09593733604311634,composite trapezoid on reference grid
double-well,CP,1,2.22,0.044680194829788474,1.0000000000000002,0.9999999999999897,0.0,0.4351018434620515,0.052832632183817604,0.10924440465124646,0.13675040306295883,0.13472607378186352,0.009067313109492492,-1.3928523387877063,1.3795041741603404,0.020000000000000018,0.09593733604311634,composite trapezoid on reference grid
double-well,CP,1,2.2800000000000002,0.044680194829788474,1.0,0.9999999999999898,0.0,0.4165700939632271,0.04721188846174371,0.09475409210319174,0.13302043325360427,0.13096486403517948,0.007806977045509089,-1.3928523387877063,1.3795041741603404,0.020000000000000018,0.09593733604311634,composite trapezoid on reference grid
double-well,CP,1,2.34,0.044680194829788474,1.0000000000000002,0.9999999999999896,0.0,0.41117880090934544,0.046409761770326505,0.09957256710178324,0.1309300017155243,0.13049656650765018,0.008809245416933814,-1.3928523387877063,1.3795041741603404,0.020000000000000018,0.09593733604311634,composite trapezoid on reference grid
double-well,CP,1,2.4,0.044680194829788474,0.9999999999999998,0.9999999999999898,0.0,0.41567630924687493,0.044950477000931424,0.08745821941960495,0.12458425848939161,0.12166395907211941,0.00839468063573387,-1.3928523387877063,1.3795041741603404,0.020000000000000018,0.09593733604311634,composite trapezoid on reference grid
double-well,CP,1,2.46,0.044680194829788474,1.0,0.9999999999999897,0.0,0.42310820564075735,0.04976483288645735,0.104695425656007,0.12859697298444672,0.1271920990760429,0.008732439704556755,-1.3928523387877063,1.3795041741603404,0.020000000000000018,0.09593733604311634,composite trapezoid on reference grid
double-well,CP,1,2.52,0.044680194829788474,1.0,0.9999999999999896,0.0,0.42783290047687944,0.05187813732849127,0.10334445287683636,0.12931092179713988,0.12677077103974074,0.007321885925007265,-1.3928523387877063,1.3795041741603404,0.020000000000000018,0.09593733604311634,composite trapezoid on reference grid
double-well,CP,1,2.58,0.044680194829788474,1.0,0.9999999999999897,0.0,0.4353285142006967,0.05499478397401233,0.10071278040272502,0.1338825125003398,0.1320880028433687,0.008252641587515791,-1.3928523387877063,1.3795041741603404,0.020000000000000018,0.09593733604311634,composite trapezoid on reference grid
double-well,CP,1,2.64,0.044680194829788474,1.0,0.9999999999999898,0.0,0.4501192490023673,0.05996470344080667,0.12226832722269985,0.1378905492470933,0.13666395907211937,0.007287311191646884,-1.3928523387877063,1.3795041741603404,0.020000000000000018,0.09593733604311634,composite trapezoid on reference grid
double-well,CP,1,2.7,0.044680194829788474,1.0,0.9999999999999897,0.0,0.4483104527087399,0.059273616777685695,0.1241244187017164,0.13563146987001323,0.13524048313900294,0.008286513273631141,-1.3928523387877063,1.3795041741603404,0.020000000000000018,0.09593733604311634,composite trapezoid on reference grid
double-well,CP,1,2.7600000000000002,0.044680194829788474,1.0,0.9999999999999897,0.0,0.4247874046468674,0.05100334433909752,0.10890236553234599,0.13163555581178268,0.13058370286582738,0.007874923407236167,-1.3928523387877063,1.3795041741603404,0.020000000000000018,0.09593733604311634,composite trapezoid on reference grid
double-well,CP,1,2.82,0.044680194829788474,1.0000000000000002,0.9999999999999896,0.0,0.4382176843712986,0.05410507345464674,0.12887145945030953,0.1357560313311711,0.13355573543967925,0.010330743343489546,-1.3928523387877063,1.3795041741603404,0.020000000000000018,0.09593733604311634,composite trapezoid on reference grid
double-well,CP,1,2.88,0.044680194829788474,1.0,0.9999999999999896,0.0,0.4040883295327413,0.04406611345019431,0.09502584752176527,0.1273279245923285,0.12491937180331564,0.007983740858012678,-1.3928523387877063,1.3795041741603404,0.020000000000000018,0.09593733604311634,composite trapezoid on reference grid
double-well,CP,1,2.94,0.044680194829788474,1.0,0.9999999999999897,0.0,0.40557855092324513,0.04355630401457931,0.10363681574671735,0.12495974471460572,0.12413293014401383,0.00968448728358709,-1.3928523387877063,1.3795041741603404,0.020000000000000018,0.09593733604311634,composite trapezoid on reference grid
double-well,CP,1,3.0,0.044680194829788474,1.0,0.9999999999999897,0.0,0.4223949018821008,0.0452618294966122,0.10454170081427158,0.12800425301304896,0.12620941361757393,0.00978486280206392,-1.3928523387877063,1.3795041741603404,0.020000000000000018,0.09593733604311634,composite trapezoid on reference grid
double-well,CP,1,3.06,0.044680194829788474,0.9999999999999998,0.9999999999999898,0.0,0.39322443067906176,0.03982883047141584,0.09207056663239842,0.11935020439971683,0.11687395494427041,0.008640866970290567,-1.3928523387877063,1.3795041741603404,0.020000000000000018,0.09593733604311634,composite trapezoid on reference grid
double-well,CP,1,3.12,0.044680194829788474,1.0,0.9999999999999896,0.0,0.39172948586380596,0.03948777379282318,0.0906264468593696,0.11357152223854594,0.11026841260609777,0.009978320089377157,-1.3928523387877063,1.3795041741603404,0.020000000000000018,0.09593733604311634,composite trapezoid on reference grid
double-well,CP,1,3.18,0.044680194829788474,1.0,0.9999999999999896,0.0,0.40930196657173146,0.042989672166342814,0.09010196530602896,0.12627567598472245,0.12537391725786107,0.008748364349058513,-1.3928523387877063,1.3795041741603404,0.020000000000000018,0.09593733604311634,composite trapezoid on reference grid
double-well,CP,1,3.24,0.044680194829788474,1.0000000000000002,0.9999999999999896,0.0,0.404279415410024,0.04095477809104732,0.09503397880450702,0.12029846989952936,0.11778304585336133,0.008121471570827488,-1.3928523387877063,1.3795041741603404,0.020000000000000018,0.09593733604311634,composite trapezoid on reference grid
double-well,CP,1,3.3000000000000003,0.044680194829788474,1.0,0.9999999999999898,0.0,0.4046107789079642,0.0416523723256747,0.09553249248846313,0.11790525050101894,0.11506166609010306,0.007952090848751037,-1.3928523387877063,1.3795041741603404,0.020000000000000018,0.09593733604311634,composite trapezoid on reference grid
double-well,CP,1,3.36,0.044680194829788474,1.0000000000000002,0.9999999999999896,0.0,0.39096012656369,0.038397652473695365,0.0841357596979937,0.11325548196014579,0.11051621154464851,0.008583608824027283,-1.3928523387877063,1.3795041741603404,0.020000000000000018,0.09593733604311634,composite trapezoid on reference grid
double-well,CP,1,3.42,0.044680194829788474,1.0,0.9999999999999897,0.0,0.4137922323006442,0.04296323991084486,0.09181806327905036,0.12066152503705216,0.11869802972646669,0.009003371310326636,-1.3928523387877063,1.3795041741603404,0.020000000000000018,0.09593733604311634,composite trapezoid on reference grid
double-well,CP,1,3.48,0.044680194829788474,1.0,0.9999999999999897,0.0,0.40340049494862107,0.04118412669516638,0.08419871576951182,0.11292496128154864,0.11121109401806217,0.007283423700166658,-1.3928523387877063,1.3795041741603404,0.020000000000000018,0.09593733604311634,composite trapezoid on reference grid
double-well,CP,1,3.54,0.044680194829788474,1.0,0.9999999999999897,0.0,0.4076559195529186,0.04412901890565379,0.0967510324369183,0.11383824130308988,0.11369213676245224,0.009275159488953327,-1.3928523387877063,1.3795041741603404,0.020000000000000018,0.09593733604311634,composite trapezoid on reference grid
double-well,CP,1,3.6,0.044680194829788474,1.0,0.9999999999999897,0.0,0.40387192731175503,0.04448517054791391,0.09859778110529593,0.10943084839937725,0.10572436647973234,0.00793441430135211,-1.3928523387877063,1.3795041741603404,0.020000000000000018,0.09593733604311634,composite trapezoid on reference grid
double-well,CP,1,3.66,0.044680194829788474,0.9999999999999999,0.9999999999999898,0.0,0.4066871386934594,0.044740516837659824,0.09366767341888921,0.11087343457362114,0.10935932169700685,0.008807389723593628,-1.3928523387877063,1.3795041741603404,0.020000000000000018,0.09593733604311634,composite trapezoid on reference grid
double-well,CP,1,3.72,0.044680194829788474,0.9999999999999998,0.9999999999999898,0.0,0.37948643227925716,0.04022430782386191,0.08948223772704908,0.10181136555204615,0.10082846271240653,0.008176804225093037,-1.3928523387877063,1.3795041741603404,0.020000000000000018,0.09593733604311634,composite trapezoid on reference grid
double-well,CP,1,3.7800000000000002,0.044680194829788474,1.0,0.9999999999999898,0.0,0.38239155643052636,0.036829694674109265,0.0830169726517308,0.09981334232861033,0.09847443783050208,0.007876372448234942,-1.3928523387877063,1.3795041741603404,0.020000000000000018,0.09593733604311634,composite trapezoid on reference grid
double-well,CP,1,3.84,0.044680194829788474,1.0,0.9999999999999898,0.0,0.3777232368151339,0.03659099570503682,0.0869264944913069,0.09919042032173125,0.09631622558519529,0.009194057636029429,-1.3928523387877063,1.3795041741603404,0.020000000000000018,0.09593733604311634,composite trapezoid on reference grid
double-well,CP,1,3.9,0.044680194829788474,0.9999999999999999,0.9999999999999898,0.0,0.417701770279572,0.04448259123376898,0.10197934331154435,0.10675959445807393,0.10764664453058859,0.01004403466778317,-1.3928523387877063,1.3795041741603404,0.020000000000000018,0.09593733604311634,composite trapezoid on reference grid
double-well,CP,1,3.96,0.044680194829788474,1.0,0.9999999999999896,0.0,0.4003843532988529,0.04022750460837303,0.09086679663516835,0.10012183210466169,0.10620171055777539,0.008230563995846762,-1.3928523387877063,1.3795041741603404,0.020000000000000018,0.09593733604311634,composite trapezoid on reference grid
double-well,CP,1,4.0200000000000005,0.044680194829788474,1.0,0.9999999999999896,0.0,0.4104194140592159,0.04330528742816546,0.09418309396618446,0.1055904582791638,0.1125411398788253,0.007689688704640318,-1.3928523387877063,1.3795041741603404,0.020000000000000018,0.09593733604311634,composite trapezoid on reference grid
double-well,CP,1,4.08,0.044680194829788474,1.0,0.9999999999999897,0.0,0.40230102246851707,0.042364109874444195,0.09611845204653718,0.10208910124152581,0.10642530245373993,0.008845816061058193,-1.3928523387877063,1.3795041741603404,0.020000000000000018,0.09593733604311634,composite trapezoid on reference grid
double-well,CP,1,4.14,0.044680194829788474,1.0000000000000002,0.9999999999999896,0.0,0.42026164464620375,0.043445548890802585,0.10214523323747932,0.10775631607914105,0.11126404303053061,0.007425546140045022,-1.3928523387877063,1.3795041741603404,0.020000000000000018,0.09593733604311634,composite trapezoid on reference grid
double-well,CP,1,4.2,0.044680194829788474,0.9999999999999999,0.9999999999999898,0.0,0.4274342459755396,0.04630341866060424,0.10734077601527772,0.11139070381157867,0.11708659442427982,0.008986246987857799,-1.3928523387877063,1.3795041741603404,0.020000000000000018,0.09593733604311634,composite trapezoid on reference grid
double-well,CP,1,4.26,0.044680194829788474,0.9999999999999999,0.9999999999999898,0.0,0.41068169835135,0.04199060833673779,0.10012958664532548,0.10553778468958175,0.10996508915570935,0.008825038155175685,-1.3928523387877063,1.3795041741603404,0.020000000000000018,0.09593733604311634,composite trapezoid on reference grid
double-well,CP,1,4.32,0.044680194829788474,1.0,0.9999999999999896,0.0,0.39221400520323707,0.037776449293580955,0.08868859215394184,0.09811923911036158,0.10483807419413893,0.007792489514121703,-1.3928523387877063,1.3795041741603404,0.020000000000000018,0.09593733604311634,composite trapezoid on reference grid
double-well,CP,1,4.38,0.044680194829788474,0.9999999999999998,0.9999999999999898,0.0,0.39332695946375495,0.03814187284909226,0.08651418516029091,0.10075964058203402,0.10506166609010359,0.007790623935757371,-1.3928523387877063,1.3795041741603404,0.020000000000000018,0.09593733604311634,composite trapezoid on reference grid
double-well,CP,1,4.44,0.044680194829788474,1.0000000000000002,0.9999999999999896,0.0,0.3891452969917113,0.038214480484180434,0.08518575264138573,0.10386347477298474,0.11026841260609799,0.007322051261579476,-1.3928523387877063,1.3795041741603404,0.020000000000000018,0.09593733604311634,composite trapezoid on reference grid
double-well,CP,1,4.5,0.044680194829788474,1.0,0.9999999999999897,0.0,0.3890896013484656,0.03676576822246626,0.08502254595553126,0.09967996989548888,0.10526982102518745,0.007012768494843696,-1.3928523387877063,1.3795041741603404,0.020000000000000018,0.09593733604311634,composite trapezoid on reference grid
double-well,CP,1,4.5600000000000005,0.044680194829788474,0.9999999999999999,0.9999999999999898,0.0,0.42475352624235096,0.04533152391518039,0.09701291488464588,0.11365226207365142,0.12165625601232077,0.00825996770315518,-1.3928523387877063,1.3795041741603404,0.020000000000000018,0.09593733604311634,composite trapezoid on reference grid
double-well,CP,1,4.62,0.044680194829788474,1.0,0.9999999999999896,0.0,0.449294057358412,0.05042686460740445,0.10915328576516578,0.11334561165010482,0.11892898328504808,0.007478251310482353,-1.3928523387877063,1.3795041741603404,0.020000000000000018,0.09593733604311634,composite trapezoid on reference grid
double-well,CP,1,4.68,0.044680194829788474,1.0000000000000002,0.9999999999999896,0.0,0.4308143031558035,0.04661665321406874,0.1041793731118649,0.11012444709127489,0.1143607301160966,0.007169168118042496,-1.3928523387877063,1.3795041741603404,0.020000000000000018,0.09593733604311634,composite trapezoid on reference grid
double-well,CP,1,4.74,0.044680194829788474,1.0,0.9999999999999898,0.0,0.41947170354205243,0.04540111007269474,0.09349879039940409,0.10624549097754687,0.11142530245373994,0.00798069052815184,-1.3928523387877063,1.3795041741603404,0.020000000000000018,0.09593733604311634,composite trapezoid on reference grid
double-well,CP,1,4.8,0.044680194829788474,1.0000000000000002,0.9999999999999896,0.0,0.43560293061531585,0.0478193257860388,0.10181762855976359,0.11064648447064096,0.11483807419413894,0.006769134366200691,-1.3928523387877063,1.3795041741603404,0.020000000000000018,0.09593733604311634,composite trapezoid on reference grid
double-well,Langevin,2,0.0,0.044680194829788474,1.0,0.9999999999999898,0.0,1.4503218648627583,2.3530253573234057,3.6610354106267033,0.6723816183360882,0.6842597699589812,0.05937604272846925,-1.3928523387877063,1.3795041741603404,0.020000000000000018,0.09593733604311634,composite trapezoid on reference grid
double-well,Langevin,2,0.06,0.044680194829788474,1.0,0.9999999999999897,0.0,1.2447412904827955,1.2346851830715053,2.051984401550801,0.6131358863227845,0.6174086426716123,0.033743129308242414,-1.3928523387877063,1.3795041741603404,0.020000000000000018,0.09593733604311634,composite trapezoid on reference grid
double-well,Langevin,2,0.12,0.044680194829788474,0.9999999999999999,0.9999999999999897,0.0,1.1683680187484886,0.9458932438886558,1.6409588348716342,0.5831160549614669,0.585496468620011,0.030480820957375143,-1.3928523387877063,1.3795041741603404,0.020000000000000018,0.09593733604311634,composite trapezoid on reference grid
double-well,Langevin,2,0.18,0.044680194829788474,0.9999999999999999,0.9999999999999897,0.0,1.1355251863734814,0.8074176304338913,1.4585639476133165,0.5677471709499544,0.5690034416006601,0.019978610010658898,-1.3928523387877063,1.3795041741603404,0.020000000000000018,0.09593733604311634,composite trapezoid on reference grid
double-well,Langevin,2,0.24,0.044680194829788474,1.0000000000000002,0.9999999999999897,0.0,1.1133782540972503,0.7426993052392323,1.365327204794046,0.5566734061924872,0.5584771677374905,0.02556969464090153,-1.3928523387877063,1.3795041741603404,0.020000000000000018,0.09593733604311634,composite trapezoid on reference grid
double-well,Langevin,2,0.3,0.044680194829788474,0.9999999999999998,0.9999999999999898,0.0,1.0894715797514547,0.6841928497032587,1.2679712446890923,0.5447207374544857,0.5472482685849799,0.019164100367908166,-1.3928523387877063,1.3795041741603404,0.020000000000000018,0.09593733604311634,composite trapezoid on reference grid
double-well,Langevin,2,0.36,0.044680194829788474,1.0,0.9999999999999896,0.0,1.0716131096586885,0.6399996375081607,1.2038910452874363,0.535787611630483,0.5367006179461723,0.01777126347512109,-1.3928523387877063,1.3795041741603404,0.020000000000000018,0.09593733604311634,composite trapezoid on reference grid
double-well,Langevin,2,0.42,0.044680194829788474,1.0,0.9999999999999897,0.0,1.0601506482682113,0.6231894161760285,1.1752892685607352,0.5300568919447255,0.5319489933376582,0.01831167636137937,-1.3928523387877063,1.3795041741603404,0.020000000000000018,0.09593733604311634,composite trapezoid on reference grid
double-well,Langevin,2,0.48,0.044680194829788474,1.0000000000000002,0.9999999999999897,0.0,1.0521926431271948,0.6243619295981963,1.1578475371088386,0.526095888978446,0.5278137069910587,0.02051175551016665,-1.3928523387877063,1.3795041741603404,0.020000000000000018,0.09593733604311634,composite trapezoid on reference grid
double-well,Langevin,2,0.54,0.044680194829788474,1.0,0.9999999999999897,0.0,1.040728232458535,0.5963101621705511,1.12969633391657,0.5203641117875661,0.5224035387922037,0.018345753699787637,-1.3928523387877063,1.3795041741603404,0.020000000000000018,0.09593733604311634,composite trapezoid on reference grid
double-well,Langevin,2,0.6,0.044680194829788474,1.0,0.9999999999999898,0.0,1.0254483546590063,0.578201435211488,1.1005924127685347,0.5127190982947598,0.5144600730644753,0.019597097356976345,-1.3928523387877063,1.3795041741603404,0.020000000000000018,0.09593733604311634,composite trapezoid on reference grid
double-well,Langevin,2,0.66,0.044680194829788474,1.0,0.9999999999999897,0.0,1.0291865285289483,0.5800797038389075,1.0976911400501552,0.5145551855266849,0.5150804977120924,0.01924865713880211,-1.3928523387877063,1.3795041741603404,0.020000000000000018,0.09593733604311634,composite trapezoid on reference grid
double-well,Langevin,2,0.72,0.044680194829788474,1.0,0.9999999999999897,0.0,1.0236457025789272,0.5725656619502864,1.0743631720362876,0.5118137299616548,0.5134691765734509,0.017248948352476978,-1.3928523387877063,1.3795041741603404,0.020000000000000018,0.09593733604311634,composite trapezoid on reference grid
double-well,Langevin,2,0.78,0.044680194829788474,1.0,0.9999999999999897,0.0,1.0142853403317598,0.5545426326438871,1.0555365609429046,0.5070843849488286,0.5079402940767432,0.01600550655732863,-1.3928523387877063,1.3795041741603404,0.020000000000000018,0.09593733604311634,composite trapezoid on reference grid
double-well,Langevin,2,0.84,0.044680194829788474,1.0,0.9999999999999897,0.0,1.0080700158347533,0.5490341813006159,1.0478038533113978,0.5040306385391782,0.5043590743890207,0.017388551122202223,-1.3928523387877063,1.3795041741603404,0.020000000000000018,0.09593733604311634,composite trapezoid on reference grid
double-well,Langevin,2,0.9,0.044680194829788474,1.0,0.9999999999999896,0.0,1.00485812875422,0.5477836967289345,1.0391181562501013,0.5024270267695232,0.5034691765734509,0.01953683253350097,-1.3928523387877063,1.3795041741603404,0.020000000000000018,0.09593733604311634,composite trapezoid on reference grid
double-well,Langevin,2,0.96,0.044680194829788474,1.0000000000000002,0.9999999999999896,0.0,1.00204553136171,0.5351686045606214,1.0349768298654671,0.501022682121196,0.5024131886622367,0.018356186301909883,-1.3928523387877063,1.3795041741603404,0.020000000000000018,0.09593733604311634,composite trapezoid on reference grid
double-well,Langevin,2,1.02,0.044680194829788474,0.9999999999999999,0.9999999999999898,0.0,0.9969516950907993,0.5358134837459526,1.0138571523710682,0.4984758127747195,0.4994215477828984,0.014626371770475821,-1.3928523387877063,1.3795041741603404,0.020000000000000018,0.09593733604311634,composite trapezoid on reference grid
double-well,Langevin,2,1.08,0.044680194829788474,0.9999999999999998,0.9999999999999899,0.0,0.994696190008433,0.5329656959181466,1.0013882305525423,0.4972969994728335,0.4975712642338695,0.014921612972792181,-1.3928523387877063,1.3795041741603404,0.020000000000000018,0.09593733604311634,composite trapezoid on reference grid
double-well,Langevin,2,1.1400000000000001,0.044680194829788474,1.0,0.9999999999999897,0.0,0.9919202250245864,0.5241836743854751,0.9904682073492803,0.4959159375653574,0.4967820828076301,0.014677129148431056,-1.3928523387877063,1.3795041741603404,0.020000000000000018,0.09593733604311634,composite trapezoid on reference grid
double-well,Langevin,2,1.2,0.044680194829788474,1.0,0.9999999999999898,0.0,0.9866700347881805,0.5312983527176625,1.0039106205554602,0.4933348242429608,0.4940548100803574,0.016601733053922818,-1.3928523387877063,1.3795041741603404,0.020000000000000018,0.09593733604311634,composite trapezoid on reference grid
double-well,Langevin,2,1.26,0.044680194829788474,1.0,0.9999999999999898,0.0,0.986063662317539,0.5237606007377106,0.9964934503234666,0.49301117902092717,0.4937838573009934,0.017503785738654715,-1.3928523387877063,1.3795041741603404,0.020000000000000018,0.09593733604311634,composite trapezoid on reference grid
double-well,Langevin,2,1.32,0.044680194829788474,1.0000000000000002,0.9999999999999897,0.0,0.9805459732121622,0.5125251045029183,0.9782115314348605,0.49014743617430334,0.4909664890743001,0.015539706893918703,-1.3928523387877063,1.3795041741603404,0.020000000000000018,0.09593733604311634,composite trapezoid on reference grid
double-well,Langevin,2,1.3800000000000001,0.044680194829788474,1.0,0.9999999999999896,0.0,0.9718784832046912,0.5013475048033591,0.9585724152769075,0.4859351884208521,0.48679439263977603,0.013863230910756225,-1.3928523387877063,1.3795041741603404,0.020000000000000018,0.09593733604311634,composite trapezoid on reference grid
double-well,Langevin,2,1.44,0.044680194829788474,1.0,0.9999999999999898,0.0,0.9676770772997187,0.500608206707009,0.9563569601930841,0.48380749903787984,0.4851474936646297,0.016786653331532342,-1.3928523387877063,1.3795041741603404,0.020000000000000018,0.09593733604311634,composite trapezoid on reference grid
double-well,Langevin,2,1.5,0.044680194829788474,1.0,0.9999999999999897,0.0,0.9642286792152579,0.4902229470824366,0.9486303283317199,0.48211421424367373,0.48233012543793646,0.016089679511805288,-1.3928523387877063,1.3795041741603404,0.020000000000000018,0.09593733604311634,composite trapezoid on reference grid
double-well,Langevin,2,1.56,0.044680194829788474,0.9999999999999998,0.9999999999999898,0.0,0.9612235960665285,0.48944216304120686,0.9357266901815184,0.4806032138045532,0.48090116241317005,0.016880189357052405,-1.3928523387877063,1.3795041741603404,0.020000000000000018,0.09593733604311634,composite trapezoid on reference grid
double-well,Langevin,2,1.62,0.044680194829788474,1.0,0.9999999999999897,0.0,0.9552781008683375,0.486836833377236,0.9289523316192017,0.47760026122479365,0.4777477706139327,0.015752650872568885,-1.3928523387877063,1.3795041741603404,0.020000000000000018,0.09593733604311634,composite trapezoid on reference grid
double-well,Langevin,2,1.68,0.044680194829788474,1.0,0.9999999999999896,0.0,0.9536382483602672,0.4800727549358703,0.9213904142790663,0.4767841207153653,0.47718523956025705,0.014482329618182022,-1.3928523387877063,1.3795041741603404,0.020000000000000018,0.09593733604311634,composite trapezoid on reference grid
double-well,Langevin,2,1.74,0.044680194829788474,0.9999999999999999,0.9999999999999898,0.0,0.9557364649151932,0.47574401828368945,0.9212317342041192,0.4778554657997264,0.4791483072561183,0.013162592818271979,-1.3928523387877063,1.3795041741603404,0.020000000000000018,0.09593733604311634,composite trapezoid on reference grid
double-well,Langevin,2,1.8,0.044680194829788474,1.0,0.9999999999999897,0.0,0.9533701070511806,0.46508680831638194,0.9116326699862696,0.4766840853554117,0.4777477706139327,0.01677417833470579,-1.3928523387877063,1.3795041741603404,0.020000000000000018,0.09593733604311634,composite trapezoid on reference grid
double-well,Langevin,2,1.86,0.044680194829788474,0.9999999999999999,0.9999999999999898,0.0,0.952774185898888,0.4764738844639633,0.9018247044410759,0.47638228332909527,0.4772932251593873,0.014585065103129624,-1.3928523387877063,1.3795041741603404,0.020000000000000018,0.09593733604311634,composite trapezoid on reference grid
double-well,Langevin,2,1.92,0.044680194829788474,0.9999999999999999,0.9999999999999897,0.0,0.9447255519718969,0.47635537757407276,0.9054209390573282,0.4723431350910908,0.4726442237190505,0.015185298579949436,-1.3928523387877063,1.3795041741603404,0.020000000000000018,0.09593733604311634,composite trapezoid on reference grid
double-well,Langevin,2,1.98,0.044680194829788474,1.0,0.9999999999999897,0.0,0.9378185243313006,0.4725682117776576,0.885825702396112,0.46886962462708826,0.47002049788666,0.017118749602653305,-1.3928523387877063,1.3795041741603404,0.020000000000000018,0.09593733604311634,composite trapezoid on reference grid
double-well,Langevin,2,2.04,0.044680194829788474,1.0000000000000002,0.9999999999999897,0.0,0.9300496650613899,0.47175796893145594,0.8835398749042579,0.4650226240476209,0.46545454545454534,0.015207641351714124,-1.3928523387877063,1.3795041741603404,0.020000000000000018,0.09593733604311634,composite trapezoid on reference grid
double-well,Langevin,2,2.1,0.044680194829788474,1.0,0.9999999999999896,0.0,0.9253949378075268,0.4646608009750036,0.872686569363805,0.4626208595695352,0.4635533146281415,0.016385400325116012,-1.3928523387877063,1.3795041741603404,0.020000000000000018,0.09593733604311634,composite trapezoid on reference grid
double-well,Langevin,2,2.16,0.044680194829788474,1.0000000000000002,0.9999999999999897,0.0,0.9269935579065876,0.4581507905810044,0.8666447597093918,0.4634833358594706,0.46423840275553885,0.015801982097032208,-1.3928523387877063,1.3795041741603404,0.020000000000000018,0.09593733604311634,composite trapezoid on reference grid
double-well,Langevin,2,2.22,0.044680194829788474,1.0,0.9999999999999898,0.0,0.9220384585442776,0.46893976346532346,0.8770823661727866,0.4610169618298263,0.46178208280763006,0.0201169887951978,-1.3928523387877063,1.3795041741603404,0.020000000000000018,0.09593733604311634,composite trapezoid on reference grid
double-well,Langevin,2,2.2800000000000002,0.044680194829788474,0.9999999999999999,0.9999999999999898,0.0,0.921052332416711,0.46575144983643924,0.8697044681128994,0.46050975038025055,0.4611218001090409,0.013837786752916748,-1.3928523387877063,1.3795041741603404,0.020000000000000018,0.09593733604311634,composite trapezoid on reference grid
double-well,Langevin,2,2.34,0.044680194829788474,0.9999999999999999,0.9999999999999897,0.0,0.9158588637268998,0.4522767391637047,0.855130632969739,0.4579225650250959,0.4588006354245592,0.016265015077924508,-1.3928523387877063,1.3795041741603404,0.020000000000000018,0.09593733604311634,composite trapezoid on reference grid
double-well,Langevin,2,2.4,0.044680194829788474,0.9999999999999999,0.9999999999999898,0.0,0.9131807586171607,0.44531293601487554,0.844105311152197,0.4565883085835536,0.4581118634118517,0.015166536079406157,-1.3928523387877063,1.3795041741603404,0.020000000000000018,0.09593733604311634,composite trapezoid on reference grid
double-well,Langevin,2,2.46,0.044680194829788474,1.0,0.9999999999999897,0.0,0.9152374547970836,0.4438935250042384,0.8390132649102527,0.45761516245126876,0.4586937618015729,0.016244368155869576,-1.3928523387877063,1.3795041741603404,0.020000000000000018,0.09593733604311634,composite trapezoid on reference grid
double-well,Langevin,2,2.52,0.044680194829788474,1.0,0.9999999999999897,0.0,0.9086497010403366,0.44765014300627715,0.8376772248426156,0.45429547900902567,0.4555119436197547,0.015465331653286174,-1.3928523387877063,1.3795041741603404,0.020000000000000018,0.09593733604311634,composite trapezoid on reference grid
double-well,Langevin,2,2.58,0.044680194829788474,1.0,0.9999999999999898,0.0,0.90613775350737,0.4465495920728565,0.8358138283015056,0.4530685997125953,0.4536363636363635,0.015356563848858584,-1.3928523387877063,1.3795041741603404,0.020000000000000018,0.09593733604311634,composite trapezoid on reference grid
double-well,Langevin,2,2.64,0.044680194829788474,1.0,0.9999999999999897,0.0,0.9045289833141006,0.4392148909594048,0.8340160792169493,0.45216739494455604,0.4528679195877141,0.015298825450705184,-1.3928523387877063,1.3795041741603404,0.020000000000000018,0.09593733604311634,composite trapezoid on reference grid
double-well,Langevin,2,2.7,0.044680194829788474,1.0,0.9999999999999898,0.0,0.9021360942000445,0.4359458544060835,0.8150696411254554,0.4510543366743711,0.4511993645754407,0.01882147028947606,-1.3928523387877063,1.3795041741603404,0.020000000000000018,0.09593733604311634,composite trapezoid on reference grid
double-well,Langevin,2,2.7600000000000002,0.044680194829788474,1.0000000000000002,0.9999999999999897,0.0,0.8977340514054939,0.4211764592699586,0.8086898145565657,0.44883212282692114,0.4499169509917778,0.014426244325438986,-1.3928523387877063,1.3795041741603404,0.020000000000000018,0.09593733604311634,composite trapezoid on reference grid
double-well,Langevin,2,2.82,0.044680194829788474,1.0000000000000002,0.9999999999999896,0.0,0.896019841469359,0.41751842597763555,0.8061336559552038,0.4479672795027514,0.44781032173549473,0.01619649645600363,-1.3928523387877063,1.3795041741603404,0.020000000000000018,0.09593733604311634,composite trapezoid on reference grid
double-well,Langevin,2,2.88,0.044680194829788474,0.9999999999999999,0.9999999999999898,0.0,0.8917250903901442,0.4154072731551548,0.7985658542502876,0.445855832148105,0.4461218001090409,0.01568141699865669,-1.3928523387877063,1.3795041741603404,0.020000000000000018,0.09593733604311634,composite trapezoid on reference grid
double-well,Langevin,2,2.94,0.044680194829788474,1.0,0.9999999999999897,0.0,0.8832465073478071,0.41367732013890035,0.7885536013795447,0.44162219356918414,0.441810253322261,0.01842782970951043,-1.3928523387877063,1.3795041741603404,0.020000000000000018,0.09593733604311634,composite trapezoid on reference grid
double-well,Langevin,2,3.0,0.044680194829788474,0.9999999999999999,0.9999999999999897,0.0,0.8832314009805778,0.4033494607721417,0.7829088187494744,0.4416117296670409,0.4431818181818181,0.013952175604526829,-1.3928523387877063,1.3795041741603404,0.020000000000000018,0.09593733604311634,composite trapezoid on reference grid
double-well,Langevin,2,3.06,0.044680194829788474,1.0,0.9999999999999897,0.0,0.878292614442117,0.39983437339401184,0.7767600211751124,0.439145837282569,0.44007594808755324,0.014349988026425786,-1.3928523387877063,1.3795041741603404,0.020000000000000018,0.09593733604311634,composite trapezoid on reference grid
double-well,Langevin,2,3.12,0.044680194829788474,1.0,0.9999999999999897,0.0,0.8720330041396027,0.40420240171695554,0.7716501918765455,0.4360113856817203,0.4367632188912504,0.01233687199960909,-1.3928523387877063,1.3795041741603404,0.020000000000000018,0.09593733604311634,composite trapezoid on reference grid
double-well,Langevin,2,3.18,0.044680194829788474,1.0,0.9999999999999897,0.0,0.8680853737671406,0.39782996749915267,0.7646436963345423,0.43402727326071716,0.43483572821180433,0.014507871075834206,-1.3928523387877063,1.3795041741603404,0.020000000000000018,0.09593733604311634,composite trapezoid on reference grid
double-well,Langevin,2,3.24,0.044680194829788474,1.0000000000000002,0.9999999999999896,0.0,0.8651340871394424,0.40202768461749994,0.7634578763814481,0.43256700879904053,0.4337123117239169,0.013286406748724972,-1.3928523387877063,1.3795041741603404,0.020000000000000018,0.09593733604311634,composite trapezoid on reference grid
double-well,Langevin,2,3.3000000000000003,0.044680194829788474,1.0,0.9999999999999897,0.0,0.8635306586706754,0.3964958575697479,0.747157751672205,0.431764859396848,0.43248543647267723,0.0146809019549492,-1.3928523387877063,1.3795041741603404,0.020000000000000018,0.09593733604311634,composite trapezoid on reference grid
double-well,Langevin,2,3.36,0.044680194829788474,1.0,0.9999999999999898,0.0,0.8576172910174031,0.3921006824603043,0.7368083340321976,0.42880634932698347,0.4289502622304677,0.014606343874890959,-1.3928523387877063,1.3795041741603404,0.020000000000000018,0.09593733604311634,composite trapezoid on reference grid
double-well,Langevin,2,3.42,0.044680194829788474,1.0,0.9999999999999898,0.0,0.855216603070287,0.39294080430792594,0.7404909889145732,0.42760747491716633,0.42820560736022395,0.016730448457864533,-1.3928523387877063,1.3795041741603404,0.020000000000000018,0.09593733604311634,composite trapezoid on reference grid
double-well,Langevin,2,3.48,0.044680194829788474,1.0,0.9999999999999898,0.0,0.8537158635869546,0.389636920185196,0.7378117073573359,0.4268579293553505,0.42710845548453164,0.014861781665319485,-1.3928523387877063,1.3795041741603404,0.020000000000000018,0.09593733604311634,composite trapezoid on reference grid
double-well,Langevin,2,3.54,0.044680194829788474,1.0000000000000002,0.9999999999999897,0.0,0.8548351853004066,0.39259927354251534,0.7377151393997199,0.4274166869475158,0.4276442237190506,0.013681341322174745,-1.3928523387877063,1.3795041741603404,0.020000000000000018,0.09593733604311634,composite trapezoid on reference grid
double-well,Langevin,2,3.6,0.044680194829788474,0.9999999999999999,0.9999999999999898,0.0,0.8465866659441033,0.3816588260244582,0.7282564259351398,0.42328711967084487,0.4232648671900402,0.017838411963665035,-1.3928523387877063,1.3795041741603404,0.020000000000000018,0.09593733604311634,composite trapezoid on reference grid
double-well,Langevin,2,3.66,0.044680194829788474,1.0,0.9999999999999897,0.0,0.8463139577073526,0.3774764672824086,0.720007385542134,0.42315697441197475,0.4245692437238603,0.012184026017143412,-1.3928523387877063,1.3795041741603404,0.020000000000000018,0.09593733604311634,composite trapezoid on reference grid
double-well,Langevin,2,3.72,0.044680194829788474,0.9999999999999999,0.9999999999999898,0.0,0.8391948618603204,0.3764894153542764,0.7239223939666857,0.4195930615519615,0.41954545454545444,0.013124577895807496,-1.3928523387877063,1.3795041741603404,0.020000000000000018,0.09593733604311634,composite trapezoid on reference grid
double-well,Langevin,2,3.7800000000000002,0.044680194829788474,1.0,0.9999999999999897,0.0,0.840004138956248,0.38586436408123237,0.7245712918897159,0.4199553915999979,0.4199503612384271,0.015266259027025053,-1.3928523387877063,1.3795041741603404,0.020000000000000018,0.09593733604311634,composite trapezoid on reference grid
double-well,Langevin,2,3.84,0.044680194829788474,1.0,0.9999999999999897,0.0,0.8386062803534283,0.38697519965310134,0.7176896868550748,0.4192619029778466,0.41994503707306857,0.015244483882459164,-1.3928523387877063,1.3795041741603404,0.020000000000000018,0.09593733604311634,composite trapezoid on reference grid
double-well,Langevin,2,3.9,0.044680194829788474,1.0,0.9999999999999897,0.0,0.8362271632185907,0.3826467403153703,0.7158510415405546,0.4181090839055815,0.4190359461639777,0.014333840621971627,-1.3928523387877063,1.3795041741603404,0.020000000000000018,0.09593733604311634,composite trapezoid on reference grid
double-well,Langevin,2,3.96,0.044680194829788474,1.0,0.9999999999999896,0.0,0.8393904459169506,0.3849829779044359,0.7205418467642251,0.4196951393988159,0.42002049788665996,0.014711637282899093,-1.3928523387877063,1.3795041741603404,0.020000000000000018,0.09593733604311634,composite trapezoid on reference grid
double-well,Langevin,2,4.0200000000000005,0.044680194829788474,0.9999999999999999,0.9999999999999898,0.0,0.8360542235157289,0.3685080874962755,0.7006993050334673,0.4180266418193751,0.41847209184816797,0.014879037366253678,-1.3928523387877063,1.3795041741603404,0.020000000000000018,0.09593733604311634,composite trapezoid on reference grid
double-well,Langevin,2,4.08,0.044680194829788474,0.9999999999999999,0.9999999999999898,0.0,0.8329872754804997,0.3699099394878613,0.6978620658768756,0.4164721821338454,0.41690123082640385,0.015854955136079263,-1.3928523387877063,1.3795041741603404,0.020000000000000018,0.09593733604311634,composite trapezoid on reference grid
double-well,Langevin,2,4.14,0.044680194829788474,1.0,0.9999999999999897,0.0,0.8327658266316067,0.36165675911745643,0.6969687021229165,0.4163780556456168,0.4166775349577405,0.015994071628088302,-1.3928523387877063,1.3795041741603404,0.020000000000000018,0.09593733604311634,composite trapezoid on reference grid
double-well,Langevin,2,4.2,0.044680194829788474,1.0,0.9999999999999898,0.0,0.8242519246097345,0.3504296429799607,0.6912405968264996,0.4121134568943925,0.41219677918517394,0.014860109182855963,-1.3928523387877063,1.3795041741603404,0.020000000000000018,0.09593733604311634,composite trapezoid on reference grid
double-well,Langevin,2,4.26,0.044680194829788474,1.0,0.9999999999999897,0.0,0.8287582814655472,0.3579384414255883,0.6895552827045717,0.4127868896821655,0.4140548100803573,0.01427699898522039,-1.3928523387877063,1.3795041741603404,0.020000000000000018,0.09593733604311634,composite trapezoid on reference grid
double-well,Langevin,2,4.32,0.044680194829788474,1.0000000000000002,0.9999999999999896,0.0,0.8235307676110205,0.3531955935546422,0.6779193709529148,0.41174466658146003,0.4131107867555926,0.013886019128334204,-1.3928523387877063,1.3795041741603404,0.020000000000000018,0.09593733604311634,composite trapezoid on reference grid
double-well,Langevin,2,4.38,0.044680194829788474,1.0,0.9999999999999897,0.0,0.8206501728737798,0.358087732461841,0.675749344035312,0.41025020750304153,0.4113086734367049,0.01506394491866056,-1.3928523387877063,1.3795041741603404,0.020000000000000018,0.09593733604311634,composite trapezoid on reference grid
double-well,Langevin,2,4.44,0.044680194829788474,1.0,0.9999999999999897,0.0,0.8198952745043382,0.3528302907105353,0.673564318701072,0.40986099451567304,0.41082604190086874,0.01380119679590422,-1.3928523387877063,1.3795041741603404,0.020000000000000018,0.09593733604311634,composite trapezoid on reference grid
double-well,Langevin,2,4.5,0.044680194829788474,1.0,0.9999999999999898,0.0,0.8139408109393644,0.35686995986383746,0.6739033363346933,0.40607834574193913,0.40643958445118966,0.01564996482438949,-1.3928523387877063,1.3795041741603404,0.020000000000000018,0.09593733604311634,composite trapezoid on reference grid
double-well,Langevin,2,4.5600000000000005,0.044680194829788474,1.0,0.9999999999999897,0.0,0.8135000645035788,0.3655924180230179,0.6793424987399568,0.4067500298136624,0.40706001807277725,0.017869907462805645,-1.3928523387877063,1.3795041741603404,0.020000000000000018,0.09593733604311634,composite trapezoid on reference grid
double-well,Langevin,2,4.62,0.044680194829788474,1.0,0.9999999999999897,0.0,0.8060431153924665,0.3515038118352829,0.6646336703673086,0.4030204975915144,0.40332246504225955,0.015145550910847683,-1.3928523387877063,1.3795041741603404,0.020000000000000018,0.09593733604311634,composite trapezoid on reference grid
double-well,Langevin,2,4.68,0.044680194829788474,1.0,0.9999999999999897,0.0,0.8089266209615321,0.35228176262900046,0.675572208355615,0.4044355811188756,0.40453752604953375,0.014663146284878636,-1.3928523387877063,1.3795041741603404,0.020000000000000018,0.09593733604311634,composite trapezoid on reference grid
double-well,Langevin,2,4.74,0.044680194829788474,1.0,0.9999999999999896,0.0,0.8074749196245732,0.34906429635622926,0.658361160860998,0.4037238965888894,0.40377701049680503,0.013880189075578864,-1.3928523387877063,1.3795041741603404,0.020000000000000018,0.09593733604311634,composite trapezoid on reference grid
double-well,Langevin,2,4.8,0.044680194829788474,0.9999999999999998,0.9999999999999898,0.0,0.8031341819547743,0.3426772521364588,0.6524056679128691,0.4015647947956694,0.40203089101813183,0.014698889978465912,-1.3928523387877063,1.3795041741603404,0.020000000000000018,0.09593733604311634,composite trapezoid on reference grid
double-well,Kinetic-Langevin,2,0.0,0.044680194829788474,1.0,0.9999999999999898,0.0,1.4503218648627583,2.3530253573234057,3.6610354106267033,0.6723816183360882,0.6842597699589812,0.05937604272846925,-1.3928523387877063,1.3795041741603404,0.020000000000000018,0.09593733604311634,composite trapezoid on reference grid
double-well,Kinetic-Langevin,2,0.06,0.044680194829788474,1.0,0.9999999999999896,0.0,1.201376122142268,1.035890673514582,1.7774300462195145,0.5968771273460688,0.5991328322563747,0.02746022360793582,-1.3928523387877063,1.3795041741603404,0.020000000000000018,0.09593733604311634,composite trapezoid on reference grid
double-well,Kinetic-Langevin,2,0.12,0.044680194829788474,1.0000000000000002,0.9999999999999896,0.0,1.0724719900485014,0.634337900093259,1.2269824975141672,0.536231426849759,0.5371909896720122,0.01942670782229522,-1.3928523387877063,1.3795041741603404,0.020000000000000018,0.09593733604311634,composite trapezoid on reference grid
double-well,Kinetic-Langevin,2,0.18,0.044680194829788474,0.9999999999999999,0.9999999999999898,0.0,1.0220855541762484,0.611011877239465,1.1715569396043608,0.5106302341541851,0.5115040977531458,0.0187320034649453,-1.3928523387877063,1.3795041741603404,0.020000000000000018,0.09593733604311634,composite trapezoid on reference grid
double-well,Kinetic-Langevin,2,0.24,0.044680194829788474,1.0,0.9999999999999897,0.0,1.024051518395683,0.7336100553404108,1.2516505023821112,0.4983217714558695,0.4998439915065967,0.02198920904274851,-1.3928523387877063,1.3795041741603404,0.020000000000000018,0.09593733604311634,composite trapezoid on reference grid
double-well,Kinetic-Langevin,2,0.3,0.044680194829788474,1.0,0.9999999999999898,0.0,1.0367141678060003,0.7336234750864317,1.2688651065011953,0.4909455077546024,0.4930146311189056,0.020392714326182254,-1.3928523387877063,1.3795041741603404,0.020000000000000018,0.09593733604311634,composite trapezoid on reference grid
double-well,Kinetic-Langevin,2,0.36,0.044680194829788474,1.0000000000000002,0.9999999999999896,0.0,1.0124430794325492,0.6353128840054665,1.1571915984525978,0.4857875585220978,0.4863798347360935,0.02007364794959296,-1.3928523387877063,1.3795041741603404,0.020000000000000018,0.09593733604311634,composite trapezoid on reference grid
double-well,Kinetic-Langevin,2,0.42,0.044680194829788474,1.0000000000000002,0.9999999999999896,0.0,0.9714678710708862,0.5485532360269856,1.0265228245368072,0.47657684421402824,0.476794392639776,0.019843225273639076,-1.3928523387877063,1.3795041741603404,0.020000000000000018,0.09593733604311634,composite trapezoid on reference grid
double-well,Kinetic-Langevin,2,0.48,0.044680194829788474,0.9999999999999999,0.9999999999999896,0.0,0.9460282917328569,0.5055600748944988,0.9397995646053448,0.4659546429403069,0.4666539100299862,0.014968995976749666,-1.3928523387877063,1.3795041741603404,0.020000000000000018,0.09593733604311634,composite trapezoid on reference grid
double-well,Kinetic-Langevin,2,0.54,0.044680194829788474,1.0,0.9999999999999898,0.0,0.9183960588078701,0.49938713590414696,0.9049360679414958,0.4575344623947473,0.45865686152302365,0.0189252479076345,-1.3928523387877063,1.3795041741603404,0.020000000000000018,0.09593733604311634,composite trapezoid on reference grid
double-well,Kinetic-Langevin,2,0.6,0.044680194829788474,0.9999999999999999,0.9999999999999898,0.0,0.9149890050649057,0.5185156311282894,0.9175734088237776,0.4570230383815646,0.4576397850148025,0.018334119797137505,-1.3928523387877063,1.3795041741603404,0.020000000000000018,0.09593733604311634,composite trapezoid on reference grid
double-well,Kinetic-Langevin,2,0.66,0.044680194829788474,1.0,0.9999999999999897,0.0,0.9219952051195937,0.5439447470348955,0.9556410275485876,0.46029173103842347,0.46218734579174797,0.018559351141729935,-1.3928523387877063,1.3795041741603404,0.020000000000000018,0.09593733604311634,composite trapezoid on reference grid
double-well,Kinetic-Langevin,2,0.72,0.044680194829788474,1.0,0.9999999999999897,0.0,0.9173769961233718,0.539288892559853,0.9541382540778041,0.45673935364090484,0.4578677341167821,0.01632164010545406,-1.3928523387877063,1.3795041741603404,0.020000000000000018,0.09593733604311634,composite trapezoid on reference grid
double-well,Kinetic-Langevin,2,0.78,0.044680194829788474,1.0000000000000002,0.9999999999999897,0.0,0.9189780535222947,0.49726683422841345,0.9113108135341492,0.4550273803393451,0.45553504316663784,0.016292218008464143,-1.3928523387877063,1.3795041741603404,0.020000000000000018,0.09593733604311634,composite trapezoid on reference grid
double-well,Kinetic-Langevin,2,0.84,0.044680194829788474,1.0,0.9999999999999898,0.0,0.900069205004257,0.46700680072573736,0.8765346549360629,0.4498942876161584,0.45013081151947637,0.016460016870078142,-1.3928523387877063,1.3795041741603404,0.020000000000000018,0.09593733604311634,composite trapezoid on reference grid
double-well,Kinetic-Langevin,2,0.9,0.044680194829788474,0.9999999999999999,0.9999999999999898,0.0,0.8935344159071907,0.45620525923420685,0.8411025642223877,0.4462766072527818,0.447185239560257,0.01566496724854352,-1.3928523387877063,1.3795041741603404,0.020000000000000018,0.09593733604311634,composite trapezoid on reference grid
double-well,Kinetic-Langevin,2,0.96,0.044680194829788474,0.9999999999999999,0.9999999999999897,0.0,0.8888155017413083,0.4531201802478103,0.8320455835438284,0.44314079819203867,0.4446929482100843,0.017183388751649542,-1.3928523387877063,1.3795041741603404,0.020000000000000018,0.09593733604311634,composite trapezoid on reference grid
double-well,Kinetic-Langevin,2,1.02,0.044680194829788474,1.0,0.9999999999999897,0.0,0.8779918926225992,0.44912152624785334,0.828280885686256,0.4386838272611824,0.4406253616045666,0.017678117202232446,-1.3928523387877063,1.3795041741603404,0.020000000000000018,0.09593733604311634,composite trapezoid on reference grid
double-well,Kinetic-Langevin,2,1.08,0.044680194829788474,1.0000000000000002,0.9999999999999897,0.0,0.8640659293683353,0.434308254411519,0.8133306468217407,0.4299139181843071,0.4301486372261394,0.015142761913579883,-1.3928523387877063,1.3795041741603404,0.020000000000000018,0.09593733604311634,composite trapezoid on reference grid
double-well,Kinetic-Langevin,2,1.1400000000000001,0.044680194829788474,1.0,0.9999999999999898,0.0,0.8465607760924221,0.41396863559160924,0.7763753867418132,0.4227915441902522,0.4231457191712665,0.013754210894246846,-1.3928523387877063,1.3795041741603404,0.020000000000000018,0.09593733604311634,composite trapezoid on reference grid
double-well,Kinetic-Langevin,2,1.2,0.044680194829788474,1.0,0.9999999999999896,0.0,0.8364256446550555,0.39199309593026965,0.734982801158494,0.41731606174692876,0.41787590995341206,0.013996418861409565,-1.3928523387877063,1.3795041741603404,0.020000000000000018,0.09593733604311634,composite trapezoid on reference grid
double-well,Kinetic-Langevin,2,1.26,0.044680194829788474,0.9999999999999998,0.9999999999999899,0.0,0.824698498285154,0.38572385825099015,0.7094097740573223,0.41178608088900337,0.4129691089818682,0.01569457439586558,-1.3928523387877063,1.3795041741603404,0.020000000000000018,0.09593733604311634,composite trapezoid on reference grid
double-well,Kinetic-Langevin,2,1.32,0.044680194829788474,1.0,0.9999999999999898,0.0,0.8113709241485998,0.39168474313995616,0.7073528139229313,0.4047953110935655,0.4054466169586246,0.016010335305859075,-1.3928523387877063,1.3795041741603404,0.020000000000000018,0.09593733604311634,composite trapezoid on reference grid
double-well,Kinetic-Langevin,2,1.3800000000000001,0.044680194829788474,1.0,0.9999999999999897,0.0,0.8014117490560984,0.3944000493045888,0.7013764908136582,0.39900578909435147,0.39926172524093023,0.015221272985681489,-1.3928523387877063,1.3795041741603404,0.020000000000000018,0.09593733604311634,composite trapezoid on reference grid
double-well,Kinetic-Langevin,2,1.44,0.044680194829788474,0.9999999999999999,0.9999999999999898,0.0,0.7960971091480885,0.37802807744408373,0.6771710154620034,0.3974285421988082,0.39823921634702736,0.01705471669659203,-1.3928523387877063,1.3795041741603404,0.020000000000000018,0.09593733604311634,composite trapezoid on reference grid
double-well,Kinetic-Langevin,2,1.5,0.044680194829788474,1.0,0.9999999999999897,0.0,0.792047326076984,0.35862261605066426,0.6528969566092627,0.39584145392822623,0.396875579983391,0.01838294103896318,-1.3928523387877063,1.3795041741603404,0.020000000000000018,0.09593733604311634,composite trapezoid on reference grid
double-well,Kinetic-Langevin,2,1.56,0.044680194829788474,1.0,0.9999999999999898,0.0,0.7774601894963233,0.3420518732112853,0.6359746872279881,0.3883139675199582,0.38949049161852317,0.016139138608099513,-1.3928523387877063,1.3795041741603404,0.020000000000000018,0.09593733604311634,composite trapezoid on reference grid
double-well,Kinetic-Langevin,2,1.62,0.044680194829788474,1.0,0.9999999999999897,0.0,0.7654244713954522,0.33840451656151466,0.6262848021273815,0.3819748052831048,0.3822366282621756,0.014398130901630779,-1.3928523387877063,1.3795041741603404,0.020000000000000018,0.09593733604311634,composite trapezoid on reference grid
double-well,Kinetic-Langevin,2,1.68,0.044680194829788474,1.0,0.9999999999999897,0.0,0.7578288890650582,0.3325573667027394,0.6103956321805264,0.3769870585427268,0.37769117371672106,0.0165667383048822,-1.3928523387877063,1.3795041741603404,0.020000000000000018,0.09593733604311634,composite trapezoid on reference grid
double-well,Kinetic-Langevin,2,1.74,0.044680194829788474,1.0,0.9999999999999898,0.0,0.7449456042823128,0.31866238380380174,0.5842158644452755,0.3719712938234462,0.37267763396569986,0.012957219863784786,-1.3928523387877063,1.3795041741603404,0.020000000000000018,0.09593733604311634,composite trapezoid on reference grid
double-well,Kinetic-Langevin,2,1.8,0.044680194829788474,0.9999999999999999,0.9999999999999898,0.0,0.7350024813439986,0.30593856650410955,0.5680838724079775,0.36750046577151185,0.3685867248747908,0.012531145735943994,-1.3928523387877063,1.3795041741603404,0.020000000000000018,0.09593733604311634,composite trapezoid on reference grid
double-well,Kinetic-Langevin,2,1.86,0.044680194829788474,0.9999999999999999,0.9999999999999898,0.0,0.7216926691984791,0.2915559069782142,0.545632487030423,0.3600758967740246,0.36053049354209876,0.016454125577964968,-1.3928523387877063,1.3795041741603404,0.020000000000000018,0.09593733604311634,composite trapezoid on reference grid
double-well,Kinetic-Langevin,2,1.92,0.044680194829788474,1.0,0.9999999999999896,0.0,0.7069852095438345,0.2871035984285056,0.5342124838619005,0.35194048477854456,0.3526442237190505,0.013097423628276927,-1.3928523387877063,1.3795041741603404,0.020000000000000018,0.09593733604311634,composite trapezoid on reference grid
double-well,Kinetic-Langevin,2,1.98,0.044680194829788474,1.0,0.9999999999999897,0.0,0.6995804554208853,0.2763204164056956,0.5146363734309627,0.34840703197728495,0.34923155595135047,0.01496217900026972,-1.3928523387877063,1.3795041741603404,0.020000000000000018,0.09593733604311634,composite trapezoid on reference grid
double-well,Kinetic-Langevin,2,2.04,0.044680194829788474,0.9999999999999999,0.9999999999999898,0.0,0.6901296787136995,0.268223002744749,0.4952695370736313,0.3441347073489845,0.34521270919994995,0.013584276277522317,-1.3928523387877063,1.3795041741603404,0.020000000000000018,0.09593733604311634,composite trapezoid on reference grid
double-well,Kinetic-Langevin,2,2.1,0.044680194829788474,1.0,0.9999999999999898,0.0,0.6785288858347587,0.2669776756604024,0.4889288289754937,0.33884017053249915,0.3401406468604413,0.01315069275776095,-1.3928523387877063,1.3795041741603404,0.020000000000000018,0.09593733604311634,composite trapezoid on reference grid
double-well,Kinetic-Langevin,2,2.16,0.044680194829788474,0.9999999999999999,0.9999999999999898,0.0,0.6741780459098206,0.26947196605369084,0.48557744538122405,0.33466525834376437,0.33553049354209874,0.013687215520417767,-1.3928523387877063,1.3795041741603404,0.020000000000000018,0.09593733604311634,composite trapezoid on reference grid
double-well,Kinetic-Langevin,2,2.22,0.044680194829788474,0.9999999999999999,0.9999999999999898,0.0,0.6622441623818291,0.2623028835654279,0.4700631473288609,0.33079467978357263,0.33178208280763016,0.013904680249137824,-1.3928523387877063,1.3795041741603404,0.020000000000000018,0.09593733604311634,composite trapezoid on reference grid
double-well,Kinetic-Langevin,2,2.2800000000000002,0.044680194829788474,1.0,0.9999999999999896,0.0,0.6542378475481092,0.25316292848863065,0.45761132181031705,0.32701943690580576,0.32770348354886686,0.014955531494822566,-1.3928523387877063,1.3795041741603404,0.020000000000000018,0.09593733604311634,composite trapezoid on reference grid
double-well,Kinetic-Langevin,2,2.34,0.044680194829788474,1.0,0.9999999999999896,0.0,0.6538802028391403,0.24808143665334506,0.4581176936698518,0.3240594927408939,0.3240683099254117,0.013298232160060042,-1.3928523387877063,1.3795041741603404,0.020000000000000018,0.09593733604311634,composite trapezoid on reference grid
double-well,Kinetic-Langevin,2,2.4,0.044680194829788474,1.0,0.9999999999999898,0.0,0.6352241561567862,0.2413641933779095,0.43926747448358394,0.31730897600687835,0.31833045540795757,0.013529229800245846,-1.3928523387877063,1.3795041741603404,0.020000000000000018,0.09593733604311634,composite trapezoid on reference grid
double-well,Kinetic-Langevin,2,2.46,0.044680194829788474,0.9999999999999998,0.9999999999999898,0.0,0.6244626230954524,0.23697359378252117,0.42941073700074717,0.3109629248447294,0.312178938510735,0.01219442489129216,-1.3928523387877063,1.3795041741603404,0.020000000000000018,0.09593733604311634,composite trapezoid on reference grid
double-well,Kinetic-Langevin,2,2.52,0.044680194829788474,1.0,0.9999999999999897,0.0,0.6176017362995707,0.22773724609266793,0.41877931053099404,0.30645656162659285,0.30799543802538426,0.01145373237453462,-1.3928523387877063,1.3795041741603404,0.020000000000000018,0.09593733604311634,composite trapezoid on reference grid
double-well,Kinetic-Langevin,2,2.58,0.044680194829788474,1.0,0.9999999999999898,0.0,0.6096694029203155,0.21945056026694182,0.39808792867287024,0.3037285306726385,0.30499207150407914,0.012832189424137247,-1.3928523387877063,1.3795041741603404,0.020000000000000018,0.09593733604311634,composite trapezoid on reference grid
double-well,Kinetic-Langevin,2,2.64,0.044680194829788474,1.0,0.9999999999999898,0.0,0.6033225812968859,0.216543816725425,0.3887444618484334,0.29969181503818887,0.30047074382700256,0.012587052144360344,-1.3928523387877063,1.3795041741603404,0.020000000000000018,0.09593733604311634,composite trapezoid on reference grid
double-well,Kinetic-Langevin,2,2.7,0.044680194829788474,1.0000000000000002,0.9999999999999896,0.0,0.5955274782406816,0.2150130512895871,0.3834430788560239,0.295552684410996,0.29550418421611824,0.01384563657104157,-1.3928523387877063,1.3795041741603404,0.020000000000000018,0.09593733604311634,composite trapezoid on reference grid
double-well,Kinetic-Langevin,2,2.7600000000000002,0.044680194829788474,1.0,0.9999999999999897,0.0,0.584111095978955,0.20983263002138558,0.37496537260496743,0.2911099685651596,0.291670688153552,0.011403222996331314,-1.3928523387877063,1.3795041741603404,0.020000000000000018,0.09593733604311634,composite trapezoid on reference grid
double-well,Kinetic-Langevin,2,2.82,0.044680194829788474,1.0,0.9999999999999895,0.0,0.5794199428378308,0.20008465318148255,0.3666944315598161,0.28795481537026535,0.28848886997173384,0.011938821184505455,-1.3928523387877063,1.3795041741603404,0.020000000000000018,0.09593733604311634,composite trapezoid on reference grid
double-well,Kinetic-Langevin,2,2.88,0.044680194829788474,1.0,0.9999999999999897,0.0,0.5711565734643651,0.19591811251927443,0.35317351446348955,0.28494487806170443,0.2859170194050116,0.01736271805541767,-1.3928523387877063,1.3795041741603404,0.020000000000000018,0.09593733604311634,composite trapezoid on reference grid
double-well,Kinetic-Langevin,2,2.94,0.044680194829788474,1.0,0.9999999999999896,0.0,0.5606152893445562,0.19356126795314227,0.341437255187618,0.28024217250014893,0.280083049008222,0.015012437563574732,-1.3928523387877063,1.3795041741603404,0.020000000000000018,0.09593733604311634,composite trapezoid on reference grid
double-well,Kinetic-Langevin,2,3.0,0.044680194829788474,1.0,0.9999999999999896,0.0,0.5515105983687625,0.18493095205250806,0.33035164808473116,0.2745432613761163,0.2755041842161182,0.013018569398757784,-1.3928523387877063,1.3795041741603404,0.020000000000000018,0.09593733604311634,composite trapezoid on reference grid
double-well,Kinetic-Langevin,2,3.06,0.044680194829788474,1.0,0.9999999999999896,0.0,0.5456938029547528,0.17484463767377917,0.3185207691476955,0.271694974632234,0.2716775349577405,0.012857493764438399,-1.3928523387877063,1.3795041741603404,0.020000000000000018,0.09593733604311634,composite trapezoid on reference grid
double-well,Kinetic-Langevin,2,3.12,0.044680194829788474,1.0,0.9999999999999897,0.0,0.5392819340208068,0.16409529539588852,0.30637046218323505,0.2687436572625359,0.27043404756788547,0.01474378430144288,-1.3928523387877063,1.3795041741603404,0.020000000000000018,0.09593733604311634,composite trapezoid on reference grid
double-well,Kinetic-Langevin,2,3.18,0.044680194829788474,1.0,0.9999999999999896,0.0,0.5322166668458426,0.1613893965786742,0.3012843086188486,0.26364520616016274,0.26502049788666004,0.013242184270008728,-1.3928523387877063,1.3795041741603404,0.020000000000000018,0.09593733604311634,composite trapezoid on reference grid
double-well,Kinetic-Langevin,2,3.24,0.044680194829788474,1.0,0.9999999999999898,0.0,0.5261777197169444,0.15562776181481752,0.29224003845935853,0.2599167984842439,0.26002049788666004,0.012368543273817034,-1.3928523387877063,1.3795041741603404,0.020000000000000018,0.09593733604311634,composite trapezoid on reference grid
double-well,Kinetic-Langevin,2,3.3000000000000003,0.044680194829788474,1.0,0.9999999999999896,0.0,0.518377502429807,0.1525435999470154,0.2818017122324217,0.2573089395937137,0.25858672487479084,0.012301705258028345,-1.3928523387877063,1.3795041741603404,0.020000000000000018,0.09593733604311634,composite trapezoid on reference grid
double-well,Kinetic-Langevin,2,3.36,0.044680194829788474,1.0000000000000002,0.9999999999999896,0.0,0.5100693589617327,0.14734838492734287,0.27691234171753065,0.25424097167518883,0.25540490669297267,0.011745230109732857,-1.3928523387877063,1.3795041741603404,0.020000000000000018,0.09593733604311634,composite trapezoid on reference grid
double-well,Kinetic-Langevin,2,3.42,0.044680194829788474,1.0000000000000002,0.9999999999999896,0.0,0.5072290842325609,0.14632490683460653,0.26891977804704337,0.25260057993355817,0.25326486719004015,0.012097152490351648,-1.3928523387877063,1.3795041741603404,0.020000000000000018,0.09593733604311634,composite trapezoid on reference grid
double-well,Kinetic-Langevin,2,3.48,0.044680194829788474,1.0,0.9999999999999897,0.0,0.5050264306694694,0.15059860664902056,0.2706469454854046,0.25174368368864153,0.2525145635273227,0.011910353919215494,-1.3928523387877063,1.3795041741603404,0.020000000000000018,0.09593733604311634,composite trapezoid on reference grid
double-well,Kinetic-Langevin,2,3.54,0.044680194829788474,0.9999999999999999,0.9999999999999898,0.0,0.5015194814181788,0.1494310185468146,0.27391920576670514,0.2498027301422388,0.2508541279821595,0.012070385533782119,-1.3928523387877063,1.3795041741603404,0.020000000000000018,0.09593733604311634,composite trapezoid on reference grid
double-well,Kinetic-Langevin,2,3.6,0.044680194829788474,1.0,0.9999999999999897,0.0,0.5041970127369882,0.14591019949667444,0.26892861014962455,0.25168310075147926,0.25254089257083884,0.013067260033161388,-1.3928523387877063,1.3795041741603404,0.020000000000000018,0.09593733604311634,composite trapezoid on reference grid
double-well,Kinetic-Langevin,2,3.66,0.044680194829788474,1.0,0.9999999999999897,0.0,0.5003813409765561,0.14192267469512607,0.26058789524028436,0.24946746484274523,0.25014863722613934,0.0108609555990659,-1.3928523387877063,1.3795041741603404,0.020000000000000018,0.09593733604311634,composite trapezoid on reference grid
double-well,Kinetic-Langevin,2,3.72,0.044680194829788474,1.0000000000000002,0.9999999999999896,0.0,0.4933001679284684,0.13660574610550563,0.2551858764975606,0.24662693252922974,0.24695882867862318,0.011609965640338338,-1.3928523387877063,1.3795041741603404,0.020000000000000018,0.09593733604311634,composite trapezoid on reference grid
double-well,Kinetic-Langevin,2,3.7800000000000002,0.044680194829788474,0.9999999999999998,0.9999999999999899,0.0,0.4893696834694614,0.13389253516218347,0.24958840587687456,0.2442800915831872,0.2442551808791047,0.014391438915062699,-1.3928523387877063,1.3795041741603404,0.020000000000000018,0.09593733604311634,composite trapezoid on reference grid
double-well,Kinetic-Langevin,2,3.84,0.044680194829788474,0.9999999999999999,0.9999999999999898,0.0,0.48609255052840616,0.1398192134604942,0.2514657118182252,0.2414167082308366,0.2422027725027609,0.011666911777129751,-1.3928523387877063,1.3795041741603404,0.020000000000000018,0.09593733604311634,composite trapezoid on reference grid
double-well,Kinetic-Langevin,2,3.9,0.044680194829788474,1.0,0.9999999999999897,0.0,0.4791733146533363,0.1370028375275193,0.24493720649159845,0.23760082606939736,0.2384957167759223,0.011569967361202749,-1.3928523387877063,1.3795041741603404,0.020000000000000018,0.09593733604311634,composite trapezoid on reference grid
double-well,Kinetic-Langevin,2,3.96,0.044680194829788474,1.0,0.9999999999999897,0.0,0.46890730834215955,0.12452014334587647,0.2312668603791463,0.23389128547692795,0.2339434154262794,0.010269359685396218,-1.3928523387877063,1.3795041741603404,0.020000000000000018,0.09593733604311634,composite trapezoid on reference grid
double-well,Kinetic-Langevin,2,4.0200000000000005,0.044680194829788474,1.0,0.9999999999999897,0.0,0.459044943927448,0.11735228029060596,0.2208401155560582,0.22814094783297706,0.22867246264691543,0.01116019428688142,-1.3928523387877063,1.3795041741603404,0.020000000000000018,0.09593733604311634,composite trapezoid on reference grid
double-well,Kinetic-Langevin,2,4.08,0.044680194829788474,1.0,0.9999999999999896,0.0,0.4498654348739729,0.11619834001651358,0.21387011142644946,0.224838284592912,0.22499207150407918,0.01196165841591662,-1.3928523387877063,1.3795041741603404,0.020000000000000018,0.09593733604311634,composite trapezoid on reference grid
double-well,Kinetic-Langevin,2,4.14,0.044680194829788474,1.0,0.9999999999999896,0.0,0.4468812019933356,0.1177960803086741,0.2139644065407224,0.2227627005286486,0.22362843514044284,0.012437364520055477,-1.3928523387877063,1.3795041741603404,0.020000000000000018,0.09593733604311634,composite trapezoid on reference grid
double-well,Kinetic-Langevin,2,4.2,0.044680194829788474,0.9999999999999998,0.9999999999999898,0.0,0.4406825726056921,0.11963509362542032,0.21131820503397747,0.21893142466591253,0.21999207150407918,0.012583051913678783,-1.3928523387877063,1.3795041741603404,0.020000000000000018,0.09593733604311634,composite trapezoid on reference grid
double-well,Kinetic-Langevin,2,4.26,0.044680194829788474,0.9999999999999999,0.9999999999999897,0.0,0.43232736657486126,0.11257609186621295,0.20067350800257946,0.21516034941275292,0.21585945214751812,0.010803409095593797,-1.3928523387877063,1.3795041741603404,0.020000000000000018,0.09593733604311634,composite trapezoid on reference grid
double-well,Kinetic-Langevin,2,4.32,0.044680194829788474,1.0,0.9999999999999897,0.0,0.4281167569278137,0.1034317993099022,0.19433016342590226,0.2133209236743232,0.2133224650422595,0.011669913898589485,-1.3928523387877063,1.3795041741603404,0.020000000000000018,0.09593733604311634,composite trapezoid on reference grid
double-well,Kinetic-Langevin,2,4.38,0.044680194829788474,1.0,0.9999999999999896,0.0,0.42123369853440795,0.10176239195641787,0.1928332217401707,0.21021997238491447,0.21083913613912453,0.011487314912014268,-1.3928523387877063,1.3795041741603404,0.020000000000000018,0.09593733604311634,composite trapezoid on reference grid
double-well,Kinetic-Langevin,2,4.44,0.044680194829788474,1.0,0.9999999999999897,0.0,0.4137538173261816,0.10301585331590388,0.18833373794339908,0.20645974523360855,0.2068731447451132,0.010730322922154867,-1.3928523387877063,1.3795041741603404,0.020000000000000018,0.09593733604311634,composite trapezoid on reference grid
double-well,Kinetic-Langevin,2,4.5,0.044680194829788474,1.0,0.9999999999999896,0.0,0.40699226301234764,0.09808928719017375,0.17925656753747485,0.20182611908102344,0.20281032173549474,0.01153556939629119,-1.3928523387877063,1.3795041741603404,0.020000000000000018,0.09593733604311634,composite trapezoid on reference grid
double-well,Kinetic-Langevin,2,4.5600000000000005,0.044680194829788474,1.0,0.9999999999999898,0.0,0.4021722698370232,0.09644633253709996,0.17416643045489694,0.20022994896201174,0.20069638170914095,0.012443806046896821,-1.3928523387877063,1.3795041741603404,0.020000000000000018,0.09593733604311634,composite trapezoid on reference grid
double-well,Kinetic-Langevin,2,4.62,0.044680194829788474,1.0,0.9999999999999896,0.0,0.3946286643704598,0.09358688777350874,0.16928364677743607,0.19615357902120556,0.1964185992905677,0.011606041048754408,-1.3928523387877063,1.3795041741603404,0.020000000000000018,0.09593733604311634,composite trapezoid on reference grid
double-well,Kinetic-Langevin,2,4.68,0.044680194829788474,0.9999999999999998,0.9999999999999898,0.0,0.393169384620773,0.08845238164218573,0.16365062056644458,0.195025561451518,0.19583913613912451,0.011841557911443867,-1.3928523387877063,1.3795041741603404,0.020000000000000018,0.09593733604311634,composite trapezoid on reference grid
double-well,Kinetic-Langevin,2,4.74,0.044680194829788474,0.9999999999999999,0.9999999999999898,0.0,0.3824720674468661,0.07895173692941804,0.15279602001868609,0.19107120737072464,0.19176854305660895,0.010052440342736668,-1.3928523387877063,1.3795041741603404,0.020000000000000018,0.09593733604311634,composite trapezoid on reference grid
double-well,Kinetic-Langevin,2,4.8,0.044680194829788474,0.9999999999999999,0.9999999999999898,0.0,0.38175380374068135,0.07666339475212158,0.15285641288607016,0.19032766134654194,0.19092958879575095,0.010971825353290832,-1.3928523387877063,1.3795041741603404,0.020000000000000018,0.09593733604311634,composite trapezoid on reference grid
double-well,LSC-CP,2,0.0,0.044680194829788474,1.0,0.9999999999999898,0.0,1.4503218648627583,2.3530253573234057,3.6610354106267033,0.6723816183360882,0.6842597699589812,0.05937604272846925,-1.3928523387877063,1.3795041741603404,0.020000000000000018,0.09593733604311634,composite trapezoid on reference grid
double-well,LSC-CP,2,0.06,0.044680194829788474,1.0,0.9999999999999897,0.0,1.1982160999991376,1.1179348203717283,1.8722858476868078,0.5797424182617399,0.5841328322563748,0.025916927444127602,-1.3928523387877063,1.3795041741603404,0.020000000000000018,0.09593733604311634,composite trapezoid on reference grid
double-well,LSC-CP,2,0.12,0.044680194829788474,1.0,0.9999999999999897,0.0,1.0707412111746846,0.8002317982420359,1.390977021682344,0.525174665645968,0.5275530775749331,0.02319037361325893,-1.3928523387877063,1.3795041741603404,0.020000000000000018,0.09593733604311634,composite trapezoid on reference grid
double-well,LSC-CP,2,0.18,0.044680194829788474,1.0,0.9999999999999897,0.0,0.9714069026127515,0.5956764844351681,1.0774654480578854,0.4772989417505581,0.4789317131920358,0.0226493658787289,-1.3928523387877063,1.3795041741603404,0.020000000000000018,0.09593733604311634,composite trapezoid on reference grid
double-well,LSC-CP,2,0.24,0.044680194829788474,1.0,0.9999999999999897,0.0,0.893547799613712,0.4960207541346503,0.9066665821665502,0.4380400554508338,0.43943674601718075,0.019728131680483235,-1.3928523387877063,1.3795041741603404,0.020000000000000018,0.09593733604311634,composite trapezoid on reference grid
double-well,LSC-CP,2,0.3,0.044680194829788474,1.0,0.9999999999999897,0.0,0.830343870601937,0.41773571214628735,0.7868155580998355,0.40629688335442826,0.4085546260356486,0.016719300997925263,-1.3928523387877063,1.3795041741603404,0.020000000000000018,0.09593733604311634,composite trapezoid on reference grid
double-well,LSC-CP,2,0.36,0.044680194829788474,1.0,0.9999999999999898,0.0,0.7837699192948782,0.35582242690393306,0.6818374328348185,0.38291112718489234,0.3847465194519554,0.018296259988286684,-1.3928523387877063,1.3795041741603404,0.020000000000000018,0.09593733604311634,composite trapezoid on reference grid
double-well,LSC-CP,2,0.42,0.044680194829788474,1.0,0.9999999999999898,0.0,0.7233827596893558,0.29235509982811614,0.5728392735239858,0.35047643165752496,0.3515696546422786,0.016716087034027632,-1.3928523387877063,1.3795041741603404,0.020000000000000018,0.09593733604311634,composite trapezoid on reference grid
double-well,LSC-CP,2,0.48,0.044680194829788474,1.0,0.9999999999999898,0.0,0.6785132646575839,0.26176172409435305,0.5185710574200747,0.3273158154761013,0.3274787455513694,0.016288680661081634,-1.3928523387877063,1.3795041741603404,0.020000000000000018,0.09593733604311634,composite trapezoid on reference grid
double-well,LSC-CP,2,0.54,0.044680194829788474,1.0,0.9999999999999898,0.0,0.6245647982126674,0.21116584202383903,0.43176481444643544,0.30416644366498696,0.30497740083450253,0.015566303509686352,-1.3928523387877063,1.3795041741603404,0.020000000000000018,0.09593733604311634,composite trapezoid on reference grid
double-well,LSC-CP,2,0.6,0.044680194829788474,1.0000000000000002,0.9999999999999896,0.0,0.5830854489089106,0.18284752860053477,0.37929505198811453,0.28350325368171575,0.2850161983724572,0.014113056538482965,-1.3928523387877063,1.3795041741603404,0.020000000000000018,0.09593733604311634,composite trapezoid on reference grid
double-well,LSC-CP,2,0.66,0.044680194829788474,1.0,0.9999999999999897,0.0,0.5412198281928322,0.1507193259706775,0.3252765935976823,0.25870155188504573,0.2599062112380078,0.012401549348195429,-1.3928523387877063,1.3795041741603404,0.020000000000000018,0.09593733604311634,composite trapezoid on reference grid
double-well,LSC-CP,2,0.72,0.044680194829788474,1.0,0.9999999999999896,0.0,0.5017533383723705,0.12786503605813176,0.2781776355171298,0.2405976643240405,0.24179558265268442,0.01240924051139737,-1.3928523387877063,1.3795041741603404,0.020000000000000018,0.09593733604311634,composite trapezoid on reference grid
double-well,LSC-CP,2,0.78,0.044680194829788474,1.0,0.9999999999999897,0.0,0.47863010591039984,0.11242891394884924,0.24953359169938372,0.22489367031546265,0.22543194628904806,0.011406799794420538,-1.3928523387877063,1.3795041741603404,0.020000000000000018,0.09593733604311634,composite trapezoid on reference grid
double-well,LSC-CP,2,0.84,0.044680194829788474,1.0,0.9999999999999898,0.0,0.442606543812772,0.09674985704320661,0.21458212656396042,0.20534085548762593,0.20696567548281153,0.011952437086387352,-1.3928523387877063,1.3795041741603404,0.020000000000000018,0.09593733604311634,composite trapezoid on reference grid
double-well,LSC-CP,2,0.9,0.044680194829788474,0.9999999999999999,0.9999999999999897,0.0,0.42424928451685695,0.08617825491438398,0.19673163374364055,0.19670759679647515,0.19799543802538427,0.010232738310384237,-1.3928523387877063,1.3795041741603404,0.020000000000000018,0.09593733604311634,composite trapezoid on reference grid
double-well,LSC-CP,2,0.96,0.044680194829788474,0.9999999999999999,0.9999999999999898,0.0,0.40695374235727644,0.0772621057754622,0.17897936562573658,0.18657946355486055,0.18674822704821537,0.010977956620486257,-1.3928523387877063,1.3795041741603404,0.020000000000000018,0.09593733604311634,composite trapezoid on reference grid
double-well,LSC-CP,2,1.02,0.044680194829788474,1.0,0.9999999999999896,0.0,0.377845950894663,0.06998587869313498,0.15420282601605073,0.17277139934461921,0.1736125744579578,0.0122554686581752,-1.3928523387877063,1.3795041741603404,0.020000000000000018,0.09593733604311634,composite trapezoid on reference grid
double-well,LSC-CP,2,1.08,0.044680194829788474,1.0,0.9999999999999897,0.0,0.34859316367679644,0.06740529151745266,0.1399572942186323,0.1619234999531009,0.1617351328099596,0.010160208862065784,-1.3928523387877063,1.3795041741603404,0.020000000000000018,0.09593733604311634,composite trapezoid on reference grid
double-well,LSC-CP,2,1.1400000000000001,0.044680194829788474,1.0000000000000002,0.9999999999999896,0.0,0.33732044891720936,0.061698522236615164,0.12860048798153706,0.15337615497351187,0.15347209184816796,0.010167236027914556,-1.3928523387877063,1.3795041741603404,0.020000000000000018,0.09593733604311634,composite trapezoid on reference grid
double-well,LSC-CP,2,1.2,0.044680194829788474,0.9999999999999998,0.9999999999999898,0.0,0.3244575273299894,0.05481400553167559,0.11772554322370854,0.1458067683384897,0.14644668537185834,0.009679741427345012,-1.3928523387877063,1.3795041741603404,0.020000000000000018,0.09593733604311634,composite trapezoid on reference grid
double-well,LSC-CP,2,1.26,0.044680194829788474,1.0,0.9999999999999897,0.0,0.31783085573168246,0.05297684099290101,0.11209136253485003,0.13771707272514572,0.13793998192722268,0.01132288533123775,-1.3928523387877063,1.3795041741603404,0.020000000000000018,0.09593733604311634,composite trapezoid on reference grid
double-well,LSC-CP,2,1.32,0.044680194829788474,1.0,0.9999999999999896,0.0,0.3088710391021227,0.04761839314976936,0.10555220922256917,0.13049383483800608,0.13138413425029638,0.01194059102158522,-1.3928523387877063,1.3795041741603404,0.020000000000000018,0.09593733604311634,composite trapezoid on reference grid
double-well,LSC-CP,2,1.3800000000000001,0.044680194829788474,1.0,0.9999999999999897,0.0,0.29835745324800833,0.046558682335583246,0.09944046194480119,0.1286082099892737,0.128785000862503,0.01111934114877973,-1.3928523387877063,1.3795041741603404,0.020000000000000018,0.09593733604311634,composite trapezoid on reference grid
double-well,LSC-CP,2,1.44,0.044680194829788474,1.0,0.9999999999999896,0.0,0.2803688809363904,0.04449173700011668,0.09241197844791588,0.11720499434654419,0.11766987456206346,0.009647582748195549,-1.3928523387877063,1.3795041741603404,0.020000000000000018,0.09593733604311634,composite trapezoid on reference grid
double-well,LSC-CP,2,1.5,0.044680194829788474,1.0,0.9999999999999898,0.0,0.25416965903182825,0.035271586857677624,0.0769360306323875,0.10238414997694834,0.10273520122319346,0.010290089821082885,-1.3928523387877063,1.3795041741603404,0.020000000000000018,0.09593733604311634,composite trapezoid on reference grid
double-well,LSC-CP,2,1.56,0.044680194829788474,1.0,0.9999999999999897,0.0,0.2344578304731696,0.030633100558542486,0.06343105231388892,0.09409930433917368,0.09416194051713467,0.010883076210953246,-1.3928523387877063,1.3795041741603404,0.020000000000000018,0.09593733604311634,composite trapezoid on reference grid
double-well,LSC-CP,2,1.62,0.044680194829788474,1.0,0.9999999999999898,0.0,0.23438388603200183,0.030546339941318106,0.06646741337008394,0.09373516450589847,0.09462140263300778,0.01036109796370252,-1.3928523387877063,1.3795041741603404,0.020000000000000018,0.09593733604311634,composite trapezoid on reference grid
double-well,LSC-CP,2,1.68,0.044680194829788474,1.0000000000000002,0.9999999999999896,0.0,0.22581102857622665,0.02892925728046328,0.06069187239259262,0.0900103456087562,0.0903138985941041,0.010341609510846506,-1.3928523387877063,1.3795041741603404,0.020000000000000018,0.09593733604311634,composite trapezoid on reference grid
double-well,LSC-CP,2,1.74,0.044680194829788474,0.9999999999999999,0.9999999999999898,0.0,0.21964311553476956,0.02605509539041858,0.05530141134613112,0.08678667181214439,0.08681818181818168,0.011913701626857245,-1.3928523387877063,1.3795041741603404,0.020000000000000018,0.09593733604311634,composite trapezoid on reference grid
double-well,LSC-CP,2,1.8,0.044680194829788474,0.9999999999999999,0.9999999999999898,0.0,0.21183949597577895,0.02732948276710586,0.053043773103001776,0.07774190626908717,0.07772727272727264,0.01001083650259979,-1.3928523387877063,1.3795041741603404,0.020000000000000018,0.09593733604311634,composite trapezoid on reference grid
double-well,LSC-CP,2,1.86,0.044680194829788474,1.0,0.9999999999999897,0.0,0.1967383723085481,0.02423221441964475,0.05059363623034225,0.07862597566493745,0.07914054785248181,0.011124886825967378,-1.3928523387877063,1.3795041741603404,0.020000000000000018,0.09593733604311634,composite trapezoid on reference grid
double-well,LSC-CP,2,1.92,0.044680194829788474,0.9999999999999999,0.9999999999999897,0.0,0.18064207289037254,0.02137261390161115,0.04629029534472309,0.07063562013343827,0.07094518991964271,0.010061994370618332,-1.3928523387877063,1.3795041741603404,0.020000000000000018,0.09593733604311634,composite trapezoid on reference grid
double-well,LSC-CP,2,1.98,0.044680194829788474,1.0,0.9999999999999896,0.0,0.17103813738576987,0.01750311622006049,0.038518377775675385,0.06273722060633408,0.06342365443641362,0.012202857694011637,-1.3928523387877063,1.3795041741603404,0.020000000000000018,0.09593733604311634,composite trapezoid on reference grid
double-well,LSC-CP,2,2.04,0.044680194829788474,1.0000000000000002,0.9999999999999897,0.0,0.1892811286525989,0.017802406186245692,0.04433381383341553,0.056840072587135526,0.05942154778289832,0.011845675464553451,-1.3928523387877063,1.3795041741603404,0.020000000000000018,0.09593733604311634,composite trapezoid on reference grid
double-well,LSC-CP,2,2.1,0.044680194829788474,1.0,0.9999999999999897,0.0,0.1561294021307263,0.012103515124732973,0.030850852576519847,0.05151847920558483,0.05161216353953957,0.010388877211457759,-1.3928523387877063,1.3795041741603404,0.020000000000000018,0.09593733604311634,composite trapezoid on reference grid
double-well,LSC-CP,2,2.16,0.044680194829788474,1.0,0.9999999999999897,0.0,0.168729412042957,0.014979833570987495,0.041004972160452444,0.05279168623490049,0.05293998192722271,0.008927639897565287,-1.3928523387877063,1.3795041741603404,0.020000000000000018,0.09593733604311634,composite trapezoid on reference grid
double-well,LSC-CP,2,2.22,0.044680194829788474,0.9999999999999999,0.9999999999999898,0.0,0.16335816318412646,0.01677432803653424,0.04121014477853872,0.05368999706525335,0.05453752604953377,0.008820331702429102,-1.3928523387877063,1.3795041741603404,0.020000000000000018,0.09593733604311634,composite trapezoid on reference grid
double-well,LSC-CP,2,2.2800000000000002,0.044680194829788474,1.0,0.9999999999999896,0.0,0.1775428367967435,0.016309953517714672,0.04369253235018718,0.05751324609833819,0.057227966701443145,0.00963806403267814,-1.3928523387877063,1.3795041741603404,0.020000000000000018,0.09593733604311634,composite trapezoid on reference grid
double-well,LSC-CP,2,2.34,0.044680194829788474,1.0,0.9999999999999898,0.0,0.15277868739021644,0.01249434743735397,0.03101328053402179,0.05156717159246249,0.05138809505138364,0.009564806816686824,-1.3928523387877063,1.3795041741603404,0.020000000000000018,0.09593733604311634,composite trapezoid on reference grid
double-well,LSC-CP,2,2.4,0.044680194829788474,0.9999999999999998,0.9999999999999898,0.0,0.14861264994378914,0.01278100177419196,0.03016295427635892,0.047613811694616315,0.04789154451546829,0.009051137893601013,-1.3928523387877063,1.3795041741603404,0.020000000000000018,0.09593733604311634,composite trapezoid on reference grid
double-well,LSC-CP,2,2.46,0.044680194829788474,1.0,0.9999999999999898,0.0,0.15184611766833223,0.013294180675456693,0.031718680933730564,0.046358943299499855,0.04403546989377771,0.008800376923053813,-1.3928523387877063,1.3795041741603404,0.020000000000000018,0.09593733604311634,composite trapezoid on reference grid
double-well,LSC-CP,2,2.52,0.044680194829788474,1.0,0.9999999999999897,0.0,0.13377588837476873,0.011571820707315638,0.025838533743654198,0.03927737752232041,0.038878199890959086,0.008851791680434484,-1.3928523387877063,1.3795041741603404,0.020000000000000018,0.09593733604311634,composite trapezoid on reference grid
double-well,LSC-CP,2,2.58,0.044680194829788474,1.0,0.9999999999999897,0.0,0.14757937795861112,0.010943320306275369,0.02864987330668814,0.04303687498840281,0.03930497140645128,0.008374751323026702,-1.3928523387877063,1.3795041741603404,0.020000000000000018,0.09593733604311634,composite trapezoid on reference grid
double-well,LSC-CP,2,2.64,0.044680194829788474,1.0,0.9999999999999897,0.0,0.14159032412302092,0.00946804839940749,0.025273654700477995,0.04046921489288524,0.03800119894540843,0.009380690820426238,-1.3928523387877063,1.3795041741603404,0.020000000000000018,0.09593733604311634,composite trapezoid on reference grid
double-well,LSC-CP,2,2.7,0.044680194829788474,1.0,0.9999999999999897,0.0,0.14554351269406335,0.01000189051907982,0.02608168045369042,0.03168459281877667,0.035853317783002325,0.009783375307592462,-1.3928523387877063,1.3795041741603404,0.020000000000000018,0.09593733604311634,composite trapezoid on reference grid
double-well,LSC-CP,2,2.7600000000000002,0.044680194829788474,0.9999999999999998,0.9999999999999898,0.0,0.16260639927878512,0.014127950974267302,0.03553151047524013,0.03831026433245366,0.03898052053255485,0.009661885828206943,-1.3928523387877063,1.3795041741603404,0.020000000000000018,0.09593733604311634,composite trapezoid on reference grid
double-well,LSC-CP,2,2.82,0.044680194829788474,1.0,0.9999999999999898,0.0,0.14713142067585416,0.013039883632023684,0.03380824323323531,0.043042542577966136,0.04079870235073668,0.009054682590074803,-1.3928523387877063,1.3795041741603404,0.020000000000000018,0.09593733604311634,composite trapezoid on reference grid
double-well,LSC-CP,2,2.88,0.044680194829788474,1.0000000000000002,0.9999999999999896,0.0,0.15266605125378005,0.01252153065954617,0.03464290837525674,0.03482536395815383,0.04107101671495246,0.010258488280834324,-1.3928523387877063,1.3795041741603404,0.020000000000000018,0.09593733604311634,composite trapezoid on reference grid
double-well,LSC-CP,2,2.94,0.044680194829788474,1.0,0.9999999999999897,0.0,0.1526507841954129,0.011550940388602143,0.02889937856913696,0.033197401350822386,0.036301970273533296,0.00899326957523236,-1.3928523387877063,1.3795041741603404,0.020000000000000018,0.09593733604311634,composite trapezoid on reference grid
double-well,LSC-CP,2,3.0,0.044680194829788474,0.9999999999999998,0.9999999999999898,0.0,0.1316271460371251,0.01004793057668608,0.023630099918046658,0.030616053305905777,0.03371699183304801,0.009809836594844523,-1.3928523387877063,1.3795041741603404,0.020000000000000018,0.09593733604311634,composite trapezoid on reference grid
double-well,LSC-CP,2,3.06,0.044680194829788474,1.0,0.9999999999999897,0.0,0.11855904787851516,0.008047283724366243,0.02034092831552481,0.027043396918531304,0.03448378845535148,0.009975564471209952,-1.3928523387877063,1.3795041741603404,0.020000000000000018,0.09593733604311634,composite trapezoid on reference grid
double-well,LSC-CP,2,3.12,0.044680194829788474,1.0,0.9999999999999898,0.0,0.14015237758024457,0.011598100275465846,0.02853809196278377,0.0351300035852663,0.03962608274213891,0.010099766297889876,-1.3928523387877063,1.3795041741603404,0.020000000000000018,0.09593733604311634,composite trapezoid on reference grid
double-well,LSC-CP,2,3.18,0.044680194829788474,1.0,0.9999999999999897,0.0,0.13068881130032073,0.009148705101117625,0.02027883774920773,0.033004438805288916,0.03334374398767974,0.009795962393415514,-1.3928523387877063,1.3795041741603404,0.020000000000000018,0.09593733604311634,composite trapezoid on reference grid
double-well,LSC-CP,2,3.24,0.044680194829788474,1.0,0.9999999999999898,0.0,0.12399235391703256,0.007830726462425063,0.019698661830633464,0.028654797672259924,0.030989719105775276,0.008200617720817677,-1.3928523387877063,1.3795041741603404,0.020000000000000018,0.09593733604311634,composite trapezoid on reference grid
double-well,LSC-CP,2,3.3000000000000003,0.044680194829788474,1.0,0.9999999999999896,0.0,0.123053683574371,0.007756843891992061,0.01792575908788377,0.03103524862588014,0.03358059051027451,0.010422772032843808,-1.3928523387877063,1.3795041741603404,0.020000000000000018,0.09593733604311634,composite trapezoid on reference grid
double-well,LSC-CP,2,3.36,0.044680194829788474,0.9999999999999999,0.9999999999999898,0.0,0.12536951379542077,0.00865409816539035,0.021144359284054087,0.03398700600892235,0.03534415689619119,0.00927810528220746,-1.3928523387877063,1.3795041741603404,0.020000000000000018,0.09593733604311634,composite trapezoid on reference grid
double-well,LSC-CP,2,3.42,0.044680194829788474,1.0,0.9999999999999898,0.0,0.1252297129202076,0.008638112225573603,0.02337988921256604,0.029587822592840318,0.03584742481898785,0.010995247493202048,-1.3928523387877063,1.3795041741603404,0.020000000000000018,0.09593733604311634,composite trapezoid on reference grid
double-well,LSC-CP,2,3.48,0.044680194829788474,1.0,0.9999999999999897,0.0,0.12011314042173837,0.009285025227191275,0.023108266758037354,0.029736662044105078,0.03404888803780434,0.010583098624951603,-1.3928523387877063,1.3795041741603404,0.020000000000000018,0.09593733604311634,composite trapezoid on reference grid
double-well,LSC-CP,2,3.54,0.044680194829788474,1.0,0.9999999999999898,0.0,0.12452626247587056,0.009254984953105023,0.023929769416522136,0.028965702111414138,0.03334849916115018,0.008780271205027057,-1.3928523387877063,1.3795041741603404,0.020000000000000018,0.09593733604311634,composite trapezoid on reference grid
double-well,LSC-CP,2,3.6,0.044680194829788474,1.0,0.9999999999999898,0.0,0.13300470405346687,0.009312901935973079,0.02866532676482774,0.03348686754192165,0.0319801076240428,0.009719407759468085,-1.3928523387877063,1.3795041741603404,0.020000000000000018,0.09593733604311634,composite trapezoid on reference grid
double-well,LSC-CP,2,3.66,0.044680194829788474,1.0,0.9999999999999896,0.0,0.15199540595451885,0.011388746689007516,0.02813890366983634,0.03811963277159747,0.035867069855985534,0.00965328270890009,-1.3928523387877063,1.3795041741603404,0.020000000000000018,0.09593733604311634,composite trapezoid on reference grid
double-well,LSC-CP,2,3.72,0.044680194829788474,1.0,0.9999999999999896,0.0,0.17390158816823365,0.015441634231736823,0.03842286360764937,0.03888840817548744,0.044144232636566194,0.009198881884105503,-1.3928523387877063,1.3795041741603404,0.020000000000000018,0.09593733604311634,composite trapezoid on reference grid
double-well,LSC-CP,2,3.7800000000000002,0.044680194829788474,1.0000000000000002,0.9999999999999897,0.0,0.14390457594014777,0.010083453667834568,0.029378605967856967,0.03593397663287179,0.03459286532389494,0.009083516342461712,-1.3928523387877063,1.3795041741603404,0.020000000000000018,0.09593733604311634,composite trapezoid on reference grid
double-well,LSC-CP,2,3.84,0.044680194829788474,0.9999999999999999,0.9999999999999898,0.0,0.1414579989853023,0.00957896169419086,0.026811560522194702,0.03681850558347688,0.036898810014865946,0.008292750628866696,-1.3928523387877063,1.3795041741603404,0.020000000000000018,0.09593733604311634,composite trapezoid on reference grid
double-well,LSC-CP,2,3.9,0.044680194829788474,1.0,0.9999999999999898,0.0,0.15007232648528135,0.011939883653852373,0.028325158220381483,0.03427331974880499,0.041577698679178904,0.00983035811064814,-1.3928523387877063,1.3795041741603404,0.020000000000000018,0.09593733604311634,composite trapezoid on reference grid
double-well,LSC-CP,2,3.96,0.044680194829788474,1.0,0.9999999999999897,0.0,0.13850904080037602,0.009100287422485347,0.023082791094323936,0.03557004738721259,0.0360757718884229,0.009821484138444525,-1.3928523387877063,1.3795041741603404,0.020000000000000018,0.09593733604311634,composite trapezoid on reference grid
double-well,LSC-CP,2,4.0200000000000005,0.044680194829788474,1.0,0.9999999999999897,0.0,0.12940663840859995,0.008509273921018159,0.022464265783043537,0.036023748022990576,0.03443506598710022,0.009405150919956029,-1.3928523387877063,1.3795041741603404,0.020000000000000018,0.09593733604311634,composite trapezoid on reference grid
double-well,LSC-CP,2,4.08,0.044680194829788474,1.0,0.9999999999999898,0.0,0.14121024307675595,0.009996332369869427,0.025377168959961054,0.03250273577043081,0.0410757718884229,0.008766086420289143,-1.3928523387877063,1.3795041741603404,0.020000000000000018,0.09593733604311634,composite trapezoid on reference grid
double-well,LSC-CP,2,4.14,0.044680194829788474,0.9999999999999998,0.9999999999999898,0.0,0.16724799444099697,0.015043158056885114,0.03505204868992688,0.0486539955629155,0.050273926218135756,0.009205694774555573,-1.3928523387877063,1.3795041741603404,0.020000000000000018,0.09593733604311634,composite trapezoid on reference grid
double-well,LSC-CP,2,4.2,0.044680194829788474,1.0,0.9999999999999897,0.0,0.1553878916190749,0.012603658390253958,0.028897633268631977,0.04095862265095718,0.039828258884237355,0.01090816351384058,-1.3928523387877063,1.3795041741603404,0.020000000000000018,0.09593733604311634,composite trapezoid on reference grid
double-well,LSC-CP,2,4.26,0.044680194829788474,1.0,0.9999999999999898,0.0,0.16423877600886552,0.01387814963453817,0.03035122429731431,0.0417079430502153,0.047486789588269795,0.013343434905644824,-1.3928523387877063,1.3795041741603404,0.020000000000000018,0.09593733604311634,composite trapezoid on reference grid
double-well,LSC-CP,2,4.32,0.044680194829788474,1.0,0.9999999999999898,0.0,0.14727447385300987,0.010262334028819365,0.027643018115119832,0.03588418838449081,0.03789395370660473,0.010118264755455075,-1.3928523387877063,1.3795041741603404,0.020000000000000018,0.09593733604311634,composite trapezoid on reference grid
double-well,LSC-CP,2,4.38,0.044680194829788474,1.0,0.9999999999999897,0.0,0.15757901346672545,0.011873635150551808,0.032348237255909906,0.04331249361282852,0.04032538804326291,0.008889927536812295,-1.3928523387877063,1.3795041741603404,0.020000000000000018,0.09593733604311634,composite trapezoid on reference grid
double-well,LSC-CP,2,4.44,0.044680194829788474,1.0,0.9999999999999897,0.0,0.15137637338554688,0.011309336967796332,0.031168436829481245,0.042267717505664604,0.04109522375753838,0.0086180115469221,-1.3928523387877063,1.3795041741603404,0.020000000000000018,0.09593733604311634,composite trapezoid on reference grid
double-well,LSC-CP,2,4.5,0.044680194829788474,1.0,0.9999999999999897,0.0,0.1527859682008279,0.009837108738769834,0.024576780311736095,0.03612825139392806,0.040154222746062423,0.009484442800489268,-1.3928523387877063,1.3795041741603404,0.020000000000000018,0.09593733604311634,composite trapezoid on reference grid
double-well,LSC-CP,2,4.5600000000000005,0.044680194829788474,1.0,0.9999999999999897,0.0,0.1524441018241648,0.011462129278748779,0.029709863895890143,0.046090863299806384,0.04469799689102816,0.008585043738002285,-1.3928523387877063,1.3795041741603404,0.020000000000000018,0.09593733604311634,composite trapezoid on reference grid
double-well,LSC-CP,2,4.62,0.044680194829788474,1.0000000000000002,0.9999999999999896,0.0,0.1491020267501943,0.009661237825834312,0.02778835926869217,0.040325765903261646,0.03904468920561788,0.00914530034930422,-1.3928523387877063,1.3795041741603404,0.020000000000000018,0.09593733604311634,composite trapezoid on reference grid
double-well,LSC-CP,2,4.68,0.044680194829788474,1.0,0.9999999999999898,0.0,0.15899262423135585,0.011589790164079312,0.034382499432724506,0.037780642742402226,0.04323514172747531,0.008450088231388167,-1.3928523387877063,1.3795041741603404,0.020000000000000018,0.09593733604311634,composite trapezoid on reference grid
double-well,LSC-CP,2,4.74,0.044680194829788474,1.0,0.9999999999999896,0.0,0.15609715639028135,0.010963330784737301,0.03443570477195735,0.03805505016837474,0.04131741647834586,0.008567488693089688,-1.3928523387877063,1.3795041741603404,0.020000000000000018,0.09593733604311634,composite trapezoid on reference grid
double-well,LSC-CP,2,4.8,0.044680194829788474,1.0,0.9999999999999897,0.0,0.14602229350772727,0.009245782397932927,0.028379622964552296,0.034896749245150516,0.04424345143648328,0.01113778061820439,-1.3928523387877063,1.3795041741603404,0.020000000000000018,0.09593733604311634,composite trapezoid on reference grid
double-well,CP,2,0.0,0.044680194829788474,1.0,0.9999999999999898,0.0,1.4503218648627583,2.3530253573234057,3.6610354106267033,0.6723816183360882,0.6842597699589812,0.05937604272846925,-1.3928523387877063,1.3795041741603404,0.020000000000000018,0.09593733604311634,composite trapezoid on reference grid
double-well,CP,2,0.06,0.044680194829788474,1.0,0.9999999999999896,0.0,1.2032990597100366,1.0498126155890877,1.7702828522083485,0.5874208946382518,0.5906874686737136,0.028452036030084504,-1.3928523387877063,1.3795041741603404,0.020000000000000018,0.09593733604311634,composite trapezoid on reference grid
double-well,CP,2,0.12,0.044680194829788474,0.9999999999999999,0.9999999999999898,0.0,1.0771350125843486,0.6696976695358665,1.2047118199335756,0.5333622878164954,0.5374650763581514,0.02408954754477466,-1.3928523387877063,1.3795041741603404,0.020000000000000018,0.09593733604311634,composite trapezoid on reference grid
double-well,CP,2,0.18,0.044680194829788474,0.9999999999999998,0.9999999999999899,0.0,0.998224141490363,0.4953801657339052,0.9195329738767073,0.49506549278012246,0.49635786900929924,0.017112119780820334,-1.3928523387877063,1.3795041741603404,0.020000000000000018,0.09593733604311634,composite trapezoid on reference grid
double-well,CP,2,0.24,0.044680194829788474,1.0,0.9999999999999897,0.0,0.932083629125311,0.3988393780930105,0.7503889405979065,0.45879282335803484,0.4593712593931149,0.01553724901560366,-1.3928523387877063,1.3795041741603404,0.020000000000000018,0.09593733604311634,composite trapezoid on reference grid
double-well,CP,2,0.3,0.044680194829788474,1.0000000000000002,0.9999999999999897,0.0,0.8639567690098217,0.3117419079269883,0.607159694243792,0.42570580239905687,0.42636339375919974,0.014609008326610662,-1.3928523387877063,1.3795041741603404,0.020000000000000018,0.09593733604311634,composite trapezoid on reference grid
double-well,CP,2,0.36,0.044680194829788474,1.0,0.9999999999999897,0.0,0.8135952663537064,0.2537862461616432,0.5134995071898367,0.39756565439302793,0.39893171319203585,0.013149840797732126,-1.3928523387877063,1.3795041741603404,0.020000000000000018,0.09593733604311634,composite trapezoid on reference grid
double-well,CP,2,0.42,0.044680194829788474,1.0,0.9999999999999897,0.0,0.7681004400741875,0.22004276898133407,0.4510756262920111,0.37424525279672094,0.3759088483046542,0.011399926051228193,-1.3928523387877063,1.3795041741603404,0.020000000000000018,0.09593733604311634,composite trapezoid on reference grid
double-well,CP,2,0.48,0.044680194829788474,0.9999999999999998,0.9999999999999898,0.0,0.7218155727007365,0.2007560100125953,0.4055441645026503,0.34869546660052475,0.34956048774507675,0.014629526219780475,-1.3928523387877063,1.3795041741603404,0.020000000000000018,0.09593733604311634,composite trapezoid on reference grid
double-well,CP,2,0.54,0.044680194829788474,0.9999999999999999,0.9999999999999898,0.0,0.6873262836957141,0.18178495441460116,0.39046452344292054,0.33051569020605986,0.3313578690092992,0.010678291067234391,-1.3928523387877063,1.3795041741603404,0.020000000000000018,0.09593733604311634,composite trapezoid on reference grid
double-well,CP,2,0.6,0.044680194829788474,0.9999999999999998,0.9999999999999898,0.0,0.6474077258902509,0.16409800613339684,0.34790854616240746,0.31068355109680673,0.31136339375919964,0.011543217199548095,-1.3928523387877063,1.3795041741603404,0.020000000000000018,0.09593733604311634,composite trapezoid on reference grid
double-well,CP,2,0.66,0.044680194829788474,1.0,0.9999999999999897,0.0,0.6189230970603516,0.14200897847445682,0.30242357803802855,0.2920356972120875,0.29377227903524866,0.009658088260548647,-1.3928523387877063,1.3795041741603404,0.020000000000000018,0.09593733604311634,composite trapezoid on reference grid
double-well,CP,2,0.72,0.044680194829788474,0.9999999999999999,0.9999999999999898,0.0,0.6174928418463536,0.13085231575275313,0.28347747828631376,0.28479547812768563,0.2865965595828044,0.012297699264206208,-1.3928523387877063,1.3795041741603404,0.020000000000000018,0.09593733604311634,composite trapezoid on reference grid
double-well,CP,2,0.78,0.044680194829788474,0.9999999999999999,0.9999999999999898,0.0,0.5955395975946758,0.1223423574795463,0.26837037254583307,0.26959470699916505,0.2721181279541101,0.00994984062259524,-1.3928523387877063,1.3795041741603404,0.020000000000000018,0.09593733604311634,composite trapezoid on reference grid
double-well,CP,2,0.84,0.044680194829788474,1.0,0.9999999999999898,0.0,0.5769819476865461,0.11840210600401589,0.26486367874611694,0.2575424341189232,0.25932383231007716,0.010106673778949415,-1.3928523387877063,1.3795041741603404,0.020000000000000018,0.09593733604311634,composite trapezoid on reference grid
double-well,CP,2,0.9,0.044680194829788474,1.0,0.9999999999999896,0.0,0.5607651078465423,0.11026663324206858,0.23208378501216886,0.24687376060507216,0.24775384516781862,0.009043668574806818,-1.3928523387877063,1.3795041741603404,0.020000000000000018,0.09593733604311634,composite trapezoid on reference grid
double-well,CP,2,0.96,0.044680194829788474,1.0,0.9999999999999897,0.0,0.5337881011829207,0.10224375452771414,0.21816109916434462,0.2273120324898356,0.22766433031000033,0.009657350811143939,-1.3928523387877063,1.3795041741603404,0.020000000000000018,0.09593733604311634,composite trapezoid on reference grid
double-well,CP,2,1.02,0.044680194829788474,1.0,0.9999999999999897,0.0,0.5221334026062678,0.09665045622306034,0.21728692641878203,0.215622027667268,0.21551510119191586,0.01206710849434367,-1.3928523387877063,1.3795041741603404,0.020000000000000018,0.09593733604311634,composite trapezoid on reference grid
double-well,CP,2,1.08,0.044680194829788474,0.9999999999999997,0.9999999999999899,0.0,0.5192265598184487,0.09120147128486344,0.1912292721198437,0.21076992928186095,0.21233328301009768,0.010582896839061995,-1.3928523387877063,1.3795041741603404,0.020000000000000018,0.09593733604311634,composite trapezoid on reference grid
double-well,CP,2,1.1400000000000001,0.044680194829788474,1.0,0.9999999999999896,0.0,0.5139048155028405,0.08661457784119343,0.18184647974036827,0.20379584700613285,0.20529994613592834,0.011485175147345594,-1.3928523387877063,1.3795041741603404,0.020000000000000018,0.09593733604311634,composite trapezoid on reference grid
double-well,CP,2,1.2,0.044680194829788474,1.0000000000000002,0.9999999999999896,0.0,0.5135013538727348,0.08426844542056322,0.17302785393809128,0.20092101600468837,0.20366293607690955,0.008219403594085822,-1.3928523387877063,1.3795041741603404,0.020000000000000018,0.09593733604311634,composite trapezoid on reference grid
double-well,CP,2,1.26,0.044680194829788474,0.9999999999999999,0.9999999999999898,0.0,0.4877094508592573,0.0795584619152851,0.18018470841983078,0.19081535311868988,0.18971719566121642,0.0093598688291332,-1.3928523387877063,1.3795041741603404,0.020000000000000018,0.09593733604311634,composite trapezoid on reference grid
double-well,CP,2,1.32,0.044680194829788474,1.0,0.9999999999999898,0.0,0.47904959762117966,0.0750764602891413,0.15721499394563926,0.18850150921221048,0.18686020287128657,0.010488070170990793,-1.3928523387877063,1.3795041741603404,0.020000000000000018,0.09593733604311634,composite trapezoid on reference grid
double-well,CP,2,1.3800000000000001,0.044680194829788474,0.9999999999999998,0.99999999999999,0.0,0.4720675129648148,0.07041277436508242,0.14967956026914186,0.18361160884855626,0.1825132104117302,0.009302596064603263,-1.3928523387877063,1.3795041741603404,0.020000000000000018,0.09593733604311634,composite trapezoid on reference grid
double-well,CP,2,1.44,0.044680194829788474,1.0,0.9999999999999898,0.0,0.45405067470575383,0.0643653102017169,0.1496735870314387,0.1695175857315429,0.1704385210860252,0.009330202693449197,-1.3928523387877063,1.3795041741603404,0.020000000000000018,0.09593733604311634,composite trapezoid on reference grid
double-well,CP,2,1.5,0.044680194829788474,1.0000000000000002,0.9999999999999896,0.0,0.4407671842594486,0.06312622710034163,0.15901871330519227,0.16480605781412197,0.16335355929758005,0.007986049744097806,-1.3928523387877063,1.3795041741603404,0.020000000000000018,0.09593733604311634,composite trapezoid on reference grid
double-well,CP,2,1.56,0.044680194829788474,0.9999999999999998,0.9999999999999898,0.0,0.4485448255817909,0.05999111624643587,0.14755978291485755,0.16519382393847382,0.16296775586627565,0.008123730833309861,-1.3928523387877063,1.3795041741603404,0.020000000000000018,0.09593733604311634,composite trapezoid on reference grid
double-well,CP,2,1.62,0.044680194829788474,0.9999999999999998,0.9999999999999898,0.0,0.4420430871710429,0.060397081525230115,0.15167828943054806,0.15987610096709784,0.15995258922155894,0.00858542405713758,-1.3928523387877063,1.3795041741603404,0.020000000000000018,0.09593733604311634,composite trapezoid on reference grid
double-well,CP,2,1.68,0.044680194829788474,1.0,0.9999999999999898,0.0,0.4761769481443694,0.0677894479914529,0.15750691904869693,0.1655159454913715,0.16453988461736097,0.0076595126374122136,-1.3928523387877063,1.3795041741603404,0.020000000000000018,0.09593733604311634,composite trapezoid on reference grid
double-well,CP,2,1.74,0.044680194829788474,0.9999999999999999,0.9999999999999899,0.0,0.4749932945002523,0.06561016848259102,0.1458504990568723,0.1612751416190762,0.1617648582725247,0.007375757588413828,-1.3928523387877063,1.3795041741603404,0.020000000000000018,0.09593733604311634,composite trapezoid on reference grid
double-well,CP,2,1.8,0.044680194829788474,1.0000000000000002,0.9999999999999896,0.0,0.43867550286263934,0.057396228841440584,0.13135609270523588,0.1470503046123981,0.1452404831390029,0.007293755892806009,-1.3928523387877063,1.3795041741603404,0.020000000000000018,0.09593733604311634,composite trapezoid on reference grid
double-well,CP,2,1.86,0.044680194829788474,1.0,0.9999999999999896,0.0,0.4455129867683426,0.05908495692658053,0.14127110814279048,0.15059816030410475,0.14892898328504753,0.009382517369356302,-1.3928523387877063,1.3795041741603404,0.020000000000000018,0.09593733604311634,composite trapezoid on reference grid
double-well,CP,2,1.92,0.044680194829788474,1.0,0.9999999999999898,0.0,0.4309244217846806,0.05153252430075235,0.1243687351183475,0.14537775524566526,0.1442715283273181,0.009239415962060904,-1.3928523387877063,1.3795041741603404,0.020000000000000018,0.09593733604311634,composite trapezoid on reference grid
double-well,CP,2,1.98,0.044680194829788474,1.0,0.9999999999999897,0.0,0.43478688846772073,0.05266494170921962,0.12594800551068502,0.1456705054862309,0.14562628657030735,0.009858088982445556,-1.3928523387877063,1.3795041741603404,0.020000000000000018,0.09593733604311634,composite trapezoid on reference grid
double-well,CP,2,2.04,0.044680194829788474,1.0,0.9999999999999897,0.0,0.41263873477047947,0.04766456730929521,0.11611659357061549,0.13942332301830215,0.13574716510322934,0.010231491686604532,-1.3928523387877063,1.3795041741603404,0.020000000000000018,0.09593733604311634,composite trapezoid on reference grid
double-well,CP,2,2.1,0.044680194829788474,1.0000000000000002,0.9999999999999896,0.0,0.41850025975851823,0.04899768359777515,0.11140060982517899,0.13498744529957304,0.13285643013855464,0.009456162238878435,-1.3928523387877063,1.3795041741603404,0.020000000000000018,0.09593733604311634,composite trapezoid on reference grid
double-well,CP,2,2.16,0.044680194829788474,1.0,0.9999999999999898,0.0,0.40151305900279,0.0429048317406852,0.10178965363424677,0.12948643358423545,0.12647402492199036,0.009267921304989851,-1.3928523387877063,1.3795041741603404,0.020000000000000018,0.09593733604311634,composite trapezoid on reference grid
double-well,CP,2,2.22,0.044680194829788474,1.0,0.9999999999999897,0.0,0.4032170997892367,0.04229970791333088,0.09396211686093667,0.13066028832567309,0.1281011899851338,0.00881515252796869,-1.3928523387877063,1.3795041741603404,0.020000000000000018,0.09593733604311634,composite trapezoid on reference grid
double-well,CP,2,2.2800000000000002,0.044680194829788474,0.9999999999999999,0.9999999999999897,0.0,0.3851733215084179,0.037715276124896904,0.08119433521048067,0.11539384369242317,0.11449213099979741,0.008362348168398454,-1.3928523387877063,1.3795041741603404,0.020000000000000018,0.09593733604311634,composite trapezoid on reference grid
double-well,CP,2,2.34,0.044680194829788474,1.0,0.9999999999999897,0.0,0.4089841946943397,0.045826500567589884,0.10483567753925997,0.1220946148443613,0.11933139222991201,0.00790267193331498,-1.3928523387877063,1.3795041741603404,0.020000000000000018,0.09593733604311634,composite trapezoid on reference grid
double-well,CP,2,2.4,0.044680194829788474,1.0,0.9999999999999898,0.0,0.3933181967314684,0.0410983346748246,0.09572957449000433,0.12100207636247232,0.12082846271240655,0.008646744455665184,-1.3928523387877063,1.3795041741603404,0.020000000000000018,0.09593733604311634,composite trapezoid on reference grid
double-well,CP,2,2.46,0.044680194829788474,0.9999999999999999,0.9999999999999898,0.0,0.39423715694373074,0.042113837899418,0.10364312037290967,0.1198210679208121,0.11814690733752717,0.00746335660745856,-1.3928523387877063,1.3795041741603404,0.020000000000000018,0.09593733604311634,composite trapezoid on reference grid
double-well,CP,2,2.52,0.044680194829788474,1.0,0.9999999999999897,0.0,0.37470690917600996,0.03704556563734543,0.08511489399472386,0.11369895931289006,0.11322383923492291,0.00889226899051515,-1.3928523387877063,1.3795041741603404,0.020000000000000018,0.09593733604311634,composite trapezoid on reference grid
double-well,CP,2,2.58,0.044680194829788474,1.0,0.9999999999999898,0.0,0.35743611996172897,0.03404445972712747,0.08539204416250934,0.10594851593845847,0.10343574528203851,0.007349942808679358,-1.3928523387877063,1.3795041741603404,0.020000000000000018,0.09593733604311634,composite trapezoid on reference grid
double-well,CP,2,2.64,0.044680194829788474,1.0,0.9999999999999897,0.0,0.3744861569090504,0.03625417563589621,0.08469884696991495,0.1121336072166568,0.11097075699919397,0.007402641284612432,-1.3928523387877063,1.3795041741603404,0.020000000000000018,0.09593733604311634,composite trapezoid on reference grid
double-well,CP,2,2.7,0.044680194829788474,1.0000000000000002,0.9999999999999896,0.0,0.38404913265178126,0.03603210594627426,0.07403109979140596,0.11550340576812762,0.11401028089422471,0.008635565136657863,-1.3928523387877063,1.3795041741603404,0.020000000000000018,0.09593733604311634,composite trapezoid on reference grid
double-well,CP,2,2.7600000000000002,0.044680194829788474,1.0,0.9999999999999897,0.0,0.3955367319241757,0.040695092007335155,0.09106958558116218,0.109444603804979,0.10575654856351671,0.01108709809152253,-1.3928523387877063,1.3795041741603404,0.020000000000000018,0.09593733604311634,composite trapezoid on reference grid
double-well,CP,2,2.82,0.044680194829788474,1.0,0.9999999999999898,0.0,0.39739036654895643,0.04301168934323489,0.08656848002847953,0.11134610587473395,0.11120171055777481,0.007801609164362788,-1.3928523387877063,1.3795041741603404,0.020000000000000018,0.09593733604311634,composite trapezoid on reference grid
double-well,CP,2,2.88,0.044680194829788474,1.0000000000000002,0.9999999999999896,0.0,0.38080918633533956,0.03997117474307467,0.08783445204058055,0.10617977066755081,0.10358126114693017,0.008261744747968869,-1.3928523387877063,1.3795041741603404,0.020000000000000018,0.09593733604311634,composite trapezoid on reference grid
double-well,CP,2,2.94,0.044680194829788474,0.9999999999999999,0.9999999999999898,0.0,0.3924196767936957,0.04061586824639427,0.08549215395403978,0.10776601230055918,0.10390477624246142,0.008492200592868232,-1.3928523387877063,1.3795041741603404,0.020000000000000018,0.09593733604311634,composite trapezoid on reference grid
double-well,CP,2,3.0,0.044680194829788474,0.9999999999999998,0.9999999999999898,0.0,0.3681832254981595,0.035690583441335716,0.08141862260618246,0.097920519680215,0.09483331902066802,0.007156579051004974,-1.3928523387877063,1.3795041741603404,0.020000000000000018,0.09593733604311634,composite trapezoid on reference grid
double-well,CP,2,3.06,0.044680194829788474,1.0,0.9999999999999898,0.0,0.38086912761654745,0.038764467865622806,0.09362663723230798,0.09881040841694581,0.09585398841965742,0.006461784619987143,-1.3928523387877063,1.3795041741603404,0.020000000000000018,0.09593733604311634,composite trapezoid on reference grid
double-well,CP,2,3.12,0.044680194829788474,1.0000000000000002,0.9999999999999896,0.0,0.39741562299878824,0.04156652222768703,0.09963380849512068,0.1029792749901812,0.10302759543575574,0.00810214613643423,-1.3928523387877063,1.3795041741603404,0.020000000000000018,0.09593733604311634,composite trapezoid on reference grid
double-well,CP,2,3.18,0.044680194829788474,1.0,0.9999999999999897,0.0,0.3981325929741082,0.041980142283957085,0.10083709150130003,0.10228043248198063,0.10324348427192176,0.007594816514741587,-1.3928523387877063,1.3795041741603404,0.020000000000000018,0.09593733604311634,composite trapezoid on reference grid
double-well,CP,2,3.24,0.044680194829788474,0.9999999999999999,0.9999999999999898,0.0,0.3911952204792326,0.04095672260632231,0.09993535281996033,0.09841336702682676,0.10392898328504807,0.00784063719032213,-1.3928523387877063,1.3795041741603404,0.020000000000000018,0.09593733604311634,composite trapezoid on reference grid
double-well,CP,2,3.3000000000000003,0.044680194829788474,1.0,0.9999999999999897,0.0,0.39207133508102815,0.04177199511853852,0.10266395111805299,0.10396665691624264,0.10310118998513382,0.007464990895000301,-1.3928523387877063,1.3795041741603404,0.020000000000000018,0.09593733604311634,composite trapezoid on reference grid
double-well,CP,2,3.36,0.044680194829788474,1.0,0.9999999999999897,0.0,0.4059024792426887,0.042311274603506824,0.10272238521006267,0.10803410765107303,0.10526982102518688,0.00660692689386555,-1.3928523387877063,1.3795041741603404,0.020000000000000018,0.09593733604311634,composite trapezoid on reference grid
double-well,CP,2,3.42,0.044680194829788474,1.0,0.9999999999999897,0.0,0.38908460056254407,0.0399198184582505,0.09109620937707053,0.09759755439186257,0.10449804376701421,0.008755530617209906,-1.3928523387877063,1.3795041741603404,0.020000000000000018,0.09593733604311634,composite trapezoid on reference grid
double-well,CP,2,3.48,0.044680194829788474,1.0,0.9999999999999898,0.0,0.39547125646849957,0.04010292756768514,0.0879282395458639,0.09933635560860088,0.10444586121234889,0.010082746351881444,-1.3928523387877063,1.3795041741603404,0.020000000000000018,0.09593733604311634,composite trapezoid on reference grid
double-well,CP,2,3.54,0.044680194829788474,0.9999999999999998,0.9999999999999898,0.0,0.397571125093238,0.040624168475112035,0.08965896310749089,0.10286910334713129,0.10829220674017248,0.008083622193683221,-1.3928523387877063,1.3795041741603404,0.020000000000000018,0.09593733604311634,composite trapezoid on reference grid
double-well,CP,2,3.6,0.044680194829788474,1.0,0.9999999999999897,0.0,0.4170040327628102,0.04593392449191484,0.10210127867096937,0.10605469367493625,0.11070847255476646,0.007346056894377839,-1.3928523387877063,1.3795041741603404,0.020000000000000018,0.09593733604311634,composite trapezoid on reference grid
double-well,CP,2,3.66,0.044680194829788474,1.0,0.9999999999999896,0.0,0.4241609533381592,0.04675993192704958,0.08666696879742783,0.10888583427431398,0.11490040666689427,0.008591612405734389,-1.3928523387877063,1.3795041741603404,0.020000000000000018,0.09593733604311634,composite trapezoid on reference grid
double-well,CP,2,3.72,0.044680194829788474,1.0000000000000002,0.9999999999999896,0.0,0.4234218546454216,0.0471036384823778,0.09507961602321316,0.10843102673618654,0.11259634606590285,0.006961129052357462,-1.3928523387877063,1.3795041741603404,0.020000000000000018,0.09593733604311634,composite trapezoid on reference grid
double-well,CP,2,3.7800000000000002,0.044680194829788474,1.0,0.9999999999999897,0.0,0.4246581332968038,0.04523766280494975,0.09358393423791296,0.10624276688791334,0.11126404303053061,0.007636328873266707,-1.3928523387877063,1.3795041741603404,0.020000000000000018,0.09593733604311634,composite trapezoid on reference grid
double-well,CP,2,3.84,0.044680194829788474,1.0,0.9999999999999897,0.0,0.42674592454967814,0.04547268232287199,0.09458399987348692,0.10842457506549574,0.11572295806064348,0.007880847393788026,-1.3928523387877063,1.3795041741603404,0.020000000000000018,0.09593733604311634,composite trapezoid on reference grid
double-well,CP,2,3.9,0.044680194829788474,1.0,0.9999999999999898,0.0,0.41862954202721414,0.04628367297216038,0.09324874042770262,0.10893029200158509,0.10631496894796044,0.00677568618213753,-1.3928523387877063,1.3795041741603404,0.020000000000000018,0.09593733604311634,composite trapezoid on reference grid
double-well,CP,2,3.96,0.044680194829788474,0.9999999999999999,0.9999999999999898,0.0,0.41606259267817414,0.04598640033831375,0.09527758432483682,0.10603502928266761,0.11120171055777539,0.008016786253521091,-1.3928523387877063,1.3795041741603404,0.020000000000000018,0.09593733604311634,composite trapezoid on reference grid
double-well,CP,2,4.0200000000000005,0.044680194829788474,1.0000000000000002,0.9999999999999896,0.0,0.4167768862409783,0.047462372182825396,0.09688653630485576,0.1049534451943585,0.10847443783050259,0.007953939180296188,-1.3928523387877063,1.3795041741603404,0.020000000000000018,0.09593733604311634,composite trapezoid on reference grid
double-well,CP,2,4.08,0.044680194829788474,1.0,0.9999999999999897,0.0,0.3883894453013185,0.040932423501422746,0.07430276711194941,0.10129111232111199,0.10708659442427981,0.008543514119994211,-1.3928523387877063,1.3795041741603404,0.020000000000000018,0.09593733604311634,composite trapezoid on reference grid
double-well,CP,2,4.14,0.044680194829788474,0.9999999999999998,0.9999999999999898,0.0,0.39560169449597343,0.042211342558560135,0.08706004017408994,0.10651746918620053,0.11308222484871244,0.00895143394411213,-1.3928523387877063,1.3795041741603404,0.020000000000000018,0.09593733604311634,composite trapezoid on reference grid
double-well,CP,2,4.2,0.044680194829788474,1.0,0.9999999999999898,0.0,0.3807003310521958,0.038817755611581115,0.07718147221655132,0.09917733793699268,0.10596486403518002,0.008188828792898478,-1.3928523387877063,1.3795041741603404,0.020000000000000018,0.09593733604311634,composite trapezoid on reference grid
double-well,CP,2,4.26,0.044680194829788474,0.9999999999999999,0.9999999999999898,0.0,0.3756053352296972,0.03848604207377011,0.07004086022192633,0.09510229348840926,0.10096486403518001,0.007437797906880844,-1.3928523387877063,1.3795041741603404,0.020000000000000018,0.09593733604311634,composite trapezoid on reference grid
double-well,CP,2,4.32,0.044680194829788474,1.0,0.9999999999999897,0.0,0.35985830948383607,0.036822104548173556,0.07368566599634319,0.09423762907344056,0.0939913157578028,0.008109501822015863,-1.3928523387877063,1.3795041741603404,0.020000000000000018,0.09593733604311634,composite trapezoid on reference grid
double-well,CP,2,4.38,0.044680194829788474,0.9999999999999998,0.9999999999999898,0.0,0.36030562298137714,0.036105889373016356,0.0704163145627941,0.0920766039672195,0.09570847255476644,0.007826845348679945,-1.3928523387877063,1.3795041741603404,0.020000000000000018,0.09593733604311634,composite trapezoid on reference grid
double-well,CP,2,4.44,0.044680194829788474,0.9999999999999999,0.9999999999999898,0.0,0.3810366170190651,0.04007627956180976,0.08528038173269528,0.09703489920725283,0.10419507016107099,0.007677370659935345,-1.3928523387877063,1.3795041741603404,0.020000000000000018,0.09593733604311634,composite trapezoid on reference grid
double-well,CP,2,4.5,0.044680194829788474,1.0000000000000002,0.9999999999999896,0.0,0.369367545226275,0.03861509490484792,0.07996691719155098,0.09805575424442614,0.1048138671515525,0.007012968581136619,-1.3928523387877063,1.3795041741603404,0.020000000000000018,0.09593733604311634,composite trapezoid on reference grid
double-well,CP,2,4.5600000000000005,0.044680194829788474,1.0000000000000002,0.9999999999999896,0.0,0.3612710834835677,0.03417745236812453,0.07904153376263601,0.09478223014245446,0.10211080146686624,0.007492902621957592,-1.3928523387877063,1.3795041741603404,0.020000000000000018,0.09593733604311634,composite trapezoid on reference grid
double-well,CP,2,4.62,0.044680194829788474,1.0,0.9999999999999896,0.0,0.369968564059142,0.03678629227129476,0.07261336973830153,0.09293265554357587,0.09869213676245281,0.008791195118355688,-1.3928523387877063,1.3795041741603404,0.020000000000000018,0.09593733604311634,composite trapezoid on reference grid
double-well,CP,2,4.68,0.044680194829788474,1.0,0.9999999999999896,0.0,0.4009226604107703,0.04154206606124033,0.09294829218253473,0.10340108773532997,0.10935932169700713,0.007756916456026941,-1.3928523387877063,1.3795041741603404,0.020000000000000018,0.09593733604311634,composite trapezoid on reference grid
double-well,CP,2,4.74,0.044680194829788474,1.0,0.9999999999999897,0.0,0.38444060926177126,0.03679547666709483,0.08017908358862394,0.09676869012483069,0.10355573543967955,0.008335605251139355,-1.3928523387877063,1.3795041741603404,0.020000000000000018,0.09593733604311634,composite trapezoid on reference grid
double-well,CP,2,4.8,0.044680194829788474,1.0,0.9999999999999897,0.0,0.39841434962233624,0.04023497419756202,0.08657983873079253,0.10116531783043803,0.10484745765442638,0.007396690178099158,-1.3928523387877063,1.3795041741603404,0.020000000000000018,0.09593733604311634,composite trapezoid on reference grid
double-well,Langevin,3,0.0,0.044680194829788474,1.0,0.9999999999999897,0.0,1.4464757684176313,2.342757335663083,3.6445213370397447,0.6701267594578839,0.6818503043142743,0.05736512446761555,-1.3928523387877063,1.3795041741603404,0.020000000000000018,0.09593733604311634,composite trapezoid on reference grid
double-well,Langevin,3,0.06,0.044680194829788474,1.0,0.9999999999999897,0.0,1.2489794667020264,1.217190603376015,2.0311624785348537,0.6145293160595142,0.6174086426716123,0.02948766273388856,-1.3928523387877063,1.3795041741603404,0.020000000000000018,0.09593733604311634,composite trapezoid on reference grid
double-well,Langevin,3,0.12,0.044680194829788474,1.0,0.9999999999999896,0.0,1.17668729874533,0.8959311255124757,1.5943549492266615,0.5871943072423436,0.5911894412112968,0.02285276273814657,-1.3928523387877063,1.3795041741603404,0.020000000000000018,0.09593733604311634,composite trapezoid on reference grid
double-well,Langevin,3,0.18,0.044680194829788474,0.9999999999999999,0.9999999999999898,0.0,1.1376437391298748,0.7865278482213511,1.4302759444498236,0.5687498210079956,0.5709241241087131,0.02042913781650596,-1.3928523387877063,1.3795041741603404,0.020000000000000018,0.09593733604311634,composite trapezoid on reference grid
double-well,Langevin,3,0.24,0.044680194829788474,1.0,0.9999999999999898,0.0,1.1123079685022583,0.7172028673553792,1.321643036478629,0.556148531124475,0.5580470893388316,0.02215787272674441,-1.3928523387877063,1.3795041741603404,0.020000000000000018,0.09593733604311634,composite trapezoid on reference grid
double-well,Langevin,3,0.3,0.044680194829788474,1.0,0.9999999999999897,0.0,1.0980087044054065,0.6811158886677758,1.2765821036714462,0.5490038822642139,0.5500447605712842,0.019394160834614593,-1.3928523387877063,1.3795041741603404,0.020000000000000018,0.09593733604311634,composite trapezoid on reference grid
double-well,Langevin,3,0.36,0.044680194829788474,1.0,0.9999999999999898,0.0,1.0774609678899603,0.6464867060777759,1.2261412699656042,0.5386888816148501,0.5405409797183314,0.020092258779152106,-1.3928523387877063,1.3795041741603404,0.020000000000000018,0.09593733604311634,composite trapezoid on reference grid
double-well,Langevin,3,0.42,0.044680194829788474,0.9999999999999998,0.9999999999999898,0.0,1.0695524550674964,0.6354968055631408,1.2019977652549645,0.5347761927630674,0.5357793660838532,0.016312923438669108,-1.3928523387877063,1.3795041741603404,0.020000000000000018,0.09593733604311634,composite trapezoid on reference grid
double-well,Langevin,3,0.48,0.044680194829788474,0.9999999999999999,0.9999999999999898,0.0,1.056635372984914,0.6196735835477458,1.1729115952142792,0.5283121500451949,0.5292217206103855,0.016993323425086027,-1.3928523387877063,1.3795041741603404,0.020000000000000018,0.09593733604311634,composite trapezoid on reference grid
double-well,Langevin,3,0.54,0.044680194829788474,1.0,0.9999999999999897,0.0,1.04892226093276,0.5847721106620097,1.1245433398693945,0.5244609287013169,0.5252130213494706,0.016621744683143813,-1.3928523387877063,1.3795041741603404,0.020000000000000018,0.09593733604311634,composite trapezoid on reference grid
double-well,Langevin,3,0.6,0.044680194829788474,0.9999999999999998,0.9999999999999898,0.0,1.038999240895895,0.5810028699497797,1.1023413708898886,0.5194974407042781,0.5205950068440548,0.016491150491509454,-1.3928523387877063,1.3795041741603404,0.020000000000000018,0.09593733604311634,composite trapezoid on reference grid
double-well,Langevin,3,0.66,0.044680194829788474,0.9999999999999998,0.9999999999999898,0.0,1.030515814076705,0.5691923764797914,1.0875790283310844,0.5152568555475661,0.5161221122585615,0.016027772127252288,-1.3928523387877063,1.3795041741603404,0.020000000000000018,0.09593733604311634,composite trapezoid on reference grid
double-well,Langevin,3,0.72,0.044680194829788474,1.0,0.9999999999999896,0.0,1.0206734724112525,0.5599075824668667,1.0728190509103226,0.5102937756470183,0.511834380190639,0.01762567442385285,-1.3928523387877063,1.3795041741603404,0.020000000000000018,0.09593733604311634,composite trapezoid on reference grid
double-well,Langevin,3,0.78,0.044680194829788474,1.0000000000000002,0.9999999999999896,0.0,1.0151564577314631,0.5489157877211819,1.0485622882329637,0.5075536506265586,0.5077046735617753,0.014609958829507247,-1.3928523387877063,1.3795041741603404,0.020000000000000018,0.09593733604311634,composite trapezoid on reference grid
double-well,Langevin,3,0.84,0.044680194829788474,1.0000000000000002,0.9999999999999897,0.0,1.0129557361696049,0.548779555304628,1.0383227078711097,0.5064769416459971,0.5071488205101711,0.018901645397066125,-1.3928523387877063,1.3795041741603404,0.020000000000000018,0.09593733604311634,composite trapezoid on reference grid
double-well,Langevin,3,0.9,0.044680194829788474,1.0,0.9999999999999897,0.0,1.008270012993628,0.5358971074294312,1.0311304209381602,0.5041168412212693,0.5048439915065968,0.01604192622475631,-1.3928523387877063,1.3795041741603404,0.020000000000000018,0.09593733604311634,composite trapezoid on reference grid
double-well,Langevin,3,0.96,0.044680194829788474,0.9999999999999998,0.9999999999999899,0.0,1.0031668374669387,0.5346544275318514,1.0247886108289372,0.5015829487949799,0.501834380190639,0.017215900731156142,-1.3928523387877063,1.3795041741603404,0.020000000000000018,0.09593733604311634,composite trapezoid on reference grid
double-well,Langevin,3,1.02,0.044680194829788474,1.0,0.9999999999999898,0.0,1.003173280853562,0.5410156509522106,1.0239459986526174,0.5015866324508033,0.5026397850148026,0.015839922874887988,-1.3928523387877063,1.3795041741603404,0.020000000000000018,0.09593733604311634,composite trapezoid on reference grid
double-well,Langevin,3,1.08,0.044680194829788474,1.0,0.9999999999999897,0.0,0.9933415271582319,0.5277696454420807,1.0025934607339388,0.496670762260231,0.49763978501480255,0.01781541176636514,-1.3928523387877063,1.3795041741603404,0.020000000000000018,0.09593733604311634,composite trapezoid on reference grid
double-well,Langevin,3,1.1400000000000001,0.044680194829788474,1.0,0.9999999999999898,0.0,0.9926180036387694,0.529685473137855,1.0028084605290415,0.49629888416487755,0.4980943304693479,0.01783397383661578,-1.3928523387877063,1.3795041741603404,0.020000000000000018,0.09593733604311634,composite trapezoid on reference grid
double-well,Langevin,3,1.2,0.044680194829788474,0.9999999999999999,0.9999999999999898,0.0,0.9823286352669462,0.5233812278691912,1.0018079191456222,0.49066626075007597,0.4924035387922036,0.016070262877776992,-1.3928523387877063,1.3795041741603404,0.020000000000000018,0.09593733604311634,composite trapezoid on reference grid
double-well,Langevin,3,1.26,0.044680194829788474,0.9999999999999998,0.9999999999999898,0.0,0.9772571818869624,0.5111466256447279,0.9765443900684697,0.4886235119087379,0.4899300452300336,0.014016427970602319,-1.3928523387877063,1.3795041741603404,0.020000000000000018,0.09593733604311634,composite trapezoid on reference grid
double-well,Langevin,3,1.32,0.044680194829788474,1.0,0.9999999999999897,0.0,0.9731302446012742,0.506450712620121,0.9611424453441211,0.4865650387409784,0.48673069410571157,0.01790252156266947,-1.3928523387877063,1.3795041741603404,0.020000000000000018,0.09593733604311634,composite trapezoid on reference grid
double-well,Langevin,3,1.3800000000000001,0.044680194829788474,0.9999999999999999,0.9999999999999897,0.0,0.9706333188726952,0.5063535512687356,0.9552342410915752,0.48531228144421634,0.4867482270482154,0.01572578061664301,-1.3928523387877063,1.3795041741603404,0.020000000000000018,0.09593733604311634,composite trapezoid on reference grid
double-well,Langevin,3,1.44,0.044680194829788474,1.0,0.9999999999999898,0.0,0.9674815444750275,0.49309155681067013,0.9387812675356793,0.4837386183356421,0.48410710746336627,0.014794461991755103,-1.3928523387877063,1.3795041741603404,0.020000000000000018,0.09593733604311634,composite trapezoid on reference grid
double-well,Langevin,3,1.5,0.044680194829788474,1.0000000000000002,0.9999999999999896,0.0,0.966864660360285,0.48859800640289713,0.9390003139514516,0.4834072442236141,0.48410710746336627,0.01631095842035299,-1.3928523387877063,1.3795041741603404,0.020000000000000018,0.09593733604311634,composite trapezoid on reference grid
double-well,Langevin,3,1.56,0.044680194829788474,1.0,0.9999999999999897,0.0,0.958836335020455,0.4828664474714039,0.9247982713800666,0.47936501978893403,0.48041844644399373,0.016144417976456077,-1.3928523387877063,1.3795041741603404,0.020000000000000018,0.09593733604311634,composite trapezoid on reference grid
double-well,Langevin,3,1.62,0.044680194829788474,1.0,0.9999999999999897,0.0,0.9485810539410093,0.47681698796443645,0.9151687244614818,0.4742863573509627,0.47460285271066377,0.01804985406957091,-1.3928523387877063,1.3795041741603404,0.020000000000000018,0.09593733604311634,composite trapezoid on reference grid
double-well,Langevin,3,1.68,0.044680194829788474,1.0,0.9999999999999897,0.0,0.9520194341042172,0.48003661126566,0.9117429246867859,0.47600692802766476,0.4765042832240777,0.014317104861158503,-1.3928523387877063,1.3795041741603404,0.020000000000000018,0.09593733604311634,composite trapezoid on reference grid
double-well,Langevin,3,1.74,0.044680194829788474,1.0,0.9999999999999898,0.0,0.9481327764439637,0.47495876262493175,0.9013001010250494,0.47406410065419613,0.4745216653670487,0.016844803257839436,-1.3928523387877063,1.3795041741603404,0.020000000000000018,0.09593733604311634,composite trapezoid on reference grid
double-well,Langevin,3,1.8,0.044680194829788474,0.9999999999999999,0.9999999999999898,0.0,0.9451400756056543,0.4766272591420225,0.9107746654359707,0.47256944815275564,0.47358140070943217,0.01567158709872485,-1.3928523387877063,1.3795041741603404,0.020000000000000018,0.09593733604311634,composite trapezoid on reference grid
double-well,Langevin,3,1.86,0.044680194829788474,1.0,0.9999999999999898,0.0,0.948732788254868,0.46593634471268786,0.8943039670867825,0.47436599889562,0.47588530173068505,0.015662498235132605,-1.3928523387877063,1.3795041741603404,0.020000000000000018,0.09593733604311634,composite trapezoid on reference grid
double-well,Langevin,3,1.92,0.044680194829788474,1.0,0.9999999999999898,0.0,0.9406303409295991,0.4618278889571601,0.8875989807608278,0.4702544074913778,0.4705951923149868,0.015244224269833073,-1.3928523387877063,1.3795041741603404,0.020000000000000018,0.09593733604311634,composite trapezoid on reference grid
double-well,Langevin,3,1.98,0.044680194829788474,1.0,0.9999999999999897,0.0,0.9362937850848605,0.45832119354528156,0.8780146759947549,0.46814669939130005,0.46890452893447515,0.015128685399146413,-1.3928523387877063,1.3795041741603404,0.020000000000000018,0.09593733604311634,composite trapezoid on reference grid
double-well,Langevin,3,2.04,0.044680194829788474,1.0,0.9999999999999896,0.0,0.9352435842201601,0.46018257260995965,0.8754148032970925,0.4676217085504204,0.4684499834799298,0.015580903125820666,-1.3928523387877063,1.3795041741603404,0.020000000000000018,0.09593733604311634,composite trapezoid on reference grid
double-well,Langevin,3,2.1,0.044680194829788474,1.0,0.9999999999999897,0.0,0.9329446777648106,0.45379831572380025,0.863041629487558,0.4664508867696171,0.466810253322261,0.012584285158755426,-1.3928523387877063,1.3795041741603404,0.020000000000000018,0.09593733604311634,composite trapezoid on reference grid
double-well,Langevin,3,2.16,0.044680194829788474,1.0000000000000002,0.9999999999999897,0.0,0.9289499404710676,0.45048311637911165,0.867588822402865,0.46447035732891045,0.46502049788666,0.014846548302962531,-1.3928523387877063,1.3795041741603404,0.020000000000000018,0.09593733604311634,composite trapezoid on reference grid
double-well,Langevin,3,2.22,0.044680194829788474,0.9999999999999999,0.9999999999999898,0.0,0.9278044424318495,0.43804975115954814,0.8639595298105814,0.4638600587700481,0.46438118275725887,0.013563340823568637,-1.3928523387877063,1.3795041741603404,0.020000000000000018,0.09593733604311634,composite trapezoid on reference grid
double-well,Langevin,3,2.2800000000000002,0.044680194829788474,1.0,0.9999999999999897,0.0,0.9242088502904695,0.4410679500989122,0.8553753435842657,0.46210149757664176,0.4628679195877141,0.014498597104471711,-1.3928523387877063,1.3795041741603404,0.020000000000000018,0.09593733604311634,composite trapezoid on reference grid
double-well,Langevin,3,2.34,0.044680194829788474,1.0000000000000002,0.9999999999999897,0.0,0.9192535545125108,0.4435611888247225,0.8554267884403538,0.45962572576546923,0.4602681652981115,0.017387918306912664,-1.3928523387877063,1.3795041741603404,0.020000000000000018,0.09593733604311634,composite trapezoid on reference grid
double-well,Langevin,3,2.4,0.044680194829788474,1.0,0.9999999999999897,0.0,0.9211909041827364,0.44486311530718203,0.8523286388774807,0.4604856581018846,0.46187557998339107,0.016866279834498732,-1.3928523387877063,1.3795041741603404,0.020000000000000018,0.09593733604311634,composite trapezoid on reference grid
double-well,Langevin,3,2.46,0.044680194829788474,1.0000000000000002,0.9999999999999896,0.0,0.911290623516633,0.4416085848035678,0.8458941639135771,0.45562892627431806,0.4554750433412055,0.0165072720649109,-1.3928523387877063,1.3795041741603404,0.020000000000000018,0.09593733604311634,composite trapezoid on reference grid
double-well,Langevin,3,2.52,0.044680194829788474,1.0,0.9999999999999898,0.0,0.9059182911201773,0.4369269550880362,0.8393840548593592,0.45258622285609046,0.453098769173596,0.014514279512819583,-1.3928523387877063,1.3795041741603404,0.020000000000000018,0.09593733604311634,composite trapezoid on reference grid
double-well,Langevin,3,2.58,0.044680194829788474,1.0,0.9999999999999897,0.0,0.9087767432127838,0.4352653751589323,0.838145954452691,0.4543846270259344,0.4549450370730686,0.015404152864725407,-1.3928523387877063,1.3795041741603404,0.020000000000000018,0.09593733604311634,composite trapezoid on reference grid
double-well,Langevin,3,2.64,0.044680194829788474,0.9999999999999998,0.9999999999999898,0.0,0.9038882474020271,0.42311611961931195,0.8246712585400942,0.45194306359629444,0.4521896782645051,0.01616287588429366,-1.3928523387877063,1.3795041741603404,0.020000000000000018,0.09593733604311634,composite trapezoid on reference grid
double-well,Langevin,3,2.7,0.044680194829788474,0.9999999999999998,0.9999999999999898,0.0,0.8966650080721308,0.42653898875281837,0.8056061030991359,0.4483324692653853,0.4498593531395586,0.014698735250588041,-1.3928523387877063,1.3795041741603404,0.020000000000000018,0.09593733604311634,composite trapezoid on reference grid
double-well,Langevin,3,2.7600000000000002,0.044680194829788474,1.0,0.9999999999999897,0.0,0.895724139212551,0.43454318681230253,0.8110514701962903,0.4478616082817186,0.4483224650422596,0.014470058378289075,-1.3928523387877063,1.3795041741603404,0.020000000000000018,0.09593733604311634,composite trapezoid on reference grid
double-well,Langevin,3,2.82,0.044680194829788474,0.9999999999999999,0.9999999999999898,0.0,0.8911524985601127,0.427672390864576,0.8037430416526674,0.44557498016040975,0.44593288008749665,0.013602835447516476,-1.3928523387877063,1.3795041741603404,0.020000000000000018,0.09593733604311634,composite trapezoid on reference grid
double-well,Langevin,3,2.88,0.044680194829788474,1.0,0.9999999999999897,0.0,0.8862435056792255,0.43088919904132417,0.794991398055831,0.44312155107454976,0.44395026223046774,0.015790210474474403,-1.3928523387877063,1.3795041741603404,0.020000000000000018,0.09593733604311634,composite trapezoid on reference grid
double-well,Langevin,3,2.94,0.044680194829788474,1.0000000000000002,0.9999999999999896,0.0,0.8798457744927572,0.4287311134876295,0.7935953635574007,0.43984721934767235,0.44008304900822204,0.01620270511844757,-1.3928523387877063,1.3795041741603404,0.020000000000000018,0.09593733604311634,composite trapezoid on reference grid
double-well,Langevin,3,3.0,0.044680194829788474,0.9999999999999999,0.9999999999999898,0.0,0.8820945449161347,0.42217303958187213,0.7854244142827758,0.441040522057762,0.44320231606847815,0.01399623672009856,-1.3928523387877063,1.3795041741603404,0.020000000000000018,0.09593733604311634,composite trapezoid on reference grid
double-well,Langevin,3,3.06,0.044680194829788474,1.0,0.9999999999999897,0.0,0.8769682571644909,0.40863133119114514,0.769929601676411,0.43847900358023184,0.4389266373027135,0.012874472798965586,-1.3928523387877063,1.3795041741603404,0.020000000000000018,0.09593733604311634,composite trapezoid on reference grid
double-well,Langevin,3,3.12,0.044680194829788474,1.0,0.9999999999999896,0.0,0.8708153088002202,0.406622728144063,0.762607338579978,0.4353921590384408,0.43607336269728647,0.015293586800551151,-1.3928523387877063,1.3795041741603404,0.020000000000000018,0.09593733604311634,composite trapezoid on reference grid
double-well,Langevin,3,3.18,0.044680194829788474,0.9999999999999999,0.9999999999999897,0.0,0.8654830771952053,0.3967877615424151,0.759115723555436,0.43269258791876797,0.4335604155488103,0.014501853801355824,-1.3928523387877063,1.3795041741603404,0.020000000000000018,0.09593733604311634,composite trapezoid on reference grid
double-well,Langevin,3,3.24,0.044680194829788474,1.0,0.9999999999999897,0.0,0.8624863650493831,0.3947056159395892,0.752265477724688,0.4312426981991677,0.4311509271636864,0.014901370672843833,-1.3928523387877063,1.3795041741603404,0.020000000000000018,0.09593733604311634,composite trapezoid on reference grid
double-well,Langevin,3,3.3000000000000003,0.044680194829788474,1.0,0.9999999999999897,0.0,0.8616337812336492,0.3959455670804988,0.7523031175274234,0.43081687457788065,0.4314466853718584,0.01653589527917032,-1.3928523387877063,1.3795041741603404,0.020000000000000018,0.09593733604311634,composite trapezoid on reference grid
double-well,Langevin,3,3.36,0.044680194829788474,0.9999999999999998,0.9999999999999899,0.0,0.8598571166635894,0.39640404343306235,0.7486136120784903,0.4299285422928512,0.43008304900822203,0.012882684618423401,-1.3928523387877063,1.3795041741603404,0.020000000000000018,0.09593733604311634,composite trapezoid on reference grid
double-well,Langevin,3,3.42,0.044680194829788474,1.0,0.9999999999999897,0.0,0.8592179524926626,0.3889153095994816,0.7419327837082477,0.4296070636907259,0.4296861014058959,0.01582226553735555,-1.3928523387877063,1.3795041741603404,0.020000000000000018,0.09593733604311634,composite trapezoid on reference grid
double-well,Langevin,3,3.48,0.044680194829788474,1.0000000000000002,0.9999999999999897,0.0,0.8522551649716638,0.39428183848574183,0.7446618645571155,0.4261147337010862,0.42652790815183195,0.0161503943222914,-1.3928523387877063,1.3795041741603404,0.020000000000000018,0.09593733604311634,composite trapezoid on reference grid
double-well,Langevin,3,3.54,0.044680194829788474,0.9999999999999999,0.9999999999999898,0.0,0.8545997898731998,0.3876873860642918,0.7447219748829925,0.4272817161247159,0.42732769019965866,0.013755322448480767,-1.3928523387877063,1.3795041741603404,0.020000000000000018,0.09593733604311634,composite trapezoid on reference grid
double-well,Langevin,3,3.6,0.044680194829788474,1.0,0.9999999999999897,0.0,0.8572617647593419,0.38544691928530794,0.7396247236631992,0.42861290332644336,0.42892663730271346,0.01536067898604937,-1.3928523387877063,1.3795041741603404,0.020000000000000018,0.09593733604311634,composite trapezoid on reference grid
double-well,Langevin,3,3.66,0.044680194829788474,1.0,0.9999999999999896,0.0,0.8500236412524894,0.37912912796324966,0.7274411707193662,0.42497593627220953,0.4251406468604414,0.01424695977624399,-1.3928523387877063,1.3795041741603404,0.020000000000000018,0.09593733604311634,composite trapezoid on reference grid
double-well,Langevin,3,3.72,0.044680194829788474,0.9999999999999999,0.9999999999999898,0.0,0.8517489767080624,0.3848833271690612,0.7319714980654071,0.4256842488363923,0.4263086734367049,0.013358874167620632,-1.3928523387877063,1.3795041741603404,0.020000000000000018,0.09593733604311634,composite trapezoid on reference grid
double-well,Langevin,3,3.7800000000000002,0.044680194829788474,1.0,0.9999999999999897,0.0,0.8469497882059362,0.382701157884871,0.7276807376686807,0.4234748602637643,0.42409090909090896,0.014100798519759483,-1.3928523387877063,1.3795041741603404,0.020000000000000018,0.09593733604311634,composite trapezoid on reference grid
double-well,Langevin,3,3.84,0.044680194829788474,1.0,0.9999999999999897,0.0,0.8414004691371554,0.3824844500290387,0.7318344215997754,0.42069789241958877,0.42059519231498677,0.013454412642681407,-1.3928523387877063,1.3795041741603404,0.020000000000000018,0.09593733604311634,composite trapezoid on reference grid
double-well,Langevin,3,3.9,0.044680194829788474,0.9999999999999999,0.9999999999999898,0.0,0.8433033188526138,0.38865798168777554,0.7338932400431087,0.42165059932158777,0.42181818181818176,0.014999134176832463,-1.3928523387877063,1.3795041741603404,0.020000000000000018,0.09593733604311634,composite trapezoid on reference grid
double-well,Langevin,3,3.96,0.044680194829788474,1.0,0.9999999999999897,0.0,0.8441723334124491,0.3903957032491467,0.7313798290973186,0.4220565483778226,0.42198245360637743,0.015217863366478734,-1.3928523387877063,1.3795041741603404,0.020000000000000018,0.09593733604311634,composite trapezoid on reference grid
double-well,Langevin,3,4.0200000000000005,0.044680194829788474,1.0000000000000002,0.9999999999999896,0.0,0.8373942983045903,0.39014790938508237,0.720309662895291,0.41865875049681334,0.41962140263300785,0.013378719364152358,-1.3928523387877063,1.3795041741603404,0.020000000000000018,0.09593733604311634,composite trapezoid on reference grid
double-well,Langevin,3,4.08,0.044680194829788474,1.0000000000000002,0.9999999999999896,0.0,0.8400613104031533,0.39849219476826614,0.7229256192698961,0.4199184347790406,0.4204307562761396,0.016203934144213367,-1.3928523387877063,1.3795041741603404,0.020000000000000018,0.09593733604311634,composite trapezoid on reference grid
double-well,Langevin,3,4.14,0.044680194829788474,1.0,0.9999999999999897,0.0,0.8365313533884504,0.3952221841800817,0.7145804907262715,0.4180392355262244,0.4186125744579578,0.014574966359294617,-1.3928523387877063,1.3795041741603404,0.020000000000000018,0.09593733604311634,composite trapezoid on reference grid
double-well,Langevin,3,4.2,0.044680194829788474,1.0,0.9999999999999897,0.0,0.8332981793692128,0.38181673095697066,0.7165859869630737,0.4163874447799081,0.4168419709965876,0.013702042581741625,-1.3928523387877063,1.3795041741603404,0.020000000000000018,0.09593733604311634,composite trapezoid on reference grid
double-well,Langevin,3,4.26,0.044680194829788474,1.0,0.9999999999999897,0.0,0.8314218988008684,0.3676812379412402,0.7068742380794759,0.4147603922115878,0.4153670577420753,0.013806047917694741,-1.3928523387877063,1.3795041741603404,0.020000000000000018,0.09593733604311634,composite trapezoid on reference grid
double-well,Langevin,3,4.32,0.044680194829788474,1.0000000000000002,0.9999999999999897,0.0,0.8310480075687474,0.36393751702098365,0.6951500032017255,0.415520987215719,0.4159921399173129,0.015114851014883579,-1.3928523387877063,1.3795041741603404,0.020000000000000018,0.09593733604311634,composite trapezoid on reference grid
double-well,Langevin,3,4.38,0.044680194829788474,1.0,0.9999999999999897,0.0,0.8282037179292132,0.3558715956705113,0.6867092784999187,0.4141008074738197,0.4151406468604414,0.01678157108559153,-1.3928523387877063,1.3795041741603404,0.020000000000000018,0.09593733604311634,composite trapezoid on reference grid
double-well,Langevin,3,4.44,0.044680194829788474,0.9999999999999998,0.9999999999999898,0.0,0.8239339081796269,0.3598068340477674,0.6868309550470103,0.41196499118890206,0.4123557762809493,0.013099076455861891,-1.3928523387877063,1.3795041741603404,0.020000000000000018,0.09593733604311634,composite trapezoid on reference grid
double-well,Langevin,3,4.5,0.044680194829788474,1.0,0.9999999999999897,0.0,0.8181127792384678,0.3615468025910237,0.6865692509447688,0.4088566469607347,0.4102985369611422,0.013906547833161975,-1.3928523387877063,1.3795041741603404,0.020000000000000018,0.09593733604311634,composite trapezoid on reference grid
double-well,Langevin,3,4.5600000000000005,0.044680194829788474,0.9999999999999999,0.9999999999999898,0.0,0.8159458000358519,0.3632212732089618,0.6807880900000604,0.4079321381568658,0.40847209184816796,0.015830529377574926,-1.3928523387877063,1.3795041741603404,0.020000000000000018,0.09593733604311634,composite trapezoid on reference grid
double-well,Langevin,3,4.62,0.044680194829788474,1.0,0.9999999999999897,0.0,0.8123058941639605,0.35999463429606193,0.6705089528406993,0.40454391552740854,0.40502378917840576,0.013195276565701353,-1.3928523387877063,1.3795041741603404,0.020000000000000018,0.09593733604311634,composite trapezoid on reference grid
double-well,Langevin,3,4.68,0.044680194829788474,1.0,0.9999999999999896,0.0,0.8062526048051317,0.3612574785910749,0.6717643615117374,0.4025972912578235,0.4037073950625891,0.015629541456123136,-1.3928523387877063,1.3795041741603404,0.020000000000000018,0.09593733604311634,composite trapezoid on reference grid
double-well,Langevin,3,4.74,0.044680194829788474,0.9999999999999999,0.9999999999999897,0.0,0.8074374716269297,0.351576594202409,0.6616788010412555,0.4037186104495094,0.4049999999999999,0.014132757027448983,-1.3928523387877063,1.3795041741603404,0.020000000000000018,0.09593733604311634,composite trapezoid on reference grid
double-well,Langevin,3,4.8,0.044680194829788474,1.0000000000000002,0.9999999999999896,0.0,0.8011414645717013,0.3459844899607408,0.6588088967627628,0.40053082192434963,0.4005375944627675,0.013738115401125184,-1.3928523387877063,1.3795041741603404,0.020000000000000018,0.09593733604311634,composite trapezoid on reference grid
double-well,Kinetic-Langevin,3,0.0,0.044680194829788474,1.0,0.9999999999999897,0.0,1.4464757684176313,2.342757335663083,3.6445213370397447,0.6701267594578839,0.6818503043142743,0.05736512446761555,-1.3928523387877063,1.3795041741603404,0.020000000000000018,0.09593733604311634,composite trapezoid on reference grid
double-well,Kinetic-Langevin,3,0.06,0.044680194829788474,1.0,0.9999999999999897,0.0,1.2056353020902624,1.052045826173252,1.7925445458736589,0.5990593053631346,0.6039167139385695,0.025668065451182526,-1.3928523387877063,1.3795041741603404,0.020000000000000018,0.09593733604311634,composite trapezoid on reference grid
double-well,Kinetic-Langevin,3,0.12,0.044680194829788474,0.9999999999999999,0.9999999999999898,0.0,1.0868143129598116,0.6328923012562552,1.2170602855799886,0.5434071217092251,0.5441714068030015,0.01595403476725729,-1.3928523387877063,1.3795041741603404,0.020000000000000018,0.09593733604311634,composite trapezoid on reference grid
double-well,Kinetic-Langevin,3,0.18,0.044680194829788474,0.9999999999999999,0.9999999999999898,0.0,1.037206147654905,0.6090137398812445,1.155561085138268,0.5177121018428207,0.5183222795713276,0.019706049280837884,-1.3928523387877063,1.3795041741603404,0.020000000000000018,0.09593733604311634,composite trapezoid on reference grid
double-well,Kinetic-Langevin,3,0.24,0.044680194829788474,0.9999999999999999,0.9999999999999898,0.0,1.0361719058884604,0.7225805662012665,1.2438920386842587,0.5044314163006162,0.5057419038461783,0.02393401658996286,-1.3928523387877063,1.3795041741603404,0.020000000000000018,0.09593733604311634,composite trapezoid on reference grid
double-well,Kinetic-Langevin,3,0.3,0.044680194829788474,0.9999999999999999,0.9999999999999898,0.0,1.0415994621216171,0.73109749397891,1.2800558420396477,0.49740131496234075,0.49774347109972994,0.023085001657350834,-1.3928523387877063,1.3795041741603404,0.020000000000000018,0.09593733604311634,composite trapezoid on reference grid
double-well,Kinetic-Langevin,3,0.36,0.044680194829788474,1.0,0.9999999999999897,0.0,1.0279892049540726,0.6510740985722074,1.1854930694884998,0.4934334683092317,0.4935488759238934,0.020321284518742377,-1.3928523387877063,1.3795041741603404,0.020000000000000018,0.09593733604311634,composite trapezoid on reference grid
double-well,Kinetic-Langevin,3,0.42,0.044680194829788474,1.0,0.9999999999999897,0.0,0.986915922339648,0.5776199667069823,1.0603679239742632,0.48323294880019807,0.4840548100803574,0.02041480804220472,-1.3928523387877063,1.3795041741603404,0.020000000000000018,0.09593733604311634,composite trapezoid on reference grid
double-well,Kinetic-Langevin,3,0.48,0.044680194829788474,1.0,0.9999999999999897,0.0,0.9567410128146492,0.5335440251596341,0.9727883901919798,0.4744534220166513,0.4756031826806848,0.014950407418461362,-1.3928523387877063,1.3795041741603404,0.020000000000000018,0.09593733604311634,composite trapezoid on reference grid
double-well,Kinetic-Langevin,3,0.54,0.044680194829788474,1.0,0.9999999999999896,0.0,0.939561613578511,0.529173918659017,0.9481015139938045,0.46855256274863644,0.4690671199125032,0.019420129304897588,-1.3928523387877063,1.3795041741603404,0.020000000000000018,0.09593733604311634,composite trapezoid on reference grid
double-well,Kinetic-Langevin,3,0.6,0.044680194829788474,1.0,0.9999999999999897,0.0,0.9332580651290039,0.5371586888984023,0.9534203056255125,0.466391028729597,0.46683438019063894,0.018645788498442062,-1.3928523387877063,1.3795041741603404,0.020000000000000018,0.09593733604311634,composite trapezoid on reference grid
double-well,Kinetic-Langevin,3,0.66,0.044680194829788474,1.0000000000000002,0.9999999999999897,0.0,0.9336355487040562,0.5345028985421274,0.9603294973721088,0.4658817923130941,0.46654137131436935,0.01562928283723536,-1.3928523387877063,1.3795041741603404,0.020000000000000018,0.09593733604311634,composite trapezoid on reference grid
double-well,Kinetic-Langevin,3,0.72,0.044680194829788474,1.0,0.9999999999999897,0.0,0.9303946323307979,0.5246488394996613,0.9543417832177816,0.4650312077237954,0.4665647012701372,0.017154004685877133,-1.3928523387877063,1.3795041741603404,0.020000000000000018,0.09593733604311634,composite trapezoid on reference grid
double-well,Kinetic-Langevin,3,0.78,0.044680194829788474,0.9999999999999998,0.9999999999999898,0.0,0.9189710806844698,0.5038946639044156,0.9196078351352088,0.4585845820746216,0.45975147282409673,0.01681463966574176,-1.3928523387877063,1.3795041741603404,0.020000000000000018,0.09593733604311634,composite trapezoid on reference grid
double-well,Kinetic-Langevin,3,0.84,0.044680194829788474,1.0,0.9999999999999897,0.0,0.910908905759326,0.48736636054397,0.8864198177591143,0.4552097546847601,0.45543194628904804,0.014565665609783729,-1.3928523387877063,1.3795041741603404,0.020000000000000018,0.09593733604311634,composite trapezoid on reference grid
double-well,Kinetic-Langevin,3,0.9,0.044680194829788474,1.0,0.9999999999999897,0.0,0.902025925111758,0.4652991252352845,0.8562905266111018,0.4504701425053081,0.4511964493007237,0.017770266611854296,-1.3928523387877063,1.3795041741603404,0.020000000000000018,0.09593733604311634,composite trapezoid on reference grid
double-well,Kinetic-Langevin,3,0.96,0.044680194829788474,1.0000000000000002,0.9999999999999896,0.0,0.8904881491530041,0.4531216061955504,0.840041570069944,0.44445654829391956,0.44517081615002113,0.019659084883764832,-1.3928523387877063,1.3795041741603404,0.020000000000000018,0.09593733604311634,composite trapezoid on reference grid
double-well,Kinetic-Langevin,3,1.02,0.044680194829788474,1.0,0.9999999999999897,0.0,0.8814029611001654,0.43442648996752353,0.8127262236356323,0.43693959073827054,0.43765624130104713,0.014491567879619444,-1.3928523387877063,1.3795041741603404,0.020000000000000018,0.09593733604311634,composite trapezoid on reference grid
double-well,Kinetic-Langevin,3,1.08,0.044680194829788474,1.0,0.9999999999999897,0.0,0.8679668609251712,0.417588695301003,0.7893681978801056,0.43143388608244204,0.43176854305660894,0.016479982912798452,-1.3928523387877063,1.3795041741603404,0.020000000000000018,0.09593733604311634,composite trapezoid on reference grid
double-well,Kinetic-Langevin,3,1.1400000000000001,0.044680194829788474,1.0,0.9999999999999897,0.0,0.8523169876756362,0.40557900769400435,0.7631623142906143,0.4257362195769474,0.4265122735897757,0.01395267118285215,-1.3928523387877063,1.3795041741603404,0.020000000000000018,0.09593733604311634,composite trapezoid on reference grid
double-well,Kinetic-Langevin,3,1.2,0.044680194829788474,1.0,0.9999999999999897,0.0,0.8410832838184865,0.40330085217614076,0.7467267099476507,0.42051288346964716,0.4209850389966442,0.014441071585158005,-1.3928523387877063,1.3795041741603404,0.020000000000000018,0.09593733604311634,composite trapezoid on reference grid
double-well,Kinetic-Langevin,3,1.26,0.044680194829788474,0.9999999999999999,0.9999999999999898,0.0,0.8311202489793277,0.40421624919368376,0.7308276367427505,0.4147911976483913,0.4154307562761396,0.01894003824213636,-1.3928523387877063,1.3795041741603404,0.020000000000000018,0.09593733604311634,composite trapezoid on reference grid
double-well,Kinetic-Langevin,3,1.32,0.044680194829788474,1.0,0.9999999999999898,0.0,0.8229954956575546,0.38892906627646656,0.7127554232785476,0.4105324804062733,0.41104973776953224,0.017139237138134047,-1.3928523387877063,1.3795041741603404,0.020000000000000018,0.09593733604311634,composite trapezoid on reference grid
double-well,Kinetic-Langevin,3,1.3800000000000001,0.044680194829788474,1.0000000000000002,0.9999999999999896,0.0,0.8087415599124433,0.3742511800515428,0.6899590667436021,0.40339603476720687,0.4036125744579578,0.0148224639302387,-1.3928523387877063,1.3795041741603404,0.020000000000000018,0.09593733604311634,composite trapezoid on reference grid
double-well,Kinetic-Langevin,3,1.44,0.044680194829788474,1.0,0.9999999999999898,0.0,0.792416731505159,0.37348265084468363,0.6784737042211089,0.39535033482626436,0.39626984760164413,0.016356757386600446,-1.3928523387877063,1.3795041741603404,0.020000000000000018,0.09593733604311634,composite trapezoid on reference grid
double-well,Kinetic-Langevin,3,1.5,0.044680194829788474,1.0,0.9999999999999896,0.0,0.7854734842820542,0.37227815161983835,0.6681929783718473,0.39260125325197825,0.39380717978638485,0.017003729224792652,-1.3928523387877063,1.3795041741603404,0.020000000000000018,0.09593733604311634,composite trapezoid on reference grid
double-well,Kinetic-Langevin,3,1.56,0.044680194829788474,1.0,0.9999999999999897,0.0,0.7787844067434095,0.34686700863088393,0.6384664763632241,0.3887195617816178,0.38906711991250326,0.014062913626255072,-1.3928523387877063,1.3795041741603404,0.020000000000000018,0.09593733604311634,composite trapezoid on reference grid
double-well,Kinetic-Langevin,3,1.62,0.044680194829788474,0.9999999999999999,0.9999999999999898,0.0,0.7620032380495091,0.3359231743404457,0.6131997430634923,0.38034996356037354,0.38014064686044136,0.013516974685225003,-1.3928523387877063,1.3795041741603404,0.020000000000000018,0.09593733604311634,composite trapezoid on reference grid
double-well,Kinetic-Langevin,3,1.68,0.044680194829788474,1.0,0.9999999999999897,0.0,0.7468080511880433,0.33093877442068315,0.5975789040491846,0.3719987960318043,0.3724854364726773,0.014427410854482375,-1.3928523387877063,1.3795041741603404,0.020000000000000018,0.09593733604311634,composite trapezoid on reference grid
double-well,Kinetic-Langevin,3,1.74,0.044680194829788474,1.0,0.9999999999999897,0.0,0.732737131739728,0.3196330779382694,0.5783356799068452,0.36578557076330553,0.3660497377695323,0.015625485073622825,-1.3928523387877063,1.3795041741603404,0.020000000000000018,0.09593733604311634,composite trapezoid on reference grid
double-well,Kinetic-Langevin,3,1.8,0.044680194829788474,1.0000000000000002,0.9999999999999896,0.0,0.720237080217644,0.30090109014709665,0.5563738209332041,0.35945704414403645,0.36053759446276745,0.012958607567390507,-1.3928523387877063,1.3795041741603404,0.020000000000000018,0.09593733604311634,composite trapezoid on reference grid
double-well,Kinetic-Langevin,3,1.86,0.044680194829788474,0.9999999999999999,0.9999999999999897,0.0,0.7114132056239117,0.2965083177765395,0.5395073570370857,0.3544843854140781,0.355525576880771,0.012853742505688465,-1.3928523387877063,1.3795041741603404,0.020000000000000018,0.09593733604311634,composite trapezoid on reference grid
double-well,Kinetic-Langevin,3,1.92,0.044680194829788474,1.0,0.9999999999999897,0.0,0.7010940507301249,0.2861448632973137,0.5210466092638122,0.3494423311421583,0.34968610140589595,0.014400781472312774,-1.3928523387877063,1.3795041741603404,0.020000000000000018,0.09593733604311634,composite trapezoid on reference grid
double-well,Kinetic-Langevin,3,1.98,0.044680194829788474,0.9999999999999999,0.9999999999999897,0.0,0.6890186615435347,0.26886285696278933,0.4945294883264413,0.34440794716106515,0.34566725465449544,0.013270805645570455,-1.3928523387877063,1.3795041741603404,0.020000000000000018,0.09593733604311634,composite trapezoid on reference grid
double-well,Kinetic-Langevin,3,2.04,0.044680194829788474,0.9999999999999999,0.9999999999999897,0.0,0.6773922637253389,0.2559937047690204,0.47797292477620607,0.3381495801248109,0.3391668571784624,0.0142094251989352,-1.3928523387877063,1.3795041741603404,0.020000000000000018,0.09593733604311634,composite trapezoid on reference grid
double-well,Kinetic-Langevin,3,2.1,0.044680194829788474,1.0,0.9999999999999896,0.0,0.6680478982843537,0.25986219420106266,0.47281225535785554,0.3326960008750983,0.33425518087910466,0.014636147979857461,-1.3928523387877063,1.3795041741603404,0.020000000000000018,0.09593733604311634,composite trapezoid on reference grid
double-well,Kinetic-Langevin,3,2.16,0.044680194829788474,1.0,0.9999999999999898,0.0,0.658699088487176,0.2615777667952395,0.4693673386490993,0.3271244920157418,0.3274133741331686,0.016217463486673522,-1.3928523387877063,1.3795041741603404,0.020000000000000018,0.09593733604311634,composite trapezoid on reference grid
double-well,Kinetic-Langevin,3,2.22,0.044680194829788474,1.0,0.9999999999999896,0.0,0.6526584748804214,0.2492934889395193,0.45582520284569605,0.32311453354774394,0.32452285537995706,0.01252931017810699,-1.3928523387877063,1.3795041741603404,0.020000000000000018,0.09593733604311634,composite trapezoid on reference grid
double-well,Kinetic-Langevin,3,2.2800000000000002,0.044680194829788474,1.0000000000000002,0.9999999999999897,0.0,0.6446128201857982,0.23832661296146204,0.43891666559083187,0.32086209645621544,0.32196681904432123,0.012270975181020993,-1.3928523387877063,1.3795041741603404,0.020000000000000018,0.09593733604311634,composite trapezoid on reference grid
double-well,Kinetic-Langevin,3,2.34,0.044680194829788474,1.0,0.9999999999999897,0.0,0.6349243019093855,0.22631499095205124,0.42126392321489275,0.31559757128908333,0.31630867343670493,0.014810622091573189,-1.3928523387877063,1.3795041741603404,0.020000000000000018,0.09593733604311634,composite trapezoid on reference grid
double-well,Kinetic-Langevin,3,2.4,0.044680194829788474,1.0,0.9999999999999897,0.0,0.6249703518223862,0.2235919336902304,0.414026940907136,0.3115970429471747,0.3119668190443212,0.013128746555650772,-1.3928523387877063,1.3795041741603404,0.020000000000000018,0.09593733604311634,composite trapezoid on reference grid
double-well,Kinetic-Langevin,3,2.46,0.044680194829788474,1.0,0.9999999999999897,0.0,0.6153443263559047,0.22489843390424585,0.4101061307983396,0.3057088342605441,0.3058853017306851,0.012678030488408376,-1.3928523387877063,1.3795041741603404,0.020000000000000018,0.09593733604311634,composite trapezoid on reference grid
double-well,Kinetic-Langevin,3,2.52,0.044680194829788474,1.0,0.9999999999999897,0.0,0.6099617234474166,0.22173630768314834,0.4000532080291549,0.3026207144816521,0.30365256200882085,0.014112090762013474,-1.3928523387877063,1.3795041741603404,0.020000000000000018,0.09593733604311634,composite trapezoid on reference grid
double-well,Kinetic-Langevin,3,2.58,0.044680194829788474,1.0000000000000002,0.9999999999999896,0.0,0.6053663911990532,0.21105129729497935,0.39139056281113516,0.30202606958628503,0.3026573179573063,0.011849588447411075,-1.3928523387877063,1.3795041741603404,0.020000000000000018,0.09593733604311634,composite trapezoid on reference grid
double-well,Kinetic-Langevin,3,2.64,0.044680194829788474,1.0,0.9999999999999897,0.0,0.5941534811381786,0.20528583854721966,0.3737632617648533,0.2964660433636641,0.29710845548453163,0.012921050279655594,-1.3928523387877063,1.3795041741603404,0.020000000000000018,0.09593733604311634,composite trapezoid on reference grid
double-well,Kinetic-Langevin,3,2.7,0.044680194829788474,0.9999999999999999,0.9999999999999898,0.0,0.5884355844480149,0.1989953784643681,0.3659715121091047,0.29276269859326576,0.2935604155488104,0.01299698122663917,-1.3928523387877063,1.3795041741603404,0.020000000000000018,0.09593733604311634,composite trapezoid on reference grid
double-well,Kinetic-Langevin,3,2.7600000000000002,0.044680194829788474,0.9999999999999998,0.9999999999999898,0.0,0.5808083966803437,0.1877423211170639,0.35083655995521995,0.2903439724703776,0.2906672546544955,0.012611204462335768,-1.3928523387877063,1.3795041741603404,0.020000000000000018,0.09593733604311634,composite trapezoid on reference grid
double-well,Kinetic-Langevin,3,2.82,0.044680194829788474,0.9999999999999998,0.9999999999999898,0.0,0.5737103130517552,0.1783310646922594,0.3400688543842914,0.2860607307779294,0.2867632188912504,0.01275972900116451,-1.3928523387877063,1.3795041741603404,0.020000000000000018,0.09593733604311634,composite trapezoid on reference grid
double-well,Kinetic-Langevin,3,2.88,0.044680194829788474,1.0,0.9999999999999897,0.0,0.5705909477505735,0.18702701018839177,0.3466358560325262,0.28217411795471126,0.28232769019965864,0.012405456633154205,-1.3928523387877063,1.3795041741603404,0.020000000000000018,0.09593733604311634,composite trapezoid on reference grid
double-well,Kinetic-Langevin,3,2.94,0.044680194829788474,1.0,0.9999999999999897,0.0,0.5596375170418754,0.19300010329318928,0.34618009764439645,0.27852314830575403,0.2783945273817682,0.01678972338218629,-1.3928523387877063,1.3795041741603404,0.020000000000000018,0.09593733604311634,composite trapezoid on reference grid
double-well,Kinetic-Langevin,3,3.0,0.044680194829788474,0.9999999999999999,0.9999999999999899,0.0,0.555449049785221,0.18418702100761875,0.33652961294477723,0.2757615867961205,0.27724893809432144,0.013907886047798024,-1.3928523387877063,1.3795041741603404,0.020000000000000018,0.09593733604311634,composite trapezoid on reference grid
double-well,Kinetic-Langevin,3,3.06,0.044680194829788474,1.0,0.9999999999999896,0.0,0.5525845696310412,0.17113289835826834,0.3176086256732006,0.273733433908154,0.2748357282118043,0.011771056882441788,-1.3928523387877063,1.3795041741603404,0.020000000000000018,0.09593733604311634,composite trapezoid on reference grid
double-well,Kinetic-Langevin,3,3.12,0.044680194829788474,1.0000000000000002,0.9999999999999896,0.0,0.542777308698057,0.1616571416317371,0.30587427048487686,0.2704302867884125,0.27099213991731286,0.014744161191362848,-1.3928523387877063,1.3795041741603404,0.020000000000000018,0.09593733604311634,composite trapezoid on reference grid
double-well,Kinetic-Langevin,3,3.18,0.044680194829788474,1.0,0.9999999999999898,0.0,0.5340732972550424,0.16596127558181878,0.31007662712008,0.26417693613430226,0.2653785973669922,0.012348802359626931,-1.3928523387877063,1.3795041741603404,0.020000000000000018,0.09593733604311634,composite trapezoid on reference grid
double-well,Kinetic-Langevin,3,3.24,0.044680194829788474,1.0,0.9999999999999897,0.0,0.521283459977626,0.16534583606746833,0.2990022444198389,0.25848451846470927,0.2589266373027134,0.012299823129420268,-1.3928523387877063,1.3795041741603404,0.020000000000000018,0.09593733604311634,composite trapezoid on reference grid
double-well,Kinetic-Langevin,3,3.3000000000000003,0.044680194829788474,0.9999999999999999,0.9999999999999897,0.0,0.5211304123368738,0.16181298194547883,0.289938555991199,0.25623086480734913,0.257116718779324,0.012633017317812967,-1.3928523387877063,1.3795041741603404,0.020000000000000018,0.09593733604311634,composite trapezoid on reference grid
double-well,Kinetic-Langevin,3,3.36,0.044680194829788474,1.0,0.9999999999999897,0.0,0.5066998750241148,0.15766926238805365,0.28377563992800925,0.2529043885293635,0.2536002646258119,0.012287431785155123,-1.3928523387877063,1.3795041741603404,0.020000000000000018,0.09593733604311634,composite trapezoid on reference grid
double-well,Kinetic-Langevin,3,3.42,0.044680194829788474,1.0,0.9999999999999897,0.0,0.5040411985262746,0.15365719398756694,0.2741540080318531,0.25132927805583966,0.2526562413010472,0.012615060799146705,-1.3928523387877063,1.3795041741603404,0.020000000000000018,0.09593733604311634,composite trapezoid on reference grid
double-well,Kinetic-Langevin,3,3.48,0.044680194829788474,1.0,0.9999999999999898,0.0,0.5006843269537761,0.14778721465949296,0.2687884914656991,0.2492943707423828,0.2504750433412054,0.011931271050334535,-1.3928523387877063,1.3795041741603404,0.020000000000000018,0.09593733604311634,composite trapezoid on reference grid
double-well,Kinetic-Langevin,3,3.54,0.044680194829788474,1.0,0.9999999999999896,0.0,0.49382625828607324,0.1448903730282735,0.26271684362438086,0.24655894685599633,0.2465042832240777,0.012202118957536784,-1.3928523387877063,1.3795041741603404,0.020000000000000018,0.09593733604311634,composite trapezoid on reference grid
double-well,Kinetic-Langevin,3,3.6,0.044680194829788474,0.9999999999999999,0.9999999999999898,0.0,0.4917305647550323,0.14109847486602162,0.2609067621334439,0.2442028403692834,0.24409090909090903,0.012925495480020088,-1.3928523387877063,1.3795041741603404,0.020000000000000018,0.09593733604311634,composite trapezoid on reference grid
double-well,Kinetic-Langevin,3,3.66,0.044680194829788474,1.0,0.9999999999999898,0.0,0.48470437348728745,0.13516119597435694,0.24927325170191034,0.24150005522912843,0.24100287967108303,0.012445601826411828,-1.3928523387877063,1.3795041741603404,0.020000000000000018,0.09593733604311634,composite trapezoid on reference grid
double-well,Kinetic-Langevin,3,3.72,0.044680194829788474,1.0000000000000002,0.9999999999999896,0.0,0.4807481596576943,0.13260854809557254,0.244702978532192,0.239633805332223,0.23960041747238592,0.012281047502069237,-1.3928523387877063,1.3795041741603404,0.020000000000000018,0.09593733604311634,composite trapezoid on reference grid
double-well,Kinetic-Langevin,3,3.7800000000000002,0.044680194829788474,1.0,0.9999999999999898,0.0,0.47238405565823627,0.13145077703216465,0.23626174434717043,0.23447687948737106,0.23550950838147677,0.012175046899749159,-1.3928523387877063,1.3795041741603404,0.020000000000000018,0.09593733604311634,composite trapezoid on reference grid
double-well,Kinetic-Langevin,3,3.84,0.044680194829788474,1.0,0.9999999999999897,0.0,0.46446644933220355,0.12774366475354773,0.2313330190797706,0.2310750660086473,0.2316539100299862,0.011139343081112002,-1.3928523387877063,1.3795041741603404,0.020000000000000018,0.09593733604311634,composite trapezoid on reference grid
double-well,Kinetic-Langevin,3,3.9,0.044680194829788474,1.0,0.9999999999999898,0.0,0.45808720740526343,0.1276011415148042,0.22489107629892413,0.22889184434914944,0.22956595243211453,0.012198751297997412,-1.3928523387877063,1.3795041741603404,0.020000000000000018,0.09593733604311634,composite trapezoid on reference grid
double-well,Kinetic-Langevin,3,3.96,0.044680194829788474,1.0,0.9999999999999896,0.0,0.45039278953586853,0.12508182031005322,0.22125211499098218,0.2242591771659711,0.22546247395046615,0.013387259416290431,-1.3928523387877063,1.3795041741603404,0.020000000000000018,0.09593733604311634,composite trapezoid on reference grid
double-well,Kinetic-Langevin,3,4.0200000000000005,0.044680194829788474,0.9999999999999999,0.9999999999999898,0.0,0.4487825190525567,0.12195853326025427,0.21962697428201797,0.22158452032222942,0.22269117371672104,0.011083063509257474,-1.3928523387877063,1.3795041741603404,0.020000000000000018,0.09593733604311634,composite trapezoid on reference grid
double-well,Kinetic-Langevin,3,4.08,0.044680194829788474,1.0,0.9999999999999897,0.0,0.44502987395401417,0.11654199695413525,0.21168006194022676,0.2208010300830514,0.2210733626972865,0.015042235663351222,-1.3928523387877063,1.3795041741603404,0.020000000000000018,0.09593733604311634,composite trapezoid on reference grid
double-well,Kinetic-Langevin,3,4.14,0.044680194829788474,0.9999999999999998,0.9999999999999898,0.0,0.4399081874718393,0.11347560473343557,0.2069963577988409,0.21898614776027187,0.21991695099177783,0.01251462147675475,-1.3928523387877063,1.3795041741603404,0.020000000000000018,0.09593733604311634,composite trapezoid on reference grid
double-well,Kinetic-Langevin,3,4.2,0.044680194829788474,0.9999999999999998,0.9999999999999898,0.0,0.4317861070916443,0.11054823322894619,0.2044827844086188,0.21465463705408733,0.2153714964463233,0.012168833097831427,-1.3928523387877063,1.3795041741603404,0.020000000000000018,0.09593733604311634,composite trapezoid on reference grid
double-well,Kinetic-Langevin,3,4.26,0.044680194829788474,0.9999999999999999,0.9999999999999898,0.0,0.43234193116197395,0.1102227022492357,0.20054550222449047,0.2128244570675144,0.2135789654711544,0.010683112305331088,-1.3928523387877063,1.3795041741603404,0.020000000000000018,0.09593733604311634,composite trapezoid on reference grid
double-well,Kinetic-Langevin,3,4.32,0.044680194829788474,1.0,0.9999999999999898,0.0,0.4214433069304599,0.10301086618859961,0.1897049721094073,0.20869875269631477,0.20870631840632992,0.011643466343090297,-1.3928523387877063,1.3795041741603404,0.020000000000000018,0.09593733604311634,composite trapezoid on reference grid
double-well,Kinetic-Langevin,3,4.38,0.044680194829788474,1.0,0.9999999999999896,0.0,0.4080969039377397,0.09309911854852106,0.17399775436196346,0.20331359375822833,0.20348886997173388,0.011430158609613827,-1.3928523387877063,1.3795041741603404,0.020000000000000018,0.09593733604311634,composite trapezoid on reference grid
double-well,Kinetic-Langevin,3,4.44,0.044680194829788474,1.0,0.9999999999999898,0.0,0.40768040359146807,0.08847644971300027,0.17581324890406064,0.2020863973990753,0.20281032173549474,0.009841692772527333,-1.3928523387877063,1.3795041741603404,0.020000000000000018,0.09593733604311634,composite trapezoid on reference grid
double-well,Kinetic-Langevin,3,4.5,0.044680194829788474,1.0,0.9999999999999897,0.0,0.4037782410922176,0.08845889062831624,0.16981441612843798,0.20032995521473684,0.20053759446276742,0.010169163371422318,-1.3928523387877063,1.3795041741603404,0.020000000000000018,0.09593733604311634,composite trapezoid on reference grid
double-well,Kinetic-Langevin,3,4.5600000000000005,0.044680194829788474,1.0,0.9999999999999897,0.0,0.400560385394806,0.08897698923353536,0.1676818567531138,0.19684150544404333,0.19718967826450512,0.011640549266726655,-1.3928523387877063,1.3795041741603404,0.020000000000000018,0.09593733604311634,composite trapezoid on reference grid
double-well,Kinetic-Langevin,3,4.62,0.044680194829788474,0.9999999999999998,0.9999999999999898,0.0,0.392243021255407,0.09089894446238589,0.16851677159944928,0.1939472130509834,0.19516427178819562,0.010746499274305543,-1.3928523387877063,1.3795041741603404,0.020000000000000018,0.09593733604311634,composite trapezoid on reference grid
double-well,Kinetic-Langevin,3,4.68,0.044680194829788474,1.0,0.9999999999999898,0.0,0.37805943282641785,0.08638112328975141,0.15887967450008444,0.18809522396866019,0.18903594616397762,0.0104451434468667,-1.3928523387877063,1.3795041741603404,0.020000000000000018,0.09593733604311634,composite trapezoid on reference grid
double-well,Kinetic-Langevin,3,4.74,0.044680194829788474,0.9999999999999998,0.9999999999999898,0.0,0.3721639812141728,0.08178819894334506,0.1489969241087695,0.18487422666881248,0.1848291838499786,0.011989743084115281,-1.3928523387877063,1.3795041741603404,0.020000000000000018,0.09593733604311634,composite trapezoid on reference grid
double-well,Kinetic-Langevin,3,4.8,0.044680194829788474,1.0000000000000002,0.9999999999999896,0.0,0.36307130598359644,0.07420534851738728,0.14191541875735914,0.1812464892939396,0.1809790456790572,0.010300461985773335,-1.3928523387877063,1.3795041741603404,0.020000000000000018,0.09593733604311634,composite trapezoid on reference grid
double-well,LSC-CP,3,0.0,0.044680194829788474,1.0,0.9999999999999897,0.0,1.4464757684176313,2.342757335663083,3.6445213370397447,0.6701267594578839,0.6818503043142743,0.05736512446761555,-1.3928523387877063,1.3795041741603404,0.020000000000000018,0.09593733604311634,composite trapezoid on reference grid
double-well,LSC-CP,3,0.06,0.044680194829788474,1.0,0.9999999999999897,0.0,1.194633001981531,1.117005014988623,1.8708523003155537,0.5752967077383535,0.581045006307976,0.02764767712807814,-1.3928523387877063,1.3795041741603404,0.020000000000000018,0.09593733604311634,composite trapezoid on reference grid
double-well,LSC-CP,3,0.12,0.044680194829788474,1.0,0.9999999999999897,0.0,1.0702555011872157,0.8169126789183558,1.4130626007939087,0.5227237124701468,0.5249942326456629,0.02518416547302138,-1.3928523387877063,1.3795041741603404,0.020000000000000018,0.09593733604311634,composite trapezoid on reference grid
double-well,LSC-CP,3,0.18,0.044680194829788474,1.0,0.9999999999999897,0.0,0.9796337988416972,0.6158041817525667,1.1034360775718275,0.48130206608812276,0.48392880578596964,0.019430214802022727,-1.3928523387877063,1.3795041741603404,0.020000000000000018,0.09593733604311634,composite trapezoid on reference grid
double-well,LSC-CP,3,0.24,0.044680194829788474,1.0,0.9999999999999897,0.0,0.8987457634503957,0.4880355686251842,0.8985856299353778,0.44279937997450947,0.4448652711570135,0.018167821478992943,-1.3928523387877063,1.3795041741603404,0.020000000000000018,0.09593733604311634,composite trapezoid on reference grid
double-well,LSC-CP,3,0.3,0.044680194829788474,1.0,0.9999999999999897,0.0,0.8410796956727433,0.43655799860326605,0.8040237897150624,0.41150761496165744,0.41235322498481963,0.016633972050698664,-1.3928523387877063,1.3795041741603404,0.020000000000000018,0.09593733604311634,composite trapezoid on reference grid
double-well,LSC-CP,3,0.36,0.044680194829788474,1.0,0.9999999999999898,0.0,0.7989154544541377,0.37013619501321493,0.7060259762245737,0.3874590505840218,0.3892969273695513,0.016666962468409485,-1.3928523387877063,1.3795041741603404,0.020000000000000018,0.09593733604311634,composite trapezoid on reference grid
double-well,LSC-CP,3,0.42,0.044680194829788474,0.9999999999999998,0.9999999999999899,0.0,0.735119863327012,0.3196290322102296,0.6125287472374318,0.3559400270060612,0.3575600856643601,0.014772242280660791,-1.3928523387877063,1.3795041741603404,0.020000000000000018,0.09593733604311634,composite trapezoid on reference grid
double-well,LSC-CP,3,0.48,0.044680194829788474,1.0,0.9999999999999898,0.0,0.6838202413431047,0.2609900018562398,0.5332001191545206,0.33102577729313337,0.33173069410571154,0.014910492906337447,-1.3928523387877063,1.3795041741603404,0.020000000000000018,0.09593733604311634,composite trapezoid on reference grid
double-well,LSC-CP,3,0.54,0.044680194829788474,1.0,0.9999999999999897,0.0,0.6374044968532899,0.21930197692232223,0.4586939579573394,0.3083204291757006,0.30945166578346234,0.013432839267709551,-1.3928523387877063,1.3795041741603404,0.020000000000000018,0.09593733604311634,composite trapezoid on reference grid
double-well,LSC-CP,3,0.6,0.044680194829788474,1.0000000000000002,0.9999999999999896,0.0,0.602418990708173,0.19457961218201522,0.4092303674280202,0.29243166800572934,0.29309433046934796,0.012432753255486928,-1.3928523387877063,1.3795041741603404,0.020000000000000018,0.09593733604311634,composite trapezoid on reference grid
double-well,LSC-CP,3,0.66,0.044680194829788474,0.9999999999999999,0.9999999999999897,0.0,0.5702195965720938,0.16882587223898418,0.3651714973323963,0.2714894677963446,0.27305791141926194,0.012888141147759269,-1.3928523387877063,1.3795041741603404,0.020000000000000018,0.09593733604311634,composite trapezoid on reference grid
double-well,LSC-CP,3,0.72,0.044680194829788474,1.0,0.9999999999999896,0.0,0.5369463772481247,0.1485653641465839,0.3206190646785469,0.2534888203290222,0.2542384027555389,0.01410204154807071,-1.3928523387877063,1.3795041741603404,0.020000000000000018,0.09593733604311634,composite trapezoid on reference grid
double-well,LSC-CP,3,0.78,0.044680194829788474,1.0,0.9999999999999897,0.0,0.4956103486188277,0.1264836942039335,0.2735430510350987,0.22979203790102581,0.2308216031966207,0.012228617677393375,-1.3928523387877063,1.3795041741603404,0.020000000000000018,0.09593733604311634,composite trapezoid on reference grid
double-well,LSC-CP,3,0.84,0.044680194829788474,1.0000000000000002,0.9999999999999896,0.0,0.4383721735434196,0.09901862037830902,0.2221383956500987,0.207331726251048,0.2081321794202453,0.012325889572414983,-1.3928523387877063,1.3795041741603404,0.020000000000000018,0.09593733604311634,composite trapezoid on reference grid
double-well,LSC-CP,3,0.9,0.044680194829788474,1.0,0.9999999999999896,0.0,0.4165294406464799,0.08898677613556871,0.20680107707833198,0.19696396629819496,0.19696567548281152,0.011749535715399412,-1.3928523387877063,1.3795041741603404,0.020000000000000018,0.09593733604311634,composite trapezoid on reference grid
double-well,LSC-CP,3,0.96,0.044680194829788474,1.0,0.9999999999999898,0.0,0.3914276303748096,0.0748104160894275,0.17724357490973036,0.17865515067851223,0.1785653322101381,0.011802390450746603,-1.3928523387877063,1.3795041741603404,0.020000000000000018,0.09593733604311634,composite trapezoid on reference grid
double-well,LSC-CP,3,1.02,0.044680194829788474,1.0000000000000002,0.9999999999999897,0.0,0.3437323422179981,0.059498730211169075,0.14080899587988882,0.15650483723385666,0.15767230980034125,0.011962104813983632,-1.3928523387877063,1.3795041741603404,0.020000000000000018,0.09593733604311634,composite trapezoid on reference grid
double-well,LSC-CP,3,1.08,0.044680194829788474,1.0000000000000002,0.9999999999999896,0.0,0.3318981498926684,0.05096118459385122,0.1269647002997532,0.1455551563107636,0.1458853017306851,0.010520932771937518,-1.3928523387877063,1.3795041741603404,0.020000000000000018,0.09593733604311634,composite trapezoid on reference grid
double-well,LSC-CP,3,1.1400000000000001,0.044680194829788474,1.0,0.9999999999999897,0.0,0.3181159284156991,0.049387093466849066,0.12403986145193602,0.13534626257819432,0.13583805948286537,0.01218587926891243,-1.3928523387877063,1.3795041741603404,0.020000000000000018,0.09593733604311634,composite trapezoid on reference grid
double-well,LSC-CP,3,1.2,0.044680194829788474,1.0,0.9999999999999897,0.0,0.3243970638560424,0.04864303500534303,0.12341416307895861,0.1310876455167499,0.131768543056609,0.010288061607261173,-1.3928523387877063,1.3795041741603404,0.020000000000000018,0.09593733604311634,composite trapezoid on reference grid
double-well,LSC-CP,3,1.26,0.044680194829788474,0.9999999999999999,0.9999999999999898,0.0,0.30063199012066477,0.04713010125005866,0.11252322263131687,0.11725220416006749,0.11741337413316866,0.011446058996905373,-1.3928523387877063,1.3795041741603404,0.020000000000000018,0.09593733604311634,composite trapezoid on reference grid
double-well,LSC-CP,3,1.32,0.044680194829788474,1.0,0.9999999999999897,0.0,0.2843611227726606,0.040000960373881414,0.10049277670481327,0.11319551878941159,0.11411140697756905,0.009878831485393647,-1.3928523387877063,1.3795041741603404,0.020000000000000018,0.09593733604311634,composite trapezoid on reference grid
double-well,LSC-CP,3,1.3800000000000001,0.044680194829788474,1.0000000000000002,0.9999999999999896,0.0,0.27103294546731094,0.03636659036882196,0.09513835128192437,0.10773667163240486,0.10858140070943217,0.010552358906830178,-1.3928523387877063,1.3795041741603404,0.020000000000000018,0.09593733604311634,composite trapezoid on reference grid
double-well,LSC-CP,3,1.44,0.044680194829788474,0.9999999999999999,0.9999999999999898,0.0,0.24913303757173455,0.030803734279991706,0.07784306071135004,0.09934424200373776,0.09999207150407918,0.009267404613245503,-1.3928523387877063,1.3795041741603404,0.020000000000000018,0.09593733604311634,composite trapezoid on reference grid
double-well,LSC-CP,3,1.5,0.044680194829788474,1.0,0.9999999999999898,0.0,0.2315761958544365,0.023386498854442554,0.06514654492193198,0.09570625998734661,0.09553049354209875,0.010158304605449614,-1.3928523387877063,1.3795041741603404,0.020000000000000018,0.09593733604311634,composite trapezoid on reference grid
double-well,LSC-CP,3,1.56,0.044680194829788474,1.0,0.9999999999999898,0.0,0.2064209376204888,0.020620176106726847,0.05839968163932603,0.08747430492791003,0.08789154451546832,0.009213341263452024,-1.3928523387877063,1.3795041741603404,0.020000000000000018,0.09593733604311634,composite trapezoid on reference grid
double-well,LSC-CP,3,1.62,0.044680194829788474,1.0,0.9999999999999898,0.0,0.20396785994967997,0.019096230410731694,0.05490921106902315,0.08106423066644475,0.08173513280995964,0.009478988534784072,-1.3928523387877063,1.3795041741603404,0.020000000000000018,0.09593733604311634,composite trapezoid on reference grid
double-well,LSC-CP,3,1.68,0.044680194829788474,1.0,0.9999999999999898,0.0,0.18493024520691814,0.016739166882699132,0.047519124105424304,0.07335989866529746,0.07423954631704843,0.00944825349311465,-1.3928523387877063,1.3795041741603404,0.020000000000000018,0.09593733604311634,composite trapezoid on reference grid
double-well,LSC-CP,3,1.74,0.044680194829788474,1.0,0.9999999999999897,0.0,0.1922429831006458,0.01611164061515384,0.043568771517837335,0.06783039849726674,0.06971627069547576,0.01070260808789731,-1.3928523387877063,1.3795041741603404,0.020000000000000018,0.09593733604311634,composite trapezoid on reference grid
double-well,LSC-CP,3,1.8,0.044680194829788474,1.0,0.9999999999999898,0.0,0.16180122087220983,0.01322032431224397,0.036539442854607335,0.06382590890210293,0.06468610140589592,0.00959665880851815,-1.3928523387877063,1.3795041741603404,0.020000000000000018,0.09593733604311634,composite trapezoid on reference grid
double-well,LSC-CP,3,1.86,0.044680194829788474,0.9999999999999998,0.9999999999999898,0.0,0.1677306353245785,0.013770314147457363,0.036755664754424155,0.06258101308501757,0.06317388968589732,0.00959772758634539,-1.3928523387877063,1.3795041741603404,0.020000000000000018,0.09593733604311634,composite trapezoid on reference grid
double-well,LSC-CP,3,1.92,0.044680194829788474,0.9999999999999999,0.9999999999999898,0.0,0.16640102799656012,0.014034042395107211,0.03392080301375841,0.05477287522133201,0.05543075627613964,0.009247091712064406,-1.3928523387877063,1.3795041741603404,0.020000000000000018,0.09593733604311634,composite trapezoid on reference grid
double-well,LSC-CP,3,1.98,0.044680194829788474,1.0,0.9999999999999897,0.0,0.17041473225901266,0.014879035568861323,0.0403018413676961,0.048108119615340506,0.04839452738176819,0.00913166433715211,-1.3928523387877063,1.3795041741603404,0.020000000000000018,0.09593733604311634,composite trapezoid on reference grid
double-well,LSC-CP,3,2.04,0.044680194829788474,1.0,0.9999999999999898,0.0,0.15501861226663613,0.013265543343250991,0.032534774058770415,0.04547271725790075,0.0452902736663498,0.010495827564933745,-1.3928523387877063,1.3795041741603404,0.020000000000000018,0.09593733604311634,composite trapezoid on reference grid
double-well,LSC-CP,3,2.1,0.044680194829788474,1.0,0.9999999999999896,0.0,0.14069185959657413,0.009760908637172251,0.02706203730302818,0.03950166501112112,0.03952166536704865,0.011390870612558834,-1.3928523387877063,1.3795041741603404,0.020000000000000018,0.09593733604311634,composite trapezoid on reference grid
double-well,LSC-CP,3,2.16,0.044680194829788474,1.0,0.9999999999999896,0.0,0.15604590694469495,0.011289692041455107,0.03058865540769639,0.04010654601450869,0.03904127032933624,0.010243692581436717,-1.3928523387877063,1.3795041741603404,0.020000000000000018,0.09593733604311634,composite trapezoid on reference grid
double-well,LSC-CP,3,2.22,0.044680194829788474,1.0,0.9999999999999898,0.0,0.14510886396374684,0.008660049835714015,0.024540289738863356,0.03300957291382933,0.034257590070241095,0.010359034678230128,-1.3928523387877063,1.3795041741603404,0.020000000000000018,0.09593733604311634,composite trapezoid on reference grid
double-well,LSC-CP,3,2.2800000000000002,0.044680194829788474,0.9999999999999999,0.9999999999999898,0.0,0.15774500158423582,0.010983941961938012,0.03222796841384796,0.0361945561667425,0.034759516860996764,0.00966655772323377,-1.3928523387877063,1.3795041741603404,0.020000000000000018,0.09593733604311634,composite trapezoid on reference grid
double-well,LSC-CP,3,2.34,0.044680194829788474,1.0,0.9999999999999896,0.0,0.14335885930464437,0.010241341098744814,0.03039399742129066,0.03204370584519069,0.03971213552478653,0.008448191948070005,-1.3928523387877063,1.3795041741603404,0.020000000000000018,0.09593733604311634,composite trapezoid on reference grid
double-well,LSC-CP,3,2.4,0.044680194829788474,1.0,0.9999999999999898,0.0,0.16815234871350127,0.015691517644362923,0.04332366164679567,0.04351467875808149,0.05358059051027504,0.010065911752193554,-1.3928523387877063,1.3795041741603404,0.020000000000000018,0.09593733604311634,composite trapezoid on reference grid
double-well,LSC-CP,3,2.46,0.044680194829788474,0.9999999999999999,0.9999999999999898,0.0,0.16321542387212773,0.014999198124896876,0.038730151120664316,0.042056570835782486,0.05021406231554254,0.008546611289481698,-1.3928523387877063,1.3795041741603404,0.020000000000000018,0.09593733604311634,composite trapezoid on reference grid
double-well,LSC-CP,3,2.52,0.044680194829788474,1.0,0.9999999999999896,0.0,0.15967441559851636,0.012987512464878235,0.032454398578682084,0.039506680185651344,0.04858059051027505,0.011225153443982533,-1.3928523387877063,1.3795041741603404,0.020000000000000018,0.09593733604311634,composite trapezoid on reference grid
double-well,LSC-CP,3,2.58,0.044680194829788474,1.0,0.9999999999999897,0.0,0.148007791956657,0.011184076658255462,0.027743919290730015,0.028959983856149618,0.037143569861445375,0.009514448732735215,-1.3928523387877063,1.3795041741603404,0.020000000000000018,0.09593733604311634,composite trapezoid on reference grid
double-well,LSC-CP,3,2.64,0.044680194829788474,1.0,0.9999999999999898,0.0,0.1483424580629104,0.009345620529005689,0.023087806783339125,0.03092926001247054,0.034171537287593465,0.009081691413046489,-1.3928523387877063,1.3795041741603404,0.020000000000000018,0.09593733604311634,composite trapezoid on reference grid
double-well,LSC-CP,3,2.7,0.044680194829788474,0.9999999999999998,0.9999999999999899,0.0,0.13930387489135276,0.009425891957513536,0.024045754445637762,0.02625585130296304,0.03358059051027505,0.009125780341307788,-1.3928523387877063,1.3795041741603404,0.020000000000000018,0.09593733604311634,composite trapezoid on reference grid
double-well,LSC-CP,3,2.7600000000000002,0.044680194829788474,1.0,0.9999999999999898,0.0,0.13195596199379644,0.008814588666293288,0.02219304096336727,0.029313863975560572,0.03242526961830146,0.009558423450125197,-1.3928523387877063,1.3795041741603404,0.020000000000000018,0.09593733604311634,composite trapezoid on reference grid
double-well,LSC-CP,3,2.82,0.044680194829788474,1.0,0.9999999999999898,0.0,0.12252488113057095,0.008938896034161724,0.021673079295505437,0.028452969915867876,0.02869146612579676,0.00991043401047359,-1.3928523387877063,1.3795041741603404,0.020000000000000018,0.09593733604311634,composite trapezoid on reference grid
double-well,LSC-CP,3,2.88,0.044680194829788474,1.0,0.9999999999999898,0.0,0.13143240185170188,0.008491666490647396,0.023468971833861943,0.030321264502634837,0.03152556216949742,0.011980116581009836,-1.3928523387877063,1.3795041741603404,0.020000000000000018,0.09593733604311634,composite trapezoid on reference grid
double-well,LSC-CP,3,2.94,0.044680194829788474,1.0,0.9999999999999898,0.0,0.1505531293299539,0.010311606646951577,0.029632356025567696,0.03194290096416108,0.03334374398767974,0.009872561320949241,-1.3928523387877063,1.3795041741603404,0.020000000000000018,0.09593733604311634,composite trapezoid on reference grid
double-well,LSC-CP,3,3.0,0.044680194829788474,1.0,0.9999999999999898,0.0,0.15464165172197197,0.011642721746893575,0.030840256854795613,0.03804976652495329,0.037807900923956805,0.008858638279849215,-1.3928523387877063,1.3795041741603404,0.020000000000000018,0.09593733604311634,composite trapezoid on reference grid
double-well,LSC-CP,3,3.06,0.044680194829788474,1.0,0.9999999999999897,0.0,0.1698312109727571,0.013635161018509891,0.03334504663551788,0.03914206567483236,0.03794133504281494,0.008303140903543671,-1.3928523387877063,1.3795041741603404,0.020000000000000018,0.09593733604311634,composite trapezoid on reference grid
double-well,LSC-CP,3,3.12,0.044680194829788474,1.0,0.9999999999999896,0.0,0.14583896187861303,0.011723734322292496,0.03068002875551279,0.032671585442097084,0.039416297134172634,0.008622241628503668,-1.3928523387877063,1.3795041741603404,0.020000000000000018,0.09593733604311634,composite trapezoid on reference grid
double-well,LSC-CP,3,3.18,0.044680194829788474,1.0,0.9999999999999898,0.0,0.15536802065051192,0.01252214690622283,0.033098271756655515,0.03832123893866579,0.0455019562329865,0.008362332071227385,-1.3928523387877063,1.3795041741603404,0.020000000000000018,0.09593733604311634,composite trapezoid on reference grid
double-well,LSC-CP,3,3.24,0.044680194829788474,1.0,0.9999999999999898,0.0,0.14292506694326285,0.01105340870599805,0.030319358613267677,0.034270815506089375,0.04322922896025924,0.01008928223838889,-1.3928523387877063,1.3795041741603404,0.020000000000000018,0.09593733604311634,composite trapezoid on reference grid
double-well,LSC-CP,3,3.3000000000000003,0.044680194829788474,1.0000000000000002,0.9999999999999897,0.0,0.13864079227881,0.009316118775810475,0.025791901323761274,0.02807053531573278,0.03312015209171512,0.011287808941910948,-1.3928523387877063,1.3795041741603404,0.020000000000000018,0.09593733604311634,composite trapezoid on reference grid
double-well,LSC-CP,3,3.36,0.044680194829788474,1.0,0.9999999999999896,0.0,0.13793023499000331,0.009588842450139705,0.025885817448454182,0.03519853384394944,0.032879815072846916,0.009833457884610014,-1.3928523387877063,1.3795041741603404,0.020000000000000018,0.09593733604311634,composite trapezoid on reference grid
double-well,LSC-CP,3,3.42,0.044680194829788474,0.9999999999999999,0.9999999999999897,0.0,0.13252147758483962,0.007812370786336873,0.02141287165955624,0.032638266762938795,0.0324394082520586,0.008659780620611679,-1.3928523387877063,1.3795041741603404,0.020000000000000018,0.09593733604311634,composite trapezoid on reference grid
double-well,LSC-CP,3,3.48,0.044680194829788474,0.9999999999999999,0.9999999999999898,0.0,0.12322864688737238,0.0075307356650889876,0.021282582700097325,0.029148286824839498,0.03245745170208585,0.01022158894469552,-1.3928523387877063,1.3795041741603404,0.020000000000000018,0.09593733604311634,composite trapezoid on reference grid
double-well,LSC-CP,3,3.54,0.044680194829788474,1.0000000000000002,0.9999999999999896,0.0,0.1362952923384287,0.008477007226128106,0.02391584037947795,0.03699956395779813,0.03686559259662214,0.00977828416202399,-1.3928523387877063,1.3795041741603404,0.020000000000000018,0.09593733604311634,composite trapezoid on reference grid
double-well,LSC-CP,3,3.6,0.044680194829788474,0.9999999999999999,0.9999999999999898,0.0,0.15045060740863636,0.01021763014419423,0.02965266132362435,0.036782148894708544,0.03652556216949791,0.00893404890377858,-1.3928523387877063,1.3795041741603404,0.020000000000000018,0.09593733604311634,composite trapezoid on reference grid
double-well,LSC-CP,3,3.66,0.044680194829788474,1.0,0.9999999999999897,0.0,0.1394031624901525,0.010383515614065711,0.02251838859634399,0.03961202988360324,0.03981938076359026,0.009770919320861965,-1.3928523387877063,1.3795041741603404,0.020000000000000018,0.09593733604311634,composite trapezoid on reference grid
double-well,LSC-CP,3,3.72,0.044680194829788474,1.0,0.9999999999999897,0.0,0.1420671460975472,0.01090635454638711,0.025398385564828957,0.04221560353025389,0.03950343349234908,0.0084070945096677,-1.3928523387877063,1.3795041741603404,0.020000000000000018,0.09593733604311634,composite trapezoid on reference grid
double-well,LSC-CP,3,3.7800000000000002,0.044680194829788474,1.0,0.9999999999999898,0.0,0.12804396044218005,0.008042130917554216,0.023368268701011965,0.03470485576167848,0.032941335042814934,0.01023605488853041,-1.3928523387877063,1.3795041741603404,0.020000000000000018,0.09593733604311634,composite trapezoid on reference grid
double-well,LSC-CP,3,3.84,0.044680194829788474,1.0,0.9999999999999897,0.0,0.13842743862848428,0.009339223503153905,0.02461625328943782,0.03726659419538936,0.03852597507800937,0.00974004232165071,-1.3928523387877063,1.3795041741603404,0.020000000000000018,0.09593733604311634,composite trapezoid on reference grid
double-well,LSC-CP,3,3.9,0.044680194829788474,1.0,0.9999999999999898,0.0,0.15715433019626318,0.012773280304443638,0.032576400152538494,0.037485574126934984,0.04630786323754778,0.010015048458646592,-1.3928523387877063,1.3795041741603404,0.020000000000000018,0.09593733604311634,composite trapezoid on reference grid
double-well,LSC-CP,3,3.96,0.044680194829788474,1.0,0.9999999999999898,0.0,0.15450122450608814,0.012819973511446361,0.03421049072349647,0.03978850632934089,0.04805266077053627,0.008384192978544425,-1.3928523387877063,1.3795041741603404,0.020000000000000018,0.09593733604311634,composite trapezoid on reference grid
double-well,LSC-CP,3,4.0200000000000005,0.044680194829788474,0.9999999999999999,0.9999999999999898,0.0,0.1400074226069504,0.009517322047700958,0.02489280625733689,0.03429255526679775,0.041234478952354464,0.008748102809726488,-1.3928523387877063,1.3795041741603404,0.020000000000000018,0.09593733604311634,composite trapezoid on reference grid
double-well,LSC-CP,3,4.08,0.044680194829788474,1.0000000000000002,0.9999999999999896,0.0,0.15911898453695023,0.011749987462266163,0.02888171828799304,0.03891855647564091,0.046253247805282394,0.010415937001919312,-1.3928523387877063,1.3795041741603404,0.020000000000000018,0.09593733604311634,composite trapezoid on reference grid
double-well,LSC-CP,3,4.14,0.044680194829788474,1.0,0.9999999999999897,0.0,0.1448680936609832,0.010866613654258186,0.02835354005017423,0.03602693402844526,0.040621226433877444,0.00886540181458223,-1.3928523387877063,1.3795041741603404,0.020000000000000018,0.09593733604311634,composite trapezoid on reference grid
double-well,LSC-CP,3,4.2,0.044680194829788474,1.0,0.9999999999999897,0.0,0.14761189333620506,0.010476921595673167,0.025385140172856285,0.03641791329278332,0.03987084258871809,0.009194167916875329,-1.3928523387877063,1.3795041741603404,0.020000000000000018,0.09593733604311634,composite trapezoid on reference grid
double-well,LSC-CP,3,4.26,0.044680194829788474,0.9999999999999999,0.9999999999999898,0.0,0.1478422142745604,0.01107918029277721,0.025783677318055177,0.03817676069963727,0.039435065987100226,0.009658135119374855,-1.3928523387877063,1.3795041741603404,0.020000000000000018,0.09593733604311634,composite trapezoid on reference grid
double-well,LSC-CP,3,4.32,0.044680194829788474,1.0,0.9999999999999897,0.0,0.14337665914192782,0.009986056996203821,0.02495522648501429,0.033216937867148966,0.04197240456424424,0.010527155281132738,-1.3928523387877063,1.3795041741603404,0.020000000000000018,0.09593733604311634,composite trapezoid on reference grid
double-well,LSC-CP,3,4.38,0.044680194829788474,1.0,0.9999999999999898,0.0,0.14425726153057652,0.009987090025317561,0.02703173807105084,0.03333815264616813,0.0405019562329865,0.009700056028475401,-1.3928523387877063,1.3795041741603404,0.020000000000000018,0.09593733604311634,composite trapezoid on reference grid
double-well,LSC-CP,3,4.44,0.044680194829788474,1.0,0.9999999999999898,0.0,0.12761602689450588,0.007909435421987666,0.02111193182031789,0.032007027993485204,0.03607101671495247,0.008864780595223665,-1.3928523387877063,1.3795041741603404,0.020000000000000018,0.09593733604311634,composite trapezoid on reference grid
double-well,LSC-CP,3,4.5,0.044680194829788474,1.0,0.9999999999999898,0.0,0.13675310901845525,0.00962492521737048,0.02666423188193046,0.0297750976642146,0.036549769212084054,0.008461674989822643,-1.3928523387877063,1.3795041741603404,0.020000000000000018,0.09593733604311634,composite trapezoid on reference grid
double-well,LSC-CP,3,4.5600000000000005,0.044680194829788474,1.0,0.9999999999999898,0.0,0.13447939712266557,0.009782570543400029,0.02688523625976721,0.03297464601511435,0.03833436052739238,0.009196956436644602,-1.3928523387877063,1.3795041741603404,0.020000000000000018,0.09593733604311634,composite trapezoid on reference grid
double-well,LSC-CP,3,4.62,0.044680194829788474,1.0,0.9999999999999897,0.0,0.14527540443656928,0.010330402813355226,0.030217390926284005,0.033765852387642736,0.04267149960118413,0.0110927390811289,-1.3928523387877063,1.3795041741603404,0.020000000000000018,0.09593733604311634,composite trapezoid on reference grid
double-well,LSC-CP,3,4.68,0.044680194829788474,1.0,0.9999999999999896,0.0,0.1347217615412552,0.008405546683230536,0.021204431152546742,0.0318376727566948,0.03732605081838439,0.009765161868066752,-1.3928523387877063,1.3795041741603404,0.020000000000000018,0.09593733604311634,composite trapezoid on reference grid
double-well,LSC-CP,3,4.74,0.044680194829788474,1.0,0.9999999999999896,0.0,0.15609013802130234,0.011178786633215641,0.03272951397794688,0.03696778007238585,0.045325388043263554,0.008415472113067202,-1.3928523387877063,1.3795041741603404,0.020000000000000018,0.09593733604311634,composite trapezoid on reference grid
double-well,LSC-CP,3,4.8,0.044680194829788474,1.0,0.9999999999999898,0.0,0.13180320569615533,0.008530558692379137,0.024048783809313252,0.0304852375011386,0.036303080626265916,0.009467555159766272,-1.3928523387877063,1.3795041741603404,0.020000000000000018,0.09593733604311634,composite trapezoid on reference grid
double-well,CP,3,0.0,0.044680194829788474,1.0,0.9999999999999897,0.0,1.4464757684176313,2.342757335663083,3.6445213370397447,0.6701267594578839,0.6818503043142743,0.05736512446761555,-1.3928523387877063,1.3795041741603404,0.020000000000000018,0.09593733604311634,composite trapezoid on reference grid
double-well,CP,3,0.06,0.044680194829788474,0.9999999999999998,0.9999999999999898,0.0,1.2129854250209304,1.0456757127331522,1.771789289453973,0.5934111839298577,0.5975056504918953,0.028434544689402375,-1.3928523387877063,1.3795041741603404,0.020000000000000018,0.09593733604311634,composite trapezoid on reference grid
double-well,CP,3,0.12,0.044680194829788474,1.0000000000000002,0.9999999999999896,0.0,1.0860121717377818,0.6969927341998217,1.239204332577987,0.53970821381966,0.5416439866658422,0.01958179011941308,-1.3928523387877063,1.3795041741603404,0.020000000000000018,0.09593733604311634,composite trapezoid on reference grid
double-well,CP,3,0.18,0.044680194829788474,0.9999999999999999,0.9999999999999897,0.0,0.9995402679841576,0.5187847821865695,0.9504442156181312,0.49749751619670646,0.5009033235547538,0.022264392844397296,-1.3928523387877063,1.3795041741603404,0.020000000000000018,0.09593733604311634,composite trapezoid on reference grid
double-well,CP,3,0.24,0.044680194829788474,1.0,0.9999999999999897,0.0,0.9353483983583524,0.3878474334249959,0.7448003235171806,0.46414902821063353,0.46501503319962223,0.015495783121279472,-1.3928523387877063,1.3795041741603404,0.020000000000000018,0.09593733604311634,composite trapezoid on reference grid
double-well,CP,3,0.3,0.044680194829788474,1.0000000000000002,0.9999999999999896,0.0,0.8637705578033092,0.3051105597654792,0.606317130730039,0.4263007902537288,0.4276398052370237,0.016250925787422765,-1.3928523387877063,1.3795041741603404,0.020000000000000018,0.09593733604311634,composite trapezoid on reference grid
double-well,CP,3,0.36,0.044680194829788474,1.0,0.9999999999999898,0.0,0.8338472817686677,0.2637191523648207,0.5385303847545518,0.40931967814764114,0.4111894412112968,0.012129111834573325,-1.3928523387877063,1.3795041741603404,0.020000000000000018,0.09593733604311634,composite trapezoid on reference grid
double-well,CP,3,0.42,0.044680194829788474,0.9999999999999999,0.9999999999999897,0.0,0.7924999666040835,0.235941487659066,0.492988356547844,0.3859291134945435,0.38799362764742923,0.011928744487752885,-1.3928523387877063,1.3795041741603404,0.020000000000000018,0.09593733604311634,composite trapezoid on reference grid
double-well,CP,3,0.48,0.044680194829788474,1.0,0.9999999999999896,0.0,0.7554347553050291,0.21565234502117442,0.4448953993311472,0.36569459521932646,0.3666589859193086,0.014025017620434954,-1.3928523387877063,1.3795041741603404,0.020000000000000018,0.09593733604311634,composite trapezoid on reference grid
double-well,CP,3,0.54,0.044680194829788474,1.0,0.9999999999999898,0.0,0.7281284070721248,0.19995444690295075,0.43250350717502284,0.3494284154364428,0.35082162341884193,0.011526336916149377,-1.3928523387877063,1.3795041741603404,0.020000000000000018,0.09593733604311634,composite trapezoid on reference grid
double-well,CP,3,0.6,0.044680194829788474,1.0,0.9999999999999896,0.0,0.7055162253481362,0.1820895484371141,0.40053209984883514,0.3359045587739345,0.33683321501780394,0.011894040856746863,-1.3928523387877063,1.3795041741603404,0.020000000000000018,0.09593733604311634,composite trapezoid on reference grid
double-well,CP,3,0.66,0.044680194829788474,0.9999999999999999,0.9999999999999898,0.0,0.6721125674133153,0.16133243723605667,0.36184097617896926,0.3160388605854555,0.3163578690092992,0.01212886071032937,-1.3928523387877063,1.3795041741603404,0.020000000000000018,0.09593733604311634,composite trapezoid on reference grid
double-well,CP,3,0.72,0.044680194829788474,1.0,0.9999999999999898,0.0,0.6532353624925283,0.1511197193497205,0.3421775428677287,0.29984854411284667,0.30181241446384466,0.011012067309597945,-1.3928523387877063,1.3795041741603404,0.020000000000000018,0.09593733604311634,composite trapezoid on reference grid
double-well,CP,3,0.78,0.044680194829788474,1.0,0.9999999999999896,0.0,0.6430097597762806,0.14722377328034264,0.3118559225899578,0.28916468779515453,0.2917552394009094,0.011151825776082536,-1.3928523387877063,1.3795041741603404,0.020000000000000018,0.09593733604311634,composite trapezoid on reference grid
double-well,CP,3,0.84,0.044680194829788474,1.0000000000000002,0.9999999999999896,0.0,0.6260516099780538,0.13876197344596827,0.2972869119571476,0.2774580717471239,0.279226824489794,0.010121661059589449,-1.3928523387877063,1.3795041741603404,0.020000000000000018,0.09593733604311634,composite trapezoid on reference grid
double-well,CP,3,0.9,0.044680194829788474,1.0,0.9999999999999898,0.0,0.5931995786080482,0.1290867014890683,0.26473760362650633,0.2619281421403793,0.263668486132456,0.009518450984373539,-1.3928523387877063,1.3795041741603404,0.020000000000000018,0.09593733604311634,composite trapezoid on reference grid
double-well,CP,3,0.96,0.044680194829788474,1.0,0.9999999999999896,0.0,0.5788782050970219,0.12744486540262762,0.2553633565331451,0.25132594491471594,0.25044897552645184,0.010469602217838325,-1.3928523387877063,1.3795041741603404,0.020000000000000018,0.09593733604311634,composite trapezoid on reference grid
double-well,CP,3,1.02,0.044680194829788474,1.0,0.9999999999999897,0.0,0.56080981889103,0.11803208737695162,0.23762022979672973,0.2442188736171403,0.24316579381329795,0.010563247599061881,-1.3928523387877063,1.3795041741603404,0.020000000000000018,0.09593733604311634,composite trapezoid on reference grid
double-well,CP,3,1.08,0.044680194829788474,1.0,0.9999999999999898,0.0,0.5306170113713187,0.10610035366021643,0.21984877586169124,0.22971782712752664,0.23062340632261763,0.009060711012320477,-1.3928523387877063,1.3795041741603404,0.020000000000000018,0.09593733604311634,composite trapezoid on reference grid
double-well,CP,3,1.1400000000000001,0.044680194829788474,1.0,0.9999999999999898,0.0,0.5184689286707802,0.10279262659739938,0.21770016307680562,0.22330526290870906,0.22320839062236408,0.011044852249283699,-1.3928523387877063,1.3795041741603404,0.020000000000000018,0.09593733604311634,composite trapezoid on reference grid
double-well,CP,3,1.2,0.044680194829788474,0.9999999999999999,0.9999999999999898,0.0,0.5009278496539843,0.08761220429882544,0.19215786081025876,0.2095895924859626,0.2106234063226176,0.009390884042047493,-1.3928523387877063,1.3795041741603404,0.020000000000000018,0.09593733604311634,composite trapezoid on reference grid
double-well,CP,3,1.26,0.044680194829788474,1.0,0.9999999999999897,0.0,0.49897471192503373,0.08614865120833834,0.20401019775407672,0.19937146426654884,0.1978990138430346,0.01065587333744672,-1.3928523387877063,1.3795041741603404,0.020000000000000018,0.09593733604311634,composite trapezoid on reference grid
double-well,CP,3,1.32,0.044680194829788474,0.9999999999999999,0.9999999999999898,0.0,0.48443550931450297,0.08427909070657458,0.1890334309925014,0.1926097125339597,0.19004202105310475,0.009645192365025257,-1.3928523387877063,1.3795041741603404,0.020000000000000018,0.09593733604311634,composite trapezoid on reference grid
double-well,CP,3,1.3800000000000001,0.044680194829788474,0.9999999999999998,0.9999999999999898,0.0,0.481808548503336,0.07988881247883597,0.17709847675645526,0.18999345131145584,0.1900462198852905,0.00988950787683554,-1.3928523387877063,1.3795041741603404,0.020000000000000018,0.09593733604311634,composite trapezoid on reference grid
double-well,CP,3,1.44,0.044680194829788474,1.0000000000000002,0.9999999999999896,0.0,0.47209449718004953,0.07237947099660264,0.16315997730724022,0.1837015516150896,0.18160411950263927,0.009105887396716972,-1.3928523387877063,1.3795041741603404,0.020000000000000018,0.09593733604311634,composite trapezoid on reference grid
double-well,CP,3,1.5,0.044680194829788474,1.0,0.9999999999999898,0.0,0.44550828253268193,0.06923948747708784,0.15692620515276584,0.16989738684589134,0.1687476839432005,0.008654600844988203,-1.3928523387877063,1.3795041741603404,0.020000000000000018,0.09593733604311634,composite trapezoid on reference grid
double-well,CP,3,1.56,0.044680194829788474,0.9999999999999999,0.9999999999999897,0.0,0.4572893126204886,0.06722313015199186,0.1426970769753919,0.16826933389235776,0.16789901384303463,0.010230489034718182,-1.3928523387877063,1.3795041741603404,0.020000000000000018,0.09593733604311634,composite trapezoid on reference grid
double-well,CP,3,1.62,0.044680194829788474,0.9999999999999999,0.9999999999999898,0.0,0.4547897394554666,0.06500368077490545,0.13329757393660052,0.1596302509950979,0.16050076533983595,0.00882621157594543,-1.3928523387877063,1.3795041741603404,0.020000000000000018,0.09593733604311634,composite trapezoid on reference grid
double-well,CP,3,1.68,0.044680194829788474,1.0000000000000002,0.9999999999999896,0.0,0.44011414672449634,0.060616280932416194,0.1288707714900109,0.15496912100252158,0.15316579381329792,0.009237686518271448,-1.3928523387877063,1.3795041741603404,0.020000000000000018,0.09593733604311634,composite trapezoid on reference grid
double-well,CP,3,1.74,0.044680194829788474,0.9999999999999999,0.9999999999999898,0.0,0.43393356606876454,0.05776510707089576,0.11981341073447105,0.15237261677387748,0.15245334650913628,0.00928379346290184,-1.3928523387877063,1.3795041741603404,0.020000000000000018,0.09593733604311634,composite trapezoid on reference grid
double-well,CP,3,1.8,0.044680194829788474,1.0,0.9999999999999898,0.0,0.4326632502149711,0.06035962838546435,0.13297764596206327,0.15455541661032926,0.15342230132082108,0.00914751625167226,-1.3928523387877063,1.3795041741603404,0.020000000000000018,0.09593733604311634,composite trapezoid on reference grid
double-well,CP,3,1.86,0.044680194829788474,1.0000000000000002,0.9999999999999896,0.0,0.453290379578589,0.06134121134249577,0.13468549687147693,0.15724296649298183,0.15528786447521345,0.009062998210376927,-1.3928523387877063,1.3795041741603404,0.020000000000000018,0.09593733604311634,composite trapezoid on reference grid
double-well,CP,3,1.92,0.044680194829788474,0.9999999999999998,0.9999999999999898,0.0,0.4508900424204627,0.060254266223760324,0.13711866999934644,0.15408464876139766,0.15302759543575578,0.008903825343766186,-1.3928523387877063,1.3795041741603404,0.020000000000000018,0.09593733604311634,composite trapezoid on reference grid
double-well,CP,3,1.98,0.044680194829788474,0.9999999999999999,0.9999999999999896,0.0,0.43300386693152365,0.05456509129665975,0.12216522076422236,0.14701064686028714,0.14494667645434287,0.007909436852987978,-1.3928523387877063,1.3795041741603404,0.020000000000000018,0.09593733604311634,composite trapezoid on reference grid
double-well,CP,3,2.04,0.044680194829788474,1.0,0.9999999999999897,0.0,0.4314724770629063,0.054559440305863655,0.1210952993926172,0.14224317501194034,0.1401291574112819,0.008280532059339707,-1.3928523387877063,1.3795041741603404,0.020000000000000018,0.09593733604311634,composite trapezoid on reference grid
double-well,CP,3,2.1,0.044680194829788474,1.0,0.9999999999999896,0.0,0.4508674047774133,0.05411221005215451,0.12306705777176397,0.1527765835525999,0.15205866495718473,0.011976238309170412,-1.3928523387877063,1.3795041741603404,0.020000000000000018,0.09593733604311634,composite trapezoid on reference grid
double-well,CP,3,2.16,0.044680194829788474,1.0,0.9999999999999898,0.0,0.43381237512255566,0.05124189164713785,0.11252404310844277,0.14407851993765322,0.1427734926125632,0.007431976512940142,-1.3928523387877063,1.3795041741603404,0.020000000000000018,0.09593733604311634,composite trapezoid on reference grid
double-well,CP,3,2.22,0.044680194829788474,0.9999999999999998,0.9999999999999898,0.0,0.4132763547593372,0.04836279365106516,0.10810294972564835,0.13705172077273042,0.1349466764543429,0.008857291262036049,-1.3928523387877063,1.3795041741603404,0.020000000000000018,0.09593733604311634,composite trapezoid on reference grid
double-well,CP,3,2.2800000000000002,0.044680194829788474,1.0,0.9999999999999896,0.0,0.415633802694866,0.05067602936994303,0.1057048336115785,0.13393349078509748,0.1346008937425851,0.008546976199908185,-1.3928523387877063,1.3795041741603404,0.020000000000000018,0.09593733604311634,composite trapezoid on reference grid
double-well,CP,3,2.34,0.044680194829788474,0.9999999999999999,0.9999999999999898,0.0,0.42965669810158424,0.054224541117653124,0.11789560828360832,0.13384506927562553,0.13222531649428623,0.00932091307260556,-1.3928523387877063,1.3795041741603404,0.020000000000000018,0.09593733604311634,composite trapezoid on reference grid
double-well,CP,3,2.4,0.044680194829788474,0.9999999999999999,0.9999999999999898,0.0,0.40560276214301705,0.046345289212658715,0.10609775431666663,0.12673550725671148,0.12472607378186357,0.008670680858513774,-1.3928523387877063,1.3795041741603404,0.020000000000000018,0.09593733604311634,composite trapezoid on reference grid
double-well,CP,3,2.46,0.044680194829788474,1.0,0.9999999999999898,0.0,0.4250160194319978,0.04885470395632846,0.11777445565540942,0.1302800475599047,0.13030200310897125,0.009695556746585454,-1.3928523387877063,1.3795041741603404,0.020000000000000018,0.09593733604311634,composite trapezoid on reference grid
double-well,CP,3,2.52,0.044680194829788474,1.0,0.9999999999999897,0.0,0.4294938238956975,0.05113911502914205,0.10971137111342605,0.1306958853814981,0.1284821408903012,0.008209130324584035,-1.3928523387877063,1.3795041741603404,0.020000000000000018,0.09593733604311634,composite trapezoid on reference grid
double-well,CP,3,2.58,0.044680194829788474,1.0,0.9999999999999897,0.0,0.4276940111742528,0.05164538814594019,0.1057451712892574,0.12807215687279375,0.12511038855835396,0.00820664411356331,-1.3928523387877063,1.3795041741603404,0.020000000000000018,0.09593733604311634,composite trapezoid on reference grid
double-well,CP,3,2.64,0.044680194829788474,0.9999999999999999,0.9999999999999898,0.0,0.41527311728449284,0.05097478583752342,0.10953056816455467,0.11582753567694204,0.11404349831246804,0.007681172318590418,-1.3928523387877063,1.3795041741603404,0.020000000000000018,0.09593733604311634,composite trapezoid on reference grid
double-well,CP,3,2.7,0.044680194829788474,1.0,0.9999999999999897,0.0,0.42248894027857986,0.05302532991797982,0.11186307786271546,0.12210652666743073,0.11960122767154313,0.008600158964596316,-1.3928523387877063,1.3795041741603404,0.020000000000000018,0.09593733604311634,composite trapezoid on reference grid
double-well,CP,3,2.7600000000000002,0.044680194829788474,0.9999999999999998,0.9999999999999898,0.0,0.41743129230874165,0.04872667309989728,0.10613911297597231,0.1162258681674184,0.11437877356612255,0.007998372087378192,-1.3928523387877063,1.3795041741603404,0.020000000000000018,0.09593733604311634,composite trapezoid on reference grid
double-well,CP,3,2.82,0.044680194829788474,1.0,0.9999999999999898,0.0,0.40422774761697844,0.04447670878511985,0.100776537745834,0.11594074131867414,0.1134744378305021,0.008251056558200298,-1.3928523387877063,1.3795041741603404,0.020000000000000018,0.09593733604311634,composite trapezoid on reference grid
double-well,CP,3,2.88,0.044680194829788474,1.0,0.9999999999999897,0.0,0.4190219035511473,0.05017641441443192,0.12044998435696812,0.12198047780161944,0.11967461195673645,0.008095518185100792,-1.3928523387877063,1.3795041741603404,0.020000000000000018,0.09593733604311634,composite trapezoid on reference grid
double-well,CP,3,2.94,0.044680194829788474,1.0,0.9999999999999896,0.0,0.43215865754927646,0.04896126207499599,0.10581245864597302,0.12352970387788414,0.12296775586627567,0.008517873514823499,-1.3928523387877063,1.3795041741603404,0.020000000000000018,0.09593733604311634,composite trapezoid on reference grid
double-well,CP,3,3.0,0.044680194829788474,1.0,0.9999999999999896,0.0,0.43775578192706194,0.05116426081091882,0.10869408381315418,0.12670923973797044,0.1239383667453349,0.008980059634517867,-1.3928523387877063,1.3795041741603404,0.020000000000000018,0.09593733604311634,composite trapezoid on reference grid
double-well,CP,3,3.06,0.044680194829788474,0.9999999999999999,0.9999999999999898,0.0,0.4131902970658109,0.04465573091353441,0.10700560029882203,0.11812272886985718,0.11572295806064323,0.007818165297530794,-1.3928523387877063,1.3795041741603404,0.020000000000000018,0.09593733604311634,composite trapezoid on reference grid
double-well,CP,3,3.12,0.044680194829788474,0.9999999999999999,0.9999999999999898,0.0,0.40876236030217716,0.04454335436457503,0.10295287363939243,0.11754519346520048,0.1157424099297589,0.00832481854004008,-1.3928523387877063,1.3795041741603404,0.020000000000000018,0.09593733604311634,composite trapezoid on reference grid
double-well,CP,3,3.18,0.044680194829788474,1.0000000000000002,0.9999999999999897,0.0,0.4030831117184255,0.04198048956303077,0.09425787788675566,0.11946530120948501,0.11677077103974079,0.007592745520714761,-1.3928523387877063,1.3795041741603404,0.020000000000000018,0.09593733604311634,composite trapezoid on reference grid
double-well,CP,3,3.24,0.044680194829788474,1.0,0.9999999999999897,0.0,0.43358264273698577,0.04725712616928075,0.10635995890173142,0.12255582746584137,0.11914668221699767,0.007740543600017941,-1.3928523387877063,1.3795041741603404,0.020000000000000018,0.09593733604311634,composite trapezoid on reference grid
double-well,CP,3,3.3000000000000003,0.044680194829788474,1.0,0.9999999999999898,0.0,0.43853368672596427,0.05184551479047009,0.117574520400982,0.12193985358351792,0.11829220674017218,0.008413049658745897,-1.3928523387877063,1.3795041741603404,0.020000000000000018,0.09593733604311634,composite trapezoid on reference grid
double-well,CP,3,3.36,0.044680194829788474,1.0,0.9999999999999898,0.0,0.4379372437342732,0.05197026648780838,0.11331014859340155,0.11890829293331247,0.11687984790828489,0.007936738058474141,-1.3928523387877063,1.3795041741603404,0.020000000000000018,0.09593733604311634,composite trapezoid on reference grid
double-well,CP,3,3.42,0.044680194829788474,0.9999999999999999,0.9999999999999898,0.0,0.4351296740408245,0.052789709673093474,0.11456968684084766,0.11760700039531578,0.1148474576544258,0.00774325092161865,-1.3928523387877063,1.3795041741603404,0.020000000000000018,0.09593733604311634,composite trapezoid on reference grid
double-well,CP,3,3.48,0.044680194829788474,1.0000000000000002,0.9999999999999896,0.0,0.41952883817044695,0.04871607924971534,0.10882796432829833,0.11556357407783302,0.11324348427192125,0.00917494297526554,-1.3928523387877063,1.3795041741603404,0.020000000000000018,0.09593733604311634,composite trapezoid on reference grid
double-well,CP,3,3.54,0.044680194829788474,1.0,0.9999999999999898,0.0,0.40747086868980353,0.04437288886438881,0.09916905154953018,0.11531494774515286,0.11256534692141118,0.007510250494966272,-1.3928523387877063,1.3795041741603404,0.020000000000000018,0.09593733604311634,composite trapezoid on reference grid
double-well,CP,3,3.6,0.044680194829788474,1.0,0.9999999999999897,0.0,0.41565731898196123,0.04589759925710091,0.10340225652922726,0.11404355048211454,0.11029261964868389,0.0068621264897315015,-1.3928523387877063,1.3795041741603404,0.020000000000000018,0.09593733604311634,composite trapezoid on reference grid
double-well,CP,3,3.66,0.044680194829788474,1.0,0.9999999999999896,0.0,0.4154530879333921,0.0455884991446174,0.10263257055518567,0.11605039951572613,0.11343574528203852,0.008393807526842156,-1.3928523387877063,1.3795041741603404,0.020000000000000018,0.09593733604311634,composite trapezoid on reference grid
double-well,CP,3,3.72,0.044680194829788474,1.0,0.9999999999999897,0.0,0.41389530467562163,0.04433205468883804,0.09917321768604093,0.11699576810745069,0.1148474576544258,0.008942339342366185,-1.3928523387877063,1.3795041741603404,0.020000000000000018,0.09593733604311634,composite trapezoid on reference grid
double-well,CP,3,3.7800000000000002,0.044680194829788474,1.0,0.9999999999999898,0.0,0.41805007388206783,0.04434145121522157,0.09247261601500176,0.11892323969069823,0.11551031858063404,0.009095572153401482,-1.3928523387877063,1.3795041741603404,0.020000000000000018,0.09593733604311634,composite trapezoid on reference grid
double-well,CP,3,3.84,0.044680194829788474,1.0,0.9999999999999897,0.0,0.40694307090525084,0.043238645096252415,0.0986454331502637,0.11513263831196369,0.11120941361757392,0.00791558870250686,-1.3928523387877063,1.3795041741603404,0.020000000000000018,0.09593733604311634,composite trapezoid on reference grid
double-well,CP,3,3.9,0.044680194829788474,0.9999999999999998,0.9999999999999898,0.0,0.41910268678524065,0.045822824332684045,0.10082262514843454,0.12060529719120044,0.11892422811157707,0.008336078248672885,-1.3928523387877063,1.3795041741603404,0.020000000000000018,0.09593733604311634,composite trapezoid on reference grid
double-well,CP,3,3.96,0.044680194829788474,1.0,0.9999999999999898,0.0,0.41195370351603466,0.043552483095032346,0.09464557690660763,0.11934852697620432,0.11831097559310011,0.008988887794493583,-1.3928523387877063,1.3795041741603404,0.020000000000000018,0.09593733604311634,composite trapezoid on reference grid
double-well,CP,3,4.0200000000000005,0.044680194829788474,0.9999999999999998,0.9999999999999898,0.0,0.39955008588819135,0.041973574605412164,0.09198582849824283,0.10855367242168434,0.10673755362149745,0.007988676257352806,-1.3928523387877063,1.3795041741603404,0.020000000000000018,0.09593733604311634,composite trapezoid on reference grid
double-well,CP,3,4.08,0.044680194829788474,1.0,0.9999999999999897,0.0,0.40943905406879455,0.04545732828045232,0.10430830529921381,0.11224741533960689,0.11026982102518688,0.0076034891554097594,-1.3928523387877063,1.3795041741603404,0.020000000000000018,0.09593733604311634,composite trapezoid on reference grid
double-well,CP,3,4.14,0.044680194829788474,1.0,0.9999999999999898,0.0,0.41806169538799853,0.04695156356656843,0.11180886719523152,0.1105161990838118,0.10687984790828488,0.007126537413229772,-1.3928523387877063,1.3795041741603404,0.020000000000000018,0.09593733604311634,composite trapezoid on reference grid
double-well,CP,3,4.2,0.044680194829788474,1.0,0.9999999999999898,0.0,0.39609115616198703,0.04322761604847748,0.098698174941341,0.10870791023725007,0.10506166609010308,0.008629812381922064,-1.3928523387877063,1.3795041741603404,0.020000000000000018,0.09593733604311634,composite trapezoid on reference grid
double-well,CP,3,4.26,0.044680194829788474,1.0,0.9999999999999898,0.0,0.41221919704297577,0.04534819325898026,0.0965353847689563,0.11325786534850354,0.11072295806064322,0.0075409504993813326,-1.3928523387877063,1.3795041741603404,0.020000000000000018,0.09593733604311634,composite trapezoid on reference grid
double-well,CP,3,4.32,0.044680194829788474,0.9999999999999999,0.9999999999999898,0.0,0.43003619006986943,0.048199921795821735,0.10656826696335786,0.11921725396573751,0.11556493401289944,0.008743527353541114,-1.3928523387877063,1.3795041741603404,0.020000000000000018,0.09593733604311634,composite trapezoid on reference grid
double-well,CP,3,4.38,0.044680194829788474,1.0,0.9999999999999896,0.0,0.45090553282781,0.05298760234309556,0.11125536271488828,0.12027507521350381,0.11823759130790676,0.008174043471772696,-1.3928523387877063,1.3795041741603404,0.020000000000000018,0.09593733604311634,composite trapezoid on reference grid
double-well,CP,3,4.44,0.044680194829788474,1.0,0.9999999999999898,0.0,0.44031838381817223,0.051499490177024695,0.10467132734812103,0.11771763114554874,0.11663204896973414,0.008815095475121826,-1.3928523387877063,1.3795041741603404,0.020000000000000018,0.09593733604311634,composite trapezoid on reference grid
double-well,CP,3,4.5,0.044680194829788474,1.0,0.9999999999999896,0.0,0.4386918604240332,0.051281709437847996,0.11657954018357011,0.11698398547294456,0.11439123179939215,0.00851223532572798,-1.3928523387877063,1.3795041741603404,0.020000000000000018,0.09593733604311634,composite trapezoid on reference grid
double-well,CP,3,4.5600000000000005,0.044680194829788474,1.0,0.9999999999999898,0.0,0.41739219707152053,0.044576364873776586,0.10817236027807936,0.11071117458551286,0.10798119982749306,0.007633074847966659,-1.3928523387877063,1.3795041741603404,0.020000000000000018,0.09593733604311634,composite trapezoid on reference grid
double-well,CP,3,4.62,0.044680194829788474,1.0000000000000002,0.9999999999999896,0.0,0.4311610559171166,0.04748202671926343,0.10850592646397264,0.11512559232169593,0.1127889388173758,0.009708253152643564,-1.3928523387877063,1.3795041741603404,0.020000000000000018,0.09593733604311634,composite trapezoid on reference grid
double-well,CP,3,4.68,0.044680194829788474,0.9999999999999999,0.9999999999999898,0.0,0.4131422183987873,0.04562408019346364,0.10323164927527274,0.10919250012591955,0.10665625601232026,0.008039594415829576,-1.3928523387877063,1.3795041741603404,0.020000000000000018,0.09593733604311634,composite trapezoid on reference grid
double-well,CP,3,4.74,0.044680194829788474,1.0,0.9999999999999897,0.0,0.4052347253340776,0.04377184155160248,0.1006883794062709,0.10557559864714705,0.1037467521947176,0.009645475341034937,-1.3928523387877063,1.3795041741603404,0.020000000000000018,0.09593733604311634,composite trapezoid on reference grid
double-well,CP,3,4.8,0.044680194829788474,1.0,0.9999999999999898,0.0,0.42158219864711644,0.04578774631981303,0.11320265727771149,0.11148476147214578,0.11006166609010305,0.007995172286295205,-1.3928523387877063,1.3795041741603404,0.020000000000000018,0.09593733604311634,composite trapezoid on reference grid
