epsilon,replicate,metric,bias_floor_value,N_particles
0.4,0,KDE_chi2,0.004565750215866707,6000
0.4,0,well_TV,0.0024999999999999467,6000
0.4,0,CDF_sup,0.011499999999999962,6000
0.4,0,W1,0.011246040252421664,6000
0.4,0,bin_chi2_M40,0.004302222222222223,6000
0.4,0,bin_chi2_M80,0.01672888888888889,6000
0.4,0,bin_chi2_M120,0.019213333333333332,6000
0.4,1,KDE_chi2,0.0018149477982079124,6000
0.4,1,well_TV,0.0006666666666665932,6000
0.4,1,CDF_sup,0.00862500000000003,6000
0.4,1,W1,0.0075824003039716235,6000
0.4,1,bin_chi2_M40,0.004966666666666666,6000
0.4,1,bin_chi2_M80,0.011075555555555556,6000
0.4,1,bin_chi2_M120,0.0184,6000
0.4,2,KDE_chi2,0.0018919819626766524,6000
0.4,2,well_TV,0.009333333333333416,6000
0.4,2,CDF_sup,0.012041666666666642,6000
0.4,2,W1,0.01608634349851819,6000
0.4,2,bin_chi2_M40,0.008277777777777778,6000
0.4,2,bin_chi2_M80,0.01180888888888889,6000
0.4,2,bin_chi2_M120,0.022693333333333333,6000
0.4,3,KDE_chi2,0.004134305659736499,6000
0.4,3,well_TV,0.0001666666666666483,6000
0.4,3,CDF_sup,0.009291666666666705,6000
0.4,3,W1,0.009311294152801061,6000
0.4,3,bin_chi2_M40,0.006971111111111114,6000
0.4,3,bin_chi2_M80,0.011622222222222221,6000
0.4,3,bin_chi2_M120,0.026166666666666664,6000
0.4,4,KDE_chi2,0.004475424136974868,6000
0.4,4,well_TV,0.02200000000000002,6000
0.4,4,CDF_sup,0.02224999999999998,6000
0.4,4,W1,0.04134520400976763,6000
0.4,4,bin_chi2_M40,0.008251111111111112,6000
0.4,4,bin_chi2_M80,0.013111111111111108,6000
0.4,4,bin_chi2_M120,0.02102666666666667,6000
0.4,5,KDE_chi2,0.0028638260755675304,6000
0.4,5,well_TV,0.003166666666666651,6000
0.4,5,CDF_sup,0.006291666666666623,6000
0.4,5,W1,0.0064585110945980535,6000
0.4,5,bin_chi2_M40,0.007484444444444445,6000
0.4,5,bin_chi2_M80,0.014231111111111111,6000
0.4,5,bin_chi2_M120,0.01758,6000
0.4,6,KDE_chi2,0.0048450184558612285,6000
0.4,6,well_TV,0.0044999999999999485,6000
0.4,6,CDF_sup,0.014041666666666633,6000
0.4,6,W1,0.011353766309015759,6000
0.4,6,bin_chi2_M40,0.007237777777777779,6000
0.4,6,bin_chi2_M80,0.015297777777777776,6000
0.4,6,bin_chi2_M120,0.020346666666666662,6000
0.4,7,KDE_chi2,0.004629242563235838,6000
0.4,7,well_TV,0.009499999999999953,6000
0.4,7,CDF_sup,0.01245833333333331,6000
0.4,7,W1,0.015147183052041832,6000
0.4,7,bin_chi2_M40,0.005962222222222223,6000
0.4,7,bin_chi2_M80,0.011248888888888888,6000
0.4,7,bin_chi2_M120,0.01902666666666667,6000
0.4,8,KDE_chi2,0.0032338211056914187,6000
0.4,8,well_TV,0.005666666666666709,6000
0.4,8,CDF_sup,0.01054166666666663,6000
0.4,8,W1,0.015133978644351837,6000
0.4,8,bin_chi2_M40,0.008293333333333333,6000
0.4,8,bin_chi2_M80,0.01200888888888889,6000
0.4,8,bin_chi2_M120,0.02570666666666667,6000
0.4,9,KDE_chi2,0.0025542557050295235,6000
0.4,9,well_TV,0.01050000000000001,6000
0.4,9,CDF_sup,0.010666666666666689,6000
0.4,9,W1,0.013288800386659444,6000
0.4,9,bin_chi2_M40,0.005319999999999998,6000
0.4,9,bin_chi2_M80,0.012724444444444444,6000
0.4,9,bin_chi2_M120,0.023526666666666668,6000
0.4,10,KDE_chi2,0.004178761441944333,6000
0.4,10,well_TV,0.006833333333333247,6000
0.4,10,CDF_sup,0.011333333333333306,6000
0.4,10,W1,0.015213046872009061,6000
0.4,10,bin_chi2_M40,0.008244444444444443,6000
0.4,10,bin_chi2_M80,0.016626666666666668,6000
0.4,10,bin_chi2_M120,0.01600666666666667,6000
0.4,11,KDE_chi2,0.003432886252930056,6000
0.4,11,well_TV,0.002666666666666595,6000
0.4,11,CDF_sup,0.009333333333333294,6000
0.4,11,W1,0.011138680411222636,6000
0.4,11,bin_chi2_M40,0.006257777777777778,6000
0.4,11,bin_chi2_M80,0.011733333333333333,6000
0.4,11,bin_chi2_M120,0.019633333333333336,6000
0.4,12,KDE_chi2,0.00401126842452133,6000
0.4,12,well_TV,0.0013333333333334085,6000
0.4,12,CDF_sup,0.006749999999999964,6000
0.4,12,W1,0.006477224768985327,6000
0.4,12,bin_chi2_M40,0.00494888888888889,6000
0.4,12,bin_chi2_M80,0.011155555555555557,6000
0.4,12,bin_chi2_M120,0.015393333333333332,6000
0.4,13,KDE_chi2,0.004166917857770021,6000
0.4,13,well_TV,0.011833333333333251,6000
0.4,13,CDF_sup,0.014124999999999983,6000
0.4,13,W1,0.021415557857143858,6000
0.4,13,bin_chi2_M40,0.011133333333333335,6000
0.4,13,bin_chi2_M80,0.013000000000000001,6000
0.4,13,bin_chi2_M120,0.021326666666666667,6000
0.4,14,KDE_chi2,0.003905791195641827,6000
0.4,14,well_TV,0.010333333333333306,6000
0.4,14,CDF_sup,0.012083333333333349,6000
0.4,14,W1,0.019331527114414833,6000
0.4,14,bin_chi2_M40,0.008562222222222221,6000
0.4,14,bin_chi2_M80,0.015297777777777776,6000
0.4,14,bin_chi2_M120,0.02246666666666667,6000
0.4,15,KDE_chi2,0.0030522522045063182,6000
0.4,15,well_TV,0.0008333333333333526,6000
0.4,15,CDF_sup,0.012916666666666677,6000
0.4,15,W1,0.009081088943162043,6000
0.4,15,bin_chi2_M40,0.0073777777777777765,6000
0.4,15,bin_chi2_M80,0.014591111111111109,6000
0.4,15,bin_chi2_M120,0.018673333333333333,6000
0.4,16,KDE_chi2,0.0024140241651903543,6000
0.4,16,well_TV,0.004166666666666652,6000
0.4,16,CDF_sup,0.009374999999999977,6000
0.4,16,W1,0.014518899997213234,6000
0.4,16,bin_chi2_M40,0.005684444444444446,6000
0.4,16,bin_chi2_M80,0.014324444444444445,6000
0.4,16,bin_chi2_M120,0.01565333333333333,6000
0.4,17,KDE_chi2,0.0024175259588243613,6000
0.4,17,well_TV,0.0001666666666666483,6000
0.4,17,CDF_sup,0.0051249999999999915,6000
0.4,17,W1,0.004667560362232489,6000
0.4,17,bin_chi2_M40,0.005795555555555554,6000
0.4,17,bin_chi2_M80,0.015368888888888889,6000
0.4,17,bin_chi2_M120,0.019153333333333338,6000
0.4,18,KDE_chi2,0.0020870133729850274,6000
0.4,18,well_TV,0.0020000000000000018,6000
0.4,18,CDF_sup,0.009791666666666657,6000
0.4,18,W1,0.007899354215652327,6000
0.4,18,bin_chi2_M40,0.005611111111111112,6000
0.4,18,bin_chi2_M80,0.013782222222222223,6000
0.4,18,bin_chi2_M120,0.017913333333333337,6000
0.4,19,KDE_chi2,0.0014278653037972859,6000
0.4,19,well_TV,0.0003333333333332966,6000
0.4,19,CDF_sup,0.012416666666666656,6000
0.4,19,W1,0.011747949104564165,6000
0.4,19,bin_chi2_M40,0.00580888888888889,6000
0.4,19,bin_chi2_M80,0.012408888888888888,6000
0.4,19,bin_chi2_M120,0.02050666666666667,6000
0.4,20,KDE_chi2,0.005482529407700061,6000
0.4,20,well_TV,0.019333333333333313,6000
0.4,20,CDF_sup,0.02795833333333335,6000
0.4,20,W1,0.04572812087986616,6000
0.4,20,bin_chi2_M40,0.005286666666666666,6000
0.4,20,bin_chi2_M80,0.011102222222222222,6000
0.4,20,bin_chi2_M120,0.021180000000000004,6000
0.4,21,KDE_chi2,0.002996383797096595,6000
0.4,21,well_TV,0.01150000000000001,6000
0.4,21,CDF_sup,0.01150000000000002,6000
0.4,21,W1,0.013208507446325528,6000
0.4,21,bin_chi2_M40,0.003608888888888888,6000
0.4,21,bin_chi2_M80,0.010746666666666665,6000
0.4,21,bin_chi2_M120,0.023306666666666667,6000
0.4,22,KDE_chi2,0.0022768031083537383,6000
0.4,22,well_TV,0.000500000000000056,6000
0.4,22,CDF_sup,0.009499999999999991,6000
0.4,22,W1,0.008177705972273082,6000
0.4,22,bin_chi2_M40,0.006682222222222221,6000
0.4,22,bin_chi2_M80,0.015951111111111107,6000
0.4,22,bin_chi2_M120,0.0199,6000
0.4,23,KDE_chi2,0.002263980234355602,6000
0.4,23,well_TV,0.007000000000000062,6000
0.4,23,CDF_sup,0.009333333333333365,6000
0.4,23,W1,0.01035765789368548,6000
0.4,23,bin_chi2_M40,0.006315555555555555,6000
0.4,23,bin_chi2_M80,0.013524444444444447,6000
0.4,23,bin_chi2_M120,0.020373333333333334,6000
0.4,24,KDE_chi2,0.002382302942250318,6000
0.4,24,well_TV,0.005833333333333357,6000
0.4,24,CDF_sup,0.007541666666666697,6000
0.4,24,W1,0.008525291593572164,6000
0.4,24,bin_chi2_M40,0.004928888888888887,6000
0.4,24,bin_chi2_M80,0.016422222222222223,6000
0.4,24,bin_chi2_M120,0.01998,6000
0.4,25,KDE_chi2,0.002894022747930358,6000
0.4,25,well_TV,0.0018333333333333535,6000
0.4,25,CDF_sup,0.006999999999999977,6000
0.4,25,W1,0.009764325097793045,6000
0.4,25,bin_chi2_M40,0.005033333333333332,6000
0.4,25,bin_chi2_M80,0.012559999999999998,6000
0.4,25,bin_chi2_M120,0.022553333333333335,6000
0.4,26,KDE_chi2,0.002332460444855354,6000
0.4,26,well_TV,0.006833333333333358,6000
0.4,26,CDF_sup,0.012166666666666655,6000
0.4,26,W1,0.01901168378975934,6000
0.4,26,bin_chi2_M40,0.007240000000000002,6000
0.4,26,bin_chi2_M80,0.012759999999999997,6000
0.4,26,bin_chi2_M120,0.01998,6000
0.4,27,KDE_chi2,0.004478337256790368,6000
0.4,27,well_TV,0.006666666666666599,6000
0.4,27,CDF_sup,0.009416666666666636,6000
0.4,27,W1,0.015134347896610438,6000
0.4,27,bin_chi2_M40,0.0060688888888888876,6000
0.4,27,bin_chi2_M80,0.016395555555555556,6000
0.4,27,bin_chi2_M120,0.01766,6000
0.4,28,KDE_chi2,0.001798839764577341,6000
0.4,28,well_TV,0.0003333333333332966,6000
0.4,28,CDF_sup,0.009791666666666655,6000
0.4,28,W1,0.007893288526723208,6000
0.4,28,bin_chi2_M40,0.006562222222222222,6000
0.4,28,bin_chi2_M80,0.013555555555555557,6000
0.4,28,bin_chi2_M120,0.017786666666666666,6000
0.4,29,KDE_chi2,0.00478771171740581,6000
0.4,29,well_TV,0.0034999999999999476,6000
0.4,29,CDF_sup,0.0107083333333333,6000
0.4,29,W1,0.012930494658369502,6000
0.4,29,bin_chi2_M40,0.006862222222222223,6000
0.4,29,bin_chi2_M80,0.015364444444444443,6000
0.4,29,bin_chi2_M120,0.019479999999999997,6000
0.4,30,KDE_chi2,0.004336648521550567,6000
0.4,30,well_TV,0.0044999999999999485,6000
0.4,30,CDF_sup,0.00820833333333335,6000
0.4,30,W1,0.01183675659226662,6000
0.4,30,bin_chi2_M40,0.005713333333333334,6000
0.4,30,bin_chi2_M80,0.013706666666666667,6000
0.4,30,bin_chi2_M120,0.01814,6000
0.4,31,KDE_chi2,0.0035113997377092037,6000
0.4,31,well_TV,0.01316666666666666,6000
0.4,31,CDF_sup,0.01625000000000002,6000
0.4,31,W1,0.02518056875165401,6000
0.4,31,bin_chi2_M40,0.009166666666666665,6000
0.4,31,bin_chi2_M80,0.010626666666666666,6000
0.4,31,bin_chi2_M120,0.014793333333333332,6000
0.4,32,KDE_chi2,0.002320912232367315,6000
0.4,32,well_TV,0.01366666666666666,6000
0.4,32,CDF_sup,0.016333333333333352,6000
0.4,32,W1,0.023225245390232845,6000
0.4,32,bin_chi2_M40,0.004742222222222222,6000
0.4,32,bin_chi2_M80,0.012884444444444445,6000
0.4,32,bin_chi2_M120,0.017513333333333332,6000
0.4,33,KDE_chi2,0.004917519378232408,6000
0.4,33,well_TV,0.0034999999999999476,6000
0.4,33,CDF_sup,0.011666666666666646,6000
0.4,33,W1,0.016012700834426963,6000
0.4,33,bin_chi2_M40,0.00788888888888889,6000
0.4,33,bin_chi2_M80,0.012724444444444444,6000
0.4,33,bin_chi2_M120,0.019653333333333335,6000
0.4,34,KDE_chi2,0.003706753410991876,6000
0.4,34,well_TV,0.006000000000000005,6000
0.4,34,CDF_sup,0.009416666666666625,6000
0.4,34,W1,0.00910515649762094,6000
0.4,34,bin_chi2_M40,0.006913333333333332,6000
0.4,34,bin_chi2_M80,0.012008888888888887,6000
0.4,34,bin_chi2_M120,0.024126666666666668,6000
0.4,35,KDE_chi2,0.0031893291927188355,6000
0.4,35,well_TV,0.003500000000000003,6000
0.4,35,CDF_sup,0.00991666666666668,6000
0.4,35,W1,0.010633090646890971,6000
0.4,35,bin_chi2_M40,0.005304444444444445,6000
0.4,35,bin_chi2_M80,0.015706666666666667,6000
0.4,35,bin_chi2_M120,0.02092,6000
0.4,36,KDE_chi2,0.0021284195626099615,6000
0.4,36,well_TV,0.00666666666666671,6000
0.4,36,CDF_sup,0.009416666666666651,6000
0.4,36,W1,0.012793725952972478,6000
0.4,36,bin_chi2_M40,0.006020000000000001,6000
0.4,36,bin_chi2_M80,0.016071111111111105,6000
0.4,36,bin_chi2_M120,0.02162,6000
0.4,37,KDE_chi2,0.002032250344945844,6000
0.4,37,well_TV,0.0023333333333332984,6000
0.4,37,CDF_sup,0.008166666666666648,6000
0.4,37,W1,0.009430447860684208,6000
0.4,37,bin_chi2_M40,0.0064177777777777775,6000
0.4,37,bin_chi2_M80,0.015986666666666663,6000
0.4,37,bin_chi2_M120,0.02715333333333333,6000
0.4,38,KDE_chi2,0.002482618167860774,6000
0.4,38,well_TV,0.005166666666666653,6000
0.4,38,CDF_sup,0.0120416666666667,6000
0.4,38,W1,0.0152942754239315,6000
0.4,38,bin_chi2_M40,0.008251111111111112,6000
0.4,38,bin_chi2_M80,0.008577777777777778,6000
0.4,38,bin_chi2_M120,0.022766666666666668,6000
0.4,39,KDE_chi2,0.0036892413238110923,6000
0.4,39,well_TV,0.0008333333333332416,6000
0.4,39,CDF_sup,0.009750000000000038,6000
0.4,39,W1,0.013472080012620824,6000
0.4,39,bin_chi2_M40,0.007011111111111112,6000
0.4,39,bin_chi2_M80,0.010311111111111111,6000
0.4,39,bin_chi2_M120,0.020646666666666667,6000
0.4,40,KDE_chi2,0.003288196782662597,6000
0.4,40,well_TV,0.0038333333333332997,6000
0.4,40,CDF_sup,0.014625000000000037,6000
0.4,40,W1,0.019230049234028157,6000
0.4,40,bin_chi2_M40,0.007093333333333335,6000
0.4,40,bin_chi2_M80,0.013608888888888889,6000
0.4,40,bin_chi2_M120,0.016499999999999997,6000
0.4,41,KDE_chi2,0.003908082020363635,6000
0.4,41,well_TV,0.0003333333333332966,6000
0.4,41,CDF_sup,0.011916666666666683,6000
0.4,41,W1,0.011769686682180902,6000
0.4,41,bin_chi2_M40,0.005626666666666667,6000
0.4,41,bin_chi2_M80,0.014035555555555555,6000
0.4,41,bin_chi2_M120,0.020626666666666665,6000
0.4,42,KDE_chi2,0.0026589337076081574,6000
0.4,42,well_TV,0.004166666666666707,6000
0.4,42,CDF_sup,0.008791666666666632,6000
0.4,42,W1,0.00878473395197087,6000
0.4,42,bin_chi2_M40,0.0025977777777777783,6000
0.4,42,bin_chi2_M80,0.013986666666666665,6000
0.4,42,bin_chi2_M120,0.01961333333333333,6000
0.4,43,KDE_chi2,0.0018290779156402044,6000
0.4,43,well_TV,0.0010000000000000009,6000
0.4,43,CDF_sup,0.01041666666666663,6000
0.4,43,W1,0.009549573669415147,6000
0.4,43,bin_chi2_M40,0.007584444444444442,6000
0.4,43,bin_chi2_M80,0.01129333333333333,6000
0.4,43,bin_chi2_M120,0.014773333333333333,6000
0.4,44,KDE_chi2,0.0016484587662695068,6000
0.4,44,well_TV,0.0024999999999999467,6000
0.4,44,CDF_sup,0.011083333333333322,6000
0.4,44,W1,0.01259112837819697,6000
0.4,44,bin_chi2_M40,0.006504444444444446,6000
0.4,44,bin_chi2_M80,0.016257777777777774,6000
0.4,44,bin_chi2_M120,0.021233333333333337,6000
0.4,45,KDE_chi2,0.0024532759376552585,6000
0.4,45,well_TV,0.0015000000000000013,6000
0.4,45,CDF_sup,0.010708333333333342,6000
0.4,45,W1,0.011652237779679955,6000
0.4,45,bin_chi2_M40,0.00516,6000
0.4,45,bin_chi2_M80,0.009146666666666668,6000
0.4,45,bin_chi2_M120,0.02112666666666666,6000
0.4,46,KDE_chi2,0.005604231362428366,6000
0.4,46,well_TV,0.012666666666666604,6000
0.4,46,CDF_sup,0.015374999999999967,6000
0.4,46,W1,0.01829049140302521,6000
0.4,46,bin_chi2_M40,0.00519111111111111,6000
0.4,46,bin_chi2_M80,0.01799111111111111,6000
0.4,46,bin_chi2_M120,0.017273333333333335,6000
0.4,47,KDE_chi2,0.005116228390882463,6000
0.4,47,well_TV,0.0043333333333333,6000
0.4,47,CDF_sup,0.014708333333333294,6000
0.4,47,W1,0.017075294394958834,6000
0.4,47,bin_chi2_M40,0.005471111111111111,6000
0.4,47,bin_chi2_M80,0.0073911111111111105,6000
0.4,47,bin_chi2_M120,0.024773333333333335,6000
0.4,48,KDE_chi2,0.0033525845719896753,6000
0.4,48,well_TV,0.006666666666666654,6000
0.4,48,CDF_sup,0.013875000000000016,6000
0.4,48,W1,0.018714652123734125,6000
0.4,48,bin_chi2_M40,0.012724444444444443,6000
0.4,48,bin_chi2_M80,0.010484444444444446,6000
0.4,48,bin_chi2_M120,0.0177,6000
0.4,49,KDE_chi2,0.004490137830483197,6000
0.4,49,well_TV,0.0038333333333333552,6000
0.4,49,CDF_sup,0.013749999999999969,6000
0.4,49,W1,0.016144792523707596,6000
0.4,49,bin_chi2_M40,0.006866666666666665,6000
0.4,49,bin_chi2_M80,0.010897777777777777,6000
0.4,49,bin_chi2_M120,0.015713333333333336,6000
0.4,50,KDE_chi2,0.004532376968627702,6000
0.4,50,well_TV,0.005499999999999949,6000
0.4,50,CDF_sup,0.008291666666666694,6000
0.4,50,W1,0.009495084488918653,6000
0.4,50,bin_chi2_M40,0.008553333333333333,6000
0.4,50,bin_chi2_M80,0.015315555555555553,6000
0.4,50,bin_chi2_M120,0.01738666666666667,6000
0.4,51,KDE_chi2,0.004993651906817175,6000
0.4,51,well_TV,0.0003333333333332966,6000
0.4,51,CDF_sup,0.011166666666666672,6000
0.4,51,W1,0.013864280677972627,6000
0.4,51,bin_chi2_M40,0.006946666666666664,6000
0.4,51,bin_chi2_M80,0.01595111111111111,6000
0.4,51,bin_chi2_M120,0.01898,6000
0.4,52,KDE_chi2,0.0048685146084619145,6000
0.4,52,well_TV,0.0071666666666666545,6000
0.4,52,CDF_sup,0.020083333333333318,6000
0.4,52,W1,0.02701600076630501,6000
0.4,52,bin_chi2_M40,0.007491111111111111,6000
0.4,52,bin_chi2_M80,0.014955555555555555,6000
0.4,52,bin_chi2_M120,0.019199999999999995,6000
0.4,53,KDE_chi2,0.00262645390342056,6000
0.4,53,well_TV,0.0016666666666666496,6000
0.4,53,CDF_sup,0.007000000000000027,6000
0.4,53,W1,0.007756975725587508,6000
0.4,53,bin_chi2_M40,0.0043444444444444424,6000
0.4,53,bin_chi2_M80,0.010724444444444443,6000
0.4,53,bin_chi2_M120,0.018813333333333335,6000
0.4,54,KDE_chi2,0.002163624677908126,6000
0.4,54,well_TV,0.002666666666666706,6000
0.4,54,CDF_sup,0.012958333333333356,6000
0.4,54,W1,0.012573042711095373,6000
0.4,54,bin_chi2_M40,0.004666666666666667,6000
0.4,54,bin_chi2_M80,0.011608888888888887,6000
0.4,54,bin_chi2_M120,0.021206666666666665,6000
0.4,55,KDE_chi2,0.0032683968476212707,6000
0.4,55,well_TV,0.005666666666666598,6000
0.4,55,CDF_sup,0.007166666666666647,6000
0.4,55,W1,0.007235300157032141,6000
0.4,55,bin_chi2_M40,0.007855555555555557,6000
0.4,55,bin_chi2_M80,0.013888888888888888,6000
0.4,55,bin_chi2_M120,0.017366666666666666,6000
0.4,56,KDE_chi2,0.0023887549390141953,6000
0.4,56,well_TV,0.004833333333333356,6000
0.4,56,CDF_sup,0.008166666666666643,6000
0.4,56,W1,0.009503220935246645,6000
0.4,56,bin_chi2_M40,0.007704444444444443,6000
0.4,56,bin_chi2_M80,0.020217777777777775,6000
0.4,56,bin_chi2_M120,0.02137333333333333,6000
0.4,57,KDE_chi2,0.0013624890786831738,6000
0.4,57,well_TV,0.0011666666666666492,6000
0.4,57,CDF_sup,0.011250000000000034,6000
0.4,57,W1,0.01069046763731254,6000
0.4,57,bin_chi2_M40,0.004991111111111109,6000
0.4,57,bin_chi2_M80,0.011062222222222222,6000
0.4,57,bin_chi2_M120,0.021486666666666668,6000
0.4,58,KDE_chi2,0.003212829090399442,6000
0.4,58,well_TV,0.0030000000000000027,6000
0.4,58,CDF_sup,0.009416666666666637,6000
0.4,58,W1,0.009538694638726468,6000
0.4,58,bin_chi2_M40,0.005815555555555553,6000
0.4,58,bin_chi2_M80,0.013626666666666667,6000
0.4,58,bin_chi2_M120,0.01950666666666667,6000
0.4,59,KDE_chi2,0.002426512668106804,6000
0.4,59,well_TV,0.004833333333333356,6000
0.4,59,CDF_sup,0.009833333333333298,6000
0.4,59,W1,0.016828024580570373,6000
0.4,59,bin_chi2_M40,0.005677777777777779,6000
0.4,59,bin_chi2_M80,0.012622222222222226,6000
0.4,59,bin_chi2_M120,0.0146,6000
0.4,60,KDE_chi2,0.0035491254500182408,6000
0.4,60,well_TV,0.000500000000000056,6000
0.4,60,CDF_sup,0.008000000000000014,6000
0.4,60,W1,0.008786769079716157,6000
0.4,60,bin_chi2_M40,0.005968888888888888,6000
0.4,60,bin_chi2_M80,0.012644444444444444,6000
0.4,60,bin_chi2_M120,0.01845333333333333,6000
0.4,61,KDE_chi2,0.004221826887433614,6000
0.4,61,well_TV,0.005499999999999949,6000
0.4,61,CDF_sup,0.014416666666666682,6000
0.4,61,W1,0.017026251627978477,6000
0.4,61,bin_chi2_M40,0.0077644444444444445,6000
0.4,61,bin_chi2_M80,0.01588,6000
0.4,61,bin_chi2_M120,0.024086666666666666,6000
0.4,62,KDE_chi2,0.003667956670716091,6000
0.4,62,well_TV,0.0006666666666665932,6000
0.4,62,CDF_sup,0.008624999999999992,6000
0.4,62,W1,0.010229815685289419,6000
0.4,62,bin_chi2_M40,0.006226666666666668,6000
0.4,62,bin_chi2_M80,0.010715555555555555,6000
0.4,62,bin_chi2_M120,0.018866666666666664,6000
0.4,63,KDE_chi2,0.007996931585519684,6000
0.4,63,well_TV,0.007499999999999951,6000
0.4,63,CDF_sup,0.013833333333333309,6000
0.4,63,W1,0.021745599730518695,6000
0.4,63,bin_chi2_M40,0.004864444444444445,6000
0.4,63,bin_chi2_M80,0.013426666666666665,6000
0.4,63,bin_chi2_M120,0.02084666666666667,6000
0.35,0,KDE_chi2,0.004186900444449051,6000
0.35,0,well_TV,0.018833333333333313,6000
0.35,0,CDF_sup,0.01883333333333335,6000
0.35,0,W1,0.02613416675885922,6000
0.35,0,bin_chi2_M40,0.005082222222222222,6000
0.35,0,bin_chi2_M80,0.014097777777777777,6000
0.35,0,bin_chi2_M120,0.01630666666666667,6000
0.35,1,KDE_chi2,0.004852603477517892,6000
0.35,1,well_TV,0.004166666666666652,6000
0.35,1,CDF_sup,0.012416666666666682,6000
0.35,1,W1,0.013439890478385204,6000
0.35,1,bin_chi2_M40,0.00755333333333333,6000
0.35,1,bin_chi2_M80,0.011808888888888886,6000
0.35,1,bin_chi2_M120,0.019339999999999996,6000
0.35,2,KDE_chi2,0.003370214320875812,6000
0.35,2,well_TV,0.010333333333333306,6000
0.35,2,CDF_sup,0.01137499999999998,6000
0.35,2,W1,0.014408180328855782,6000
0.35,2,bin_chi2_M40,0.007857777777777776,6000
0.35,2,bin_chi2_M80,0.011835555555555554,6000
0.35,2,bin_chi2_M120,0.019166666666666665,6000
0.35,3,KDE_chi2,0.004517676151787553,6000
0.35,3,well_TV,0.008333333333333304,6000
0.35,3,CDF_sup,0.00958333333333335,6000
0.35,3,W1,0.012892046783513827,6000
0.35,3,bin_chi2_M40,0.006577777777777778,6000
0.35,3,bin_chi2_M80,0.010866666666666667,6000
0.35,3,bin_chi2_M120,0.018486666666666665,6000
0.35,4,KDE_chi2,0.002845848454727704,6000
0.35,4,well_TV,0.013666666666666716,6000
0.35,4,CDF_sup,0.017291666666666688,6000
0.35,4,W1,0.029804928633936228,6000
0.35,4,bin_chi2_M40,0.0072977777777777746,6000
0.35,4,bin_chi2_M80,0.012311111111111111,6000
0.35,4,bin_chi2_M120,0.01959333333333333,6000
0.35,5,KDE_chi2,0.004234697568665654,6000
0.35,5,well_TV,0.0018333333333333535,6000
0.35,5,CDF_sup,0.008708333333333313,6000
0.35,5,W1,0.010957989926385917,6000
0.35,5,bin_chi2_M40,0.009566666666666666,6000
0.35,5,bin_chi2_M80,0.01150222222222222,6000
0.35,5,bin_chi2_M120,0.016533333333333334,6000
0.35,6,KDE_chi2,0.0035908922133445226,6000
0.35,6,well_TV,0.0018333333333333535,6000
0.35,6,CDF_sup,0.007291666666666649,6000
0.35,6,W1,0.007078062587151952,6000
0.35,6,bin_chi2_M40,0.0055,6000
0.35,6,bin_chi2_M80,0.012911111111111113,6000
0.35,6,bin_chi2_M120,0.021413333333333333,6000
0.35,7,KDE_chi2,0.0018254924003632024,6000
0.35,7,well_TV,0.006500000000000061,6000
0.35,7,CDF_sup,0.01545833333333332,6000
0.35,7,W1,0.019557390353975967,6000
0.35,7,bin_chi2_M40,0.005044444444444445,6000
0.35,7,bin_chi2_M80,0.012382222222222222,6000
0.35,7,bin_chi2_M120,0.021066666666666664,6000
0.35,8,KDE_chi2,0.00293648722559562,6000
0.35,8,well_TV,0.005166666666666764,6000
0.35,8,CDF_sup,0.00866666666666666,6000
0.35,8,W1,0.00814722434770231,6000
0.35,8,bin_chi2_M40,0.005379999999999999,6000
0.35,8,bin_chi2_M80,0.015755555555555554,6000
0.35,8,bin_chi2_M120,0.01652666666666667,6000
0.35,9,KDE_chi2,0.0032806343127983,6000
0.35,9,well_TV,0.0019999999999999463,6000
0.35,9,CDF_sup,0.006541666666666697,6000
0.35,9,W1,0.005990138156474008,6000
0.35,9,bin_chi2_M40,0.003906666666666666,6000
0.35,9,bin_chi2_M80,0.009640000000000001,6000
0.35,9,bin_chi2_M120,0.018466666666666666,6000
0.35,10,KDE_chi2,0.003915236823529214,6000
0.35,10,well_TV,0.0071666666666666545,6000
0.35,10,CDF_sup,0.015624999999999986,6000
0.35,10,W1,0.02398490246422278,6000
0.35,10,bin_chi2_M40,0.004586666666666668,6000
0.35,10,bin_chi2_M80,0.01732444444444444,6000
0.35,10,bin_chi2_M120,0.020286666666666668,6000
0.35,11,KDE_chi2,0.00313097884253965,6000
0.35,11,well_TV,0.0010000000000000009,6000
0.35,11,CDF_sup,0.010208333333333342,6000
0.35,11,W1,0.008966072768573132,6000
0.35,11,bin_chi2_M40,0.01087111111111111,6000
0.35,11,bin_chi2_M80,0.015866666666666668,6000
0.35,11,bin_chi2_M120,0.021353333333333335,6000
0.35,12,KDE_chi2,0.0032129204949432316,6000
0.35,12,well_TV,0.010166666666666657,6000
0.35,12,CDF_sup,0.014291666666666637,6000
0.35,12,W1,0.0239278201808156,6000
0.35,12,bin_chi2_M40,0.008655555555555557,6000
0.35,12,bin_chi2_M80,0.010715555555555556,6000
0.35,12,bin_chi2_M120,0.02026666666666667,6000
0.35,13,KDE_chi2,0.006053050267716423,6000
0.35,13,well_TV,0.0016666666666667052,6000
0.35,13,CDF_sup,0.010708333333333347,6000
0.35,13,W1,0.010331693120988084,6000
0.35,13,bin_chi2_M40,0.005144444444444443,6000
0.35,13,bin_chi2_M80,0.008555555555555554,6000
0.35,13,bin_chi2_M120,0.02210666666666667,6000
0.35,14,KDE_chi2,0.004297931645996773,6000
0.35,14,well_TV,0.01100000000000001,6000
0.35,14,CDF_sup,0.016999999999999963,6000
0.35,14,W1,0.026035455635158425,6000
0.35,14,bin_chi2_M40,0.0064955555555555565,6000
0.35,14,bin_chi2_M80,0.010306666666666669,6000
0.35,14,bin_chi2_M120,0.02344,6000
0.35,15,KDE_chi2,0.003614394001983865,6000
0.35,15,well_TV,0.005333333333333412,6000
0.35,15,CDF_sup,0.01045833333333333,6000
0.35,15,W1,0.015904674517005293,6000
0.35,15,bin_chi2_M40,0.007595555555555556,6000
0.35,15,bin_chi2_M80,0.011644444444444443,6000
0.35,15,bin_chi2_M120,0.02044666666666667,6000
0.35,16,KDE_chi2,0.0038725442040736446,6000
0.35,16,well_TV,0.0040000000000000036,6000
0.35,16,CDF_sup,0.010541666666666696,6000
0.35,16,W1,0.015694613345031243,6000
0.35,16,bin_chi2_M40,0.007184444444444444,6000
0.35,16,bin_chi2_M80,0.011626666666666667,6000
0.35,16,bin_chi2_M120,0.020313333333333333,6000
0.35,17,KDE_chi2,0.003970590192734264,6000
0.35,17,well_TV,0.008166666666666655,6000
0.35,17,CDF_sup,0.013333333333333353,6000
0.35,17,W1,0.018985906082135746,6000
0.35,17,bin_chi2_M40,0.006171111111111111,6000
0.35,17,bin_chi2_M80,0.013266666666666666,6000
0.35,17,bin_chi2_M120,0.022133333333333335,6000
0.35,18,KDE_chi2,0.0031774641125802677,6000
0.35,18,well_TV,0.010499999999999954,6000
0.35,18,CDF_sup,0.01533333333333332,6000
0.35,18,W1,0.02111709690799728,6000
0.35,18,bin_chi2_M40,0.010297777777777777,6000
0.35,18,bin_chi2_M80,0.01186222222222222,6000
0.35,18,bin_chi2_M120,0.020880000000000003,6000
0.35,19,KDE_chi2,0.0037274108086236286,6000
0.35,19,well_TV,0.001333333333333353,6000
0.35,19,CDF_sup,0.008916666666666634,6000
0.35,19,W1,0.006559167198273529,6000
0.35,19,bin_chi2_M40,0.0063977777777777765,6000
0.35,19,bin_chi2_M80,0.01095111111111111,6000
0.35,19,bin_chi2_M120,0.019993333333333335,6000
0.35,20,KDE_chi2,0.0051186507406044395,6000
0.35,20,well_TV,0.001333333333333353,6000
0.35,20,CDF_sup,0.012375000000000006,6000
0.35,20,W1,0.01084323901339728,6000
0.35,20,bin_chi2_M40,0.01112,6000
0.35,20,bin_chi2_M80,0.010862222222222223,6000
0.35,20,bin_chi2_M120,0.015439999999999999,6000
0.35,21,KDE_chi2,0.0024717338431076534,6000
0.35,21,well_TV,0.005500000000000005,6000
0.35,21,CDF_sup,0.012083333333333352,6000
0.35,21,W1,0.016463468139531243,6000
0.35,21,bin_chi2_M40,0.005695555555555555,6000
0.35,21,bin_chi2_M80,0.01542222222222222,6000
0.35,21,bin_chi2_M120,0.02188,6000
0.35,22,KDE_chi2,0.0027090280046166504,6000
0.35,22,well_TV,0.010166666666666657,6000
0.35,22,CDF_sup,0.012125000000000025,6000
0.35,22,W1,0.019819965286651177,6000
0.35,22,bin_chi2_M40,0.005868888888888889,6000
0.35,22,bin_chi2_M80,0.010235555555555555,6000
0.35,22,bin_chi2_M120,0.01506,6000
0.35,23,KDE_chi2,0.003003228251327521,6000
0.35,23,well_TV,0.0014999999999999458,6000
0.35,23,CDF_sup,0.006458333333333318,6000
0.35,23,W1,0.007029811430465834,6000
0.35,23,bin_chi2_M40,0.005002222222222223,6000
0.35,23,bin_chi2_M80,0.016702222222222222,6000
0.35,23,bin_chi2_M120,0.017166666666666667,6000
0.35,24,KDE_chi2,0.0018508558792960173,6000
0.35,24,well_TV,0.00550000000000006,6000
0.35,24,CDF_sup,0.014166666666666649,6000
0.35,24,W1,0.01850509502166807,6000
0.35,24,bin_chi2_M40,0.0070799999999999995,6000
0.35,24,bin_chi2_M80,0.008999999999999998,6000
0.35,24,bin_chi2_M120,0.01702666666666667,6000
0.35,25,KDE_chi2,0.004390499029939739,6000
0.35,25,well_TV,0.007500000000000007,6000
0.35,25,CDF_sup,0.012541666666666703,6000
0.35,25,W1,0.020033829228957724,6000
0.35,25,bin_chi2_M40,0.007197777777777779,6000
0.35,25,bin_chi2_M80,0.016586666666666666,6000
0.35,25,bin_chi2_M120,0.01763333333333333,6000
0.35,26,KDE_chi2,0.0035830743987851675,6000
0.35,26,well_TV,0.011333333333333417,6000
0.35,26,CDF_sup,0.012541666666666645,6000
0.35,26,W1,0.021385572402005105,6000
0.35,26,bin_chi2_M40,0.005882222222222223,6000
0.35,26,bin_chi2_M80,0.01436,6000
0.35,26,bin_chi2_M120,0.022366666666666667,6000
0.35,27,KDE_chi2,0.0050633870618044625,6000
0.35,27,well_TV,0.009500000000000064,6000
0.35,27,CDF_sup,0.015166666666666656,6000
0.35,27,W1,0.019937222452586528,6000
0.35,27,bin_chi2_M40,0.004713333333333333,6000
0.35,27,bin_chi2_M80,0.015088888888888888,6000
0.35,27,bin_chi2_M120,0.02352,6000
0.35,28,KDE_chi2,0.003841027183952972,6000
0.35,28,well_TV,0.010499999999999954,6000
0.35,28,CDF_sup,0.017208333333333353,6000
0.35,28,W1,0.0278117692977825,6000
0.35,28,bin_chi2_M40,0.003526666666666666,6000
0.35,28,bin_chi2_M80,0.011937777777777776,6000
0.35,28,bin_chi2_M120,0.019719999999999998,6000
0.35,29,KDE_chi2,0.0030724805440718117,6000
0.35,29,well_TV,0.0016666666666667052,6000
0.35,29,CDF_sup,0.008666666666666639,6000
0.35,29,W1,0.009783643546812383,6000
0.35,29,bin_chi2_M40,0.0037399999999999985,6000
0.35,29,bin_chi2_M80,0.011022222222222221,6000
0.35,29,bin_chi2_M120,0.017486666666666664,6000
0.35,30,KDE_chi2,0.0046930192605306115,6000
0.35,30,well_TV,0.007333333333333303,6000
0.35,30,CDF_sup,0.014875000000000006,6000
0.35,30,W1,0.02351436370177747,6000
0.35,30,bin_chi2_M40,0.005964444444444442,6000
0.35,30,bin_chi2_M80,0.011013333333333333,6000
0.35,30,bin_chi2_M120,0.01976,6000
0.35,31,KDE_chi2,0.003943505263198368,6000
0.35,31,well_TV,0.0035000000000000586,6000
0.35,31,CDF_sup,0.009208333333333325,6000
0.35,31,W1,0.00940340519602308,6000
0.35,31,bin_chi2_M40,0.008208888888888889,6000
0.35,31,bin_chi2_M80,0.011457777777777777,6000
0.35,31,bin_chi2_M120,0.02069333333333333,6000
0.35,32,KDE_chi2,0.003495151427623986,6000
0.35,32,well_TV,0.0063333333333333575,6000
0.35,32,CDF_sup,0.009333333333333365,6000
0.35,32,W1,0.01671432471763952,6000
0.35,32,bin_chi2_M40,0.007048888888888889,6000
0.35,32,bin_chi2_M80,0.011253333333333334,6000
0.35,32,bin_chi2_M120,0.01676,6000
0.35,33,KDE_chi2,0.003459722908328189,6000
0.35,33,well_TV,0.0026666666666666505,6000
0.35,33,CDF_sup,0.014333333333333344,6000
0.35,33,W1,0.011591595104816728,6000
0.35,33,bin_chi2_M40,0.004944444444444442,6000
0.35,33,bin_chi2_M80,0.011724444444444444,6000
0.35,33,bin_chi2_M120,0.01986,6000
0.35,34,KDE_chi2,0.0036953652687304024,6000
0.35,34,well_TV,0.0018333333333333535,6000
0.35,34,CDF_sup,0.009208333333333372,6000
0.35,34,W1,0.008540531432336854,6000
0.35,34,bin_chi2_M40,0.0063511111111111095,6000
0.35,34,bin_chi2_M80,0.01275111111111111,6000
0.35,34,bin_chi2_M120,0.01842,6000
0.35,35,KDE_chi2,0.00401976828127369,6000
0.35,35,well_TV,0.0034999999999999476,6000
0.35,35,CDF_sup,0.007125000000000013,6000
0.35,35,W1,0.005462300983088828,6000
0.35,35,bin_chi2_M40,0.004224444444444444,6000
0.35,35,bin_chi2_M80,0.013128888888888888,6000
0.35,35,bin_chi2_M120,0.028153333333333336,6000
0.35,36,KDE_chi2,0.0024499141736560146,6000
0.35,36,well_TV,0.0025000000000000022,6000
0.35,36,CDF_sup,0.007708333333333319,6000
0.35,36,W1,0.006786031854138921,6000
0.35,36,bin_chi2_M40,0.006584444444444445,6000
0.35,36,bin_chi2_M80,0.013155555555555556,6000
0.35,36,bin_chi2_M120,0.022233333333333334,6000
0.35,37,KDE_chi2,0.0033218553639668604,6000
0.35,37,well_TV,0.0010000000000000009,6000
0.35,37,CDF_sup,0.00724999999999997,6000
0.35,37,W1,0.0074619253908803015,6000
0.35,37,bin_chi2_M40,0.006042222222222224,6000
0.35,37,bin_chi2_M80,0.015395555555555553,6000
0.35,37,bin_chi2_M120,0.0207,6000
0.35,38,KDE_chi2,0.002728726015496531,6000
0.35,38,well_TV,0.0006666666666665932,6000
0.35,38,CDF_sup,0.00812499999999998,6000
0.35,38,W1,0.007824953067494485,6000
0.35,38,bin_chi2_M40,0.004393333333333333,6000
0.35,38,bin_chi2_M80,0.014555555555555554,6000
0.35,38,bin_chi2_M120,0.018046666666666666,6000
0.35,39,KDE_chi2,0.0014552894759879047,6000
0.35,39,well_TV,0.0038333333333333552,6000
0.35,39,CDF_sup,0.007208333333333367,6000
0.35,39,W1,0.008132504420432791,6000
0.35,39,bin_chi2_M40,0.005202222222222221,6000
0.35,39,bin_chi2_M80,0.014644444444444443,6000
0.35,39,bin_chi2_M120,0.019999999999999997,6000
0.35,40,KDE_chi2,0.0034739910494606544,6000
0.35,40,well_TV,0.0024999999999999467,6000
0.35,40,CDF_sup,0.00783333333333334,6000
0.35,40,W1,0.00924218874505675,6000
0.35,40,bin_chi2_M40,0.007959999999999998,6000
0.35,40,bin_chi2_M80,0.012146666666666663,6000
0.35,40,bin_chi2_M120,0.018273333333333336,6000
0.35,41,KDE_chi2,0.003170789793187567,6000
0.35,41,well_TV,0.0030000000000000027,6000
0.35,41,CDF_sup,0.005666666666666629,6000
0.35,41,W1,0.006773508815508788,6000
0.35,41,bin_chi2_M40,0.00698,6000
0.35,41,bin_chi2_M80,0.013044444444444444,6000
0.35,41,bin_chi2_M120,0.021340000000000005,6000
0.35,42,KDE_chi2,0.003005077200573108,6000
0.35,42,well_TV,0.009000000000000008,6000
0.35,42,CDF_sup,0.010791666666666646,6000
0.35,42,W1,0.016215050182546,6000
0.35,42,bin_chi2_M40,0.006833333333333332,6000
0.35,42,bin_chi2_M80,0.015279999999999998,6000
0.35,42,bin_chi2_M120,0.020173333333333335,6000
0.35,43,KDE_chi2,0.004381517130247974,6000
0.35,43,well_TV,0.0030000000000000027,6000
0.35,43,CDF_sup,0.010291666666666695,6000
0.35,43,W1,0.013696374269441963,6000
0.35,43,bin_chi2_M40,0.0036133333333333343,6000
0.35,43,bin_chi2_M80,0.01032,6000
0.35,43,bin_chi2_M120,0.020866666666666665,6000
0.35,44,KDE_chi2,0.004740246764148268,6000
0.35,44,well_TV,0.008166666666666655,6000
0.35,44,CDF_sup,0.014083333333333297,6000
0.35,44,W1,0.01490169953198456,6000
0.35,44,bin_chi2_M40,0.007742222222222221,6000
0.35,44,bin_chi2_M80,0.014786666666666667,6000
0.35,44,bin_chi2_M120,0.017133333333333334,6000
0.35,45,KDE_chi2,0.0032944172003503006,6000
0.35,45,well_TV,0.0011666666666666492,6000
0.35,45,CDF_sup,0.008041666666666676,6000
0.35,45,W1,0.0084776907981945,6000
0.35,45,bin_chi2_M40,0.004908888888888888,6000
0.35,45,bin_chi2_M80,0.01358222222222222,6000
0.35,45,bin_chi2_M120,0.02111333333333333,6000
0.35,46,KDE_chi2,0.00381591221473682,6000
0.35,46,well_TV,0.007333333333333414,6000
0.35,46,CDF_sup,0.011708333333333303,6000
0.35,46,W1,0.012317533276224058,6000
0.35,46,bin_chi2_M40,0.004917777777777779,6000
0.35,46,bin_chi2_M80,0.010631111111111109,6000
0.35,46,bin_chi2_M120,0.019653333333333335,6000
0.35,47,KDE_chi2,0.0037489533491936746,6000
0.35,47,well_TV,0.010166666666666657,6000
0.35,47,CDF_sup,0.012125000000000021,6000
0.35,47,W1,0.012371135426612244,6000
0.35,47,bin_chi2_M40,0.005197777777777779,6000
0.35,47,bin_chi2_M80,0.011604444444444442,6000
0.35,47,bin_chi2_M120,0.01866,6000
0.35,48,KDE_chi2,0.00446410456679127,6000
0.35,48,well_TV,0.005166666666666653,6000
0.35,48,CDF_sup,0.012958333333333367,6000
0.35,48,W1,0.016463300396659532,6000
0.35,48,bin_chi2_M40,0.006664444444444443,6000
0.35,48,bin_chi2_M80,0.010888888888888889,6000
0.35,48,bin_chi2_M120,0.021533333333333335,6000
0.35,49,KDE_chi2,0.0051695965594504185,6000
0.35,49,well_TV,0.007333333333333303,6000
0.35,49,CDF_sup,0.013249999999999979,6000
0.35,49,W1,0.017555157900082878,6000
0.35,49,bin_chi2_M40,0.006186666666666666,6000
0.35,49,bin_chi2_M80,0.010804444444444446,6000
0.35,49,bin_chi2_M120,0.01736,6000
0.35,50,KDE_chi2,0.0028005419943819164,6000
0.35,50,well_TV,0.0016666666666667052,6000
0.35,50,CDF_sup,0.010124999999999983,6000
0.35,50,W1,0.00899946467640747,6000
0.35,50,bin_chi2_M40,0.005815555555555555,6000
0.35,50,bin_chi2_M80,0.012528888888888888,6000
0.35,50,bin_chi2_M120,0.021166666666666667,6000
0.35,51,KDE_chi2,0.0052359917867454,6000
0.35,51,well_TV,0.0006666666666667043,6000
0.35,51,CDF_sup,0.009541666666666632,6000
0.35,51,W1,0.008201962453770695,6000
0.35,51,bin_chi2_M40,0.006595555555555556,6000
0.35,51,bin_chi2_M80,0.01830222222222222,6000
0.35,51,bin_chi2_M120,0.018779999999999998,6000
0.35,52,KDE_chi2,0.002437030217155221,6000
0.35,52,well_TV,0.008499999999999952,6000
0.35,52,CDF_sup,0.012416666666666652,6000
0.35,52,W1,0.018960596796967304,6000
0.35,52,bin_chi2_M40,0.004577777777777778,6000
0.35,52,bin_chi2_M80,0.012933333333333331,6000
0.35,52,bin_chi2_M120,0.02297333333333333,6000
0.35,53,KDE_chi2,0.0025972888721412027,6000
0.35,53,well_TV,0.004166666666666652,6000
0.35,53,CDF_sup,0.005583333333333368,6000
0.35,53,W1,0.005693273883644783,6000
0.35,53,bin_chi2_M40,0.0050777777777777765,6000
0.35,53,bin_chi2_M80,0.010404444444444445,6000
0.35,53,bin_chi2_M120,0.022953333333333333,6000
0.35,54,KDE_chi2,0.004018064319033376,6000
0.35,54,well_TV,0.012666666666666715,6000
0.35,54,CDF_sup,0.013374999999999974,6000
0.35,54,W1,0.02083064350243124,6000
0.35,54,bin_chi2_M40,0.005342222222222222,6000
0.35,54,bin_chi2_M80,0.01256888888888889,6000
0.35,54,bin_chi2_M120,0.022773333333333333,6000
0.35,55,KDE_chi2,0.0051002958083765,6000
0.35,55,well_TV,0.0040000000000000036,6000
0.35,55,CDF_sup,0.012416666666666677,6000
0.35,55,W1,0.016955735935654657,6000
0.35,55,bin_chi2_M40,0.007844444444444442,6000
0.35,55,bin_chi2_M80,0.013359999999999999,6000
0.35,55,bin_chi2_M120,0.016586666666666666,6000
0.35,56,KDE_chi2,0.005717522350691902,6000
0.35,56,well_TV,0.01333333333333342,6000
0.35,56,CDF_sup,0.01979166666666663,6000
0.35,56,W1,0.02422054185836016,6000
0.35,56,bin_chi2_M40,0.007660000000000002,6000
0.35,56,bin_chi2_M80,0.010208888888888889,6000
0.35,56,bin_chi2_M120,0.021060000000000002,6000
0.35,57,KDE_chi2,0.0035043144047877854,6000
0.35,57,well_TV,0.010000000000000009,6000
0.35,57,CDF_sup,0.01529166666666662,6000
0.35,57,W1,0.024278228662590648,6000
0.35,57,bin_chi2_M40,0.005028888888888887,6000
0.35,57,bin_chi2_M80,0.013288888888888888,6000
0.35,57,bin_chi2_M120,0.017293333333333334,6000
0.35,58,KDE_chi2,0.004133280967721602,6000
0.35,58,well_TV,0.0006666666666666488,6000
0.35,58,CDF_sup,0.009541666666666702,6000
0.35,58,W1,0.009717660323391563,6000
0.35,58,bin_chi2_M40,0.005868888888888889,6000
0.35,58,bin_chi2_M80,0.013444444444444443,6000
0.35,58,bin_chi2_M120,0.020333333333333335,6000
0.35,59,KDE_chi2,0.0037119898068610642,6000
0.35,59,well_TV,0.008666666666666711,6000
0.35,59,CDF_sup,0.0111666666666667,6000
0.35,59,W1,0.015283063244510349,6000
0.35,59,bin_chi2_M40,0.005866666666666667,6000
0.35,59,bin_chi2_M80,0.011493333333333333,6000
0.35,59,bin_chi2_M120,0.018246666666666668,6000
0.35,60,KDE_chi2,0.004641827018005933,6000
0.35,60,well_TV,0.0011666666666666492,6000
0.35,60,CDF_sup,0.007583333333333371,6000
0.35,60,W1,0.007032111530297924,6000
0.35,60,bin_chi2_M40,0.00880888888888889,6000
0.35,60,bin_chi2_M80,0.013124444444444446,6000
0.35,60,bin_chi2_M120,0.02376,6000
0.35,61,KDE_chi2,0.0028142225925933,6000
0.35,61,well_TV,0.004666666666666708,6000
0.35,61,CDF_sup,0.010666666666666658,6000
0.35,61,W1,0.01111745253999586,6000
0.35,61,bin_chi2_M40,0.0039244444444444465,6000
0.35,61,bin_chi2_M80,0.011182222222222222,6000
0.35,61,bin_chi2_M120,0.01772666666666667,6000
0.35,62,KDE_chi2,0.004095162165152683,6000
0.35,62,well_TV,0.003666666666666596,6000
0.35,62,CDF_sup,0.011041666666666628,6000
0.35,62,W1,0.009590614377366878,6000
0.35,62,bin_chi2_M40,0.0054266666666666664,6000
0.35,62,bin_chi2_M80,0.012115555555555553,6000
0.35,62,bin_chi2_M120,0.021166666666666667,6000
0.35,63,KDE_chi2,0.004049528507581139,6000
0.35,63,well_TV,0.004999999999999893,6000
0.35,63,CDF_sup,0.01187499999999997,6000
0.35,63,W1,0.013240015806916675,6000
0.35,63,bin_chi2_M40,0.00468,6000
0.35,63,bin_chi2_M80,0.012302222222222221,6000
0.35,63,bin_chi2_M120,0.021599999999999994,6000
0.3,0,KDE_chi2,0.004071826836850053,6000
0.3,0,well_TV,0.007500000000000062,6000
0.3,0,CDF_sup,0.011791666666666636,6000
0.3,0,W1,0.022200759340041388,6000
0.3,0,bin_chi2_M40,0.005386666666666667,6000
0.3,0,bin_chi2_M80,0.01256888888888889,6000
0.3,0,bin_chi2_M120,0.021066666666666664,6000
0.3,1,KDE_chi2,0.005287312608221345,6000
0.3,1,well_TV,0.01316666666666666,6000
0.3,1,CDF_sup,0.017083333333333364,6000
0.3,1,W1,0.022611052045863923,6000
0.3,1,bin_chi2_M40,0.006268888888888888,6000
0.3,1,bin_chi2_M80,0.011355555555555553,6000
0.3,1,bin_chi2_M120,0.015413333333333336,6000
0.3,2,KDE_chi2,0.004279294806836325,6000
0.3,2,well_TV,0.0044999999999999485,6000
0.3,2,CDF_sup,0.006500000000000027,6000
0.3,2,W1,0.0069850376892397065,6000
0.3,2,bin_chi2_M40,0.005284444444444445,6000
0.3,2,bin_chi2_M80,0.01568888888888889,6000
0.3,2,bin_chi2_M120,0.01746666666666667,6000
0.3,3,KDE_chi2,0.005718203036244442,6000
0.3,3,well_TV,0.003666666666666707,6000
0.3,3,CDF_sup,0.007583333333333301,6000
0.3,3,W1,0.00946056776607775,6000
0.3,3,bin_chi2_M40,0.00803111111111111,6000
0.3,3,bin_chi2_M80,0.013746666666666666,6000
0.3,3,bin_chi2_M120,0.019986666666666666,6000
0.3,4,KDE_chi2,0.003751631991215433,6000
0.3,4,well_TV,0.0045000000000000595,6000
0.3,4,CDF_sup,0.010541666666666658,6000
0.3,4,W1,0.014569491808806855,6000
0.3,4,bin_chi2_M40,0.006006666666666666,6000
0.3,4,bin_chi2_M80,0.015146666666666662,6000
0.3,4,bin_chi2_M120,0.02077333333333333,6000
0.3,5,KDE_chi2,0.0023864365674707913,6000
0.3,5,well_TV,0.0,6000
0.3,5,CDF_sup,0.010333333333333364,6000
0.3,5,W1,0.01100849173040272,6000
0.3,5,bin_chi2_M40,0.008106666666666665,6000
0.3,5,bin_chi2_M80,0.014915555555555555,6000
0.3,5,bin_chi2_M120,0.016646666666666667,6000
0.3,6,KDE_chi2,0.005517107251371164,6000
0.3,6,well_TV,0.0006666666666667043,6000
0.3,6,CDF_sup,0.014416666666666637,6000
0.3,6,W1,0.010901829123923405,6000
0.3,6,bin_chi2_M40,0.004531111111111112,6000
0.3,6,bin_chi2_M80,0.017275555555555554,6000
0.3,6,bin_chi2_M120,0.020020000000000003,6000
0.3,7,KDE_chi2,0.004895777655449693,6000
0.3,7,well_TV,0.014000000000000012,6000
0.3,7,CDF_sup,0.016791666666666656,6000
0.3,7,W1,0.021410121273843098,6000
0.3,7,bin_chi2_M40,0.006226666666666665,6000
0.3,7,bin_chi2_M80,0.011266666666666666,6000
0.3,7,bin_chi2_M120,0.020193333333333334,6000
0.3,8,KDE_chi2,0.004109745036252881,6000
0.3,8,well_TV,0.010666666666666602,6000
0.3,8,CDF_sup,0.014541666666666645,6000
0.3,8,W1,0.021690391429451963,6000
0.3,8,bin_chi2_M40,0.006208888888888887,6000
0.3,8,bin_chi2_M80,0.017079999999999998,6000
0.3,8,bin_chi2_M120,0.023446666666666668,6000
0.3,9,KDE_chi2,0.006700389295207625,6000
0.3,9,well_TV,0.005833333333333357,6000
0.3,9,CDF_sup,0.010666666666666637,6000
0.3,9,W1,0.011989512733092948,6000
0.3,9,bin_chi2_M40,0.006226666666666668,6000
0.3,9,bin_chi2_M80,0.01407111111111111,6000
0.3,9,bin_chi2_M120,0.017446666666666666,6000
0.3,10,KDE_chi2,0.003088689684030645,6000
0.3,10,well_TV,0.004666666666666597,6000
0.3,10,CDF_sup,0.007583333333333313,6000
0.3,10,W1,0.008559080369610284,6000
0.3,10,bin_chi2_M40,0.007204444444444445,6000
0.3,10,bin_chi2_M80,0.011804444444444446,6000
0.3,10,bin_chi2_M120,0.01996,6000
0.3,11,KDE_chi2,0.0025293372946502864,6000
0.3,11,well_TV,0.0026666666666666505,6000
0.3,11,CDF_sup,0.01170833333333337,6000
0.3,11,W1,0.014135107560407995,6000
0.3,11,bin_chi2_M40,0.004337777777777777,6000
0.3,11,bin_chi2_M80,0.00979111111111111,6000
0.3,11,bin_chi2_M120,0.017940000000000005,6000
0.3,12,KDE_chi2,0.003059356166388263,6000
0.3,12,well_TV,0.0016666666666667052,6000
0.3,12,CDF_sup,0.008291666666666656,6000
0.3,12,W1,0.007548763891035556,6000
0.3,12,bin_chi2_M40,0.004768888888888889,6000
0.3,12,bin_chi2_M80,0.011946666666666666,6000
0.3,12,bin_chi2_M120,0.018773333333333333,6000
0.3,13,KDE_chi2,0.003935841065848806,6000
0.3,13,well_TV,0.00216666666666665,6000
0.3,13,CDF_sup,0.012083333333333293,6000
0.3,13,W1,0.012778578748715918,6000
0.3,13,bin_chi2_M40,0.005848888888888889,6000
0.3,13,bin_chi2_M80,0.010408888888888891,6000
0.3,13,bin_chi2_M120,0.01823333333333333,6000
0.3,14,KDE_chi2,0.004442365224869313,6000
0.3,14,well_TV,0.008166666666666655,6000
0.3,14,CDF_sup,0.011416666666666657,6000
0.3,14,W1,0.013180304179469382,6000
0.3,14,bin_chi2_M40,0.007257777777777777,6000
0.3,14,bin_chi2_M80,0.012244444444444445,6000
0.3,14,bin_chi2_M120,0.021586666666666667,6000
0.3,15,KDE_chi2,0.003195435948590314,6000
0.3,15,well_TV,0.0033333333333334103,6000
0.3,15,CDF_sup,0.00962499999999997,6000
0.3,15,W1,0.01210190604743382,6000
0.3,15,bin_chi2_M40,0.0041955555555555565,6000
0.3,15,bin_chi2_M80,0.013702222222222223,6000
0.3,15,bin_chi2_M120,0.019633333333333336,6000
0.3,16,KDE_chi2,0.004186013102861604,6000
0.3,16,well_TV,0.0016666666666665941,6000
0.3,16,CDF_sup,0.006208333333333352,6000
0.3,16,W1,0.007360742935476949,6000
0.3,16,bin_chi2_M40,0.006908888888888888,6000
0.3,16,bin_chi2_M80,0.013497777777777777,6000
0.3,16,bin_chi2_M120,0.02476,6000
0.3,17,KDE_chi2,0.0036481977236242783,6000
0.3,17,well_TV,0.0023333333333332984,6000
0.3,17,CDF_sup,0.005750000000000028,6000
0.3,17,W1,0.005580152896734896,6000
0.3,17,bin_chi2_M40,0.0061733333333333345,6000
0.3,17,bin_chi2_M80,0.01092,6000
0.3,17,bin_chi2_M120,0.0201,6000
0.3,18,KDE_chi2,0.0038768918802381466,6000
0.3,18,well_TV,0.006166666666666654,6000
0.3,18,CDF_sup,0.009666666666666634,6000
0.3,18,W1,0.014050913195127131,6000
0.3,18,bin_chi2_M40,0.00578,6000
0.3,18,bin_chi2_M80,0.01336,6000
0.3,18,bin_chi2_M120,0.018906666666666665,6000
0.3,19,KDE_chi2,0.006527277845781564,6000
0.3,19,well_TV,0.0044999999999999485,6000
0.3,19,CDF_sup,0.011374999999999972,6000
0.3,19,W1,0.011415825493805841,6000
0.3,19,bin_chi2_M40,0.007237777777777778,6000
0.3,19,bin_chi2_M80,0.011053333333333333,6000
0.3,19,bin_chi2_M120,0.018626666666666666,6000
0.3,20,KDE_chi2,0.0039999952224699115,6000
0.3,20,well_TV,0.00016666666666675933,6000
0.3,20,CDF_sup,0.009125000000000041,6000
0.3,20,W1,0.008759901732105915,6000
0.3,20,bin_chi2_M40,0.007246666666666666,6000
0.3,20,bin_chi2_M80,0.017648888888888895,6000
0.3,20,bin_chi2_M120,0.016880000000000003,6000
0.3,21,KDE_chi2,0.0029220501825557767,6000
0.3,21,well_TV,0.00666666666666671,6000
0.3,21,CDF_sup,0.008583333333333307,6000
0.3,21,W1,0.01038616345112903,6000
0.3,21,bin_chi2_M40,0.006213333333333333,6000
0.3,21,bin_chi2_M80,0.014142222222222221,6000
0.3,21,bin_chi2_M120,0.017006666666666666,6000
0.3,22,KDE_chi2,0.003628090309301434,6000
0.3,22,well_TV,0.004166666666666652,6000
0.3,22,CDF_sup,0.013166666666666655,6000
0.3,22,W1,0.01890717751500709,6000
0.3,22,bin_chi2_M40,0.005257777777777778,6000
0.3,22,bin_chi2_M80,0.013115555555555554,6000
0.3,22,bin_chi2_M120,0.024673333333333335,6000
0.3,23,KDE_chi2,0.0042740788103092925,6000
0.3,23,well_TV,0.003166666666666651,6000
0.3,23,CDF_sup,0.007458333333333303,6000
0.3,23,W1,0.008070146127051727,6000
0.3,23,bin_chi2_M40,0.006853333333333333,6000
0.3,23,bin_chi2_M80,0.012244444444444443,6000
0.3,23,bin_chi2_M120,0.01775333333333333,6000
0.3,24,KDE_chi2,0.004928791418773427,6000
0.3,24,well_TV,0.002333333333333354,6000
0.3,24,CDF_sup,0.00737500000000001,6000
0.3,24,W1,0.0069989792989931495,6000
0.3,24,bin_chi2_M40,0.007184444444444443,6000
0.3,24,bin_chi2_M80,0.011573333333333331,6000
0.3,24,bin_chi2_M120,0.018179999999999998,6000
0.3,25,KDE_chi2,0.004428880286155644,6000
0.3,25,well_TV,0.0006666666666666488,6000
0.3,25,CDF_sup,0.006291666666666652,6000
0.3,25,W1,0.006734292307406646,6000
0.3,25,bin_chi2_M40,0.006693333333333332,6000
0.3,25,bin_chi2_M80,0.011946666666666664,6000
0.3,25,bin_chi2_M120,0.019466666666666667,6000
0.3,26,KDE_chi2,0.005716296541542656,6000
0.3,26,well_TV,0.00833333333333336,6000
0.3,26,CDF_sup,0.011000000000000024,6000
0.3,26,W1,0.019005425274322682,6000
0.3,26,bin_chi2_M40,0.004675555555555556,6000
0.3,26,bin_chi2_M80,0.012599999999999998,6000
0.3,26,bin_chi2_M120,0.022766666666666664,6000
0.3,27,KDE_chi2,0.004981285862209215,6000
0.3,27,well_TV,0.006166666666666654,6000
0.3,27,CDF_sup,0.009083333333333325,6000
0.3,27,W1,0.011450871367421078,6000
0.3,27,bin_chi2_M40,0.007502222222222223,6000
0.3,27,bin_chi2_M80,0.012328888888888887,6000
0.3,27,bin_chi2_M120,0.019633333333333336,6000
0.3,28,KDE_chi2,0.0034934779201557997,6000
0.3,28,well_TV,0.008000000000000007,6000
0.3,28,CDF_sup,0.010125000000000016,6000
0.3,28,W1,0.01769410184904029,6000
0.3,28,bin_chi2_M40,0.005495555555555554,6000
0.3,28,bin_chi2_M80,0.011617777777777777,6000
0.3,28,bin_chi2_M120,0.022940000000000002,6000
0.3,29,KDE_chi2,0.0022556327201958618,6000
0.3,29,well_TV,0.005333333333333412,6000
0.3,29,CDF_sup,0.012416666666666645,6000
0.3,29,W1,0.01342614244851012,6000
0.3,29,bin_chi2_M40,0.0061777777777777786,6000
0.3,29,bin_chi2_M80,0.01628,6000
0.3,29,bin_chi2_M120,0.017779999999999997,6000
0.3,30,KDE_chi2,0.0030533992616882414,6000
0.3,30,well_TV,0.00649999999999995,6000
0.3,30,CDF_sup,0.009291666666666632,6000
0.3,30,W1,0.01232364286034349,6000
0.3,30,bin_chi2_M40,0.004753333333333333,6000
0.3,30,bin_chi2_M80,0.01032,6000
0.3,30,bin_chi2_M120,0.02088,6000
0.3,31,KDE_chi2,0.004562859728213808,6000
0.3,31,well_TV,0.007999999999999952,6000
0.3,31,CDF_sup,0.011791666666666685,6000
0.3,31,W1,0.011696014209897299,6000
0.3,31,bin_chi2_M40,0.009317777777777779,6000
0.3,31,bin_chi2_M80,0.012253333333333333,6000
0.3,31,bin_chi2_M120,0.018346666666666664,6000
0.3,32,KDE_chi2,0.0029814254116974576,6000
0.3,32,well_TV,0.0018333333333333535,6000
0.3,32,CDF_sup,0.00825000000000003,6000
0.3,32,W1,0.00864389493331694,6000
0.3,32,bin_chi2_M40,0.005542222222222221,6000
0.3,32,bin_chi2_M80,0.011284444444444444,6000
0.3,32,bin_chi2_M120,0.019086666666666665,6000
0.3,33,KDE_chi2,0.003646488256621788,6000
0.3,33,well_TV,0.007500000000000007,6000
0.3,33,CDF_sup,0.009875000000000043,6000
0.3,33,W1,0.014396457699680294,6000
0.3,33,bin_chi2_M40,0.004519999999999998,6000
0.3,33,bin_chi2_M80,0.011755555555555554,6000
0.3,33,bin_chi2_M120,0.017439999999999997,6000
0.3,34,KDE_chi2,0.003011079896914311,6000
0.3,34,well_TV,0.009333333333333416,6000
0.3,34,CDF_sup,0.01245833333333336,6000
0.3,34,W1,0.0183415143873938,6000
0.3,34,bin_chi2_M40,0.006191111111111111,6000
0.3,34,bin_chi2_M80,0.0168,6000
0.3,34,bin_chi2_M120,0.017473333333333334,6000
0.3,35,KDE_chi2,0.002602125563733364,6000
0.3,35,well_TV,0.005666666666666598,6000
0.3,35,CDF_sup,0.012499999999999985,6000
0.3,35,W1,0.011677531055837909,6000
0.3,35,bin_chi2_M40,0.007108888888888887,6000
0.3,35,bin_chi2_M80,0.013173333333333332,6000
0.3,35,bin_chi2_M120,0.024619999999999996,6000
0.3,36,KDE_chi2,0.005776227029104287,6000
0.3,36,well_TV,0.0040000000000000036,6000
0.3,36,CDF_sup,0.0100833333333333,6000
0.3,36,W1,0.010228962245990724,6000
0.3,36,bin_chi2_M40,0.0051822222222222235,6000
0.3,36,bin_chi2_M80,0.014884444444444441,6000
0.3,36,bin_chi2_M120,0.01472,6000
0.3,37,KDE_chi2,0.00402435808326798,6000
0.3,37,well_TV,0.0030000000000000027,6000
0.3,37,CDF_sup,0.009124999999999996,6000
0.3,37,W1,0.00787495527751856,6000
0.3,37,bin_chi2_M40,0.006244444444444443,6000
0.3,37,bin_chi2_M80,0.014057777777777777,6000
0.3,37,bin_chi2_M120,0.026673333333333334,6000
0.3,38,KDE_chi2,0.0031715463544591386,6000
0.3,38,well_TV,0.0011666666666666492,6000
0.3,38,CDF_sup,0.008999999999999987,6000
0.3,38,W1,0.009977718221013093,6000
0.3,38,bin_chi2_M40,0.006402222222222221,6000
0.3,38,bin_chi2_M80,0.013124444444444442,6000
0.3,38,bin_chi2_M120,0.016653333333333332,6000
0.3,39,KDE_chi2,0.003687696443632109,6000
0.3,39,well_TV,0.000500000000000056,6000
0.3,39,CDF_sup,0.007208333333333317,6000
0.3,39,W1,0.00721711480197593,6000
0.3,39,bin_chi2_M40,0.0037688888888888893,6000
0.3,39,bin_chi2_M80,0.013160000000000002,6000
0.3,39,bin_chi2_M120,0.02325333333333333,6000
0.3,40,KDE_chi2,0.005271119435419559,6000
0.3,40,well_TV,0.0011666666666667602,6000
0.3,40,CDF_sup,0.007624999999999996,6000
0.3,40,W1,0.010026972044824514,6000
0.3,40,bin_chi2_M40,0.005113333333333333,6000
0.3,40,bin_chi2_M80,0.016475555555555556,6000
0.3,40,bin_chi2_M120,0.019846666666666665,6000
0.3,41,KDE_chi2,0.004908274352104714,6000
0.3,41,well_TV,0.0076666666666667105,6000
0.3,41,CDF_sup,0.010458333333333297,6000
0.3,41,W1,0.014625417167987393,6000
0.3,41,bin_chi2_M40,0.005846666666666667,6000
0.3,41,bin_chi2_M80,0.01163111111111111,6000
0.3,41,bin_chi2_M120,0.01784666666666667,6000
0.3,42,KDE_chi2,0.005215819384867511,6000
0.3,42,well_TV,0.006333333333333302,6000
0.3,42,CDF_sup,0.008916666666666637,6000
0.3,42,W1,0.01089818647933849,6000
0.3,42,bin_chi2_M40,0.006375555555555555,6000
0.3,42,bin_chi2_M80,0.01084,6000
0.3,42,bin_chi2_M120,0.020366666666666665,6000
0.3,43,KDE_chi2,0.00453128235397234,6000
0.3,43,well_TV,0.0043333333333333,6000
0.3,43,CDF_sup,0.009291666666666632,6000
0.3,43,W1,0.009357017252899669,6000
0.3,43,bin_chi2_M40,0.007702222222222221,6000
0.3,43,bin_chi2_M80,0.015524444444444441,6000
0.3,43,bin_chi2_M120,0.01692,6000
0.3,44,KDE_chi2,0.006600985011961722,6000
0.3,44,well_TV,0.006666666666666654,6000
0.3,44,CDF_sup,0.014625000000000015,6000
0.3,44,W1,0.016242667801108328,6000
0.3,44,bin_chi2_M40,0.0070444444444444435,6000
0.3,44,bin_chi2_M80,0.012533333333333334,6000
0.3,44,bin_chi2_M120,0.016600000000000004,6000
0.3,45,KDE_chi2,0.0035049603521026622,6000
0.3,45,well_TV,0.004666666666666708,6000
0.3,45,CDF_sup,0.008416666666666656,6000
0.3,45,W1,0.009623052560014111,6000
0.3,45,bin_chi2_M40,0.006026666666666666,6000
0.3,45,bin_chi2_M80,0.012075555555555555,6000
0.3,45,bin_chi2_M120,0.017799999999999996,6000
0.3,46,KDE_chi2,0.003932058749180338,6000
0.3,46,well_TV,0.0001666666666666483,6000
0.3,46,CDF_sup,0.009625000000000002,6000
0.3,46,W1,0.008376909396816155,6000
0.3,46,bin_chi2_M40,0.004580000000000001,6000
0.3,46,bin_chi2_M80,0.009159999999999998,6000
0.3,46,bin_chi2_M120,0.022966666666666666,6000
0.3,47,KDE_chi2,0.0053545719765957615,6000
0.3,47,well_TV,0.005333333333333301,6000
0.3,47,CDF_sup,0.015000000000000005,6000
0.3,47,W1,0.018473023475946426,6000
0.3,47,bin_chi2_M40,0.00762,6000
0.3,47,bin_chi2_M80,0.013439999999999999,6000
0.3,47,bin_chi2_M120,0.019733333333333332,6000
0.3,48,KDE_chi2,0.004088720856764729,6000
0.3,48,well_TV,0.009166666666666767,6000
0.3,48,CDF_sup,0.011541666666666638,6000
0.3,48,W1,0.014480766294815376,6000
0.3,48,bin_chi2_M40,0.005513333333333333,6000
0.3,48,bin_chi2_M80,0.01295111111111111,6000
0.3,48,bin_chi2_M120,0.015706666666666667,6000
0.3,49,KDE_chi2,0.0030807327715976583,6000
0.3,49,well_TV,0.0001666666666666483,6000
0.3,49,CDF_sup,0.00737499999999997,6000
0.3,49,W1,0.0076649035472225145,6000
0.3,49,bin_chi2_M40,0.008895555555555556,6000
0.3,49,bin_chi2_M80,0.012555555555555556,6000
0.3,49,bin_chi2_M120,0.023253333333333334,6000
0.3,50,KDE_chi2,0.004799845069994618,6000
0.3,50,well_TV,0.0043333333333333,6000
0.3,50,CDF_sup,0.00795833333333331,6000
0.3,50,W1,0.008410541541040224,6000
0.3,50,bin_chi2_M40,0.009073333333333333,6000
0.3,50,bin_chi2_M80,0.011013333333333333,6000
0.3,50,bin_chi2_M120,0.02076666666666667,6000
0.3,51,KDE_chi2,0.0030441977907528133,6000
0.3,51,well_TV,0.003500000000000003,6000
0.3,51,CDF_sup,0.007291666666666675,6000
0.3,51,W1,0.006431365715258544,6000
0.3,51,bin_chi2_M40,0.007208888888888889,6000
0.3,51,bin_chi2_M80,0.011906666666666666,6000
0.3,51,bin_chi2_M120,0.02240666666666667,6000
0.3,52,KDE_chi2,0.003787133135610416,6000
0.3,52,well_TV,0.011166666666666658,6000
0.3,52,CDF_sup,0.015916666666666697,6000
0.3,52,W1,0.023501373713964553,6000
0.3,52,bin_chi2_M40,0.0044399999999999995,6000
0.3,52,bin_chi2_M80,0.01537333333333333,6000
0.3,52,bin_chi2_M120,0.018366666666666667,6000
0.3,53,KDE_chi2,0.004163282970596758,6000
0.3,53,well_TV,0.0040000000000000036,6000
0.3,53,CDF_sup,0.011583333333333364,6000
0.3,53,W1,0.01380768934347831,6000
0.3,53,bin_chi2_M40,0.010353333333333332,6000
0.3,53,bin_chi2_M80,0.007599999999999999,6000
0.3,53,bin_chi2_M120,0.02409333333333333,6000
0.3,54,KDE_chi2,0.004234738410754401,6000
0.3,54,well_TV,0.008499999999999952,6000
0.3,54,CDF_sup,0.011916666666666647,6000
0.3,54,W1,0.012368778233250544,6000
0.3,54,bin_chi2_M40,0.0071244444444444445,6000
0.3,54,bin_chi2_M80,0.012995555555555554,6000
0.3,54,bin_chi2_M120,0.019506666666666665,6000
0.3,55,KDE_chi2,0.004747524731155209,6000
0.3,55,well_TV,0.003166666666666651,6000
0.3,55,CDF_sup,0.008124999999999973,6000
0.3,55,W1,0.008841258316025722,6000
0.3,55,bin_chi2_M40,0.007913333333333331,6000
0.3,55,bin_chi2_M80,0.01886222222222222,6000
0.3,55,bin_chi2_M120,0.01992,6000
0.3,56,KDE_chi2,0.0032092186295888114,6000
0.3,56,well_TV,0.0015000000000000568,6000
0.3,56,CDF_sup,0.010458333333333372,6000
0.3,56,W1,0.011986950827875206,6000
0.3,56,bin_chi2_M40,0.0030822222222222206,6000
0.3,56,bin_chi2_M80,0.008977777777777775,6000
0.3,56,bin_chi2_M120,0.017826666666666668,6000
0.3,57,KDE_chi2,0.00391155583088871,6000
0.3,57,well_TV,0.004333333333333356,6000
0.3,57,CDF_sup,0.005375000000000022,6000
0.3,57,W1,0.006318637801099783,6000
0.3,57,bin_chi2_M40,0.006475555555555556,6000
0.3,57,bin_chi2_M80,0.01575555555555555,6000
0.3,57,bin_chi2_M120,0.019053333333333332,6000
0.3,58,KDE_chi2,0.0028439383374928187,6000
0.3,58,well_TV,0.0020000000000000018,6000
0.3,58,CDF_sup,0.00645833333333329,6000
0.3,58,W1,0.006511872583398522,6000
0.3,58,bin_chi2_M40,0.00754,6000
0.3,58,bin_chi2_M80,0.009324444444444444,6000
0.3,58,bin_chi2_M120,0.018826666666666665,6000
0.3,59,KDE_chi2,0.0028014935079572305,6000
0.3,59,well_TV,0.0044999999999999485,6000
0.3,59,CDF_sup,0.009999999999999988,6000
0.3,59,W1,0.010856360337524818,6000
0.3,59,bin_chi2_M40,0.008211111111111112,6000
0.3,59,bin_chi2_M80,0.010786666666666663,6000
0.3,59,bin_chi2_M120,0.016626666666666665,6000
0.3,60,KDE_chi2,0.005391715515417457,6000
0.3,60,well_TV,0.006833333333333358,6000
0.3,60,CDF_sup,0.012916666666666661,6000
0.3,60,W1,0.0125816337753356,6000
0.3,60,bin_chi2_M40,0.009877777777777777,6000
0.3,60,bin_chi2_M80,0.01919111111111111,6000
0.3,60,bin_chi2_M120,0.01912,6000
0.3,61,KDE_chi2,0.004980831052243045,6000
0.3,61,well_TV,0.0014999999999999458,6000
0.3,61,CDF_sup,0.008250000000000021,6000
0.3,61,W1,0.009376853678363113,6000
0.3,61,bin_chi2_M40,0.006477777777777776,6000
0.3,61,bin_chi2_M80,0.012013333333333334,6000
0.3,61,bin_chi2_M120,0.02111333333333333,6000
0.3,62,KDE_chi2,0.0038980235080304368,6000
0.3,62,well_TV,0.005833333333333357,6000
0.3,62,CDF_sup,0.012708333333333368,6000
0.3,62,W1,0.014884448614381233,6000
0.3,62,bin_chi2_M40,0.0056911111111111095,6000
0.3,62,bin_chi2_M80,0.010097777777777777,6000
0.3,62,bin_chi2_M120,0.021026666666666666,6000
0.3,63,KDE_chi2,0.005175135306814824,6000
0.3,63,well_TV,0.0013333333333332975,6000
0.3,63,CDF_sup,0.01441666666666664,6000
0.3,63,W1,0.015911808697829034,6000
0.3,63,bin_chi2_M40,0.005362222222222221,6000
0.3,63,bin_chi2_M80,0.009995555555555553,6000
0.3,63,bin_chi2_M120,0.017640000000000003,6000
0.26,0,KDE_chi2,0.005987854351933997,6000
0.26,0,well_TV,0.0043333333333333,6000
0.26,0,CDF_sup,0.01345833333333335,6000
0.26,0,W1,0.014061927660076263,6000
0.26,0,bin_chi2_M40,0.007035555555555556,6000
0.26,0,bin_chi2_M80,0.012493333333333332,6000
0.26,0,bin_chi2_M120,0.02188,6000
0.26,1,KDE_chi2,0.004550500456958566,6000
0.26,1,well_TV,0.005833333333333357,6000
0.26,1,CDF_sup,0.009666666666666674,6000
0.26,1,W1,0.011521457402241116,6000
0.26,1,bin_chi2_M40,0.007755555555555554,6000
0.26,1,bin_chi2_M80,0.015479999999999997,6000
0.26,1,bin_chi2_M120,0.017686666666666663,6000
0.26,2,KDE_chi2,0.0030914002223319517,6000
0.26,2,well_TV,0.0018333333333333535,6000
0.26,2,CDF_sup,0.010333333333333309,6000
0.26,2,W1,0.011879004422802795,6000
0.26,2,bin_chi2_M40,0.00536,6000
0.26,2,bin_chi2_M80,0.01638222222222222,6000
0.26,2,bin_chi2_M120,0.013806666666666668,6000
0.26,3,KDE_chi2,0.00360276156109358,6000
0.26,3,well_TV,0.0038333333333333552,6000
0.26,3,CDF_sup,0.009791666666666646,6000
0.26,3,W1,0.00961020540788355,6000
0.26,3,bin_chi2_M40,0.004524444444444445,6000
0.26,3,bin_chi2_M80,0.013048888888888891,6000
0.26,3,bin_chi2_M120,0.02024,6000
0.26,4,KDE_chi2,0.004685018000225869,6000
0.26,4,well_TV,0.00550000000000006,6000
0.26,4,CDF_sup,0.005666666666666642,6000
0.26,4,W1,0.0063893844009129605,6000
0.26,4,bin_chi2_M40,0.004942222222222221,6000
0.26,4,bin_chi2_M80,0.012679999999999999,6000
0.26,4,bin_chi2_M120,0.0176,6000
0.26,5,KDE_chi2,0.005403247693297236,6000
0.26,5,well_TV,0.0004999999999999449,6000
0.26,5,CDF_sup,0.005583333333333377,6000
0.26,5,W1,0.005576083304989897,6000
0.26,5,bin_chi2_M40,0.006142222222222221,6000
0.26,5,bin_chi2_M80,0.013853333333333329,6000
0.26,5,bin_chi2_M120,0.023693333333333334,6000
0.26,6,KDE_chi2,0.0037747042593814636,6000
0.26,6,well_TV,0.0010000000000000009,6000
0.26,6,CDF_sup,0.008666666666666656,6000
0.26,6,W1,0.01017108186960091,6000
0.26,6,bin_chi2_M40,0.005713333333333332,6000
0.26,6,bin_chi2_M80,0.016026666666666668,6000
0.26,6,bin_chi2_M120,0.021326666666666664,6000
0.26,7,KDE_chi2,0.005966299421894167,6000
0.26,7,well_TV,0.005666666666666709,6000
0.26,7,CDF_sup,0.007666666666666631,6000
0.26,7,W1,0.009247595020863711,6000
0.26,7,bin_chi2_M40,0.006706666666666669,6000
0.26,7,bin_chi2_M80,0.014426666666666664,6000
0.26,7,bin_chi2_M120,0.017393333333333334,6000
0.26,8,KDE_chi2,0.004115220891237085,6000
0.26,8,well_TV,0.014333333333333309,6000
0.26,8,CDF_sup,0.015124999999999982,6000
0.26,8,W1,0.026917911351805976,6000
0.26,8,bin_chi2_M40,0.006019999999999999,6000
0.26,8,bin_chi2_M80,0.01100888888888889,6000
0.26,8,bin_chi2_M120,0.021679999999999998,6000
0.26,9,KDE_chi2,0.006080315974825529,6000
0.26,9,well_TV,0.0023333333333332984,6000
0.26,9,CDF_sup,0.009041666666666686,6000
0.26,9,W1,0.008354949291649216,6000
0.26,9,bin_chi2_M40,0.007995555555555554,6000
0.26,9,bin_chi2_M80,0.014146666666666668,6000
0.26,9,bin_chi2_M120,0.019866666666666664,6000
0.26,10,KDE_chi2,0.0051397516916533645,6000
0.26,10,well_TV,0.006833333333333247,6000
0.26,10,CDF_sup,0.010958333333333325,6000
0.26,10,W1,0.014286632524301271,6000
0.26,10,bin_chi2_M40,0.006588888888888889,6000
0.26,10,bin_chi2_M80,0.013977777777777776,6000
0.26,10,bin_chi2_M120,0.020286666666666665,6000
0.26,11,KDE_chi2,0.005141416963162518,6000
0.26,11,well_TV,0.012833333333333363,6000
0.26,11,CDF_sup,0.014499999999999985,6000
0.26,11,W1,0.01960331279634308,6000
0.26,11,bin_chi2_M40,0.005013333333333335,6000
0.26,11,bin_chi2_M80,0.01710222222222222,6000
0.26,11,bin_chi2_M120,0.018553333333333335,6000
0.26,12,KDE_chi2,0.006083923925262285,6000
0.26,12,well_TV,0.01100000000000001,6000
0.26,12,CDF_sup,0.01575000000000002,6000
0.26,12,W1,0.01906805613834748,6000
0.26,12,bin_chi2_M40,0.0054977777777777785,6000
0.26,12,bin_chi2_M80,0.012879999999999997,6000
0.26,12,bin_chi2_M120,0.02364,6000
0.26,13,KDE_chi2,0.006080099471936437,6000
0.26,13,well_TV,0.0008333333333333526,6000
0.26,13,CDF_sup,0.011666666666666624,6000
0.26,13,W1,0.013029381777647304,6000
0.26,13,bin_chi2_M40,0.007879999999999998,6000
0.26,13,bin_chi2_M80,0.01869777777777778,6000
0.26,13,bin_chi2_M120,0.01906666666666667,6000
0.26,14,KDE_chi2,0.006981597143350136,6000
0.26,14,well_TV,0.005666666666666709,6000
0.26,14,CDF_sup,0.013333333333333343,6000
0.26,14,W1,0.015603888397280717,6000
0.26,14,bin_chi2_M40,0.00852222222222222,6000
0.26,14,bin_chi2_M80,0.01087111111111111,6000
0.26,14,bin_chi2_M120,0.022580000000000003,6000
0.26,15,KDE_chi2,0.003593657880198502,6000
0.26,15,well_TV,0.004166666666666707,6000
0.26,15,CDF_sup,0.008999999999999992,6000
0.26,15,W1,0.01059782147678972,6000
0.26,15,bin_chi2_M40,0.006186666666666667,6000
0.26,15,bin_chi2_M80,0.013284444444444442,6000
0.26,15,bin_chi2_M120,0.018186666666666667,6000
0.26,16,KDE_chi2,0.0068086437255856025,6000
0.26,16,well_TV,0.012833333333333363,6000
0.26,16,CDF_sup,0.015333333333333303,6000
0.26,16,W1,0.02547318004080086,6000
0.26,16,bin_chi2_M40,0.005339999999999999,6000
0.26,16,bin_chi2_M80,0.01383111111111111,6000
0.26,16,bin_chi2_M120,0.021059999999999995,6000
0.26,17,KDE_chi2,0.007766098584271608,6000
0.26,17,well_TV,0.009499999999999953,6000
0.26,17,CDF_sup,0.015208333333333355,6000
0.26,17,W1,0.0151453734936273,6000
0.26,17,bin_chi2_M40,0.004195555555555554,6000
0.26,17,bin_chi2_M80,0.010697777777777778,6000
0.26,17,bin_chi2_M120,0.0201,6000
0.26,18,KDE_chi2,0.005535874229428842,6000
0.26,18,well_TV,0.002333333333333354,6000
0.26,18,CDF_sup,0.011916666666666687,6000
0.26,18,W1,0.008043594281412273,6000
0.26,18,bin_chi2_M40,0.008313333333333332,6000
0.26,18,bin_chi2_M80,0.015248888888888885,6000
0.26,18,bin_chi2_M120,0.02208666666666667,6000
0.26,19,KDE_chi2,0.007015113306307584,6000
0.26,19,well_TV,0.00649999999999995,6000
0.26,19,CDF_sup,0.014458333333333304,6000
0.26,19,W1,0.017911015007799028,6000
0.26,19,bin_chi2_M40,0.004722222222222223,6000
0.26,19,bin_chi2_M80,0.015577777777777774,6000
0.26,19,bin_chi2_M120,0.027453333333333337,6000
0.26,20,KDE_chi2,0.0030030238043344073,6000
0.26,20,well_TV,0.006000000000000005,6000
0.26,20,CDF_sup,0.012458333333333325,6000
0.26,20,W1,0.015384754723585733,6000
0.26,20,bin_chi2_M40,0.0060755555555555545,6000
0.26,20,bin_chi2_M80,0.011715555555555554,6000
0.26,20,bin_chi2_M120,0.01948,6000
0.26,21,KDE_chi2,0.004124583658195217,6000
0.26,21,well_TV,0.009333333333333305,6000
0.26,21,CDF_sup,0.010791666666666647,6000
0.26,21,W1,0.014892520935843359,6000
0.26,21,bin_chi2_M40,0.007944444444444445,6000
0.26,21,bin_chi2_M80,0.01450222222222222,6000
0.26,21,bin_chi2_M120,0.0175,6000
0.26,22,KDE_chi2,0.00427232161504236,6000
0.26,22,well_TV,0.003333333333333355,6000
0.26,22,CDF_sup,0.013375000000000027,6000
0.26,22,W1,0.015094627010332838,6000
0.26,22,bin_chi2_M40,0.004631111111111112,6000
0.26,22,bin_chi2_M80,0.013906666666666664,6000
0.26,22,bin_chi2_M120,0.021713333333333334,6000
0.26,23,KDE_chi2,0.0035889959347175167,6000
0.26,23,well_TV,0.006000000000000005,6000
0.26,23,CDF_sup,0.01045833333333336,6000
0.26,23,W1,0.01010729190692223,6000
0.26,23,bin_chi2_M40,0.006333333333333333,6000
0.26,23,bin_chi2_M80,0.014422222222222222,6000
0.26,23,bin_chi2_M120,0.017120000000000003,6000
0.26,24,KDE_chi2,0.00545577989247522,6000
0.26,24,well_TV,0.0006666666666667043,6000
0.26,24,CDF_sup,0.009208333333333353,6000
0.26,24,W1,0.010799209267350413,6000
0.26,24,bin_chi2_M40,0.006620000000000001,6000
0.26,24,bin_chi2_M80,0.013973333333333332,6000
0.26,24,bin_chi2_M120,0.02010666666666667,6000
0.26,25,KDE_chi2,0.004278035632801774,6000
0.26,25,well_TV,0.004833333333333301,6000
0.26,25,CDF_sup,0.009624999999999991,6000
0.26,25,W1,0.012862035214293403,6000
0.26,25,bin_chi2_M40,0.007726666666666664,6000
0.26,25,bin_chi2_M80,0.011573333333333331,6000
0.26,25,bin_chi2_M120,0.01800666666666667,6000
0.26,26,KDE_chi2,0.005103625649590823,6000
0.26,26,well_TV,0.0040000000000000036,6000
0.26,26,CDF_sup,0.011666666666666674,6000
0.26,26,W1,0.013814416171808539,6000
0.26,26,bin_chi2_M40,0.006726666666666667,6000
0.26,26,bin_chi2_M80,0.012008888888888888,6000
0.26,26,bin_chi2_M120,0.018553333333333335,6000
0.26,27,KDE_chi2,0.004294105265320303,6000
0.26,27,well_TV,0.008333333333333304,6000
0.26,27,CDF_sup,0.018083333333333312,6000
0.26,27,W1,0.024090495218856218,6000
0.26,27,bin_chi2_M40,0.007066666666666667,6000
0.26,27,bin_chi2_M80,0.012337777777777777,6000
0.26,27,bin_chi2_M120,0.016593333333333335,6000
0.26,28,KDE_chi2,0.004768069212577605,6000
0.26,28,well_TV,0.009000000000000008,6000
0.26,28,CDF_sup,0.00908333333333335,6000
0.26,28,W1,0.011714461312248505,6000
0.26,28,bin_chi2_M40,0.004551111111111112,6000
0.26,28,bin_chi2_M80,0.012359999999999998,6000
0.26,28,bin_chi2_M120,0.02008,6000
0.26,29,KDE_chi2,0.005277271962432927,6000
0.26,29,well_TV,0.003666666666666707,6000
0.26,29,CDF_sup,0.007624999999999956,6000
0.26,29,W1,0.00895228102332035,6000
0.26,29,bin_chi2_M40,0.005193333333333333,6000
0.26,29,bin_chi2_M80,0.012546666666666668,6000
0.26,29,bin_chi2_M120,0.01702,6000
0.26,30,KDE_chi2,0.004814049419762725,6000
0.26,30,well_TV,0.004833333333333356,6000
0.26,30,CDF_sup,0.008541666666666628,6000
0.26,30,W1,0.008105169835041085,6000
0.26,30,bin_chi2_M40,0.005271111111111109,6000
0.26,30,bin_chi2_M80,0.01611111111111111,6000
0.26,30,bin_chi2_M120,0.020126666666666668,6000
0.26,31,KDE_chi2,0.005120141936494995,6000
0.26,31,well_TV,0.008500000000000063,6000
0.26,31,CDF_sup,0.010291666666666694,6000
0.26,31,W1,0.011394917059827786,6000
0.26,31,bin_chi2_M40,0.0071711111111111125,6000
0.26,31,bin_chi2_M80,0.014386666666666666,6000
0.26,31,bin_chi2_M120,0.019213333333333336,6000
0.26,32,KDE_chi2,0.005140740722646243,6000
0.26,32,well_TV,0.0004999999999999449,6000
0.26,32,CDF_sup,0.007208333333333292,6000
0.26,32,W1,0.006779496609093778,6000
0.26,32,bin_chi2_M40,0.007468888888888886,6000
0.26,32,bin_chi2_M80,0.01163111111111111,6000
0.26,32,bin_chi2_M120,0.018146666666666665,6000
0.26,33,KDE_chi2,0.005442104482273998,6000
0.26,33,well_TV,0.004166666666666652,6000
0.26,33,CDF_sup,0.008124999999999964,6000
0.26,33,W1,0.008292177030297145,6000
0.26,33,bin_chi2_M40,0.006577777777777777,6000
0.26,33,bin_chi2_M80,0.02127111111111111,6000
0.26,33,bin_chi2_M120,0.015380000000000003,6000
0.26,34,KDE_chi2,0.006198016575017522,6000
0.26,34,well_TV,0.0028333333333332433,6000
0.26,34,CDF_sup,0.007583333333333341,6000
0.26,34,W1,0.009339361514387995,6000
0.26,34,bin_chi2_M40,0.00498888888888889,6000
0.26,34,bin_chi2_M80,0.015315555555555556,6000
0.26,34,bin_chi2_M120,0.01854666666666667,6000
0.26,35,KDE_chi2,0.005328384759436372,6000
0.26,35,well_TV,0.002666666666666595,6000
0.26,35,CDF_sup,0.007708333333333324,6000
0.26,35,W1,0.007527612298417554,6000
0.26,35,bin_chi2_M40,0.005720000000000001,6000
0.26,35,bin_chi2_M80,0.01543111111111111,6000
0.26,35,bin_chi2_M120,0.019899999999999998,6000
0.26,36,KDE_chi2,0.0036389373258259657,6000
0.26,36,well_TV,0.009500000000000008,6000
0.26,36,CDF_sup,0.013250000000000027,6000
0.26,36,W1,0.01673025840664211,6000
0.26,36,bin_chi2_M40,0.005368888888888888,6000
0.26,36,bin_chi2_M80,0.015119999999999998,6000
0.26,36,bin_chi2_M120,0.02239333333333333,6000
0.26,37,KDE_chi2,0.005889094896136095,6000
0.26,37,well_TV,0.0035000000000000586,6000
0.26,37,CDF_sup,0.007875000000000007,6000
0.26,37,W1,0.009217947537747646,6000
0.26,37,bin_chi2_M40,0.006319999999999999,6000
0.26,37,bin_chi2_M80,0.016404444444444444,6000
0.26,37,bin_chi2_M120,0.019519999999999996,6000
0.26,38,KDE_chi2,0.00528822879374896,6000
0.26,38,well_TV,0.010000000000000009,6000
0.26,38,CDF_sup,0.01579166666666663,6000
0.26,38,W1,0.024236813116208157,6000
0.26,38,bin_chi2_M40,0.005891111111111111,6000
0.26,38,bin_chi2_M80,0.011479999999999997,6000
0.26,38,bin_chi2_M120,0.018106666666666667,6000
0.26,39,KDE_chi2,0.0035379750856893554,6000
0.26,39,well_TV,0.008666666666666711,6000
0.26,39,CDF_sup,0.012499999999999983,6000
0.26,39,W1,0.015128896511656617,6000
0.26,39,bin_chi2_M40,0.005984444444444446,6000
0.26,39,bin_chi2_M80,0.01352888888888889,6000
0.26,39,bin_chi2_M120,0.01976666666666667,6000
0.26,40,KDE_chi2,0.005676847275170116,6000
0.26,40,well_TV,0.0016666666666667052,6000
0.26,40,CDF_sup,0.009208333333333344,6000
0.26,40,W1,0.010398484745164312,6000
0.26,40,bin_chi2_M40,0.00873111111111111,6000
0.26,40,bin_chi2_M80,0.013982222222222219,6000
0.26,40,bin_chi2_M120,0.018633333333333335,6000
0.26,41,KDE_chi2,0.005577560639305278,6000
0.26,41,well_TV,0.008666666666666711,6000
0.26,41,CDF_sup,0.011083333333333317,6000
0.26,41,W1,0.017684411398501576,6000
0.26,41,bin_chi2_M40,0.00829555555555556,6000
0.26,41,bin_chi2_M80,0.01291111111111111,6000
0.26,41,bin_chi2_M120,0.020893333333333333,6000
0.26,42,KDE_chi2,0.0031111406903305485,6000
0.26,42,well_TV,0.004333333333333411,6000
0.26,42,CDF_sup,0.006874999999999985,6000
0.26,42,W1,0.006702710631911634,6000
0.26,42,bin_chi2_M40,0.006891111111111113,6000
0.26,42,bin_chi2_M80,0.01525333333333333,6000
0.26,42,bin_chi2_M120,0.01782666666666667,6000
0.26,43,KDE_chi2,0.006418380715482773,6000
0.26,43,well_TV,0.0038333333333332997,6000
0.26,43,CDF_sup,0.010666666666666656,6000
0.26,43,W1,0.01071069885532765,6000
0.26,43,bin_chi2_M40,0.0079,6000
0.26,43,bin_chi2_M80,0.01331111111111111,6000
0.26,43,bin_chi2_M120,0.021859999999999997,6000
0.26,44,KDE_chi2,0.0068957922358607975,6000
0.26,44,well_TV,0.005166666666666653,6000
0.26,44,CDF_sup,0.013333333333333308,6000
0.26,44,W1,0.013696954679571247,6000
0.26,44,bin_chi2_M40,0.0061488888888888895,6000
0.26,44,bin_chi2_M80,0.013102222222222222,6000
0.26,44,bin_chi2_M120,0.02108,6000
0.26,45,KDE_chi2,0.003650025877096642,6000
0.26,45,well_TV,0.003500000000000003,6000
0.26,45,CDF_sup,0.008208333333333352,6000
0.26,45,W1,0.009840355098585298,6000
0.26,45,bin_chi2_M40,0.004173333333333333,6000
0.26,45,bin_chi2_M80,0.01263111111111111,6000
0.26,45,bin_chi2_M120,0.021046666666666665,6000
0.26,46,KDE_chi2,0.004733864162937021,6000
0.26,46,well_TV,0.0038333333333334108,6000
0.26,46,CDF_sup,0.007083333333333341,6000
0.26,46,W1,0.006193753345586719,6000
0.26,46,bin_chi2_M40,0.0041644444444444454,6000
0.26,46,bin_chi2_M80,0.013746666666666666,6000
0.26,46,bin_chi2_M120,0.023566666666666666,6000
0.26,47,KDE_chi2,0.005491134733991475,6000
0.26,47,well_TV,0.0044999999999999485,6000
0.26,47,CDF_sup,0.008458333333333307,6000
0.26,47,W1,0.009253858994325553,6000
0.26,47,bin_chi2_M40,0.009175555555555557,6000
0.26,47,bin_chi2_M80,0.010048888888888887,6000
0.26,47,bin_chi2_M120,0.016533333333333334,6000
0.26,48,KDE_chi2,0.006176040664068006,6000
0.26,48,well_TV,0.00649999999999995,6000
0.26,48,CDF_sup,0.010041666666666683,6000
0.26,48,W1,0.013298654825314499,6000
0.26,48,bin_chi2_M40,0.005159999999999999,6000
0.26,48,bin_chi2_M80,0.014786666666666665,6000
0.26,48,bin_chi2_M120,0.020873333333333334,6000
0.26,49,KDE_chi2,0.00722812754652251,6000
0.26,49,well_TV,0.006000000000000005,6000
0.26,49,CDF_sup,0.011458333333333348,6000
0.26,49,W1,0.014570003647145075,6000
0.26,49,bin_chi2_M40,0.006302222222222221,6000
0.26,49,bin_chi2_M80,0.01228,6000
0.26,49,bin_chi2_M120,0.017226666666666668,6000
0.26,50,KDE_chi2,0.008269318003298701,6000
0.26,50,well_TV,0.0028333333333333544,6000
0.26,50,CDF_sup,0.012124999999999964,6000
0.26,50,W1,0.011986728476682976,6000
0.26,50,bin_chi2_M40,0.0078066666666666675,6000
0.26,50,bin_chi2_M80,0.012497777777777778,6000
0.26,50,bin_chi2_M120,0.020146666666666667,6000
0.26,51,KDE_chi2,0.006470506560792106,6000
0.26,51,well_TV,0.007500000000000062,6000
0.26,51,CDF_sup,0.01274999999999997,6000
0.26,51,W1,0.018399511175713392,6000
0.26,51,bin_chi2_M40,0.0066911111111111095,6000
0.26,51,bin_chi2_M80,0.016395555555555556,6000
0.26,51,bin_chi2_M120,0.0202,6000
0.26,52,KDE_chi2,0.0063043022071323646,6000
0.26,52,well_TV,0.005666666666666653,6000
0.26,52,CDF_sup,0.012666666666666684,6000
0.26,52,W1,0.01984501879790007,6000
0.26,52,bin_chi2_M40,0.009053333333333333,6000
0.26,52,bin_chi2_M80,0.01509777777777778,6000
0.26,52,bin_chi2_M120,0.01677333333333333,6000
0.26,53,KDE_chi2,0.004933890892518528,6000
0.26,53,well_TV,0.015666666666666607,6000
0.26,53,CDF_sup,0.01662499999999997,6000
0.26,53,W1,0.02961006350045433,6000
0.26,53,bin_chi2_M40,0.009575555555555556,6000
0.26,53,bin_chi2_M80,0.015048888888888886,6000
0.26,53,bin_chi2_M120,0.017233333333333337,6000
0.26,54,KDE_chi2,0.0043606200457702365,6000
0.26,54,well_TV,0.007333333333333303,6000
0.26,54,CDF_sup,0.009166666666666639,6000
0.26,54,W1,0.01092385505233685,6000
0.26,54,bin_chi2_M40,0.008500000000000002,6000
0.26,54,bin_chi2_M80,0.013497777777777777,6000
0.26,54,bin_chi2_M120,0.022240000000000003,6000
0.26,55,KDE_chi2,0.005202584173316888,6000
0.26,55,well_TV,0.0016666666666667052,6000
0.26,55,CDF_sup,0.010749999999999992,6000
0.26,55,W1,0.013981117511189543,6000
0.26,55,bin_chi2_M40,0.005417777777777779,6000
0.26,55,bin_chi2_M80,0.01284,6000
0.26,55,bin_chi2_M120,0.015713333333333336,6000
0.26,56,KDE_chi2,0.0076873792071443445,6000
0.26,56,well_TV,0.010833333333333361,6000
0.26,56,CDF_sup,0.013499999999999977,6000
0.26,56,W1,0.01753469886354122,6000
0.26,56,bin_chi2_M40,0.003833333333333332,6000
0.26,56,bin_chi2_M80,0.01351111111111111,6000
0.26,56,bin_chi2_M120,0.021666666666666667,6000
0.26,57,KDE_chi2,0.003683352691024059,6000
0.26,57,well_TV,0.0001666666666666483,6000
0.26,57,CDF_sup,0.012041666666666654,6000
0.26,57,W1,0.009442865455877842,6000
0.26,57,bin_chi2_M40,0.00508,6000
0.26,57,bin_chi2_M80,0.015439999999999999,6000
0.26,57,bin_chi2_M120,0.019493333333333335,6000
0.26,58,KDE_chi2,0.003911521314879771,6000
0.26,58,well_TV,0.008000000000000007,6000
0.26,58,CDF_sup,0.015875000000000025,6000
0.26,58,W1,0.017000091305599936,6000
0.26,58,bin_chi2_M40,0.0077800000000000005,6000
0.26,58,bin_chi2_M80,0.012364444444444442,6000
0.26,58,bin_chi2_M120,0.02081333333333333,6000
0.26,59,KDE_chi2,0.006732388482145784,6000
0.26,59,well_TV,0.007000000000000006,6000
0.26,59,CDF_sup,0.009874999999999978,6000
0.26,59,W1,0.009454765053322496,6000
0.26,59,bin_chi2_M40,0.008042222222222221,6000
0.26,59,bin_chi2_M80,0.012328888888888887,6000
0.26,59,bin_chi2_M120,0.023493333333333335,6000
0.26,60,KDE_chi2,0.004434062330087687,6000
0.26,60,well_TV,0.002666666666666706,6000
0.26,60,CDF_sup,0.011541666666666648,6000
0.26,60,W1,0.01234473320026714,6000
0.26,60,bin_chi2_M40,0.005435555555555555,6000
0.26,60,bin_chi2_M80,0.015040000000000001,6000
0.26,60,bin_chi2_M120,0.019326666666666666,6000
0.26,61,KDE_chi2,0.005546266056225459,6000
0.26,61,well_TV,0.011166666666666547,6000
0.26,61,CDF_sup,0.014291666666666649,6000
0.26,61,W1,0.02153999802443543,6000
0.26,61,bin_chi2_M40,0.007324444444444444,6000
0.26,61,bin_chi2_M80,0.011115555555555556,6000
0.26,61,bin_chi2_M120,0.021906666666666665,6000
0.26,62,KDE_chi2,0.0056041947497299256,6000
0.26,62,well_TV,0.012333333333333307,6000
0.26,62,CDF_sup,0.014874999999999972,6000
0.26,62,W1,0.020015631104341118,6000
0.26,62,bin_chi2_M40,0.008539999999999999,6000
0.26,62,bin_chi2_M80,0.014168888888888887,6000
0.26,62,bin_chi2_M120,0.018713333333333332,6000
0.26,63,KDE_chi2,0.004947600379117846,6000
0.26,63,well_TV,0.0015000000000000568,6000
0.26,63,CDF_sup,0.011333333333333369,6000
0.26,63,W1,0.008512472995150589,6000
0.26,63,bin_chi2_M40,0.006777777777777777,6000
0.26,63,bin_chi2_M80,0.01702222222222222,6000
0.26,63,bin_chi2_M120,0.017653333333333333,6000
0.22,0,KDE_chi2,0.006241162110278967,6000
0.22,0,well_TV,0.0003333333333332966,6000
0.22,0,CDF_sup,0.006041666666666706,6000
0.22,0,W1,0.006324842166566476,6000
0.22,0,bin_chi2_M40,0.004555555555555556,6000
0.22,0,bin_chi2_M80,0.013479999999999997,6000
0.22,0,bin_chi2_M120,0.0212,6000
0.22,1,KDE_chi2,0.00795172847938917,6000
0.22,1,well_TV,0.002666666666666706,6000
0.22,1,CDF_sup,0.009833333333333343,6000
0.22,1,W1,0.008650706075484292,6000
0.22,1,bin_chi2_M40,0.005602222222222222,6000
0.22,1,bin_chi2_M80,0.013075555555555552,6000
0.22,1,bin_chi2_M120,0.022,6000
0.22,2,KDE_chi2,0.006552902960414117,6000
0.22,2,well_TV,0.0024999999999999467,6000
0.22,2,CDF_sup,0.01041666666666671,6000
0.22,2,W1,0.01003902695494299,6000
0.22,2,bin_chi2_M40,0.008735555555555557,6000
0.22,2,bin_chi2_M80,0.011942222222222222,6000
0.22,2,bin_chi2_M120,0.020146666666666663,6000
0.22,3,KDE_chi2,0.008006948115716337,6000
0.22,3,well_TV,0.010666666666666658,6000
0.22,3,CDF_sup,0.02029166666666672,6000
0.22,3,W1,0.03587676436158119,6000
0.22,3,bin_chi2_M40,0.005726666666666668,6000
0.22,3,bin_chi2_M80,0.012093333333333333,6000
0.22,3,bin_chi2_M120,0.014779999999999998,6000
0.22,4,KDE_chi2,0.005649409246973346,6000
0.22,4,well_TV,0.0030000000000000027,6000
0.22,4,CDF_sup,0.006833333333333306,6000
0.22,4,W1,0.006896543605261151,6000
0.22,4,bin_chi2_M40,0.0033111111111111097,6000
0.22,4,bin_chi2_M80,0.015075555555555554,6000
0.22,4,bin_chi2_M120,0.023466666666666667,6000
0.22,5,KDE_chi2,0.008225594977923894,6000
0.22,5,well_TV,0.0013333333333334085,6000
0.22,5,CDF_sup,0.01262499999999997,6000
0.22,5,W1,0.011417907983814488,6000
0.22,5,bin_chi2_M40,0.005266666666666665,6000
0.22,5,bin_chi2_M80,0.011151111111111112,6000
0.22,5,bin_chi2_M120,0.018286666666666666,6000
0.22,6,KDE_chi2,0.006781413702791022,6000
0.22,6,well_TV,0.00033333333333340764,6000
0.22,6,CDF_sup,0.007375000000000004,6000
0.22,6,W1,0.006620342848161796,6000
0.22,6,bin_chi2_M40,0.006655555555555555,6000
0.22,6,bin_chi2_M80,0.01316888888888889,6000
0.22,6,bin_chi2_M120,0.020506666666666666,6000
0.22,7,KDE_chi2,0.0052556173307684185,6000
0.22,7,well_TV,0.005333333333333412,6000
0.22,7,CDF_sup,0.011874999999999985,6000
0.22,7,W1,0.011516550607957619,6000
0.22,7,bin_chi2_M40,0.006642222222222221,6000
0.22,7,bin_chi2_M80,0.014084444444444443,6000
0.22,7,bin_chi2_M120,0.02255333333333334,6000
0.22,8,KDE_chi2,0.006504823251711433,6000
0.22,8,well_TV,0.006333333333333302,6000
0.22,8,CDF_sup,0.010208333333333309,6000
0.22,8,W1,0.013518004942743078,6000
0.22,8,bin_chi2_M40,0.0064888888888888895,6000
0.22,8,bin_chi2_M80,0.016226666666666667,6000
0.22,8,bin_chi2_M120,0.01996,6000
0.22,9,KDE_chi2,0.005751568677853208,6000
0.22,9,well_TV,0.005833333333333357,6000
0.22,9,CDF_sup,0.010208333333333357,6000
0.22,9,W1,0.011250170036110608,6000
0.22,9,bin_chi2_M40,0.007097777777777777,6000
0.22,9,bin_chi2_M80,0.010920000000000001,6000
0.22,9,bin_chi2_M120,0.023133333333333336,6000
0.22,10,KDE_chi2,0.005805176325590855,6000
0.22,10,well_TV,0.000500000000000056,6000
0.22,10,CDF_sup,0.008500000000000032,6000
0.22,10,W1,0.00907034674211338,6000
0.22,10,bin_chi2_M40,0.006302222222222223,6000
0.22,10,bin_chi2_M80,0.01272888888888889,6000
0.22,10,bin_chi2_M120,0.02025333333333333,6000
0.22,11,KDE_chi2,0.005747502123123088,6000
0.22,11,well_TV,0.001833333333333298,6000
0.22,11,CDF_sup,0.015541666666666707,6000
0.22,11,W1,0.01788378240733929,6000
0.22,11,bin_chi2_M40,0.006584444444444444,6000
0.22,11,bin_chi2_M80,0.015653333333333335,6000
0.22,11,bin_chi2_M120,0.01786666666666667,6000
0.22,12,KDE_chi2,0.007794166117571338,6000
0.22,12,well_TV,0.0036666666666666514,6000
0.22,12,CDF_sup,0.011624999999999967,6000
0.22,12,W1,0.012246348877641172,6000
0.22,12,bin_chi2_M40,0.006915555555555555,6000
0.22,12,bin_chi2_M80,0.010799999999999999,6000
0.22,12,bin_chi2_M120,0.019546666666666667,6000
0.22,13,KDE_chi2,0.005776863476686185,6000
0.22,13,well_TV,0.004166666666666652,6000
0.22,13,CDF_sup,0.008833333333333363,6000
0.22,13,W1,0.008853769504654205,6000
0.22,13,bin_chi2_M40,0.003259999999999999,6000
0.22,13,bin_chi2_M80,0.012324444444444442,6000
0.22,13,bin_chi2_M120,0.017626666666666665,6000
0.22,14,KDE_chi2,0.006262200126926905,6000
0.22,14,well_TV,0.004166666666666652,6000
0.22,14,CDF_sup,0.008875000000000015,6000
0.22,14,W1,0.011000291426322237,6000
0.22,14,bin_chi2_M40,0.005853333333333333,6000
0.22,14,bin_chi2_M80,0.012915555555555555,6000
0.22,14,bin_chi2_M120,0.013380000000000003,6000
0.22,15,KDE_chi2,0.007009872334344219,6000
0.22,15,well_TV,0.007500000000000062,6000
0.22,15,CDF_sup,0.009833333333333312,6000
0.22,15,W1,0.008941053798713447,6000
0.22,15,bin_chi2_M40,0.0057,6000
0.22,15,bin_chi2_M80,0.011493333333333333,6000
0.22,15,bin_chi2_M120,0.01802,6000
0.22,16,KDE_chi2,0.0076130719531826065,6000
0.22,16,well_TV,0.00550000000000006,6000
0.22,16,CDF_sup,0.009541666666666636,6000
0.22,16,W1,0.012365574612423009,6000
0.22,16,bin_chi2_M40,0.00797111111111111,6000
0.22,16,bin_chi2_M80,0.01321777777777778,6000
0.22,16,bin_chi2_M120,0.01820666666666667,6000
0.22,17,KDE_chi2,0.00849733593932779,6000
0.22,17,well_TV,0.003166666666666651,6000
0.22,17,CDF_sup,0.010708333333333292,6000
0.22,17,W1,0.012008094442821301,6000
0.22,17,bin_chi2_M40,0.004633333333333335,6000
0.22,17,bin_chi2_M80,0.012119999999999997,6000
0.22,17,bin_chi2_M120,0.014819999999999998,6000
0.22,18,KDE_chi2,0.006827412022466698,6000
0.22,18,well_TV,0.005833333333333357,6000
0.22,18,CDF_sup,0.010208333333333363,6000
0.22,18,W1,0.01672159537565651,6000
0.22,18,bin_chi2_M40,0.009277777777777777,6000
0.22,18,bin_chi2_M80,0.013582222222222221,6000
0.22,18,bin_chi2_M120,0.01746,6000
0.22,19,KDE_chi2,0.004564310559747308,6000
0.22,19,well_TV,0.01083333333333325,6000
0.22,19,CDF_sup,0.017333333333333315,6000
0.22,19,W1,0.02053389293387832,6000
0.22,19,bin_chi2_M40,0.006028888888888889,6000
0.22,19,bin_chi2_M80,0.012795555555555553,6000
0.22,19,bin_chi2_M120,0.01993333333333333,6000
0.22,20,KDE_chi2,0.007340370816928838,6000
0.22,20,well_TV,0.012666666666666715,6000
0.22,20,CDF_sup,0.013625000000000014,6000
0.22,20,W1,0.01700293706239523,6000
0.22,20,bin_chi2_M40,0.006795555555555555,6000
0.22,20,bin_chi2_M80,0.009835555555555556,6000
0.22,20,bin_chi2_M120,0.02241333333333333,6000
0.22,21,KDE_chi2,0.009511738042260708,6000
0.22,21,well_TV,0.006333333333333302,6000
0.22,21,CDF_sup,0.008583333333333349,6000
0.22,21,W1,0.00973258256806142,6000
0.22,21,bin_chi2_M40,0.009044444444444442,6000
0.22,21,bin_chi2_M80,0.013519999999999997,6000
0.22,21,bin_chi2_M120,0.01564666666666667,6000
0.22,22,KDE_chi2,0.008379504351066278,6000
0.22,22,well_TV,0.00716666666666671,6000
0.22,22,CDF_sup,0.012375000000000016,6000
0.22,22,W1,0.0159424796251773,6000
0.22,22,bin_chi2_M40,0.004086666666666666,6000
0.22,22,bin_chi2_M80,0.011866666666666664,6000
0.22,22,bin_chi2_M120,0.020560000000000002,6000
0.22,23,KDE_chi2,0.006921871794028285,6000
0.22,23,well_TV,0.005166666666666764,6000
0.22,23,CDF_sup,0.007166666666666645,6000
0.22,23,W1,0.008491330724967007,6000
0.22,23,bin_chi2_M40,0.007597777777777776,6000
0.22,23,bin_chi2_M80,0.013506666666666667,6000
0.22,23,bin_chi2_M120,0.015706666666666667,6000
0.22,24,KDE_chi2,0.006888635056728885,6000
0.22,24,well_TV,0.004666666666666652,6000
0.22,24,CDF_sup,0.009333333333333345,6000
0.22,24,W1,0.011566706868801225,6000
0.22,24,bin_chi2_M40,0.004937777777777779,6000
0.22,24,bin_chi2_M80,0.020466666666666664,6000
0.22,24,bin_chi2_M120,0.015393333333333337,6000
0.22,25,KDE_chi2,0.005754256971091451,6000
0.22,25,well_TV,0.0043333333333333,6000
0.22,25,CDF_sup,0.013625000000000026,6000
0.22,25,W1,0.01666189375092262,6000
0.22,25,bin_chi2_M40,0.007217777777777779,6000
0.22,25,bin_chi2_M80,0.00983111111111111,6000
0.22,25,bin_chi2_M120,0.018426666666666668,6000
0.22,26,KDE_chi2,0.0062229535680529136,6000
0.22,26,well_TV,0.0050000000000000044,6000
0.22,26,CDF_sup,0.011583333333333307,6000
0.22,26,W1,0.01199306918901316,6000
0.22,26,bin_chi2_M40,0.006955555555555553,6000
0.22,26,bin_chi2_M80,0.011244444444444446,6000
0.22,26,bin_chi2_M120,0.023666666666666666,6000
0.22,27,KDE_chi2,0.004646857228895732,6000
0.22,27,well_TV,0.0013333333333334085,6000
0.22,27,CDF_sup,0.01649999999999999,6000
0.22,27,W1,0.010059757977503908,6000
0.22,27,bin_chi2_M40,0.005948888888888891,6000
0.22,27,bin_chi2_M80,0.011168888888888888,6000
0.22,27,bin_chi2_M120,0.02394666666666667,6000
0.22,28,KDE_chi2,0.008295797184437567,6000
0.22,28,well_TV,0.0045000000000000595,6000
0.22,28,CDF_sup,0.008875000000000022,6000
0.22,28,W1,0.010073445291705042,6000
0.22,28,bin_chi2_M40,0.004811111111111112,6000
0.22,28,bin_chi2_M80,0.015608888888888887,6000
0.22,28,bin_chi2_M120,0.017706666666666666,6000
0.22,29,KDE_chi2,0.005852469724630722,6000
0.22,29,well_TV,0.0001666666666666483,6000
0.22,29,CDF_sup,0.013708333333333355,6000
0.22,29,W1,0.014012745678146804,6000
0.22,29,bin_chi2_M40,0.008124444444444446,6000
0.22,29,bin_chi2_M80,0.011084444444444444,6000
0.22,29,bin_chi2_M120,0.017186666666666666,6000
0.22,30,KDE_chi2,0.005837804366465006,6000
0.22,30,well_TV,0.005833333333333357,6000
0.22,30,CDF_sup,0.007541666666666643,6000
0.22,30,W1,0.0068646270509596565,6000
0.22,30,bin_chi2_M40,0.007028888888888889,6000
0.22,30,bin_chi2_M80,0.011937777777777778,6000
0.22,30,bin_chi2_M120,0.021579999999999995,6000
0.22,31,KDE_chi2,0.006342226987750225,6000
0.22,31,well_TV,0.0004999999999999449,6000
0.22,31,CDF_sup,0.00895833333333335,6000
0.22,31,W1,0.0071033758928203605,6000
0.22,31,bin_chi2_M40,0.004919999999999999,6000
0.22,31,bin_chi2_M80,0.014782222222222221,6000
0.22,31,bin_chi2_M120,0.019813333333333336,6000
0.22,32,KDE_chi2,0.006183194049086232,6000
0.22,32,well_TV,0.007666666666666655,6000
0.22,32,CDF_sup,0.010208333333333356,6000
0.22,32,W1,0.011290439175944142,6000
0.22,32,bin_chi2_M40,0.0070399999999999985,6000
0.22,32,bin_chi2_M80,0.011417777777777777,6000
0.22,32,bin_chi2_M120,0.022393333333333335,6000
0.22,33,KDE_chi2,0.007184039999696343,6000
0.22,33,well_TV,0.0011666666666667047,6000
0.22,33,CDF_sup,0.008624999999999963,6000
0.22,33,W1,0.006860888511781762,6000
0.22,33,bin_chi2_M40,0.007317777777777779,6000
0.22,33,bin_chi2_M80,0.01208,6000
0.22,33,bin_chi2_M120,0.015353333333333335,6000
0.22,34,KDE_chi2,0.007850268137224477,6000
0.22,34,well_TV,0.0016666666666667052,6000
0.22,34,CDF_sup,0.008166666666666681,6000
0.22,34,W1,0.009190691558657059,6000
0.22,34,bin_chi2_M40,0.006602222222222225,6000
0.22,34,bin_chi2_M80,0.017017777777777778,6000
0.22,34,bin_chi2_M120,0.016606666666666665,6000
0.22,35,KDE_chi2,0.005562082369585797,6000
0.22,35,well_TV,0.0030000000000000027,6000
0.22,35,CDF_sup,0.00924999999999998,6000
0.22,35,W1,0.010081214727862105,6000
0.22,35,bin_chi2_M40,0.005055555555555556,6000
0.22,35,bin_chi2_M80,0.011177777777777778,6000
0.22,35,bin_chi2_M120,0.020153333333333332,6000
0.22,36,KDE_chi2,0.005447409798358111,6000
0.22,36,well_TV,0.008333333333333304,6000
0.22,36,CDF_sup,0.009458333333333357,6000
0.22,36,W1,0.010151981675891092,6000
0.22,36,bin_chi2_M40,0.006957777777777776,6000
0.22,36,bin_chi2_M80,0.009524444444444443,6000
0.22,36,bin_chi2_M120,0.019033333333333333,6000
0.22,37,KDE_chi2,0.005234094865816462,6000
0.22,37,well_TV,0.002666666666666595,6000
0.22,37,CDF_sup,0.011500000000000022,6000
0.22,37,W1,0.011687531940045199,6000
0.22,37,bin_chi2_M40,0.0074933333333333345,6000
0.22,37,bin_chi2_M80,0.014155555555555553,6000
0.22,37,bin_chi2_M120,0.017106666666666666,6000
0.22,38,KDE_chi2,0.003507340668366771,6000
0.22,38,well_TV,0.006500000000000061,6000
0.22,38,CDF_sup,0.01508333333333332,6000
0.22,38,W1,0.01728991234848646,6000
0.22,38,bin_chi2_M40,0.007795555555555556,6000
0.22,38,bin_chi2_M80,0.013342222222222222,6000
0.22,38,bin_chi2_M120,0.018073333333333334,6000
0.22,39,KDE_chi2,0.006379321102459583,6000
0.22,39,well_TV,0.007833333333333359,6000
0.22,39,CDF_sup,0.010916666666666684,6000
0.22,39,W1,0.0131943351052302,6000
0.22,39,bin_chi2_M40,0.006706666666666666,6000
0.22,39,bin_chi2_M80,0.01824,6000
0.22,39,bin_chi2_M120,0.019373333333333333,6000
0.22,40,KDE_chi2,0.005769204999115257,6000
0.22,40,well_TV,0.002666666666666706,6000
0.22,40,CDF_sup,0.006874999999999956,6000
0.22,40,W1,0.007022302882094263,6000
0.22,40,bin_chi2_M40,0.006724444444444443,6000
0.22,40,bin_chi2_M80,0.01835111111111111,6000
0.22,40,bin_chi2_M120,0.016420000000000004,6000
0.22,41,KDE_chi2,0.005727429837035274,6000
0.22,41,well_TV,0.0038333333333333552,6000
0.22,41,CDF_sup,0.010166666666666704,6000
0.22,41,W1,0.011613600799929482,6000
0.22,41,bin_chi2_M40,0.00821111111111111,6000
0.22,41,bin_chi2_M80,0.01739111111111111,6000
0.22,41,bin_chi2_M120,0.017566666666666664,6000
0.22,42,KDE_chi2,0.009197685241907134,6000
0.22,42,well_TV,0.006833333333333358,6000
0.22,42,CDF_sup,0.014541666666666682,6000
0.22,42,W1,0.01798545743384979,6000
0.22,42,bin_chi2_M40,0.006686666666666666,6000
0.22,42,bin_chi2_M80,0.010342222222222221,6000
0.22,42,bin_chi2_M120,0.022606666666666664,6000
0.22,43,KDE_chi2,0.007539313595167137,6000
0.22,43,well_TV,0.012166666666666659,6000
0.22,43,CDF_sup,0.018041666666666678,6000
0.22,43,W1,0.028203140001437588,6000
0.22,43,bin_chi2_M40,0.008011111111111111,6000
0.22,43,bin_chi2_M80,0.012533333333333332,6000
0.22,43,bin_chi2_M120,0.017733333333333337,6000
0.22,44,KDE_chi2,0.00338676180848016,6000
0.22,44,well_TV,0.0050000000000000044,6000
0.22,44,CDF_sup,0.012500000000000025,6000
0.22,44,W1,0.0139974397240121,6000
0.22,44,bin_chi2_M40,0.008095555555555554,6000
0.22,44,bin_chi2_M80,0.012373333333333333,6000
0.22,44,bin_chi2_M120,0.02026,6000
0.22,45,KDE_chi2,0.007226097895467105,6000
0.22,45,well_TV,0.0028333333333333544,6000
0.22,45,CDF_sup,0.011874999999999986,6000
0.22,45,W1,0.01095969741612729,6000
0.22,45,bin_chi2_M40,0.004944444444444444,6000
0.22,45,bin_chi2_M80,0.015808888888888886,6000
0.22,45,bin_chi2_M120,0.020486666666666667,6000
0.22,46,KDE_chi2,0.010783223952954132,6000
0.22,46,well_TV,0.004333333333333411,6000
0.22,46,CDF_sup,0.016125000000000014,6000
0.22,46,W1,0.013478461167778066,6000
0.22,46,bin_chi2_M40,0.0076755555555555535,6000
0.22,46,bin_chi2_M80,0.014106666666666661,6000
0.22,46,bin_chi2_M120,0.017313333333333333,6000
0.22,47,KDE_chi2,0.009739471743275701,6000
0.22,47,well_TV,0.0005000000000000004,6000
0.22,47,CDF_sup,0.011125000000000013,6000
0.22,47,W1,0.009562543841049275,6000
0.22,47,bin_chi2_M40,0.007533333333333333,6000
0.22,47,bin_chi2_M80,0.011066666666666667,6000
0.22,47,bin_chi2_M120,0.01650666666666667,6000
0.22,48,KDE_chi2,0.007339067272998549,6000
0.22,48,well_TV,0.0011666666666667602,6000
0.22,48,CDF_sup,0.007041666666666714,6000
0.22,48,W1,0.005668886699265534,6000
0.22,48,bin_chi2_M40,0.004775555555555555,6000
0.22,48,bin_chi2_M80,0.012115555555555553,6000
0.22,48,bin_chi2_M120,0.022433333333333333,6000
0.22,49,KDE_chi2,0.006990721633423725,6000
0.22,49,well_TV,0.004833333333333356,6000
0.22,49,CDF_sup,0.009041666666666679,6000
0.22,49,W1,0.01257310517053271,6000
0.22,49,bin_chi2_M40,0.006037777777777777,6000
0.22,49,bin_chi2_M80,0.015346666666666668,6000
0.22,49,bin_chi2_M120,0.021073333333333333,6000
0.22,50,KDE_chi2,0.005668789293242849,6000
0.22,50,well_TV,0.0040000000000000036,6000
0.22,50,CDF_sup,0.00545833333333331,6000
0.22,50,W1,0.005908109737036688,6000
0.22,50,bin_chi2_M40,0.006193333333333334,6000
0.22,50,bin_chi2_M80,0.011862222222222222,6000
0.22,50,bin_chi2_M120,0.017373333333333334,6000
0.22,51,KDE_chi2,0.008600974527906717,6000
0.22,51,well_TV,0.009666666666666601,6000
0.22,51,CDF_sup,0.013958333333333298,6000
0.22,51,W1,0.015797431185611402,6000
0.22,51,bin_chi2_M40,0.006804444444444444,6000
0.22,51,bin_chi2_M80,0.014328888888888888,6000
0.22,51,bin_chi2_M120,0.018786666666666667,6000
0.22,52,KDE_chi2,0.006247213654418804,6000
0.22,52,well_TV,0.005166666666666653,6000
0.22,52,CDF_sup,0.008249999999999988,6000
0.22,52,W1,0.008556889826315979,6000
0.22,52,bin_chi2_M40,0.007048888888888888,6000
0.22,52,bin_chi2_M80,0.012271111111111111,6000
0.22,52,bin_chi2_M120,0.015886666666666667,6000
0.22,53,KDE_chi2,0.0055882861180301165,6000
0.22,53,well_TV,0.011833333333333362,6000
0.22,53,CDF_sup,0.012958333333333308,6000
0.22,53,W1,0.020459177179223957,6000
0.22,53,bin_chi2_M40,0.007513333333333331,6000
0.22,53,bin_chi2_M80,0.01388,6000
0.22,53,bin_chi2_M120,0.015113333333333333,6000
0.22,54,KDE_chi2,0.006658820088600563,6000
0.22,54,well_TV,0.005499999999999949,6000
0.22,54,CDF_sup,0.006791666666666691,6000
0.22,54,W1,0.005933096424999939,6000
0.22,54,bin_chi2_M40,0.006193333333333334,6000
0.22,54,bin_chi2_M80,0.011702222222222221,6000
0.22,54,bin_chi2_M120,0.01964,6000
0.22,55,KDE_chi2,0.006125087200241099,6000
0.22,55,well_TV,0.011666666666666659,6000
0.22,55,CDF_sup,0.01400000000000003,6000
0.22,55,W1,0.01974708689518122,6000
0.22,55,bin_chi2_M40,0.004435555555555555,6000
0.22,55,bin_chi2_M80,0.013884444444444442,6000
0.22,55,bin_chi2_M120,0.0215,6000
0.22,56,KDE_chi2,0.0038518496606833926,6000
0.22,56,well_TV,0.000500000000000056,6000
0.22,56,CDF_sup,0.007708333333333289,6000
0.22,56,W1,0.006434771397012292,6000
0.22,56,bin_chi2_M40,0.005968888888888888,6000
0.22,56,bin_chi2_M80,0.012920000000000001,6000
0.22,56,bin_chi2_M120,0.016460000000000002,6000
0.22,57,KDE_chi2,0.008687183452164265,6000
0.22,57,well_TV,0.0011666666666666492,6000
0.22,57,CDF_sup,0.014333333333333306,6000
0.22,57,W1,0.012268598150403816,6000
0.22,57,bin_chi2_M40,0.007144444444444443,6000
0.22,57,bin_chi2_M80,0.013862222222222222,6000
0.22,57,bin_chi2_M120,0.01738,6000
0.22,58,KDE_chi2,0.007623985955638563,6000
0.22,58,well_TV,0.008000000000000007,6000
0.22,58,CDF_sup,0.014791666666666694,6000
0.22,58,W1,0.022225732024394578,6000
0.22,58,bin_chi2_M40,0.006433333333333335,6000
0.22,58,bin_chi2_M80,0.011835555555555556,6000
0.22,58,bin_chi2_M120,0.016406666666666667,6000
0.22,59,KDE_chi2,0.005687457736256152,6000
0.22,59,well_TV,0.0025000000000000022,6000
0.22,59,CDF_sup,0.009000000000000037,6000
0.22,59,W1,0.009908147165363205,6000
0.22,59,bin_chi2_M40,0.00858222222222222,6000
0.22,59,bin_chi2_M80,0.014222222222222223,6000
0.22,59,bin_chi2_M120,0.019799999999999998,6000
0.22,60,KDE_chi2,0.005948316378425507,6000
0.22,60,well_TV,0.0011666666666667047,6000
0.22,60,CDF_sup,0.010250000000000032,6000
0.22,60,W1,0.010303521780644137,6000
0.22,60,bin_chi2_M40,0.006813333333333335,6000
0.22,60,bin_chi2_M80,0.008395555555555555,6000
0.22,60,bin_chi2_M120,0.02205333333333333,6000
0.22,61,KDE_chi2,0.005434281447674799,6000
0.22,61,well_TV,0.003333333333333355,6000
0.22,61,CDF_sup,0.013208333333333374,6000
0.22,61,W1,0.01483741769444758,6000
0.22,61,bin_chi2_M40,0.0038666666666666663,6000
0.22,61,bin_chi2_M80,0.01306222222222222,6000
0.22,61,bin_chi2_M120,0.015186666666666663,6000
0.22,62,KDE_chi2,0.006909488662555325,6000
0.22,62,well_TV,0.008000000000000007,6000
0.22,62,CDF_sup,0.010249999999999971,6000
0.22,62,W1,0.011907716793958831,6000
0.22,62,bin_chi2_M40,0.00454888888888889,6000
0.22,62,bin_chi2_M80,0.015817777777777778,6000
0.22,62,bin_chi2_M120,0.016739999999999998,6000
0.22,63,KDE_chi2,0.006250219871478508,6000
0.22,63,well_TV,0.007500000000000062,6000
0.22,63,CDF_sup,0.009583333333333353,6000
0.22,63,W1,0.010999046286199812,6000
0.22,63,bin_chi2_M40,0.00604,6000
0.22,63,bin_chi2_M80,0.015444444444444443,6000
0.22,63,bin_chi2_M120,0.01824,6000
0.2,0,KDE_chi2,0.005651039104527053,6000
0.2,0,well_TV,0.0024999999999999467,6000
0.2,0,CDF_sup,0.012666666666666658,6000
0.2,0,W1,0.00937413006588468,6000
0.2,0,bin_chi2_M40,0.004620000000000001,6000
0.2,0,bin_chi2_M80,0.010715555555555555,6000
0.2,0,bin_chi2_M120,0.019486666666666666,6000
0.2,1,KDE_chi2,0.010420238868171195,6000
0.2,1,well_TV,0.0030000000000000027,6000
0.2,1,CDF_sup,0.009750000000000023,6000
0.2,1,W1,0.008862446059024028,6000
0.2,1,bin_chi2_M40,0.007184444444444446,6000
0.2,1,bin_chi2_M80,0.011057777777777777,6000
0.2,1,bin_chi2_M120,0.021699999999999997,6000
0.2,2,KDE_chi2,0.005357677123901396,6000
0.2,2,well_TV,0.0044999999999999485,6000
0.2,2,CDF_sup,0.010708333333333292,6000
0.2,2,W1,0.013845638937205893,6000
0.2,2,bin_chi2_M40,0.00536,6000
0.2,2,bin_chi2_M80,0.01594222222222222,6000
0.2,2,bin_chi2_M120,0.020620000000000003,6000
0.2,3,KDE_chi2,0.005788773643235162,6000
0.2,3,well_TV,0.004166666666666652,6000
0.2,3,CDF_sup,0.009458333333333324,6000
0.2,3,W1,0.010321543528767397,6000
0.2,3,bin_chi2_M40,0.007304444444444444,6000
0.2,3,bin_chi2_M80,0.012293333333333333,6000
0.2,3,bin_chi2_M120,0.01916666666666667,6000
0.2,4,KDE_chi2,0.008460136752879693,6000
0.2,4,well_TV,0.006000000000000005,6000
0.2,4,CDF_sup,0.014499999999999992,6000
0.2,4,W1,0.009910625396941583,6000
0.2,4,bin_chi2_M40,0.005997777777777777,6000
0.2,4,bin_chi2_M80,0.01485333333333333,6000
0.2,4,bin_chi2_M120,0.020433333333333335,6000
0.2,5,KDE_chi2,0.005102335963412063,6000
0.2,5,well_TV,0.0024999999999999467,6000
0.2,5,CDF_sup,0.010833333333333365,6000
0.2,5,W1,0.010281784965526371,6000
0.2,5,bin_chi2_M40,0.005355555555555555,6000
0.2,5,bin_chi2_M80,0.010835555555555553,6000
0.2,5,bin_chi2_M120,0.02332666666666667,6000
0.2,6,KDE_chi2,0.007586547601126498,6000
0.2,6,well_TV,0.0015000000000000568,6000
0.2,6,CDF_sup,0.00866666666666663,6000
0.2,6,W1,0.009234781004235377,6000
0.2,6,bin_chi2_M40,0.008499999999999999,6000
0.2,6,bin_chi2_M80,0.014213333333333335,6000
0.2,6,bin_chi2_M120,0.022879999999999998,6000
0.2,7,KDE_chi2,0.005664633102809381,6000
0.2,7,well_TV,0.00550000000000006,6000
0.2,7,CDF_sup,0.013041666666666691,6000
0.2,7,W1,0.013564125237184097,6000
0.2,7,bin_chi2_M40,0.006400000000000001,6000
0.2,7,bin_chi2_M80,0.012,6000
0.2,7,bin_chi2_M120,0.022793333333333332,6000
0.2,8,KDE_chi2,0.005840139602303209,6000
0.2,8,well_TV,0.008833333333333249,6000
0.2,8,CDF_sup,0.014333333333333321,6000
0.2,8,W1,0.018945280216323482,6000
0.2,8,bin_chi2_M40,0.007675555555555555,6000
0.2,8,bin_chi2_M80,0.012866666666666669,6000
0.2,8,bin_chi2_M120,0.020393333333333333,6000
0.2,9,KDE_chi2,0.006727501095358168,6000
0.2,9,well_TV,0.00216666666666665,6000
0.2,9,CDF_sup,0.007000000000000004,6000
0.2,9,W1,0.00706652363957141,6000
0.2,9,bin_chi2_M40,0.006948888888888888,6000
0.2,9,bin_chi2_M80,0.013808888888888891,6000
0.2,9,bin_chi2_M120,0.018893333333333335,6000
0.2,10,KDE_chi2,0.007900813412408681,6000
0.2,10,well_TV,0.0013333333333332975,6000
0.2,10,CDF_sup,0.006874999999999959,6000
0.2,10,W1,0.005354662355705752,6000
0.2,10,bin_chi2_M40,0.004895555555555557,6000
0.2,10,bin_chi2_M80,0.01570222222222222,6000
0.2,10,bin_chi2_M120,0.017333333333333333,6000
0.2,11,KDE_chi2,0.008180868682186638,6000
0.2,11,well_TV,0.006833333333333358,6000
0.2,11,CDF_sup,0.009125000000000006,6000
0.2,11,W1,0.013473009186032125,6000
0.2,11,bin_chi2_M40,0.007824444444444443,6000
0.2,11,bin_chi2_M80,0.015844444444444446,6000
0.2,11,bin_chi2_M120,0.026940000000000002,6000
0.2,12,KDE_chi2,0.005790543461321666,6000
0.2,12,well_TV,0.0006666666666667043,6000
0.2,12,CDF_sup,0.006458333333333325,6000
0.2,12,W1,0.0075066069911824095,6000
0.2,12,bin_chi2_M40,0.0073488888888888874,6000
0.2,12,bin_chi2_M80,0.01747111111111111,6000
0.2,12,bin_chi2_M120,0.01748,6000
0.2,13,KDE_chi2,0.008135483313889826,6000
0.2,13,well_TV,0.006000000000000005,6000
0.2,13,CDF_sup,0.008624999999999971,6000
0.2,13,W1,0.009640282623336266,6000
0.2,13,bin_chi2_M40,0.009059999999999999,6000
0.2,13,bin_chi2_M80,0.011893333333333336,6000
0.2,13,bin_chi2_M120,0.018000000000000002,6000
0.2,14,KDE_chi2,0.006462835242974774,6000
0.2,14,well_TV,0.010166666666666657,6000
0.2,14,CDF_sup,0.017333333333333353,6000
0.2,14,W1,0.024477455362162344,6000
0.2,14,bin_chi2_M40,0.00782,6000
0.2,14,bin_chi2_M80,0.013688888888888888,6000
0.2,14,bin_chi2_M120,0.016593333333333335,6000
0.2,15,KDE_chi2,0.007491571518983746,6000
0.2,15,well_TV,0.0030000000000000027,6000
0.2,15,CDF_sup,0.0115833333333333,6000
0.2,15,W1,0.007910230351655265,6000
0.2,15,bin_chi2_M40,0.006977777777777776,6000
0.2,15,bin_chi2_M80,0.017111111111111115,6000
0.2,15,bin_chi2_M120,0.019466666666666667,6000
0.2,16,KDE_chi2,0.007320151700219182,6000
0.2,16,well_TV,0.0006666666666666488,6000
0.2,16,CDF_sup,0.006583333333333304,6000
0.2,16,W1,0.004837945384171274,6000
0.2,16,bin_chi2_M40,0.008213333333333333,6000
0.2,16,bin_chi2_M80,0.010044444444444446,6000
0.2,16,bin_chi2_M120,0.022846666666666668,6000
0.2,17,KDE_chi2,0.007779496926717676,6000
0.2,17,well_TV,0.0044999999999999485,6000
0.2,17,CDF_sup,0.006541666666666645,6000
0.2,17,W1,0.007294495237193488,6000
0.2,17,bin_chi2_M40,0.006537777777777778,6000
0.2,17,bin_chi2_M80,0.012573333333333332,6000
0.2,17,bin_chi2_M120,0.023446666666666664,6000
0.2,18,KDE_chi2,0.008108768763641569,6000
0.2,18,well_TV,0.007000000000000006,6000
0.2,18,CDF_sup,0.010375000000000014,6000
0.2,18,W1,0.016212814163643226,6000
0.2,18,bin_chi2_M40,0.007395555555555556,6000
0.2,18,bin_chi2_M80,0.012613333333333334,6000
0.2,18,bin_chi2_M120,0.01668,6000
0.2,19,KDE_chi2,0.00939580154370495,6000
0.2,19,well_TV,0.005333333333333301,6000
0.2,19,CDF_sup,0.00979166666666668,6000
0.2,19,W1,0.010956845958890855,6000
0.2,19,bin_chi2_M40,0.00785111111111111,6000
0.2,19,bin_chi2_M80,0.012573333333333334,6000
0.2,19,bin_chi2_M120,0.021253333333333336,6000
0.2,20,KDE_chi2,0.0075831914560828126,6000
0.2,20,well_TV,0.006166666666666654,6000
0.2,20,CDF_sup,0.01091666666666665,6000
0.2,20,W1,0.01397201941786955,6000
0.2,20,bin_chi2_M40,0.00865333333333333,6000
0.2,20,bin_chi2_M80,0.01634222222222222,6000
0.2,20,bin_chi2_M120,0.019566666666666663,6000
0.2,21,KDE_chi2,0.004401008199636889,6000
0.2,21,well_TV,0.0028333333333333544,6000
0.2,21,CDF_sup,0.014833333333333362,6000
0.2,21,W1,0.01211042918818556,6000
0.2,21,bin_chi2_M40,0.008182222222222223,6000
0.2,21,bin_chi2_M80,0.013968888888888885,6000
0.2,21,bin_chi2_M120,0.017506666666666667,6000
0.2,22,KDE_chi2,0.008306463396808279,6000
0.2,22,well_TV,0.0001666666666666483,6000
0.2,22,CDF_sup,0.0066249999999999625,6000
0.2,22,W1,0.0062796001979447316,6000
0.2,22,bin_chi2_M40,0.007648888888888886,6000
0.2,22,bin_chi2_M80,0.01452888888888889,6000
0.2,22,bin_chi2_M120,0.017813333333333334,6000
0.2,23,KDE_chi2,0.008231293893477841,6000
0.2,23,well_TV,0.0015000000000000568,6000
0.2,23,CDF_sup,0.00954166666666667,6000
0.2,23,W1,0.010906443897335397,6000
0.2,23,bin_chi2_M40,0.0061155555555555555,6000
0.2,23,bin_chi2_M80,0.011875555555555556,6000
0.2,23,bin_chi2_M120,0.01916,6000
0.2,24,KDE_chi2,0.011262247399389894,6000
0.2,24,well_TV,0.0015000000000000013,6000
0.2,24,CDF_sup,0.013500000000000015,6000
0.2,24,W1,0.012115244287293863,6000
0.2,24,bin_chi2_M40,0.007375555555555555,6000
0.2,24,bin_chi2_M80,0.01370222222222222,6000
0.2,24,bin_chi2_M120,0.02015333333333333,6000
0.2,25,KDE_chi2,0.00864933170667065,6000
0.2,25,well_TV,0.0035000000000000586,6000
0.2,25,CDF_sup,0.017583333333333374,6000
0.2,25,W1,0.018279017190089848,6000
0.2,25,bin_chi2_M40,0.007657777777777779,6000
0.2,25,bin_chi2_M80,0.013271111111111109,6000
0.2,25,bin_chi2_M120,0.022586666666666665,6000
0.2,26,KDE_chi2,0.006997330716865642,6000
0.2,26,well_TV,0.005166666666666708,6000
0.2,26,CDF_sup,0.009333333333333367,6000
0.2,26,W1,0.01081924898692348,6000
0.2,26,bin_chi2_M40,0.006622222222222222,6000
0.2,26,bin_chi2_M80,0.012626666666666665,6000
0.2,26,bin_chi2_M120,0.02204,6000
0.2,27,KDE_chi2,0.00631354476414884,6000
0.2,27,well_TV,0.002333333333333354,6000
0.2,27,CDF_sup,0.007500000000000037,6000
0.2,27,W1,0.006993901724832603,6000
0.2,27,bin_chi2_M40,0.0067644444444444445,6000
0.2,27,bin_chi2_M80,0.014951111111111111,6000
0.2,27,bin_chi2_M120,0.02396,6000
0.2,28,KDE_chi2,0.007295596151252185,6000
0.2,28,well_TV,0.0011666666666667602,6000
0.2,28,CDF_sup,0.009625000000000036,6000
0.2,28,W1,0.00737805704010578,6000
0.2,28,bin_chi2_M40,0.006893333333333334,6000
0.2,28,bin_chi2_M80,0.015773333333333334,6000
0.2,28,bin_chi2_M120,0.02164,6000
0.2,29,KDE_chi2,0.008545181476302783,6000
0.2,29,well_TV,0.0033333333333334103,6000
0.2,29,CDF_sup,0.008500000000000013,6000
0.2,29,W1,0.00852760604423954,6000
0.2,29,bin_chi2_M40,0.006657777777777776,6000
0.2,29,bin_chi2_M80,0.012528888888888888,6000
0.2,29,bin_chi2_M120,0.016566666666666667,6000
0.2,30,KDE_chi2,0.007290852391351455,6000
0.2,30,well_TV,0.009500000000000008,6000
0.2,30,CDF_sup,0.009500000000000026,6000
0.2,30,W1,0.012098883336936749,6000
0.2,30,bin_chi2_M40,0.006022222222222222,6000
0.2,30,bin_chi2_M80,0.01064,6000
0.2,30,bin_chi2_M120,0.019753333333333335,6000
0.2,31,KDE_chi2,0.006567074155635441,6000
0.2,31,well_TV,0.0,6000
0.2,31,CDF_sup,0.008958333333333375,6000
0.2,31,W1,0.008497048903045147,6000
0.2,31,bin_chi2_M40,0.007475555555555554,6000
0.2,31,bin_chi2_M80,0.01279111111111111,6000
0.2,31,bin_chi2_M120,0.022226666666666665,6000
0.2,32,KDE_chi2,0.010234220571145187,6000
0.2,32,well_TV,0.005833333333333357,6000
0.2,32,CDF_sup,0.009499999999999977,6000
0.2,32,W1,0.010801183313163383,6000
0.2,32,bin_chi2_M40,0.009044444444444445,6000
0.2,32,bin_chi2_M80,0.014555555555555554,6000
0.2,32,bin_chi2_M120,0.017026666666666662,6000
0.2,33,KDE_chi2,0.009327976707631875,6000
0.2,33,well_TV,0.006833333333333358,6000
0.2,33,CDF_sup,0.011374999999999974,6000
0.2,33,W1,0.011100398834983795,6000
0.2,33,bin_chi2_M40,0.00424,6000
0.2,33,bin_chi2_M80,0.014204444444444445,6000
0.2,33,bin_chi2_M120,0.016913333333333336,6000
0.2,34,KDE_chi2,0.005092662041242681,6000
0.2,34,well_TV,0.009000000000000119,6000
0.2,34,CDF_sup,0.01249999999999998,6000
0.2,34,W1,0.01588577219068471,6000
0.2,34,bin_chi2_M40,0.004637777777777777,6000
0.2,34,bin_chi2_M80,0.014035555555555551,6000
0.2,34,bin_chi2_M120,0.02028,6000
0.2,35,KDE_chi2,0.005998387913760113,6000
0.2,35,well_TV,0.0023333333333332984,6000
0.2,35,CDF_sup,0.009249999999999965,6000
0.2,35,W1,0.007373773930184072,6000
0.2,35,bin_chi2_M40,0.007064444444444444,6000
0.2,35,bin_chi2_M80,0.009502222222222221,6000
0.2,35,bin_chi2_M120,0.025140000000000003,6000
0.2,36,KDE_chi2,0.00467310616950358,6000
0.2,36,well_TV,0.0001666666666666483,6000
0.2,36,CDF_sup,0.007166666666666653,6000
0.2,36,W1,0.005789045945326213,6000
0.2,36,bin_chi2_M40,0.006851111111111112,6000
0.2,36,bin_chi2_M80,0.008728888888888887,6000
0.2,36,bin_chi2_M120,0.021026666666666666,6000
0.2,37,KDE_chi2,0.007934283842855602,6000
0.2,37,well_TV,0.009666666666666712,6000
0.2,37,CDF_sup,0.012499999999999971,6000
0.2,37,W1,0.021891556838865865,6000
0.2,37,bin_chi2_M40,0.008342222222222223,6000
0.2,37,bin_chi2_M80,0.014075555555555555,6000
0.2,37,bin_chi2_M120,0.020813333333333333,6000
0.2,38,KDE_chi2,0.008822286824112985,6000
0.2,38,well_TV,0.0043333333333333,6000
0.2,38,CDF_sup,0.008666666666666639,6000
0.2,38,W1,0.009104243465271784,6000
0.2,38,bin_chi2_M40,0.0038066666666666674,6000
0.2,38,bin_chi2_M80,0.016386666666666667,6000
0.2,38,bin_chi2_M120,0.01772666666666666,6000
0.2,39,KDE_chi2,0.008087818294145982,6000
0.2,39,well_TV,0.005166666666666653,6000
0.2,39,CDF_sup,0.006999999999999977,6000
0.2,39,W1,0.007930310725480002,6000
0.2,39,bin_chi2_M40,0.00816222222222222,6000
0.2,39,bin_chi2_M80,0.010084444444444446,6000
0.2,39,bin_chi2_M120,0.0229,6000
0.2,40,KDE_chi2,0.0065490347737116265,6000
0.2,40,well_TV,0.00649999999999995,6000
0.2,40,CDF_sup,0.011749999999999958,6000
0.2,40,W1,0.011061244392259433,6000
0.2,40,bin_chi2_M40,0.0067622222222222216,6000
0.2,40,bin_chi2_M80,0.01344,6000
0.2,40,bin_chi2_M120,0.020126666666666668,6000
0.2,41,KDE_chi2,0.00826398740155179,6000
0.2,41,well_TV,0.01200000000000001,6000
0.2,41,CDF_sup,0.017041666666666684,6000
0.2,41,W1,0.023470446632272428,6000
0.2,41,bin_chi2_M40,0.006986666666666666,6000
0.2,41,bin_chi2_M80,0.012688888888888888,6000
0.2,41,bin_chi2_M120,0.017626666666666665,6000
0.2,42,KDE_chi2,0.009001304599287219,6000
0.2,42,well_TV,0.011166666666666658,6000
0.2,42,CDF_sup,0.01341666666666664,6000
0.2,42,W1,0.017591798938643363,6000
0.2,42,bin_chi2_M40,0.00879111111111111,6000
0.2,42,bin_chi2_M80,0.014813333333333333,6000
0.2,42,bin_chi2_M120,0.01906666666666667,6000
0.2,43,KDE_chi2,0.004606674088890908,6000
0.2,43,well_TV,0.0024999999999999467,6000
0.2,43,CDF_sup,0.007999999999999986,6000
0.2,43,W1,0.009314339871304478,6000
0.2,43,bin_chi2_M40,0.00621111111111111,6000
0.2,43,bin_chi2_M80,0.01399111111111111,6000
0.2,43,bin_chi2_M120,0.014486666666666665,6000
0.2,44,KDE_chi2,0.00745821673787117,6000
0.2,44,well_TV,0.0030000000000000027,6000
0.2,44,CDF_sup,0.007166666666666638,6000
0.2,44,W1,0.0062787232793718945,6000
0.2,44,bin_chi2_M40,0.004846666666666667,6000
0.2,44,bin_chi2_M80,0.01842222222222222,6000
0.2,44,bin_chi2_M120,0.018253333333333333,6000
0.2,45,KDE_chi2,0.004711191714157516,6000
0.2,45,well_TV,0.0018333333333333535,6000
0.2,45,CDF_sup,0.009958333333333316,6000
0.2,45,W1,0.010326593705828759,6000
0.2,45,bin_chi2_M40,0.007020000000000002,6000
0.2,45,bin_chi2_M80,0.012088888888888887,6000
0.2,45,bin_chi2_M120,0.019286666666666664,6000
0.2,46,KDE_chi2,0.0063385637232958834,6000
0.2,46,well_TV,0.0001666666666666483,6000
0.2,46,CDF_sup,0.008791666666666694,6000
0.2,46,W1,0.00941780965912567,6000
0.2,46,bin_chi2_M40,0.006531111111111111,6000
0.2,46,bin_chi2_M80,0.012666666666666666,6000
0.2,46,bin_chi2_M120,0.022860000000000002,6000
0.2,47,KDE_chi2,0.0077629544992327635,6000
0.2,47,well_TV,0.0018333333333333535,6000
0.2,47,CDF_sup,0.006749999999999994,6000
0.2,47,W1,0.00620874158639233,6000
0.2,47,bin_chi2_M40,0.007884444444444446,6000
0.2,47,bin_chi2_M80,0.009488888888888889,6000
0.2,47,bin_chi2_M120,0.016433333333333335,6000
0.2,48,KDE_chi2,0.010661956746065444,6000
0.2,48,well_TV,0.011833333333333362,6000
0.2,48,CDF_sup,0.014833333333333351,6000
0.2,48,W1,0.01925046791357946,6000
0.2,48,bin_chi2_M40,0.005704444444444445,6000
0.2,48,bin_chi2_M80,0.012075555555555555,6000
0.2,48,bin_chi2_M120,0.0175,6000
0.2,49,KDE_chi2,0.008328972374647126,6000
0.2,49,well_TV,0.0006666666666667043,6000
0.2,49,CDF_sup,0.010583333333333295,6000
0.2,49,W1,0.008235542437056391,6000
0.2,49,bin_chi2_M40,0.005528888888888888,6000
0.2,49,bin_chi2_M80,0.013915555555555556,6000
0.2,49,bin_chi2_M120,0.020213333333333333,6000
0.2,50,KDE_chi2,0.005359530502652993,6000
0.2,50,well_TV,0.0040000000000000036,6000
0.2,50,CDF_sup,0.013208333333333369,6000
0.2,50,W1,0.014084838384907771,6000
0.2,50,bin_chi2_M40,0.005311111111111112,6000
0.2,50,bin_chi2_M80,0.013173333333333332,6000
0.2,50,bin_chi2_M120,0.017326666666666664,6000
0.2,51,KDE_chi2,0.006948787749115613,6000
0.2,51,well_TV,0.0035000000000000586,6000
0.2,51,CDF_sup,0.008458333333333293,6000
0.2,51,W1,0.009926479739902305,6000
0.2,51,bin_chi2_M40,0.008066666666666666,6000
0.2,51,bin_chi2_M80,0.012017777777777775,6000
0.2,51,bin_chi2_M120,0.021493333333333333,6000
0.2,52,KDE_chi2,0.007981426793291202,6000
0.2,52,well_TV,0.003666666666666707,6000
0.2,52,CDF_sup,0.0115833333333333,6000
0.2,52,W1,0.01131350148175136,6000
0.2,52,bin_chi2_M40,0.006257777777777778,6000
0.2,52,bin_chi2_M80,0.01235111111111111,6000
0.2,52,bin_chi2_M120,0.020473333333333336,6000
0.2,53,KDE_chi2,0.007270998116474145,6000
0.2,53,well_TV,0.007000000000000006,6000
0.2,53,CDF_sup,0.0071250000000000245,6000
0.2,53,W1,0.008110896720508402,6000
0.2,53,bin_chi2_M40,0.005060000000000001,6000
0.2,53,bin_chi2_M80,0.01123111111111111,6000
0.2,53,bin_chi2_M120,0.022113333333333332,6000
0.2,54,KDE_chi2,0.008230540538634763,6000
0.2,54,well_TV,0.005833333333333357,6000
0.2,54,CDF_sup,0.006833333333333328,6000
0.2,54,W1,0.010292219846905343,6000
0.2,54,bin_chi2_M40,0.006217777777777779,6000
0.2,54,bin_chi2_M80,0.01286222222222222,6000
0.2,54,bin_chi2_M120,0.019500000000000003,6000
0.2,55,KDE_chi2,0.0061278736499967255,6000
0.2,55,well_TV,0.0043333333333333,6000
0.2,55,CDF_sup,0.010333333333333323,6000
0.2,55,W1,0.010624273987091764,6000
0.2,55,bin_chi2_M40,0.005137777777777778,6000
0.2,55,bin_chi2_M80,0.011719999999999998,6000
0.2,55,bin_chi2_M120,0.018480000000000003,6000
0.2,56,KDE_chi2,0.0061759769217936,6000
0.2,56,well_TV,0.0,6000
0.2,56,CDF_sup,0.014958333333333313,6000
0.2,56,W1,0.01571157644987297,6000
0.2,56,bin_chi2_M40,0.0066799999999999984,6000
0.2,56,bin_chi2_M80,0.011275555555555553,6000
0.2,56,bin_chi2_M120,0.017853333333333332,6000
0.2,57,KDE_chi2,0.007768212826389082,6000
0.2,57,well_TV,0.006333333333333302,6000
0.2,57,CDF_sup,0.011666666666666659,6000
0.2,57,W1,0.0119388987344285,6000
0.2,57,bin_chi2_M40,0.0051222222222222225,6000
0.2,57,bin_chi2_M80,0.012888888888888884,6000
0.2,57,bin_chi2_M120,0.021353333333333335,6000
0.2,58,KDE_chi2,0.006031384106388106,6000
0.2,58,well_TV,0.0015000000000000013,6000
0.2,58,CDF_sup,0.010041666666666647,6000
0.2,58,W1,0.007822144606978465,6000
0.2,58,bin_chi2_M40,0.004826666666666668,6000
0.2,58,bin_chi2_M80,0.01294222222222222,6000
0.2,58,bin_chi2_M120,0.021026666666666666,6000
0.2,59,KDE_chi2,0.010193012034339425,6000
0.2,59,well_TV,0.0043333333333333,6000
0.2,59,CDF_sup,0.009208333333333301,6000
0.2,59,W1,0.009730691737350314,6000
0.2,59,bin_chi2_M40,0.005262222222222222,6000
0.2,59,bin_chi2_M80,0.011364444444444441,6000
0.2,59,bin_chi2_M120,0.020813333333333333,6000
0.2,60,KDE_chi2,0.006356512425374215,6000
0.2,60,well_TV,0.0018333333333333535,6000
0.2,60,CDF_sup,0.011583333333333327,6000
0.2,60,W1,0.01239488188153184,6000
0.2,60,bin_chi2_M40,0.0051222222222222225,6000
0.2,60,bin_chi2_M80,0.013635555555555554,6000
0.2,60,bin_chi2_M120,0.019126666666666667,6000
0.2,61,KDE_chi2,0.00911605939212783,6000
0.2,61,well_TV,0.004166666666666652,6000
0.2,61,CDF_sup,0.01075000000000002,6000
0.2,61,W1,0.012223024265097512,6000
0.2,61,bin_chi2_M40,0.007268888888888887,6000
0.2,61,bin_chi2_M80,0.016871111111111115,6000
0.2,61,bin_chi2_M120,0.018193333333333332,6000
0.2,62,KDE_chi2,0.008192245866671636,6000
0.2,62,well_TV,0.0010000000000000009,6000
0.2,62,CDF_sup,0.00762500000000001,6000
0.2,62,W1,0.006325379762387548,6000
0.2,62,bin_chi2_M40,0.005126666666666666,6000
0.2,62,bin_chi2_M80,0.01076888888888889,6000
0.2,62,bin_chi2_M120,0.018279999999999998,6000
0.2,63,KDE_chi2,0.007439007971321593,6000
0.2,63,well_TV,0.0015000000000000568,6000
0.2,63,CDF_sup,0.004833333333333311,6000
0.2,63,W1,0.00551215454345115,6000
0.2,63,bin_chi2_M40,0.007308888888888887,6000
0.2,63,bin_chi2_M80,0.01615555555555556,6000
0.2,63,bin_chi2_M120,0.018699999999999998,6000
0.18,0,KDE_chi2,0.007338985444203495,6000
0.18,0,well_TV,0.0028333333333333544,6000
0.18,0,CDF_sup,0.007958333333333355,6000
0.18,0,W1,0.011579124576749146,6000
0.18,0,bin_chi2_M40,0.007655555555555555,6000
0.18,0,bin_chi2_M80,0.016386666666666667,6000
0.18,0,bin_chi2_M120,0.02412666666666667,6000
0.18,1,KDE_chi2,0.008699446661084988,6000
0.18,1,well_TV,0.0003333333333332966,6000
0.18,1,CDF_sup,0.012083333333333297,6000
0.18,1,W1,0.011008175541660796,6000
0.18,1,bin_chi2_M40,0.006897777777777777,6000
0.18,1,bin_chi2_M80,0.013333333333333332,6000
0.18,1,bin_chi2_M120,0.024506666666666666,6000
0.18,2,KDE_chi2,0.011252243872617135,6000
0.18,2,well_TV,0.0071666666666666545,6000
0.18,2,CDF_sup,0.010666666666666637,6000
0.18,2,W1,0.010965501075017207,6000
0.18,2,bin_chi2_M40,0.004579999999999999,6000
0.18,2,bin_chi2_M80,0.014306666666666665,6000
0.18,2,bin_chi2_M120,0.01804666666666667,6000
0.18,3,KDE_chi2,0.008490945792221177,6000
0.18,3,well_TV,0.013499999999999956,6000
0.18,3,CDF_sup,0.013708333333333364,6000
0.18,3,W1,0.019834792590690625,6000
0.18,3,bin_chi2_M40,0.0067333333333333325,6000
0.18,3,bin_chi2_M80,0.013613333333333331,6000
0.18,3,bin_chi2_M120,0.017806666666666665,6000
0.18,4,KDE_chi2,0.011809357953794803,6000
0.18,4,well_TV,0.0024999999999999467,6000
0.18,4,CDF_sup,0.013291666666666632,6000
0.18,4,W1,0.0150156712850408,6000
0.18,4,bin_chi2_M40,0.004866666666666668,6000
0.18,4,bin_chi2_M80,0.014688888888888887,6000
0.18,4,bin_chi2_M120,0.021033333333333334,6000
0.18,5,KDE_chi2,0.011591696154419436,6000
0.18,5,well_TV,0.002666666666666706,6000
0.18,5,CDF_sup,0.018749999999999968,6000
0.18,5,W1,0.016789896666359386,6000
0.18,5,bin_chi2_M40,0.009522222222222224,6000
0.18,5,bin_chi2_M80,0.013191111111111112,6000
0.18,5,bin_chi2_M120,0.018453333333333332,6000
0.18,6,KDE_chi2,0.007069213954594632,6000
0.18,6,well_TV,0.0003333333333332966,6000
0.18,6,CDF_sup,0.008874999999999984,6000
0.18,6,W1,0.007112776934441461,6000
0.18,6,bin_chi2_M40,0.004484444444444444,6000
0.18,6,bin_chi2_M80,0.012799999999999999,6000
0.18,6,bin_chi2_M120,0.019466666666666667,6000
0.18,7,KDE_chi2,0.0071888942731426425,6000
0.18,7,well_TV,0.0038333333333333552,6000
0.18,7,CDF_sup,0.008625000000000028,6000
0.18,7,W1,0.00916248449297429,6000
0.18,7,bin_chi2_M40,0.006957777777777778,6000
0.18,7,bin_chi2_M80,0.012386666666666666,6000
0.18,7,bin_chi2_M120,0.018793333333333335,6000
0.18,8,KDE_chi2,0.00960346658209018,6000
0.18,8,well_TV,0.0006666666666667043,6000
0.18,8,CDF_sup,0.008500000000000021,6000
0.18,8,W1,0.0073584370804943,6000
0.18,8,bin_chi2_M40,0.006815555555555556,6000
0.18,8,bin_chi2_M80,0.010702222222222222,6000
0.18,8,bin_chi2_M120,0.01787333333333333,6000
0.18,9,KDE_chi2,0.009922483377388396,6000
0.18,9,well_TV,0.009000000000000008,6000
0.18,9,CDF_sup,0.010166666666666647,6000
0.18,9,W1,0.013330609590982893,6000
0.18,9,bin_chi2_M40,0.004866666666666667,6000
0.18,9,bin_chi2_M80,0.012737777777777778,6000
0.18,9,bin_chi2_M120,0.018320000000000003,6000
0.18,10,KDE_chi2,0.007918061446184274,6000
0.18,10,well_TV,0.0028333333333332433,6000
0.18,10,CDF_sup,0.008708333333333316,6000
0.18,10,W1,0.008428159911271485,6000
0.18,10,bin_chi2_M40,0.005628888888888887,6000
0.18,10,bin_chi2_M80,0.00876,6000
0.18,10,bin_chi2_M120,0.01736,6000
0.18,11,KDE_chi2,0.00898702069449975,6000
0.18,11,well_TV,0.0026666666666666505,6000
0.18,11,CDF_sup,0.006833333333333296,6000
0.18,11,W1,0.005055042651815743,6000
0.18,11,bin_chi2_M40,0.00406888888888889,6000
0.18,11,bin_chi2_M80,0.012506666666666666,6000
0.18,11,bin_chi2_M120,0.016999999999999998,6000
0.18,12,KDE_chi2,0.008409955618369287,6000
0.18,12,well_TV,0.007333333333333303,6000
0.18,12,CDF_sup,0.009708333333333312,6000
0.18,12,W1,0.012218185798020361,6000
0.18,12,bin_chi2_M40,0.00523111111111111,6000
0.18,12,bin_chi2_M80,0.014635555555555554,6000
0.18,12,bin_chi2_M120,0.016206666666666668,6000
0.18,13,KDE_chi2,0.009004179774282865,6000
0.18,13,well_TV,0.0035000000000000586,6000
0.18,13,CDF_sup,0.014833333333333296,6000
0.18,13,W1,0.010400862476994375,6000
0.18,13,bin_chi2_M40,0.006724444444444445,6000
0.18,13,bin_chi2_M80,0.01475111111111111,6000
0.18,13,bin_chi2_M120,0.019733333333333335,6000
0.18,14,KDE_chi2,0.006330897196204258,6000
0.18,14,well_TV,0.01866666666666661,6000
0.18,14,CDF_sup,0.019000000000000038,6000
0.18,14,W1,0.02523550699871943,6000
0.18,14,bin_chi2_M40,0.004686666666666665,6000
0.18,14,bin_chi2_M80,0.012844444444444443,6000
0.18,14,bin_chi2_M120,0.019113333333333333,6000
0.18,15,KDE_chi2,0.008374830003815698,6000
0.18,15,well_TV,0.0013333333333332975,6000
0.18,15,CDF_sup,0.006708333333333295,6000
0.18,15,W1,0.005133935779946021,6000
0.18,15,bin_chi2_M40,0.0074622222222222225,6000
0.18,15,bin_chi2_M80,0.011733333333333332,6000
0.18,15,bin_chi2_M120,0.019866666666666668,6000
0.18,16,KDE_chi2,0.008971683123878818,6000
0.18,16,well_TV,0.0040000000000000036,6000
0.18,16,CDF_sup,0.007333333333333358,6000
0.18,16,W1,0.009014725583468799,6000
0.18,16,bin_chi2_M40,0.006302222222222223,6000
0.18,16,bin_chi2_M80,0.015577777777777774,6000
0.18,16,bin_chi2_M120,0.019273333333333333,6000
0.18,17,KDE_chi2,0.008232952435975514,6000
0.18,17,well_TV,0.003333333333333355,6000
0.18,17,CDF_sup,0.0065416666666666835,6000
0.18,17,W1,0.007050398589040289,6000
0.18,17,bin_chi2_M40,0.00763111111111111,6000
0.18,17,bin_chi2_M80,0.013,6000
0.18,17,bin_chi2_M120,0.01938666666666667,6000
0.18,18,KDE_chi2,0.006924302622186956,6000
0.18,18,well_TV,0.0010000000000000009,6000
0.18,18,CDF_sup,0.009791666666666693,6000
0.18,18,W1,0.008121218468395003,6000
0.18,18,bin_chi2_M40,0.009308888888888887,6000
0.18,18,bin_chi2_M80,0.015982222222222224,6000
0.18,18,bin_chi2_M120,0.018286666666666666,6000
0.18,19,KDE_chi2,0.008108202843012537,6000
0.18,19,well_TV,0.003666666666666707,6000
0.18,19,CDF_sup,0.01174999999999996,6000
0.18,19,W1,0.01422067916173148,6000
0.18,19,bin_chi2_M40,0.006915555555555555,6000
0.18,19,bin_chi2_M80,0.013008888888888886,6000
0.18,19,bin_chi2_M120,0.022433333333333333,6000
0.18,20,KDE_chi2,0.007743591972194463,6000
0.18,20,well_TV,0.014666666666666717,6000
0.18,20,CDF_sup,0.016500000000000018,6000
0.18,20,W1,0.02593130472211345,6000
0.18,20,bin_chi2_M40,0.005244444444444444,6000
0.18,20,bin_chi2_M80,0.014173333333333333,6000
0.18,20,bin_chi2_M120,0.019446666666666668,6000
0.18,21,KDE_chi2,0.010335084795962398,6000
0.18,21,well_TV,0.007000000000000006,6000
0.18,21,CDF_sup,0.010333333333333338,6000
0.18,21,W1,0.014553960630457205,6000
0.18,21,bin_chi2_M40,0.005297777777777776,6000
0.18,21,bin_chi2_M80,0.01320444444444445,6000
0.18,21,bin_chi2_M120,0.02042,6000
0.18,22,KDE_chi2,0.008240733386264167,6000
0.18,22,well_TV,0.0028333333333332433,6000
0.18,22,CDF_sup,0.009249999999999974,6000
0.18,22,W1,0.01181217643276302,6000
0.18,22,bin_chi2_M40,0.004619999999999999,6000
0.18,22,bin_chi2_M80,0.014373333333333332,6000
0.18,22,bin_chi2_M120,0.022406666666666665,6000
0.18,23,KDE_chi2,0.011666207930206372,6000
0.18,23,well_TV,0.0050000000000000044,6000
0.18,23,CDF_sup,0.012999999999999966,6000
0.18,23,W1,0.01604143506868103,6000
0.18,23,bin_chi2_M40,0.009053333333333332,6000
0.18,23,bin_chi2_M80,0.00887111111111111,6000
0.18,23,bin_chi2_M120,0.020566666666666667,6000
0.18,24,KDE_chi2,0.0088898095937524,6000
0.18,24,well_TV,0.0020000000000000018,6000
0.18,24,CDF_sup,0.0062916666666666355,6000
0.18,24,W1,0.006837368883424138,6000
0.18,24,bin_chi2_M40,0.008106666666666668,6000
0.18,24,bin_chi2_M80,0.015622222222222221,6000
0.18,24,bin_chi2_M120,0.022033333333333335,6000
0.18,25,KDE_chi2,0.008700565840055739,6000
0.18,25,well_TV,0.008333333333333304,6000
0.18,25,CDF_sup,0.009749999999999976,6000
0.18,25,W1,0.011933765257986308,6000
0.18,25,bin_chi2_M40,0.0074688888888888895,6000
0.18,25,bin_chi2_M80,0.00910222222222222,6000
0.18,25,bin_chi2_M120,0.024893333333333337,6000
0.18,26,KDE_chi2,0.009121030330848642,6000
0.18,26,well_TV,0.0005000000000000004,6000
0.18,26,CDF_sup,0.010041666666666685,6000
0.18,26,W1,0.008553202089471437,6000
0.18,26,bin_chi2_M40,0.006186666666666667,6000
0.18,26,bin_chi2_M80,0.013315555555555553,6000
0.18,26,bin_chi2_M120,0.016453333333333334,6000
0.18,27,KDE_chi2,0.009023213217838832,6000
0.18,27,well_TV,0.0010000000000000009,6000
0.18,27,CDF_sup,0.008124999999999964,6000
0.18,27,W1,0.005773047898352625,6000
0.18,27,bin_chi2_M40,0.006353333333333334,6000
0.18,27,bin_chi2_M80,0.013871111111111112,6000
0.18,27,bin_chi2_M120,0.014853333333333335,6000
0.18,28,KDE_chi2,0.009360075196957626,6000
0.18,28,well_TV,0.010000000000000009,6000
0.18,28,CDF_sup,0.012291666666666692,6000
0.18,28,W1,0.017051025554547863,6000
0.18,28,bin_chi2_M40,0.010159999999999999,6000
0.18,28,bin_chi2_M80,0.018475555555555554,6000
0.18,28,bin_chi2_M120,0.02092666666666667,6000
0.18,29,KDE_chi2,0.007605367278081785,6000
0.18,29,well_TV,0.0016666666666667052,6000
0.18,29,CDF_sup,0.013041666666666663,6000
0.18,29,W1,0.00826014951247289,6000
0.18,29,bin_chi2_M40,0.0051933333333333345,6000
0.18,29,bin_chi2_M80,0.0086,6000
0.18,29,bin_chi2_M120,0.020666666666666667,6000
0.18,30,KDE_chi2,0.009199705539066386,6000
0.18,30,well_TV,0.007833333333333359,6000
0.18,30,CDF_sup,0.011374999999999974,6000
0.18,30,W1,0.013301541092991755,6000
0.18,30,bin_chi2_M40,0.006853333333333333,6000
0.18,30,bin_chi2_M80,0.016875555555555553,6000
0.18,30,bin_chi2_M120,0.02318,6000
0.18,31,KDE_chi2,0.005944472799323933,6000
0.18,31,well_TV,0.0028333333333333544,6000
0.18,31,CDF_sup,0.011791666666666693,6000
0.18,31,W1,0.01162042311864695,6000
0.18,31,bin_chi2_M40,0.006477777777777779,6000
0.18,31,bin_chi2_M80,0.009773333333333334,6000
0.18,31,bin_chi2_M120,0.02012,6000
0.18,32,KDE_chi2,0.00965526761896794,6000
0.18,32,well_TV,0.0006666666666667043,6000
0.18,32,CDF_sup,0.006500000000000031,6000
0.18,32,W1,0.005766415461206178,6000
0.18,32,bin_chi2_M40,0.0064600000000000005,6000
0.18,32,bin_chi2_M80,0.01396,6000
0.18,32,bin_chi2_M120,0.02129333333333333,6000
0.18,33,KDE_chi2,0.007886304377260145,6000
0.18,33,well_TV,0.003166666666666651,6000
0.18,33,CDF_sup,0.007499999999999987,6000
0.18,33,W1,0.006300372974975425,6000
0.18,33,bin_chi2_M40,0.006679999999999999,6000
0.18,33,bin_chi2_M80,0.015719999999999998,6000
0.18,33,bin_chi2_M120,0.017293333333333334,6000
0.18,34,KDE_chi2,0.008810955327790285,6000
0.18,34,well_TV,0.0011666666666666492,6000
0.18,34,CDF_sup,0.009624999999999991,6000
0.18,34,W1,0.006704392645637673,6000
0.18,34,bin_chi2_M40,0.004966666666666666,6000
0.18,34,bin_chi2_M80,0.020426666666666662,6000
0.18,34,bin_chi2_M120,0.021740000000000002,6000
0.18,35,KDE_chi2,0.008879350573003559,6000
0.18,35,well_TV,0.0001666666666666483,6000
0.18,35,CDF_sup,0.005416666666666686,6000
0.18,35,W1,0.006077588692463812,6000
0.18,35,bin_chi2_M40,0.007202222222222221,6000
0.18,35,bin_chi2_M80,0.011742222222222222,6000
0.18,35,bin_chi2_M120,0.020720000000000002,6000
0.18,36,KDE_chi2,0.007700726727354898,6000
0.18,36,well_TV,0.0044999999999999485,6000
0.18,36,CDF_sup,0.006416666666666646,6000
0.18,36,W1,0.007444586291162604,6000
0.18,36,bin_chi2_M40,0.008975555555555556,6000
0.18,36,bin_chi2_M80,0.010177777777777779,6000
0.18,36,bin_chi2_M120,0.02282666666666667,6000
0.18,37,KDE_chi2,0.00582428888815854,6000
0.18,37,well_TV,0.005500000000000005,6000
0.18,37,CDF_sup,0.011291666666666696,6000
0.18,37,W1,0.01320927249162382,6000
0.18,37,bin_chi2_M40,0.006735555555555557,6000
0.18,37,bin_chi2_M80,0.01429333333333333,6000
0.18,37,bin_chi2_M120,0.01630666666666667,6000
0.18,38,KDE_chi2,0.007554330653826411,6000
0.18,38,well_TV,0.0006666666666667043,6000
0.18,38,CDF_sup,0.008333333333333368,6000
0.18,38,W1,0.007493846733901008,6000
0.18,38,bin_chi2_M40,0.005093333333333333,6000
0.18,38,bin_chi2_M80,0.012879999999999997,6000
0.18,38,bin_chi2_M120,0.0188,6000
0.18,39,KDE_chi2,0.007575541875898067,6000
0.18,39,well_TV,0.00666666666666671,6000
0.18,39,CDF_sup,0.012791666666666703,6000
0.18,39,W1,0.012001971497845425,6000
0.18,39,bin_chi2_M40,0.009737777777777776,6000
0.18,39,bin_chi2_M80,0.013035555555555555,6000
0.18,39,bin_chi2_M120,0.021666666666666667,6000
0.18,40,KDE_chi2,0.009667187186928276,6000
0.18,40,well_TV,0.0028333333333333544,6000
0.18,40,CDF_sup,0.00929166666666668,6000
0.18,40,W1,0.00806967749624539,6000
0.18,40,bin_chi2_M40,0.005553333333333333,6000
0.18,40,bin_chi2_M80,0.010533333333333336,6000
0.18,40,bin_chi2_M120,0.025526666666666666,6000
0.18,41,KDE_chi2,0.008053213193991224,6000
0.18,41,well_TV,0.0020000000000000018,6000
0.18,41,CDF_sup,0.005125000000000031,6000
0.18,41,W1,0.005121994754402719,6000
0.18,41,bin_chi2_M40,0.009037777777777777,6000
0.18,41,bin_chi2_M80,0.012808888888888887,6000
0.18,41,bin_chi2_M120,0.021733333333333337,6000
0.18,42,KDE_chi2,0.007352342692761915,6000
0.18,42,well_TV,0.001833333333333298,6000
0.18,42,CDF_sup,0.006500000000000025,6000
0.18,42,W1,0.0072780870252159525,6000
0.18,42,bin_chi2_M40,0.008302222222222225,6000
0.18,42,bin_chi2_M80,0.009399999999999997,6000
0.18,42,bin_chi2_M120,0.01722666666666666,6000
0.18,43,KDE_chi2,0.006549644312780382,6000
0.18,43,well_TV,0.0016666666666666496,6000
0.18,43,CDF_sup,0.009500000000000028,6000
0.18,43,W1,0.008746549152933547,6000
0.18,43,bin_chi2_M40,0.00726,6000
0.18,43,bin_chi2_M80,0.018444444444444444,6000
0.18,43,bin_chi2_M120,0.020159999999999997,6000
0.18,44,KDE_chi2,0.007051743832646953,6000
0.18,44,well_TV,0.005666666666666709,6000
0.18,44,CDF_sup,0.00654166666666669,6000
0.18,44,W1,0.0077342555366294655,6000
0.18,44,bin_chi2_M40,0.008902222222222225,6000
0.18,44,bin_chi2_M80,0.012004444444444443,6000
0.18,44,bin_chi2_M120,0.01805333333333333,6000
0.18,45,KDE_chi2,0.008954454281362224,6000
0.18,45,well_TV,0.021666666666666723,6000
0.18,45,CDF_sup,0.02583333333333332,6000
0.18,45,W1,0.04153955029121101,6000
0.18,45,bin_chi2_M40,0.006257777777777776,6000
0.18,45,bin_chi2_M80,0.01397333333333333,6000
0.18,45,bin_chi2_M120,0.021506666666666667,6000
0.18,46,KDE_chi2,0.010138443998634292,6000
0.18,46,well_TV,0.001833333333333298,6000
0.18,46,CDF_sup,0.01079166666666663,6000
0.18,46,W1,0.011929198844968441,6000
0.18,46,bin_chi2_M40,0.00505111111111111,6000
0.18,46,bin_chi2_M80,0.016066666666666667,6000
0.18,46,bin_chi2_M120,0.0186,6000
0.18,47,KDE_chi2,0.005910315362244675,6000
0.18,47,well_TV,0.00216666666666665,6000
0.18,47,CDF_sup,0.007958333333333359,6000
0.18,47,W1,0.009938306777930169,6000
0.18,47,bin_chi2_M40,0.005357777777777779,6000
0.18,47,bin_chi2_M80,0.015311111111111112,6000
0.18,47,bin_chi2_M120,0.021306666666666668,6000
0.18,48,KDE_chi2,0.012373873707408207,6000
0.18,48,well_TV,0.00666666666666671,6000
0.18,48,CDF_sup,0.008458333333333345,6000
0.18,48,W1,0.011107169725675046,6000
0.18,48,bin_chi2_M40,0.0074755555555555565,6000
0.18,48,bin_chi2_M80,0.011906666666666666,6000
0.18,48,bin_chi2_M120,0.016926666666666663,6000
0.18,49,KDE_chi2,0.007206294642178946,6000
0.18,49,well_TV,0.004666666666666708,6000
0.18,49,CDF_sup,0.007208333333333365,6000
0.18,49,W1,0.009982689360125765,6000
0.18,49,bin_chi2_M40,0.004271111111111111,6000
0.18,49,bin_chi2_M80,0.013044444444444442,6000
0.18,49,bin_chi2_M120,0.021013333333333332,6000
0.18,50,KDE_chi2,0.008555282789245243,6000
0.18,50,well_TV,0.004333333333333356,6000
0.18,50,CDF_sup,0.008666666666666701,6000
0.18,50,W1,0.012091424717759059,6000
0.18,50,bin_chi2_M40,0.005524444444444445,6000
0.18,50,bin_chi2_M80,0.012008888888888887,6000
0.18,50,bin_chi2_M120,0.021886666666666665,6000
0.18,51,KDE_chi2,0.01045915480680212,6000
0.18,51,well_TV,0.0050000000000000044,6000
0.18,51,CDF_sup,0.010583333333333356,6000
0.18,51,W1,0.01268852435333137,6000
0.18,51,bin_chi2_M40,0.0070133333333333315,6000
0.18,51,bin_chi2_M80,0.014284444444444443,6000
0.18,51,bin_chi2_M120,0.016780000000000003,6000
0.18,52,KDE_chi2,0.00956016049299169,6000
0.18,52,well_TV,0.010333333333333306,6000
0.18,52,CDF_sup,0.014208333333333299,6000
0.18,52,W1,0.017036053650841557,6000
0.18,52,bin_chi2_M40,0.007568888888888889,6000
0.18,52,bin_chi2_M80,0.00976888888888889,6000
0.18,52,bin_chi2_M120,0.014613333333333334,6000
0.18,53,KDE_chi2,0.00868378423956588,6000
0.18,53,well_TV,0.0030000000000000027,6000
0.18,53,CDF_sup,0.005916666666666695,6000
0.18,53,W1,0.007193477075568942,6000
0.18,53,bin_chi2_M40,0.009095555555555553,6000
0.18,53,bin_chi2_M80,0.01111111111111111,6000
0.18,53,bin_chi2_M120,0.023613333333333333,6000
0.18,54,KDE_chi2,0.010164006744017916,6000
0.18,54,well_TV,0.00016666666666670382,6000
0.18,54,CDF_sup,0.007749999999999967,6000
0.18,54,W1,0.005143378640434474,6000
0.18,54,bin_chi2_M40,0.005500000000000001,6000
0.18,54,bin_chi2_M80,0.01068,6000
0.18,54,bin_chi2_M120,0.015946666666666665,6000
0.18,55,KDE_chi2,0.008426205096624468,6000
0.18,55,well_TV,0.0014999999999999458,6000
0.18,55,CDF_sup,0.005250000000000003,6000
0.18,55,W1,0.005783239263107866,6000
0.18,55,bin_chi2_M40,0.005333333333333333,6000
0.18,55,bin_chi2_M80,0.011524444444444441,6000
0.18,55,bin_chi2_M120,0.017246666666666667,6000
0.18,56,KDE_chi2,0.008003437632613226,6000
0.18,56,well_TV,0.0010000000000000009,6000
0.18,56,CDF_sup,0.0060416666666667,6000
0.18,56,W1,0.004217217411366336,6000
0.18,56,bin_chi2_M40,0.005477777777777779,6000
0.18,56,bin_chi2_M80,0.012191111111111111,6000
0.18,56,bin_chi2_M120,0.019,6000
0.18,57,KDE_chi2,0.007465559187626156,6000
0.18,57,well_TV,0.0071666666666666545,6000
0.18,57,CDF_sup,0.00941666666666665,6000
0.18,57,W1,0.01189987497494097,6000
0.18,57,bin_chi2_M40,0.007500000000000001,6000
0.18,57,bin_chi2_M80,0.01475111111111111,6000
0.18,57,bin_chi2_M120,0.02114,6000
0.18,58,KDE_chi2,0.011436958104717294,6000
0.18,58,well_TV,0.003666666666666707,6000
0.18,58,CDF_sup,0.009458333333333305,6000
0.18,58,W1,0.012649958943819428,6000
0.18,58,bin_chi2_M40,0.008282222222222222,6000
0.18,58,bin_chi2_M80,0.014537777777777778,6000
0.18,58,bin_chi2_M120,0.02182,6000
0.18,59,KDE_chi2,0.009095469203567227,6000
0.18,59,well_TV,0.00216666666666665,6000
0.18,59,CDF_sup,0.008583333333333373,6000
0.18,59,W1,0.008477415387174838,6000
0.18,59,bin_chi2_M40,0.004848888888888889,6000
0.18,59,bin_chi2_M80,0.012488888888888886,6000
0.18,59,bin_chi2_M120,0.021679999999999998,6000
0.18,60,KDE_chi2,0.010089312875499992,6000
0.18,60,well_TV,0.0043333333333333,6000
0.18,60,CDF_sup,0.011375000000000003,6000
0.18,60,W1,0.010098184279967105,6000
0.18,60,bin_chi2_M40,0.004322222222222222,6000
0.18,60,bin_chi2_M80,0.014893333333333331,6000
0.18,60,bin_chi2_M120,0.02267333333333333,6000
0.18,61,KDE_chi2,0.008141042636092626,6000
0.18,61,well_TV,0.003666666666666707,6000
0.18,61,CDF_sup,0.012125000000000028,6000
0.18,61,W1,0.012708438312256378,6000
0.18,61,bin_chi2_M40,0.00911111111111111,6000
0.18,61,bin_chi2_M80,0.01201333333333333,6000
0.18,61,bin_chi2_M120,0.015739999999999997,6000
0.18,62,KDE_chi2,0.010000827583855258,6000
0.18,62,well_TV,0.0006666666666665932,6000
0.18,62,CDF_sup,0.012166666666666675,6000
0.18,62,W1,0.01057701692941556,6000
0.18,62,bin_chi2_M40,0.0051644444444444455,6000
0.18,62,bin_chi2_M80,0.012924444444444445,6000
0.18,62,bin_chi2_M120,0.019280000000000002,6000
0.18,63,KDE_chi2,0.011587797548191215,6000
0.18,63,well_TV,0.0071666666666666545,6000
0.18,63,CDF_sup,0.013375000000000014,6000
0.18,63,W1,0.012986644196683429,6000
0.18,63,bin_chi2_M40,0.007497777777777776,6000
0.18,63,bin_chi2_M80,0.013462222222222221,6000
0.18,63,bin_chi2_M120,0.023453333333333333,6000
0.16,0,KDE_chi2,0.009358401029351412,6000
0.16,0,well_TV,0.0043333333333333,6000
0.16,0,CDF_sup,0.006958333333333317,6000
0.16,0,W1,0.0057864153288306255,6000
0.16,0,bin_chi2_M40,0.006453333333333332,6000
0.16,0,bin_chi2_M80,0.010106666666666665,6000
0.16,0,bin_chi2_M120,0.017853333333333332,6000
0.16,1,KDE_chi2,0.0120657902206548,6000
0.16,1,well_TV,0.0016666666666667052,6000
0.16,1,CDF_sup,0.010124999999999997,6000
0.16,1,W1,0.01025696824988448,6000
0.16,1,bin_chi2_M40,0.007635555555555556,6000
0.16,1,bin_chi2_M80,0.012386666666666666,6000
0.16,1,bin_chi2_M120,0.01906,6000
0.16,2,KDE_chi2,0.009315642230719715,6000
0.16,2,well_TV,0.006833333333333358,6000
0.16,2,CDF_sup,0.015250000000000034,6000
0.16,2,W1,0.01745408147922925,6000
0.16,2,bin_chi2_M40,0.007168888888888889,6000
0.16,2,bin_chi2_M80,0.009475555555555555,6000
0.16,2,bin_chi2_M120,0.018333333333333333,6000
0.16,3,KDE_chi2,0.012124953434325594,6000
0.16,3,well_TV,0.003500000000000003,6000
0.16,3,CDF_sup,0.007791666666666631,6000
0.16,3,W1,0.008751587194407336,6000
0.16,3,bin_chi2_M40,0.006966666666666666,6000
0.16,3,bin_chi2_M80,0.01716444444444444,6000
0.16,3,bin_chi2_M120,0.022746666666666665,6000
0.16,4,KDE_chi2,0.010131255097583908,6000
0.16,4,well_TV,0.0024999999999999467,6000
0.16,4,CDF_sup,0.011583333333333378,6000
0.16,4,W1,0.009870741350654084,6000
0.16,4,bin_chi2_M40,0.005664444444444444,6000
0.16,4,bin_chi2_M80,0.01268,6000
0.16,4,bin_chi2_M120,0.016413333333333332,6000
0.16,5,KDE_chi2,0.009685433252735649,6000
0.16,5,well_TV,0.012333333333333418,6000
0.16,5,CDF_sup,0.01604166666666669,6000
0.16,5,W1,0.024969217786552624,6000
0.16,5,bin_chi2_M40,0.007544444444444444,6000
0.16,5,bin_chi2_M80,0.01339111111111111,6000
0.16,5,bin_chi2_M120,0.017113333333333335,6000
0.16,6,KDE_chi2,0.014958158292601414,6000
0.16,6,well_TV,0.0009999999999998899,6000
0.16,6,CDF_sup,0.009791666666666685,6000
0.16,6,W1,0.009088644741489845,6000
0.16,6,bin_chi2_M40,0.008091111111111111,6000
0.16,6,bin_chi2_M80,0.014115555555555555,6000
0.16,6,bin_chi2_M120,0.018766666666666668,6000
0.16,7,KDE_chi2,0.010255612214645504,6000
0.16,7,well_TV,0.005333333333333301,6000
0.16,7,CDF_sup,0.009416666666666691,6000
0.16,7,W1,0.011469233337336793,6000
0.16,7,bin_chi2_M40,0.005935555555555554,6000
0.16,7,bin_chi2_M80,0.01728888888888889,6000
0.16,7,bin_chi2_M120,0.022493333333333334,6000
0.16,8,KDE_chi2,0.011513477983160988,6000
0.16,8,well_TV,0.0010000000000000009,6000
0.16,8,CDF_sup,0.00829166666666663,6000
0.16,8,W1,0.005851586478812859,6000
0.16,8,bin_chi2_M40,0.004982222222222221,6000
0.16,8,bin_chi2_M80,0.015577777777777775,6000
0.16,8,bin_chi2_M120,0.016393333333333333,6000
0.16,9,KDE_chi2,0.009850339621623308,6000
0.16,9,well_TV,0.007833333333333359,6000
0.16,9,CDF_sup,0.010916666666666687,6000
0.16,9,W1,0.01633074778389308,6000
0.16,9,bin_chi2_M40,0.006188888888888888,6000
0.16,9,bin_chi2_M80,0.010919999999999997,6000
0.16,9,bin_chi2_M120,0.01882,6000
0.16,10,KDE_chi2,0.00774389252289977,6000
0.16,10,well_TV,0.007000000000000006,6000
0.16,10,CDF_sup,0.011791666666666648,6000
0.16,10,W1,0.011743415146572088,6000
0.16,10,bin_chi2_M40,0.005568888888888888,6000
0.16,10,bin_chi2_M80,0.017115555555555554,6000
0.16,10,bin_chi2_M120,0.014966666666666666,6000
0.16,11,KDE_chi2,0.01143724150376875,6000
0.16,11,well_TV,0.004166666666666652,6000
0.16,11,CDF_sup,0.007541666666666693,6000
0.16,11,W1,0.008358662867956838,6000
0.16,11,bin_chi2_M40,0.006548888888888887,6000
0.16,11,bin_chi2_M80,0.011831111111111112,6000
0.16,11,bin_chi2_M120,0.029506666666666667,6000
0.16,12,KDE_chi2,0.009324130206041635,6000
0.16,12,well_TV,0.0001666666666666483,6000
0.16,12,CDF_sup,0.007666666666666648,6000
0.16,12,W1,0.0049250503846944935,6000
0.16,12,bin_chi2_M40,0.005064444444444446,6000
0.16,12,bin_chi2_M80,0.014302222222222223,6000
0.16,12,bin_chi2_M120,0.019979999999999998,6000
0.16,13,KDE_chi2,0.010796188278042237,6000
0.16,13,well_TV,0.0016666666666667052,6000
0.16,13,CDF_sup,0.007958333333333317,6000
0.16,13,W1,0.007019662562440535,6000
0.16,13,bin_chi2_M40,0.004766666666666669,6000
0.16,13,bin_chi2_M80,0.012395555555555557,6000
0.16,13,bin_chi2_M120,0.022953333333333333,6000
0.16,14,KDE_chi2,0.00863785945760008,6000
0.16,14,well_TV,0.010166666666666713,6000
0.16,14,CDF_sup,0.010625000000000032,6000
0.16,14,W1,0.014487173762216692,6000
0.16,14,bin_chi2_M40,0.0041711111111111115,6000
0.16,14,bin_chi2_M80,0.013439999999999999,6000
0.16,14,bin_chi2_M120,0.02002666666666667,6000
0.16,15,KDE_chi2,0.012534236531408555,6000
0.16,15,well_TV,0.013833333333333364,6000
0.16,15,CDF_sup,0.015749999999999983,6000
0.16,15,W1,0.02100347717424591,6000
0.16,15,bin_chi2_M40,0.006133333333333334,6000
0.16,15,bin_chi2_M80,0.00902222222222222,6000
0.16,15,bin_chi2_M120,0.01834666666666667,6000
0.16,16,KDE_chi2,0.013325694485121633,6000
0.16,16,well_TV,0.005499999999999949,6000
0.16,16,CDF_sup,0.01120833333333331,6000
0.16,16,W1,0.012428861318186532,6000
0.16,16,bin_chi2_M40,0.006755555555555555,6000
0.16,16,bin_chi2_M80,0.01438222222222222,6000
0.16,16,bin_chi2_M120,0.01682,6000
0.16,17,KDE_chi2,0.011643259544144156,6000
0.16,17,well_TV,0.0003333333333332966,6000
0.16,17,CDF_sup,0.010124999999999985,6000
0.16,17,W1,0.008953882518826778,6000
0.16,17,bin_chi2_M40,0.005597777777777778,6000
0.16,17,bin_chi2_M80,0.012635555555555553,6000
0.16,17,bin_chi2_M120,0.01654,6000
0.16,18,KDE_chi2,0.011509335033305899,6000
0.16,18,well_TV,0.0008333333333333526,6000
0.16,18,CDF_sup,0.008416666666666642,6000
0.16,18,W1,0.006950733333997356,6000
0.16,18,bin_chi2_M40,0.004473333333333334,6000
0.16,18,bin_chi2_M80,0.013924444444444444,6000
0.16,18,bin_chi2_M120,0.01806,6000
0.16,19,KDE_chi2,0.011246305666272879,6000
0.16,19,well_TV,0.006166666666666709,6000
0.16,19,CDF_sup,0.00987500000000001,6000
0.16,19,W1,0.0117840073223663,6000
0.16,19,bin_chi2_M40,0.006235555555555557,6000
0.16,19,bin_chi2_M80,0.010248888888888887,6000
0.16,19,bin_chi2_M120,0.023353333333333334,6000
0.16,20,KDE_chi2,0.012998356986088396,6000
0.16,20,well_TV,0.0034999999999999476,6000
0.16,20,CDF_sup,0.009708333333333291,6000
0.16,20,W1,0.007543693198375483,6000
0.16,20,bin_chi2_M40,0.007346666666666665,6000
0.16,20,bin_chi2_M80,0.009715555555555552,6000
0.16,20,bin_chi2_M120,0.015960000000000002,6000
0.16,21,KDE_chi2,0.008648838940386934,6000
0.16,21,well_TV,0.0008333333333333526,6000
0.16,21,CDF_sup,0.010166666666666647,6000
0.16,21,W1,0.007291449109221122,6000
0.16,21,bin_chi2_M40,0.007784444444444443,6000
0.16,21,bin_chi2_M80,0.011862222222222222,6000
0.16,21,bin_chi2_M120,0.02058666666666667,6000
0.16,22,KDE_chi2,0.010960580343741385,6000
0.16,22,well_TV,0.005833333333333357,6000
0.16,22,CDF_sup,0.011166666666666672,6000
0.16,22,W1,0.012374847394008962,6000
0.16,22,bin_chi2_M40,0.00598,6000
0.16,22,bin_chi2_M80,0.015724444444444444,6000
0.16,22,bin_chi2_M120,0.021206666666666665,6000
0.16,23,KDE_chi2,0.011744995617453506,6000
0.16,23,well_TV,0.0008333333333332416,6000
0.16,23,CDF_sup,0.009166666666666662,6000
0.16,23,W1,0.007581670872076471,6000
0.16,23,bin_chi2_M40,0.007684444444444445,6000
0.16,23,bin_chi2_M80,0.017048888888888884,6000
0.16,23,bin_chi2_M120,0.022613333333333333,6000
0.16,24,KDE_chi2,0.009459023690869883,6000
0.16,24,well_TV,0.004833333333333356,6000
0.16,24,CDF_sup,0.010291666666666706,6000
0.16,24,W1,0.006788701283562926,6000
0.16,24,bin_chi2_M40,0.007771111111111111,6000
0.16,24,bin_chi2_M80,0.012973333333333332,6000
0.16,24,bin_chi2_M120,0.02142,6000
0.16,25,KDE_chi2,0.01238775490393271,6000
0.16,25,well_TV,0.0014999999999999458,6000
0.16,25,CDF_sup,0.007541666666666674,6000
0.16,25,W1,0.008033286075417902,6000
0.16,25,bin_chi2_M40,0.004731111111111111,6000
0.16,25,bin_chi2_M80,0.012386666666666666,6000
0.16,25,bin_chi2_M120,0.021406666666666664,6000
0.16,26,KDE_chi2,0.010042936128664675,6000
0.16,26,well_TV,0.0015000000000000568,6000
0.16,26,CDF_sup,0.006708333333333323,6000
0.16,26,W1,0.006236179313993615,6000
0.16,26,bin_chi2_M40,0.007555555555555555,6000
0.16,26,bin_chi2_M80,0.011475555555555555,6000
0.16,26,bin_chi2_M120,0.02302,6000
0.16,27,KDE_chi2,0.009885306959018857,6000
0.16,27,well_TV,0.0035000000000000586,6000
0.16,27,CDF_sup,0.014666666666666696,6000
0.16,27,W1,0.011027208505860055,6000
0.16,27,bin_chi2_M40,0.005764444444444445,6000
0.16,27,bin_chi2_M80,0.015511111111111107,6000
0.16,27,bin_chi2_M120,0.01608,6000
0.16,28,KDE_chi2,0.01330273714065899,6000
0.16,28,well_TV,0.007833333333333359,6000
0.16,28,CDF_sup,0.009166666666666705,6000
0.16,28,W1,0.010715314578551002,6000
0.16,28,bin_chi2_M40,0.006797777777777778,6000
0.16,28,bin_chi2_M80,0.010848888888888889,6000
0.16,28,bin_chi2_M120,0.02057333333333334,6000
0.16,29,KDE_chi2,0.011097676004576165,6000
0.16,29,well_TV,0.008500000000000063,6000
0.16,29,CDF_sup,0.011125000000000012,6000
0.16,29,W1,0.014233089099887648,6000
0.16,29,bin_chi2_M40,0.004877777777777779,6000
0.16,29,bin_chi2_M80,0.015568888888888889,6000
0.16,29,bin_chi2_M120,0.019399999999999994,6000
0.16,30,KDE_chi2,0.012485445863164996,6000
0.16,30,well_TV,0.010333333333333306,6000
0.16,30,CDF_sup,0.011749999999999976,6000
0.16,30,W1,0.01641697484982845,6000
0.16,30,bin_chi2_M40,0.005331111111111113,6000
0.16,30,bin_chi2_M80,0.016288888888888887,6000
0.16,30,bin_chi2_M120,0.01710666666666667,6000
0.16,31,KDE_chi2,0.00914689803364953,6000
0.16,31,well_TV,0.010499999999999954,6000
0.16,31,CDF_sup,0.019124999999999982,6000
0.16,31,W1,0.026446131082186353,6000
0.16,31,bin_chi2_M40,0.008477777777777775,6000
0.16,31,bin_chi2_M80,0.01390222222222222,6000
0.16,31,bin_chi2_M120,0.019946666666666668,6000
0.16,32,KDE_chi2,0.012005291133636235,6000
0.16,32,well_TV,0.0016666666666667052,6000
0.16,32,CDF_sup,0.011083333333333369,6000
0.16,32,W1,0.0074519070789070795,6000
0.16,32,bin_chi2_M40,0.0044,6000
0.16,32,bin_chi2_M80,0.014155555555555557,6000
0.16,32,bin_chi2_M120,0.01934,6000
0.16,33,KDE_chi2,0.012834481376369555,6000
0.16,33,well_TV,0.007333333333333303,6000
0.16,33,CDF_sup,0.010333333333333309,6000
0.16,33,W1,0.01280867377668128,6000
0.16,33,bin_chi2_M40,0.006908888888888888,6000
0.16,33,bin_chi2_M80,0.01359111111111111,6000
0.16,33,bin_chi2_M120,0.020419999999999994,6000
0.16,34,KDE_chi2,0.011164207705778358,6000
0.16,34,well_TV,0.01150000000000001,6000
0.16,34,CDF_sup,0.013125000000000015,6000
0.16,34,W1,0.019630347169216328,6000
0.16,34,bin_chi2_M40,0.005684444444444444,6000
0.16,34,bin_chi2_M80,0.013173333333333332,6000
0.16,34,bin_chi2_M120,0.01858,6000
0.16,35,KDE_chi2,0.012696783369675701,6000
0.16,35,well_TV,0.003666666666666707,6000
0.16,35,CDF_sup,0.007791666666666669,6000
0.16,35,W1,0.008952880283281815,6000
0.16,35,bin_chi2_M40,0.008084444444444446,6000
0.16,35,bin_chi2_M80,0.01104888888888889,6000
0.16,35,bin_chi2_M120,0.02113333333333333,6000
0.16,36,KDE_chi2,0.00982428004043268,6000
0.16,36,well_TV,0.017000000000000015,6000
0.16,36,CDF_sup,0.018333333333333354,6000
0.16,36,W1,0.02692610154283054,6000
0.16,36,bin_chi2_M40,0.007364444444444446,6000
0.16,36,bin_chi2_M80,0.012617777777777776,6000
0.16,36,bin_chi2_M120,0.018006666666666664,6000
0.16,37,KDE_chi2,0.010560628055224688,6000
0.16,37,well_TV,0.003166666666666651,6000
0.16,37,CDF_sup,0.008708333333333295,6000
0.16,37,W1,0.009721788014198669,6000
0.16,37,bin_chi2_M40,0.007584444444444447,6000
0.16,37,bin_chi2_M80,0.01399111111111111,6000
0.16,37,bin_chi2_M120,0.023013333333333334,6000
0.16,38,KDE_chi2,0.009213440928842584,6000
0.16,38,well_TV,0.005833333333333357,6000
0.16,38,CDF_sup,0.014583333333333332,6000
0.16,38,W1,0.019369262569932703,6000
0.16,38,bin_chi2_M40,0.0034755555555555546,6000
0.16,38,bin_chi2_M80,0.013319999999999999,6000
0.16,38,bin_chi2_M120,0.021733333333333334,6000
0.16,39,KDE_chi2,0.01102292488885887,6000
0.16,39,well_TV,0.0028333333333333544,6000
0.16,39,CDF_sup,0.009458333333333352,6000
0.16,39,W1,0.00778011737126985,6000
0.16,39,bin_chi2_M40,0.006668888888888887,6000
0.16,39,bin_chi2_M80,0.008617777777777775,6000
0.16,39,bin_chi2_M120,0.021013333333333332,6000
0.16,40,KDE_chi2,0.015078827991529101,6000
0.16,40,well_TV,0.0015000000000000568,6000
0.16,40,CDF_sup,0.009041666666666682,6000
0.16,40,W1,0.009226006724305461,6000
0.16,40,bin_chi2_M40,0.006677777777777778,6000
0.16,40,bin_chi2_M80,0.016315555555555555,6000
0.16,40,bin_chi2_M120,0.02214,6000
0.16,41,KDE_chi2,0.0076488643952310675,6000
0.16,41,well_TV,0.0038333333333333552,6000
0.16,41,CDF_sup,0.013291666666666703,6000
0.16,41,W1,0.012136026509801074,6000
0.16,41,bin_chi2_M40,0.0051400000000000005,6000
0.16,41,bin_chi2_M80,0.011471111111111112,6000
0.16,41,bin_chi2_M120,0.01846,6000
0.16,42,KDE_chi2,0.01195111184837564,6000
0.16,42,well_TV,0.0038333333333333552,6000
0.16,42,CDF_sup,0.012874999999999968,6000
0.16,42,W1,0.016684692599574134,6000
0.16,42,bin_chi2_M40,0.006655555555555555,6000
0.16,42,bin_chi2_M80,0.011715555555555554,6000
0.16,42,bin_chi2_M120,0.018846666666666664,6000
0.16,43,KDE_chi2,0.011997898275516861,6000
0.16,43,well_TV,0.005333333333333301,6000
0.16,43,CDF_sup,0.013916666666666636,6000
0.16,43,W1,0.016218223197132876,6000
0.16,43,bin_chi2_M40,0.007437777777777777,6000
0.16,43,bin_chi2_M80,0.008884444444444445,6000
0.16,43,bin_chi2_M120,0.02079333333333333,6000
0.16,44,KDE_chi2,0.010768670608165196,6000
0.16,44,well_TV,0.010833333333333361,6000
0.16,44,CDF_sup,0.012500000000000022,6000
0.16,44,W1,0.018503478393655882,6000
0.16,44,bin_chi2_M40,0.005935555555555556,6000
0.16,44,bin_chi2_M80,0.017817777777777776,6000
0.16,44,bin_chi2_M120,0.02105333333333333,6000
0.16,45,KDE_chi2,0.009859127382541012,6000
0.16,45,well_TV,0.006000000000000005,6000
0.16,45,CDF_sup,0.011291666666666703,6000
0.16,45,W1,0.014332444638736085,6000
0.16,45,bin_chi2_M40,0.007926666666666667,6000
0.16,45,bin_chi2_M80,0.014524444444444442,6000
0.16,45,bin_chi2_M120,0.01896666666666667,6000
0.16,46,KDE_chi2,0.011204871169101165,6000
0.16,46,well_TV,0.0018333333333333535,6000
0.16,46,CDF_sup,0.009124999999999973,6000
0.16,46,W1,0.008770691966977679,6000
0.16,46,bin_chi2_M40,0.005342222222222223,6000
0.16,46,bin_chi2_M80,0.013435555555555555,6000
0.16,46,bin_chi2_M120,0.024113333333333334,6000
0.16,47,KDE_chi2,0.009336193518555705,6000
0.16,47,well_TV,0.0044999999999999485,6000
0.16,47,CDF_sup,0.007458333333333287,6000
0.16,47,W1,0.009018603523286785,6000
0.16,47,bin_chi2_M40,0.0054022222222222215,6000
0.16,47,bin_chi2_M80,0.014466666666666664,6000
0.16,47,bin_chi2_M120,0.019273333333333333,6000
0.16,48,KDE_chi2,0.011736690850594072,6000
0.16,48,well_TV,0.0018333333333333535,6000
0.16,48,CDF_sup,0.0076666666666666316,6000
0.16,48,W1,0.01002940210338625,6000
0.16,48,bin_chi2_M40,0.004624444444444443,6000
0.16,48,bin_chi2_M80,0.010546666666666666,6000
0.16,48,bin_chi2_M120,0.021679999999999998,6000
0.16,49,KDE_chi2,0.00943662351650411,6000
0.16,49,well_TV,0.0013333333333332975,6000
0.16,49,CDF_sup,0.007458333333333353,6000
0.16,49,W1,0.007128945315531515,6000
0.16,49,bin_chi2_M40,0.007106666666666667,6000
0.16,49,bin_chi2_M80,0.013995555555555553,6000
0.16,49,bin_chi2_M120,0.0192,6000
0.16,50,KDE_chi2,0.012177280086157384,6000
0.16,50,well_TV,0.012333333333333307,6000
0.16,50,CDF_sup,0.016958333333333353,6000
0.16,50,W1,0.021839668335615993,6000
0.16,50,bin_chi2_M40,0.006737777777777778,6000
0.16,50,bin_chi2_M80,0.011057777777777777,6000
0.16,50,bin_chi2_M120,0.01787333333333333,6000
0.16,51,KDE_chi2,0.011219425788830773,6000
0.16,51,well_TV,0.0020000000000000018,6000
0.16,51,CDF_sup,0.011166666666666703,6000
0.16,51,W1,0.008690240190386039,6000
0.16,51,bin_chi2_M40,0.008004444444444446,6000
0.16,51,bin_chi2_M80,0.009706666666666666,6000
0.16,51,bin_chi2_M120,0.017999999999999995,6000
0.16,52,KDE_chi2,0.012890967020318767,6000
0.16,52,well_TV,0.005166666666666653,6000
0.16,52,CDF_sup,0.009458333333333322,6000
0.16,52,W1,0.013420504693215537,6000
0.16,52,bin_chi2_M40,0.008942222222222221,6000
0.16,52,bin_chi2_M80,0.014057777777777777,6000
0.16,52,bin_chi2_M120,0.02168,6000
0.16,53,KDE_chi2,0.00984236902599354,6000
0.16,53,well_TV,0.010333333333333306,6000
0.16,53,CDF_sup,0.0125833333333333,6000
0.16,53,W1,0.016729283054881645,6000
0.16,53,bin_chi2_M40,0.008535555555555557,6000
0.16,53,bin_chi2_M80,0.014275555555555557,6000
0.16,53,bin_chi2_M120,0.014740000000000003,6000
0.16,54,KDE_chi2,0.012445997178957738,6000
0.16,54,well_TV,0.006000000000000005,6000
0.16,54,CDF_sup,0.008625000000000013,6000
0.16,54,W1,0.010861770688429157,6000
0.16,54,bin_chi2_M40,0.005157777777777777,6000
0.16,54,bin_chi2_M80,0.01624888888888889,6000
0.16,54,bin_chi2_M120,0.01572666666666667,6000
0.16,55,KDE_chi2,0.012549344014596238,6000
0.16,55,well_TV,0.006000000000000005,6000
0.16,55,CDF_sup,0.010041666666666657,6000
0.16,55,W1,0.01314622755380364,6000
0.16,55,bin_chi2_M40,0.008482222222222223,6000
0.16,55,bin_chi2_M80,0.011906666666666666,6000
0.16,55,bin_chi2_M120,0.0219,6000
0.16,56,KDE_chi2,0.010745110586760991,6000
0.16,56,well_TV,0.00016666666666670382,6000
0.16,56,CDF_sup,0.00729166666666663,6000
0.16,56,W1,0.006900901867369972,6000
0.16,56,bin_chi2_M40,0.008088888888888889,6000
0.16,56,bin_chi2_M80,0.012039999999999999,6000
0.16,56,bin_chi2_M120,0.018866666666666667,6000
0.16,57,KDE_chi2,0.014278635869479412,6000
0.16,57,well_TV,0.004999999999999949,6000
0.16,57,CDF_sup,0.013291666666666684,6000
0.16,57,W1,0.011704006789991922,6000
0.16,57,bin_chi2_M40,0.004599999999999999,6000
0.16,57,bin_chi2_M80,0.016031111111111107,6000
0.16,57,bin_chi2_M120,0.020686666666666666,6000
0.16,58,KDE_chi2,0.012051807429958808,6000
0.16,58,well_TV,0.0008333333333333526,6000
0.16,58,CDF_sup,0.009458333333333345,6000
0.16,58,W1,0.006576713765044701,6000
0.16,58,bin_chi2_M40,0.004368888888888888,6000
0.16,58,bin_chi2_M80,0.011555555555555555,6000
0.16,58,bin_chi2_M120,0.019106666666666668,6000
0.16,59,KDE_chi2,0.00953019775052659,6000
0.16,59,well_TV,0.0071666666666666545,6000
0.16,59,CDF_sup,0.0181666666666667,6000
0.16,59,W1,0.02190115792778507,6000
0.16,59,bin_chi2_M40,0.0047622222222222215,6000
0.16,59,bin_chi2_M80,0.012013333333333334,6000
0.16,59,bin_chi2_M120,0.021580000000000002,6000
0.16,60,KDE_chi2,0.011678651694766999,6000
0.16,60,well_TV,0.003166666666666651,6000
0.16,60,CDF_sup,0.008208333333333349,6000
0.16,60,W1,0.0064190333469153135,6000
0.16,60,bin_chi2_M40,0.005380000000000001,6000
0.16,60,bin_chi2_M80,0.01343111111111111,6000
0.16,60,bin_chi2_M120,0.0206,6000
0.16,61,KDE_chi2,0.009721942045741717,6000
0.16,61,well_TV,0.01100000000000001,6000
0.16,61,CDF_sup,0.012999999999999973,6000
0.16,61,W1,0.017023638924994103,6000
0.16,61,bin_chi2_M40,0.005433333333333333,6000
0.16,61,bin_chi2_M80,0.01335111111111111,6000
0.16,61,bin_chi2_M120,0.019106666666666668,6000
0.16,62,KDE_chi2,0.00801590925863088,6000
0.16,62,well_TV,0.009333333333333305,6000
0.16,62,CDF_sup,0.013208333333333318,6000
0.16,62,W1,0.01597424085373697,6000
0.16,62,bin_chi2_M40,0.008226666666666667,6000
0.16,62,bin_chi2_M80,0.01633333333333333,6000
0.16,62,bin_chi2_M120,0.023786666666666668,6000
0.16,63,KDE_chi2,0.010552535356200534,6000
0.16,63,well_TV,0.0071666666666667656,6000
0.16,63,CDF_sup,0.011583333333333319,6000
0.16,63,W1,0.017161743528432943,6000
0.16,63,bin_chi2_M40,0.0074755555555555565,6000
0.16,63,bin_chi2_M80,0.011537777777777779,6000
0.16,63,bin_chi2_M120,0.024913333333333332,6000
0.14,0,KDE_chi2,0.013397458961905855,6000
0.14,0,well_TV,0.009000000000000119,6000
0.14,0,CDF_sup,0.01095833333333331,6000
0.14,0,W1,0.015656032277004198,6000
0.14,0,bin_chi2_M40,0.006397777777777778,6000
0.14,0,bin_chi2_M80,0.01821333333333333,6000
0.14,0,bin_chi2_M120,0.02018,6000
0.14,1,KDE_chi2,0.013038472388119813,6000
0.14,1,well_TV,0.001333333333333353,6000
0.14,1,CDF_sup,0.009333333333333306,6000
0.14,1,W1,0.007684616005671335,6000
0.14,1,bin_chi2_M40,0.008008888888888888,6000
0.14,1,bin_chi2_M80,0.015133333333333335,6000
0.14,1,bin_chi2_M120,0.025493333333333337,6000
0.14,2,KDE_chi2,0.014417452424030964,6000
0.14,2,well_TV,0.0,6000
0.14,2,CDF_sup,0.006125000000000008,6000
0.14,2,W1,0.005211120945362328,6000
0.14,2,bin_chi2_M40,0.005906666666666667,6000
0.14,2,bin_chi2_M80,0.014928888888888887,6000
0.14,2,bin_chi2_M120,0.02008,6000
0.14,3,KDE_chi2,0.01330913017931501,6000
0.14,3,well_TV,0.0001666666666666483,6000
0.14,3,CDF_sup,0.010625000000000044,6000
0.14,3,W1,0.00725012628133211,6000
0.14,3,bin_chi2_M40,0.007377777777777779,6000
0.14,3,bin_chi2_M80,0.013844444444444444,6000
0.14,3,bin_chi2_M120,0.0182,6000
0.14,4,KDE_chi2,0.010526084519475279,6000
0.14,4,well_TV,0.0026666666666666505,6000
0.14,4,CDF_sup,0.010458333333333361,6000
0.14,4,W1,0.007292304861881562,6000
0.14,4,bin_chi2_M40,0.004715555555555555,6000
0.14,4,bin_chi2_M80,0.012986666666666667,6000
0.14,4,bin_chi2_M120,0.015133333333333335,6000
0.14,5,KDE_chi2,0.013420617694570104,6000
0.14,5,well_TV,0.00216666666666665,6000
0.14,5,CDF_sup,0.007041666666666634,6000
0.14,5,W1,0.007515717480511939,6000
0.14,5,bin_chi2_M40,0.0060933333333333325,6000
0.14,5,bin_chi2_M80,0.014768888888888889,6000
0.14,5,bin_chi2_M120,0.018033333333333332,6000
0.14,6,KDE_chi2,0.00972631502023658,6000
0.14,6,well_TV,0.0030000000000000027,6000
0.14,6,CDF_sup,0.0067500000000000025,6000
0.14,6,W1,0.007695560165584493,6000
0.14,6,bin_chi2_M40,0.007246666666666667,6000
0.14,6,bin_chi2_M80,0.011635555555555555,6000
0.14,6,bin_chi2_M120,0.02108666666666667,6000
0.14,7,KDE_chi2,0.014788210872783958,6000
0.14,7,well_TV,0.007499999999999951,6000
0.14,7,CDF_sup,0.008166666666666635,6000
0.14,7,W1,0.010873746556477895,6000
0.14,7,bin_chi2_M40,0.005124444444444444,6000
0.14,7,bin_chi2_M80,0.013395555555555556,6000
0.14,7,bin_chi2_M120,0.0165,6000
0.14,8,KDE_chi2,0.011181751980226052,6000
0.14,8,well_TV,0.0028333333333333544,6000
0.14,8,CDF_sup,0.013791666666666657,6000
0.14,8,W1,0.011127450044502354,6000
0.14,8,bin_chi2_M40,0.006224444444444443,6000
0.14,8,bin_chi2_M80,0.01753333333333333,6000
0.14,8,bin_chi2_M120,0.017253333333333336,6000
0.14,9,KDE_chi2,0.012261060483518008,6000
0.14,9,well_TV,0.0010000000000000009,6000
0.14,9,CDF_sup,0.00824999999999999,6000
0.14,9,W1,0.006590504457458705,6000
0.14,9,bin_chi2_M40,0.007322222222222225,6000
0.14,9,bin_chi2_M80,0.014364444444444447,6000
0.14,9,bin_chi2_M120,0.020266666666666662,6000
0.14,10,KDE_chi2,0.014049459208484848,6000
0.14,10,well_TV,0.00550000000000006,6000
0.14,10,CDF_sup,0.006750000000000026,6000
0.14,10,W1,0.007960276930754942,6000
0.14,10,bin_chi2_M40,0.006497777777777779,6000
0.14,10,bin_chi2_M80,0.014417777777777778,6000
0.14,10,bin_chi2_M120,0.0187,6000
0.14,11,KDE_chi2,0.013321489992252591,6000
0.14,11,well_TV,0.01416666666666666,6000
0.14,11,CDF_sup,0.014624999999999985,6000
0.14,11,W1,0.020511106478828457,6000
0.14,11,bin_chi2_M40,0.007277777777777777,6000
0.14,11,bin_chi2_M80,0.009533333333333333,6000
0.14,11,bin_chi2_M120,0.018506666666666668,6000
0.14,12,KDE_chi2,0.013946736929591835,6000
0.14,12,well_TV,0.006333333333333302,6000
0.14,12,CDF_sup,0.009708333333333301,6000
0.14,12,W1,0.010500625037073498,6000
0.14,12,bin_chi2_M40,0.006466666666666667,6000
0.14,12,bin_chi2_M80,0.010222222222222223,6000
0.14,12,bin_chi2_M120,0.022459999999999997,6000
0.14,13,KDE_chi2,0.011622538996239565,6000
0.14,13,well_TV,0.0018333333333333535,6000
0.14,13,CDF_sup,0.006375000000000028,6000
0.14,13,W1,0.006542384078205472,6000
0.14,13,bin_chi2_M40,0.004853333333333332,6000
0.14,13,bin_chi2_M80,0.010617777777777775,6000
0.14,13,bin_chi2_M120,0.016313333333333332,6000
0.14,14,KDE_chi2,0.013911337017764688,6000
0.14,14,well_TV,0.0030000000000000027,6000
0.14,14,CDF_sup,0.009958333333333342,6000
0.14,14,W1,0.007479585975025517,6000
0.14,14,bin_chi2_M40,0.006851111111111109,6000
0.14,14,bin_chi2_M80,0.01096888888888889,6000
0.14,14,bin_chi2_M120,0.017806666666666665,6000
0.14,15,KDE_chi2,0.013696044434505217,6000
0.14,15,well_TV,0.0071666666666667656,6000
0.14,15,CDF_sup,0.014416666666666642,6000
0.14,15,W1,0.01896369913269242,6000
0.14,15,bin_chi2_M40,0.0064311111111111105,6000
0.14,15,bin_chi2_M80,0.009351111111111109,6000
0.14,15,bin_chi2_M120,0.022013333333333336,6000
0.14,16,KDE_chi2,0.016342358377173294,6000
0.14,16,well_TV,0.0040000000000000036,6000
0.14,16,CDF_sup,0.011125000000000017,6000
0.14,16,W1,0.010297940945893435,6000
0.14,16,bin_chi2_M40,0.005726666666666668,6000
0.14,16,bin_chi2_M80,0.013893333333333334,6000
0.14,16,bin_chi2_M120,0.02324,6000
0.14,17,KDE_chi2,0.017504883930024803,6000
0.14,17,well_TV,0.004833333333333356,6000
0.14,17,CDF_sup,0.012249999999999966,6000
0.14,17,W1,0.015009238231534607,6000
0.14,17,bin_chi2_M40,0.005257777777777779,6000
0.14,17,bin_chi2_M80,0.014595555555555554,6000
0.14,17,bin_chi2_M120,0.01816,6000
0.14,18,KDE_chi2,0.013248787425173714,6000
0.14,18,well_TV,0.008500000000000008,6000
0.14,18,CDF_sup,0.010666666666666692,6000
0.14,18,W1,0.011800178839262864,6000
0.14,18,bin_chi2_M40,0.006877777777777778,6000
0.14,18,bin_chi2_M80,0.010346666666666665,6000
0.14,18,bin_chi2_M120,0.01650666666666667,6000
0.14,19,KDE_chi2,0.013650981804540385,6000
0.14,19,well_TV,0.0001666666666666483,6000
0.14,19,CDF_sup,0.009125000000000038,6000
0.14,19,W1,0.005322320641430194,6000
0.14,19,bin_chi2_M40,0.005262222222222224,6000
0.14,19,bin_chi2_M80,0.015079999999999998,6000
0.14,19,bin_chi2_M120,0.024146666666666667,6000
0.14,20,KDE_chi2,0.012820576809196477,6000
0.14,20,well_TV,0.005833333333333357,6000
0.14,20,CDF_sup,0.007375000000000028,6000
0.14,20,W1,0.009256162597349793,6000
0.14,20,bin_chi2_M40,0.0044955555555555565,6000
0.14,20,bin_chi2_M80,0.012417777777777774,6000
0.14,20,bin_chi2_M120,0.01786,6000
0.14,21,KDE_chi2,0.017330648920217476,6000
0.14,21,well_TV,0.0044999999999999485,6000
0.14,21,CDF_sup,0.010708333333333288,6000
0.14,21,W1,0.012357623416173595,6000
0.14,21,bin_chi2_M40,0.008126666666666667,6000
0.14,21,bin_chi2_M80,0.016008888888888892,6000
0.14,21,bin_chi2_M120,0.018666666666666665,6000
0.14,22,KDE_chi2,0.012403689189549427,6000
0.14,22,well_TV,0.008166666666666655,6000
0.14,22,CDF_sup,0.011624999999999972,6000
0.14,22,W1,0.018799461670369354,6000
0.14,22,bin_chi2_M40,0.006631111111111112,6000
0.14,22,bin_chi2_M80,0.011404444444444444,6000
0.14,22,bin_chi2_M120,0.019373333333333336,6000
0.14,23,KDE_chi2,0.012212977081094215,6000
0.14,23,well_TV,0.0008333333333333526,6000
0.14,23,CDF_sup,0.01049999999999996,6000
0.14,23,W1,0.0069935427254977575,6000
0.14,23,bin_chi2_M40,0.008122222222222222,6000
0.14,23,bin_chi2_M80,0.011657777777777777,6000
0.14,23,bin_chi2_M120,0.02064,6000
0.14,24,KDE_chi2,0.010904332816023293,6000
0.14,24,well_TV,0.0016666666666666496,6000
0.14,24,CDF_sup,0.008708333333333361,6000
0.14,24,W1,0.00967100019512731,6000
0.14,24,bin_chi2_M40,0.005835555555555556,6000
0.14,24,bin_chi2_M80,0.012924444444444443,6000
0.14,24,bin_chi2_M120,0.019293333333333336,6000
0.14,25,KDE_chi2,0.011903722519123075,6000
0.14,25,well_TV,0.010500000000000065,6000
0.14,25,CDF_sup,0.012000000000000023,6000
0.14,25,W1,0.017101754924382283,6000
0.14,25,bin_chi2_M40,0.005337777777777777,6000
0.14,25,bin_chi2_M80,0.01561333333333333,6000
0.14,25,bin_chi2_M120,0.024106666666666665,6000
0.14,26,KDE_chi2,0.015460695967181342,6000
0.14,26,well_TV,0.006166666666666654,6000
0.14,26,CDF_sup,0.012333333333333309,6000
0.14,26,W1,0.01829732108656932,6000
0.14,26,bin_chi2_M40,0.00705111111111111,6000
0.14,26,bin_chi2_M80,0.015817777777777778,6000
0.14,26,bin_chi2_M120,0.016160000000000004,6000
0.14,27,KDE_chi2,0.015034579627842728,6000
0.14,27,well_TV,0.004833333333333356,6000
0.14,27,CDF_sup,0.010250000000000009,6000
0.14,27,W1,0.009408607580341934,6000
0.14,27,bin_chi2_M40,0.004937777777777778,6000
0.14,27,bin_chi2_M80,0.012288888888888887,6000
0.14,27,bin_chi2_M120,0.023960000000000002,6000
0.14,28,KDE_chi2,0.014417455160667444,6000
0.14,28,well_TV,0.010333333333333306,6000
0.14,28,CDF_sup,0.014166666666666647,6000
0.14,28,W1,0.020141786497037628,6000
0.14,28,bin_chi2_M40,0.003955555555555556,6000
0.14,28,bin_chi2_M80,0.011391111111111109,6000
0.14,28,bin_chi2_M120,0.018433333333333333,6000
0.14,29,KDE_chi2,0.013887121347295,6000
0.14,29,well_TV,0.002666666666666595,6000
0.14,29,CDF_sup,0.008583333333333325,6000
0.14,29,W1,0.007924007537857249,6000
0.14,29,bin_chi2_M40,0.0040933333333333325,6000
0.14,29,bin_chi2_M80,0.011964444444444444,6000
0.14,29,bin_chi2_M120,0.022826666666666665,6000
0.14,30,KDE_chi2,0.012506684730957469,6000
0.14,30,well_TV,0.0050000000000000044,6000
0.14,30,CDF_sup,0.009999999999999978,6000
0.14,30,W1,0.01071388298683034,6000
0.14,30,bin_chi2_M40,0.006875555555555557,6000
0.14,30,bin_chi2_M80,0.010297777777777777,6000
0.14,30,bin_chi2_M120,0.01608,6000
0.14,31,KDE_chi2,0.014288595587964682,6000
0.14,31,well_TV,0.004833333333333301,6000
0.14,31,CDF_sup,0.0077916666666666915,6000
0.14,31,W1,0.010632534051145781,6000
0.14,31,bin_chi2_M40,0.0036177777777777784,6000
0.14,31,bin_chi2_M80,0.010306666666666665,6000
0.14,31,bin_chi2_M120,0.024346666666666666,6000
0.14,32,KDE_chi2,0.016228542398993927,6000
0.14,32,well_TV,0.01416666666666666,6000
0.14,32,CDF_sup,0.016249999999999976,6000
0.14,32,W1,0.023091143381131045,6000
0.14,32,bin_chi2_M40,0.006251111111111111,6000
0.14,32,bin_chi2_M80,0.015315555555555554,6000
0.14,32,bin_chi2_M120,0.022673333333333334,6000
0.14,33,KDE_chi2,0.01214691136365003,6000
0.14,33,well_TV,0.003166666666666651,6000
0.14,33,CDF_sup,0.01133333333333337,6000
0.14,33,W1,0.011157163611089824,6000
0.14,33,bin_chi2_M40,0.007095555555555555,6000
0.14,33,bin_chi2_M80,0.011924444444444444,6000
0.14,33,bin_chi2_M120,0.026633333333333335,6000
0.14,34,KDE_chi2,0.012876190574121675,6000
0.14,34,well_TV,0.002666666666666595,6000
0.14,34,CDF_sup,0.008416666666666708,6000
0.14,34,W1,0.007572163019986635,6000
0.14,34,bin_chi2_M40,0.006364444444444445,6000
0.14,34,bin_chi2_M80,0.013995555555555554,6000
0.14,34,bin_chi2_M120,0.016700000000000003,6000
0.14,35,KDE_chi2,0.01425534896336739,6000
0.14,35,well_TV,0.0016666666666666496,6000
0.14,35,CDF_sup,0.00862500000000001,6000
0.14,35,W1,0.007907851364880064,6000
0.14,35,bin_chi2_M40,0.004922222222222223,6000
0.14,35,bin_chi2_M80,0.011,6000
0.14,35,bin_chi2_M120,0.019,6000
0.14,36,KDE_chi2,0.013778927200820006,6000
0.14,36,well_TV,0.006166666666666654,6000
0.14,36,CDF_sup,0.008583333333333311,6000
0.14,36,W1,0.01000379709074085,6000
0.14,36,bin_chi2_M40,0.006053333333333334,6000
0.14,36,bin_chi2_M80,0.017119999999999996,6000
0.14,36,bin_chi2_M120,0.02364666666666667,6000
0.14,37,KDE_chi2,0.012811665640365042,6000
0.14,37,well_TV,0.0030000000000000027,6000
0.14,37,CDF_sup,0.007750000000000033,6000
0.14,37,W1,0.008539884152957635,6000
0.14,37,bin_chi2_M40,0.005971111111111111,6000
0.14,37,bin_chi2_M80,0.01480888888888889,6000
0.14,37,bin_chi2_M120,0.016906666666666667,6000
0.14,38,KDE_chi2,0.010936873196226039,6000
0.14,38,well_TV,0.00216666666666665,6000
0.14,38,CDF_sup,0.009916666666666673,6000
0.14,38,W1,0.005534905918993265,6000
0.14,38,bin_chi2_M40,0.005171111111111111,6000
0.14,38,bin_chi2_M80,0.017386666666666665,6000
0.14,38,bin_chi2_M120,0.017873333333333335,6000
0.14,39,KDE_chi2,0.010759656731977792,6000
0.14,39,well_TV,0.009500000000000008,6000
0.14,39,CDF_sup,0.011041666666666696,6000
0.14,39,W1,0.014407811615092985,6000
0.14,39,bin_chi2_M40,0.007117777777777778,6000
0.14,39,bin_chi2_M80,0.014955555555555552,6000
0.14,39,bin_chi2_M120,0.025293333333333334,6000
0.14,40,KDE_chi2,0.014651620510924989,6000
0.14,40,well_TV,0.0030000000000000027,6000
0.14,40,CDF_sup,0.004958333333333305,6000
0.14,40,W1,0.005883293126628894,6000
0.14,40,bin_chi2_M40,0.006100000000000001,6000
0.14,40,bin_chi2_M80,0.01057333333333333,6000
0.14,40,bin_chi2_M120,0.017779999999999997,6000
0.14,41,KDE_chi2,0.012892391762121508,6000
0.14,41,well_TV,0.0086666666666666,6000
0.14,41,CDF_sup,0.010083333333333291,6000
0.14,41,W1,0.01522906959767668,6000
0.14,41,bin_chi2_M40,0.004911111111111112,6000
0.14,41,bin_chi2_M80,0.012831111111111109,6000
0.14,41,bin_chi2_M120,0.019179999999999996,6000
0.14,42,KDE_chi2,0.014955640933528183,6000
0.14,42,well_TV,0.0034999999999999476,6000
0.14,42,CDF_sup,0.008916666666666701,6000
0.14,42,W1,0.00753424521812687,6000
0.14,42,bin_chi2_M40,0.004922222222222221,6000
0.14,42,bin_chi2_M80,0.010773333333333333,6000
0.14,42,bin_chi2_M120,0.019373333333333333,6000
0.14,43,KDE_chi2,0.012675475219508951,6000
0.14,43,well_TV,0.00016666666666670382,6000
0.14,43,CDF_sup,0.008916666666666703,6000
0.14,43,W1,0.005145964251631151,6000
0.14,43,bin_chi2_M40,0.004344444444444444,6000
0.14,43,bin_chi2_M80,0.010466666666666666,6000
0.14,43,bin_chi2_M120,0.01857333333333333,6000
0.14,44,KDE_chi2,0.012585935427306148,6000
0.14,44,well_TV,0.006333333333333413,6000
0.14,44,CDF_sup,0.007416666666666703,6000
0.14,44,W1,0.009448234861824806,6000
0.14,44,bin_chi2_M40,0.008879999999999999,6000
0.14,44,bin_chi2_M80,0.00932,6000
0.14,44,bin_chi2_M120,0.018433333333333333,6000
0.14,45,KDE_chi2,0.010320751080893531,6000
0.14,45,well_TV,0.0018333333333333535,6000
0.14,45,CDF_sup,0.008124999999999985,6000
0.14,45,W1,0.007685611652038505,6000
0.14,45,bin_chi2_M40,0.006955555555555558,6000
0.14,45,bin_chi2_M80,0.013306666666666665,6000
0.14,45,bin_chi2_M120,0.018613333333333336,6000
0.14,46,KDE_chi2,0.011716433725221173,6000
0.14,46,well_TV,0.0023333333333332984,6000
0.14,46,CDF_sup,0.008875000000000027,6000
0.14,46,W1,0.009846372374142424,6000
0.14,46,bin_chi2_M40,0.006891111111111111,6000
0.14,46,bin_chi2_M80,0.014253333333333333,6000
0.14,46,bin_chi2_M120,0.01874666666666667,6000
0.14,47,KDE_chi2,0.012682160972426061,6000
0.14,47,well_TV,0.0076666666666667105,6000
0.14,47,CDF_sup,0.012583333333333325,6000
0.14,47,W1,0.01618709793890573,6000
0.14,47,bin_chi2_M40,0.004873333333333334,6000
0.14,47,bin_chi2_M80,0.00943111111111111,6000
0.14,47,bin_chi2_M120,0.019806666666666667,6000
0.14,48,KDE_chi2,0.01350069436378297,6000
0.14,48,well_TV,0.00033333333333340764,6000
0.14,48,CDF_sup,0.007249999999999967,6000
0.14,48,W1,0.00639589514864641,6000
0.14,48,bin_chi2_M40,0.00642888888888889,6000
0.14,48,bin_chi2_M80,0.01106222222222222,6000
0.14,48,bin_chi2_M120,0.018233333333333338,6000
0.14,49,KDE_chi2,0.014883826708926719,6000
0.14,49,well_TV,0.0050000000000000044,6000
0.14,49,CDF_sup,0.010166666666666685,6000
0.14,49,W1,0.012043438116334258,6000
0.14,49,bin_chi2_M40,0.006311111111111113,6000
0.14,49,bin_chi2_M80,0.00996,6000
0.14,49,bin_chi2_M120,0.023733333333333335,6000
0.14,50,KDE_chi2,0.011786398427511594,6000
0.14,50,well_TV,0.0008333333333333526,6000
0.14,50,CDF_sup,0.007875000000000042,6000
0.14,50,W1,0.007901101154657912,6000
0.14,50,bin_chi2_M40,0.007377777777777777,6000
0.14,50,bin_chi2_M80,0.010920000000000001,6000
0.14,50,bin_chi2_M120,0.01880666666666667,6000
0.14,51,KDE_chi2,0.013586929627804972,6000
0.14,51,well_TV,0.0003333333333332966,6000
0.14,51,CDF_sup,0.00937499999999999,6000
0.14,51,W1,0.006037642433655124,6000
0.14,51,bin_chi2_M40,0.006275555555555557,6000
0.14,51,bin_chi2_M80,0.019248888888888885,6000
0.14,51,bin_chi2_M120,0.017166666666666663,6000
0.14,52,KDE_chi2,0.012465042218008792,6000
0.14,52,well_TV,0.0013333333333332975,6000
0.14,52,CDF_sup,0.007833333333333336,6000
0.14,52,W1,0.006197177511146481,6000
0.14,52,bin_chi2_M40,0.0047911111111111114,6000
0.14,52,bin_chi2_M80,0.01192,6000
0.14,52,bin_chi2_M120,0.016426666666666666,6000
0.14,53,KDE_chi2,0.0137045473767328,6000
0.14,53,well_TV,0.009000000000000008,6000
0.14,53,CDF_sup,0.010083333333333354,6000
0.14,53,W1,0.012465681102545393,6000
0.14,53,bin_chi2_M40,0.006326666666666665,6000
0.14,53,bin_chi2_M80,0.012408888888888891,6000
0.14,53,bin_chi2_M120,0.018080000000000002,6000
0.14,54,KDE_chi2,0.01244159054851693,6000
0.14,54,well_TV,0.00550000000000006,6000
0.14,54,CDF_sup,0.013333333333333322,6000
0.14,54,W1,0.011049476732297316,6000
0.14,54,bin_chi2_M40,0.007597777777777778,6000
0.14,54,bin_chi2_M80,0.015155555555555554,6000
0.14,54,bin_chi2_M120,0.01686,6000
0.14,55,KDE_chi2,0.013955938002241455,6000
0.14,55,well_TV,0.009000000000000008,6000
0.14,55,CDF_sup,0.009916666666666685,6000
0.14,55,W1,0.01161832901044534,6000
0.14,55,bin_chi2_M40,0.005533333333333334,6000
0.14,55,bin_chi2_M80,0.012715555555555556,6000
0.14,55,bin_chi2_M120,0.025660000000000002,6000
0.14,56,KDE_chi2,0.01377698711019612,6000
0.14,56,well_TV,0.016833333333333256,6000
0.14,56,CDF_sup,0.019208333333333324,6000
0.14,56,W1,0.031570631003381325,6000
0.14,56,bin_chi2_M40,0.008542222222222222,6000
0.14,56,bin_chi2_M80,0.013706666666666666,6000
0.14,56,bin_chi2_M120,0.01514,6000
0.14,57,KDE_chi2,0.010246759878649956,6000
0.14,57,well_TV,0.0028333333333333544,6000
0.14,57,CDF_sup,0.012000000000000031,6000
0.14,57,W1,0.009018115471579605,6000
0.14,57,bin_chi2_M40,0.006402222222222221,6000
0.14,57,bin_chi2_M80,0.013608888888888887,6000
0.14,57,bin_chi2_M120,0.023793333333333333,6000
0.14,58,KDE_chi2,0.012824862835826059,6000
0.14,58,well_TV,0.0063333333333333575,6000
0.14,58,CDF_sup,0.010666666666666696,6000
0.14,58,W1,0.011069911354374708,6000
0.14,58,bin_chi2_M40,0.005691111111111112,6000
0.14,58,bin_chi2_M80,0.012444444444444442,6000
0.14,58,bin_chi2_M120,0.02281333333333333,6000
0.14,59,KDE_chi2,0.015160167209754837,6000
0.14,59,well_TV,0.0030000000000000027,6000
0.14,59,CDF_sup,0.009833333333333302,6000
0.14,59,W1,0.007779229586125834,6000
0.14,59,bin_chi2_M40,0.005128888888888889,6000
0.14,59,bin_chi2_M80,0.01264888888888889,6000
0.14,59,bin_chi2_M120,0.019486666666666666,6000
0.14,60,KDE_chi2,0.011062184146642978,6000
0.14,60,well_TV,0.0071666666666667656,6000
0.14,60,CDF_sup,0.012958333333333322,6000
0.14,60,W1,0.014004155017001647,6000
0.14,60,bin_chi2_M40,0.0068066666666666675,6000
0.14,60,bin_chi2_M80,0.012964444444444445,6000
0.14,60,bin_chi2_M120,0.021546666666666665,6000
0.14,61,KDE_chi2,0.014537815044744683,6000
0.14,61,well_TV,0.0011666666666666492,6000
0.14,61,CDF_sup,0.0059166666666667055,6000
0.14,61,W1,0.005387929725206634,6000
0.14,61,bin_chi2_M40,0.008117777777777776,6000
0.14,61,bin_chi2_M80,0.012173333333333331,6000
0.14,61,bin_chi2_M120,0.021933333333333332,6000
0.14,62,KDE_chi2,0.013554714778126573,6000
0.14,62,well_TV,0.00016666666666670382,6000
0.14,62,CDF_sup,0.007791666666666679,6000
0.14,62,W1,0.00621201533787453,6000
0.14,62,bin_chi2_M40,0.006366666666666667,6000
0.14,62,bin_chi2_M80,0.012880000000000003,6000
0.14,62,bin_chi2_M120,0.021026666666666666,6000
0.14,63,KDE_chi2,0.011841294722671697,6000
0.14,63,well_TV,0.013500000000000012,6000
0.14,63,CDF_sup,0.01708333333333336,6000
0.14,63,W1,0.025693934848447952,6000
0.14,63,bin_chi2_M40,0.003908888888888887,6000
0.14,63,bin_chi2_M80,0.01229333333333333,6000
0.14,63,bin_chi2_M120,0.02092666666666667,6000
0.125,0,KDE_chi2,0.01367740946577117,6000
0.125,0,well_TV,0.0045000000000000595,6000
0.125,0,CDF_sup,0.011624999999999984,6000
0.125,0,W1,0.013713056147743836,6000
0.125,0,bin_chi2_M40,0.006315555555555553,6000
0.125,0,bin_chi2_M80,0.01328,6000
0.125,0,bin_chi2_M120,0.02112666666666667,6000
0.125,1,KDE_chi2,0.016583979710262077,6000
0.125,1,well_TV,0.0010000000000000009,6000
0.125,1,CDF_sup,0.006875000000000009,6000
0.125,1,W1,0.006127559717656049,6000
0.125,1,bin_chi2_M40,0.006571111111111109,6000
0.125,1,bin_chi2_M80,0.011457777777777779,6000
0.125,1,bin_chi2_M120,0.021419999999999998,6000
0.125,2,KDE_chi2,0.014938767726235442,6000
0.125,2,well_TV,0.001333333333333353,6000
0.125,2,CDF_sup,0.007749999999999991,6000
0.125,2,W1,0.006754584818983805,6000
0.125,2,bin_chi2_M40,0.003244444444444443,6000
0.125,2,bin_chi2_M80,0.014453333333333334,6000
0.125,2,bin_chi2_M120,0.019486666666666666,6000
0.125,3,KDE_chi2,0.017337998877021973,6000
0.125,3,well_TV,0.008666666666666656,6000
0.125,3,CDF_sup,0.010833333333333355,6000
0.125,3,W1,0.015069708732829475,6000
0.125,3,bin_chi2_M40,0.006999999999999999,6000
0.125,3,bin_chi2_M80,0.017417777777777775,6000
0.125,3,bin_chi2_M120,0.023860000000000003,6000
0.125,4,KDE_chi2,0.01603731906056989,6000
0.125,4,well_TV,0.007333333333333303,6000
0.125,4,CDF_sup,0.013083333333333315,6000
0.125,4,W1,0.01820739697821038,6000
0.125,4,bin_chi2_M40,0.006933333333333333,6000
0.125,4,bin_chi2_M80,0.013902222222222224,6000
0.125,4,bin_chi2_M120,0.021353333333333335,6000
0.125,5,KDE_chi2,0.01784408473355653,6000
0.125,5,well_TV,0.008500000000000008,6000
0.125,5,CDF_sup,0.008916666666666687,6000
0.125,5,W1,0.01027875929055721,6000
0.125,5,bin_chi2_M40,0.006155555555555555,6000
0.125,5,bin_chi2_M80,0.01051111111111111,6000
0.125,5,bin_chi2_M120,0.02254,6000
0.125,6,KDE_chi2,0.02338006140316383,6000
0.125,6,well_TV,0.00666666666666671,6000
0.125,6,CDF_sup,0.01729166666666663,6000
0.125,6,W1,0.01656341730067876,6000
0.125,6,bin_chi2_M40,0.006628888888888888,6000
0.125,6,bin_chi2_M80,0.014888888888888887,6000
0.125,6,bin_chi2_M120,0.02146,6000
0.125,7,KDE_chi2,0.013623257346236367,6000
0.125,7,well_TV,0.005833333333333357,6000
0.125,7,CDF_sup,0.014791666666666693,6000
0.125,7,W1,0.02006042738461363,6000
0.125,7,bin_chi2_M40,0.007677777777777778,6000
0.125,7,bin_chi2_M80,0.012053333333333334,6000
0.125,7,bin_chi2_M120,0.014200000000000003,6000
0.125,8,KDE_chi2,0.013958808258008009,6000
0.125,8,well_TV,0.0023333333333332984,6000
0.125,8,CDF_sup,0.011458333333333319,6000
0.125,8,W1,0.011590673850689648,6000
0.125,8,bin_chi2_M40,0.0034355555555555563,6000
0.125,8,bin_chi2_M80,0.012262222222222221,6000
0.125,8,bin_chi2_M120,0.018879999999999997,6000
0.125,9,KDE_chi2,0.021194796998105083,6000
0.125,9,well_TV,0.0024999999999999467,6000
0.125,9,CDF_sup,0.014291666666666675,6000
0.125,9,W1,0.01116708686335225,6000
0.125,9,bin_chi2_M40,0.0076955555555555544,6000
0.125,9,bin_chi2_M80,0.012919999999999997,6000
0.125,9,bin_chi2_M120,0.018753333333333337,6000
0.125,10,KDE_chi2,0.01642466738325729,6000
0.125,10,well_TV,0.0006666666666667043,6000
0.125,10,CDF_sup,0.00550000000000004,6000
0.125,10,W1,0.004064247121007287,6000
0.125,10,bin_chi2_M40,0.005775555555555555,6000
0.125,10,bin_chi2_M80,0.016955555555555554,6000
0.125,10,bin_chi2_M120,0.019066666666666662,6000
0.125,11,KDE_chi2,0.01765712394303937,6000
0.125,11,well_TV,0.007499999999999951,6000
0.125,11,CDF_sup,0.012374999999999952,6000
0.125,11,W1,0.017516716052343055,6000
0.125,11,bin_chi2_M40,0.005282222222222223,6000
0.125,11,bin_chi2_M80,0.014715555555555555,6000
0.125,11,bin_chi2_M120,0.0175,6000
0.125,12,KDE_chi2,0.015347512687623379,6000
0.125,12,well_TV,0.0016666666666667052,6000
0.125,12,CDF_sup,0.005499999999999961,6000
0.125,12,W1,0.004422602613150266,6000
0.125,12,bin_chi2_M40,0.006066666666666665,6000
0.125,12,bin_chi2_M80,0.009866666666666668,6000
0.125,12,bin_chi2_M120,0.01672,6000
0.125,13,KDE_chi2,0.016518994232703747,6000
0.125,13,well_TV,0.006333333333333302,6000
0.125,13,CDF_sup,0.007375000000000017,6000
0.125,13,W1,0.009357823966773288,6000
0.125,13,bin_chi2_M40,0.005604444444444443,6000
0.125,13,bin_chi2_M80,0.009524444444444443,6000
0.125,13,bin_chi2_M120,0.020113333333333334,6000
0.125,14,KDE_chi2,0.017714856158939286,6000
0.125,14,well_TV,0.0010000000000000009,6000
0.125,14,CDF_sup,0.0073333333333333705,6000
0.125,14,W1,0.006253366190260255,6000
0.125,14,bin_chi2_M40,0.005173333333333334,6000
0.125,14,bin_chi2_M80,0.012484444444444444,6000
0.125,14,bin_chi2_M120,0.021920000000000002,6000
0.125,15,KDE_chi2,0.016510326276717772,6000
0.125,15,well_TV,0.011166666666666658,6000
0.125,15,CDF_sup,0.012416666666666687,6000
0.125,15,W1,0.018701942828312383,6000
0.125,15,bin_chi2_M40,0.004586666666666668,6000
0.125,15,bin_chi2_M80,0.012955555555555553,6000
0.125,15,bin_chi2_M120,0.014233333333333334,6000
0.125,16,KDE_chi2,0.022731000515889107,6000
0.125,16,well_TV,0.0038333333333333552,6000
0.125,16,CDF_sup,0.017499999999999964,6000
0.125,16,W1,0.016422449693340876,6000
0.125,16,bin_chi2_M40,0.006142222222222221,6000
0.125,16,bin_chi2_M80,0.008951111111111111,6000
0.125,16,bin_chi2_M120,0.01771333333333333,6000
0.125,17,KDE_chi2,0.017971830111468835,6000
0.125,17,well_TV,0.006666666666666599,6000
0.125,17,CDF_sup,0.00916666666666666,6000
0.125,17,W1,0.009438287000639888,6000
0.125,17,bin_chi2_M40,0.006235555555555557,6000
0.125,17,bin_chi2_M80,0.012222222222222223,6000
0.125,17,bin_chi2_M120,0.02145333333333333,6000
0.125,18,KDE_chi2,0.014135846910834787,6000
0.125,18,well_TV,0.010166666666666657,6000
0.125,18,CDF_sup,0.012083333333333304,6000
0.125,18,W1,0.01563323001290813,6000
0.125,18,bin_chi2_M40,0.007155555555555555,6000
0.125,18,bin_chi2_M80,0.014142222222222223,6000
0.125,18,bin_chi2_M120,0.02012,6000
0.125,19,KDE_chi2,0.016944877459905475,6000
0.125,19,well_TV,0.0024999999999999467,6000
0.125,19,CDF_sup,0.005666666666666623,6000
0.125,19,W1,0.005365198741351895,6000
0.125,19,bin_chi2_M40,0.008202222222222222,6000
0.125,19,bin_chi2_M80,0.009404444444444441,6000
0.125,19,bin_chi2_M120,0.018306666666666666,6000
0.125,20,KDE_chi2,0.014194965870618066,6000
0.125,20,well_TV,0.013833333333333364,6000
0.125,20,CDF_sup,0.019166666666666655,6000
0.125,20,W1,0.027577244854355688,6000
0.125,20,bin_chi2_M40,0.005602222222222223,6000
0.125,20,bin_chi2_M80,0.01407111111111111,6000
0.125,20,bin_chi2_M120,0.017906666666666668,6000
0.125,21,KDE_chi2,0.015005010784766465,6000
0.125,21,well_TV,0.0033333333333332993,6000
0.125,21,CDF_sup,0.010041666666666636,6000
0.125,21,W1,0.010145246131189015,6000
0.125,21,bin_chi2_M40,0.009817777777777778,6000
0.125,21,bin_chi2_M80,0.00975111111111111,6000
0.125,21,bin_chi2_M120,0.024480000000000002,6000
0.125,22,KDE_chi2,0.017891581262390106,6000
0.125,22,well_TV,0.007000000000000006,6000
0.125,22,CDF_sup,0.00895833333333336,6000
0.125,22,W1,0.010533853869457151,6000
0.125,22,bin_chi2_M40,0.0067888888888888894,6000
0.125,22,bin_chi2_M80,0.013755555555555556,6000
0.125,22,bin_chi2_M120,0.022500000000000003,6000
0.125,23,KDE_chi2,0.013934591784635875,6000
0.125,23,well_TV,0.006666666666666599,6000
0.125,23,CDF_sup,0.011791666666666693,6000
0.125,23,W1,0.014486086875735885,6000
0.125,23,bin_chi2_M40,0.009162222222222223,6000
0.125,23,bin_chi2_M80,0.011613333333333333,6000
0.125,23,bin_chi2_M120,0.019640000000000005,6000
0.125,24,KDE_chi2,0.01471061335192171,6000
0.125,24,well_TV,0.0003333333333332966,6000
0.125,24,CDF_sup,0.008833333333333363,6000
0.125,24,W1,0.005200561541694983,6000
0.125,24,bin_chi2_M40,0.0086,6000
0.125,24,bin_chi2_M80,0.012808888888888887,6000
0.125,24,bin_chi2_M120,0.020313333333333336,6000
0.125,25,KDE_chi2,0.016319639254687587,6000
0.125,25,well_TV,0.0038333333333333552,6000
0.125,25,CDF_sup,0.0072916666666667,6000
0.125,25,W1,0.005760485497603429,6000
0.125,25,bin_chi2_M40,0.006815555555555554,6000
0.125,25,bin_chi2_M80,0.012924444444444443,6000
0.125,25,bin_chi2_M120,0.016433333333333335,6000
0.125,26,KDE_chi2,0.018645859830968385,6000
0.125,26,well_TV,0.009666666666666657,6000
0.125,26,CDF_sup,0.011583333333333353,6000
0.125,26,W1,0.014572818129608884,6000
0.125,26,bin_chi2_M40,0.006502222222222222,6000
0.125,26,bin_chi2_M80,0.011737777777777778,6000
0.125,26,bin_chi2_M120,0.017666666666666664,6000
0.125,27,KDE_chi2,0.014849248396779985,6000
0.125,27,well_TV,0.003166666666666651,6000
0.125,27,CDF_sup,0.007875000000000045,6000
0.125,27,W1,0.007453662460109794,6000
0.125,27,bin_chi2_M40,0.004417777777777777,6000
0.125,27,bin_chi2_M80,0.01563111111111111,6000
0.125,27,bin_chi2_M120,0.020819999999999998,6000
0.125,28,KDE_chi2,0.01585443105403167,6000
0.125,28,well_TV,0.005999999999999894,6000
0.125,28,CDF_sup,0.009583333333333319,6000
0.125,28,W1,0.010543338494993393,6000
0.125,28,bin_chi2_M40,0.0071155555555555555,6000
0.125,28,bin_chi2_M80,0.016337777777777777,6000
0.125,28,bin_chi2_M120,0.016280000000000003,6000
0.125,29,KDE_chi2,0.014402412815594741,6000
0.125,29,well_TV,0.00883333333333336,6000
0.125,29,CDF_sup,0.014124999999999985,6000
0.125,29,W1,0.021144370564575646,6000
0.125,29,bin_chi2_M40,0.004731111111111111,6000
0.125,29,bin_chi2_M80,0.012524444444444444,6000
0.125,29,bin_chi2_M120,0.017673333333333336,6000
0.125,30,KDE_chi2,0.015505536382888714,6000
0.125,30,well_TV,0.0013333333333332975,6000
0.125,30,CDF_sup,0.00612500000000003,6000
0.125,30,W1,0.005800443583710366,6000
0.125,30,bin_chi2_M40,0.007531111111111109,6000
0.125,30,bin_chi2_M80,0.014719999999999999,6000
0.125,30,bin_chi2_M120,0.020426666666666666,6000
0.125,31,KDE_chi2,0.01715758423336924,6000
0.125,31,well_TV,0.007333333333333358,6000
0.125,31,CDF_sup,0.007541666666666685,6000
0.125,31,W1,0.007914066371735936,6000
0.125,31,bin_chi2_M40,0.003991111111111112,6000
0.125,31,bin_chi2_M80,0.010062222222222219,6000
0.125,31,bin_chi2_M120,0.024033333333333334,6000
0.125,32,KDE_chi2,0.014934765397613244,6000
0.125,32,well_TV,0.0020000000000000018,6000
0.125,32,CDF_sup,0.008166666666666673,6000
0.125,32,W1,0.009864975969552508,6000
0.125,32,bin_chi2_M40,0.004384444444444446,6000
0.125,32,bin_chi2_M80,0.014746666666666665,6000
0.125,32,bin_chi2_M120,0.018560000000000004,6000
0.125,33,KDE_chi2,0.015293079662324767,6000
0.125,33,well_TV,0.0016666666666667052,6000
0.125,33,CDF_sup,0.009375000000000007,6000
0.125,33,W1,0.009199475349893063,6000
0.125,33,bin_chi2_M40,0.006328888888888887,6000
0.125,33,bin_chi2_M80,0.015675555555555554,6000
0.125,33,bin_chi2_M120,0.015146666666666668,6000
0.125,34,KDE_chi2,0.017837531626128805,6000
0.125,34,well_TV,0.0004999999999999449,6000
0.125,34,CDF_sup,0.011499999999999996,6000
0.125,34,W1,0.006776460653624217,6000
0.125,34,bin_chi2_M40,0.005091111111111112,6000
0.125,34,bin_chi2_M80,0.015706666666666667,6000
0.125,34,bin_chi2_M120,0.02044666666666667,6000
0.125,35,KDE_chi2,0.014984820243228912,6000
0.125,35,well_TV,0.0004999999999999449,6000
0.125,35,CDF_sup,0.010041666666666657,6000
0.125,35,W1,0.009399149779003559,6000
0.125,35,bin_chi2_M40,0.007782222222222222,6000
0.125,35,bin_chi2_M80,0.012662222222222224,6000
0.125,35,bin_chi2_M120,0.016273333333333334,6000
0.125,36,KDE_chi2,0.017784467265137625,6000
0.125,36,well_TV,0.003999999999999948,6000
0.125,36,CDF_sup,0.006875000000000041,6000
0.125,36,W1,0.0054965034170520784,6000
0.125,36,bin_chi2_M40,0.008968888888888889,6000
0.125,36,bin_chi2_M80,0.014026666666666663,6000
0.125,36,bin_chi2_M120,0.024633333333333333,6000
0.125,37,KDE_chi2,0.014859229049540627,6000
0.125,37,well_TV,0.0001666666666666483,6000
0.125,37,CDF_sup,0.006499999999999992,6000
0.125,37,W1,0.006695522946299309,6000
0.125,37,bin_chi2_M40,0.004806666666666666,6000
0.125,37,bin_chi2_M80,0.010662222222222222,6000
0.125,37,bin_chi2_M120,0.022013333333333336,6000
0.125,38,KDE_chi2,0.017701938288122828,6000
0.125,38,well_TV,0.010499999999999954,6000
0.125,38,CDF_sup,0.01208333333333332,6000
0.125,38,W1,0.02031141171664181,6000
0.125,38,bin_chi2_M40,0.006759999999999999,6000
0.125,38,bin_chi2_M80,0.009057777777777776,6000
0.125,38,bin_chi2_M120,0.021493333333333337,6000
0.125,39,KDE_chi2,0.01608394787530703,6000
0.125,39,well_TV,0.0024999999999999467,6000
0.125,39,CDF_sup,0.007499999999999967,6000
0.125,39,W1,0.006352687924092527,6000
0.125,39,bin_chi2_M40,0.00649111111111111,6000
0.125,39,bin_chi2_M80,0.015986666666666666,6000
0.125,39,bin_chi2_M120,0.017786666666666666,6000
0.125,40,KDE_chi2,0.01597451567226771,6000
0.125,40,well_TV,0.013999999999999957,6000
0.125,40,CDF_sup,0.01583333333333335,6000
0.125,40,W1,0.027461804604060787,6000
0.125,40,bin_chi2_M40,0.006648888888888888,6000
0.125,40,bin_chi2_M80,0.009911111111111112,6000
0.125,40,bin_chi2_M120,0.01956666666666667,6000
0.125,41,KDE_chi2,0.015988151466971454,6000
0.125,41,well_TV,0.009000000000000008,6000
0.125,41,CDF_sup,0.009083333333333315,6000
0.125,41,W1,0.014054477795848445,6000
0.125,41,bin_chi2_M40,0.005611111111111111,6000
0.125,41,bin_chi2_M80,0.013257777777777778,6000
0.125,41,bin_chi2_M120,0.01701333333333333,6000
0.125,42,KDE_chi2,0.01940709366852643,6000
0.125,42,well_TV,0.009666666666666712,6000
0.125,42,CDF_sup,0.015000000000000017,6000
0.125,42,W1,0.0194337266039912,6000
0.125,42,bin_chi2_M40,0.006926666666666668,6000
0.125,42,bin_chi2_M80,0.013115555555555557,6000
0.125,42,bin_chi2_M120,0.018953333333333336,6000
0.125,43,KDE_chi2,0.01597646601333919,6000
0.125,43,well_TV,0.0023333333333332984,6000
0.125,43,CDF_sup,0.01283333333333337,6000
0.125,43,W1,0.008065942666756233,6000
0.125,43,bin_chi2_M40,0.009086666666666667,6000
0.125,43,bin_chi2_M80,0.012493333333333332,6000
0.125,43,bin_chi2_M120,0.01482,6000
0.125,44,KDE_chi2,0.018093928083645752,6000
0.125,44,well_TV,0.008000000000000007,6000
0.125,44,CDF_sup,0.01187500000000002,6000
0.125,44,W1,0.01834266958252765,6000
0.125,44,bin_chi2_M40,0.00742222222222222,6000
0.125,44,bin_chi2_M80,0.010506666666666668,6000
0.125,44,bin_chi2_M120,0.019039999999999998,6000
0.125,45,KDE_chi2,0.021594648443793416,6000
0.125,45,well_TV,0.0043333333333333,6000
0.125,45,CDF_sup,0.011708333333333295,6000
0.125,45,W1,0.013717126860982143,6000
0.125,45,bin_chi2_M40,0.006513333333333333,6000
0.125,45,bin_chi2_M80,0.010617777777777778,6000
0.125,45,bin_chi2_M120,0.01839333333333333,6000
0.125,46,KDE_chi2,0.018195010873638055,6000
0.125,46,well_TV,0.0011666666666666492,6000
0.125,46,CDF_sup,0.006875000000000011,6000
0.125,46,W1,0.005945602707553553,6000
0.125,46,bin_chi2_M40,0.006928888888888889,6000
0.125,46,bin_chi2_M80,0.014915555555555553,6000
0.125,46,bin_chi2_M120,0.014493333333333332,6000
0.125,47,KDE_chi2,0.016421077016335307,6000
0.125,47,well_TV,0.011833333333333362,6000
0.125,47,CDF_sup,0.013458333333333357,6000
0.125,47,W1,0.021427557286086772,6000
0.125,47,bin_chi2_M40,0.0064355555555555555,6000
0.125,47,bin_chi2_M80,0.010346666666666665,6000
0.125,47,bin_chi2_M120,0.01874,6000
0.125,48,KDE_chi2,0.019377672373448108,6000
0.125,48,well_TV,0.00216666666666665,6000
0.125,48,CDF_sup,0.009208333333333305,6000
0.125,48,W1,0.006859287600374074,6000
0.125,48,bin_chi2_M40,0.008246666666666668,6000
0.125,48,bin_chi2_M80,0.017697777777777778,6000
0.125,48,bin_chi2_M120,0.022573333333333334,6000
0.125,49,KDE_chi2,0.014994797245163297,6000
0.125,49,well_TV,0.006166666666666654,6000
0.125,49,CDF_sup,0.012958333333333362,6000
0.125,49,W1,0.014283185128320296,6000
0.125,49,bin_chi2_M40,0.004068888888888889,6000
0.125,49,bin_chi2_M80,0.01046222222222222,6000
0.125,49,bin_chi2_M120,0.019753333333333335,6000
0.125,50,KDE_chi2,0.015582669543096455,6000
0.125,50,well_TV,0.005166666666666653,6000
0.125,50,CDF_sup,0.00941666666666667,6000
0.125,50,W1,0.008897958151429,6000
0.125,50,bin_chi2_M40,0.007448888888888889,6000
0.125,50,bin_chi2_M80,0.011822222222222222,6000
0.125,50,bin_chi2_M120,0.01672,6000
0.125,51,KDE_chi2,0.014108253181922202,6000
0.125,51,well_TV,0.004166666666666652,6000
0.125,51,CDF_sup,0.010458333333333323,6000
0.125,51,W1,0.008672766402901808,6000
0.125,51,bin_chi2_M40,0.008115555555555555,6000
0.125,51,bin_chi2_M80,0.014359999999999998,6000
0.125,51,bin_chi2_M120,0.02382,6000
0.125,52,KDE_chi2,0.015510345555553693,6000
0.125,52,well_TV,0.005333333333333412,6000
0.125,52,CDF_sup,0.01183333333333332,6000
0.125,52,W1,0.014515172121265301,6000
0.125,52,bin_chi2_M40,0.006437777777777777,6000
0.125,52,bin_chi2_M80,0.016684444444444443,6000
0.125,52,bin_chi2_M120,0.017473333333333334,6000
0.125,53,KDE_chi2,0.014465523076821571,6000
0.125,53,well_TV,0.003166666666666651,6000
0.125,53,CDF_sup,0.011041666666666656,6000
0.125,53,W1,0.010324639699099015,6000
0.125,53,bin_chi2_M40,0.005691111111111112,6000
0.125,53,bin_chi2_M80,0.014595555555555558,6000
0.125,53,bin_chi2_M120,0.023253333333333334,6000
0.125,54,KDE_chi2,0.015377442247061146,6000
0.125,54,well_TV,0.0040000000000000036,6000
0.125,54,CDF_sup,0.0076249999999999625,6000
0.125,54,W1,0.006382870781487287,6000
0.125,54,bin_chi2_M40,0.006713333333333331,6000
0.125,54,bin_chi2_M80,0.013253333333333332,6000
0.125,54,bin_chi2_M120,0.01951333333333333,6000
0.125,55,KDE_chi2,0.015665857971514534,6000
0.125,55,well_TV,0.0008333333333333526,6000
0.125,55,CDF_sup,0.009416666666666669,6000
0.125,55,W1,0.007029194420264798,6000
0.125,55,bin_chi2_M40,0.004753333333333332,6000
0.125,55,bin_chi2_M80,0.014968888888888884,6000
0.125,55,bin_chi2_M120,0.017946666666666666,6000
0.125,56,KDE_chi2,0.014316091318549119,6000
0.125,56,well_TV,0.004666666666666708,6000
0.125,56,CDF_sup,0.01295833333333336,6000
0.125,56,W1,0.013269482226152207,6000
0.125,56,bin_chi2_M40,0.004968888888888889,6000
0.125,56,bin_chi2_M80,0.016355555555555554,6000
0.125,56,bin_chi2_M120,0.01998,6000
0.125,57,KDE_chi2,0.018823948410401904,6000
0.125,57,well_TV,0.0008333333333333526,6000
0.125,57,CDF_sup,0.010208333333333298,6000
0.125,57,W1,0.008901407271080002,6000
0.125,57,bin_chi2_M40,0.009453333333333331,6000
0.125,57,bin_chi2_M80,0.013253333333333332,6000
0.125,57,bin_chi2_M120,0.01643333333333333,6000
0.125,58,KDE_chi2,0.018138808605941407,6000
0.125,58,well_TV,0.0020000000000000018,6000
0.125,58,CDF_sup,0.00625000000000004,6000
0.125,58,W1,0.0058019131141620085,6000
0.125,58,bin_chi2_M40,0.008093333333333333,6000
0.125,58,bin_chi2_M80,0.009902222222222222,6000
0.125,58,bin_chi2_M120,0.018433333333333336,6000
0.125,59,KDE_chi2,0.01755749108827659,6000
0.125,59,well_TV,0.003999999999999948,6000
0.125,59,CDF_sup,0.010541666666666687,6000
0.125,59,W1,0.01035797023828103,6000
0.125,59,bin_chi2_M40,0.009351111111111109,6000
0.125,59,bin_chi2_M80,0.013026666666666666,6000
0.125,59,bin_chi2_M120,0.019846666666666665,6000
0.125,60,KDE_chi2,0.01899068550493882,6000
0.125,60,well_TV,0.0006666666666665932,6000
0.125,60,CDF_sup,0.008166666666666638,6000
0.125,60,W1,0.008781450374325919,6000
0.125,60,bin_chi2_M40,0.003366666666666667,6000
0.125,60,bin_chi2_M80,0.015217777777777778,6000
0.125,60,bin_chi2_M120,0.013586666666666665,6000
0.125,61,KDE_chi2,0.016678249903272255,6000
0.125,61,well_TV,0.006166666666666654,6000
0.125,61,CDF_sup,0.013374999999999967,6000
0.125,61,W1,0.016384962100742778,6000
0.125,61,bin_chi2_M40,0.004395555555555557,6000
0.125,61,bin_chi2_M80,0.014311111111111111,6000
0.125,61,bin_chi2_M120,0.023419999999999996,6000
0.125,62,KDE_chi2,0.018531521341641898,6000
0.125,62,well_TV,0.0016666666666667052,6000
0.125,62,CDF_sup,0.011791666666666693,6000
0.125,62,W1,0.008940964497053509,6000
0.125,62,bin_chi2_M40,0.0037933333333333326,6000
0.125,62,bin_chi2_M80,0.011617777777777779,6000
0.125,62,bin_chi2_M120,0.01978,6000
0.125,63,KDE_chi2,0.014678824923262555,6000
0.125,63,well_TV,0.009166666666666656,6000
0.125,63,CDF_sup,0.013083333333333369,6000
0.125,63,W1,0.016426498161256166,6000
0.125,63,bin_chi2_M40,0.004957777777777778,6000
0.125,63,bin_chi2_M80,0.011684444444444445,6000
0.125,63,bin_chi2_M120,0.0203,6000
0.11,0,KDE_chi2,0.020308445368625798,6000
0.11,0,well_TV,0.010166666666666602,6000
0.11,0,CDF_sup,0.01108333333333335,6000
0.11,0,W1,0.016555723581079092,6000
0.11,0,bin_chi2_M40,0.007811111111111111,6000
0.11,0,bin_chi2_M80,0.013928888888888886,6000
0.11,0,bin_chi2_M120,0.02072,6000
0.11,1,KDE_chi2,0.018615365693804717,6000
0.11,1,well_TV,0.0045000000000000595,6000
0.11,1,CDF_sup,0.008999999999999984,6000
0.11,1,W1,0.010416842131892541,6000
0.11,1,bin_chi2_M40,0.003677777777777778,6000
0.11,1,bin_chi2_M80,0.016035555555555556,6000
0.11,1,bin_chi2_M120,0.020999999999999998,6000
0.11,2,KDE_chi2,0.01672904074293654,6000
0.11,2,well_TV,0.002666666666666706,6000
0.11,2,CDF_sup,0.011208333333333318,6000
0.11,2,W1,0.008132701466975981,6000
0.11,2,bin_chi2_M40,0.0074977777777777786,6000
0.11,2,bin_chi2_M80,0.015182222222222222,6000
0.11,2,bin_chi2_M120,0.01841333333333333,6000
0.11,3,KDE_chi2,0.01958576179244986,6000
0.11,3,well_TV,0.0038333333333334108,6000
0.11,3,CDF_sup,0.007375000000000001,6000
0.11,3,W1,0.00778561531610346,6000
0.11,3,bin_chi2_M40,0.005544444444444444,6000
0.11,3,bin_chi2_M80,0.011808888888888886,6000
0.11,3,bin_chi2_M120,0.0189,6000
0.11,4,KDE_chi2,0.018651027156026005,6000
0.11,4,well_TV,0.0076666666666667105,6000
0.11,4,CDF_sup,0.008291666666666643,6000
0.11,4,W1,0.012141240568985167,6000
0.11,4,bin_chi2_M40,0.00801777777777778,6000
0.11,4,bin_chi2_M80,0.014613333333333332,6000
0.11,4,bin_chi2_M120,0.021826666666666668,6000
0.11,5,KDE_chi2,0.023641506271796973,6000
0.11,5,well_TV,0.012166666666666659,6000
0.11,5,CDF_sup,0.01216666666666665,6000
0.11,5,W1,0.019327835339137144,6000
0.11,5,bin_chi2_M40,0.00665777777777778,6000
0.11,5,bin_chi2_M80,0.016604444444444443,6000
0.11,5,bin_chi2_M120,0.017346666666666666,6000
0.11,6,KDE_chi2,0.023742182940266324,6000
0.11,6,well_TV,0.0076666666666667105,6000
0.11,6,CDF_sup,0.017791666666666626,6000
0.11,6,W1,0.01735084381617069,6000
0.11,6,bin_chi2_M40,0.005393333333333335,6000
0.11,6,bin_chi2_M80,0.011697777777777776,6000
0.11,6,bin_chi2_M120,0.013946666666666668,6000
0.11,7,KDE_chi2,0.02064924113595897,6000
0.11,7,well_TV,0.0030000000000000027,6000
0.11,7,CDF_sup,0.007208333333333355,6000
0.11,7,W1,0.0076217015217886755,6000
0.11,7,bin_chi2_M40,0.006373333333333335,6000
0.11,7,bin_chi2_M80,0.011377777777777778,6000
0.11,7,bin_chi2_M120,0.014913333333333334,6000
0.11,8,KDE_chi2,0.02081659180397473,6000
0.11,8,well_TV,0.0033333333333334103,6000
0.11,8,CDF_sup,0.006458333333333301,6000
0.11,8,W1,0.0068067170821320645,6000
0.11,8,bin_chi2_M40,0.010400000000000001,6000
0.11,8,bin_chi2_M80,0.012844444444444443,6000
0.11,8,bin_chi2_M120,0.017240000000000002,6000
0.11,9,KDE_chi2,0.019011837072886516,6000
0.11,9,well_TV,0.010499999999999954,6000
0.11,9,CDF_sup,0.012541666666666649,6000
0.11,9,W1,0.020115517968146104,6000
0.11,9,bin_chi2_M40,0.00678222222222222,6000
0.11,9,bin_chi2_M80,0.01303111111111111,6000
0.11,9,bin_chi2_M120,0.02213333333333333,6000
0.11,10,KDE_chi2,0.016593213299297783,6000
0.11,10,well_TV,0.0034999999999999476,6000
0.11,10,CDF_sup,0.007875000000000023,6000
0.11,10,W1,0.008891222383483726,6000
0.11,10,bin_chi2_M40,0.00806888888888889,6000
0.11,10,bin_chi2_M80,0.01258666666666667,6000
0.11,10,bin_chi2_M120,0.01922666666666667,6000
0.11,11,KDE_chi2,0.022682946623190696,6000
0.11,11,well_TV,0.010166666666666657,6000
0.11,11,CDF_sup,0.010791666666666644,6000
0.11,11,W1,0.015015663375525224,6000
0.11,11,bin_chi2_M40,0.005604444444444446,6000
0.11,11,bin_chi2_M80,0.01076888888888889,6000
0.11,11,bin_chi2_M120,0.0161,6000
0.11,12,KDE_chi2,0.022868126655393294,6000
0.11,12,well_TV,0.003333333333333355,6000
0.11,12,CDF_sup,0.00629166666666664,6000
0.11,12,W1,0.005467531460571103,6000
0.11,12,bin_chi2_M40,0.008164444444444441,6000
0.11,12,bin_chi2_M80,0.01633333333333333,6000
0.11,12,bin_chi2_M120,0.019160000000000003,6000
0.11,13,KDE_chi2,0.023729923243228673,6000
0.11,13,well_TV,0.009166666666666712,6000
0.11,13,CDF_sup,0.011708333333333348,6000
0.11,13,W1,0.016722902703481122,6000
0.11,13,bin_chi2_M40,0.00550888888888889,6000
0.11,13,bin_chi2_M80,0.008657777777777778,6000
0.11,13,bin_chi2_M120,0.0148,6000
0.11,14,KDE_chi2,0.02007965521794188,6000
0.11,14,well_TV,0.0011666666666666492,6000
0.11,14,CDF_sup,0.008416666666666708,6000
0.11,14,W1,0.005612210638982779,6000
0.11,14,bin_chi2_M40,0.00697111111111111,6000
0.11,14,bin_chi2_M80,0.01191111111111111,6000
0.11,14,bin_chi2_M120,0.022459999999999997,6000
0.11,15,KDE_chi2,0.024486833414024054,6000
0.11,15,well_TV,0.0006666666666666488,6000
0.11,15,CDF_sup,0.008749999999999963,6000
0.11,15,W1,0.0060110665996169505,6000
0.11,15,bin_chi2_M40,0.009891111111111111,6000
0.11,15,bin_chi2_M80,0.01595111111111111,6000
0.11,15,bin_chi2_M120,0.018619999999999998,6000
0.11,16,KDE_chi2,0.022668103737292764,6000
0.11,16,well_TV,0.0001666666666666483,6000
0.11,16,CDF_sup,0.009250000000000005,6000
0.11,16,W1,0.007850248190148203,6000
0.11,16,bin_chi2_M40,0.0057777777777777775,6000
0.11,16,bin_chi2_M80,0.01255111111111111,6000
0.11,16,bin_chi2_M120,0.021040000000000003,6000
0.11,17,KDE_chi2,0.022894111745196184,6000
0.11,17,well_TV,0.007000000000000006,6000
0.11,17,CDF_sup,0.012875000000000011,6000
0.11,17,W1,0.019946325551838298,6000
0.11,17,bin_chi2_M40,0.006746666666666665,6000
0.11,17,bin_chi2_M80,0.0184,6000
0.11,17,bin_chi2_M120,0.015213333333333336,6000
0.11,18,KDE_chi2,0.020935571979782026,6000
0.11,18,well_TV,0.0008333333333333526,6000
0.11,18,CDF_sup,0.006333333333333293,6000
0.11,18,W1,0.007979671539749031,6000
0.11,18,bin_chi2_M40,0.005804444444444444,6000
0.11,18,bin_chi2_M80,0.012071111111111112,6000
0.11,18,bin_chi2_M120,0.01638,6000
0.11,19,KDE_chi2,0.019384505496525373,6000
0.11,19,well_TV,0.0008333333333333526,6000
0.11,19,CDF_sup,0.008958333333333313,6000
0.11,19,W1,0.007867456977637898,6000
0.11,19,bin_chi2_M40,0.010379999999999999,6000
0.11,19,bin_chi2_M80,0.008697777777777778,6000
0.11,19,bin_chi2_M120,0.021419999999999998,6000
0.11,20,KDE_chi2,0.021618461628058146,6000
0.11,20,well_TV,0.0018333333333333535,6000
0.11,20,CDF_sup,0.009458333333333341,6000
0.11,20,W1,0.00776074331343139,6000
0.11,20,bin_chi2_M40,0.0063422222222222204,6000
0.11,20,bin_chi2_M80,0.014826666666666669,6000
0.11,20,bin_chi2_M120,0.021546666666666665,6000
0.11,21,KDE_chi2,0.02321402055300303,6000
0.11,21,well_TV,0.0006666666666665932,6000
0.11,21,CDF_sup,0.0122083333333333,6000
0.11,21,W1,0.008625118320037671,6000
0.11,21,bin_chi2_M40,0.006375555555555556,6000
0.11,21,bin_chi2_M80,0.010239999999999999,6000
0.11,21,bin_chi2_M120,0.021120000000000003,6000
0.11,22,KDE_chi2,0.02133907285739311,6000
0.11,22,well_TV,0.009333333333333416,6000
0.11,22,CDF_sup,0.011708333333333366,6000
0.11,22,W1,0.016673244050451095,6000
0.11,22,bin_chi2_M40,0.00786,6000
0.11,22,bin_chi2_M80,0.013924444444444444,6000
0.11,22,bin_chi2_M120,0.021553333333333334,6000
0.11,23,KDE_chi2,0.02283419917946754,6000
0.11,23,well_TV,0.0008333333333332416,6000
0.11,23,CDF_sup,0.009750000000000014,6000
0.11,23,W1,0.006154023799310569,6000
0.11,23,bin_chi2_M40,0.008833333333333334,6000
0.11,23,bin_chi2_M80,0.012186666666666665,6000
0.11,23,bin_chi2_M120,0.018926666666666668,6000
0.11,24,KDE_chi2,0.017538221611126004,6000
0.11,24,well_TV,0.003666666666666707,6000
0.11,24,CDF_sup,0.010791666666666692,6000
0.11,24,W1,0.009821150516386334,6000
0.11,24,bin_chi2_M40,0.00524,6000
0.11,24,bin_chi2_M80,0.013737777777777776,6000
0.11,24,bin_chi2_M120,0.016213333333333333,6000
0.11,25,KDE_chi2,0.025688476779432257,6000
0.11,25,well_TV,0.004166666666666707,6000
0.11,25,CDF_sup,0.012708333333333346,6000
0.11,25,W1,0.009884764150111629,6000
0.11,25,bin_chi2_M40,0.005422222222222222,6000
0.11,25,bin_chi2_M80,0.014373333333333332,6000
0.11,25,bin_chi2_M120,0.016546666666666668,6000
0.11,26,KDE_chi2,0.022062498184709296,6000
0.11,26,well_TV,0.0044999999999999485,6000
0.11,26,CDF_sup,0.008333333333333309,6000
0.11,26,W1,0.010189856515086821,6000
0.11,26,bin_chi2_M40,0.00815777777777778,6000
0.11,26,bin_chi2_M80,0.011986666666666666,6000
0.11,26,bin_chi2_M120,0.02470666666666667,6000
0.11,27,KDE_chi2,0.019303791238966514,6000
0.11,27,well_TV,0.0044999999999999485,6000
0.11,27,CDF_sup,0.007208333333333294,6000
0.11,27,W1,0.007372387894928876,6000
0.11,27,bin_chi2_M40,0.00754888888888889,6000
0.11,27,bin_chi2_M80,0.010875555555555557,6000
0.11,27,bin_chi2_M120,0.02521333333333333,6000
0.11,28,KDE_chi2,0.018104619181419524,6000
0.11,28,well_TV,0.0050000000000000044,6000
0.11,28,CDF_sup,0.010624999999999975,6000
0.11,28,W1,0.011359480759053353,6000
0.11,28,bin_chi2_M40,0.005733333333333333,6000
0.11,28,bin_chi2_M80,0.014088888888888889,6000
0.11,28,bin_chi2_M120,0.016533333333333334,6000
0.11,29,KDE_chi2,0.020320602748937253,6000
0.11,29,well_TV,0.012499999999999956,6000
0.11,29,CDF_sup,0.016749999999999984,6000
0.11,29,W1,0.025816631913564828,6000
0.11,29,bin_chi2_M40,0.0053599999999999984,6000
0.11,29,bin_chi2_M80,0.009577777777777779,6000
0.11,29,bin_chi2_M120,0.02306,6000
0.11,30,KDE_chi2,0.020438901112735663,6000
0.11,30,well_TV,0.007499999999999951,6000
0.11,30,CDF_sup,0.0075416666666666896,6000
0.11,30,W1,0.009177895530143908,6000
0.11,30,bin_chi2_M40,0.006075555555555556,6000
0.11,30,bin_chi2_M80,0.015035555555555554,6000
0.11,30,bin_chi2_M120,0.025746666666666668,6000
0.11,31,KDE_chi2,0.02074138821273224,6000
0.11,31,well_TV,0.009000000000000008,6000
0.11,31,CDF_sup,0.011999999999999983,6000
0.11,31,W1,0.018081956886894332,6000
0.11,31,bin_chi2_M40,0.007220000000000001,6000
0.11,31,bin_chi2_M80,0.011084444444444445,6000
0.11,31,bin_chi2_M120,0.018840000000000003,6000
0.11,32,KDE_chi2,0.01816519147722522,6000
0.11,32,well_TV,0.0,6000
0.11,32,CDF_sup,0.008374999999999954,6000
0.11,32,W1,0.003938041144698485,6000
0.11,32,bin_chi2_M40,0.006346666666666665,6000
0.11,32,bin_chi2_M80,0.01179111111111111,6000
0.11,32,bin_chi2_M120,0.018099999999999998,6000
0.11,33,KDE_chi2,0.021960968680834133,6000
0.11,33,well_TV,0.003666666666666707,6000
0.11,33,CDF_sup,0.010791666666666633,6000
0.11,33,W1,0.011880223314437763,6000
0.11,33,bin_chi2_M40,0.004835555555555555,6000
0.11,33,bin_chi2_M80,0.014564444444444442,6000
0.11,33,bin_chi2_M120,0.01796666666666667,6000
0.11,34,KDE_chi2,0.021030495506452283,6000
0.11,34,well_TV,0.0021666666666667056,6000
0.11,34,CDF_sup,0.009375000000000031,6000
0.11,34,W1,0.008970674654513285,6000
0.11,34,bin_chi2_M40,0.006753333333333333,6000
0.11,34,bin_chi2_M80,0.01281333333333333,6000
0.11,34,bin_chi2_M120,0.018033333333333335,6000
0.11,35,KDE_chi2,0.02032916454591315,6000
0.11,35,well_TV,0.006833333333333358,6000
0.11,35,CDF_sup,0.007916666666666686,6000
0.11,35,W1,0.010096211220600296,6000
0.11,35,bin_chi2_M40,0.005202222222222222,6000
0.11,35,bin_chi2_M80,0.014031111111111112,6000
0.11,35,bin_chi2_M120,0.02125333333333333,6000
0.11,36,KDE_chi2,0.020948639041219186,6000
0.11,36,well_TV,0.00216666666666665,6000
0.11,36,CDF_sup,0.012416666666666704,6000
0.11,36,W1,0.008849081259260974,6000
0.11,36,bin_chi2_M40,0.005728888888888889,6000
0.11,36,bin_chi2_M80,0.01105777777777778,6000
0.11,36,bin_chi2_M120,0.026,6000
0.11,37,KDE_chi2,0.028170952509621892,6000
0.11,37,well_TV,0.015499999999999958,6000
0.11,37,CDF_sup,0.019166666666666686,6000
0.11,37,W1,0.02538561538798937,6000
0.11,37,bin_chi2_M40,0.007944444444444445,6000
0.11,37,bin_chi2_M80,0.013497777777777779,6000
0.11,37,bin_chi2_M120,0.02240666666666667,6000
0.11,38,KDE_chi2,0.017808560993636056,6000
0.11,38,well_TV,0.0025000000000000577,6000
0.11,38,CDF_sup,0.009833333333333309,6000
0.11,38,W1,0.008756817963834686,6000
0.11,38,bin_chi2_M40,0.005335555555555554,6000
0.11,38,bin_chi2_M80,0.011244444444444446,6000
0.11,38,bin_chi2_M120,0.023193333333333333,6000
0.11,39,KDE_chi2,0.022647046789566215,6000
0.11,39,well_TV,0.00216666666666665,6000
0.11,39,CDF_sup,0.012874999999999966,6000
0.11,39,W1,0.012317804420479837,6000
0.11,39,bin_chi2_M40,0.006015555555555555,6000
0.11,39,bin_chi2_M80,0.01176888888888889,6000
0.11,39,bin_chi2_M120,0.018340000000000002,6000
0.11,40,KDE_chi2,0.0195994817325678,6000
0.11,40,well_TV,0.0024999999999999467,6000
0.11,40,CDF_sup,0.006916666666666698,6000
0.11,40,W1,0.0066843472495570445,6000
0.11,40,bin_chi2_M40,0.007144444444444445,6000
0.11,40,bin_chi2_M80,0.015071111111111108,6000
0.11,40,bin_chi2_M120,0.017460000000000003,6000
0.11,41,KDE_chi2,0.02560412797299874,6000
0.11,41,well_TV,0.005833333333333357,6000
0.11,41,CDF_sup,0.009500000000000008,6000
0.11,41,W1,0.01069818893430876,6000
0.11,41,bin_chi2_M40,0.005248888888888888,6000
0.11,41,bin_chi2_M80,0.01490222222222222,6000
0.11,41,bin_chi2_M120,0.02639333333333333,6000
0.11,42,KDE_chi2,0.023916485132073024,6000
0.11,42,well_TV,0.005499999999999949,6000
0.11,42,CDF_sup,0.013916666666666636,6000
0.11,42,W1,0.015600473071463027,6000
0.11,42,bin_chi2_M40,0.006757777777777777,6000
0.11,42,bin_chi2_M80,0.016906666666666667,6000
0.11,42,bin_chi2_M120,0.02264,6000
0.11,43,KDE_chi2,0.02088411138494379,6000
0.11,43,well_TV,0.005833333333333357,6000
0.11,43,CDF_sup,0.00800000000000002,6000
0.11,43,W1,0.008715514519776969,6000
0.11,43,bin_chi2_M40,0.011813333333333332,6000
0.11,43,bin_chi2_M80,0.012168888888888889,6000
0.11,43,bin_chi2_M120,0.02398,6000
0.11,44,KDE_chi2,0.023976695566818113,6000
0.11,44,well_TV,0.012499999999999956,6000
0.11,44,CDF_sup,0.015500000000000017,6000
0.11,44,W1,0.017547771199684512,6000
0.11,44,bin_chi2_M40,0.004906666666666667,6000
0.11,44,bin_chi2_M80,0.012924444444444443,6000
0.11,44,bin_chi2_M120,0.02094666666666667,6000
0.11,45,KDE_chi2,0.01954973309236211,6000
0.11,45,well_TV,0.0025000000000000577,6000
0.11,45,CDF_sup,0.010791666666666672,6000
0.11,45,W1,0.00887004217460286,6000
0.11,45,bin_chi2_M40,0.005337777777777778,6000
0.11,45,bin_chi2_M80,0.015511111111111113,6000
0.11,45,bin_chi2_M120,0.016853333333333335,6000
0.11,46,KDE_chi2,0.02429760696725961,6000
0.11,46,well_TV,0.0004999999999999449,6000
0.11,46,CDF_sup,0.008791666666666673,6000
0.11,46,W1,0.005468385130856949,6000
0.11,46,bin_chi2_M40,0.008239999999999999,6000
0.11,46,bin_chi2_M80,0.013648888888888887,6000
0.11,46,bin_chi2_M120,0.022019999999999998,6000
0.11,47,KDE_chi2,0.02194683510757527,6000
0.11,47,well_TV,0.005666666666666709,6000
0.11,47,CDF_sup,0.008208333333333307,6000
0.11,47,W1,0.009638468979209024,6000
0.11,47,bin_chi2_M40,0.007684444444444445,6000
0.11,47,bin_chi2_M80,0.012475555555555556,6000
0.11,47,bin_chi2_M120,0.019126666666666663,6000
0.11,48,KDE_chi2,0.021174211023615996,6000
0.11,48,well_TV,0.0040000000000000036,6000
0.11,48,CDF_sup,0.013249999999999986,6000
0.11,48,W1,0.009768092263040385,6000
0.11,48,bin_chi2_M40,0.006873333333333332,6000
0.11,48,bin_chi2_M80,0.011377777777777778,6000
0.11,48,bin_chi2_M120,0.0177,6000
0.11,49,KDE_chi2,0.017648589047737317,6000
0.11,49,well_TV,0.002833333333333299,6000
0.11,49,CDF_sup,0.007916666666666693,6000
0.11,49,W1,0.008197704007958271,6000
0.11,49,bin_chi2_M40,0.006446666666666668,6000
0.11,49,bin_chi2_M80,0.014475555555555554,6000
0.11,49,bin_chi2_M120,0.022113333333333332,6000
0.11,50,KDE_chi2,0.019881764274963368,6000
0.11,50,well_TV,0.0024999999999999467,6000
0.11,50,CDF_sup,0.008000000000000028,6000
0.11,50,W1,0.007350555503932193,6000
0.11,50,bin_chi2_M40,0.008202222222222222,6000
0.11,50,bin_chi2_M80,0.013164444444444446,6000
0.11,50,bin_chi2_M120,0.018446666666666667,6000
0.11,51,KDE_chi2,0.019627435884149946,6000
0.11,51,well_TV,0.0034999999999999476,6000
0.11,51,CDF_sup,0.007624999999999981,6000
0.11,51,W1,0.008190675628730479,6000
0.11,51,bin_chi2_M40,0.005504444444444444,6000
0.11,51,bin_chi2_M80,0.010417777777777778,6000
0.11,51,bin_chi2_M120,0.018479999999999996,6000
0.11,52,KDE_chi2,0.022382878567306874,6000
0.11,52,well_TV,0.005166666666666653,6000
0.11,52,CDF_sup,0.008791666666666687,6000
0.11,52,W1,0.011580863916211232,6000
0.11,52,bin_chi2_M40,0.00758,6000
0.11,52,bin_chi2_M80,0.010608888888888888,6000
0.11,52,bin_chi2_M120,0.016033333333333337,6000
0.11,53,KDE_chi2,0.01807975415292656,6000
0.11,53,well_TV,0.0045000000000000595,6000
0.11,53,CDF_sup,0.011541666666666646,6000
0.11,53,W1,0.012118564811891958,6000
0.11,53,bin_chi2_M40,0.0076977777777777765,6000
0.11,53,bin_chi2_M80,0.016888888888888887,6000
0.11,53,bin_chi2_M120,0.022006666666666667,6000
0.11,54,KDE_chi2,0.02162280245432533,6000
0.11,54,well_TV,0.00649999999999995,6000
0.11,54,CDF_sup,0.008416666666666675,6000
0.11,54,W1,0.009897744111224502,6000
0.11,54,bin_chi2_M40,0.007217777777777776,6000
0.11,54,bin_chi2_M80,0.011542222222222225,6000
0.11,54,bin_chi2_M120,0.023886666666666667,6000
0.11,55,KDE_chi2,0.02248128602487223,6000
0.11,55,well_TV,0.0004999999999999449,6000
0.11,55,CDF_sup,0.0077083333333333535,6000
0.11,55,W1,0.004668040784426919,6000
0.11,55,bin_chi2_M40,0.008515555555555556,6000
0.11,55,bin_chi2_M80,0.015111111111111115,6000
0.11,55,bin_chi2_M120,0.021673333333333333,6000
0.11,56,KDE_chi2,0.02308506767860783,6000
0.11,56,well_TV,0.0020000000000000018,6000
0.11,56,CDF_sup,0.00983333333333334,6000
0.11,56,W1,0.008421666082570431,6000
0.11,56,bin_chi2_M40,0.008584444444444443,6000
0.11,56,bin_chi2_M80,0.011897777777777776,6000
0.11,56,bin_chi2_M120,0.02232666666666667,6000
0.11,57,KDE_chi2,0.02382954387503866,6000
0.11,57,well_TV,0.003666666666666596,6000
0.11,57,CDF_sup,0.008875000000000015,6000
0.11,57,W1,0.00582446783026983,6000
0.11,57,bin_chi2_M40,0.008526666666666669,6000
0.11,57,bin_chi2_M80,0.01726222222222222,6000
0.11,57,bin_chi2_M120,0.021246666666666667,6000
0.11,58,KDE_chi2,0.0219223538591928,6000
0.11,58,well_TV,0.0011666666666666492,6000
0.11,58,CDF_sup,0.009708333333333305,6000
0.11,58,W1,0.0068413983724188296,6000
0.11,58,bin_chi2_M40,0.005664444444444444,6000
0.11,58,bin_chi2_M80,0.010271111111111111,6000
0.11,58,bin_chi2_M120,0.016613333333333334,6000
0.11,59,KDE_chi2,0.022069158502202514,6000
0.11,59,well_TV,0.008666666666666711,6000
0.11,59,CDF_sup,0.014125000000000021,6000
0.11,59,W1,0.019181120939438773,6000
0.11,59,bin_chi2_M40,0.006019999999999999,6000
0.11,59,bin_chi2_M80,0.01219111111111111,6000
0.11,59,bin_chi2_M120,0.018853333333333333,6000
0.11,60,KDE_chi2,0.020983710488401627,6000
0.11,60,well_TV,0.00033333333333340764,6000
0.11,60,CDF_sup,0.011333333333333327,6000
0.11,60,W1,0.007992221760914214,6000
0.11,60,bin_chi2_M40,0.0067733333333333335,6000
0.11,60,bin_chi2_M80,0.011306666666666665,6000
0.11,60,bin_chi2_M120,0.02265333333333333,6000
0.11,61,KDE_chi2,0.021315201321124758,6000
0.11,61,well_TV,0.009500000000000008,6000
0.11,61,CDF_sup,0.013666666666666686,6000
0.11,61,W1,0.019322288267923288,6000
0.11,61,bin_chi2_M40,0.007895555555555553,6000
0.11,61,bin_chi2_M80,0.011217777777777776,6000
0.11,61,bin_chi2_M120,0.01923333333333333,6000
0.11,62,KDE_chi2,0.024855486081723284,6000
0.11,62,well_TV,0.007333333333333303,6000
0.11,62,CDF_sup,0.010333333333333342,6000
0.11,62,W1,0.013778691073201337,6000
0.11,62,bin_chi2_M40,0.004533333333333334,6000
0.11,62,bin_chi2_M80,0.014564444444444442,6000
0.11,62,bin_chi2_M120,0.020586666666666663,6000
0.11,63,KDE_chi2,0.02465280616466565,6000
0.11,63,well_TV,0.0013333333333334085,6000
0.11,63,CDF_sup,0.011041666666666675,6000
0.11,63,W1,0.007361336648861335,6000
0.11,63,bin_chi2_M40,0.005444444444444444,6000
0.11,63,bin_chi2_M80,0.012284444444444443,6000
0.11,63,bin_chi2_M120,0.01779333333333333,6000
0.1,0,KDE_chi2,0.032146219712498134,6000
0.1,0,well_TV,0.011666666666666714,6000
0.1,0,CDF_sup,0.01374999999999997,6000
0.1,0,W1,0.017919539720496737,6000
0.1,0,bin_chi2_M40,0.008948888888888888,6000
0.1,0,bin_chi2_M80,0.009919999999999998,6000
0.1,0,bin_chi2_M120,0.021573333333333333,6000
0.1,1,KDE_chi2,0.02598814145298209,6000
0.1,1,well_TV,0.0028333333333333544,6000
0.1,1,CDF_sup,0.011916666666666702,6000
0.1,1,W1,0.007819589372298572,6000
0.1,1,bin_chi2_M40,0.00561111111111111,6000
0.1,1,bin_chi2_M80,0.010653333333333332,6000
0.1,1,bin_chi2_M120,0.019513333333333334,6000
0.1,2,KDE_chi2,0.02705964892182933,6000
0.1,2,well_TV,0.0,6000
0.1,2,CDF_sup,0.010166666666666676,6000
0.1,2,W1,0.0071418296029600245,6000
0.1,2,bin_chi2_M40,0.006484444444444444,6000
0.1,2,bin_chi2_M80,0.014853333333333333,6000
0.1,2,bin_chi2_M120,0.020000000000000004,6000
0.1,3,KDE_chi2,0.026439297752150225,6000
0.1,3,well_TV,0.0008333333333333526,6000
0.1,3,CDF_sup,0.012833333333333372,6000
0.1,3,W1,0.006460812592659695,6000
0.1,3,bin_chi2_M40,0.007606666666666666,6000
0.1,3,bin_chi2_M80,0.011408888888888889,6000
0.1,3,bin_chi2_M120,0.020646666666666664,6000
0.1,4,KDE_chi2,0.026093735185491622,6000
0.1,4,well_TV,0.0,6000
0.1,4,CDF_sup,0.00612500000000004,6000
0.1,4,W1,0.004050604729534041,6000
0.1,4,bin_chi2_M40,0.008562222222222221,6000
0.1,4,bin_chi2_M80,0.012893333333333333,6000
0.1,4,bin_chi2_M120,0.01922,6000
0.1,5,KDE_chi2,0.027290501860697397,6000
0.1,5,well_TV,0.0028333333333333544,6000
0.1,5,CDF_sup,0.008250000000000021,6000
0.1,5,W1,0.005753956470868877,6000
0.1,5,bin_chi2_M40,0.004264444444444443,6000
0.1,5,bin_chi2_M80,0.010453333333333332,6000
0.1,5,bin_chi2_M120,0.024653333333333333,6000
0.1,6,KDE_chi2,0.023421220231835238,6000
0.1,6,well_TV,0.0010000000000000009,6000
0.1,6,CDF_sup,0.00816666666666666,6000
0.1,6,W1,0.005053683335183183,6000
0.1,6,bin_chi2_M40,0.007742222222222222,6000
0.1,6,bin_chi2_M80,0.013977777777777778,6000
0.1,6,bin_chi2_M120,0.018446666666666667,6000
0.1,7,KDE_chi2,0.025368033218514965,6000
0.1,7,well_TV,0.017000000000000015,6000
0.1,7,CDF_sup,0.019583333333333317,6000
0.1,7,W1,0.033529814004402414,6000
0.1,7,bin_chi2_M40,0.004497777777777778,6000
0.1,7,bin_chi2_M80,0.017902222222222222,6000
0.1,7,bin_chi2_M120,0.015566666666666668,6000
0.1,8,KDE_chi2,0.02400745922236374,6000
0.1,8,well_TV,0.008666666666666711,6000
0.1,8,CDF_sup,0.012500000000000028,6000
0.1,8,W1,0.017536888139030357,6000
0.1,8,bin_chi2_M40,0.00527111111111111,6000
0.1,8,bin_chi2_M80,0.008493333333333334,6000
0.1,8,bin_chi2_M120,0.01957333333333333,6000
0.1,9,KDE_chi2,0.02149912697488411,6000
0.1,9,well_TV,0.0010000000000000009,6000
0.1,9,CDF_sup,0.01120833333333337,6000
0.1,9,W1,0.005938446091330643,6000
0.1,9,bin_chi2_M40,0.008735555555555555,6000
0.1,9,bin_chi2_M80,0.014035555555555556,6000
0.1,9,bin_chi2_M120,0.023526666666666668,6000
0.1,10,KDE_chi2,0.027025046823141694,6000
0.1,10,well_TV,0.00216666666666665,6000
0.1,10,CDF_sup,0.00675000000000002,6000
0.1,10,W1,0.0072927542525074085,6000
0.1,10,bin_chi2_M40,0.007408888888888888,6000
0.1,10,bin_chi2_M80,0.011435555555555556,6000
0.1,10,bin_chi2_M120,0.019073333333333334,6000
0.1,11,KDE_chi2,0.025635132882117145,6000
0.1,11,well_TV,0.0016666666666667052,6000
0.1,11,CDF_sup,0.01037500000000001,6000
0.1,11,W1,0.007161629017232229,6000
0.1,11,bin_chi2_M40,0.00502,6000
0.1,11,bin_chi2_M80,0.011315555555555556,6000
0.1,11,bin_chi2_M120,0.019339999999999996,6000
0.1,12,KDE_chi2,0.02894357703458335,6000
0.1,12,well_TV,5.551115123125783e-17,6000
0.1,12,CDF_sup,0.007499999999999998,6000
0.1,12,W1,0.005868287734075018,6000
0.1,12,bin_chi2_M40,0.005602222222222222,6000
0.1,12,bin_chi2_M80,0.014519999999999998,6000
0.1,12,bin_chi2_M120,0.022586666666666665,6000
0.1,13,KDE_chi2,0.023501320084412053,6000
0.1,13,well_TV,0.0030000000000000027,6000
0.1,13,CDF_sup,0.007916666666666655,6000
0.1,13,W1,0.005470409517052064,6000
0.1,13,bin_chi2_M40,0.005464444444444444,6000
0.1,13,bin_chi2_M80,0.01243111111111111,6000
0.1,13,bin_chi2_M120,0.017740000000000002,6000
0.1,14,KDE_chi2,0.026372007644919163,6000
0.1,14,well_TV,0.006166666666666654,6000
0.1,14,CDF_sup,0.008958333333333336,6000
0.1,14,W1,0.007234681344485121,6000
0.1,14,bin_chi2_M40,0.005677777777777778,6000
0.1,14,bin_chi2_M80,0.014364444444444444,6000
0.1,14,bin_chi2_M120,0.017180000000000004,6000
0.1,15,KDE_chi2,0.02415579414175288,6000
0.1,15,well_TV,0.005833333333333357,6000
0.1,15,CDF_sup,0.015458333333333319,6000
0.1,15,W1,0.017030462080321412,6000
0.1,15,bin_chi2_M40,0.005611111111111112,6000
0.1,15,bin_chi2_M80,0.012288888888888886,6000
0.1,15,bin_chi2_M120,0.020566666666666664,6000
0.1,16,KDE_chi2,0.02709784897326748,6000
0.1,16,well_TV,0.0,6000
0.1,16,CDF_sup,0.0058750000000000165,6000
0.1,16,W1,0.004246924966422662,6000
0.1,16,bin_chi2_M40,0.007215555555555555,6000
0.1,16,bin_chi2_M80,0.016257777777777777,6000
0.1,16,bin_chi2_M120,0.02076,6000
0.1,17,KDE_chi2,0.02577519956987765,6000
0.1,17,well_TV,0.008833333333333249,6000
0.1,17,CDF_sup,0.014208333333333316,6000
0.1,17,W1,0.020065147671360486,6000
0.1,17,bin_chi2_M40,0.006740000000000001,6000
0.1,17,bin_chi2_M80,0.011257777777777776,6000
0.1,17,bin_chi2_M120,0.021713333333333334,6000
0.1,18,KDE_chi2,0.022928740646457495,6000
0.1,18,well_TV,0.003666666666666707,6000
0.1,18,CDF_sup,0.006458333333333323,6000
0.1,18,W1,0.008453977766430063,6000
0.1,18,bin_chi2_M40,0.0068066666666666675,6000
0.1,18,bin_chi2_M80,0.01296888888888889,6000
0.1,18,bin_chi2_M120,0.022706666666666667,6000
0.1,19,KDE_chi2,0.025131966069613022,6000
0.1,19,well_TV,0.011833333333333362,6000
0.1,19,CDF_sup,0.012749999999999977,6000
0.1,19,W1,0.019304267535778054,6000
0.1,19,bin_chi2_M40,0.004828888888888889,6000
0.1,19,bin_chi2_M80,0.012453333333333334,6000
0.1,19,bin_chi2_M120,0.016326666666666666,6000
0.1,20,KDE_chi2,0.022431252301287688,6000
0.1,20,well_TV,0.0006666666666667043,6000
0.1,20,CDF_sup,0.007875000000000021,6000
0.1,20,W1,0.006196965913194076,6000
0.1,20,bin_chi2_M40,0.007091111111111108,6000
0.1,20,bin_chi2_M80,0.010835555555555553,6000
0.1,20,bin_chi2_M120,0.022040000000000004,6000
0.1,21,KDE_chi2,0.02831230088030328,6000
0.1,21,well_TV,0.0008333333333332416,6000
0.1,21,CDF_sup,0.008916666666666708,6000
0.1,21,W1,0.007361414023636478,6000
0.1,21,bin_chi2_M40,0.005606666666666668,6000
0.1,21,bin_chi2_M80,0.011546666666666667,6000
0.1,21,bin_chi2_M120,0.020713333333333334,6000
0.1,22,KDE_chi2,0.02490480064968311,6000
0.1,22,well_TV,0.0028333333333332433,6000
0.1,22,CDF_sup,0.006791666666666632,6000
0.1,22,W1,0.007189465800542934,6000
0.1,22,bin_chi2_M40,0.011466666666666667,6000
0.1,22,bin_chi2_M80,0.013368888888888885,6000
0.1,22,bin_chi2_M120,0.021019999999999997,6000
0.1,23,KDE_chi2,0.026219419323446933,6000
0.1,23,well_TV,0.003666666666666707,6000
0.1,23,CDF_sup,0.006958333333333368,6000
0.1,23,W1,0.006417722573450385,6000
0.1,23,bin_chi2_M40,0.0055,6000
0.1,23,bin_chi2_M80,0.012662222222222224,6000
0.1,23,bin_chi2_M120,0.01836,6000
0.1,24,KDE_chi2,0.02614245240258843,6000
0.1,24,well_TV,0.006166666666666654,6000
0.1,24,CDF_sup,0.01087499999999998,6000
0.1,24,W1,0.013362117025541246,6000
0.1,24,bin_chi2_M40,0.007811111111111112,6000
0.1,24,bin_chi2_M80,0.013613333333333333,6000
0.1,24,bin_chi2_M120,0.01787333333333333,6000
0.1,25,KDE_chi2,0.020884582273392044,6000
0.1,25,well_TV,0.0015000000000000568,6000
0.1,25,CDF_sup,0.009833333333333312,6000
0.1,25,W1,0.005900548702161704,6000
0.1,25,bin_chi2_M40,0.007004444444444444,6000
0.1,25,bin_chi2_M80,0.015431111111111107,6000
0.1,25,bin_chi2_M120,0.02404666666666667,6000
0.1,26,KDE_chi2,0.025213647948859483,6000
0.1,26,well_TV,0.0038333333333333552,6000
0.1,26,CDF_sup,0.006458333333333378,6000
0.1,26,W1,0.006234481382678538,6000
0.1,26,bin_chi2_M40,0.004933333333333333,6000
0.1,26,bin_chi2_M80,0.015897777777777775,6000
0.1,26,bin_chi2_M120,0.02046,6000
0.1,27,KDE_chi2,0.026473157574148774,6000
0.1,27,well_TV,0.003500000000000003,6000
0.1,27,CDF_sup,0.006666666666666706,6000
0.1,27,W1,0.005253893657337123,6000
0.1,27,bin_chi2_M40,0.007828888888888889,6000
0.1,27,bin_chi2_M80,0.009897777777777778,6000
0.1,27,bin_chi2_M120,0.024293333333333333,6000
0.1,28,KDE_chi2,0.02587534099421296,6000
0.1,28,well_TV,0.003166666666666651,6000
0.1,28,CDF_sup,0.01133333333333333,6000
0.1,28,W1,0.010227419645162359,6000
0.1,28,bin_chi2_M40,0.005677777777777778,6000
0.1,28,bin_chi2_M80,0.013266666666666663,6000
0.1,28,bin_chi2_M120,0.02018,6000
0.1,29,KDE_chi2,0.028208976374784676,6000
0.1,29,well_TV,0.0024999999999999467,6000
0.1,29,CDF_sup,0.012541666666666671,6000
0.1,29,W1,0.009666083895699062,6000
0.1,29,bin_chi2_M40,0.007057777777777777,6000
0.1,29,bin_chi2_M80,0.015137777777777776,6000
0.1,29,bin_chi2_M120,0.016946666666666665,6000
0.1,30,KDE_chi2,0.0229304635365623,6000
0.1,30,well_TV,0.005666666666666709,6000
0.1,30,CDF_sup,0.007458333333333314,6000
0.1,30,W1,0.010172910754486616,6000
0.1,30,bin_chi2_M40,0.006335555555555554,6000
0.1,30,bin_chi2_M80,0.010057777777777777,6000
0.1,30,bin_chi2_M120,0.015146666666666666,6000
0.1,31,KDE_chi2,0.027005668592380627,6000
0.1,31,well_TV,0.0030000000000000027,6000
0.1,31,CDF_sup,0.010875000000000006,6000
0.1,31,W1,0.00895706134515746,6000
0.1,31,bin_chi2_M40,0.0051511111111111115,6000
0.1,31,bin_chi2_M80,0.009848888888888888,6000
0.1,31,bin_chi2_M120,0.017526666666666666,6000
0.1,32,KDE_chi2,0.025408389956377272,6000
0.1,32,well_TV,0.0015000000000000013,6000
0.1,32,CDF_sup,0.005625000000000029,6000
0.1,32,W1,0.0034296018226754425,6000
0.1,32,bin_chi2_M40,0.00848888888888889,6000
0.1,32,bin_chi2_M80,0.011955555555555554,6000
0.1,32,bin_chi2_M120,0.018520000000000002,6000
0.1,33,KDE_chi2,0.02639555217702034,6000
0.1,33,well_TV,0.011666666666666714,6000
0.1,33,CDF_sup,0.012791666666666642,6000
0.1,33,W1,0.01740335126119566,6000
0.1,33,bin_chi2_M40,0.005906666666666666,6000
0.1,33,bin_chi2_M80,0.01375111111111111,6000
0.1,33,bin_chi2_M120,0.02366666666666667,6000
0.1,34,KDE_chi2,0.023310745172059336,6000
0.1,34,well_TV,0.00649999999999995,6000
0.1,34,CDF_sup,0.014333333333333318,6000
0.1,34,W1,0.01553562818581821,6000
0.1,34,bin_chi2_M40,0.008873333333333332,6000
0.1,34,bin_chi2_M80,0.013835555555555552,6000
0.1,34,bin_chi2_M120,0.02038,6000
0.1,35,KDE_chi2,0.026498471057251626,6000
0.1,35,well_TV,0.003666666666666707,6000
0.1,35,CDF_sup,0.009083333333333329,6000
0.1,35,W1,0.007357303275004957,6000
0.1,35,bin_chi2_M40,0.00686,6000
0.1,35,bin_chi2_M80,0.013933333333333332,6000
0.1,35,bin_chi2_M120,0.022166666666666668,6000
0.1,36,KDE_chi2,0.02470978801127236,6000
0.1,36,well_TV,0.0011666666666666492,6000
0.1,36,CDF_sup,0.006874999999999989,6000
0.1,36,W1,0.004899057469947539,6000
0.1,36,bin_chi2_M40,0.006913333333333332,6000
0.1,36,bin_chi2_M80,0.013306666666666666,6000
0.1,36,bin_chi2_M120,0.01958666666666667,6000
0.1,37,KDE_chi2,0.029390783482419802,6000
0.1,37,well_TV,0.002666666666666706,6000
0.1,37,CDF_sup,0.009083333333333304,6000
0.1,37,W1,0.007399958899531047,6000
0.1,37,bin_chi2_M40,0.007246666666666664,6000
0.1,37,bin_chi2_M80,0.012435555555555557,6000
0.1,37,bin_chi2_M120,0.02706666666666667,6000
0.1,38,KDE_chi2,0.029844660298348934,6000
0.1,38,well_TV,0.018166666666666664,6000
0.1,38,CDF_sup,0.019124999999999965,6000
0.1,38,W1,0.03266225488020046,6000
0.1,38,bin_chi2_M40,0.0069155555555555515,6000
0.1,38,bin_chi2_M80,0.015542222222222223,6000
0.1,38,bin_chi2_M120,0.01840666666666667,6000
0.1,39,KDE_chi2,0.025650787524350554,6000
0.1,39,well_TV,0.0010000000000000009,6000
0.1,39,CDF_sup,0.006583333333333375,6000
0.1,39,W1,0.005085904656840827,6000
0.1,39,bin_chi2_M40,0.005428888888888889,6000
0.1,39,bin_chi2_M80,0.01709333333333333,6000
0.1,39,bin_chi2_M120,0.022186666666666667,6000
0.1,40,KDE_chi2,0.022941181520493993,6000
0.1,40,well_TV,0.0043333333333333,6000
0.1,40,CDF_sup,0.007000000000000025,6000
0.1,40,W1,0.007186308889568859,6000
0.1,40,bin_chi2_M40,0.005082222222222222,6000
0.1,40,bin_chi2_M80,0.014066666666666668,6000
0.1,40,bin_chi2_M120,0.02334666666666667,6000
0.1,41,KDE_chi2,0.023437008455575843,6000
0.1,41,well_TV,0.0038333333333332997,6000
0.1,41,CDF_sup,0.007208333333333339,6000
0.1,41,W1,0.007273579189268166,6000
0.1,41,bin_chi2_M40,0.004913333333333332,6000
0.1,41,bin_chi2_M80,0.020759999999999994,6000
0.1,41,bin_chi2_M120,0.01696,6000
0.1,42,KDE_chi2,0.027369576354237618,6000
0.1,42,well_TV,0.0004999999999999449,6000
0.1,42,CDF_sup,0.008541666666666684,6000
0.1,42,W1,0.005815423843686919,6000
0.1,42,bin_chi2_M40,0.005808888888888888,6000
0.1,42,bin_chi2_M80,0.01264444444444444,6000
0.1,42,bin_chi2_M120,0.021226666666666665,6000
0.1,43,KDE_chi2,0.025876952317226122,6000
0.1,43,well_TV,0.0013333333333332975,6000
0.1,43,CDF_sup,0.0087083333333333,6000
0.1,43,W1,0.006323669189102103,6000
0.1,43,bin_chi2_M40,0.009175555555555555,6000
0.1,43,bin_chi2_M80,0.015888888888888886,6000
0.1,43,bin_chi2_M120,0.01942666666666667,6000
0.1,44,KDE_chi2,0.028360877159725992,6000
0.1,44,well_TV,0.006000000000000005,6000
0.1,44,CDF_sup,0.009749999999999965,6000
0.1,44,W1,0.011705051234975925,6000
0.1,44,bin_chi2_M40,0.003966666666666667,6000
0.1,44,bin_chi2_M80,0.010657777777777778,6000
0.1,44,bin_chi2_M120,0.017433333333333332,6000
0.1,45,KDE_chi2,0.02162211062386003,6000
0.1,45,well_TV,0.003333333333333355,6000
0.1,45,CDF_sup,0.009041666666666654,6000
0.1,45,W1,0.008214127908369177,6000
0.1,45,bin_chi2_M40,0.00891111111111111,6000
0.1,45,bin_chi2_M80,0.0184,6000
0.1,45,bin_chi2_M120,0.018713333333333335,6000
0.1,46,KDE_chi2,0.027555597508734854,6000
0.1,46,well_TV,0.0034999999999999476,6000
0.1,46,CDF_sup,0.007708333333333327,6000
0.1,46,W1,0.0068578002676623895,6000
0.1,46,bin_chi2_M40,0.004771111111111111,6000
0.1,46,bin_chi2_M80,0.008964444444444445,6000
0.1,46,bin_chi2_M120,0.02018,6000
0.1,47,KDE_chi2,0.02506906141626037,6000
0.1,47,well_TV,0.0044999999999999485,6000
0.1,47,CDF_sup,0.011166666666666662,6000
0.1,47,W1,0.01606577272066255,6000
0.1,47,bin_chi2_M40,0.0057844444444444445,6000
0.1,47,bin_chi2_M80,0.011813333333333332,6000
0.1,47,bin_chi2_M120,0.017973333333333334,6000
0.1,48,KDE_chi2,0.025557995509353032,6000
0.1,48,well_TV,0.012333333333333363,6000
0.1,48,CDF_sup,0.012916666666666694,6000
0.1,48,W1,0.022326344487031975,6000
0.1,48,bin_chi2_M40,0.00711111111111111,6000
0.1,48,bin_chi2_M80,0.011928888888888888,6000
0.1,48,bin_chi2_M120,0.018613333333333332,6000
0.1,49,KDE_chi2,0.024346245259928675,6000
0.1,49,well_TV,0.007500000000000062,6000
0.1,49,CDF_sup,0.010124999999999974,6000
0.1,49,W1,0.01520821929457723,6000
0.1,49,bin_chi2_M40,0.006737777777777778,6000
0.1,49,bin_chi2_M80,0.009857777777777776,6000
0.1,49,bin_chi2_M120,0.023793333333333333,6000
0.1,50,KDE_chi2,0.02504784868442467,6000
0.1,50,well_TV,0.0025000000000000022,6000
0.1,50,CDF_sup,0.007625000000000003,6000
0.1,50,W1,0.0067672490411872606,6000
0.1,50,bin_chi2_M40,0.005633333333333334,6000
0.1,50,bin_chi2_M80,0.01487111111111111,6000
0.1,50,bin_chi2_M120,0.019299999999999998,6000
0.1,51,KDE_chi2,0.03048399024042529,6000
0.1,51,well_TV,0.0076666666666667105,6000
0.1,51,CDF_sup,0.013833333333333309,6000
0.1,51,W1,0.01590723189816484,6000
0.1,51,bin_chi2_M40,0.008795555555555556,6000
0.1,51,bin_chi2_M80,0.012635555555555554,6000
0.1,51,bin_chi2_M120,0.021186666666666666,6000
0.1,52,KDE_chi2,0.02347583964420161,6000
0.1,52,well_TV,0.0015000000000000568,6000
0.1,52,CDF_sup,0.010458333333333321,6000
0.1,52,W1,0.0058886339803102695,6000
0.1,52,bin_chi2_M40,0.0077866666666666666,6000
0.1,52,bin_chi2_M80,0.018413333333333327,6000
0.1,52,bin_chi2_M120,0.017686666666666667,6000
0.1,53,KDE_chi2,0.030632576893387692,6000
0.1,53,well_TV,0.0021666666666667056,6000
0.1,53,CDF_sup,0.00849999999999997,6000
0.1,53,W1,0.009466210003342603,6000
0.1,53,bin_chi2_M40,0.0051844444444444455,6000
0.1,53,bin_chi2_M80,0.012511111111111112,6000
0.1,53,bin_chi2_M120,0.02486666666666667,6000
0.1,54,KDE_chi2,0.0240413462700235,6000
0.1,54,well_TV,0.005333333333333357,6000
0.1,54,CDF_sup,0.006458333333333356,6000
0.1,54,W1,0.009097920935753751,6000
0.1,54,bin_chi2_M40,0.00501111111111111,6000
0.1,54,bin_chi2_M80,0.011591111111111111,6000
0.1,54,bin_chi2_M120,0.017526666666666666,6000
0.1,55,KDE_chi2,0.026870724550001272,6000
0.1,55,well_TV,0.003666666666666707,6000
0.1,55,CDF_sup,0.011374999999999996,6000
0.1,55,W1,0.00904390668384902,6000
0.1,55,bin_chi2_M40,0.006619999999999999,6000
0.1,55,bin_chi2_M80,0.010284444444444447,6000
0.1,55,bin_chi2_M120,0.020126666666666668,6000
0.1,56,KDE_chi2,0.02603953962048495,6000
0.1,56,well_TV,0.01533333333333331,6000
0.1,56,CDF_sup,0.017916666666666647,6000
0.1,56,W1,0.03149175044370098,6000
0.1,56,bin_chi2_M40,0.009895555555555555,6000
0.1,56,bin_chi2_M80,0.012595555555555554,6000
0.1,56,bin_chi2_M120,0.018060000000000003,6000
0.1,57,KDE_chi2,0.02383072649991204,6000
0.1,57,well_TV,0.0011666666666666492,6000
0.1,57,CDF_sup,0.007583333333333348,6000
0.1,57,W1,0.005159207201089916,6000
0.1,57,bin_chi2_M40,0.010744444444444444,6000
0.1,57,bin_chi2_M80,0.01406222222222222,6000
0.1,57,bin_chi2_M120,0.019606666666666665,6000
0.1,58,KDE_chi2,0.024473419239802625,6000
0.1,58,well_TV,0.010666666666666713,6000
0.1,58,CDF_sup,0.013375000000000022,6000
0.1,58,W1,0.023018123251378232,6000
0.1,58,bin_chi2_M40,0.0050999999999999995,6000
0.1,58,bin_chi2_M80,0.01398222222222222,6000
0.1,58,bin_chi2_M120,0.020360000000000003,6000
0.1,59,KDE_chi2,0.022622058610416853,6000
0.1,59,well_TV,0.006333333333333302,6000
0.1,59,CDF_sup,0.01820833333333337,6000
0.1,59,W1,0.015344642080033152,6000
0.1,59,bin_chi2_M40,0.006946666666666666,6000
0.1,59,bin_chi2_M80,0.015217777777777778,6000
0.1,59,bin_chi2_M120,0.020193333333333334,6000
0.1,60,KDE_chi2,0.02739759005968355,6000
0.1,60,well_TV,0.006166666666666654,6000
0.1,60,CDF_sup,0.009208333333333306,6000
0.1,60,W1,0.010966749825433275,6000
0.1,60,bin_chi2_M40,0.006771111111111111,6000
0.1,60,bin_chi2_M80,0.01092888888888889,6000
0.1,60,bin_chi2_M120,0.016686666666666666,6000
0.1,61,KDE_chi2,0.02313937091085633,6000
0.1,61,well_TV,0.015666666666666662,6000
0.1,61,CDF_sup,0.01800000000000003,6000
0.1,61,W1,0.028981029778331953,6000
0.1,61,bin_chi2_M40,0.006735555555555557,6000
0.1,61,bin_chi2_M80,0.010808888888888889,6000
0.1,61,bin_chi2_M120,0.018260000000000002,6000
0.1,62,KDE_chi2,0.031661265344021194,6000
0.1,62,well_TV,0.002666666666666595,6000
0.1,62,CDF_sup,0.013874999999999962,6000
0.1,62,W1,0.010372947260457616,6000
0.1,62,bin_chi2_M40,0.006011111111111112,6000
0.1,62,bin_chi2_M80,0.008466666666666664,6000
0.1,62,bin_chi2_M120,0.018673333333333333,6000
0.1,63,KDE_chi2,0.027722793547417326,6000
0.1,63,well_TV,0.008333333333333304,6000
0.1,63,CDF_sup,0.012374999999999983,6000
0.1,63,W1,0.017686646618281426,6000
0.1,63,bin_chi2_M40,0.010499999999999999,6000
0.1,63,bin_chi2_M80,0.009368888888888888,6000
0.1,63,bin_chi2_M120,0.018233333333333334,6000
0.09,0,KDE_chi2,0.03208743400701874,6000
0.09,0,well_TV,0.0043333333333333,6000
0.09,0,CDF_sup,0.00858333333333331,6000
0.09,0,W1,0.009684654473001089,6000
0.09,0,bin_chi2_M40,0.00588888888888889,6000
0.09,0,bin_chi2_M80,0.01609333333333333,6000
0.09,0,bin_chi2_M120,0.018840000000000003,6000
0.09,1,KDE_chi2,0.03494756422640053,6000
0.09,1,well_TV,0.0021666666666667056,6000
0.09,1,CDF_sup,0.0075000000000000205,6000
0.09,1,W1,0.0068908864549643185,6000
0.09,1,bin_chi2_M40,0.004902222222222223,6000
0.09,1,bin_chi2_M80,0.014488888888888888,6000
0.09,1,bin_chi2_M120,0.018806666666666666,6000
0.09,2,KDE_chi2,0.03291938232897192,6000
0.09,2,well_TV,0.0008333333333333526,6000
0.09,2,CDF_sup,0.008833333333333294,6000
0.09,2,W1,0.007457761067701496,6000
0.09,2,bin_chi2_M40,0.004917777777777777,6000
0.09,2,bin_chi2_M80,0.01566222222222222,6000
0.09,2,bin_chi2_M120,0.02198,6000
0.09,3,KDE_chi2,0.028756147573971266,6000
0.09,3,well_TV,0.008166666666666655,6000
0.09,3,CDF_sup,0.013458333333333359,6000
0.09,3,W1,0.018638264192111422,6000
0.09,3,bin_chi2_M40,0.004557777777777776,6000
0.09,3,bin_chi2_M80,0.013035555555555554,6000
0.09,3,bin_chi2_M120,0.020506666666666666,6000
0.09,4,KDE_chi2,0.03462118751525445,6000
0.09,4,well_TV,0.0001666666666666483,6000
0.09,4,CDF_sup,0.007749999999999972,6000
0.09,4,W1,0.005628196988999901,6000
0.09,4,bin_chi2_M40,0.006675555555555558,6000
0.09,4,bin_chi2_M80,0.010577777777777776,6000
0.09,4,bin_chi2_M120,0.017959999999999997,6000
0.09,5,KDE_chi2,0.03219110951118101,6000
0.09,5,well_TV,0.012166666666666659,6000
0.09,5,CDF_sup,0.013041666666666656,6000
0.09,5,W1,0.018383492170585995,6000
0.09,5,bin_chi2_M40,0.007906666666666666,6000
0.09,5,bin_chi2_M80,0.017666666666666664,6000
0.09,5,bin_chi2_M120,0.018453333333333332,6000
0.09,6,KDE_chi2,0.029720054560458967,6000
0.09,6,well_TV,0.008000000000000007,6000
0.09,6,CDF_sup,0.010999999999999968,6000
0.09,6,W1,0.0176139161456566,6000
0.09,6,bin_chi2_M40,0.004951111111111111,6000
0.09,6,bin_chi2_M80,0.008075555555555555,6000
0.09,6,bin_chi2_M120,0.021146666666666668,6000
0.09,7,KDE_chi2,0.03155440146070617,6000
0.09,7,well_TV,0.0013333333333332975,6000
0.09,7,CDF_sup,0.005916666666666662,6000
0.09,7,W1,0.005946196377603167,6000
0.09,7,bin_chi2_M40,0.005835555555555555,6000
0.09,7,bin_chi2_M80,0.009502222222222221,6000
0.09,7,bin_chi2_M120,0.016893333333333333,6000
0.09,8,KDE_chi2,0.02896354987292011,6000
0.09,8,well_TV,0.005666666666666709,6000
0.09,8,CDF_sup,0.011250000000000027,6000
0.09,8,W1,0.0118002958801082,6000
0.09,8,bin_chi2_M40,0.005917777777777778,6000
0.09,8,bin_chi2_M80,0.01448,6000
0.09,8,bin_chi2_M120,0.01666666666666667,6000
0.09,9,KDE_chi2,0.03188773992577848,6000
0.09,9,well_TV,0.006333333333333302,6000
0.09,9,CDF_sup,0.015499999999999986,6000
0.09,9,W1,0.018147886535973455,6000
0.09,9,bin_chi2_M40,0.005688888888888887,6000
0.09,9,bin_chi2_M80,0.012444444444444444,6000
0.09,9,bin_chi2_M120,0.020166666666666666,6000
0.09,10,KDE_chi2,0.03161889290673868,6000
0.09,10,well_TV,0.008000000000000007,6000
0.09,10,CDF_sup,0.010791666666666646,6000
0.09,10,W1,0.013938383429926161,6000
0.09,10,bin_chi2_M40,0.007517777777777777,6000
0.09,10,bin_chi2_M80,0.011751111111111111,6000
0.09,10,bin_chi2_M120,0.02693333333333333,6000
0.09,11,KDE_chi2,0.030088141047380522,6000
0.09,11,well_TV,0.01100000000000001,6000
0.09,11,CDF_sup,0.015875000000000014,6000
0.09,11,W1,0.021282844067989894,6000
0.09,11,bin_chi2_M40,0.006895555555555555,6000
0.09,11,bin_chi2_M80,0.012822222222222221,6000
0.09,11,bin_chi2_M120,0.019713333333333333,6000
0.09,12,KDE_chi2,0.028215146755739468,6000
0.09,12,well_TV,0.0006666666666667043,6000
0.09,12,CDF_sup,0.0072083333333333235,6000
0.09,12,W1,0.00460295525715222,6000
0.09,12,bin_chi2_M40,0.0038355555555555556,6000
0.09,12,bin_chi2_M80,0.01240888888888889,6000
0.09,12,bin_chi2_M120,0.017733333333333334,6000
0.09,13,KDE_chi2,0.026511844651661988,6000
0.09,13,well_TV,0.0020000000000000018,6000
0.09,13,CDF_sup,0.008625000000000028,6000
0.09,13,W1,0.0067167352414350045,6000
0.09,13,bin_chi2_M40,0.007702222222222221,6000
0.09,13,bin_chi2_M80,0.009933333333333332,6000
0.09,13,bin_chi2_M120,0.015326666666666666,6000
0.09,14,KDE_chi2,0.029213213342598684,6000
0.09,14,well_TV,0.006333333333333302,6000
0.09,14,CDF_sup,0.01216666666666666,6000
0.09,14,W1,0.014194478520585453,6000
0.09,14,bin_chi2_M40,0.006104444444444444,6000
0.09,14,bin_chi2_M80,0.01272888888888889,6000
0.09,14,bin_chi2_M120,0.0175,6000
0.09,15,KDE_chi2,0.030146442911927477,6000
0.09,15,well_TV,0.009166666666666656,6000
0.09,15,CDF_sup,0.011458333333333369,6000
0.09,15,W1,0.01579073608499865,6000
0.09,15,bin_chi2_M40,0.004162222222222222,6000
0.09,15,bin_chi2_M80,0.00946222222222222,6000
0.09,15,bin_chi2_M120,0.016573333333333336,6000
0.09,16,KDE_chi2,0.029695273045711987,6000
0.09,16,well_TV,0.012499999999999956,6000
0.09,16,CDF_sup,0.014833333333333318,6000
0.09,16,W1,0.025028226954722017,6000
0.09,16,bin_chi2_M40,0.007995555555555554,6000
0.09,16,bin_chi2_M80,0.014404444444444444,6000
0.09,16,bin_chi2_M120,0.019,6000
0.09,17,KDE_chi2,0.030062130071022528,6000
0.09,17,well_TV,0.002666666666666706,6000
0.09,17,CDF_sup,0.014000000000000014,6000
0.09,17,W1,0.014002751232634204,6000
0.09,17,bin_chi2_M40,0.009517777777777776,6000
0.09,17,bin_chi2_M80,0.015004444444444444,6000
0.09,17,bin_chi2_M120,0.017373333333333334,6000
0.09,18,KDE_chi2,0.0317254971559346,6000
0.09,18,well_TV,0.0043333333333333,6000
0.09,18,CDF_sup,0.008291666666666688,6000
0.09,18,W1,0.010075632956209585,6000
0.09,18,bin_chi2_M40,0.005846666666666665,6000
0.09,18,bin_chi2_M80,0.014115555555555555,6000
0.09,18,bin_chi2_M120,0.02071333333333333,6000
0.09,19,KDE_chi2,0.03554221439298166,6000
0.09,19,well_TV,0.006500000000000006,6000
0.09,19,CDF_sup,0.01441666666666668,6000
0.09,19,W1,0.016577738747593128,6000
0.09,19,bin_chi2_M40,0.003531111111111112,6000
0.09,19,bin_chi2_M80,0.009937777777777776,6000
0.09,19,bin_chi2_M120,0.02122,6000
0.09,20,KDE_chi2,0.030266187240408124,6000
0.09,20,well_TV,0.0001666666666666483,6000
0.09,20,CDF_sup,0.013958333333333362,6000
0.09,20,W1,0.008533641283870703,6000
0.09,20,bin_chi2_M40,0.0050733333333333325,6000
0.09,20,bin_chi2_M80,0.01236,6000
0.09,20,bin_chi2_M120,0.021413333333333336,6000
0.09,21,KDE_chi2,0.031462989179626435,6000
0.09,21,well_TV,0.013500000000000012,6000
0.09,21,CDF_sup,0.014916666666666686,6000
0.09,21,W1,0.025744648970449657,6000
0.09,21,bin_chi2_M40,0.00834222222222222,6000
0.09,21,bin_chi2_M80,0.01508,6000
0.09,21,bin_chi2_M120,0.023113333333333336,6000
0.09,22,KDE_chi2,0.027645947281889516,6000
0.09,22,well_TV,0.003166666666666651,6000
0.09,22,CDF_sup,0.010208333333333298,6000
0.09,22,W1,0.011155894638624101,6000
0.09,22,bin_chi2_M40,0.008288888888888887,6000
0.09,22,bin_chi2_M80,0.011453333333333333,6000
0.09,22,bin_chi2_M120,0.02127333333333334,6000
0.09,23,KDE_chi2,0.03245994331178822,6000
0.09,23,well_TV,0.006166666666666654,6000
0.09,23,CDF_sup,0.00854166666666664,6000
0.09,23,W1,0.01116914930920512,6000
0.09,23,bin_chi2_M40,0.005300000000000001,6000
0.09,23,bin_chi2_M80,0.012217777777777777,6000
0.09,23,bin_chi2_M120,0.015413333333333333,6000
0.09,24,KDE_chi2,0.034035434958789745,6000
0.09,24,well_TV,0.006000000000000005,6000
0.09,24,CDF_sup,0.007833333333333348,6000
0.09,24,W1,0.009822788147768002,6000
0.09,24,bin_chi2_M40,0.007724444444444442,6000
0.09,24,bin_chi2_M80,0.012755555555555555,6000
0.09,24,bin_chi2_M120,0.017913333333333333,6000
0.09,25,KDE_chi2,0.03495356011215808,6000
0.09,25,well_TV,0.01316666666666666,6000
0.09,25,CDF_sup,0.015916666666666635,6000
0.09,25,W1,0.02449321363020366,6000
0.09,25,bin_chi2_M40,0.009562222222222222,6000
0.09,25,bin_chi2_M80,0.012671111111111109,6000
0.09,25,bin_chi2_M120,0.021833333333333337,6000
0.09,26,KDE_chi2,0.027498814207707133,6000
0.09,26,well_TV,0.003166666666666651,6000
0.09,26,CDF_sup,0.006750000000000032,6000
0.09,26,W1,0.006281458965604927,6000
0.09,26,bin_chi2_M40,0.007097777777777778,6000
0.09,26,bin_chi2_M80,0.013208888888888888,6000
0.09,26,bin_chi2_M120,0.02444,6000
0.09,27,KDE_chi2,0.02893752628240917,6000
0.09,27,well_TV,0.0006666666666666488,6000
0.09,27,CDF_sup,0.009541666666666636,6000
0.09,27,W1,0.006237938351769676,6000
0.09,27,bin_chi2_M40,0.008071111111111112,6000
0.09,27,bin_chi2_M80,0.015982222222222224,6000
0.09,27,bin_chi2_M120,0.01872666666666667,6000
0.09,28,KDE_chi2,0.02707688476421251,6000
0.09,28,well_TV,0.005166666666666653,6000
0.09,28,CDF_sup,0.00987499999999998,6000
0.09,28,W1,0.01090598757172925,6000
0.09,28,bin_chi2_M40,0.008617777777777776,6000
0.09,28,bin_chi2_M80,0.012599999999999998,6000
0.09,28,bin_chi2_M120,0.019613333333333333,6000
0.09,29,KDE_chi2,0.031673366441317845,6000
0.09,29,well_TV,0.005166666666666764,6000
0.09,29,CDF_sup,0.00954166666666664,6000
0.09,29,W1,0.012025652962615803,6000
0.09,29,bin_chi2_M40,0.006831111111111109,6000
0.09,29,bin_chi2_M80,0.01381333333333333,6000
0.09,29,bin_chi2_M120,0.019813333333333332,6000
0.09,30,KDE_chi2,0.02659684339248531,6000
0.09,30,well_TV,0.0004999999999999449,6000
0.09,30,CDF_sup,0.010208333333333318,6000
0.09,30,W1,0.006392191196919571,6000
0.09,30,bin_chi2_M40,0.007524444444444445,6000
0.09,30,bin_chi2_M80,0.01376,6000
0.09,30,bin_chi2_M120,0.023846666666666665,6000
0.09,31,KDE_chi2,0.03461445515732705,6000
0.09,31,well_TV,0.005333333333333412,6000
0.09,31,CDF_sup,0.0085833333333333,6000
0.09,31,W1,0.009847222782403575,6000
0.09,31,bin_chi2_M40,0.004695555555555555,6000
0.09,31,bin_chi2_M80,0.013608888888888889,6000
0.09,31,bin_chi2_M120,0.019193333333333333,6000
0.09,32,KDE_chi2,0.029849237200163633,6000
0.09,32,well_TV,0.005666666666666709,6000
0.09,32,CDF_sup,0.005875000000000021,6000
0.09,32,W1,0.0076923179181052894,6000
0.09,32,bin_chi2_M40,0.005246666666666666,6000
0.09,32,bin_chi2_M80,0.009737777777777777,6000
0.09,32,bin_chi2_M120,0.022733333333333335,6000
0.09,33,KDE_chi2,0.03198873564840351,6000
0.09,33,well_TV,0.0030000000000000027,6000
0.09,33,CDF_sup,0.00812499999999999,6000
0.09,33,W1,0.006263121757354752,6000
0.09,33,bin_chi2_M40,0.008213333333333333,6000
0.09,33,bin_chi2_M80,0.016435555555555554,6000
0.09,33,bin_chi2_M120,0.025100000000000004,6000
0.09,34,KDE_chi2,0.031407644504075447,6000
0.09,34,well_TV,0.010499999999999954,6000
0.09,34,CDF_sup,0.014333333333333306,6000
0.09,34,W1,0.024360129923604035,6000
0.09,34,bin_chi2_M40,0.006822222222222221,6000
0.09,34,bin_chi2_M80,0.010462222222222222,6000
0.09,34,bin_chi2_M120,0.01714,6000
0.09,35,KDE_chi2,0.032000218625947645,6000
0.09,35,well_TV,0.007999999999999952,6000
0.09,35,CDF_sup,0.010833333333333365,6000
0.09,35,W1,0.01455287170466397,6000
0.09,35,bin_chi2_M40,0.007077777777777777,6000
0.09,35,bin_chi2_M80,0.015600000000000001,6000
0.09,35,bin_chi2_M120,0.017599999999999998,6000
0.09,36,KDE_chi2,0.026708066917951953,6000
0.09,36,well_TV,0.0004999999999999449,6000
0.09,36,CDF_sup,0.010749999999999985,6000
0.09,36,W1,0.0065213928747128655,6000
0.09,36,bin_chi2_M40,0.007451111111111112,6000
0.09,36,bin_chi2_M80,0.01391111111111111,6000
0.09,36,bin_chi2_M120,0.020586666666666666,6000
0.09,37,KDE_chi2,0.027847021354647478,6000
0.09,37,well_TV,0.012666666666666604,6000
0.09,37,CDF_sup,0.015624999999999977,6000
0.09,37,W1,0.021699297208132094,6000
0.09,37,bin_chi2_M40,0.0059244444444444475,6000
0.09,37,bin_chi2_M80,0.011946666666666666,6000
0.09,37,bin_chi2_M120,0.017613333333333335,6000
0.09,38,KDE_chi2,0.032625175337982454,6000
0.09,38,well_TV,0.004666666666666708,6000
0.09,38,CDF_sup,0.00791666666666667,6000
0.09,38,W1,0.009781692721913891,6000
0.09,38,bin_chi2_M40,0.003620000000000001,6000
0.09,38,bin_chi2_M80,0.013208888888888892,6000
0.09,38,bin_chi2_M120,0.016239999999999997,6000
0.09,39,KDE_chi2,0.030044042737977034,6000
0.09,39,well_TV,0.016166666666666663,6000
0.09,39,CDF_sup,0.018291666666666682,6000
0.09,39,W1,0.030018714455161803,6000
0.09,39,bin_chi2_M40,0.005846666666666667,6000
0.09,39,bin_chi2_M80,0.013857777777777778,6000
0.09,39,bin_chi2_M120,0.020053333333333333,6000
0.09,40,KDE_chi2,0.027584614081719312,6000
0.09,40,well_TV,0.0028333333333333544,6000
0.09,40,CDF_sup,0.010041666666666709,6000
0.09,40,W1,0.01139161519604652,6000
0.09,40,bin_chi2_M40,0.008833333333333332,6000
0.09,40,bin_chi2_M80,0.01712888888888889,6000
0.09,40,bin_chi2_M120,0.01664,6000
0.09,41,KDE_chi2,0.03347147037475569,6000
0.09,41,well_TV,0.010000000000000009,6000
0.09,41,CDF_sup,0.012874999999999978,6000
0.09,41,W1,0.015683130337177057,6000
0.09,41,bin_chi2_M40,0.009264444444444443,6000
0.09,41,bin_chi2_M80,0.011706666666666667,6000
0.09,41,bin_chi2_M120,0.01974,6000
0.09,42,KDE_chi2,0.03225559472997081,6000
0.09,42,well_TV,0.000500000000000056,6000
0.09,42,CDF_sup,0.0058333333333333275,6000
0.09,42,W1,0.004703174273615506,6000
0.09,42,bin_chi2_M40,0.0057977777777777776,6000
0.09,42,bin_chi2_M80,0.010342222222222221,6000
0.09,42,bin_chi2_M120,0.02668,6000
0.09,43,KDE_chi2,0.029871282217841258,6000
0.09,43,well_TV,0.0011666666666667047,6000
0.09,43,CDF_sup,0.010333333333333347,6000
0.09,43,W1,0.008348911548347092,6000
0.09,43,bin_chi2_M40,0.005153333333333333,6000
0.09,43,bin_chi2_M80,0.011395555555555555,6000
0.09,43,bin_chi2_M120,0.020173333333333335,6000
0.09,44,KDE_chi2,0.029560196735060155,6000
0.09,44,well_TV,0.005833333333333357,6000
0.09,44,CDF_sup,0.008666666666666645,6000
0.09,44,W1,0.009873532984224045,6000
0.09,44,bin_chi2_M40,0.005075555555555555,6000
0.09,44,bin_chi2_M80,0.015284444444444444,6000
0.09,44,bin_chi2_M120,0.02452,6000
0.09,45,KDE_chi2,0.03210455579214572,6000
0.09,45,well_TV,0.0006666666666667043,6000
0.09,45,CDF_sup,0.0063749999999999675,6000
0.09,45,W1,0.005646491085562719,6000
0.09,45,bin_chi2_M40,0.006328888888888889,6000
0.09,45,bin_chi2_M80,0.016586666666666666,6000
0.09,45,bin_chi2_M120,0.014986666666666669,6000
0.09,46,KDE_chi2,0.039572282594340924,6000
0.09,46,well_TV,0.0031666666666667065,6000
0.09,46,CDF_sup,0.016124999999999973,6000
0.09,46,W1,0.013157507879341312,6000
0.09,46,bin_chi2_M40,0.009186666666666668,6000
0.09,46,bin_chi2_M80,0.017959999999999997,6000
0.09,46,bin_chi2_M120,0.02059333333333333,6000
0.09,47,KDE_chi2,0.027551640871332585,6000
0.09,47,well_TV,0.002666666666666706,6000
0.09,47,CDF_sup,0.008000000000000024,6000
0.09,47,W1,0.006513628794993244,6000
0.09,47,bin_chi2_M40,0.007166666666666668,6000
0.09,47,bin_chi2_M80,0.011448888888888887,6000
0.09,47,bin_chi2_M120,0.02024,6000
0.09,48,KDE_chi2,0.023955533120520053,6000
0.09,48,well_TV,0.0043333333333333,6000
0.09,48,CDF_sup,0.010583333333333361,6000
0.09,48,W1,0.011071973371096023,6000
0.09,48,bin_chi2_M40,0.008206666666666668,6000
0.09,48,bin_chi2_M80,0.012435555555555552,6000
0.09,48,bin_chi2_M120,0.022746666666666665,6000
0.09,49,KDE_chi2,0.02519620058763933,6000
0.09,49,well_TV,0.003666666666666596,6000
0.09,49,CDF_sup,0.012541666666666652,6000
0.09,49,W1,0.012140157750477667,6000
0.09,49,bin_chi2_M40,0.008555555555555556,6000
0.09,49,bin_chi2_M80,0.014915555555555557,6000
0.09,49,bin_chi2_M120,0.023259999999999996,6000
0.09,50,KDE_chi2,0.03310328163225807,6000
0.09,50,well_TV,0.008333333333333304,6000
0.09,50,CDF_sup,0.012041666666666643,6000
0.09,50,W1,0.01724251042009297,6000
0.09,50,bin_chi2_M40,0.005455555555555556,6000
0.09,50,bin_chi2_M80,0.013866666666666663,6000
0.09,50,bin_chi2_M120,0.019693333333333337,6000
0.09,51,KDE_chi2,0.030090388904726595,6000
0.09,51,well_TV,0.0016666666666666496,6000
0.09,51,CDF_sup,0.012791666666666656,6000
0.09,51,W1,0.008113940979642936,6000
0.09,51,bin_chi2_M40,0.004826666666666667,6000
0.09,51,bin_chi2_M80,0.011582222222222223,6000
0.09,51,bin_chi2_M120,0.02106666666666667,6000
0.09,52,KDE_chi2,0.03219356912177532,6000
0.09,52,well_TV,0.004166666666666652,6000
0.09,52,CDF_sup,0.007916666666666657,6000
0.09,52,W1,0.007327319092029572,6000
0.09,52,bin_chi2_M40,0.00607111111111111,6000
0.09,52,bin_chi2_M80,0.010368888888888888,6000
0.09,52,bin_chi2_M120,0.014299999999999998,6000
0.09,53,KDE_chi2,0.03180068437993133,6000
0.09,53,well_TV,0.0011666666666666492,6000
0.09,53,CDF_sup,0.00537499999999997,6000
0.09,53,W1,0.0045303163742201145,6000
0.09,53,bin_chi2_M40,0.0064666666666666674,6000
0.09,53,bin_chi2_M80,0.013124444444444444,6000
0.09,53,bin_chi2_M120,0.01702,6000
0.09,54,KDE_chi2,0.03135621955284129,6000
0.09,54,well_TV,0.0011666666666666492,6000
0.09,54,CDF_sup,0.007291666666666661,6000
0.09,54,W1,0.0068553671707619265,6000
0.09,54,bin_chi2_M40,0.004913333333333334,6000
0.09,54,bin_chi2_M80,0.008853333333333333,6000
0.09,54,bin_chi2_M120,0.01806666666666667,6000
0.09,55,KDE_chi2,0.027544466628231335,6000
0.09,55,well_TV,0.004666666666666708,6000
0.09,55,CDF_sup,0.010666666666666626,6000
0.09,55,W1,0.010436739794952764,6000
0.09,55,bin_chi2_M40,0.007048888888888889,6000
0.09,55,bin_chi2_M80,0.011275555555555553,6000
0.09,55,bin_chi2_M120,0.019373333333333333,6000
0.09,56,KDE_chi2,0.03442929039476447,6000
0.09,56,well_TV,0.003166666666666762,6000
0.09,56,CDF_sup,0.009374999999999961,6000
0.09,56,W1,0.008367561569328583,6000
0.09,56,bin_chi2_M40,0.006673333333333333,6000
0.09,56,bin_chi2_M80,0.01173777777777778,6000
0.09,56,bin_chi2_M120,0.023566666666666666,6000
0.09,57,KDE_chi2,0.031121641506692162,6000
0.09,57,well_TV,0.005666666666666653,6000
0.09,57,CDF_sup,0.007916666666666693,6000
0.09,57,W1,0.010257271050520454,6000
0.09,57,bin_chi2_M40,0.005251111111111111,6000
0.09,57,bin_chi2_M80,0.009102222222222223,6000
0.09,57,bin_chi2_M120,0.026053333333333335,6000
0.09,58,KDE_chi2,0.030887082457084283,6000
0.09,58,well_TV,0.010166666666666713,6000
0.09,58,CDF_sup,0.010250000000000023,6000
0.09,58,W1,0.015199674640956713,6000
0.09,58,bin_chi2_M40,0.007208888888888886,6000
0.09,58,bin_chi2_M80,0.012875555555555553,6000
0.09,58,bin_chi2_M120,0.01710666666666667,6000
0.09,59,KDE_chi2,0.03572673146411674,6000
0.09,59,well_TV,0.013333333333333364,6000
0.09,59,CDF_sup,0.016750000000000022,6000
0.09,59,W1,0.02028651641148787,6000
0.09,59,bin_chi2_M40,0.004208888888888889,6000
0.09,59,bin_chi2_M80,0.014097777777777779,6000
0.09,59,bin_chi2_M120,0.021040000000000003,6000
0.09,60,KDE_chi2,0.026959620808082844,6000
0.09,60,well_TV,0.007000000000000006,6000
0.09,60,CDF_sup,0.01124999999999998,6000
0.09,60,W1,0.010495247202120545,6000
0.09,60,bin_chi2_M40,0.0077911111111111115,6000
0.09,60,bin_chi2_M80,0.015226666666666663,6000
0.09,60,bin_chi2_M120,0.01488666666666667,6000
0.09,61,KDE_chi2,0.03063637473603967,6000
0.09,61,well_TV,0.0009999999999998899,6000
0.09,61,CDF_sup,0.007749999999999974,6000
0.09,61,W1,0.005123994320850618,6000
0.09,61,bin_chi2_M40,0.004724444444444443,6000
0.09,61,bin_chi2_M80,0.01449777777777778,6000
0.09,61,bin_chi2_M120,0.025413333333333336,6000
0.09,62,KDE_chi2,0.030411872904289785,6000
0.09,62,well_TV,0.003166666666666762,6000
0.09,62,CDF_sup,0.006375000000000007,6000
0.09,62,W1,0.006251232287922315,6000
0.09,62,bin_chi2_M40,0.006855555555555556,6000
0.09,62,bin_chi2_M80,0.012839999999999997,6000
0.09,62,bin_chi2_M120,0.019719999999999998,6000
0.09,63,KDE_chi2,0.03192667936843238,6000
0.09,63,well_TV,0.0003333333333332966,6000
0.09,63,CDF_sup,0.00870833333333329,6000
0.09,63,W1,0.006846439961044195,6000
0.09,63,bin_chi2_M40,0.008606666666666667,6000
0.09,63,bin_chi2_M80,0.010288888888888889,6000
0.09,63,bin_chi2_M120,0.026100000000000005,6000
0.08,0,KDE_chi2,0.035777549422088044,6000
0.08,0,well_TV,0.0045000000000000595,6000
0.08,0,CDF_sup,0.009750000000000033,6000
0.08,0,W1,0.00976201440258318,6000
0.08,0,bin_chi2_M40,0.004886666666666668,6000
0.08,0,bin_chi2_M80,0.012746666666666667,6000
0.08,0,bin_chi2_M120,0.022866666666666667,6000
0.08,1,KDE_chi2,0.036401004756861643,6000
0.08,1,well_TV,0.00983333333333336,6000
0.08,1,CDF_sup,0.01137499999999998,6000
0.08,1,W1,0.01525516041860216,6000
0.08,1,bin_chi2_M40,0.005228888888888889,6000
0.08,1,bin_chi2_M80,0.013333333333333332,6000
0.08,1,bin_chi2_M120,0.024280000000000003,6000
0.08,2,KDE_chi2,0.03709864051696517,6000
0.08,2,well_TV,0.0001666666666666483,6000
0.08,2,CDF_sup,0.00920833333333336,6000
0.08,2,W1,0.006426678453863738,6000
0.08,2,bin_chi2_M40,0.004384444444444444,6000
0.08,2,bin_chi2_M80,0.01685333333333333,6000
0.08,2,bin_chi2_M120,0.021759999999999995,6000
0.08,3,KDE_chi2,0.04059644245560949,6000
0.08,3,well_TV,0.004500000000000004,6000
0.08,3,CDF_sup,0.007791666666666693,6000
0.08,3,W1,0.008396843112928338,6000
0.08,3,bin_chi2_M40,0.008437777777777777,6000
0.08,3,bin_chi2_M80,0.011084444444444444,6000
0.08,3,bin_chi2_M120,0.01448666666666667,6000
0.08,4,KDE_chi2,0.04107717998225268,6000
0.08,4,well_TV,0.005333333333333301,6000
0.08,4,CDF_sup,0.010666666666666685,6000
0.08,4,W1,0.012936223910717744,6000
0.08,4,bin_chi2_M40,0.005960000000000002,6000
0.08,4,bin_chi2_M80,0.009546666666666669,6000
0.08,4,bin_chi2_M120,0.018926666666666668,6000
0.08,5,KDE_chi2,0.03756368199907721,6000
0.08,5,well_TV,0.0001666666666666483,6000
0.08,5,CDF_sup,0.010416666666666664,6000
0.08,5,W1,0.008432338850483067,6000
0.08,5,bin_chi2_M40,0.005615555555555554,6000
0.08,5,bin_chi2_M80,0.01160888888888889,6000
0.08,5,bin_chi2_M120,0.013439999999999997,6000
0.08,6,KDE_chi2,0.03938991840239066,6000
0.08,6,well_TV,0.007000000000000006,6000
0.08,6,CDF_sup,0.00991666666666665,6000
0.08,6,W1,0.012965451555369573,6000
0.08,6,bin_chi2_M40,0.004891111111111112,6000
0.08,6,bin_chi2_M80,0.01566666666666667,6000
0.08,6,bin_chi2_M120,0.018766666666666668,6000
0.08,7,KDE_chi2,0.037266965458543695,6000
0.08,7,well_TV,0.002666666666666595,6000
0.08,7,CDF_sup,0.007041666666666673,6000
0.08,7,W1,0.006837882937519139,6000
0.08,7,bin_chi2_M40,0.007686666666666666,6000
0.08,7,bin_chi2_M80,0.011391111111111109,6000
0.08,7,bin_chi2_M120,0.021433333333333332,6000
0.08,8,KDE_chi2,0.036735677227069344,6000
0.08,8,well_TV,0.0040000000000000036,6000
0.08,8,CDF_sup,0.009875000000000031,6000
0.08,8,W1,0.009494508910268408,6000
0.08,8,bin_chi2_M40,0.006111111111111111,6000
0.08,8,bin_chi2_M80,0.012617777777777778,6000
0.08,8,bin_chi2_M120,0.0167,6000
0.08,9,KDE_chi2,0.03697399673772427,6000
0.08,9,well_TV,0.0036666666666666514,6000
0.08,9,CDF_sup,0.01179166666666669,6000
0.08,9,W1,0.01297239360923825,6000
0.08,9,bin_chi2_M40,0.005015555555555554,6000
0.08,9,bin_chi2_M80,0.015697777777777776,6000
0.08,9,bin_chi2_M120,0.02232,6000
0.08,10,KDE_chi2,0.039148200805400796,6000
0.08,10,well_TV,0.00216666666666665,6000
0.08,10,CDF_sup,0.007999999999999967,6000
0.08,10,W1,0.00688594777833113,6000
0.08,10,bin_chi2_M40,0.005044444444444445,6000
0.08,10,bin_chi2_M80,0.011746666666666666,6000
0.08,10,bin_chi2_M120,0.020986666666666667,6000
0.08,11,KDE_chi2,0.03989808194205557,6000
0.08,11,well_TV,0.0025000000000000577,6000
0.08,11,CDF_sup,0.010833333333333318,6000
0.08,11,W1,0.009158788676340113,6000
0.08,11,bin_chi2_M40,0.006222222222222223,6000
0.08,11,bin_chi2_M80,0.009355555555555558,6000
0.08,11,bin_chi2_M120,0.019293333333333336,6000
0.08,12,KDE_chi2,0.04147590941825123,6000
0.08,12,well_TV,0.013000000000000012,6000
0.08,12,CDF_sup,0.016333333333333352,6000
0.08,12,W1,0.026662997847169856,6000
0.08,12,bin_chi2_M40,0.004948888888888888,6000
0.08,12,bin_chi2_M80,0.012537777777777776,6000
0.08,12,bin_chi2_M120,0.017433333333333332,6000
0.08,13,KDE_chi2,0.03562938507231332,6000
0.08,13,well_TV,0.004333333333333356,6000
0.08,13,CDF_sup,0.010625000000000032,6000
0.08,13,W1,0.009623885538839283,6000
0.08,13,bin_chi2_M40,0.005988888888888888,6000
0.08,13,bin_chi2_M80,0.011404444444444444,6000
0.08,13,bin_chi2_M120,0.017586666666666667,6000
0.08,14,KDE_chi2,0.04470427071360564,6000
0.08,14,well_TV,0.0020000000000000018,6000
0.08,14,CDF_sup,0.009624999999999974,6000
0.08,14,W1,0.008376420286230753,6000
0.08,14,bin_chi2_M40,0.00466,6000
0.08,14,bin_chi2_M80,0.016702222222222222,6000
0.08,14,bin_chi2_M120,0.023740000000000004,6000
0.08,15,KDE_chi2,0.04211685236769944,6000
0.08,15,well_TV,0.00550000000000006,6000
0.08,15,CDF_sup,0.007625000000000017,6000
0.08,15,W1,0.01053434517465483,6000
0.08,15,bin_chi2_M40,0.005582222222222223,6000
0.08,15,bin_chi2_M80,0.019817777777777774,6000
0.08,15,bin_chi2_M120,0.022819999999999997,6000
0.08,16,KDE_chi2,0.039199826100695806,6000
0.08,16,well_TV,0.004166666666666652,6000
0.08,16,CDF_sup,0.007166666666666675,6000
0.08,16,W1,0.008254348593077476,6000
0.08,16,bin_chi2_M40,0.007537777777777777,6000
0.08,16,bin_chi2_M80,0.01352,6000
0.08,16,bin_chi2_M120,0.017560000000000003,6000
0.08,17,KDE_chi2,0.037494770036361494,6000
0.08,17,well_TV,0.0001666666666666483,6000
0.08,17,CDF_sup,0.006583333333333363,6000
0.08,17,W1,0.0037371104703983445,6000
0.08,17,bin_chi2_M40,0.00749777777777778,6000
0.08,17,bin_chi2_M80,0.012355555555555557,6000
0.08,17,bin_chi2_M120,0.01841333333333333,6000
0.08,18,KDE_chi2,0.039834005952659436,6000
0.08,18,well_TV,0.0050000000000001155,6000
0.08,18,CDF_sup,0.010166666666666654,6000
0.08,18,W1,0.013228202243435953,6000
0.08,18,bin_chi2_M40,0.004233333333333334,6000
0.08,18,bin_chi2_M80,0.01365333333333333,6000
0.08,18,bin_chi2_M120,0.013986666666666666,6000
0.08,19,KDE_chi2,0.04381715541801143,6000
0.08,19,well_TV,0.008333333333333304,6000
0.08,19,CDF_sup,0.013375000000000014,6000
0.08,19,W1,0.01723999500946676,6000
0.08,19,bin_chi2_M40,0.008271111111111111,6000
0.08,19,bin_chi2_M80,0.01106222222222222,6000
0.08,19,bin_chi2_M120,0.021653333333333333,6000
0.08,20,KDE_chi2,0.03901959586826091,6000
0.08,20,well_TV,0.004333333333333411,6000
0.08,20,CDF_sup,0.009999999999999988,6000
0.08,20,W1,0.012331029049596317,6000
0.08,20,bin_chi2_M40,0.005757777777777778,6000
0.08,20,bin_chi2_M80,0.010595555555555556,6000
0.08,20,bin_chi2_M120,0.019540000000000002,6000
0.08,21,KDE_chi2,0.03640076513939948,6000
0.08,21,well_TV,0.0015000000000000568,6000
0.08,21,CDF_sup,0.009749999999999964,6000
0.08,21,W1,0.007977564342182254,6000
0.08,21,bin_chi2_M40,0.00704,6000
0.08,21,bin_chi2_M80,0.011293333333333336,6000
0.08,21,bin_chi2_M120,0.015533333333333331,6000
0.08,22,KDE_chi2,0.03730397873672038,6000
0.08,22,well_TV,0.012166666666666659,6000
0.08,22,CDF_sup,0.014249999999999978,6000
0.08,22,W1,0.01916403137177305,6000
0.08,22,bin_chi2_M40,0.006653333333333332,6000
0.08,22,bin_chi2_M80,0.018497777777777776,6000
0.08,22,bin_chi2_M120,0.019159999999999996,6000
0.08,23,KDE_chi2,0.0422617473486753,6000
0.08,23,well_TV,0.011166666666666769,6000
0.08,23,CDF_sup,0.013083333333333304,6000
0.08,23,W1,0.02074546304336404,6000
0.08,23,bin_chi2_M40,0.006964444444444444,6000
0.08,23,bin_chi2_M80,0.015844444444444446,6000
0.08,23,bin_chi2_M120,0.021666666666666667,6000
0.08,24,KDE_chi2,0.03511596683722171,6000
0.08,24,well_TV,0.011333333333333417,6000
0.08,24,CDF_sup,0.01587499999999999,6000
0.08,24,W1,0.020233905629892586,6000
0.08,24,bin_chi2_M40,0.005175555555555555,6000
0.08,24,bin_chi2_M80,0.014164444444444443,6000
0.08,24,bin_chi2_M120,0.020006666666666666,6000
0.08,25,KDE_chi2,0.045451944575893924,6000
0.08,25,well_TV,0.0018333333333333535,6000
0.08,25,CDF_sup,0.007541666666666642,6000
0.08,25,W1,0.007589375036498233,6000
0.08,25,bin_chi2_M40,0.0037822222222222215,6000
0.08,25,bin_chi2_M80,0.014577777777777776,6000
0.08,25,bin_chi2_M120,0.02346,6000
0.08,26,KDE_chi2,0.03626710432169372,6000
0.08,26,well_TV,0.00033333333333335213,6000
0.08,26,CDF_sup,0.01091666666666662,6000
0.08,26,W1,0.005531957044091771,6000
0.08,26,bin_chi2_M40,0.008446666666666667,6000
0.08,26,bin_chi2_M80,0.010706666666666666,6000
0.08,26,bin_chi2_M120,0.01756,6000
0.08,27,KDE_chi2,0.04387610919057568,6000
0.08,27,well_TV,0.009166666666666656,6000
0.08,27,CDF_sup,0.012041666666666638,6000
0.08,27,W1,0.01835437697070838,6000
0.08,27,bin_chi2_M40,0.008126666666666667,6000
0.08,27,bin_chi2_M80,0.014066666666666665,6000
0.08,27,bin_chi2_M120,0.022273333333333332,6000
0.08,28,KDE_chi2,0.04129308438012611,6000
0.08,28,well_TV,0.0050000000000000044,6000
0.08,28,CDF_sup,0.005958333333333358,6000
0.08,28,W1,0.008415940115615538,6000
0.08,28,bin_chi2_M40,0.005426666666666665,6000
0.08,28,bin_chi2_M80,0.01299111111111111,6000
0.08,28,bin_chi2_M120,0.01631333333333333,6000
0.08,29,KDE_chi2,0.03587732150562516,6000
0.08,29,well_TV,0.009333333333333305,6000
0.08,29,CDF_sup,0.013041666666666632,6000
0.08,29,W1,0.01826341259592537,6000
0.08,29,bin_chi2_M40,0.008671111111111112,6000
0.08,29,bin_chi2_M80,0.013333333333333332,6000
0.08,29,bin_chi2_M120,0.01796666666666667,6000
0.08,30,KDE_chi2,0.03497228904385421,6000
0.08,30,well_TV,0.0028333333333333544,6000
0.08,30,CDF_sup,0.009708333333333308,6000
0.08,30,W1,0.009872806433870267,6000
0.08,30,bin_chi2_M40,0.006453333333333333,6000
0.08,30,bin_chi2_M80,0.014013333333333333,6000
0.08,30,bin_chi2_M120,0.023719999999999998,6000
0.08,31,KDE_chi2,0.03812848794902568,6000
0.08,31,well_TV,0.0004999999999999449,6000
0.08,31,CDF_sup,0.007541666666666707,6000
0.08,31,W1,0.006370678763766292,6000
0.08,31,bin_chi2_M40,0.005362222222222222,6000
0.08,31,bin_chi2_M80,0.014359999999999998,6000
0.08,31,bin_chi2_M120,0.021826666666666668,6000
0.08,32,KDE_chi2,0.040895763283881684,6000
0.08,32,well_TV,0.0010000000000000009,6000
0.08,32,CDF_sup,0.010208333333333338,6000
0.08,32,W1,0.005019316785323532,6000
0.08,32,bin_chi2_M40,0.006004444444444446,6000
0.08,32,bin_chi2_M80,0.013902222222222219,6000
0.08,32,bin_chi2_M120,0.017946666666666666,6000
0.08,33,KDE_chi2,0.03931452357937797,6000
0.08,33,well_TV,0.0028333333333333544,6000
0.08,33,CDF_sup,0.012666666666666652,6000
0.08,33,W1,0.008314495650169375,6000
0.08,33,bin_chi2_M40,0.006571111111111111,6000
0.08,33,bin_chi2_M80,0.011142222222222223,6000
0.08,33,bin_chi2_M120,0.019979999999999998,6000
0.08,34,KDE_chi2,0.042543633342721626,6000
0.08,34,well_TV,0.012333333333333307,6000
0.08,34,CDF_sup,0.015124999999999968,6000
0.08,34,W1,0.026517970628558873,6000
0.08,34,bin_chi2_M40,0.007088888888888888,6000
0.08,34,bin_chi2_M80,0.012519999999999998,6000
0.08,34,bin_chi2_M120,0.01644,6000
0.08,35,KDE_chi2,0.03553076237837818,6000
0.08,35,well_TV,0.01083333333333325,6000
0.08,35,CDF_sup,0.014833333333333316,6000
0.08,35,W1,0.019697830512771054,6000
0.08,35,bin_chi2_M40,0.006164444444444442,6000
0.08,35,bin_chi2_M80,0.01179111111111111,6000
0.08,35,bin_chi2_M120,0.017826666666666664,6000
0.08,36,KDE_chi2,0.03833010354434883,6000
0.08,36,well_TV,0.006333333333333302,6000
0.08,36,CDF_sup,0.013708333333333341,6000
0.08,36,W1,0.01758377662197602,6000
0.08,36,bin_chi2_M40,0.008377777777777779,6000
0.08,36,bin_chi2_M80,0.015235555555555553,6000
0.08,36,bin_chi2_M120,0.01623333333333334,6000
0.08,37,KDE_chi2,0.03993860378228181,6000
0.08,37,well_TV,0.005499999999999949,6000
0.08,37,CDF_sup,0.01362499999999998,6000
0.08,37,W1,0.016947993522654883,6000
0.08,37,bin_chi2_M40,0.005246666666666666,6000
0.08,37,bin_chi2_M80,0.010999999999999998,6000
0.08,37,bin_chi2_M120,0.018753333333333337,6000
0.08,38,KDE_chi2,0.035352524276194966,6000
0.08,38,well_TV,0.006166666666666709,6000
0.08,38,CDF_sup,0.0155416666666667,6000
0.08,38,W1,0.016999944621540558,6000
0.08,38,bin_chi2_M40,0.006624444444444443,6000
0.08,38,bin_chi2_M80,0.013968888888888885,6000
0.08,38,bin_chi2_M120,0.02168,6000
0.08,39,KDE_chi2,0.03709264690062726,6000
0.08,39,well_TV,0.0071666666666666545,6000
0.08,39,CDF_sup,0.0164166666666667,6000
0.08,39,W1,0.02250793021127175,6000
0.08,39,bin_chi2_M40,0.005622222222222221,6000
0.08,39,bin_chi2_M80,0.01601333333333333,6000
0.08,39,bin_chi2_M120,0.02048,6000
0.08,40,KDE_chi2,0.03922231233704444,6000
0.08,40,well_TV,0.0026666666666666505,6000
0.08,40,CDF_sup,0.005708333333333359,6000
0.08,40,W1,0.0067214197062433105,6000
0.08,40,bin_chi2_M40,0.006293333333333332,6000
0.08,40,bin_chi2_M80,0.009577777777777775,6000
0.08,40,bin_chi2_M120,0.01804,6000
0.08,41,KDE_chi2,0.041722050373859176,6000
0.08,41,well_TV,0.0,6000
0.08,41,CDF_sup,0.01633333333333329,6000
0.08,41,W1,0.010336342731926315,6000
0.08,41,bin_chi2_M40,0.005002222222222222,6000
0.08,41,bin_chi2_M80,0.015888888888888886,6000
0.08,41,bin_chi2_M120,0.019940000000000003,6000
0.08,42,KDE_chi2,0.03983711442672105,6000
0.08,42,well_TV,0.006166666666666654,6000
0.08,42,CDF_sup,0.006541666666666688,6000
0.08,42,W1,0.008914048670250842,6000
0.08,42,bin_chi2_M40,0.006102222222222222,6000
0.08,42,bin_chi2_M80,0.01555111111111111,6000
0.08,42,bin_chi2_M120,0.01764,6000
0.08,43,KDE_chi2,0.04034262429304307,6000
0.08,43,well_TV,0.007000000000000006,6000
0.08,43,CDF_sup,0.011875000000000014,6000
0.08,43,W1,0.01284627543966477,6000
0.08,43,bin_chi2_M40,0.007573333333333333,6000
0.08,43,bin_chi2_M80,0.013115555555555554,6000
0.08,43,bin_chi2_M120,0.01997333333333333,6000
0.08,44,KDE_chi2,0.04233976823413907,6000
0.08,44,well_TV,0.01316666666666666,6000
0.08,44,CDF_sup,0.01500000000000002,6000
0.08,44,W1,0.02020579130763097,6000
0.08,44,bin_chi2_M40,0.008546666666666668,6000
0.08,44,bin_chi2_M80,0.012297777777777777,6000
0.08,44,bin_chi2_M120,0.019293333333333336,6000
0.08,45,KDE_chi2,0.03960152194049353,6000
0.08,45,well_TV,0.0045000000000000595,6000
0.08,45,CDF_sup,0.013333333333333367,6000
0.08,45,W1,0.014762411572670622,6000
0.08,45,bin_chi2_M40,0.005813333333333332,6000
0.08,45,bin_chi2_M80,0.012826666666666665,6000
0.08,45,bin_chi2_M120,0.019626666666666667,6000
0.08,46,KDE_chi2,0.03633974607084828,6000
0.08,46,well_TV,0.0004999999999999449,6000
0.08,46,CDF_sup,0.008625000000000039,6000
0.08,46,W1,0.005782639057786965,6000
0.08,46,bin_chi2_M40,0.006493333333333334,6000
0.08,46,bin_chi2_M80,0.010053333333333334,6000
0.08,46,bin_chi2_M120,0.020153333333333336,6000
0.08,47,KDE_chi2,0.0421946482390188,6000
0.08,47,well_TV,0.006166666666666654,6000
0.08,47,CDF_sup,0.0067916666666667045,6000
0.08,47,W1,0.009731399554444924,6000
0.08,47,bin_chi2_M40,0.006335555555555554,6000
0.08,47,bin_chi2_M80,0.011693333333333332,6000
0.08,47,bin_chi2_M120,0.020333333333333335,6000
0.08,48,KDE_chi2,0.03893643089303348,6000
0.08,48,well_TV,0.002833333333333299,6000
0.08,48,CDF_sup,0.006416666666666668,6000
0.08,48,W1,0.006966546814388325,6000
0.08,48,bin_chi2_M40,0.0071288888888888895,6000
0.08,48,bin_chi2_M80,0.011724444444444444,6000
0.08,48,bin_chi2_M120,0.014273333333333332,6000
0.08,49,KDE_chi2,0.04124977254026632,6000
0.08,49,well_TV,0.0043333333333333,6000
0.08,49,CDF_sup,0.0065416666666666245,6000
0.08,49,W1,0.00844225886471894,6000
0.08,49,bin_chi2_M40,0.007564444444444445,6000
0.08,49,bin_chi2_M80,0.012657777777777776,6000
0.08,49,bin_chi2_M120,0.01942,6000
0.08,50,KDE_chi2,0.04466986452344408,6000
0.08,50,well_TV,0.006166666666666654,6000
0.08,50,CDF_sup,0.017458333333333298,6000
0.08,50,W1,0.018028221107450667,6000
0.08,50,bin_chi2_M40,0.007137777777777778,6000
0.08,50,bin_chi2_M80,0.012262222222222223,6000
0.08,50,bin_chi2_M120,0.017606666666666666,6000
0.08,51,KDE_chi2,0.04267924580881401,6000
0.08,51,well_TV,0.007333333333333358,6000
0.08,51,CDF_sup,0.0149166666666667,6000
0.08,51,W1,0.0188408847190625,6000
0.08,51,bin_chi2_M40,0.006711111111111111,6000
0.08,51,bin_chi2_M80,0.014217777777777775,6000
0.08,51,bin_chi2_M120,0.02351333333333333,6000
0.08,52,KDE_chi2,0.045134269177907214,6000
0.08,52,well_TV,0.006333333333333302,6000
0.08,52,CDF_sup,0.009416666666666684,6000
0.08,52,W1,0.012107263446474115,6000
0.08,52,bin_chi2_M40,0.006257777777777778,6000
0.08,52,bin_chi2_M80,0.013226666666666666,6000
0.08,52,bin_chi2_M120,0.018513333333333333,6000
0.08,53,KDE_chi2,0.03868744247110924,6000
0.08,53,well_TV,0.010000000000000009,6000
0.08,53,CDF_sup,0.011208333333333317,6000
0.08,53,W1,0.018636140195277293,6000
0.08,53,bin_chi2_M40,0.0048,6000
0.08,53,bin_chi2_M80,0.017951111111111112,6000
0.08,53,bin_chi2_M120,0.016413333333333335,6000
0.08,54,KDE_chi2,0.03942050590078562,6000
0.08,54,well_TV,0.0,6000
0.08,54,CDF_sup,0.01437500000000003,6000
0.08,54,W1,0.006990236783446531,6000
0.08,54,bin_chi2_M40,0.007982222222222224,6000
0.08,54,bin_chi2_M80,0.011991111111111112,6000
0.08,54,bin_chi2_M120,0.017813333333333337,6000
0.08,55,KDE_chi2,0.03990281480678118,6000
0.08,55,well_TV,0.0050000000000000044,6000
0.08,55,CDF_sup,0.01250000000000003,6000
0.08,55,W1,0.013524885466320665,6000
0.08,55,bin_chi2_M40,0.007299999999999999,6000
0.08,55,bin_chi2_M80,0.010826666666666668,6000
0.08,55,bin_chi2_M120,0.02573333333333333,6000
0.08,56,KDE_chi2,0.04071760553014009,6000
0.08,56,well_TV,0.0029999999999998916,6000
0.08,56,CDF_sup,0.00741666666666664,6000
0.08,56,W1,0.0071479111901243935,6000
0.08,56,bin_chi2_M40,0.008695555555555554,6000
0.08,56,bin_chi2_M80,0.013435555555555555,6000
0.08,56,bin_chi2_M120,0.02289333333333333,6000
0.08,57,KDE_chi2,0.038498409924462074,6000
0.08,57,well_TV,0.008333333333333304,6000
0.08,57,CDF_sup,0.014583333333333354,6000
0.08,57,W1,0.020553163844670472,6000
0.08,57,bin_chi2_M40,0.007108888888888889,6000
0.08,57,bin_chi2_M80,0.012733333333333333,6000
0.08,57,bin_chi2_M120,0.023520000000000003,6000
0.08,58,KDE_chi2,0.035468655784840014,6000
0.08,58,well_TV,0.0028333333333333544,6000
0.08,58,CDF_sup,0.009208333333333318,6000
0.08,58,W1,0.007780543102705401,6000
0.08,58,bin_chi2_M40,0.007875555555555556,6000
0.08,58,bin_chi2_M80,0.014697777777777777,6000
0.08,58,bin_chi2_M120,0.021826666666666668,6000
0.08,59,KDE_chi2,0.039804284527263395,6000
0.08,59,well_TV,0.007833333333333359,6000
0.08,59,CDF_sup,0.011249999999999977,6000
0.08,59,W1,0.0147238758120954,6000
0.08,59,bin_chi2_M40,0.0038022222222222225,6000
0.08,59,bin_chi2_M80,0.010475555555555554,6000
0.08,59,bin_chi2_M120,0.020673333333333335,6000
0.08,60,KDE_chi2,0.038278414225062826,6000
0.08,60,well_TV,0.0033333333333332993,6000
0.08,60,CDF_sup,0.010083333333333359,6000
0.08,60,W1,0.010567538026542839,6000
0.08,60,bin_chi2_M40,0.0076511111111111085,6000
0.08,60,bin_chi2_M80,0.01239111111111111,6000
0.08,60,bin_chi2_M120,0.01672,6000
0.08,61,KDE_chi2,0.043023354480042915,6000
0.08,61,well_TV,0.006166666666666654,6000
0.08,61,CDF_sup,0.012958333333333351,6000
0.08,61,W1,0.01513557090076375,6000
0.08,61,bin_chi2_M40,0.004435555555555556,6000
0.08,61,bin_chi2_M80,0.012866666666666665,6000
0.08,61,bin_chi2_M120,0.020346666666666666,6000
0.08,62,KDE_chi2,0.04445088973048186,6000
0.08,62,well_TV,0.0044999999999999485,6000
0.08,62,CDF_sup,0.006291666666666683,6000
0.08,62,W1,0.007293845398760311,6000
0.08,62,bin_chi2_M40,0.007315555555555554,6000
0.08,62,bin_chi2_M80,0.011755555555555556,6000
0.08,62,bin_chi2_M120,0.019646666666666666,6000
0.08,63,KDE_chi2,0.03972592142103819,6000
0.08,63,well_TV,0.007333333333333303,6000
0.08,63,CDF_sup,0.01575000000000002,6000
0.08,63,W1,0.020049147295967452,6000
0.08,63,bin_chi2_M40,0.005293333333333333,6000
0.08,63,bin_chi2_M80,0.014666666666666665,6000
0.08,63,bin_chi2_M120,0.01755333333333333,6000
0.07,0,KDE_chi2,0.052414264851387705,6000
0.07,0,well_TV,0.008000000000000007,6000
0.07,0,CDF_sup,0.011166666666666686,6000
0.07,0,W1,0.016411454480741383,6000
0.07,0,bin_chi2_M40,0.009982222222222222,6000
0.07,0,bin_chi2_M80,0.012542222222222222,6000
0.07,0,bin_chi2_M120,0.022146666666666665,6000
0.07,1,KDE_chi2,0.060727581911071526,6000
0.07,1,well_TV,0.002999999999999947,6000
0.07,1,CDF_sup,0.011250000000000034,6000
0.07,1,W1,0.00880837710197591,6000
0.07,1,bin_chi2_M40,0.007533333333333334,6000
0.07,1,bin_chi2_M80,0.01683111111111111,6000
0.07,1,bin_chi2_M120,0.021153333333333333,6000
0.07,2,KDE_chi2,0.06064156868666999,6000
0.07,2,well_TV,0.0016666666666667052,6000
0.07,2,CDF_sup,0.012041666666666636,6000
0.07,2,W1,0.005833097200804328,6000
0.07,2,bin_chi2_M40,0.006591111111111111,6000
0.07,2,bin_chi2_M80,0.014839999999999999,6000
0.07,2,bin_chi2_M120,0.023106666666666668,6000
0.07,3,KDE_chi2,0.050289465193146844,6000
0.07,3,well_TV,0.004833333333333245,6000
0.07,3,CDF_sup,0.013458333333333322,6000
0.07,3,W1,0.010723858836159759,6000
0.07,3,bin_chi2_M40,0.008144444444444447,6000
0.07,3,bin_chi2_M80,0.015115555555555554,6000
0.07,3,bin_chi2_M120,0.01957333333333333,6000
0.07,4,KDE_chi2,0.04841845980792732,6000
0.07,4,well_TV,0.009166666666666656,6000
0.07,4,CDF_sup,0.012291666666666696,6000
0.07,4,W1,0.019876617828400264,6000
0.07,4,bin_chi2_M40,0.004962222222222224,6000
0.07,4,bin_chi2_M80,0.011991111111111112,6000
0.07,4,bin_chi2_M120,0.01619333333333333,6000
0.07,5,KDE_chi2,0.05452402391802462,6000
0.07,5,well_TV,0.006999999999999951,6000
0.07,5,CDF_sup,0.013125000000000006,6000
0.07,5,W1,0.017015360217587882,6000
0.07,5,bin_chi2_M40,0.003626666666666667,6000
0.07,5,bin_chi2_M80,0.01043111111111111,6000
0.07,5,bin_chi2_M120,0.016086666666666666,6000
0.07,6,KDE_chi2,0.05247321886648978,6000
0.07,6,well_TV,0.004166666666666652,6000
0.07,6,CDF_sup,0.01333333333333334,6000
0.07,6,W1,0.01449895805609697,6000
0.07,6,bin_chi2_M40,0.007104444444444443,6000
0.07,6,bin_chi2_M80,0.015408888888888885,6000
0.07,6,bin_chi2_M120,0.020366666666666665,6000
0.07,7,KDE_chi2,0.05359634645900162,6000
0.07,7,well_TV,0.00216666666666665,6000
0.07,7,CDF_sup,0.007208333333333343,6000
0.07,7,W1,0.0056038896497403925,6000
0.07,7,bin_chi2_M40,0.007535555555555555,6000
0.07,7,bin_chi2_M80,0.013222222222222224,6000
0.07,7,bin_chi2_M120,0.01974,6000
0.07,8,KDE_chi2,0.053832846371650825,6000
0.07,8,well_TV,0.0010000000000000009,6000
0.07,8,CDF_sup,0.006666666666666656,6000
0.07,8,W1,0.005044024873503776,6000
0.07,8,bin_chi2_M40,0.007022222222222223,6000
0.07,8,bin_chi2_M80,0.010875555555555555,6000
0.07,8,bin_chi2_M120,0.020486666666666667,6000
0.07,9,KDE_chi2,0.05254870716079142,6000
0.07,9,well_TV,0.0016666666666667052,6000
0.07,9,CDF_sup,0.007500000000000036,6000
0.07,9,W1,0.005747033960993891,6000
0.07,9,bin_chi2_M40,0.004042222222222223,6000
0.07,9,bin_chi2_M80,0.018608888888888887,6000
0.07,9,bin_chi2_M120,0.020826666666666667,6000
0.07,10,KDE_chi2,0.04664905503049459,6000
0.07,10,well_TV,0.0015000000000000568,6000
0.07,10,CDF_sup,0.0105416666666667,6000
0.07,10,W1,0.007100663569018599,6000
0.07,10,bin_chi2_M40,0.005568888888888889,6000
0.07,10,bin_chi2_M80,0.013266666666666666,6000
0.07,10,bin_chi2_M120,0.019520000000000003,6000
0.07,11,KDE_chi2,0.05047988821076436,6000
0.07,11,well_TV,0.00016666666666670382,6000
0.07,11,CDF_sup,0.01208333333333329,6000
0.07,11,W1,0.004803621602547145,6000
0.07,11,bin_chi2_M40,0.0077244444444444435,6000
0.07,11,bin_chi2_M80,0.014195555555555555,6000
0.07,11,bin_chi2_M120,0.018760000000000002,6000
0.07,12,KDE_chi2,0.053504468509438206,6000
0.07,12,well_TV,0.0018333333333333535,6000
0.07,12,CDF_sup,0.005375000000000008,6000
0.07,12,W1,0.0045068905642246145,6000
0.07,12,bin_chi2_M40,0.006568888888888891,6000
0.07,12,bin_chi2_M80,0.01095111111111111,6000
0.07,12,bin_chi2_M120,0.02064,6000
0.07,13,KDE_chi2,0.05433512419001638,6000
0.07,13,well_TV,0.0044999999999999485,6000
0.07,13,CDF_sup,0.01083333333333332,6000
0.07,13,W1,0.012801852015167491,6000
0.07,13,bin_chi2_M40,0.004351111111111111,6000
0.07,13,bin_chi2_M80,0.015582222222222223,6000
0.07,13,bin_chi2_M120,0.018293333333333335,6000
0.07,14,KDE_chi2,0.05028205213143889,6000
0.07,14,well_TV,0.007833333333333359,6000
0.07,14,CDF_sup,0.012749999999999997,6000
0.07,14,W1,0.016989345689498503,6000
0.07,14,bin_chi2_M40,0.012237777777777776,6000
0.07,14,bin_chi2_M80,0.017004444444444444,6000
0.07,14,bin_chi2_M120,0.018980000000000004,6000
0.07,15,KDE_chi2,0.05574825028279666,6000
0.07,15,well_TV,0.0029999999999998916,6000
0.07,15,CDF_sup,0.005791666666666702,6000
0.07,15,W1,0.005694743155392473,6000
0.07,15,bin_chi2_M40,0.0053777777777777765,6000
0.07,15,bin_chi2_M80,0.011155555555555554,6000
0.07,15,bin_chi2_M120,0.01935333333333333,6000
0.07,16,KDE_chi2,0.051627195919603346,6000
0.07,16,well_TV,0.005666666666666653,6000
0.07,16,CDF_sup,0.011125000000000034,6000
0.07,16,W1,0.011824207221318845,6000
0.07,16,bin_chi2_M40,0.008528888888888888,6000
0.07,16,bin_chi2_M80,0.011786666666666664,6000
0.07,16,bin_chi2_M120,0.018940000000000002,6000
0.07,17,KDE_chi2,0.046577720120250035,6000
0.07,17,well_TV,0.0044999999999999485,6000
0.07,17,CDF_sup,0.010083333333333316,6000
0.07,17,W1,0.010320345866992531,6000
0.07,17,bin_chi2_M40,0.004988888888888887,6000
0.07,17,bin_chi2_M80,0.014973333333333337,6000
0.07,17,bin_chi2_M120,0.017006666666666666,6000
0.07,18,KDE_chi2,0.05442597168482087,6000
0.07,18,well_TV,0.002833333333333299,6000
0.07,18,CDF_sup,0.007166666666666623,6000
0.07,18,W1,0.00530895640166714,6000
0.07,18,bin_chi2_M40,0.0060933333333333325,6000
0.07,18,bin_chi2_M80,0.015368888888888887,6000
0.07,18,bin_chi2_M120,0.02025333333333333,6000
0.07,19,KDE_chi2,0.056200648852061316,6000
0.07,19,well_TV,0.0038333333333333552,6000
0.07,19,CDF_sup,0.011666666666666685,6000
0.07,19,W1,0.011941110220194317,6000
0.07,19,bin_chi2_M40,0.005828888888888887,6000
0.07,19,bin_chi2_M80,0.009559999999999999,6000
0.07,19,bin_chi2_M120,0.02062,6000
0.07,20,KDE_chi2,0.055622842274853763,6000
0.07,20,well_TV,0.0028333333333333544,6000
0.07,20,CDF_sup,0.009458333333333329,6000
0.07,20,W1,0.007111759099082684,6000
0.07,20,bin_chi2_M40,0.00613111111111111,6000
0.07,20,bin_chi2_M80,0.013924444444444444,6000
0.07,20,bin_chi2_M120,0.019006666666666665,6000
0.07,21,KDE_chi2,0.05220178661675215,6000
0.07,21,well_TV,0.007833333333333359,6000
0.07,21,CDF_sup,0.009750000000000023,6000
0.07,21,W1,0.01286673951082074,6000
0.07,21,bin_chi2_M40,0.009048888888888888,6000
0.07,21,bin_chi2_M80,0.01432,6000
0.07,21,bin_chi2_M120,0.01548,6000
0.07,22,KDE_chi2,0.0495849622921925,6000
0.07,22,well_TV,0.010000000000000009,6000
0.07,22,CDF_sup,0.012291666666666645,6000
0.07,22,W1,0.015059382130138039,6000
0.07,22,bin_chi2_M40,0.006855555555555556,6000
0.07,22,bin_chi2_M80,0.013022222222222221,6000
0.07,22,bin_chi2_M120,0.020346666666666666,6000
0.07,23,KDE_chi2,0.05115853810415379,6000
0.07,23,well_TV,0.005500000000000005,6000
0.07,23,CDF_sup,0.00841666666666669,6000
0.07,23,W1,0.010363130936231334,6000
0.07,23,bin_chi2_M40,0.007368888888888889,6000
0.07,23,bin_chi2_M80,0.010226666666666665,6000
0.07,23,bin_chi2_M120,0.017146666666666668,6000
0.07,24,KDE_chi2,0.052126217737728436,6000
0.07,24,well_TV,0.0020000000000000573,6000
0.07,24,CDF_sup,0.011625000000000042,6000
0.07,24,W1,0.009356007009489065,6000
0.07,24,bin_chi2_M40,0.007517777777777776,6000
0.07,24,bin_chi2_M80,0.010817777777777777,6000
0.07,24,bin_chi2_M120,0.0232,6000
0.07,25,KDE_chi2,0.055121484993454914,6000
0.07,25,well_TV,0.0006666666666667043,6000
0.07,25,CDF_sup,0.0073750000000000135,6000
0.07,25,W1,0.006810664853915601,6000
0.07,25,bin_chi2_M40,0.006262222222222222,6000
0.07,25,bin_chi2_M80,0.013595555555555552,6000
0.07,25,bin_chi2_M120,0.020473333333333333,6000
0.07,26,KDE_chi2,0.05818958887780755,6000
0.07,26,well_TV,0.008000000000000007,6000
0.07,26,CDF_sup,0.011916666666666688,6000
0.07,26,W1,0.017070027851057892,6000
0.07,26,bin_chi2_M40,0.007775555555555556,6000
0.07,26,bin_chi2_M80,0.01112,6000
0.07,26,bin_chi2_M120,0.019566666666666666,6000
0.07,27,KDE_chi2,0.05617704678080907,6000
0.07,27,well_TV,0.007833333333333359,6000
0.07,27,CDF_sup,0.01379166666666665,6000
0.07,27,W1,0.017561649277306125,6000
0.07,27,bin_chi2_M40,0.004586666666666666,6000
0.07,27,bin_chi2_M80,0.011493333333333331,6000
0.07,27,bin_chi2_M120,0.02015333333333333,6000
0.07,28,KDE_chi2,0.05025898692998905,6000
0.07,28,well_TV,0.0009999999999998899,6000
0.07,28,CDF_sup,0.012916666666666653,6000
0.07,28,W1,0.007251292090312371,6000
0.07,28,bin_chi2_M40,0.0063,6000
0.07,28,bin_chi2_M80,0.013511111111111111,6000
0.07,28,bin_chi2_M120,0.02186666666666667,6000
0.07,29,KDE_chi2,0.04717191018481047,6000
0.07,29,well_TV,0.005166666666666653,6000
0.07,29,CDF_sup,0.014416666666666645,6000
0.07,29,W1,0.014749175097539965,6000
0.07,29,bin_chi2_M40,0.006124444444444444,6000
0.07,29,bin_chi2_M80,0.013924444444444444,6000
0.07,29,bin_chi2_M120,0.023213333333333332,6000
0.07,30,KDE_chi2,0.04856966697267161,6000
0.07,30,well_TV,0.0026666666666666505,6000
0.07,30,CDF_sup,0.008875000000000034,6000
0.07,30,W1,0.007964942359044451,6000
0.07,30,bin_chi2_M40,0.0074488888888888894,6000
0.07,30,bin_chi2_M80,0.01184444444444444,6000
0.07,30,bin_chi2_M120,0.024480000000000002,6000
0.07,31,KDE_chi2,0.05902453175102757,6000
0.07,31,well_TV,0.0043333333333333,6000
0.07,31,CDF_sup,0.01529166666666663,6000
0.07,31,W1,0.013899035735237122,6000
0.07,31,bin_chi2_M40,0.006648888888888888,6000
0.07,31,bin_chi2_M80,0.01210222222222222,6000
0.07,31,bin_chi2_M120,0.01993333333333333,6000
0.07,32,KDE_chi2,0.051051160051720265,6000
0.07,32,well_TV,0.0028333333333333544,6000
0.07,32,CDF_sup,0.008416666666666696,6000
0.07,32,W1,0.007794579250285992,6000
0.07,32,bin_chi2_M40,0.004677777777777778,6000
0.07,32,bin_chi2_M80,0.01300888888888889,6000
0.07,32,bin_chi2_M120,0.019159999999999996,6000
0.07,33,KDE_chi2,0.05576739397487916,6000
0.07,33,well_TV,0.0016666666666665941,6000
0.07,33,CDF_sup,0.007458333333333341,6000
0.07,33,W1,0.0062639294628695705,6000
0.07,33,bin_chi2_M40,0.0054022222222222215,6000
0.07,33,bin_chi2_M80,0.008231111111111113,6000
0.07,33,bin_chi2_M120,0.016853333333333335,6000
0.07,34,KDE_chi2,0.06350346949444427,6000
0.07,34,well_TV,0.011166666666666658,6000
0.07,34,CDF_sup,0.013833333333333345,6000
0.07,34,W1,0.017879942801473533,6000
0.07,34,bin_chi2_M40,0.008317777777777778,6000
0.07,34,bin_chi2_M80,0.013595555555555552,6000
0.07,34,bin_chi2_M120,0.01832,6000
0.07,35,KDE_chi2,0.05035615482533749,6000
0.07,35,well_TV,0.0018333333333333535,6000
0.07,35,CDF_sup,0.006875000000000026,6000
0.07,35,W1,0.005876592275332533,6000
0.07,35,bin_chi2_M40,0.005826666666666666,6000
0.07,35,bin_chi2_M80,0.009884444444444442,6000
0.07,35,bin_chi2_M120,0.01584666666666667,6000
0.07,36,KDE_chi2,0.05545509795120439,6000
0.07,36,well_TV,0.008499999999999952,6000
0.07,36,CDF_sup,0.015500000000000017,6000
0.07,36,W1,0.023172059147861423,6000
0.07,36,bin_chi2_M40,0.00463111111111111,6000
0.07,36,bin_chi2_M80,0.012826666666666667,6000
0.07,36,bin_chi2_M120,0.026719999999999997,6000
0.07,37,KDE_chi2,0.05119809385005279,6000
0.07,37,well_TV,0.0013333333333332975,6000
0.07,37,CDF_sup,0.00895833333333332,6000
0.07,37,W1,0.004831648054916304,6000
0.07,37,bin_chi2_M40,0.006646666666666669,6000
0.07,37,bin_chi2_M80,0.01328,6000
0.07,37,bin_chi2_M120,0.020493333333333336,6000
0.07,38,KDE_chi2,0.045061778756312905,6000
0.07,38,well_TV,0.009500000000000008,6000
0.07,38,CDF_sup,0.017458333333333364,6000
0.07,38,W1,0.018791552473128324,6000
0.07,38,bin_chi2_M40,0.003982222222222223,6000
0.07,38,bin_chi2_M80,0.00835111111111111,6000
0.07,38,bin_chi2_M120,0.021753333333333333,6000
0.07,39,KDE_chi2,0.056017424352367506,6000
0.07,39,well_TV,0.010333333333333306,6000
0.07,39,CDF_sup,0.01566666666666664,6000
0.07,39,W1,0.01913678919992782,6000
0.07,39,bin_chi2_M40,0.005106666666666667,6000
0.07,39,bin_chi2_M80,0.014724444444444443,6000
0.07,39,bin_chi2_M120,0.02073333333333333,6000
0.07,40,KDE_chi2,0.04814860421273716,6000
0.07,40,well_TV,0.0018333333333333535,6000
0.07,40,CDF_sup,0.009541666666666709,6000
0.07,40,W1,0.006607137694197979,6000
0.07,40,bin_chi2_M40,0.005922222222222223,6000
0.07,40,bin_chi2_M80,0.017662222222222218,6000
0.07,40,bin_chi2_M120,0.01987333333333333,6000
0.07,41,KDE_chi2,0.050806987410730337,6000
0.07,41,well_TV,0.0020000000000000018,6000
0.07,41,CDF_sup,0.007916666666666702,6000
0.07,41,W1,0.006499211904315191,6000
0.07,41,bin_chi2_M40,0.00906888888888889,6000
0.07,41,bin_chi2_M80,0.015057777777777778,6000
0.07,41,bin_chi2_M120,0.02074,6000
0.07,42,KDE_chi2,0.05467486892430132,6000
0.07,42,well_TV,0.00666666666666671,6000
0.07,42,CDF_sup,0.00941666666666667,6000
0.07,42,W1,0.0108675900522212,6000
0.07,42,bin_chi2_M40,0.004704444444444445,6000
0.07,42,bin_chi2_M80,0.015928888888888888,6000
0.07,42,bin_chi2_M120,0.02058,6000
0.07,43,KDE_chi2,0.04976481344081704,6000
0.07,43,well_TV,0.0030000000000000027,6000
0.07,43,CDF_sup,0.006041666666666645,6000
0.07,43,W1,0.005816552392996242,6000
0.07,43,bin_chi2_M40,0.005140000000000001,6000
0.07,43,bin_chi2_M80,0.014946666666666665,6000
0.07,43,bin_chi2_M120,0.023673333333333338,6000
0.07,44,KDE_chi2,0.05845453948487207,6000
0.07,44,well_TV,0.012166666666666659,6000
0.07,44,CDF_sup,0.012999999999999979,6000
0.07,44,W1,0.018358713560998084,6000
0.07,44,bin_chi2_M40,0.005268888888888888,6000
0.07,44,bin_chi2_M80,0.0104,6000
0.07,44,bin_chi2_M120,0.0169,6000
0.07,45,KDE_chi2,0.051205757409704324,6000
0.07,45,well_TV,0.003500000000000003,6000
0.07,45,CDF_sup,0.011541666666666707,6000
0.07,45,W1,0.012197400087279243,6000
0.07,45,bin_chi2_M40,0.006146666666666667,6000
0.07,45,bin_chi2_M80,0.011071111111111111,6000
0.07,45,bin_chi2_M120,0.018713333333333335,6000
0.07,46,KDE_chi2,0.0577114460144091,6000
0.07,46,well_TV,0.0016666666666666496,6000
0.07,46,CDF_sup,0.011000000000000006,6000
0.07,46,W1,0.007849333765376054,6000
0.07,46,bin_chi2_M40,0.006335555555555554,6000
0.07,46,bin_chi2_M80,0.012066666666666663,6000
0.07,46,bin_chi2_M120,0.017060000000000002,6000
0.07,47,KDE_chi2,0.05411502562832657,6000
0.07,47,well_TV,0.013500000000000068,6000
0.07,47,CDF_sup,0.01654166666666664,6000
0.07,47,W1,0.02696176803232596,6000
0.07,47,bin_chi2_M40,0.0036955555555555552,6000
0.07,47,bin_chi2_M80,0.010568888888888892,6000
0.07,47,bin_chi2_M120,0.01768,6000
0.07,48,KDE_chi2,0.05370939408406419,6000
0.07,48,well_TV,0.011666666666666659,6000
0.07,48,CDF_sup,0.02004166666666671,6000
0.07,48,W1,0.026974821809305938,6000
0.07,48,bin_chi2_M40,0.005764444444444443,6000
0.07,48,bin_chi2_M80,0.012786666666666667,6000
0.07,48,bin_chi2_M120,0.021126666666666665,6000
0.07,49,KDE_chi2,0.04765283937278057,6000
0.07,49,well_TV,0.011166666666666658,6000
0.07,49,CDF_sup,0.012000000000000025,6000
0.07,49,W1,0.016799709268022968,6000
0.07,49,bin_chi2_M40,0.0065622222222222245,6000
0.07,49,bin_chi2_M80,0.015266666666666664,6000
0.07,49,bin_chi2_M120,0.020546666666666664,6000
0.07,50,KDE_chi2,0.04915659154123504,6000
0.07,50,well_TV,0.0035000000000000586,6000
0.07,50,CDF_sup,0.012541666666666652,6000
0.07,50,W1,0.012985079134451016,6000
0.07,50,bin_chi2_M40,0.009235555555555556,6000
0.07,50,bin_chi2_M80,0.012213333333333333,6000
0.07,50,bin_chi2_M120,0.0173,6000
0.07,51,KDE_chi2,0.051713233453001,6000
0.07,51,well_TV,0.007500000000000062,6000
0.07,51,CDF_sup,0.010083333333333359,6000
0.07,51,W1,0.016284005147489122,6000
0.07,51,bin_chi2_M40,0.009131111111111114,6000
0.07,51,bin_chi2_M80,0.01863111111111111,6000
0.07,51,bin_chi2_M120,0.022420000000000002,6000
0.07,52,KDE_chi2,0.05748706174073921,6000
0.07,52,well_TV,0.0020000000000000018,6000
0.07,52,CDF_sup,0.009833333333333303,6000
0.07,52,W1,0.008155196492199443,6000
0.07,52,bin_chi2_M40,0.0064577777777777776,6000
0.07,52,bin_chi2_M80,0.018506666666666664,6000
0.07,52,bin_chi2_M120,0.023246666666666665,6000
0.07,53,KDE_chi2,0.04718694511776826,6000
0.07,53,well_TV,0.015000000000000013,6000
0.07,53,CDF_sup,0.02208333333333332,6000
0.07,53,W1,0.03197278017832645,6000
0.07,53,bin_chi2_M40,0.007575555555555554,6000
0.07,53,bin_chi2_M80,0.011991111111111109,6000
0.07,53,bin_chi2_M120,0.02227333333333334,6000
0.07,54,KDE_chi2,0.04929515371388557,6000
0.07,54,well_TV,0.003500000000000003,6000
0.07,54,CDF_sup,0.011250000000000026,6000
0.07,54,W1,0.009511416299256538,6000
0.07,54,bin_chi2_M40,0.009962222222222223,6000
0.07,54,bin_chi2_M80,0.013986666666666668,6000
0.07,54,bin_chi2_M120,0.022520000000000002,6000
0.07,55,KDE_chi2,0.05736730724695188,6000
0.07,55,well_TV,0.00216666666666665,6000
0.07,55,CDF_sup,0.008666666666666626,6000
0.07,55,W1,0.005784353638923058,6000
0.07,55,bin_chi2_M40,0.009297777777777776,6000
0.07,55,bin_chi2_M80,0.017222222222222215,6000
0.07,55,bin_chi2_M120,0.021693333333333335,6000
0.07,56,KDE_chi2,0.055553267567603606,6000
0.07,56,well_TV,0.005333333333333412,6000
0.07,56,CDF_sup,0.009208333333333374,6000
0.07,56,W1,0.009805750650070241,6000
0.07,56,bin_chi2_M40,0.008413333333333332,6000
0.07,56,bin_chi2_M80,0.013737777777777776,6000
0.07,56,bin_chi2_M120,0.01858,6000
0.07,57,KDE_chi2,0.04762488888406606,6000
0.07,57,well_TV,0.0008333333333332971,6000
0.07,57,CDF_sup,0.012333333333333314,6000
0.07,57,W1,0.005849501757521245,6000
0.07,57,bin_chi2_M40,0.004962222222222223,6000
0.07,57,bin_chi2_M80,0.011102222222222222,6000
0.07,57,bin_chi2_M120,0.018093333333333333,6000
0.07,58,KDE_chi2,0.05215951902975151,6000
0.07,58,well_TV,0.012166666666666659,6000
0.07,58,CDF_sup,0.014499999999999978,6000
0.07,58,W1,0.023226492693751787,6000
0.07,58,bin_chi2_M40,0.005895555555555557,6000
0.07,58,bin_chi2_M80,0.01370222222222222,6000
0.07,58,bin_chi2_M120,0.021060000000000002,6000
0.07,59,KDE_chi2,0.05278877935396913,6000
0.07,59,well_TV,0.007500000000000062,6000
0.07,59,CDF_sup,0.010958333333333292,6000
0.07,59,W1,0.014750053884971508,6000
0.07,59,bin_chi2_M40,0.006184444444444445,6000
0.07,59,bin_chi2_M80,0.013177777777777778,6000
0.07,59,bin_chi2_M120,0.019046666666666663,6000
0.07,60,KDE_chi2,0.049827709879840046,6000
0.07,60,well_TV,0.009000000000000008,6000
0.07,60,CDF_sup,0.015833333333333366,6000
0.07,60,W1,0.020887365795497517,6000
0.07,60,bin_chi2_M40,0.005533333333333333,6000
0.07,60,bin_chi2_M80,0.014186666666666665,6000
0.07,60,bin_chi2_M120,0.024666666666666663,6000
0.07,61,KDE_chi2,0.05405859512011281,6000
0.07,61,well_TV,0.006166666666666654,6000
0.07,61,CDF_sup,0.012374999999999987,6000
0.07,61,W1,0.015718910263167917,6000
0.07,61,bin_chi2_M40,0.006866666666666668,6000
0.07,61,bin_chi2_M80,0.011924444444444446,6000
0.07,61,bin_chi2_M120,0.021826666666666668,6000
0.07,62,KDE_chi2,0.048060811436013776,6000
0.07,62,well_TV,0.012166666666666659,6000
0.07,62,CDF_sup,0.01887500000000003,6000
0.07,62,W1,0.02361038047941718,6000
0.07,62,bin_chi2_M40,0.004566666666666667,6000
0.07,62,bin_chi2_M80,0.013182222222222224,6000
0.07,62,bin_chi2_M120,0.021686666666666667,6000
0.07,63,KDE_chi2,0.05669223407661013,6000
0.07,63,well_TV,0.00216666666666665,6000
0.07,63,CDF_sup,0.006708333333333375,6000
0.07,63,W1,0.006440549433202585,6000
0.07,63,bin_chi2_M40,0.006619999999999999,6000
0.07,63,bin_chi2_M80,0.008844444444444446,6000
0.07,63,bin_chi2_M120,0.02249333333333333,6000
0.06,0,KDE_chi2,0.07092834053776553,6000
0.06,0,well_TV,0.006000000000000005,6000
0.06,0,CDF_sup,0.011624999999999976,6000
0.06,0,W1,0.011413460569966439,6000
0.06,0,bin_chi2_M40,0.004875555555555555,6000
0.06,0,bin_chi2_M80,0.012253333333333335,6000
0.06,0,bin_chi2_M120,0.022166666666666668,6000
0.06,1,KDE_chi2,0.07061624897700652,6000
0.06,1,well_TV,0.000500000000000056,6000
0.06,1,CDF_sup,0.013875000000000038,6000
0.06,1,W1,0.010149585963355839,6000
0.06,1,bin_chi2_M40,0.008673333333333332,6000
0.06,1,bin_chi2_M80,0.015684444444444442,6000
0.06,1,bin_chi2_M120,0.022046666666666666,6000
0.06,2,KDE_chi2,0.07145952630687312,6000
0.06,2,well_TV,0.001833333333333298,6000
0.06,2,CDF_sup,0.009041666666666661,6000
0.06,2,W1,0.005360085817091343,6000
0.06,2,bin_chi2_M40,0.006695555555555555,6000
0.06,2,bin_chi2_M80,0.01642222222222222,6000
0.06,2,bin_chi2_M120,0.01670666666666667,6000
0.06,3,KDE_chi2,0.0909283157837191,6000
0.06,3,well_TV,0.005166666666666653,6000
0.06,3,CDF_sup,0.015624999999999969,6000
0.06,3,W1,0.01356806700562873,6000
0.06,3,bin_chi2_M40,0.007644444444444444,6000
0.06,3,bin_chi2_M80,0.01288888888888889,6000
0.06,3,bin_chi2_M120,0.023193333333333337,6000
0.06,4,KDE_chi2,0.07416945341445325,6000
0.06,4,well_TV,0.003666666666666707,6000
0.06,4,CDF_sup,0.008958333333333356,6000
0.06,4,W1,0.009596116791858341,6000
0.06,4,bin_chi2_M40,0.0063755555555555544,6000
0.06,4,bin_chi2_M80,0.016968888888888888,6000
0.06,4,bin_chi2_M120,0.016186666666666665,6000
0.06,5,KDE_chi2,0.07307889031100731,6000
0.06,5,well_TV,0.0038333333333333552,6000
0.06,5,CDF_sup,0.009333333333333294,6000
0.06,5,W1,0.010920990505693798,6000
0.06,5,bin_chi2_M40,0.004226666666666665,6000
0.06,5,bin_chi2_M80,0.015182222222222218,6000
0.06,5,bin_chi2_M120,0.01872666666666667,6000
0.06,6,KDE_chi2,0.06792146107794303,6000
0.06,6,well_TV,0.0028333333333332433,6000
0.06,6,CDF_sup,0.007916666666666664,6000
0.06,6,W1,0.007292466483067169,6000
0.06,6,bin_chi2_M40,0.005873333333333333,6000
0.06,6,bin_chi2_M80,0.013577777777777775,6000
0.06,6,bin_chi2_M120,0.017513333333333332,6000
0.06,7,KDE_chi2,0.07779231127766964,6000
0.06,7,well_TV,0.003166666666666651,6000
0.06,7,CDF_sup,0.008833333333333344,6000
0.06,7,W1,0.007569607340460664,6000
0.06,7,bin_chi2_M40,0.004344444444444444,6000
0.06,7,bin_chi2_M80,0.015017777777777776,6000
0.06,7,bin_chi2_M120,0.018340000000000002,6000
0.06,8,KDE_chi2,0.08067173780526743,6000
0.06,8,well_TV,0.0016666666666667052,6000
0.06,8,CDF_sup,0.012749999999999997,6000
0.06,8,W1,0.006639726906866513,6000
0.06,8,bin_chi2_M40,0.006608888888888888,6000
0.06,8,bin_chi2_M80,0.01476,6000
0.06,8,bin_chi2_M120,0.0215,6000
0.06,9,KDE_chi2,0.0789365789983699,6000
0.06,9,well_TV,0.0006666666666666488,6000
0.06,9,CDF_sup,0.007750000000000012,6000
0.06,9,W1,0.004150736231776496,6000
0.06,9,bin_chi2_M40,0.008253333333333331,6000
0.06,9,bin_chi2_M80,0.01202222222222222,6000
0.06,9,bin_chi2_M120,0.01494,6000
0.06,10,KDE_chi2,0.06986329383761955,6000
0.06,10,well_TV,0.008666666666666656,6000
0.06,10,CDF_sup,0.016750000000000025,6000
0.06,10,W1,0.020141408704285692,6000
0.06,10,bin_chi2_M40,0.005364444444444444,6000
0.06,10,bin_chi2_M80,0.013599999999999998,6000
0.06,10,bin_chi2_M120,0.01741333333333333,6000
0.06,11,KDE_chi2,0.07561212819153712,6000
0.06,11,well_TV,0.0006666666666665932,6000
0.06,11,CDF_sup,0.007541666666666656,6000
0.06,11,W1,0.004575395069726125,6000
0.06,11,bin_chi2_M40,0.005853333333333334,6000
0.06,11,bin_chi2_M80,0.017164444444444447,6000
0.06,11,bin_chi2_M120,0.02054,6000
0.06,12,KDE_chi2,0.07743542129350563,6000
0.06,12,well_TV,0.003166666666666651,6000
0.06,12,CDF_sup,0.011333333333333338,6000
0.06,12,W1,0.006992313050466588,6000
0.06,12,bin_chi2_M40,0.0075822222222222185,6000
0.06,12,bin_chi2_M80,0.016253333333333335,6000
0.06,12,bin_chi2_M120,0.01873333333333333,6000
0.06,13,KDE_chi2,0.07854198714113954,6000
0.06,13,well_TV,0.009000000000000008,6000
0.06,13,CDF_sup,0.010624999999999971,6000
0.06,13,W1,0.01702746579282585,6000
0.06,13,bin_chi2_M40,0.008244444444444447,6000
0.06,13,bin_chi2_M80,0.009266666666666666,6000
0.06,13,bin_chi2_M120,0.022926666666666668,6000
0.06,14,KDE_chi2,0.07460432598593769,6000
0.06,14,well_TV,0.011666666666666659,6000
0.06,14,CDF_sup,0.015500000000000012,6000
0.06,14,W1,0.028093017841960513,6000
0.06,14,bin_chi2_M40,0.005611111111111112,6000
0.06,14,bin_chi2_M80,0.014457777777777776,6000
0.06,14,bin_chi2_M120,0.022893333333333335,6000
0.06,15,KDE_chi2,0.0809135724229183,6000
0.06,15,well_TV,0.006999999999999895,6000
0.06,15,CDF_sup,0.011208333333333305,6000
0.06,15,W1,0.014093696271024572,6000
0.06,15,bin_chi2_M40,0.004928888888888889,6000
0.06,15,bin_chi2_M80,0.011142222222222223,6000
0.06,15,bin_chi2_M120,0.0171,6000
0.06,16,KDE_chi2,0.0748581830920903,6000
0.06,16,well_TV,0.003166666666666651,6000
0.06,16,CDF_sup,0.007041666666666637,6000
0.06,16,W1,0.007458910366255936,6000
0.06,16,bin_chi2_M40,0.006897777777777776,6000
0.06,16,bin_chi2_M80,0.015795555555555556,6000
0.06,16,bin_chi2_M120,0.018933333333333337,6000
0.06,17,KDE_chi2,0.07873538259892757,6000
0.06,17,well_TV,0.0033333333333334103,6000
0.06,17,CDF_sup,0.009624999999999967,6000
0.06,17,W1,0.007629709937529443,6000
0.06,17,bin_chi2_M40,0.005746666666666667,6000
0.06,17,bin_chi2_M80,0.011395555555555558,6000
0.06,17,bin_chi2_M120,0.015313333333333332,6000
0.06,18,KDE_chi2,0.07554638324856944,6000
0.06,18,well_TV,0.0043333333333333,6000
0.06,18,CDF_sup,0.013499999999999983,6000
0.06,18,W1,0.01277104759404989,6000
0.06,18,bin_chi2_M40,0.0035822222222222223,6000
0.06,18,bin_chi2_M80,0.011084444444444442,6000
0.06,18,bin_chi2_M120,0.021753333333333333,6000
0.06,19,KDE_chi2,0.0792513929267428,6000
0.06,19,well_TV,0.0030000000000000027,6000
0.06,19,CDF_sup,0.009750000000000009,6000
0.06,19,W1,0.005749113861938954,6000
0.06,19,bin_chi2_M40,0.010873333333333332,6000
0.06,19,bin_chi2_M80,0.013319999999999999,6000
0.06,19,bin_chi2_M120,0.021566666666666665,6000
0.06,20,KDE_chi2,0.07130694266358366,6000
0.06,20,well_TV,0.004333333333333356,6000
0.06,20,CDF_sup,0.005708333333333312,6000
0.06,20,W1,0.006413495218041205,6000
0.06,20,bin_chi2_M40,0.004968888888888889,6000
0.06,20,bin_chi2_M80,0.013302222222222222,6000
0.06,20,bin_chi2_M120,0.01994,6000
0.06,21,KDE_chi2,0.07603518620510921,6000
0.06,21,well_TV,0.0011666666666667047,6000
0.06,21,CDF_sup,0.005499999999999971,6000
0.06,21,W1,0.003200046370167222,6000
0.06,21,bin_chi2_M40,0.006397777777777777,6000
0.06,21,bin_chi2_M80,0.011888888888888888,6000
0.06,21,bin_chi2_M120,0.018513333333333333,6000
0.06,22,KDE_chi2,0.06773019595867243,6000
0.06,22,well_TV,0.0016666666666667052,6000
0.06,22,CDF_sup,0.00854166666666666,6000
0.06,22,W1,0.006718801445467501,6000
0.06,22,bin_chi2_M40,0.011637777777777778,6000
0.06,22,bin_chi2_M80,0.014066666666666667,6000
0.06,22,bin_chi2_M120,0.01822666666666667,6000
0.06,23,KDE_chi2,0.07327087973964175,6000
0.06,23,well_TV,0.002666666666666595,6000
0.06,23,CDF_sup,0.0062083333333333626,6000
0.06,23,W1,0.006267581579477172,6000
0.06,23,bin_chi2_M40,0.0065044444444444455,6000
0.06,23,bin_chi2_M80,0.012648888888888888,6000
0.06,23,bin_chi2_M120,0.016919999999999998,6000
0.06,24,KDE_chi2,0.07305667836212237,6000
0.06,24,well_TV,0.0038333333333333552,6000
0.06,24,CDF_sup,0.007541666666666646,6000
0.06,24,W1,0.009387670329548266,6000
0.06,24,bin_chi2_M40,0.008146666666666667,6000
0.06,24,bin_chi2_M80,0.014813333333333333,6000
0.06,24,bin_chi2_M120,0.019433333333333337,6000
0.06,25,KDE_chi2,0.07032718061343221,6000
0.06,25,well_TV,0.0033333333333332993,6000
0.06,25,CDF_sup,0.009541666666666646,6000
0.06,25,W1,0.008202034266129584,6000
0.06,25,bin_chi2_M40,0.006846666666666666,6000
0.06,25,bin_chi2_M80,0.011675555555555554,6000
0.06,25,bin_chi2_M120,0.02240666666666667,6000
0.06,26,KDE_chi2,0.07634522602121165,6000
0.06,26,well_TV,0.0043333333333333,6000
0.06,26,CDF_sup,0.010333333333333312,6000
0.06,26,W1,0.01086773177384856,6000
0.06,26,bin_chi2_M40,0.005882222222222221,6000
0.06,26,bin_chi2_M80,0.013435555555555555,6000
0.06,26,bin_chi2_M120,0.018026666666666667,6000
0.06,27,KDE_chi2,0.06861291278209652,6000
0.06,27,well_TV,0.01083333333333325,6000
0.06,27,CDF_sup,0.01554166666666665,6000
0.06,27,W1,0.019443195420049738,6000
0.06,27,bin_chi2_M40,0.005148888888888887,6000
0.06,27,bin_chi2_M80,0.012973333333333333,6000
0.06,27,bin_chi2_M120,0.02206666666666667,6000
0.06,28,KDE_chi2,0.07638503886946396,6000
0.06,28,well_TV,0.0071666666666666545,6000
0.06,28,CDF_sup,0.010791666666666644,6000
0.06,28,W1,0.01463683164996201,6000
0.06,28,bin_chi2_M40,0.007344444444444443,6000
0.06,28,bin_chi2_M80,0.01559111111111111,6000
0.06,28,bin_chi2_M120,0.018119999999999997,6000
0.06,29,KDE_chi2,0.08061184633757693,6000
0.06,29,well_TV,0.008999999999999897,6000
0.06,29,CDF_sup,0.013833333333333288,6000
0.06,29,W1,0.018906787552954704,6000
0.06,29,bin_chi2_M40,0.007186666666666668,6000
0.06,29,bin_chi2_M80,0.014186666666666667,6000
0.06,29,bin_chi2_M120,0.019073333333333334,6000
0.06,30,KDE_chi2,0.0696196457631308,6000
0.06,30,well_TV,0.006166666666666654,6000
0.06,30,CDF_sup,0.011375000000000038,6000
0.06,30,W1,0.01360295675033788,6000
0.06,30,bin_chi2_M40,0.006304444444444444,6000
0.06,30,bin_chi2_M80,0.015413333333333333,6000
0.06,30,bin_chi2_M120,0.025693333333333335,6000
0.06,31,KDE_chi2,0.07733933992502738,6000
0.06,31,well_TV,0.005666666666666709,6000
0.06,31,CDF_sup,0.01020833333333335,6000
0.06,31,W1,0.013063863768675956,6000
0.06,31,bin_chi2_M40,0.0047199999999999985,6000
0.06,31,bin_chi2_M80,0.01104,6000
0.06,31,bin_chi2_M120,0.022026666666666667,6000
0.06,32,KDE_chi2,0.07628412463067585,6000
0.06,32,well_TV,0.006999999999999895,6000
0.06,32,CDF_sup,0.008833333333333308,6000
0.06,32,W1,0.013641623731370029,6000
0.06,32,bin_chi2_M40,0.007833333333333333,6000
0.06,32,bin_chi2_M80,0.009355555555555554,6000
0.06,32,bin_chi2_M120,0.022966666666666663,6000
0.06,33,KDE_chi2,0.07835537466120308,6000
0.06,33,well_TV,0.0006666666666665932,6000
0.06,33,CDF_sup,0.010249999999999964,6000
0.06,33,W1,0.005484598058809229,6000
0.06,33,bin_chi2_M40,0.005668888888888887,6000
0.06,33,bin_chi2_M80,0.015857777777777776,6000
0.06,33,bin_chi2_M120,0.018086666666666668,6000
0.06,34,KDE_chi2,0.08199084957412674,6000
0.06,34,well_TV,0.0038333333333333552,6000
0.06,34,CDF_sup,0.008208333333333307,6000
0.06,34,W1,0.008835156816498635,6000
0.06,34,bin_chi2_M40,0.006875555555555555,6000
0.06,34,bin_chi2_M80,0.00915111111111111,6000
0.06,34,bin_chi2_M120,0.0159,6000
0.06,35,KDE_chi2,0.0734034697476711,6000
0.06,35,well_TV,0.010333333333333306,6000
0.06,35,CDF_sup,0.010375000000000023,6000
0.06,35,W1,0.015935938864617208,6000
0.06,35,bin_chi2_M40,0.006459999999999999,6000
0.06,35,bin_chi2_M80,0.013804444444444442,6000
0.06,35,bin_chi2_M120,0.020706666666666665,6000
0.06,36,KDE_chi2,0.07583137397453099,6000
0.06,36,well_TV,0.0030000000000000027,6000
0.06,36,CDF_sup,0.00887499999999999,6000
0.06,36,W1,0.007086477922181513,6000
0.06,36,bin_chi2_M40,0.005737777777777777,6000
0.06,36,bin_chi2_M80,0.013013333333333335,6000
0.06,36,bin_chi2_M120,0.021379999999999996,6000
0.06,37,KDE_chi2,0.08325899504322569,6000
0.06,37,well_TV,0.00033333333333335213,6000
0.06,37,CDF_sup,0.010874999999999966,6000
0.06,37,W1,0.006113147266792196,6000
0.06,37,bin_chi2_M40,0.004706666666666667,6000
0.06,37,bin_chi2_M80,0.017959999999999997,6000
0.06,37,bin_chi2_M120,0.02059333333333333,6000
0.06,38,KDE_chi2,0.07278651750618789,6000
0.06,38,well_TV,0.015000000000000013,6000
0.06,38,CDF_sup,0.018749999999999982,6000
0.06,38,W1,0.029177424763984945,6000
0.06,38,bin_chi2_M40,0.005693333333333332,6000
0.06,38,bin_chi2_M80,0.011133333333333335,6000
0.06,38,bin_chi2_M120,0.02122,6000
0.06,39,KDE_chi2,0.07965514125056153,6000
0.06,39,well_TV,0.0018333333333333535,6000
0.06,39,CDF_sup,0.008916666666666684,6000
0.06,39,W1,0.0082188097624896,6000
0.06,39,bin_chi2_M40,0.0061400000000000005,6000
0.06,39,bin_chi2_M80,0.014439999999999998,6000
0.06,39,bin_chi2_M120,0.02078,6000
0.06,40,KDE_chi2,0.07449453287023906,6000
0.06,40,well_TV,0.007500000000000062,6000
0.06,40,CDF_sup,0.008625000000000023,6000
0.06,40,W1,0.013160349101662284,6000
0.06,40,bin_chi2_M40,0.007644444444444444,6000
0.06,40,bin_chi2_M80,0.012928888888888886,6000
0.06,40,bin_chi2_M120,0.01486,6000
0.06,41,KDE_chi2,0.06998240952799388,6000
0.06,41,well_TV,0.007000000000000006,6000
0.06,41,CDF_sup,0.010458333333333358,6000
0.06,41,W1,0.014725771306146516,6000
0.06,41,bin_chi2_M40,0.005326666666666665,6000
0.06,41,bin_chi2_M80,0.014897777777777777,6000
0.06,41,bin_chi2_M120,0.019020000000000002,6000
0.06,42,KDE_chi2,0.06745677058886611,6000
0.06,42,well_TV,0.0006666666666667043,6000
0.06,42,CDF_sup,0.010333333333333338,6000
0.06,42,W1,0.006128168653161117,6000
0.06,42,bin_chi2_M40,0.007648888888888891,6000
0.06,42,bin_chi2_M80,0.015133333333333332,6000
0.06,42,bin_chi2_M120,0.024766666666666666,6000
0.06,43,KDE_chi2,0.07529998618907817,6000
0.06,43,well_TV,0.004666666666666597,6000
0.06,43,CDF_sup,0.00812500000000004,6000
0.06,43,W1,0.009329870002283787,6000
0.06,43,bin_chi2_M40,0.009364444444444444,6000
0.06,43,bin_chi2_M80,0.01188888888888889,6000
0.06,43,bin_chi2_M120,0.023859999999999996,6000
0.06,44,KDE_chi2,0.07454094746170215,6000
0.06,44,well_TV,0.0010000000000000009,6000
0.06,44,CDF_sup,0.009958333333333302,6000
0.06,44,W1,0.0060037094430387015,6000
0.06,44,bin_chi2_M40,0.008057777777777777,6000
0.06,44,bin_chi2_M80,0.015302222222222219,6000
0.06,44,bin_chi2_M120,0.019753333333333335,6000
0.06,45,KDE_chi2,0.07425850846088612,6000
0.06,45,well_TV,0.0020000000000000018,6000
0.06,45,CDF_sup,0.005833333333333373,6000
0.06,45,W1,0.006093770872451953,6000
0.06,45,bin_chi2_M40,0.006388888888888889,6000
0.06,45,bin_chi2_M80,0.014622222222222222,6000
0.06,45,bin_chi2_M120,0.019833333333333335,6000
0.06,46,KDE_chi2,0.07139422591535723,6000
0.06,46,well_TV,0.0008333333333333526,6000
0.06,46,CDF_sup,0.011541666666666669,6000
0.06,46,W1,0.005189075593300629,6000
0.06,46,bin_chi2_M40,0.006433333333333334,6000
0.06,46,bin_chi2_M80,0.010995555555555555,6000
0.06,46,bin_chi2_M120,0.021253333333333332,6000
0.06,47,KDE_chi2,0.06738680993898773,6000
0.06,47,well_TV,0.0016666666666667052,6000
0.06,47,CDF_sup,0.011083333333333337,6000
0.06,47,W1,0.009304257119612368,6000
0.06,47,bin_chi2_M40,0.008431111111111113,6000
0.06,47,bin_chi2_M80,0.013075555555555556,6000
0.06,47,bin_chi2_M120,0.015493333333333338,6000
0.06,48,KDE_chi2,0.0806824117332369,6000
0.06,48,well_TV,0.0021666666666667056,6000
0.06,48,CDF_sup,0.008916666666666696,6000
0.06,48,W1,0.0077306125929441786,6000
0.06,48,bin_chi2_M40,0.005664444444444445,6000
0.06,48,bin_chi2_M80,0.014822222222222223,6000
0.06,48,bin_chi2_M120,0.020153333333333336,6000
0.06,49,KDE_chi2,0.07549278466198894,6000
0.06,49,well_TV,0.005166666666666542,6000
0.06,49,CDF_sup,0.008249999999999962,6000
0.06,49,W1,0.012708740925429505,6000
0.06,49,bin_chi2_M40,0.006899999999999996,6000
0.06,49,bin_chi2_M80,0.012595555555555556,6000
0.06,49,bin_chi2_M120,0.01891333333333333,6000
0.06,50,KDE_chi2,0.07805971480520688,6000
0.06,50,well_TV,0.008333333333333304,6000
0.06,50,CDF_sup,0.01058333333333331,6000
0.06,50,W1,0.017558014526502862,6000
0.06,50,bin_chi2_M40,0.006084444444444443,6000
0.06,50,bin_chi2_M80,0.015937777777777776,6000
0.06,50,bin_chi2_M120,0.015739999999999997,6000
0.06,51,KDE_chi2,0.07341417619773731,6000
0.06,51,well_TV,0.005333333333333412,6000
0.06,51,CDF_sup,0.012291666666666647,6000
0.06,51,W1,0.012704071610582318,6000
0.06,51,bin_chi2_M40,0.006764444444444443,6000
0.06,51,bin_chi2_M80,0.014213333333333331,6000
0.06,51,bin_chi2_M120,0.018326666666666668,6000
0.06,52,KDE_chi2,0.06441974909798576,6000
0.06,52,well_TV,0.01100000000000012,6000
0.06,52,CDF_sup,0.015666666666666648,6000
0.06,52,W1,0.021051542598023894,6000
0.06,52,bin_chi2_M40,0.008286666666666664,6000
0.06,52,bin_chi2_M80,0.012719999999999999,6000
0.06,52,bin_chi2_M120,0.020046666666666667,6000
0.06,53,KDE_chi2,0.07785595381857827,6000
0.06,53,well_TV,0.001833333333333298,6000
0.06,53,CDF_sup,0.010083333333333295,6000
0.06,53,W1,0.006194103790570318,6000
0.06,53,bin_chi2_M40,0.008342222222222223,6000
0.06,53,bin_chi2_M80,0.015124444444444444,6000
0.06,53,bin_chi2_M120,0.017759999999999998,6000
0.06,54,KDE_chi2,0.07326684504614941,6000
0.06,54,well_TV,0.004833333333333245,6000
0.06,54,CDF_sup,0.008333333333333361,6000
0.06,54,W1,0.009869230991332448,6000
0.06,54,bin_chi2_M40,0.004917777777777777,6000
0.06,54,bin_chi2_M80,0.011004444444444442,6000
0.06,54,bin_chi2_M120,0.01984,6000
0.06,55,KDE_chi2,0.07106266356378653,6000
0.06,55,well_TV,0.002666666666666706,6000
0.06,55,CDF_sup,0.007875000000000021,6000
0.06,55,W1,0.007303210354393142,6000
0.06,55,bin_chi2_M40,0.008806666666666664,6000
0.06,55,bin_chi2_M80,0.013617777777777777,6000
0.06,55,bin_chi2_M120,0.021173333333333336,6000
0.06,56,KDE_chi2,0.07684326195624597,6000
0.06,56,well_TV,0.004166666666666707,6000
0.06,56,CDF_sup,0.006500000000000037,6000
0.06,56,W1,0.006714029260210917,6000
0.06,56,bin_chi2_M40,0.005333333333333331,6000
0.06,56,bin_chi2_M80,0.013399999999999999,6000
0.06,56,bin_chi2_M120,0.01796,6000
0.06,57,KDE_chi2,0.06992604045137178,6000
0.06,57,well_TV,0.0011666666666666492,6000
0.06,57,CDF_sup,0.009083333333333315,6000
0.06,57,W1,0.005616325149141255,6000
0.06,57,bin_chi2_M40,0.0066911111111111095,6000
0.06,57,bin_chi2_M80,0.010248888888888889,6000
0.06,57,bin_chi2_M120,0.016686666666666666,6000
0.06,58,KDE_chi2,0.07642923745405303,6000
0.06,58,well_TV,0.008000000000000007,6000
0.06,58,CDF_sup,0.009916666666666693,6000
0.06,58,W1,0.016051347286101986,6000
0.06,58,bin_chi2_M40,0.00740888888888889,6000
0.06,58,bin_chi2_M80,0.01475111111111111,6000
0.06,58,bin_chi2_M120,0.017206666666666665,6000
0.06,59,KDE_chi2,0.07513953853299195,6000
0.06,59,well_TV,0.0018333333333333535,6000
0.06,59,CDF_sup,0.010541666666666658,6000
0.06,59,W1,0.007423336553989288,6000
0.06,59,bin_chi2_M40,0.0058,6000
0.06,59,bin_chi2_M80,0.012484444444444444,6000
0.06,59,bin_chi2_M120,0.024093333333333335,6000
0.06,60,KDE_chi2,0.0702717710378831,6000
0.06,60,well_TV,0.009166666666666656,6000
0.06,60,CDF_sup,0.010541666666666685,6000
0.06,60,W1,0.015768253990238283,6000
0.06,60,bin_chi2_M40,0.004215555555555556,6000
0.06,60,bin_chi2_M80,0.011373333333333333,6000
0.06,60,bin_chi2_M120,0.018119999999999997,6000
0.06,61,KDE_chi2,0.07911706546212997,6000
0.06,61,well_TV,0.0008333333333332971,6000
0.06,61,CDF_sup,0.00995833333333331,6000
0.06,61,W1,0.006652366856939306,6000
0.06,61,bin_chi2_M40,0.0077733333333333335,6000
0.06,61,bin_chi2_M80,0.009671111111111113,6000
0.06,61,bin_chi2_M120,0.019180000000000003,6000
0.06,62,KDE_chi2,0.08526884747781674,6000
0.06,62,well_TV,0.010000000000000009,6000
0.06,62,CDF_sup,0.01479166666666668,6000
0.06,62,W1,0.019530482958401027,6000
0.06,62,bin_chi2_M40,0.00540888888888889,6000
0.06,62,bin_chi2_M80,0.010044444444444443,6000
0.06,62,bin_chi2_M120,0.016386666666666667,6000
0.06,63,KDE_chi2,0.07541857036930694,6000
0.06,63,well_TV,0.0035000000000000586,6000
0.06,63,CDF_sup,0.008500000000000035,6000
0.06,63,W1,0.008430169630274244,6000
0.06,63,bin_chi2_M40,0.008215555555555556,6000
0.06,63,bin_chi2_M80,0.01392,6000
0.06,63,bin_chi2_M120,0.021880000000000004,6000
0.055,0,KDE_chi2,0.0981526884671678,6000
0.055,0,well_TV,0.0016666666666667052,6000
0.055,0,CDF_sup,0.013458333333333301,6000
0.055,0,W1,0.0073100347974886844,6000
0.055,0,bin_chi2_M40,0.00546888888888889,6000
0.055,0,bin_chi2_M80,0.013026666666666666,6000
0.055,0,bin_chi2_M120,0.01698,6000
0.055,1,KDE_chi2,0.09164053360009725,6000
0.055,1,well_TV,0.0024999999999999467,6000
0.055,1,CDF_sup,0.005541666666666677,6000
0.055,1,W1,0.003738590547033815,6000
0.055,1,bin_chi2_M40,0.004266666666666666,6000
0.055,1,bin_chi2_M80,0.012982222222222221,6000
0.055,1,bin_chi2_M120,0.02195333333333333,6000
0.055,2,KDE_chi2,0.07839174984461529,6000
0.055,2,well_TV,0.0018333333333333535,6000
0.055,2,CDF_sup,0.011416666666666698,6000
0.055,2,W1,0.006647565221180603,6000
0.055,2,bin_chi2_M40,0.005777777777777776,6000
0.055,2,bin_chi2_M80,0.011222222222222224,6000
0.055,2,bin_chi2_M120,0.017259999999999998,6000
0.055,3,KDE_chi2,0.08753291487325668,6000
0.055,3,well_TV,0.0006666666666667043,6000
0.055,3,CDF_sup,0.008666666666666656,6000
0.055,3,W1,0.004907313159680812,6000
0.055,3,bin_chi2_M40,0.0073733333333333324,6000
0.055,3,bin_chi2_M80,0.008626666666666666,6000
0.055,3,bin_chi2_M120,0.018846666666666668,6000
0.055,4,KDE_chi2,0.08344831288214763,6000
0.055,4,well_TV,0.007000000000000006,6000
0.055,4,CDF_sup,0.009541666666666698,6000
0.055,4,W1,0.014736572781271884,6000
0.055,4,bin_chi2_M40,0.0060288888888888875,6000
0.055,4,bin_chi2_M80,0.01088,6000
0.055,4,bin_chi2_M120,0.02077333333333333,6000
0.055,5,KDE_chi2,0.08789205692815012,6000
0.055,5,well_TV,0.010666666666666658,6000
0.055,5,CDF_sup,0.015333333333333365,6000
0.055,5,W1,0.01976892969216491,6000
0.055,5,bin_chi2_M40,0.010357777777777778,6000
0.055,5,bin_chi2_M80,0.012,6000
0.055,5,bin_chi2_M120,0.01625333333333333,6000
0.055,6,KDE_chi2,0.09319763974803022,6000
0.055,6,well_TV,0.002666666666666595,6000
0.055,6,CDF_sup,0.010291666666666678,6000
0.055,6,W1,0.0067621425547540505,6000
0.055,6,bin_chi2_M40,0.0066555555555555534,6000
0.055,6,bin_chi2_M80,0.0114,6000
0.055,6,bin_chi2_M120,0.019086666666666665,6000
0.055,7,KDE_chi2,0.09172109079805055,6000
0.055,7,well_TV,0.0040000000000000036,6000
0.055,7,CDF_sup,0.006916666666666659,6000
0.055,7,W1,0.0072978055197097606,6000
0.055,7,bin_chi2_M40,0.009288888888888888,6000
0.055,7,bin_chi2_M80,0.008373333333333333,6000
0.055,7,bin_chi2_M120,0.018966666666666666,6000
0.055,8,KDE_chi2,0.08459243355579993,6000
0.055,8,well_TV,0.0003333333333332966,6000
0.055,8,CDF_sup,0.006958333333333362,6000
0.055,8,W1,0.0053747384327251105,6000
0.055,8,bin_chi2_M40,0.005397777777777777,6000
0.055,8,bin_chi2_M80,0.009537777777777777,6000
0.055,8,bin_chi2_M120,0.0165,6000
0.055,9,KDE_chi2,0.08730985596323507,6000
0.055,9,well_TV,0.009666666666666601,6000
0.055,9,CDF_sup,0.014416666666666697,6000
0.055,9,W1,0.021607073786818955,6000
0.055,9,bin_chi2_M40,0.0041955555555555565,6000
0.055,9,bin_chi2_M80,0.016795555555555557,6000
0.055,9,bin_chi2_M120,0.01999333333333333,6000
0.055,10,KDE_chi2,0.08783098266576618,6000
0.055,10,well_TV,0.004666666666666597,6000
0.055,10,CDF_sup,0.009375000000000036,6000
0.055,10,W1,0.011275246435578517,6000
0.055,10,bin_chi2_M40,0.005035555555555554,6000
0.055,10,bin_chi2_M80,0.016164444444444443,6000
0.055,10,bin_chi2_M120,0.018626666666666666,6000
0.055,11,KDE_chi2,0.0859154092371178,6000
0.055,11,well_TV,0.003166666666666651,6000
0.055,11,CDF_sup,0.008291666666666697,6000
0.055,11,W1,0.006196842901027654,6000
0.055,11,bin_chi2_M40,0.005673333333333336,6000
0.055,11,bin_chi2_M80,0.012364444444444442,6000
0.055,11,bin_chi2_M120,0.023786666666666668,6000
0.055,12,KDE_chi2,0.08992835667818676,6000
0.055,12,well_TV,0.0023333333333332984,6000
0.055,12,CDF_sup,0.007666666666666672,6000
0.055,12,W1,0.005090170712035972,6000
0.055,12,bin_chi2_M40,0.00806888888888889,6000
0.055,12,bin_chi2_M80,0.010728888888888887,6000
0.055,12,bin_chi2_M120,0.02012,6000
0.055,13,KDE_chi2,0.08842900911930639,6000
0.055,13,well_TV,0.007333333333333358,6000
0.055,13,CDF_sup,0.009375000000000008,6000
0.055,13,W1,0.013924228305914452,6000
0.055,13,bin_chi2_M40,0.006895555555555556,6000
0.055,13,bin_chi2_M80,0.015471111111111113,6000
0.055,13,bin_chi2_M120,0.018400000000000003,6000
0.055,14,KDE_chi2,0.09526644860639938,6000
0.055,14,well_TV,0.0030000000000000027,6000
0.055,14,CDF_sup,0.009333333333333301,6000
0.055,14,W1,0.007080046490882327,6000
0.055,14,bin_chi2_M40,0.008264444444444446,6000
0.055,14,bin_chi2_M80,0.014755555555555556,6000
0.055,14,bin_chi2_M120,0.02048,6000
0.055,15,KDE_chi2,0.08764575741276195,6000
0.055,15,well_TV,0.00216666666666665,6000
0.055,15,CDF_sup,0.00633333333333338,6000
0.055,15,W1,0.006264184577034631,6000
0.055,15,bin_chi2_M40,0.00774222222222222,6000
0.055,15,bin_chi2_M80,0.014844444444444441,6000
0.055,15,bin_chi2_M120,0.019953333333333337,6000
0.055,16,KDE_chi2,0.08951726007767488,6000
0.055,16,well_TV,0.013333333333333308,6000
0.055,16,CDF_sup,0.013541666666666643,6000
0.055,16,W1,0.02389474223403775,6000
0.055,16,bin_chi2_M40,0.0070622222222222215,6000
0.055,16,bin_chi2_M80,0.013475555555555553,6000
0.055,16,bin_chi2_M120,0.025,6000
0.055,17,KDE_chi2,0.09376863512359926,6000
0.055,17,well_TV,0.004666666666666597,6000
0.055,17,CDF_sup,0.012625000000000046,6000
0.055,17,W1,0.012220490107205832,6000
0.055,17,bin_chi2_M40,0.0051666666666666675,6000
0.055,17,bin_chi2_M80,0.01499111111111111,6000
0.055,17,bin_chi2_M120,0.020320000000000005,6000
0.055,18,KDE_chi2,0.08702517709428881,6000
0.055,18,well_TV,0.00033333333333340764,6000
0.055,18,CDF_sup,0.007333333333333372,6000
0.055,18,W1,0.0032015796472441476,6000
0.055,18,bin_chi2_M40,0.00832,6000
0.055,18,bin_chi2_M80,0.01135111111111111,6000
0.055,18,bin_chi2_M120,0.017826666666666664,6000
0.055,19,KDE_chi2,0.09405365049673342,6000
0.055,19,well_TV,0.006666666666666654,6000
0.055,19,CDF_sup,0.011666666666666678,6000
0.055,19,W1,0.012273493499728803,6000
0.055,19,bin_chi2_M40,0.007393333333333336,6000
0.055,19,bin_chi2_M80,0.01644888888888889,6000
0.055,19,bin_chi2_M120,0.018186666666666667,6000
0.055,20,KDE_chi2,0.08735921630700058,6000
0.055,20,well_TV,0.0071666666666666545,6000
0.055,20,CDF_sup,0.010249999999999987,6000
0.055,20,W1,0.013704012673027679,6000
0.055,20,bin_chi2_M40,0.006655555555555554,6000
0.055,20,bin_chi2_M80,0.015231111111111112,6000
0.055,20,bin_chi2_M120,0.024966666666666665,6000
0.055,21,KDE_chi2,0.0940929349953963,6000
0.055,21,well_TV,0.012333333333333307,6000
0.055,21,CDF_sup,0.014708333333333311,6000
0.055,21,W1,0.020634309254668103,6000
0.055,21,bin_chi2_M40,0.008353333333333334,6000
0.055,21,bin_chi2_M80,0.009715555555555554,6000
0.055,21,bin_chi2_M120,0.021826666666666668,6000
0.055,22,KDE_chi2,0.0918141186980903,6000
0.055,22,well_TV,0.006000000000000005,6000
0.055,22,CDF_sup,0.012958333333333294,6000
0.055,22,W1,0.014675589187543733,6000
0.055,22,bin_chi2_M40,0.0070866666666666665,6000
0.055,22,bin_chi2_M80,0.010724444444444443,6000
0.055,22,bin_chi2_M120,0.01820666666666667,6000
0.055,23,KDE_chi2,0.08050001731440275,6000
0.055,23,well_TV,0.004166666666666652,6000
0.055,23,CDF_sup,0.007833333333333359,6000
0.055,23,W1,0.009297147955999622,6000
0.055,23,bin_chi2_M40,0.006813333333333332,6000
0.055,23,bin_chi2_M80,0.013431111111111109,6000
0.055,23,bin_chi2_M120,0.017953333333333335,6000
0.055,24,KDE_chi2,0.0878325355215312,6000
0.055,24,well_TV,0.008000000000000007,6000
0.055,24,CDF_sup,0.011791666666666697,6000
0.055,24,W1,0.01670376941799702,6000
0.055,24,bin_chi2_M40,0.007339999999999999,6000
0.055,24,bin_chi2_M80,0.0162,6000
0.055,24,bin_chi2_M120,0.019726666666666667,6000
0.055,25,KDE_chi2,0.09718427147189496,6000
0.055,25,well_TV,0.0050000000000000044,6000
0.055,25,CDF_sup,0.012541666666666637,6000
0.055,25,W1,0.010769825158144883,6000
0.055,25,bin_chi2_M40,0.007384444444444443,6000
0.055,25,bin_chi2_M80,0.013702222222222222,6000
0.055,25,bin_chi2_M120,0.017393333333333334,6000
0.055,26,KDE_chi2,0.09336026660751467,6000
0.055,26,well_TV,0.0004999999999999449,6000
0.055,26,CDF_sup,0.006458333333333345,6000
0.055,26,W1,0.004119275286820039,6000
0.055,26,bin_chi2_M40,0.004059999999999999,6000
0.055,26,bin_chi2_M80,0.017395555555555553,6000
0.055,26,bin_chi2_M120,0.023499999999999997,6000
0.055,27,KDE_chi2,0.08801525127895798,6000
0.055,27,well_TV,0.0044999999999999485,6000
0.055,27,CDF_sup,0.006666666666666655,6000
0.055,27,W1,0.007391889426108629,6000
0.055,27,bin_chi2_M40,0.004997777777777778,6000
0.055,27,bin_chi2_M80,0.011488888888888889,6000
0.055,27,bin_chi2_M120,0.0213,6000
0.055,28,KDE_chi2,0.08554886183004795,6000
0.055,28,well_TV,0.0008333333333333526,6000
0.055,28,CDF_sup,0.009041666666666658,6000
0.055,28,W1,0.0061467495866996315,6000
0.055,28,bin_chi2_M40,0.004457777777777776,6000
0.055,28,bin_chi2_M80,0.011977777777777775,6000
0.055,28,bin_chi2_M120,0.01961333333333333,6000
0.055,29,KDE_chi2,0.08761072205296863,6000
0.055,29,well_TV,0.010999999999999899,6000
0.055,29,CDF_sup,0.012416666666666656,6000
0.055,29,W1,0.019974216569480938,6000
0.055,29,bin_chi2_M40,0.00760222222222222,6000
0.055,29,bin_chi2_M80,0.011235555555555558,6000
0.055,29,bin_chi2_M120,0.01858,6000
0.055,30,KDE_chi2,0.09308008724436212,6000
0.055,30,well_TV,0.00983333333333336,6000
0.055,30,CDF_sup,0.013999999999999981,6000
0.055,30,W1,0.02192880096000681,6000
0.055,30,bin_chi2_M40,0.006275555555555554,6000
0.055,30,bin_chi2_M80,0.011764444444444442,6000
0.055,30,bin_chi2_M120,0.02426,6000
0.055,31,KDE_chi2,0.08348477664962717,6000
0.055,31,well_TV,0.0038333333333333552,6000
0.055,31,CDF_sup,0.020541666666666653,6000
0.055,31,W1,0.01319796133095882,6000
0.055,31,bin_chi2_M40,0.0051955555555555566,6000
0.055,31,bin_chi2_M80,0.013546666666666669,6000
0.055,31,bin_chi2_M120,0.015606666666666668,6000
0.055,32,KDE_chi2,0.0895246032137772,6000
0.055,32,well_TV,0.006333333333333302,6000
0.055,32,CDF_sup,0.007208333333333343,6000
0.055,32,W1,0.010465160323647946,6000
0.055,32,bin_chi2_M40,0.006548888888888887,6000
0.055,32,bin_chi2_M80,0.01511111111111111,6000
0.055,32,bin_chi2_M120,0.02018666666666667,6000
0.055,33,KDE_chi2,0.09916086122374454,6000
0.055,33,well_TV,0.0030000000000000027,6000
0.055,33,CDF_sup,0.010125000000000012,6000
0.055,33,W1,0.007111413316525613,6000
0.055,33,bin_chi2_M40,0.005657777777777777,6000
0.055,33,bin_chi2_M80,0.01695111111111111,6000
0.055,33,bin_chi2_M120,0.017780000000000004,6000
0.055,34,KDE_chi2,0.08757255478848835,6000
0.055,34,well_TV,0.004166666666666652,6000
0.055,34,CDF_sup,0.009791666666666629,6000
0.055,34,W1,0.010506126438651037,6000
0.055,34,bin_chi2_M40,0.008622222222222224,6000
0.055,34,bin_chi2_M80,0.015155555555555554,6000
0.055,34,bin_chi2_M120,0.022173333333333337,6000
0.055,35,KDE_chi2,0.09162111108328722,6000
0.055,35,well_TV,0.005833333333333357,6000
0.055,35,CDF_sup,0.008958333333333296,6000
0.055,35,W1,0.010519874028370641,6000
0.055,35,bin_chi2_M40,0.006153333333333335,6000
0.055,35,bin_chi2_M80,0.012191111111111111,6000
0.055,35,bin_chi2_M120,0.015306666666666668,6000
0.055,36,KDE_chi2,0.09478327595573018,6000
0.055,36,well_TV,0.004666666666666597,6000
0.055,36,CDF_sup,0.012999999999999961,6000
0.055,36,W1,0.011265179817205512,6000
0.055,36,bin_chi2_M40,0.007655555555555556,6000
0.055,36,bin_chi2_M80,0.012235555555555555,6000
0.055,36,bin_chi2_M120,0.0215,6000
0.055,37,KDE_chi2,0.08972473846231888,6000
0.055,37,well_TV,0.0,6000
0.055,37,CDF_sup,0.010916666666666628,6000
0.055,37,W1,0.005863897594213763,6000
0.055,37,bin_chi2_M40,0.007068888888888888,6000
0.055,37,bin_chi2_M80,0.016106666666666665,6000
0.055,37,bin_chi2_M120,0.018246666666666668,6000
0.055,38,KDE_chi2,0.08851132546752671,6000
0.055,38,well_TV,0.00983333333333336,6000
0.055,38,CDF_sup,0.010958333333333313,6000
0.055,38,W1,0.018219472321828554,6000
0.055,38,bin_chi2_M40,0.008386666666666667,6000
0.055,38,bin_chi2_M80,0.015773333333333334,6000
0.055,38,bin_chi2_M120,0.023113333333333336,6000
0.055,39,KDE_chi2,0.09864262554980639,6000
0.055,39,well_TV,0.0030000000000000027,6000
0.055,39,CDF_sup,0.012750000000000004,6000
0.055,39,W1,0.008979414464504938,6000
0.055,39,bin_chi2_M40,0.006368888888888889,6000
0.055,39,bin_chi2_M80,0.013764444444444444,6000
0.055,39,bin_chi2_M120,0.020706666666666665,6000
0.055,40,KDE_chi2,0.09292951626856355,6000
0.055,40,well_TV,0.009166666666666656,6000
0.055,40,CDF_sup,0.009916666666666659,6000
0.055,40,W1,0.014372773584966959,6000
0.055,40,bin_chi2_M40,0.01093111111111111,6000
0.055,40,bin_chi2_M80,0.01201333333333333,6000
0.055,40,bin_chi2_M120,0.0176,6000
0.055,41,KDE_chi2,0.09086629913712149,6000
0.055,41,well_TV,0.0023333333333332984,6000
0.055,41,CDF_sup,0.008374999999999957,6000
0.055,41,W1,0.005190512122855225,6000
0.055,41,bin_chi2_M40,0.00618888888888889,6000
0.055,41,bin_chi2_M80,0.012635555555555556,6000
0.055,41,bin_chi2_M120,0.015466666666666667,6000
0.055,42,KDE_chi2,0.0873914822903525,6000
0.055,42,well_TV,0.011833333333333362,6000
0.055,42,CDF_sup,0.014166666666666643,6000
0.055,42,W1,0.021981461457468668,6000
0.055,42,bin_chi2_M40,0.008822222222222221,6000
0.055,42,bin_chi2_M80,0.015866666666666668,6000
0.055,42,bin_chi2_M120,0.021406666666666664,6000
0.055,43,KDE_chi2,0.0969923070302647,6000
0.055,43,well_TV,0.005500000000000005,6000
0.055,43,CDF_sup,0.008458333333333352,6000
0.055,43,W1,0.00928999550736705,6000
0.055,43,bin_chi2_M40,0.005297777777777779,6000
0.055,43,bin_chi2_M80,0.016973333333333326,6000
0.055,43,bin_chi2_M120,0.020626666666666668,6000
0.055,44,KDE_chi2,0.0840557960485401,6000
0.055,44,well_TV,0.0015000000000000568,6000
0.055,44,CDF_sup,0.013291666666666705,6000
0.055,44,W1,0.006020773673424663,6000
0.055,44,bin_chi2_M40,0.006668888888888887,6000
0.055,44,bin_chi2_M80,0.011435555555555556,6000
0.055,44,bin_chi2_M120,0.0248,6000
0.055,45,KDE_chi2,0.0918035782876695,6000
0.055,45,well_TV,0.006000000000000005,6000
0.055,45,CDF_sup,0.008666666666666632,6000
0.055,45,W1,0.009748828278097072,6000
0.055,45,bin_chi2_M40,0.007155555555555554,6000
0.055,45,bin_chi2_M80,0.01355111111111111,6000
0.055,45,bin_chi2_M120,0.018606666666666667,6000
0.055,46,KDE_chi2,0.09252229909156812,6000
0.055,46,well_TV,0.006166666666666654,6000
0.055,46,CDF_sup,0.012999999999999973,6000
0.055,46,W1,0.015103203329086783,6000
0.055,46,bin_chi2_M40,0.008222222222222221,6000
0.055,46,bin_chi2_M80,0.01388444444444444,6000
0.055,46,bin_chi2_M120,0.018286666666666666,6000
0.055,47,KDE_chi2,0.08125738315457916,6000
0.055,47,well_TV,0.0076666666666667105,6000
0.055,47,CDF_sup,0.016499999999999976,6000
0.055,47,W1,0.015740285269080678,6000
0.055,47,bin_chi2_M40,0.006531111111111112,6000
0.055,47,bin_chi2_M80,0.013075555555555556,6000
0.055,47,bin_chi2_M120,0.018353333333333333,6000
0.055,48,KDE_chi2,0.0942314928721336,6000
0.055,48,well_TV,0.017000000000000015,6000
0.055,48,CDF_sup,0.021791666666666636,6000
0.055,48,W1,0.03730051364923064,6000
0.055,48,bin_chi2_M40,0.003962222222222221,6000
0.055,48,bin_chi2_M80,0.01002222222222222,6000
0.055,48,bin_chi2_M120,0.0215,6000
0.055,49,KDE_chi2,0.10372202657345053,6000
0.055,49,well_TV,0.015500000000000014,6000
0.055,49,CDF_sup,0.021125000000000012,6000
0.055,49,W1,0.03048627218744049,6000
0.055,49,bin_chi2_M40,0.006686666666666665,6000
0.055,49,bin_chi2_M80,0.013177777777777778,6000
0.055,49,bin_chi2_M120,0.016233333333333336,6000
0.055,50,KDE_chi2,0.0872369688269831,6000
0.055,50,well_TV,0.0020000000000000018,6000
0.055,50,CDF_sup,0.011041666666666696,6000
0.055,50,W1,0.006087388172491947,6000
0.055,50,bin_chi2_M40,0.00904,6000
0.055,50,bin_chi2_M80,0.015195555555555552,6000
0.055,50,bin_chi2_M120,0.017306666666666665,6000
0.055,51,KDE_chi2,0.0916210551279493,6000
0.055,51,well_TV,0.008499999999999952,6000
0.055,51,CDF_sup,0.010208333333333309,6000
0.055,51,W1,0.016198419842157953,6000
0.055,51,bin_chi2_M40,0.007431111111111109,6000
0.055,51,bin_chi2_M80,0.011382222222222224,6000
0.055,51,bin_chi2_M120,0.018706666666666663,6000
0.055,52,KDE_chi2,0.08522725432146513,6000
0.055,52,well_TV,0.0016666666666666496,6000
0.055,52,CDF_sup,0.007208333333333343,6000
0.055,52,W1,0.006000732608752163,6000
0.055,52,bin_chi2_M40,0.006353333333333334,6000
0.055,52,bin_chi2_M80,0.012951111111111111,6000
0.055,52,bin_chi2_M120,0.020206666666666664,6000
0.055,53,KDE_chi2,0.08742563255605942,6000
0.055,53,well_TV,0.00016666666666670382,6000
0.055,53,CDF_sup,0.007125000000000036,6000
0.055,53,W1,0.004562039567992039,6000
0.055,53,bin_chi2_M40,0.004597777777777778,6000
0.055,53,bin_chi2_M80,0.015537777777777777,6000
0.055,53,bin_chi2_M120,0.016993333333333333,6000
0.055,54,KDE_chi2,0.09282794348359424,6000
0.055,54,well_TV,0.0016666666666667052,6000
0.055,54,CDF_sup,0.009708333333333367,6000
0.055,54,W1,0.0057816442273379495,6000
0.055,54,bin_chi2_M40,0.007362222222222221,6000
0.055,54,bin_chi2_M80,0.013666666666666666,6000
0.055,54,bin_chi2_M120,0.02084,6000
0.055,55,KDE_chi2,0.09083721854329434,6000
0.055,55,well_TV,0.009666666666666712,6000
0.055,55,CDF_sup,0.01666666666666666,6000
0.055,55,W1,0.019490139754441332,6000
0.055,55,bin_chi2_M40,0.00520888888888889,6000
0.055,55,bin_chi2_M80,0.011195555555555552,6000
0.055,55,bin_chi2_M120,0.021980000000000003,6000
0.055,56,KDE_chi2,0.08705567166435262,6000
0.055,56,well_TV,0.008166666666666655,6000
0.055,56,CDF_sup,0.011166666666666696,6000
0.055,56,W1,0.015218027026533826,6000
0.055,56,bin_chi2_M40,0.0071844444444444456,6000
0.055,56,bin_chi2_M80,0.011257777777777778,6000
0.055,56,bin_chi2_M120,0.019666666666666666,6000
0.055,57,KDE_chi2,0.08849218464700973,6000
0.055,57,well_TV,0.0016666666666666496,6000
0.055,57,CDF_sup,0.007249999999999956,6000
0.055,57,W1,0.005409450394106383,6000
0.055,57,bin_chi2_M40,0.005817777777777778,6000
0.055,57,bin_chi2_M80,0.01046222222222222,6000
0.055,57,bin_chi2_M120,0.019613333333333333,6000
0.055,58,KDE_chi2,0.08547945172959391,6000
0.055,58,well_TV,0.0076666666666667105,6000
0.055,58,CDF_sup,0.007958333333333355,6000
0.055,58,W1,0.012944943345736317,6000
0.055,58,bin_chi2_M40,0.005935555555555556,6000
0.055,58,bin_chi2_M80,0.013244444444444444,6000
0.055,58,bin_chi2_M120,0.025619999999999997,6000
0.055,59,KDE_chi2,0.08601934175090886,6000
0.055,59,well_TV,0.0013333333333332975,6000
0.055,59,CDF_sup,0.007124999999999961,6000
0.055,59,W1,0.005510792410995287,6000
0.055,59,bin_chi2_M40,0.005631111111111111,6000
0.055,59,bin_chi2_M80,0.019466666666666667,6000
0.055,59,bin_chi2_M120,0.016059999999999998,6000
0.055,60,KDE_chi2,0.08879026559061311,6000
0.055,60,well_TV,0.009000000000000008,6000
0.055,60,CDF_sup,0.013791666666666652,6000
0.055,60,W1,0.02025613161305695,6000
0.055,60,bin_chi2_M40,0.0051466666666666674,6000
0.055,60,bin_chi2_M80,0.013617777777777777,6000
0.055,60,bin_chi2_M120,0.016759999999999997,6000
0.055,61,KDE_chi2,0.09555176884005767,6000
0.055,61,well_TV,0.011333333333333306,6000
0.055,61,CDF_sup,0.013958333333333357,6000
0.055,61,W1,0.02015602521758332,6000
0.055,61,bin_chi2_M40,0.005206666666666668,6000
0.055,61,bin_chi2_M80,0.012537777777777778,6000
0.055,61,bin_chi2_M120,0.017759999999999998,6000
0.055,62,KDE_chi2,0.09687070072206441,6000
0.055,62,well_TV,0.00033333333333335213,6000
0.055,62,CDF_sup,0.009041666666666632,6000
0.055,62,W1,0.005006464704112949,6000
0.055,62,bin_chi2_M40,0.003953333333333333,6000
0.055,62,bin_chi2_M80,0.010733333333333334,6000
0.055,62,bin_chi2_M120,0.021966666666666666,6000
0.055,63,KDE_chi2,0.08826221853554292,6000
0.055,63,well_TV,0.00033333333333335213,6000
0.055,63,CDF_sup,0.0058333333333333735,6000
0.055,63,W1,0.0028167242586263725,6000
0.055,63,bin_chi2_M40,0.004619999999999998,6000
0.055,63,bin_chi2_M80,0.012924444444444445,6000
0.055,63,bin_chi2_M120,0.016686666666666666,6000
0.05,0,KDE_chi2,0.12253248032284339,6000
0.05,0,well_TV,0.014000000000000012,6000
0.05,0,CDF_sup,0.016083333333333304,6000
0.05,0,W1,0.025761186877225412,6000
0.05,0,bin_chi2_M40,0.004348888888888889,6000
0.05,0,bin_chi2_M80,0.014155555555555557,6000
0.05,0,bin_chi2_M120,0.015780000000000002,6000
0.05,1,KDE_chi2,0.1083910768314073,6000
0.05,1,well_TV,0.006000000000000005,6000
0.05,1,CDF_sup,0.008833333333333361,6000
0.05,1,W1,0.011390515963606115,6000
0.05,1,bin_chi2_M40,0.006186666666666667,6000
0.05,1,bin_chi2_M80,0.01072888888888889,6000
0.05,1,bin_chi2_M120,0.021526666666666663,6000
0.05,2,KDE_chi2,0.11140494919171581,6000
0.05,2,well_TV,0.0003333333333332966,6000
0.05,2,CDF_sup,0.007708333333333324,6000
0.05,2,W1,0.004114671233532082,6000
0.05,2,bin_chi2_M40,0.005011111111111112,6000
0.05,2,bin_chi2_M80,0.010337777777777776,6000
0.05,2,bin_chi2_M120,0.02425333333333333,6000
0.05,3,KDE_chi2,0.12686046957324276,6000
0.05,3,well_TV,0.0058333333333333015,6000
0.05,3,CDF_sup,0.012041666666666683,6000
0.05,3,W1,0.015349631181109678,6000
0.05,3,bin_chi2_M40,0.0058644444444444456,6000
0.05,3,bin_chi2_M80,0.010426666666666667,6000
0.05,3,bin_chi2_M120,0.017746666666666668,6000
0.05,4,KDE_chi2,0.11459736048970244,6000
0.05,4,well_TV,0.0,6000
0.05,4,CDF_sup,0.007041666666666681,6000
0.05,4,W1,0.004372084236685211,6000
0.05,4,bin_chi2_M40,0.006646666666666665,6000
0.05,4,bin_chi2_M80,0.008355555555555554,6000
0.05,4,bin_chi2_M120,0.01789333333333333,6000
0.05,5,KDE_chi2,0.10987996301955699,6000
0.05,5,well_TV,0.011833333333333307,6000
0.05,5,CDF_sup,0.012583333333333361,6000
0.05,5,W1,0.020257756688318373,6000
0.05,5,bin_chi2_M40,0.007955555555555556,6000
0.05,5,bin_chi2_M80,0.014582222222222222,6000
0.05,5,bin_chi2_M120,0.019166666666666665,6000
0.05,6,KDE_chi2,0.10761561789171922,6000
0.05,6,well_TV,0.010000000000000009,6000
0.05,6,CDF_sup,0.013833333333333357,6000
0.05,6,W1,0.019434656275400263,6000
0.05,6,bin_chi2_M40,0.007880000000000002,6000
0.05,6,bin_chi2_M80,0.017208888888888885,6000
0.05,6,bin_chi2_M120,0.020380000000000002,6000
0.05,7,KDE_chi2,0.11297735250819538,6000
0.05,7,well_TV,0.013000000000000012,6000
0.05,7,CDF_sup,0.014625000000000044,6000
0.05,7,W1,0.0270905710230192,6000
0.05,7,bin_chi2_M40,0.0037977777777777775,6000
0.05,7,bin_chi2_M80,0.015186666666666664,6000
0.05,7,bin_chi2_M120,0.021866666666666666,6000
0.05,8,KDE_chi2,0.10768959991213425,6000
0.05,8,well_TV,0.0036666666666666514,6000
0.05,8,CDF_sup,0.00783333333333336,6000
0.05,8,W1,0.008481137213656708,6000
0.05,8,bin_chi2_M40,0.0064577777777777776,6000
0.05,8,bin_chi2_M80,0.015151111111111112,6000
0.05,8,bin_chi2_M120,0.019033333333333333,6000
0.05,9,KDE_chi2,0.11698433497882044,6000
0.05,9,well_TV,0.00216666666666665,6000
0.05,9,CDF_sup,0.0077083333333333075,6000
0.05,9,W1,0.0071086245782914165,6000
0.05,9,bin_chi2_M40,0.0043799999999999985,6000
0.05,9,bin_chi2_M80,0.018333333333333326,6000
0.05,9,bin_chi2_M120,0.022166666666666668,6000
0.05,10,KDE_chi2,0.10873571446863303,6000
0.05,10,well_TV,0.003666666666666596,6000
0.05,10,CDF_sup,0.013666666666666681,6000
0.05,10,W1,0.012183169019420612,6000
0.05,10,bin_chi2_M40,0.004962222222222223,6000
0.05,10,bin_chi2_M80,0.013284444444444442,6000
0.05,10,bin_chi2_M120,0.021660000000000002,6000
0.05,11,KDE_chi2,0.10741041056088446,6000
0.05,11,well_TV,0.006333333333333302,6000
0.05,11,CDF_sup,0.010916666666666703,6000
0.05,11,W1,0.014376045195166975,6000
0.05,11,bin_chi2_M40,0.006866666666666667,6000
0.05,11,bin_chi2_M80,0.01280888888888889,6000
0.05,11,bin_chi2_M120,0.01984,6000
0.05,12,KDE_chi2,0.10204990035296455,6000
0.05,12,well_TV,0.0004999999999999449,6000
0.05,12,CDF_sup,0.005791666666666645,6000
0.05,12,W1,0.0037867779214134658,6000
0.05,12,bin_chi2_M40,0.00551111111111111,6000
0.05,12,bin_chi2_M80,0.01618666666666666,6000
0.05,12,bin_chi2_M120,0.018473333333333335,6000
0.05,13,KDE_chi2,0.10852282956095913,6000
0.05,13,well_TV,0.0003333333333332966,6000
0.05,13,CDF_sup,0.00658333333333332,6000
0.05,13,W1,0.003140041669521852,6000
0.05,13,bin_chi2_M40,0.006606666666666668,6000
0.05,13,bin_chi2_M80,0.015004444444444445,6000
0.05,13,bin_chi2_M120,0.01595333333333333,6000
0.05,14,KDE_chi2,0.10185890211144052,6000
0.05,14,well_TV,0.00883333333333336,6000
0.05,14,CDF_sup,0.011916666666666648,6000
0.05,14,W1,0.016683191150652144,6000
0.05,14,bin_chi2_M40,0.008073333333333332,6000
0.05,14,bin_chi2_M80,0.011893333333333332,6000
0.05,14,bin_chi2_M120,0.016220000000000002,6000
0.05,15,KDE_chi2,0.1121131656276565,6000
0.05,15,well_TV,0.0071666666666666545,6000
0.05,15,CDF_sup,0.014708333333333367,6000
0.05,15,W1,0.016639973900873815,6000
0.05,15,bin_chi2_M40,0.004488888888888888,6000
0.05,15,bin_chi2_M80,0.013026666666666666,6000
0.05,15,bin_chi2_M120,0.020733333333333333,6000
0.05,16,KDE_chi2,0.11698251351744003,6000
0.05,16,well_TV,0.0023333333333332984,6000
0.05,16,CDF_sup,0.007291666666666687,6000
0.05,16,W1,0.006400653199373427,6000
0.05,16,bin_chi2_M40,0.006702222222222222,6000
0.05,16,bin_chi2_M80,0.013386666666666665,6000
0.05,16,bin_chi2_M120,0.021533333333333335,6000
0.05,17,KDE_chi2,0.11645591624209217,6000
0.05,17,well_TV,0.0038333333333333552,6000
0.05,17,CDF_sup,0.007916666666666686,6000
0.05,17,W1,0.009883401794121331,6000
0.05,17,bin_chi2_M40,0.004864444444444444,6000
0.05,17,bin_chi2_M80,0.011004444444444443,6000
0.05,17,bin_chi2_M120,0.020986666666666667,6000
0.05,18,KDE_chi2,0.11311908893196121,6000
0.05,18,well_TV,0.0011666666666667047,6000
0.05,18,CDF_sup,0.008999999999999984,6000
0.05,18,W1,0.00457887474789943,6000
0.05,18,bin_chi2_M40,0.00471111111111111,6000
0.05,18,bin_chi2_M80,0.011040000000000001,6000
0.05,18,bin_chi2_M120,0.01806,6000
0.05,19,KDE_chi2,0.11635694657100802,6000
0.05,19,well_TV,0.0010000000000000009,6000
0.05,19,CDF_sup,0.006666666666666678,6000
0.05,19,W1,0.004327969584511537,6000
0.05,19,bin_chi2_M40,0.005124444444444445,6000
0.05,19,bin_chi2_M80,0.014155555555555557,6000
0.05,19,bin_chi2_M120,0.018846666666666664,6000
0.05,20,KDE_chi2,0.11368567011272232,6000
0.05,20,well_TV,0.0011666666666667602,6000
0.05,20,CDF_sup,0.009541666666666703,6000
0.05,20,W1,0.004765240522756651,6000
0.05,20,bin_chi2_M40,0.007491111111111111,6000
0.05,20,bin_chi2_M80,0.016368888888888888,6000
0.05,20,bin_chi2_M120,0.022020000000000005,6000
0.05,21,KDE_chi2,0.11366190136564386,6000
0.05,21,well_TV,0.0050000000000000044,6000
0.05,21,CDF_sup,0.009999999999999986,6000
0.05,21,W1,0.012590589577809827,6000
0.05,21,bin_chi2_M40,0.010642222222222223,6000
0.05,21,bin_chi2_M80,0.016982222222222218,6000
0.05,21,bin_chi2_M120,0.019406666666666662,6000
0.05,22,KDE_chi2,0.11980216453821738,6000
0.05,22,well_TV,0.00216666666666665,6000
0.05,22,CDF_sup,0.00941666666666668,6000
0.05,22,W1,0.005163611811373738,6000
0.05,22,bin_chi2_M40,0.003977777777777778,6000
0.05,22,bin_chi2_M80,0.014755555555555555,6000
0.05,22,bin_chi2_M120,0.020513333333333335,6000
0.05,23,KDE_chi2,0.11632485085756175,6000
0.05,23,well_TV,0.01633333333333331,6000
0.05,23,CDF_sup,0.01712500000000002,6000
0.05,23,W1,0.02742846856692162,6000
0.05,23,bin_chi2_M40,0.007855555555555555,6000
0.05,23,bin_chi2_M80,0.012133333333333333,6000
0.05,23,bin_chi2_M120,0.018980000000000004,6000
0.05,24,KDE_chi2,0.11082972043827484,6000
0.05,24,well_TV,0.004666666666666652,6000
0.05,24,CDF_sup,0.011000000000000038,6000
0.05,24,W1,0.009775294426115558,6000
0.05,24,bin_chi2_M40,0.007533333333333335,6000
0.05,24,bin_chi2_M80,0.014813333333333331,6000
0.05,24,bin_chi2_M120,0.023399999999999997,6000
0.05,25,KDE_chi2,0.11897532798953228,6000
0.05,25,well_TV,0.015666666666666662,6000
0.05,25,CDF_sup,0.016833333333333356,6000
0.05,25,W1,0.026621352695646416,6000
0.05,25,bin_chi2_M40,0.00952,6000
0.05,25,bin_chi2_M80,0.014977777777777776,6000
0.05,25,bin_chi2_M120,0.018813333333333335,6000
0.05,26,KDE_chi2,0.11203517155618983,6000
0.05,26,well_TV,0.0071666666666666545,6000
0.05,26,CDF_sup,0.010124999999999986,6000
0.05,26,W1,0.015312069734887437,6000
0.05,26,bin_chi2_M40,0.004753333333333332,6000
0.05,26,bin_chi2_M80,0.013213333333333336,6000
0.05,26,bin_chi2_M120,0.02281333333333333,6000
0.05,27,KDE_chi2,0.10344394005196658,6000
0.05,27,well_TV,0.003166666666666762,6000
0.05,27,CDF_sup,0.006874999999999959,6000
0.05,27,W1,0.005608928223371605,6000
0.05,27,bin_chi2_M40,0.00554222222222222,6000
0.05,27,bin_chi2_M80,0.012177777777777777,6000
0.05,27,bin_chi2_M120,0.019126666666666667,6000
0.05,28,KDE_chi2,0.10223120691819745,6000
0.05,28,well_TV,0.005666666666666709,6000
0.05,28,CDF_sup,0.011583333333333315,6000
0.05,28,W1,0.011815757924711364,6000
0.05,28,bin_chi2_M40,0.00913333333333333,6000
0.05,28,bin_chi2_M80,0.009497777777777775,6000
0.05,28,bin_chi2_M120,0.02214666666666667,6000
0.05,29,KDE_chi2,0.11667036370103706,6000
0.05,29,well_TV,0.0071666666666666545,6000
0.05,29,CDF_sup,0.00916666666666664,6000
0.05,29,W1,0.012208975817747495,6000
0.05,29,bin_chi2_M40,0.004682222222222223,6000
0.05,29,bin_chi2_M80,0.015942222222222215,6000
0.05,29,bin_chi2_M120,0.02494666666666667,6000
0.05,30,KDE_chi2,0.11596307134393817,6000
0.05,30,well_TV,0.0001666666666666483,6000
0.05,30,CDF_sup,0.006291666666666633,6000
0.05,30,W1,0.0039761703516674185,6000
0.05,30,bin_chi2_M40,0.005377777777777778,6000
0.05,30,bin_chi2_M80,0.011466666666666667,6000
0.05,30,bin_chi2_M120,0.0207,6000
0.05,31,KDE_chi2,0.10815500022371058,6000
0.05,31,well_TV,0.0008333333333333526,6000
0.05,31,CDF_sup,0.014333333333333365,6000
0.05,31,W1,0.004877149181214298,6000
0.05,31,bin_chi2_M40,0.005573333333333333,6000
0.05,31,bin_chi2_M80,0.010386666666666666,6000
0.05,31,bin_chi2_M120,0.01872666666666667,6000
0.05,32,KDE_chi2,0.1179241029571916,6000
0.05,32,well_TV,0.0018333333333333535,6000
0.05,32,CDF_sup,0.010374999999999968,6000
0.05,32,W1,0.006175596384372407,6000
0.05,32,bin_chi2_M40,0.0057288888888888875,6000
0.05,32,bin_chi2_M80,0.012822222222222221,6000
0.05,32,bin_chi2_M120,0.021873333333333335,6000
0.05,33,KDE_chi2,0.11239041854053934,6000
0.05,33,well_TV,0.0013333333333334085,6000
0.05,33,CDF_sup,0.006708333333333296,6000
0.05,33,W1,0.0056633614084722035,6000
0.05,33,bin_chi2_M40,0.00806888888888889,6000
0.05,33,bin_chi2_M80,0.01509777777777778,6000
0.05,33,bin_chi2_M120,0.02212,6000
0.05,34,KDE_chi2,0.10699892784147376,6000
0.05,34,well_TV,0.0038333333333333552,6000
0.05,34,CDF_sup,0.010416666666666644,6000
0.05,34,W1,0.010088780705352882,6000
0.05,34,bin_chi2_M40,0.006246666666666667,6000
0.05,34,bin_chi2_M80,0.012799999999999999,6000
0.05,34,bin_chi2_M120,0.019486666666666666,6000
0.05,35,KDE_chi2,0.10736075144480725,6000
0.05,35,well_TV,0.009500000000000008,6000
0.05,35,CDF_sup,0.017000000000000032,6000
0.05,35,W1,0.021931004567933593,6000
0.05,35,bin_chi2_M40,0.008517777777777779,6000
0.05,35,bin_chi2_M80,0.013582222222222223,6000
0.05,35,bin_chi2_M120,0.02114,6000
0.05,36,KDE_chi2,0.10083254378341501,6000
0.05,36,well_TV,0.012833333333333252,6000
0.05,36,CDF_sup,0.01895833333333332,6000
0.05,36,W1,0.025179554626292608,6000
0.05,36,bin_chi2_M40,0.008766666666666666,6000
0.05,36,bin_chi2_M80,0.014435555555555554,6000
0.05,36,bin_chi2_M120,0.01618,6000
0.05,37,KDE_chi2,0.11655049857698124,6000
0.05,37,well_TV,0.02083333333333326,6000
0.05,37,CDF_sup,0.023708333333333314,6000
0.05,37,W1,0.041246718724069376,6000
0.05,37,bin_chi2_M40,0.005202222222222221,6000
0.05,37,bin_chi2_M80,0.013782222222222222,6000
0.05,37,bin_chi2_M120,0.023473333333333332,6000
0.05,38,KDE_chi2,0.10917918046402451,6000
0.05,38,well_TV,0.0010000000000000009,6000
0.05,38,CDF_sup,0.006374999999999954,6000
0.05,38,W1,0.0038068568968948843,6000
0.05,38,bin_chi2_M40,0.007091111111111112,6000
0.05,38,bin_chi2_M80,0.01124,6000
0.05,38,bin_chi2_M120,0.022733333333333328,6000
0.05,39,KDE_chi2,0.11528290913626546,6000
0.05,39,well_TV,0.006500000000000061,6000
0.05,39,CDF_sup,0.010458333333333299,6000
0.05,39,W1,0.014124656852288652,6000
0.05,39,bin_chi2_M40,0.007386666666666666,6000
0.05,39,bin_chi2_M80,0.010586666666666664,6000
0.05,39,bin_chi2_M120,0.019106666666666668,6000
0.05,40,KDE_chi2,0.12475089940538078,6000
0.05,40,well_TV,0.012166666666666659,6000
0.05,40,CDF_sup,0.01833333333333335,6000
0.05,40,W1,0.022850531351007085,6000
0.05,40,bin_chi2_M40,0.007193333333333333,6000
0.05,40,bin_chi2_M80,0.014257777777777779,6000
0.05,40,bin_chi2_M120,0.016180000000000003,6000
0.05,41,KDE_chi2,0.10558596472995552,6000
0.05,41,well_TV,0.011333333333333306,6000
0.05,41,CDF_sup,0.014166666666666642,6000
0.05,41,W1,0.01985576211883418,6000
0.05,41,bin_chi2_M40,0.006539999999999999,6000
0.05,41,bin_chi2_M80,0.01076888888888889,6000
0.05,41,bin_chi2_M120,0.020359999999999996,6000
0.05,42,KDE_chi2,0.11253969708009949,6000
0.05,42,well_TV,0.0015000000000000568,6000
0.05,42,CDF_sup,0.007874999999999965,6000
0.05,42,W1,0.004779076064366167,6000
0.05,42,bin_chi2_M40,0.005004444444444444,6000
0.05,42,bin_chi2_M80,0.011826666666666666,6000
0.05,42,bin_chi2_M120,0.019200000000000002,6000
0.05,43,KDE_chi2,0.11762928654815034,6000
0.05,43,well_TV,0.008166666666666711,6000
0.05,43,CDF_sup,0.012625000000000011,6000
0.05,43,W1,0.016488421304623486,6000
0.05,43,bin_chi2_M40,0.007379999999999999,6000
0.05,43,bin_chi2_M80,0.01164888888888889,6000
0.05,43,bin_chi2_M120,0.018006666666666667,6000
0.05,44,KDE_chi2,0.11765648287682025,6000
0.05,44,well_TV,0.0006666666666666488,6000
0.05,44,CDF_sup,0.007750000000000017,6000
0.05,44,W1,0.004346637749462472,6000
0.05,44,bin_chi2_M40,0.004886666666666666,6000
0.05,44,bin_chi2_M80,0.014986666666666665,6000
0.05,44,bin_chi2_M120,0.019866666666666668,6000
0.05,45,KDE_chi2,0.11350837908251082,6000
0.05,45,well_TV,0.006166666666666654,6000
0.05,45,CDF_sup,0.013083333333333374,6000
0.05,45,W1,0.0130351374333609,6000
0.05,45,bin_chi2_M40,0.006444444444444446,6000
0.05,45,bin_chi2_M80,0.010635555555555554,6000
0.05,45,bin_chi2_M120,0.020893333333333333,6000
0.05,46,KDE_chi2,0.10062814300780988,6000
0.05,46,well_TV,0.0040000000000000036,6000
0.05,46,CDF_sup,0.007666666666666692,6000
0.05,46,W1,0.009068909143336325,6000
0.05,46,bin_chi2_M40,0.006835555555555555,6000
0.05,46,bin_chi2_M80,0.008986666666666665,6000
0.05,46,bin_chi2_M120,0.018099999999999998,6000
0.05,47,KDE_chi2,0.11637562651474664,6000
0.05,47,well_TV,0.016833333333333256,6000
0.05,47,CDF_sup,0.01808333333333331,6000
0.05,47,W1,0.02988499764814387,6000
0.05,47,bin_chi2_M40,0.007173333333333334,6000
0.05,47,bin_chi2_M80,0.011515555555555553,6000
0.05,47,bin_chi2_M120,0.019526666666666664,6000
0.05,48,KDE_chi2,0.11108390435803969,6000
0.05,48,well_TV,0.00216666666666665,6000
0.05,48,CDF_sup,0.013916666666666699,6000
0.05,48,W1,0.010200414960483371,6000
0.05,48,bin_chi2_M40,0.004999999999999999,6000
0.05,48,bin_chi2_M80,0.014599999999999998,6000
0.05,48,bin_chi2_M120,0.019533333333333333,6000
0.05,49,KDE_chi2,0.1038615403544639,6000
0.05,49,well_TV,0.005499999999999949,6000
0.05,49,CDF_sup,0.011374999999999982,6000
0.05,49,W1,0.010931062196700436,6000
0.05,49,bin_chi2_M40,0.009499999999999998,6000
0.05,49,bin_chi2_M80,0.012791111111111112,6000
0.05,49,bin_chi2_M120,0.022246666666666668,6000
0.05,50,KDE_chi2,0.12143612234633426,6000
0.05,50,well_TV,0.004166666666666652,6000
0.05,50,CDF_sup,0.011333333333333346,6000
0.05,50,W1,0.00939548807452861,6000
0.05,50,bin_chi2_M40,0.007255555555555553,6000
0.05,50,bin_chi2_M80,0.011955555555555556,6000
0.05,50,bin_chi2_M120,0.018206666666666666,6000
0.05,51,KDE_chi2,0.11974237576997084,6000
0.05,51,well_TV,0.010166666666666657,6000
0.05,51,CDF_sup,0.013791666666666636,6000
0.05,51,W1,0.02162331468325071,6000
0.05,51,bin_chi2_M40,0.007660000000000003,6000
0.05,51,bin_chi2_M80,0.01612444444444444,6000
0.05,51,bin_chi2_M120,0.019473333333333332,6000
0.05,52,KDE_chi2,0.11656505904331067,6000
0.05,52,well_TV,0.0044999999999999485,6000
0.05,52,CDF_sup,0.012083333333333343,6000
0.05,52,W1,0.013664181548759938,6000
0.05,52,bin_chi2_M40,0.006782222222222221,6000
0.05,52,bin_chi2_M80,0.012471111111111112,6000
0.05,52,bin_chi2_M120,0.023933333333333334,6000
0.05,53,KDE_chi2,0.11195283746965887,6000
0.05,53,well_TV,0.0028333333333333544,6000
0.05,53,CDF_sup,0.008625000000000034,6000
0.05,53,W1,0.009569172306748145,6000
0.05,53,bin_chi2_M40,0.005620000000000001,6000
0.05,53,bin_chi2_M80,0.01396,6000
0.05,53,bin_chi2_M120,0.019006666666666665,6000
0.05,54,KDE_chi2,0.1044846321567055,6000
0.05,54,well_TV,0.0003333333333332966,6000
0.05,54,CDF_sup,0.009916666666666647,6000
0.05,54,W1,0.004666999712766793,6000
0.05,54,bin_chi2_M40,0.006017777777777778,6000
0.05,54,bin_chi2_M80,0.01376888888888889,6000
0.05,54,bin_chi2_M120,0.01729333333333333,6000
0.05,55,KDE_chi2,0.1158774577478412,6000
0.05,55,well_TV,0.0050000000000000044,6000
0.05,55,CDF_sup,0.01320833333333334,6000
0.05,55,W1,0.01214520881974425,6000
0.05,55,bin_chi2_M40,0.004617777777777777,6000
0.05,55,bin_chi2_M80,0.009844444444444444,6000
0.05,55,bin_chi2_M120,0.024426666666666666,6000
0.05,56,KDE_chi2,0.10224781013815902,6000
0.05,56,well_TV,0.0008333333333333526,6000
0.05,56,CDF_sup,0.009833333333333366,6000
0.05,56,W1,0.005224527840771272,6000
0.05,56,bin_chi2_M40,0.00816222222222222,6000
0.05,56,bin_chi2_M80,0.02045333333333333,6000
0.05,56,bin_chi2_M120,0.022193333333333336,6000
0.05,57,KDE_chi2,0.11638926925021087,6000
0.05,57,well_TV,0.01533333333333331,6000
0.05,57,CDF_sup,0.020458333333333294,6000
0.05,57,W1,0.034146153548730386,6000
0.05,57,bin_chi2_M40,0.008133333333333333,6000
0.05,57,bin_chi2_M80,0.013351111111111112,6000
0.05,57,bin_chi2_M120,0.019533333333333333,6000
0.05,58,KDE_chi2,0.1148694583112297,6000
0.05,58,well_TV,0.001833333333333298,6000
0.05,58,CDF_sup,0.008125000000000028,6000
0.05,58,W1,0.005312628737328205,6000
0.05,58,bin_chi2_M40,0.005308888888888889,6000
0.05,58,bin_chi2_M80,0.013688888888888886,6000
0.05,58,bin_chi2_M120,0.020053333333333333,6000
0.05,59,KDE_chi2,0.10350281898470359,6000
0.05,59,well_TV,0.01983333333333337,6000
0.05,59,CDF_sup,0.021249999999999977,6000
0.05,59,W1,0.03515245129178629,6000
0.05,59,bin_chi2_M40,0.007317777777777777,6000
0.05,59,bin_chi2_M80,0.017128888888888888,6000
0.05,59,bin_chi2_M120,0.02,6000
0.05,60,KDE_chi2,0.10322385295940087,6000
0.05,60,well_TV,0.005666666666666709,6000
0.05,60,CDF_sup,0.011041666666666648,6000
0.05,60,W1,0.010858115955422432,6000
0.05,60,bin_chi2_M40,0.007271111111111112,6000
0.05,60,bin_chi2_M80,0.01914222222222222,6000
0.05,60,bin_chi2_M120,0.019353333333333333,6000
0.05,61,KDE_chi2,0.11385623746206527,6000
0.05,61,well_TV,0.012166666666666659,6000
0.05,61,CDF_sup,0.014916666666666686,6000
0.05,61,W1,0.024828262831744566,6000
0.05,61,bin_chi2_M40,0.006686666666666664,6000
0.05,61,bin_chi2_M80,0.014111111111111109,6000
0.05,61,bin_chi2_M120,0.021213333333333334,6000
0.05,62,KDE_chi2,0.10962364877270658,6000
0.05,62,well_TV,0.007333333333333303,6000
0.05,62,CDF_sup,0.01200000000000001,6000
0.05,62,W1,0.014566622730871667,6000
0.05,62,bin_chi2_M40,0.007368888888888888,6000
0.05,62,bin_chi2_M80,0.011097777777777778,6000
0.05,62,bin_chi2_M120,0.021153333333333333,6000
0.05,63,KDE_chi2,0.1208015299013176,6000
0.05,63,well_TV,0.005166666666666708,6000
0.05,63,CDF_sup,0.011708333333333354,6000
0.05,63,W1,0.0107432973231709,6000
0.05,63,bin_chi2_M40,0.007439999999999998,6000
0.05,63,bin_chi2_M80,0.011666666666666665,6000
0.05,63,bin_chi2_M120,0.023213333333333336,6000
0.045,0,KDE_chi2,0.13958679314905115,6000
0.045,0,well_TV,0.010666666666666658,6000
0.045,0,CDF_sup,0.013041666666666686,6000
0.045,0,W1,0.01995610107435555,6000
0.045,0,bin_chi2_M40,0.004877777777777776,6000
0.045,0,bin_chi2_M80,0.010946666666666667,6000
0.045,0,bin_chi2_M120,0.02027333333333333,6000
0.045,1,KDE_chi2,0.14043904302423876,6000
0.045,1,well_TV,0.0010000000000000009,6000
0.045,1,CDF_sup,0.007249999999999989,6000
0.045,1,W1,0.002999545183192933,6000
0.045,1,bin_chi2_M40,0.007715555555555555,6000
0.045,1,bin_chi2_M80,0.008924444444444443,6000
0.045,1,bin_chi2_M120,0.020626666666666668,6000
0.045,2,KDE_chi2,0.13072476500212668,6000
0.045,2,well_TV,0.011499999999999955,6000
0.045,2,CDF_sup,0.020083333333333307,6000
0.045,2,W1,0.027635367255540444,6000
0.045,2,bin_chi2_M40,0.005124444444444444,6000
0.045,2,bin_chi2_M80,0.013515555555555555,6000
0.045,2,bin_chi2_M120,0.01874,6000
0.045,3,KDE_chi2,0.12962953241194325,6000
0.045,3,well_TV,0.013000000000000012,6000
0.045,3,CDF_sup,0.020041666666666694,6000
0.045,3,W1,0.026790705660034872,6000
0.045,3,bin_chi2_M40,0.008633333333333331,6000
0.045,3,bin_chi2_M80,0.012048888888888888,6000
0.045,3,bin_chi2_M120,0.019119999999999995,6000
0.045,4,KDE_chi2,0.15004628656400631,6000
0.045,4,well_TV,0.0050000000000000044,6000
0.045,4,CDF_sup,0.00783333333333335,6000
0.045,4,W1,0.009785388305813485,6000
0.045,4,bin_chi2_M40,0.006268888888888888,6000
0.045,4,bin_chi2_M80,0.014639999999999995,6000
0.045,4,bin_chi2_M120,0.020546666666666664,6000
0.045,5,KDE_chi2,0.13539547203877655,6000
0.045,5,well_TV,0.0076666666666667105,6000
0.045,5,CDF_sup,0.01283333333333331,6000
0.045,5,W1,0.017513728994909092,6000
0.045,5,bin_chi2_M40,0.007433333333333334,6000
0.045,5,bin_chi2_M80,0.014195555555555555,6000
0.045,5,bin_chi2_M120,0.019880000000000002,6000
0.045,6,KDE_chi2,0.1440773147789765,6000
0.045,6,well_TV,0.0033333333333334103,6000
0.045,6,CDF_sup,0.009041666666666707,6000
0.045,6,W1,0.009571594678188364,6000
0.045,6,bin_chi2_M40,0.0067399999999999995,6000
0.045,6,bin_chi2_M80,0.014711111111111112,6000
0.045,6,bin_chi2_M120,0.019799999999999998,6000
0.045,7,KDE_chi2,0.14245079245343784,6000
0.045,7,well_TV,0.006500000000000061,6000
0.045,7,CDF_sup,0.00891666666666669,6000
0.045,7,W1,0.012676692698542638,6000
0.045,7,bin_chi2_M40,0.0069511111111111076,6000
0.045,7,bin_chi2_M80,0.012497777777777778,6000
0.045,7,bin_chi2_M120,0.019506666666666665,6000
0.045,8,KDE_chi2,0.13941061246131806,6000
0.045,8,well_TV,0.005333333333333301,6000
0.045,8,CDF_sup,0.012916666666666625,6000
0.045,8,W1,0.014220563996811183,6000
0.045,8,bin_chi2_M40,0.007982222222222224,6000
0.045,8,bin_chi2_M80,0.012208888888888887,6000
0.045,8,bin_chi2_M120,0.020493333333333332,6000
0.045,9,KDE_chi2,0.14023511524239285,6000
0.045,9,well_TV,0.004500000000000004,6000
0.045,9,CDF_sup,0.007333333333333369,6000
0.045,9,W1,0.00923568027473541,6000
0.045,9,bin_chi2_M40,0.005840000000000001,6000
0.045,9,bin_chi2_M80,0.01430222222222222,6000
0.045,9,bin_chi2_M120,0.02384,6000
0.045,10,KDE_chi2,0.14432073496170028,6000
0.045,10,well_TV,0.008333333333333304,6000
0.045,10,CDF_sup,0.009874999999999983,6000
0.045,10,W1,0.017314877800697553,6000
0.045,10,bin_chi2_M40,0.00500888888888889,6000
0.045,10,bin_chi2_M80,0.017355555555555555,6000
0.045,10,bin_chi2_M120,0.018973333333333335,6000
0.045,11,KDE_chi2,0.14711392626159583,6000
0.045,11,well_TV,0.004166666666666652,6000
0.045,11,CDF_sup,0.013416666666666655,6000
0.045,11,W1,0.014259132896291759,6000
0.045,11,bin_chi2_M40,0.006913333333333334,6000
0.045,11,bin_chi2_M80,0.012973333333333333,6000
0.045,11,bin_chi2_M120,0.01924,6000
0.045,12,KDE_chi2,0.150596833354067,6000
0.045,12,well_TV,0.004833333333333356,6000
0.045,12,CDF_sup,0.015166666666666686,6000
0.045,12,W1,0.014485437341516291,6000
0.045,12,bin_chi2_M40,0.005226666666666666,6000
0.045,12,bin_chi2_M80,0.01368888888888889,6000
0.045,12,bin_chi2_M120,0.01826,6000
0.045,13,KDE_chi2,0.1509777328419706,6000
0.045,13,well_TV,0.006000000000000005,6000
0.045,13,CDF_sup,0.010333333333333349,6000
0.045,13,W1,0.012358691010162012,6000
0.045,13,bin_chi2_M40,0.006164444444444445,6000
0.045,13,bin_chi2_M80,0.008764444444444443,6000
0.045,13,bin_chi2_M120,0.023586666666666666,6000
0.045,14,KDE_chi2,0.14913777247033433,6000
0.045,14,well_TV,0.010000000000000009,6000
0.045,14,CDF_sup,0.013041666666666644,6000
0.045,14,W1,0.01980504187515516,6000
0.045,14,bin_chi2_M40,0.0048333333333333344,6000
0.045,14,bin_chi2_M80,0.008657777777777778,6000
0.045,14,bin_chi2_M120,0.023313333333333335,6000
0.045,15,KDE_chi2,0.14350282127300537,6000
0.045,15,well_TV,0.010833333333333361,6000
0.045,15,CDF_sup,0.015791666666666686,6000
0.045,15,W1,0.020371382974517516,6000
0.045,15,bin_chi2_M40,0.006264444444444444,6000
0.045,15,bin_chi2_M80,0.0142,6000
0.045,15,bin_chi2_M120,0.02717333333333333,6000
0.045,16,KDE_chi2,0.12744991996663332,6000
0.045,16,well_TV,0.0016666666666667052,6000
0.045,16,CDF_sup,0.00958333333333336,6000
0.045,16,W1,0.006385941794775591,6000
0.045,16,bin_chi2_M40,0.006333333333333334,6000
0.045,16,bin_chi2_M80,0.011288888888888888,6000
0.045,16,bin_chi2_M120,0.021959999999999997,6000
0.045,17,KDE_chi2,0.1354475136147699,6000
0.045,17,well_TV,0.006500000000000006,6000
0.045,17,CDF_sup,0.01658333333333336,6000
0.045,17,W1,0.01509499866562437,6000
0.045,17,bin_chi2_M40,0.006735555555555557,6000
0.045,17,bin_chi2_M80,0.01635111111111111,6000
0.045,17,bin_chi2_M120,0.018753333333333334,6000
0.045,18,KDE_chi2,0.14254569055160032,6000
0.045,18,well_TV,0.002666666666666706,6000
0.045,18,CDF_sup,0.0050416666666666795,6000
0.045,18,W1,0.005133295606989247,6000
0.045,18,bin_chi2_M40,0.006253333333333333,6000
0.045,18,bin_chi2_M80,0.016115555555555553,6000
0.045,18,bin_chi2_M120,0.016973333333333333,6000
0.045,19,KDE_chi2,0.12785235660567384,6000
0.045,19,well_TV,0.007833333333333359,6000
0.045,19,CDF_sup,0.017624999999999988,6000
0.045,19,W1,0.014663181501654462,6000
0.045,19,bin_chi2_M40,0.0064222222222222215,6000
0.045,19,bin_chi2_M80,0.011768888888888888,6000
0.045,19,bin_chi2_M120,0.02801333333333333,6000
0.045,20,KDE_chi2,0.1489325338306873,6000
0.045,20,well_TV,0.006833333333333302,6000
0.045,20,CDF_sup,0.009125000000000022,6000
0.045,20,W1,0.013406043130682714,6000
0.045,20,bin_chi2_M40,0.005917777777777778,6000
0.045,20,bin_chi2_M80,0.014884444444444443,6000
0.045,20,bin_chi2_M120,0.017433333333333332,6000
0.045,21,KDE_chi2,0.13883405012378902,6000
0.045,21,well_TV,0.008166666666666711,6000
0.045,21,CDF_sup,0.009958333333333326,6000
0.045,21,W1,0.012629001123076116,6000
0.045,21,bin_chi2_M40,0.00568888888888889,6000
0.045,21,bin_chi2_M80,0.011911111111111107,6000
0.045,21,bin_chi2_M120,0.021579999999999995,6000
0.045,22,KDE_chi2,0.13048592434718492,6000
0.045,22,well_TV,0.0003333333333332966,6000
0.045,22,CDF_sup,0.007250000000000027,6000
0.045,22,W1,0.004674662952645444,6000
0.045,22,bin_chi2_M40,0.0047377777777777765,6000
0.045,22,bin_chi2_M80,0.01396,6000
0.045,22,bin_chi2_M120,0.025006666666666663,6000
0.045,23,KDE_chi2,0.1408478337105199,6000
0.045,23,well_TV,0.004666666666666597,6000
0.045,23,CDF_sup,0.006333333333333316,6000
0.045,23,W1,0.00856689912573169,6000
0.045,23,bin_chi2_M40,0.007853333333333332,6000
0.045,23,bin_chi2_M80,0.011199999999999998,6000
0.045,23,bin_chi2_M120,0.016986666666666664,6000
0.045,24,KDE_chi2,0.14557540260202617,6000
0.045,24,well_TV,0.006166666666666654,6000
0.045,24,CDF_sup,0.010499999999999971,6000
0.045,24,W1,0.012582844769748597,6000
0.045,24,bin_chi2_M40,0.006462222222222223,6000
0.045,24,bin_chi2_M80,0.01334222222222222,6000
0.045,24,bin_chi2_M120,0.023286666666666667,6000
0.045,25,KDE_chi2,0.13758092701273247,6000
0.045,25,well_TV,0.00550000000000006,6000
0.045,25,CDF_sup,0.010250000000000033,6000
0.045,25,W1,0.010864468400514582,6000
0.045,25,bin_chi2_M40,0.006355555555555554,6000
0.045,25,bin_chi2_M80,0.008982222222222225,6000
0.045,25,bin_chi2_M120,0.02078,6000
0.045,26,KDE_chi2,0.13940399505720158,6000
0.045,26,well_TV,0.010333333333333306,6000
0.045,26,CDF_sup,0.012625000000000022,6000
0.045,26,W1,0.020180453840638754,6000
0.045,26,bin_chi2_M40,0.0054600000000000004,6000
0.045,26,bin_chi2_M80,0.012528888888888891,6000
0.045,26,bin_chi2_M120,0.018593333333333333,6000
0.045,27,KDE_chi2,0.13576312366689336,6000
0.045,27,well_TV,0.005666666666666709,6000
0.045,27,CDF_sup,0.012291666666666694,6000
0.045,27,W1,0.012212149098522793,6000
0.045,27,bin_chi2_M40,0.003351111111111112,6000
0.045,27,bin_chi2_M80,0.013173333333333332,6000
0.045,27,bin_chi2_M120,0.020573333333333332,6000
0.045,28,KDE_chi2,0.13286684493468218,6000
0.045,28,well_TV,0.005833333333333357,6000
0.045,28,CDF_sup,0.010791666666666696,6000
0.045,28,W1,0.01120296255432803,6000
0.045,28,bin_chi2_M40,0.007324444444444445,6000
0.045,28,bin_chi2_M80,0.015919999999999997,6000
0.045,28,bin_chi2_M120,0.020579999999999998,6000
0.045,29,KDE_chi2,0.14016219436142485,6000
0.045,29,well_TV,0.006000000000000005,6000
0.045,29,CDF_sup,0.011625000000000028,6000
0.045,29,W1,0.015767985489996018,6000
0.045,29,bin_chi2_M40,0.005895555555555555,6000
0.045,29,bin_chi2_M80,0.011942222222222222,6000
0.045,29,bin_chi2_M120,0.017433333333333332,6000
0.045,30,KDE_chi2,0.14153696250271652,6000
0.045,30,well_TV,0.012499999999999956,6000
0.045,30,CDF_sup,0.013291666666666695,6000
0.045,30,W1,0.02240032118295667,6000
0.045,30,bin_chi2_M40,0.007564444444444443,6000
0.045,30,bin_chi2_M80,0.014977777777777777,6000
0.045,30,bin_chi2_M120,0.02184,6000
0.045,31,KDE_chi2,0.13943447305093382,6000
0.045,31,well_TV,0.003166666666666651,6000
0.045,31,CDF_sup,0.008791666666666701,6000
0.045,31,W1,0.007196434649103235,6000
0.045,31,bin_chi2_M40,0.007104444444444444,6000
0.045,31,bin_chi2_M80,0.015706666666666664,6000
0.045,31,bin_chi2_M120,0.019966666666666667,6000
0.045,32,KDE_chi2,0.1447009376916365,6000
0.045,32,well_TV,0.007833333333333359,6000
0.045,32,CDF_sup,0.01108333333333331,6000
0.045,32,W1,0.018248841261984547,6000
0.045,32,bin_chi2_M40,0.008453333333333334,6000
0.045,32,bin_chi2_M80,0.018466666666666666,6000
0.045,32,bin_chi2_M120,0.020966666666666668,6000
0.045,33,KDE_chi2,0.14547747289649612,6000
0.045,33,well_TV,0.0040000000000000036,6000
0.045,33,CDF_sup,0.01041666666666668,6000
0.045,33,W1,0.011247483070631774,6000
0.045,33,bin_chi2_M40,0.007648888888888888,6000
0.045,33,bin_chi2_M80,0.013355555555555553,6000
0.045,33,bin_chi2_M120,0.022186666666666667,6000
0.045,34,KDE_chi2,0.1396244861323283,6000
0.045,34,well_TV,0.0050000000000000044,6000
0.045,34,CDF_sup,0.006125000000000023,6000
0.045,34,W1,0.009760021302473828,6000
0.045,34,bin_chi2_M40,0.004695555555555555,6000
0.045,34,bin_chi2_M80,0.011591111111111111,6000
0.045,34,bin_chi2_M120,0.020626666666666668,6000
0.045,35,KDE_chi2,0.15411705722691904,6000
0.045,35,well_TV,0.0008333333333332416,6000
0.045,35,CDF_sup,0.005541666666666682,6000
0.045,35,W1,0.003821333453046366,6000
0.045,35,bin_chi2_M40,0.006073333333333335,6000
0.045,35,bin_chi2_M80,0.010973333333333331,6000
0.045,35,bin_chi2_M120,0.020693333333333334,6000
0.045,36,KDE_chi2,0.1629421773905909,6000
0.045,36,well_TV,0.01200000000000001,6000
0.045,36,CDF_sup,0.013458333333333353,6000
0.045,36,W1,0.018454982413910616,6000
0.045,36,bin_chi2_M40,0.005197777777777776,6000
0.045,36,bin_chi2_M80,0.014537777777777774,6000
0.045,36,bin_chi2_M120,0.02252,6000
0.045,37,KDE_chi2,0.1421075966668233,6000
0.045,37,well_TV,0.0030000000000000027,6000
0.045,37,CDF_sup,0.009166666666666629,6000
0.045,37,W1,0.006207515817763756,6000
0.045,37,bin_chi2_M40,0.005646666666666666,6000
0.045,37,bin_chi2_M80,0.010431111111111111,6000
0.045,37,bin_chi2_M120,0.02213333333333333,6000
0.045,38,KDE_chi2,0.15624200682006625,6000
0.045,38,well_TV,0.0043333333333333,6000
0.045,38,CDF_sup,0.010125000000000016,6000
0.045,38,W1,0.009295639700250019,6000
0.045,38,bin_chi2_M40,0.006788888888888889,6000
0.045,38,bin_chi2_M80,0.015857777777777776,6000
0.045,38,bin_chi2_M120,0.021686666666666667,6000
0.045,39,KDE_chi2,0.1554572783124218,6000
0.045,39,well_TV,0.010333333333333361,6000
0.045,39,CDF_sup,0.014208333333333347,6000
0.045,39,W1,0.01870357618854937,6000
0.045,39,bin_chi2_M40,0.0050822222222222215,6000
0.045,39,bin_chi2_M80,0.01304,6000
0.045,39,bin_chi2_M120,0.017646666666666665,6000
0.045,40,KDE_chi2,0.14690760913328557,6000
0.045,40,well_TV,0.013833333333333364,6000
0.045,40,CDF_sup,0.01841666666666665,6000
0.045,40,W1,0.026623850756590246,6000
0.045,40,bin_chi2_M40,0.006262222222222221,6000
0.045,40,bin_chi2_M80,0.013284444444444442,6000
0.045,40,bin_chi2_M120,0.02138,6000
0.045,41,KDE_chi2,0.14293296106171938,6000
0.045,41,well_TV,0.0018333333333333535,6000
0.045,41,CDF_sup,0.006708333333333368,6000
0.045,41,W1,0.00516304366473856,6000
0.045,41,bin_chi2_M40,0.006782222222222221,6000
0.045,41,bin_chi2_M80,0.01007111111111111,6000
0.045,41,bin_chi2_M120,0.014926666666666668,6000
0.045,42,KDE_chi2,0.1442717688740617,6000
0.045,42,well_TV,0.003666666666666596,6000
0.045,42,CDF_sup,0.011583333333333327,6000
0.045,42,W1,0.010127829389685978,6000
0.045,42,bin_chi2_M40,0.004888888888888888,6000
0.045,42,bin_chi2_M80,0.011675555555555554,6000
0.045,42,bin_chi2_M120,0.020413333333333332,6000
0.045,43,KDE_chi2,0.14186639975598686,6000
0.045,43,well_TV,0.0016666666666667052,6000
0.045,43,CDF_sup,0.006000000000000037,6000
0.045,43,W1,0.003311131572007746,6000
0.045,43,bin_chi2_M40,0.00565111111111111,6000
0.045,43,bin_chi2_M80,0.01592,6000
0.045,43,bin_chi2_M120,0.02351333333333333,6000
0.045,44,KDE_chi2,0.15354733687887231,6000
0.045,44,well_TV,0.0028333333333333544,6000
0.045,44,CDF_sup,0.007291666666666663,6000
0.045,44,W1,0.005841737304515704,6000
0.045,44,bin_chi2_M40,0.008077777777777777,6000
0.045,44,bin_chi2_M80,0.017457777777777777,6000
0.045,44,bin_chi2_M120,0.020686666666666666,6000
0.045,45,KDE_chi2,0.1557238303539918,6000
0.045,45,well_TV,0.0011666666666667602,6000
0.045,45,CDF_sup,0.009083333333333339,6000
0.045,45,W1,0.0057181463218620885,6000
0.045,45,bin_chi2_M40,0.007228888888888891,6000
0.045,45,bin_chi2_M80,0.014973333333333332,6000
0.045,45,bin_chi2_M120,0.013939999999999998,6000
0.045,46,KDE_chi2,0.1386251170607969,6000
0.045,46,well_TV,0.0,6000
0.045,46,CDF_sup,0.0080416666666667,6000
0.045,46,W1,0.003822483043467667,6000
0.045,46,bin_chi2_M40,0.004986666666666667,6000
0.045,46,bin_chi2_M80,0.013435555555555551,6000
0.045,46,bin_chi2_M120,0.015693333333333337,6000
0.045,47,KDE_chi2,0.1576355259742963,6000
0.045,47,well_TV,0.0076666666666667105,6000
0.045,47,CDF_sup,0.01679166666666668,6000
0.045,47,W1,0.015963487309692166,6000
0.045,47,bin_chi2_M40,0.007846666666666667,6000
0.045,47,bin_chi2_M80,0.011297777777777778,6000
0.045,47,bin_chi2_M120,0.018113333333333335,6000
0.045,48,KDE_chi2,0.14187394987031088,6000
0.045,48,well_TV,0.004500000000000004,6000
0.045,48,CDF_sup,0.008125000000000042,6000
0.045,48,W1,0.010178789927000796,6000
0.045,48,bin_chi2_M40,0.007604444444444443,6000
0.045,48,bin_chi2_M80,0.010657777777777776,6000
0.045,48,bin_chi2_M120,0.02698666666666667,6000
0.045,49,KDE_chi2,0.1404819759817364,6000
0.045,49,well_TV,0.0003333333333332966,6000
0.045,49,CDF_sup,0.0077499999999999705,6000
0.045,49,W1,0.004219382484094262,6000
0.045,49,bin_chi2_M40,0.007628888888888891,6000
0.045,49,bin_chi2_M80,0.011102222222222222,6000
0.045,49,bin_chi2_M120,0.02302,6000
0.045,50,KDE_chi2,0.15490066136628433,6000
0.045,50,well_TV,0.008499999999999952,6000
0.045,50,CDF_sup,0.011749999999999976,6000
0.045,50,W1,0.01752032697009647,6000
0.045,50,bin_chi2_M40,0.0047599999999999995,6000
0.045,50,bin_chi2_M80,0.01522222222222222,6000
0.045,50,bin_chi2_M120,0.022559999999999997,6000
0.045,51,KDE_chi2,0.1496008203761116,6000
0.045,51,well_TV,0.004333333333333411,6000
0.045,51,CDF_sup,0.008249999999999962,6000
0.045,51,W1,0.008312472980828085,6000
0.045,51,bin_chi2_M40,0.004839999999999999,6000
0.045,51,bin_chi2_M80,0.01412,6000
0.045,51,bin_chi2_M120,0.01711333333333333,6000
0.045,52,KDE_chi2,0.1296939516832761,6000
0.045,52,well_TV,0.0044999999999999485,6000
0.045,52,CDF_sup,0.009041666666666646,6000
0.045,52,W1,0.0092969259745472,6000
0.045,52,bin_chi2_M40,0.0038111111111111106,6000
0.045,52,bin_chi2_M80,0.011604444444444443,6000
0.045,52,bin_chi2_M120,0.02110666666666667,6000
0.045,53,KDE_chi2,0.14787358148729352,6000
0.045,53,well_TV,0.008499999999999952,6000
0.045,53,CDF_sup,0.012500000000000006,6000
0.045,53,W1,0.017893214161297983,6000
0.045,53,bin_chi2_M40,0.00541111111111111,6000
0.045,53,bin_chi2_M80,0.01138222222222222,6000
0.045,53,bin_chi2_M120,0.02238,6000
0.045,54,KDE_chi2,0.1488579910009929,6000
0.045,54,well_TV,0.0028333333333333544,6000
0.045,54,CDF_sup,0.006583333333333351,6000
0.045,54,W1,0.00590868388209392,6000
0.045,54,bin_chi2_M40,0.008044444444444444,6000
0.045,54,bin_chi2_M80,0.012844444444444443,6000
0.045,54,bin_chi2_M120,0.015926666666666665,6000
0.045,55,KDE_chi2,0.14465057674982174,6000
0.045,55,well_TV,0.010000000000000009,6000
0.045,55,CDF_sup,0.010958333333333344,6000
0.045,55,W1,0.01817148313314653,6000
0.045,55,bin_chi2_M40,0.0067666666666666665,6000
0.045,55,bin_chi2_M80,0.010439999999999998,6000
0.045,55,bin_chi2_M120,0.019133333333333336,6000
0.045,56,KDE_chi2,0.14558396497184994,6000
0.045,56,well_TV,0.004666666666666708,6000
0.045,56,CDF_sup,0.007000000000000015,6000
0.045,56,W1,0.010536187053395034,6000
0.045,56,bin_chi2_M40,0.0064444444444444445,6000
0.045,56,bin_chi2_M80,0.015426666666666663,6000
0.045,56,bin_chi2_M120,0.017300000000000003,6000
0.045,57,KDE_chi2,0.1331527823197191,6000
0.045,57,well_TV,0.0001666666666666483,6000
0.045,57,CDF_sup,0.010291666666666676,6000
0.045,57,W1,0.005962951319092616,6000
0.045,57,bin_chi2_M40,0.0035199999999999997,6000
0.045,57,bin_chi2_M80,0.008546666666666666,6000
0.045,57,bin_chi2_M120,0.017806666666666665,6000
0.045,58,KDE_chi2,0.1377372669022242,6000
0.045,58,well_TV,0.0006666666666667043,6000
0.045,58,CDF_sup,0.003958333333333378,6000
0.045,58,W1,0.002930744237654873,6000
0.045,58,bin_chi2_M40,0.011362222222222221,6000
0.045,58,bin_chi2_M80,0.012386666666666667,6000
0.045,58,bin_chi2_M120,0.01857333333333333,6000
0.045,59,KDE_chi2,0.14373557589294605,6000
0.045,59,well_TV,0.007500000000000062,6000
0.045,59,CDF_sup,0.007916666666666693,6000
0.045,59,W1,0.0133628756341364,6000
0.045,59,bin_chi2_M40,0.006462222222222223,6000
0.045,59,bin_chi2_M80,0.014906666666666665,6000
0.045,59,bin_chi2_M120,0.01922,6000
0.045,60,KDE_chi2,0.14221803162045538,6000
0.045,60,well_TV,0.0025000000000000577,6000
0.045,60,CDF_sup,0.00575000000000002,6000
0.045,60,W1,0.007506149671561957,6000
0.045,60,bin_chi2_M40,0.00542,6000
0.045,60,bin_chi2_M80,0.012888888888888887,6000
0.045,60,bin_chi2_M120,0.02469333333333333,6000
0.045,61,KDE_chi2,0.15806114377177014,6000
0.045,61,well_TV,0.00016666666666670382,6000
0.045,61,CDF_sup,0.01104166666666669,6000
0.045,61,W1,0.006096170089427731,6000
0.045,61,bin_chi2_M40,0.0040866666666666655,6000
0.045,61,bin_chi2_M80,0.011831111111111108,6000
0.045,61,bin_chi2_M120,0.015300000000000001,6000
0.045,62,KDE_chi2,0.14576971778712228,6000
0.045,62,well_TV,0.009000000000000008,6000
0.045,62,CDF_sup,0.01712499999999997,6000
0.045,62,W1,0.023785636266203197,6000
0.045,62,bin_chi2_M40,0.008435555555555557,6000
0.045,62,bin_chi2_M80,0.014417777777777776,6000
0.045,62,bin_chi2_M120,0.018346666666666667,6000
0.045,63,KDE_chi2,0.14495906720685559,6000
0.045,63,well_TV,0.0044999999999999485,6000
0.045,63,CDF_sup,0.008208333333333375,6000
0.045,63,W1,0.009349468387548536,6000
0.045,63,bin_chi2_M40,0.005984444444444445,6000
0.045,63,bin_chi2_M80,0.012599999999999997,6000
0.045,63,bin_chi2_M120,0.022033333333333332,6000
0.04,0,KDE_chi2,0.1942564697027167,6000
0.04,0,well_TV,0.012833333333333363,6000
0.04,0,CDF_sup,0.013416666666666681,6000
0.04,0,W1,0.02289686392355783,6000
0.04,0,bin_chi2_M40,0.004955555555555556,6000
0.04,0,bin_chi2_M80,0.014626666666666666,6000
0.04,0,bin_chi2_M120,0.0156,6000
0.04,1,KDE_chi2,0.18175542974086878,6000
0.04,1,well_TV,0.005333333333333301,6000
0.04,1,CDF_sup,0.007249999999999983,6000
0.04,1,W1,0.010842612828569208,6000
0.04,1,bin_chi2_M40,0.009102222222222222,6000
0.04,1,bin_chi2_M80,0.010693333333333332,6000
0.04,1,bin_chi2_M120,0.01957333333333333,6000
0.04,2,KDE_chi2,0.20729584514376143,6000
0.04,2,well_TV,0.005166666666666708,6000
0.04,2,CDF_sup,0.010291666666666682,6000
0.04,2,W1,0.010479071489385882,6000
0.04,2,bin_chi2_M40,0.005893333333333333,6000
0.04,2,bin_chi2_M80,0.010924444444444441,6000
0.04,2,bin_chi2_M120,0.0191,6000
0.04,3,KDE_chi2,0.1852586691137364,6000
0.04,3,well_TV,0.0030000000000000027,6000
0.04,3,CDF_sup,0.009374999999999991,6000
0.04,3,W1,0.005196478503722844,6000
0.04,3,bin_chi2_M40,0.005282222222222221,6000
0.04,3,bin_chi2_M80,0.013524444444444441,6000
0.04,3,bin_chi2_M120,0.01935333333333333,6000
0.04,4,KDE_chi2,0.19702140293781445,6000
0.04,4,well_TV,0.00883333333333336,6000
0.04,4,CDF_sup,0.012583333333333353,6000
0.04,4,W1,0.018153744166908205,6000
0.04,4,bin_chi2_M40,0.0031044444444444453,6000
0.04,4,bin_chi2_M80,0.015155555555555558,6000
0.04,4,bin_chi2_M120,0.023153333333333335,6000
0.04,5,KDE_chi2,0.17139073475487043,6000
0.04,5,well_TV,0.004166666666666652,6000
0.04,5,CDF_sup,0.015166666666666695,6000
0.04,5,W1,0.012939839497999818,6000
0.04,5,bin_chi2_M40,0.006951111111111112,6000
0.04,5,bin_chi2_M80,0.014342222222222218,6000
0.04,5,bin_chi2_M120,0.020726666666666664,6000
0.04,6,KDE_chi2,0.2232219923938706,6000
0.04,6,well_TV,0.00033333333333340764,6000
0.04,6,CDF_sup,0.01291666666666668,6000
0.04,6,W1,0.005787724837065574,6000
0.04,6,bin_chi2_M40,0.005251111111111111,6000
0.04,6,bin_chi2_M80,0.012902222222222221,6000
0.04,6,bin_chi2_M120,0.0206,6000
0.04,7,KDE_chi2,0.1892840019945752,6000
0.04,7,well_TV,0.008166666666666655,6000
0.04,7,CDF_sup,0.010750000000000027,6000
0.04,7,W1,0.014968129466713442,6000
0.04,7,bin_chi2_M40,0.003644444444444445,6000
0.04,7,bin_chi2_M80,0.01060888888888889,6000
0.04,7,bin_chi2_M120,0.023773333333333334,6000
0.04,8,KDE_chi2,0.19123147396648044,6000
0.04,8,well_TV,0.003166666666666651,6000
0.04,8,CDF_sup,0.011833333333333303,6000
0.04,8,W1,0.010469694555915413,6000
0.04,8,bin_chi2_M40,0.007817777777777776,6000
0.04,8,bin_chi2_M80,0.01313333333333333,6000
0.04,8,bin_chi2_M120,0.020646666666666667,6000
0.04,9,KDE_chi2,0.197828923633813,6000
0.04,9,well_TV,0.017833333333333368,6000
0.04,9,CDF_sup,0.019208333333333348,6000
0.04,9,W1,0.03352410386458973,6000
0.04,9,bin_chi2_M40,0.006351111111111111,6000
0.04,9,bin_chi2_M80,0.014386666666666662,6000
0.04,9,bin_chi2_M120,0.019199999999999995,6000
0.04,10,KDE_chi2,0.18567493812306313,6000
0.04,10,well_TV,0.0058333333333333015,6000
0.04,10,CDF_sup,0.008750000000000029,6000
0.04,10,W1,0.009991440203443553,6000
0.04,10,bin_chi2_M40,0.005028888888888888,6000
0.04,10,bin_chi2_M80,0.013079999999999998,6000
0.04,10,bin_chi2_M120,0.01826,6000
0.04,11,KDE_chi2,0.2054745345949128,6000
0.04,11,well_TV,0.006833333333333302,6000
0.04,11,CDF_sup,0.013875000000000009,6000
0.04,11,W1,0.014417773159155062,6000
0.04,11,bin_chi2_M40,0.004913333333333333,6000
0.04,11,bin_chi2_M80,0.01092,6000
0.04,11,bin_chi2_M120,0.020913333333333332,6000
0.04,12,KDE_chi2,0.18637660950640467,6000
0.04,12,well_TV,0.0035000000000000586,6000
0.04,12,CDF_sup,0.010208333333333302,6000
0.04,12,W1,0.007763439951568635,6000
0.04,12,bin_chi2_M40,0.003946666666666668,6000
0.04,12,bin_chi2_M80,0.011693333333333333,6000
0.04,12,bin_chi2_M120,0.015053333333333332,6000
0.04,13,KDE_chi2,0.2092747900865583,6000
0.04,13,well_TV,0.0018333333333333535,6000
0.04,13,CDF_sup,0.013416666666666681,6000
0.04,13,W1,0.005711598689799623,6000
0.04,13,bin_chi2_M40,0.008484444444444444,6000
0.04,13,bin_chi2_M80,0.013906666666666664,6000
0.04,13,bin_chi2_M120,0.020406666666666663,6000
0.04,14,KDE_chi2,0.18881926830699208,6000
0.04,14,well_TV,0.007333333333333414,6000
0.04,14,CDF_sup,0.007708333333333357,6000
0.04,14,W1,0.01263161348074188,6000
0.04,14,bin_chi2_M40,0.006626666666666665,6000
0.04,14,bin_chi2_M80,0.011879999999999998,6000
0.04,14,bin_chi2_M120,0.021613333333333335,6000
0.04,15,KDE_chi2,0.188525941235897,6000
0.04,15,well_TV,0.01550000000000007,6000
0.04,15,CDF_sup,0.019791666666666707,6000
0.04,15,W1,0.031581472739638634,6000
0.04,15,bin_chi2_M40,0.005391111111111112,6000
0.04,15,bin_chi2_M80,0.010506666666666668,6000
0.04,15,bin_chi2_M120,0.019813333333333336,6000
0.04,16,KDE_chi2,0.20002236549158997,6000
0.04,16,well_TV,0.00550000000000006,6000
0.04,16,CDF_sup,0.008124999999999976,6000
0.04,16,W1,0.012529328236274095,6000
0.04,16,bin_chi2_M40,0.003555555555555553,6000
0.04,16,bin_chi2_M80,0.01265333333333333,6000
0.04,16,bin_chi2_M120,0.023093333333333334,6000
0.04,17,KDE_chi2,0.1835195667099095,6000
0.04,17,well_TV,0.009166666666666767,6000
0.04,17,CDF_sup,0.010083333333333314,6000
0.04,17,W1,0.016930774090181806,6000
0.04,17,bin_chi2_M40,0.004506666666666666,6000
0.04,17,bin_chi2_M80,0.0138,6000
0.04,17,bin_chi2_M120,0.02314,6000
0.04,18,KDE_chi2,0.1912926663762845,6000
0.04,18,well_TV,0.0018333333333333535,6000
0.04,18,CDF_sup,0.00558333333333337,6000
0.04,18,W1,0.004121326885763954,6000
0.04,18,bin_chi2_M40,0.0067222222222222214,6000
0.04,18,bin_chi2_M80,0.013564444444444448,6000
0.04,18,bin_chi2_M120,0.017313333333333333,6000
0.04,19,KDE_chi2,0.19918119821570546,6000
0.04,19,well_TV,0.005166666666666597,6000
0.04,19,CDF_sup,0.006916666666666687,6000
0.04,19,W1,0.00939166096364653,6000
0.04,19,bin_chi2_M40,0.005528888888888889,6000
0.04,19,bin_chi2_M80,0.014088888888888889,6000
0.04,19,bin_chi2_M120,0.020566666666666664,6000
0.04,20,KDE_chi2,0.1943936563046295,6000
0.04,20,well_TV,0.006833333333333358,6000
0.04,20,CDF_sup,0.014666666666666661,6000
0.04,20,W1,0.015148575490801917,6000
0.04,20,bin_chi2_M40,0.007446666666666666,6000
0.04,20,bin_chi2_M80,0.01653333333333333,6000
0.04,20,bin_chi2_M120,0.017993333333333333,6000
0.04,21,KDE_chi2,0.2148023495981658,6000
0.04,21,well_TV,0.009499999999999953,6000
0.04,21,CDF_sup,0.015583333333333307,6000
0.04,21,W1,0.01925175856070714,6000
0.04,21,bin_chi2_M40,0.009173333333333332,6000
0.04,21,bin_chi2_M80,0.015555555555555555,6000
0.04,21,bin_chi2_M120,0.017193333333333335,6000
0.04,22,KDE_chi2,0.19816409944267338,6000
0.04,22,well_TV,0.0028333333333333544,6000
0.04,22,CDF_sup,0.010583333333333347,6000
0.04,22,W1,0.007029587050723457,6000
0.04,22,bin_chi2_M40,0.005151111111111109,6000
0.04,22,bin_chi2_M80,0.012822222222222221,6000
0.04,22,bin_chi2_M120,0.020826666666666667,6000
0.04,23,KDE_chi2,0.20174841701077992,6000
0.04,23,well_TV,0.0043333333333333,6000
0.04,23,CDF_sup,0.009208333333333305,6000
0.04,23,W1,0.009544648895962144,6000
0.04,23,bin_chi2_M40,0.00676222222222222,6000
0.04,23,bin_chi2_M80,0.01402222222222222,6000
0.04,23,bin_chi2_M120,0.019966666666666667,6000
0.04,24,KDE_chi2,0.20593409972123078,6000
0.04,24,well_TV,0.00033333333333335213,6000
0.04,24,CDF_sup,0.009875000000000021,6000
0.04,24,W1,0.003575381023552408,6000
0.04,24,bin_chi2_M40,0.006477777777777777,6000
0.04,24,bin_chi2_M80,0.015106666666666668,6000
0.04,24,bin_chi2_M120,0.017179999999999997,6000
0.04,25,KDE_chi2,0.20229955503478203,6000
0.04,25,well_TV,0.0038333333333332997,6000
0.04,25,CDF_sup,0.007208333333333346,6000
0.04,25,W1,0.0067007399081228085,6000
0.04,25,bin_chi2_M40,0.00658,6000
0.04,25,bin_chi2_M80,0.012048888888888888,6000
0.04,25,bin_chi2_M120,0.01922,6000
0.04,26,KDE_chi2,0.18996150904664122,6000
0.04,26,well_TV,0.008333333333333304,6000
0.04,26,CDF_sup,0.009666666666666652,6000
0.04,26,W1,0.015175705305407856,6000
0.04,26,bin_chi2_M40,0.004562222222222222,6000
0.04,26,bin_chi2_M80,0.019102222222222222,6000
0.04,26,bin_chi2_M120,0.022013333333333336,6000
0.04,27,KDE_chi2,0.1762636419684684,6000
0.04,27,well_TV,0.008166666666666655,6000
0.04,27,CDF_sup,0.015416666666666684,6000
0.04,27,W1,0.018531945561758342,6000
0.04,27,bin_chi2_M40,0.004873333333333332,6000
0.04,27,bin_chi2_M80,0.01359111111111111,6000
0.04,27,bin_chi2_M120,0.019053333333333335,6000
0.04,28,KDE_chi2,0.18390075231696862,6000
0.04,28,well_TV,0.0071666666666666545,6000
0.04,28,CDF_sup,0.010791666666666646,6000
0.04,28,W1,0.014384679523043105,6000
0.04,28,bin_chi2_M40,0.006053333333333334,6000
0.04,28,bin_chi2_M80,0.012302222222222221,6000
0.04,28,bin_chi2_M120,0.01666,6000
0.04,29,KDE_chi2,0.20130395645601012,6000
0.04,29,well_TV,0.009000000000000008,6000
0.04,29,CDF_sup,0.01399999999999997,6000
0.04,29,W1,0.018166440022782056,6000
0.04,29,bin_chi2_M40,0.005319999999999998,6000
0.04,29,bin_chi2_M80,0.010795555555555558,6000
0.04,29,bin_chi2_M120,0.01908,6000
0.04,30,KDE_chi2,0.18334647683363642,6000
0.04,30,well_TV,0.007000000000000117,6000
0.04,30,CDF_sup,0.010458333333333314,6000
0.04,30,W1,0.013702800833497881,6000
0.04,30,bin_chi2_M40,0.007222222222222224,6000
0.04,30,bin_chi2_M80,0.013693333333333335,6000
0.04,30,bin_chi2_M120,0.019966666666666667,6000
0.04,31,KDE_chi2,0.191584231118464,6000
0.04,31,well_TV,0.008333333333333304,6000
0.04,31,CDF_sup,0.01170833333333329,6000
0.04,31,W1,0.01577713521059922,6000
0.04,31,bin_chi2_M40,0.010044444444444443,6000
0.04,31,bin_chi2_M80,0.015293333333333332,6000
0.04,31,bin_chi2_M120,0.013953333333333333,6000
0.04,32,KDE_chi2,0.18364620714716776,6000
0.04,32,well_TV,0.0008333333333332971,6000
0.04,32,CDF_sup,0.007958333333333366,6000
0.04,32,W1,0.004958660186121504,6000
0.04,32,bin_chi2_M40,0.005315555555555554,6000
0.04,32,bin_chi2_M80,0.012555555555555552,6000
0.04,32,bin_chi2_M120,0.017513333333333336,6000
0.04,33,KDE_chi2,0.18929076335869535,6000
0.04,33,well_TV,0.003166666666666651,6000
0.04,33,CDF_sup,0.00983333333333335,6000
0.04,33,W1,0.008512750874350846,6000
0.04,33,bin_chi2_M40,0.005177777777777778,6000
0.04,33,bin_chi2_M80,0.010902222222222221,6000
0.04,33,bin_chi2_M120,0.020326666666666666,6000
0.04,34,KDE_chi2,0.20318957752797712,6000
0.04,34,well_TV,0.0001666666666666483,6000
0.04,34,CDF_sup,0.009041666666666634,6000
0.04,34,W1,0.0038288740418080907,6000
0.04,34,bin_chi2_M40,0.007204444444444444,6000
0.04,34,bin_chi2_M80,0.012333333333333332,6000
0.04,34,bin_chi2_M120,0.01526,6000
0.04,35,KDE_chi2,0.1846695316628505,6000
0.04,35,well_TV,0.007000000000000006,6000
0.04,35,CDF_sup,0.011083333333333362,6000
0.04,35,W1,0.014086589801573082,6000
0.04,35,bin_chi2_M40,0.005786666666666667,6000
0.04,35,bin_chi2_M80,0.01255111111111111,6000
0.04,35,bin_chi2_M120,0.021206666666666665,6000
0.04,36,KDE_chi2,0.17530770664060433,6000
0.04,36,well_TV,0.003666666666666596,6000
0.04,36,CDF_sup,0.017041666666666705,6000
0.04,36,W1,0.0110720803525741,6000
0.04,36,bin_chi2_M40,0.005197777777777777,6000
0.04,36,bin_chi2_M80,0.013831111111111108,6000
0.04,36,bin_chi2_M120,0.019913333333333335,6000
0.04,37,KDE_chi2,0.18342245448615815,6000
0.04,37,well_TV,0.011333333333333306,6000
0.04,37,CDF_sup,0.01337499999999998,6000
0.04,37,W1,0.021068057324047207,6000
0.04,37,bin_chi2_M40,0.006693333333333334,6000
0.04,37,bin_chi2_M80,0.012608888888888886,6000
0.04,37,bin_chi2_M120,0.018019999999999998,6000
0.04,38,KDE_chi2,0.1939629847259492,6000
0.04,38,well_TV,0.009333333333333305,6000
0.04,38,CDF_sup,0.010374999999999975,6000
0.04,38,W1,0.017183800661759032,6000
0.04,38,bin_chi2_M40,0.0054733333333333335,6000
0.04,38,bin_chi2_M80,0.01226222222222222,6000
0.04,38,bin_chi2_M120,0.01588,6000
0.04,39,KDE_chi2,0.19064110161129744,6000
0.04,39,well_TV,0.0043333333333333,6000
0.04,39,CDF_sup,0.008958333333333297,6000
0.04,39,W1,0.0074143617414279515,6000
0.04,39,bin_chi2_M40,0.005637777777777778,6000
0.04,39,bin_chi2_M80,0.013235555555555558,6000
0.04,39,bin_chi2_M120,0.01978,6000
0.04,40,KDE_chi2,0.19584168290117554,6000
0.04,40,well_TV,0.005500000000000005,6000
0.04,40,CDF_sup,0.007833333333333338,6000
0.04,40,W1,0.008313589357628359,6000
0.04,40,bin_chi2_M40,0.005039999999999999,6000
0.04,40,bin_chi2_M80,0.012715555555555553,6000
0.04,40,bin_chi2_M120,0.016266666666666665,6000
0.04,41,KDE_chi2,0.19184808552460705,6000
0.04,41,well_TV,0.0033333333333334103,6000
0.04,41,CDF_sup,0.012791666666666661,6000
0.04,41,W1,0.006990636840472058,6000
0.04,41,bin_chi2_M40,0.007715555555555555,6000
0.04,41,bin_chi2_M80,0.009897777777777778,6000
0.04,41,bin_chi2_M120,0.021419999999999998,6000
0.04,42,KDE_chi2,0.18595759096523715,6000
0.04,42,well_TV,0.006333333333333302,6000
0.04,42,CDF_sup,0.008124999999999976,6000
0.04,42,W1,0.009593829576367405,6000
0.04,42,bin_chi2_M40,0.0067777777777777775,6000
0.04,42,bin_chi2_M80,0.013471111111111107,6000
0.04,42,bin_chi2_M120,0.01614,6000
0.04,43,KDE_chi2,0.18600384288965344,6000
0.04,43,well_TV,0.001333333333333353,6000
0.04,43,CDF_sup,0.005750000000000012,6000
0.04,43,W1,0.004218476873712564,6000
0.04,43,bin_chi2_M40,0.006444444444444444,6000
0.04,43,bin_chi2_M80,0.014106666666666665,6000
0.04,43,bin_chi2_M120,0.021813333333333334,6000
0.04,44,KDE_chi2,0.18994384283742213,6000
0.04,44,well_TV,0.0023333333333332984,6000
0.04,44,CDF_sup,0.007999999999999991,6000
0.04,44,W1,0.005320307634744916,6000
0.04,44,bin_chi2_M40,0.005004444444444442,6000
0.04,44,bin_chi2_M80,0.011293333333333336,6000
0.04,44,bin_chi2_M120,0.02056,6000
0.04,45,KDE_chi2,0.21200276335573343,6000
0.04,45,well_TV,0.0023333333333332984,6000
0.04,45,CDF_sup,0.012125000000000009,6000
0.04,45,W1,0.006379014661331596,6000
0.04,45,bin_chi2_M40,0.004915555555555554,6000
0.04,45,bin_chi2_M80,0.014626666666666665,6000
0.04,45,bin_chi2_M120,0.01959333333333333,6000
0.04,46,KDE_chi2,0.19304433193515652,6000
0.04,46,well_TV,0.008166666666666655,6000
0.04,46,CDF_sup,0.012125000000000018,6000
0.04,46,W1,0.015728160527930777,6000
0.04,46,bin_chi2_M40,0.005082222222222222,6000
0.04,46,bin_chi2_M80,0.01015111111111111,6000
0.04,46,bin_chi2_M120,0.022266666666666667,6000
0.04,47,KDE_chi2,0.21116544465862636,6000
0.04,47,well_TV,0.012166666666666659,6000
0.04,47,CDF_sup,0.01604166666666669,6000
0.04,47,W1,0.02090961960493425,6000
0.04,47,bin_chi2_M40,0.00460888888888889,6000
0.04,47,bin_chi2_M80,0.018857777777777775,6000
0.04,47,bin_chi2_M120,0.01948,6000
0.04,48,KDE_chi2,0.19468118077025454,6000
0.04,48,well_TV,0.00666666666666671,6000
0.04,48,CDF_sup,0.01225000000000001,6000
0.04,48,W1,0.015855418446651594,6000
0.04,48,bin_chi2_M40,0.006077777777777778,6000
0.04,48,bin_chi2_M80,0.012951111111111111,6000
0.04,48,bin_chi2_M120,0.021066666666666664,6000
0.04,49,KDE_chi2,0.1862056110460041,6000
0.04,49,well_TV,0.01100000000000001,6000
0.04,49,CDF_sup,0.01312499999999998,6000
0.04,49,W1,0.020713029984044774,6000
0.04,49,bin_chi2_M40,0.007535555555555554,6000
0.04,49,bin_chi2_M80,0.012235555555555555,6000
0.04,49,bin_chi2_M120,0.01884,6000
0.04,50,KDE_chi2,0.18296706918900826,6000
0.04,50,well_TV,0.00033333333333340764,6000
0.04,50,CDF_sup,0.009374999999999984,6000
0.04,50,W1,0.004602565721008955,6000
0.04,50,bin_chi2_M40,0.007124444444444442,6000
0.04,50,bin_chi2_M80,0.017608888888888886,6000
0.04,50,bin_chi2_M120,0.02416666666666667,6000
0.04,51,KDE_chi2,0.18554206284457364,6000
0.04,51,well_TV,0.004166666666666596,6000
0.04,51,CDF_sup,0.0082916666666667,6000
0.04,51,W1,0.010847335534590986,6000
0.04,51,bin_chi2_M40,0.006688888888888888,6000
0.04,51,bin_chi2_M80,0.013084444444444444,6000
0.04,51,bin_chi2_M120,0.020046666666666667,6000
0.04,52,KDE_chi2,0.20854538911323234,6000
0.04,52,well_TV,0.0013333333333332975,6000
0.04,52,CDF_sup,0.015791666666666683,6000
0.04,52,W1,0.0076970618014362835,6000
0.04,52,bin_chi2_M40,0.0056999999999999985,6000
0.04,52,bin_chi2_M80,0.013515555555555555,6000
0.04,52,bin_chi2_M120,0.01848,6000
0.04,53,KDE_chi2,0.17063113989457845,6000
0.04,53,well_TV,0.000500000000000056,6000
0.04,53,CDF_sup,0.009749999999999981,6000
0.04,53,W1,0.005826568924896254,6000
0.04,53,bin_chi2_M40,0.007033333333333334,6000
0.04,53,bin_chi2_M80,0.012684444444444444,6000
0.04,53,bin_chi2_M120,0.02098,6000
0.04,54,KDE_chi2,0.18712102808438447,6000
0.04,54,well_TV,0.005666666666666709,6000
0.04,54,CDF_sup,0.013416666666666657,6000
0.04,54,W1,0.014174505104891374,6000
0.04,54,bin_chi2_M40,0.005199999999999999,6000
0.04,54,bin_chi2_M80,0.009866666666666666,6000
0.04,54,bin_chi2_M120,0.020753333333333332,6000
0.04,55,KDE_chi2,0.19789316526208664,6000
0.04,55,well_TV,0.011666666666666714,6000
0.04,55,CDF_sup,0.014250000000000016,6000
0.04,55,W1,0.020846854862468928,6000
0.04,55,bin_chi2_M40,0.005195555555555557,6000
0.04,55,bin_chi2_M80,0.009457777777777775,6000
0.04,55,bin_chi2_M120,0.015306666666666666,6000
0.04,56,KDE_chi2,0.19000447520769265,6000
0.04,56,well_TV,0.0025000000000000022,6000
0.04,56,CDF_sup,0.006166666666666646,6000
0.04,56,W1,0.0061149932042610195,6000
0.04,56,bin_chi2_M40,0.006517777777777777,6000
0.04,56,bin_chi2_M80,0.009964444444444444,6000
0.04,56,bin_chi2_M120,0.0182,6000
0.04,57,KDE_chi2,0.1907010811398767,6000
0.04,57,well_TV,0.0036666666666666514,6000
0.04,57,CDF_sup,0.011125000000000036,6000
0.04,57,W1,0.010366301309448926,6000
0.04,57,bin_chi2_M40,0.0060155555555555535,6000
0.04,57,bin_chi2_M80,0.011244444444444442,6000
0.04,57,bin_chi2_M120,0.01976,6000
0.04,58,KDE_chi2,0.20675248277128377,6000
0.04,58,well_TV,0.0033333333333332993,6000
0.04,58,CDF_sup,0.0128333333333333,6000
0.04,58,W1,0.008637051957324032,6000
0.04,58,bin_chi2_M40,0.008395555555555555,6000
0.04,58,bin_chi2_M80,0.013382222222222219,6000
0.04,58,bin_chi2_M120,0.020859999999999997,6000
0.04,59,KDE_chi2,0.18445855396572547,6000
0.04,59,well_TV,0.00883333333333336,6000
0.04,59,CDF_sup,0.01670833333333332,6000
0.04,59,W1,0.019786572275472553,6000
0.04,59,bin_chi2_M40,0.006431111111111111,6000
0.04,59,bin_chi2_M80,0.01594222222222222,6000
0.04,59,bin_chi2_M120,0.01672,6000
0.04,60,KDE_chi2,0.1926007623037148,6000
0.04,60,well_TV,0.0086666666666666,6000
0.04,60,CDF_sup,0.011124999999999975,6000
0.04,60,W1,0.016760063710209244,6000
0.04,60,bin_chi2_M40,0.006366666666666666,6000
0.04,60,bin_chi2_M80,0.013097777777777778,6000
0.04,60,bin_chi2_M120,0.02179333333333333,6000
0.04,61,KDE_chi2,0.2040484032580137,6000
0.04,61,well_TV,0.0024999999999999467,6000
0.04,61,CDF_sup,0.008499999999999997,6000
0.04,61,W1,0.007992888292252861,6000
0.04,61,bin_chi2_M40,0.0061177777777777775,6000
0.04,61,bin_chi2_M80,0.010724444444444444,6000
0.04,61,bin_chi2_M120,0.019786666666666668,6000
0.04,62,KDE_chi2,0.19628465576502827,6000
0.04,62,well_TV,0.004833333333333356,6000
0.04,62,CDF_sup,0.0068749999999999836,6000
0.04,62,W1,0.00873179506579675,6000
0.04,62,bin_chi2_M40,0.008286666666666668,6000
0.04,62,bin_chi2_M80,0.013377777777777777,6000
0.04,62,bin_chi2_M120,0.01701333333333333,6000
0.04,63,KDE_chi2,0.19546629780071967,6000
0.04,63,well_TV,0.0003333333333332966,6000
0.04,63,CDF_sup,0.012291666666666676,6000
0.04,63,W1,0.00633486643687922,6000
0.04,63,bin_chi2_M40,0.008042222222222221,6000
0.04,63,bin_chi2_M80,0.016373333333333333,6000
0.04,63,bin_chi2_M120,0.015126666666666667,6000
