{
  "N": 3000,
  "T": 20.0,
  "benchmark_config": {
    "benchmark_num_checkpoints": 9,
    "benchmark_num_repeats": 1,
    "emc_enabled": false,
    "emc_max_modes": 256,
    "emc_tau": 0.5,
    "metric_seed": 2026,
    "mmd_bandwidth_base": 1.0,
    "mmd_bandwidth_multiplier": 2.0,
    "mmd_num_kernels": 10,
    "mmd_subsample_size": 512,
    "sinkhorn_backend": "auto",
    "sinkhorn_epsilon": 50.0,
    "sinkhorn_max_iter": 500,
    "sinkhorn_method": "sinkhorn_log",
    "sinkhorn_subsample_size": 512,
    "sinkhorn_tol": 1e-06
  },
  "benchmark_metric_names": [
    "benchmark_sinkhorn_ot_cost",
    "benchmark_sinkhorn_divergence",
    "benchmark_mmd_squared",
    "benchmark_mmd",
    "benchmark_hard_emc"
  ],
  "benchmark_num_checkpoints": 9,
  "dt": 0.005,
  "emc_definition": "Normalized entropy of the aggregate soft mode-occupancy probabilities, so 0 indicates single-mode collapse and 1 indicates uniform coverage across the predefined mode descriptors.",
  "emc_formula": "exp(H)/40, H = -sum p_k log p_k",
  "emc_type": "hard_assignment_nearest_mean",
  "k_modes": 40,
  "mode_descriptors": [
    [
      10.956934985716344,
      -18.417062898890375
    ],
    [
      -36.72211808510443,
      -38.67778915771767
    ],
    [
      25.061619136021793,
      33.02044618221774
    ],
    [
      8.530862061374389,
      18.359724878719874
    ],
    [
      3.4899993172338295,
      34.80579390302146
    ],
    [
      25.268284329722572,
      -39.780919986388156
    ],
    [
      28.592342127005548,
      -37.313153975562855
    ],
    [
      18.372435714395525,
      -25.94755035179528
    ],
    [
      29.054313787990928,
      3.316897619927337
    ],
    [
      -16.023048757009217,
      -6.185022304187324
    ],
    [
      -37.73442630836296,
      -30.057337880034886
    ],
    [
      13.649953175490426,
      11.775160925940007
    ],
    [
      9.230808918500308,
      -9.305795659049325
    ],
    [
      39.776794863136885,
      38.46682710209841
    ],
    [
      14.843358758455576,
      12.036742101425304
    ],
    [
      15.075738445675206,
      -8.886286081671697
    ],
    [
      -29.1922795982071,
      17.719067215526536
    ],
    [
      2.028345798058071,
      -15.180649955283547
    ],
    [
      -1.1331712934568738,
      31.15902674792002
    ],
    [
      34.723481276499975,
      -11.376384263274382
    ],
    [
      5.722386458380875,
      -14.250448713924628
    ],
    [
      7.5440024159757435,
      -12.967101959429339
    ],
    [
      -8.670479957747101,
      31.221948160383384
    ],
    [
      -21.82739251732962,
      9.854971574883393
    ],
    [
      -33.278772513409216,
      26.61153181227182
    ],
    [
      22.967864599094668,
      -20.85044456056383
    ],
    [
      30.118738464856307,
      -35.31455721558445
    ],
    [
      -13.11063515634717,
      -27.977642648412875
    ],
    [
      -3.972850668057042,
      23.705941622983538
    ],
    [
      -21.548623280500205,
      -35.83829591484723
    ],
    [
      -7.635852814277744,
      -24.118956439259573
    ],
    [
      -32.739756350470245,
      6.426590878948053
    ],
    [
      -16.104309374486192,
      13.75959023650875
    ],
    [
      -24.038764482542938,
      35.369048840519824
    ],
    [
      -10.791186540413715,
      -31.560377634381638
    ],
    [
      10.328652123176738,
      34.17236424542939
    ],
    [
      -4.769827622737282,
      36.36723949525898
    ],
    [
      -0.008334904988238634,
      -5.9817100120739575
    ],
    [
      9.617076161230225,
      39.60772041882593
    ],
    [
      35.91549399502122,
      -3.196388855272314
    ]
  ],
  "mode_source": "seed=0, Uniform[-40,40]^2",
  "sigma_component": 1.0,
  "sigma_noise": 1.4142135623730951,
  "sinkhorn_divergence_definition": "Debiased Sinkhorn divergence built from the regularized OT objective.",
  "sinkhorn_ot_cost_definition": "Regularized OT objective with entropy term, matching the configured benchmark formula.",
  "target": "mog40"
}