method,variant_label,variant_hash,metric_definition_hash,tame,seed,step,t,n_fee,n_fee_per_particle,n_force_per_particle,n_extra_potential_equivalent_per_particle,W2_exact_1d,MMD2_biased,MMD2_unbiased,KS,CDF_L2,W1_cdf,basin_mass_left,basin_mass_error,moment_1_error,moment_2_error,moment_3_error,moment_4_error,tamed,tame_cap,boundary_rule,score_evaluation,splitting,jump_mode,bank_size,bank_refresh_policy,bank_shared_between_score_and_noise,m_clip_fraction,jump_count_mean,max_log_magnitude,jump_count_applied_cumulative,score_clip_fraction_cumulative,jump_rate_per_particle_time_cumulative,boundary_reject_fraction_cumulative,nonfinite_proposal_fraction_cumulative
LSC-CP-RA,"LSC-CP-RA (A=4), tamed",98886f115ea6a7a4c556fecc8bb0d7f3,8da7d73e85753d4e79f54062070fbc7b,True,0,0,0.0,0.0,0.0,0.0,0.0,1.3556916118436568,0.4297969388774273,0.42956982696025847,0.6160373529890023,0.7009502679013767,1.013535256527089,1.0,0.5,1.0013188415064673,0.04084606969962734,1.0119604583034771,0.02561762941089396,True,1.0,reject,pre_step,drift_diffusion_then_jump,iid_bank,4,every_step,True,,,,,,,,
LSC-CP-RA,"LSC-CP-RA (A=4), tamed",98886f115ea6a7a4c556fecc8bb0d7f3,8da7d73e85753d4e79f54062070fbc7b,True,1,0,0.0,0.0,0.0,0.0,0.0,1.3561656835161677,0.4298875646838788,0.42966051030725216,0.6125367177000641,0.7012191192877554,1.0140276642000807,1.0,0.5,1.0013654575196111,0.040839084263257774,1.0117945312807197,0.025179685878317426,True,1.0,reject,pre_step,drift_diffusion_then_jump,iid_bank,4,every_step,True,,,,,,,,
LSC-CP-RA,"LSC-CP-RA (A=4), tamed",98886f115ea6a7a4c556fecc8bb0d7f3,8da7d73e85753d4e79f54062070fbc7b,True,2,0,0.0,0.0,0.0,0.0,0.0,1.35517425109574,0.4295255028685634,0.4292983819051407,0.6122630168531179,0.7006143181684474,1.0127462868020614,1.0,0.5,1.000345388250613,0.038913654997904557,1.0090776590740191,0.021788657410087064,True,1.0,reject,pre_step,drift_diffusion_then_jump,iid_bank,4,every_step,True,,,,,,,,
LSC-CP-RA,"LSC-CP-RA (A=4), tamed",98886f115ea6a7a4c556fecc8bb0d7f3,8da7d73e85753d4e79f54062070fbc7b,True,3,0,0.0,0.0,0.0,0.0,0.0,1.354972971435273,0.4291514261593965,0.4289244477118427,0.6155205940737103,0.7004206833210299,1.0119254624659104,1.0,0.5,0.9982006257144727,0.034379061069565786,1.0018941959773646,0.011678043419863449,True,1.0,reject,pre_step,drift_diffusion_then_jump,iid_bank,4,every_step,True,,,,,,,,
LSC-CP-RA,"LSC-CP-RA (A=4), tamed",98886f115ea6a7a4c556fecc8bb0d7f3,8da7d73e85753d4e79f54062070fbc7b,True,0,4,0.02,3450390.2371397847,431.2987796424731,4.0,512.0,1.3304879236955989,0.4078889926193179,0.4076471002027826,0.5571669587838761,0.6816762943113479,0.9962725397405332,0.992,0.492,0.995462435353363,0.08976872987903084,1.155604989043933,0.5150214569694324,True,1.0,reject,pre_step,drift_diffusion_then_jump,iid_bank,4,every_step,True,0.000375,0.0053437499999999995,686.0219554288043,171,0.000375,1.06875,0.0,0.0
LSC-CP-RA,"LSC-CP-RA (A=4), tamed",98886f115ea6a7a4c556fecc8bb0d7f3,8da7d73e85753d4e79f54062070fbc7b,True,1,4,0.02,3450390.2371397847,431.2987796424731,4.0,512.0,1.319382235046061,0.4027507575989574,0.4025075660260956,0.5474168439434666,0.6753588812936294,0.9824565812638919,0.9875,0.48750000000000004,0.9792320340485047,0.06884833735358464,1.0701065528974085,0.34500628382387266,True,1.0,reject,pre_step,drift_diffusion_then_jump,iid_bank,4,every_step,True,0.000375,0.0053437499999999995,686.0219554288043,171,0.000375,1.06875,0.0,0.0
LSC-CP-RA,"LSC-CP-RA (A=4), tamed",98886f115ea6a7a4c556fecc8bb0d7f3,8da7d73e85753d4e79f54062070fbc7b,True,2,4,0.02,3450390.2371397847,431.2987796424731,4.0,512.0,1.3240311205257014,0.4083479784856876,0.408107817652254,0.5425447918519708,0.6799071735797559,0.9899241357167875,0.992,0.492,0.9880758471131483,0.0637357780856258,1.083550453700655,0.29413250044010397,True,1.0,reject,pre_step,drift_diffusion_then_jump,iid_bank,4,every_step,True,0.000375,0.0053437499999999995,686.0219554288043,171,0.000375,1.06875,0.0,0.0
LSC-CP-RA,"LSC-CP-RA (A=4), tamed",98886f115ea6a7a4c556fecc8bb0d7f3,8da7d73e85753d4e79f54062070fbc7b,True,3,4,0.02,3450390.2371397847,431.2987796424731,4.0,512.0,1.3138338964916159,0.40256234193340734,0.40232039332619285,0.5412422197283058,0.6738122709187228,0.9763218483990108,0.9875,0.48750000000000004,0.9742477120943978,0.04594500373566612,1.0157570016804272,0.11943747202051169,True,1.0,reject,pre_step,drift_diffusion_then_jump,iid_bank,4,every_step,True,0.000375,0.0053437499999999995,686.0219554288043,171,0.000375,1.06875,0.0,0.0
LSC-CP-RA,"LSC-CP-RA (A=4), tamed",98886f115ea6a7a4c556fecc8bb0d7f3,8da7d73e85753d4e79f54062070fbc7b,True,0,8,0.04,6900780.474279569,862.5975592849462,8.0,1024.0,1.2997083175832482,0.39032886863563465,0.39007896916361406,0.5141914479624905,0.6632674510103984,0.9688810783013592,0.9825,0.48250000000000004,0.9683141020262196,0.06827270710097055,1.077280947836314,0.3509240843957179,True,1.0,reject,pre_step,drift_diffusion_then_jump,iid_bank,4,every_step,True,0.0005937500000000001,0.0054687500000000005,1758.5297607641514,346,0.000484375,1.08125,0.0,0.0
LSC-CP-RA,"LSC-CP-RA (A=4), tamed",98886f115ea6a7a4c556fecc8bb0d7f3,8da7d73e85753d4e79f54062070fbc7b,True,1,8,0.04,6900780.474279569,862.5975592849462,8.0,1024.0,1.2897638750162197,0.3831627590243887,0.38290956182108793,0.5063734893449874,0.6567404198237442,0.957850088,0.978,0.478,0.9578499045165517,0.06131036711134796,1.0454648649069194,0.2687700058680683,True,1.0,reject,pre_step,drift_diffusion_then_jump,iid_bank,4,every_step,True,0.0005937500000000001,0.0054687500000000005,1758.5297607641514,346,0.000484375,1.08125,0.0,0.0
LSC-CP-RA,"LSC-CP-RA (A=4), tamed",98886f115ea6a7a4c556fecc8bb0d7f3,8da7d73e85753d4e79f54062070fbc7b,True,2,8,0.04,6900780.474279569,862.5975592849462,8.0,1024.0,1.298563230135977,0.3933810679458365,0.3931336353942766,0.5129558815644937,0.6646834278846288,0.9684884053802828,0.9845,0.48450000000000004,0.9684880328997658,0.05268652699333409,1.0462592110559434,0.228481705857145,True,1.0,reject,pre_step,drift_diffusion_then_jump,iid_bank,4,every_step,True,0.0005937500000000001,0.0054687500000000005,1758.5297607641514,346,0.000484375,1.08125,0.0,0.0
LSC-CP-RA,"LSC-CP-RA (A=4), tamed",98886f115ea6a7a4c556fecc8bb0d7f3,8da7d73e85753d4e79f54062070fbc7b,True,3,8,0.04,6900780.474279569,862.5975592849462,8.0,1024.0,1.2840017887123143,0.3772234891527336,0.37696782490909675,0.5027330259033689,0.6519109654377072,0.9491032821750267,0.974,0.474,0.9490045533209012,0.05430492975642953,1.0281283727210446,0.2374119758844656,True,1.0,reject,pre_step,drift_diffusion_then_jump,iid_bank,4,every_step,True,0.0005937500000000001,0.0054687500000000005,1758.5297607641514,346,0.000484375,1.08125,0.0,0.0
LSC-CP-RA,"LSC-CP-RA (A=4), tamed",98886f115ea6a7a4c556fecc8bb0d7f3,8da7d73e85753d4e79f54062070fbc7b,True,0,12,0.06,10351170.711419355,1293.8963389274195,12.0,1536.0,1.2700473508230474,0.3749516212896373,0.3746959950681701,0.49068571899960955,0.6464503217589045,0.9400098111301995,0.9735,0.47350000000000003,0.9399122801297269,0.03328294844680835,0.9785539834630376,0.10939204687432869,True,1.0,reject,pre_step,drift_diffusion_then_jump,iid_bank,4,every_step,True,0.00053125,0.00484375,3567.148413972617,501,0.0005,1.04375,0.0,0.0
LSC-CP-RA,"LSC-CP-RA (A=4), tamed",98886f115ea6a7a4c556fecc8bb0d7f3,8da7d73e85753d4e79f54062070fbc7b,True,1,12,0.06,10351170.711419355,1293.8963389274195,12.0,1536.0,1.259070390713231,0.3607323295145226,0.3604683644933697,0.48244780612181215,0.6354209141436602,0.9264876131793338,0.9655,0.4655,0.9264852256634254,0.051042480377538,1.0102566777120012,0.29004545472884635,True,1.0,reject,pre_step,drift_diffusion_then_jump,iid_bank,4,every_step,True,0.00053125,0.00484375,3567.148413972617,501,0.0005,1.04375,0.0,0.0
LSC-CP-RA,"LSC-CP-RA (A=4), tamed",98886f115ea6a7a4c556fecc8bb0d7f3,8da7d73e85753d4e79f54062070fbc7b,True,2,12,0.06,10351170.711419355,1293.8963389274195,12.0,1536.0,1.2693094503468536,0.37362157434079857,0.37336503146324074,0.4916179973328971,0.6453348114353412,0.9381136975047586,0.973,0.473,0.9381107509628632,0.036692414596407597,0.9804385978325942,0.13392512225116138,True,1.0,reject,pre_step,drift_diffusion_then_jump,iid_bank,4,every_step,True,0.00053125,0.00484375,3567.148413972617,501,0.0005,1.04375,0.0,0.0
LSC-CP-RA,"LSC-CP-RA (A=4), tamed",98886f115ea6a7a4c556fecc8bb0d7f3,8da7d73e85753d4e79f54062070fbc7b,True,3,12,0.06,10351170.711419355,1293.8963389274195,12.0,1536.0,1.2616331959970404,0.3634127929312191,0.3631500653623959,0.4849453681941018,0.6374965327226263,0.929791449932271,0.966,0.46599999999999997,0.9272576641313539,0.05125000779884159,0.9728815004366638,0.239627192129806,True,1.0,reject,pre_step,drift_diffusion_then_jump,iid_bank,4,every_step,True,0.00053125,0.00484375,3567.148413972617,501,0.0005,1.04375,0.0,0.0
LSC-CP-RA,"LSC-CP-RA (A=4), tamed",98886f115ea6a7a4c556fecc8bb0d7f3,8da7d73e85753d4e79f54062070fbc7b,True,0,17,0.085,14664158.507844085,1833.0198134805107,17.0,2176.0,1.2352497962300406,0.34670477947429845,0.34643481084025884,0.46969246471169535,0.6211731436769493,0.9043416924220087,0.9580000000000001,0.4580000000000001,0.9043227428322385,0.031138628244316346,0.9711214412378195,0.23024881437680433,True,1.0,reject,pre_step,drift_diffusion_then_jump,iid_bank,4,every_step,True,0.0004,0.005025000000000001,1449.0301278090587,702,0.00047058823529411766,1.0323529411764707,0.0,0.0
LSC-CP-RA,"LSC-CP-RA (A=4), tamed",98886f115ea6a7a4c556fecc8bb0d7f3,8da7d73e85753d4e79f54062070fbc7b,True,1,17,0.085,14664158.507844085,1833.0198134805107,17.0,2176.0,1.2338445112712757,0.34209537053754524,0.34182212021441394,0.46439724000765786,0.6182068446547451,0.9023753566593204,0.9550000000000001,0.45500000000000007,0.9023749255217545,0.04392145065393316,0.9852020078610657,0.27516235597810035,True,1.0,reject,pre_step,drift_diffusion_then_jump,iid_bank,4,every_step,True,0.0004,0.005025000000000001,1449.0301278090587,702,0.00047058823529411766,1.0323529411764707,0.0,0.0
LSC-CP-RA,"LSC-CP-RA (A=4), tamed",98886f115ea6a7a4c556fecc8bb0d7f3,8da7d73e85753d4e79f54062070fbc7b,True,2,17,0.085,14664158.507844085,1833.0198134805107,17.0,2176.0,1.2404208994244283,0.3486472743602108,0.3483777183629073,0.4701924647116953,0.6235348443739234,0.9086651499219445,0.9595,0.4595,0.9086306300591845,0.03950468184539546,0.988314166967499,0.2760239466104807,True,1.0,reject,pre_step,drift_diffusion_then_jump,iid_bank,4,every_step,True,0.0004,0.005025000000000001,1449.0301278090587,702,0.00047058823529411766,1.0323529411764707,0.0,0.0
LSC-CP-RA,"LSC-CP-RA (A=4), tamed",98886f115ea6a7a4c556fecc8bb0d7f3,8da7d73e85753d4e79f54062070fbc7b,True,3,17,0.085,14664158.507844085,1833.0198134805107,17.0,2176.0,1.2333700885909402,0.34168098212719045,0.3414072944987786,0.4598206338897901,0.6181332238750226,0.9027948831757842,0.9545,0.4545,0.902775325974086,0.044792869678834,0.9780338117568345,0.23566113810452005,True,1.0,reject,pre_step,drift_diffusion_then_jump,iid_bank,4,every_step,True,0.0004,0.005025000000000001,1449.0301278090587,702,0.00047058823529411766,1.0323529411764707,0.0,0.0
LSC-CP-RA,"LSC-CP-RA (A=4), tamed",98886f115ea6a7a4c556fecc8bb0d7f3,8da7d73e85753d4e79f54062070fbc7b,True,0,21,0.105,18114548.74498387,2264.3185931229837,21.0,2688.0,1.2200998977093385,0.33569336049746745,0.3354177844596753,0.4587638773925494,0.6108881218836523,0.8900777340000001,0.9515,0.4515,0.8900771555213974,0.027288500905088275,0.9491613405177776,0.19342122474427847,True,1.0,reject,pre_step,drift_diffusion_then_jump,iid_bank,4,every_step,True,0.0005,0.00459375,858.5213599079821,849,0.0004761904761904762,1.0107142857142857,0.0,0.0
LSC-CP-RA,"LSC-CP-RA (A=4), tamed",98886f115ea6a7a4c556fecc8bb0d7f3,8da7d73e85753d4e79f54062070fbc7b,True,1,21,0.105,18114548.74498387,2264.3185931229837,21.0,2688.0,1.2112679895949832,0.32685772449757955,0.3265770457526397,0.45083983572484737,0.6030292067457184,0.8804806914788041,0.9460000000000001,0.44600000000000006,0.8786820045201196,0.03429326640480945,0.9273021879528158,0.2427851270026028,True,1.0,reject,pre_step,drift_diffusion_then_jump,iid_bank,4,every_step,True,0.0005,0.00459375,858.5213599079821,849,0.0004761904761904762,1.0107142857142857,0.0,0.0
LSC-CP-RA,"LSC-CP-RA (A=4), tamed",98886f115ea6a7a4c556fecc8bb0d7f3,8da7d73e85753d4e79f54062070fbc7b,True,2,21,0.105,18114548.74498387,2264.3185931229837,21.0,2688.0,1.2226544394848047,0.33313433256560787,0.3328560432205945,0.4574255955342719,0.6102822211058146,0.8926547240000001,0.9505,0.4505,0.8926552966928825,0.04701377564840592,0.9882115729271927,0.31667061369913696,True,1.0,reject,pre_step,drift_diffusion_then_jump,iid_bank,4,every_step,True,0.0005,0.00459375,858.5213599079821,849,0.0004761904761904762,1.0107142857142857,0.0,0.0
LSC-CP-RA,"LSC-CP-RA (A=4), tamed",98886f115ea6a7a4c556fecc8bb0d7f3,8da7d73e85753d4e79f54062070fbc7b,True,3,21,0.105,18114548.74498387,2264.3185931229837,21.0,2688.0,1.2226792759939218,0.3337714641475422,0.333494172473756,0.4553430862108359,0.610588898429717,0.8914922900000001,0.9500000000000001,0.45000000000000007,0.8914926364700484,0.03885381256164888,0.9715977050018512,0.25691406213593815,True,1.0,reject,pre_step,drift_diffusion_then_jump,iid_bank,4,every_step,True,0.0005,0.00459375,858.5213599079821,849,0.0004761904761904762,1.0107142857142857,0.0,0.0
LSC-CP-RA,"LSC-CP-RA (A=4), tamed",98886f115ea6a7a4c556fecc8bb0d7f3,8da7d73e85753d4e79f54062070fbc7b,True,0,25,0.125,21564938.982123654,2695.617372765457,25.0,3200.0,1.2015224818318886,0.32345428558557754,0.323172947835098,0.44691858238263943,0.5988393933901399,0.8705712080000001,0.9445,0.4445,0.8705716489632316,0.0142554869577739,0.899910569356929,0.08912100287696256,True,1.0,reject,pre_step,drift_diffusion_then_jump,iid_bank,4,every_step,True,0.0005625000000000001,0.0045312500000000006,784.0862700284798,994,0.00049,0.994,0.0,0.0
LSC-CP-RA,"LSC-CP-RA (A=4), tamed",98886f115ea6a7a4c556fecc8bb0d7f3,8da7d73e85753d4e79f54062070fbc7b,True,1,25,0.125,21564938.982123654,2695.617372765457,25.0,3200.0,1.1926182674620402,0.3131720491919232,0.31288525082781415,0.4420849455692474,0.589789655459992,0.8580666131534049,0.937,0.43700000000000006,0.8574655384585483,0.02273408559151524,0.9129970743929374,0.21510326981097505,True,1.0,reject,pre_step,drift_diffusion_then_jump,iid_bank,4,every_step,True,0.0005625000000000001,0.0045312500000000006,784.0862700284798,994,0.00049,0.994,0.0,0.0
LSC-CP-RA,"LSC-CP-RA (A=4), tamed",98886f115ea6a7a4c556fecc8bb0d7f3,8da7d73e85753d4e79f54062070fbc7b,True,2,25,0.125,21564938.982123654,2695.617372765457,25.0,3200.0,1.2027799215705348,0.31839801230974807,0.31811220179310806,0.4453981542257126,0.5961517309385022,0.8726453834788043,0.9410000000000001,0.44100000000000006,0.8708699319378181,0.04339073694728812,0.9378665447360399,0.297029811871787,True,1.0,reject,pre_step,drift_diffusion_then_jump,iid_bank,4,every_step,True,0.0005625000000000001,0.0045312500000000006,784.0862700284798,994,0.00049,0.994,0.0,0.0
LSC-CP-RA,"LSC-CP-RA (A=4), tamed",98886f115ea6a7a4c556fecc8bb0d7f3,8da7d73e85753d4e79f54062070fbc7b,True,3,25,0.125,21564938.982123654,2695.617372765457,25.0,3200.0,1.1993174955022243,0.3194956510573198,0.31921226140437486,0.44743105419559887,0.5958638633177937,0.8660512311870473,0.9400000000000001,0.44000000000000006,0.8660042293381897,0.016828752000253244,0.8898887036475813,0.06722379823315638,True,1.0,reject,pre_step,drift_diffusion_then_jump,iid_bank,4,every_step,True,0.0005625000000000001,0.0045312500000000006,784.0862700284798,994,0.00049,0.994,0.0,0.0
LSC-CP-RA,"LSC-CP-RA (A=4), tamed",98886f115ea6a7a4c556fecc8bb0d7f3,8da7d73e85753d4e79f54062070fbc7b,True,0,29,0.145,25015329.21926344,3126.9161524079304,29.0,3712.0,1.1826547127229412,0.30676646523523865,0.3064762481761375,0.4360327379860087,0.5830965568787908,0.8488977953554212,0.9335,0.4335,0.8465146078203951,0.021823260415920753,0.8858844211561312,0.23639669708368982,True,1.0,reject,pre_step,drift_diffusion_then_jump,iid_bank,4,every_step,True,0.0005,0.00528125,813.4440589375021,1163,0.0004913793103448275,1.0025862068965516,0.0,0.0
LSC-CP-RA,"LSC-CP-RA (A=4), tamed",98886f115ea6a7a4c556fecc8bb0d7f3,8da7d73e85753d4e79f54062070fbc7b,True,1,29,0.145,25015329.21926344,3126.9161524079304,29.0,3712.0,1.1776540459816873,0.301913738762839,0.3016207735477633,0.4345213107573939,0.5792920115647392,0.8447848025842615,0.9305,0.4305,0.8437770965677319,0.023348010595496294,0.899227375763422,0.20241867185962137,True,1.0,reject,pre_step,drift_diffusion_then_jump,iid_bank,4,every_step,True,0.0005,0.00528125,813.4440589375021,1163,0.0004913793103448275,1.0025862068965516,0.0,0.0
LSC-CP-RA,"LSC-CP-RA (A=4), tamed",98886f115ea6a7a4c556fecc8bb0d7f3,8da7d73e85753d4e79f54062070fbc7b,True,2,29,0.145,25015329.21926344,3126.9161524079304,29.0,3712.0,1.1742784890887168,0.2989971006122619,0.2987029453148514,0.4303738406168186,0.5760710217156872,0.8375450205574944,0.9275,0.4275,0.836802919677303,0.02448079986136331,0.8828539435236228,0.20009535825728075,True,1.0,reject,pre_step,drift_diffusion_then_jump,iid_bank,4,every_step,True,0.0005,0.00528125,813.4440589375021,1163,0.0004913793103448275,1.0025862068965516,0.0,0.0
LSC-CP-RA,"LSC-CP-RA (A=4), tamed",98886f115ea6a7a4c556fecc8bb0d7f3,8da7d73e85753d4e79f54062070fbc7b,True,3,29,0.145,25015329.21926344,3126.9161524079304,29.0,3712.0,1.186913654436503,0.30285133807527587,0.3025577656728027,0.43394075364339435,0.5819762773583711,0.8527921265842613,0.9305,0.4305,0.8501509485934046,0.04774900946010807,0.9285531593795647,0.48133244131124975,True,1.0,reject,pre_step,drift_diffusion_then_jump,iid_bank,4,every_step,True,0.0005,0.00528125,813.4440589375021,1163,0.0004913793103448275,1.0025862068965516,0.0,0.0
LSC-CP-RA,"LSC-CP-RA (A=4), tamed",98886f115ea6a7a4c556fecc8bb0d7f3,8da7d73e85753d4e79f54062070fbc7b,True,0,33,0.165,28465719.456403226,3558.214932050403,33.0,4224.0,1.1716967985892928,0.29698143988986947,0.29668570982221076,0.43054488536583924,0.5754071102653034,0.8405235020000001,0.928,0.42800000000000005,0.8405239477068811,0.02559065554504414,0.9192305503619564,0.25250883321030704,True,1.0,reject,pre_step,drift_diffusion_then_jump,iid_bank,4,every_step,True,0.0006875000000000001,0.004562500000000001,1669.776296812095,1309,0.0005151515151515151,0.9916666666666667,0.0,0.0
LSC-CP-RA,"LSC-CP-RA (A=4), tamed",98886f115ea6a7a4c556fecc8bb0d7f3,8da7d73e85753d4e79f54062070fbc7b,True,1,33,0.165,28465719.456403226,3558.214932050403,33.0,4224.0,1.1609363944696662,0.28994305425584,0.2896449716471482,0.4239250026783838,0.5666498389053237,0.8231805394867828,0.922,0.42200000000000004,0.821361604518018,0.013203040404348165,0.8486662132517768,0.20730559742802257,True,1.0,reject,pre_step,drift_diffusion_then_jump,iid_bank,4,every_step,True,0.0006875000000000001,0.004562500000000001,1669.776296812095,1309,0.0005151515151515151,0.9916666666666667,0.0,0.0
LSC-CP-RA,"LSC-CP-RA (A=4), tamed",98886f115ea6a7a4c556fecc8bb0d7f3,8da7d73e85753d4e79f54062070fbc7b,True,2,33,0.165,28465719.456403226,3558.214932050403,33.0,4224.0,1.1533034323612064,0.2842665146777439,0.2839650018594747,0.4202989697244689,0.5618354017100253,0.8159875532601077,0.9175,0.4175,0.8159145601753706,0.015446824396330605,0.8395108407407509,0.0911205002027965,True,1.0,reject,pre_step,drift_diffusion_then_jump,iid_bank,4,every_step,True,0.0006875000000000001,0.004562500000000001,1669.776296812095,1309,0.0005151515151515151,0.9916666666666667,0.0,0.0
LSC-CP-RA,"LSC-CP-RA (A=4), tamed",98886f115ea6a7a4c556fecc8bb0d7f3,8da7d73e85753d4e79f54062070fbc7b,True,3,33,0.165,28465719.456403226,3558.214932050403,33.0,4224.0,1.1739793661797455,0.2944267474373834,0.29412862756171276,0.4282558839762203,0.5737358561179224,0.8407556607337024,0.925,0.42500000000000004,0.8385147309233684,0.04487304028933159,0.9283457746896148,0.3764421018883878,True,1.0,reject,pre_step,drift_diffusion_then_jump,iid_bank,4,every_step,True,0.0006875000000000001,0.004562500000000001,1669.776296812095,1309,0.0005151515151515151,0.9916666666666667,0.0,0.0
LSC-CP-RA,"LSC-CP-RA (A=4), tamed",98886f115ea6a7a4c556fecc8bb0d7f3,8da7d73e85753d4e79f54062070fbc7b,True,0,38,0.19,32778707.252827957,4097.338406603495,38.0,4864.0,1.1508428012402143,0.281660164298988,0.2813566297090624,0.4196137242624083,0.5598543064741849,0.8167490285842613,0.9175,0.4175,0.8162576992056539,0.024975689259324807,0.8865055942624308,0.2601556826854149,True,1.0,reject,pre_step,drift_diffusion_then_jump,iid_bank,4,every_step,True,0.0005250000000000001,0.005150000000000001,2037.2612429182063,1515,0.0005164473684210526,0.9967105263157895,0.0,0.0
LSC-CP-RA,"LSC-CP-RA (A=4), tamed",98886f115ea6a7a4c556fecc8bb0d7f3,8da7d73e85753d4e79f54062070fbc7b,True,1,38,0.19,32778707.252827957,4097.338406603495,38.0,4864.0,1.1415552982726038,0.27603318458866866,0.27572732838721636,0.4153356251860823,0.5530516585549248,0.8043910136033305,0.9125,0.4125,0.8030071542990878,0.017990618540646763,0.8388734438628195,0.1780300664037361,True,1.0,reject,pre_step,drift_diffusion_then_jump,iid_bank,4,every_step,True,0.0005250000000000001,0.005150000000000001,2037.2612429182063,1515,0.0005164473684210526,0.9967105263157895,0.0,0.0
LSC-CP-RA,"LSC-CP-RA (A=4), tamed",98886f115ea6a7a4c556fecc8bb0d7f3,8da7d73e85753d4e79f54062070fbc7b,True,2,38,0.19,32778707.252827957,4097.338406603495,38.0,4864.0,1.1334704058553955,0.2683129037815748,0.268002358928088,0.4093294399806539,0.5468651458270899,0.7986636580000002,0.9075,0.4075,0.7986645245156005,0.026630326359363243,0.8645774477281876,0.22541061331990309,True,1.0,reject,pre_step,drift_diffusion_then_jump,iid_bank,4,every_step,True,0.0005250000000000001,0.005150000000000001,2037.2612429182063,1515,0.0005164473684210526,0.9967105263157895,0.0,0.0
LSC-CP-RA,"LSC-CP-RA (A=4), tamed",98886f115ea6a7a4c556fecc8bb0d7f3,8da7d73e85753d4e79f54062070fbc7b,True,3,38,0.19,32778707.252827957,4097.338406603495,38.0,4864.0,1.148221798155137,0.27762277342633657,0.2773168081657512,0.4156868704846508,0.5564824635244234,0.8128071481782331,0.9135,0.4135,0.8112711848968707,0.029977130753647274,0.8682385882460144,0.2582932099182337,True,1.0,reject,pre_step,drift_diffusion_then_jump,iid_bank,4,every_step,True,0.0005250000000000001,0.005150000000000001,2037.2612429182063,1515,0.0005164473684210526,0.9967105263157895,0.0,0.0
LSC-CP-RA,"LSC-CP-RA (A=4), tamed",98886f115ea6a7a4c556fecc8bb0d7f3,8da7d73e85753d4e79f54062070fbc7b,True,0,42,0.21,36229097.48996774,4528.637186245967,42.0,5376.0,1.1348158110228967,0.2699355359610941,0.26962618104393576,0.4126273514352529,0.5483348198805185,0.8002140114788042,0.909,0.40900000000000003,0.7995004861544478,0.020659264569745206,0.8676919163800498,0.24887936898037621,True,1.0,reject,pre_step,drift_diffusion_then_jump,iid_bank,4,every_step,True,0.00065625,0.005187499999999999,821.2250856663542,1681,0.0005297619047619047,1.000595238095238,0.0,0.0
LSC-CP-RA,"LSC-CP-RA (A=4), tamed",98886f115ea6a7a4c556fecc8bb0d7f3,8da7d73e85753d4e79f54062070fbc7b,True,1,42,0.21,36229097.48996774,4528.637186245967,42.0,5376.0,1.1219710749683922,0.2557476140908058,0.2554294220463377,0.40188160555203517,0.5353364041752297,0.7842287434788042,0.899,0.399,0.7834601098385652,0.04484637104024469,0.8896920585462885,0.39969827427285975,True,1.0,reject,pre_step,drift_diffusion_then_jump,iid_bank,4,every_step,True,0.00065625,0.005187499999999999,821.2250856663542,1681,0.0005297619047619047,1.000595238095238,0.0,0.0
LSC-CP-RA,"LSC-CP-RA (A=4), tamed",98886f115ea6a7a4c556fecc8bb0d7f3,8da7d73e85753d4e79f54062070fbc7b,True,2,42,0.21,36229097.48996774,4528.637186245967,42.0,5376.0,1.1179901092728564,0.2565841652182058,0.2562677738692414,0.399654035421718,0.5344144887565908,0.7805004265842614,0.899,0.399,0.778355422481224,0.027822588696129302,0.8489122617366998,0.3437678670779306,True,1.0,reject,pre_step,drift_diffusion_then_jump,iid_bank,4,every_step,True,0.00065625,0.005187499999999999,821.2250856663542,1681,0.0005297619047619047,1.000595238095238,0.0,0.0
LSC-CP-RA,"LSC-CP-RA (A=4), tamed",98886f115ea6a7a4c556fecc8bb0d7f3,8da7d73e85753d4e79f54062070fbc7b,True,3,42,0.21,36229097.48996774,4528.637186245967,42.0,5376.0,1.1326997408362123,0.26828284746737363,0.26797330192072477,0.409263267989937,0.546432950877318,0.794710384458434,0.907,0.40700000000000003,0.7946758407843161,0.012328045106301144,0.8409583549784738,0.16169647984562763,True,1.0,reject,pre_step,drift_diffusion_then_jump,iid_bank,4,every_step,True,0.00065625,0.005187499999999999,821.2250856663542,1681,0.0005297619047619047,1.000595238095238,0.0,0.0
LSC-CP-RA,"LSC-CP-RA (A=4), tamed",98886f115ea6a7a4c556fecc8bb0d7f3,8da7d73e85753d4e79f54062070fbc7b,True,0,46,0.23,39679487.727107525,4959.9359658884405,46.0,5888.0,1.1184559663057092,0.25954657794642433,0.2592331486390923,0.40358985796838304,0.5368735211186026,0.7788065900320984,0.9015,0.40149999999999997,0.7786638217602573,0.0031661001981013737,0.8147346361818419,0.13593811600226446,True,1.0,reject,pre_step,drift_diffusion_then_jump,iid_bank,4,every_step,True,0.00046875,0.00471875,786.2284419192362,1832,0.0005244565217391304,0.9956521739130435,0.0,0.0
LSC-CP-RA,"LSC-CP-RA (A=4), tamed",98886f115ea6a7a4c556fecc8bb0d7f3,8da7d73e85753d4e79f54062070fbc7b,True,1,46,0.23,39679487.727107525,4959.9359658884405,46.0,5888.0,1.099397885266566,0.24523730596391602,0.24491557746351877,0.39169271927698074,0.5223884279281549,0.7591303460000001,0.89,0.39,0.7591305112242291,0.014745744901475955,0.7852454602916076,0.10480767382115308,True,1.0,reject,pre_step,drift_diffusion_then_jump,iid_bank,4,every_step,True,0.00046875,0.00471875,786.2284419192362,1832,0.0005244565217391304,0.9956521739130435,0.0,0.0
LSC-CP-RA,"LSC-CP-RA (A=4), tamed",98886f115ea6a7a4c556fecc8bb0d7f3,8da7d73e85753d4e79f54062070fbc7b,True,2,46,0.23,39679487.727107525,4959.9359658884405,46.0,5888.0,1.1042483483582863,0.25020588999976723,0.24988770735015187,0.39493996557419614,0.527302766858486,0.7661285592337499,0.8935000000000001,0.39350000000000007,0.7661277332294563,0.003511958164920559,0.8040914431463447,0.1358851404013678,True,1.0,reject,pre_step,drift_diffusion_then_jump,iid_bank,4,every_step,True,0.00046875,0.00471875,786.2284419192362,1832,0.0005244565217391304,0.9956521739130435,0.0,0.0
LSC-CP-RA,"LSC-CP-RA (A=4), tamed",98886f115ea6a7a4c556fecc8bb0d7f3,8da7d73e85753d4e79f54062070fbc7b,True,3,46,0.23,39679487.727107525,4959.9359658884405,46.0,5888.0,1.1146115723228287,0.2556206441197437,0.2553046184988894,0.3994074322749375,0.5324008929626247,0.7744988727337025,0.898,0.398,0.7715420969976664,0.01391935590225768,0.8126313951068412,0.27051176474681105,True,1.0,reject,pre_step,drift_diffusion_then_jump,iid_bank,4,every_step,True,0.00046875,0.00471875,786.2284419192362,1832,0.0005244565217391304,0.9956521739130435,0.0,0.0
LSC-CP-RA,"LSC-CP-RA (A=4), tamed",98886f115ea6a7a4c556fecc8bb0d7f3,8da7d73e85753d4e79f54062070fbc7b,True,0,50,0.25,43129877.96424731,5391.234745530914,50.0,6400.0,1.1007097969128237,0.24432540403996883,0.24400243502423513,0.3940858330862455,0.5215940990436885,0.7614790495099618,0.8915000000000001,0.39150000000000007,0.7591787428823368,0.027858694556002317,0.8370708806513933,0.3758265785554705,True,1.0,reject,pre_step,drift_diffusion_then_jump,iid_bank,4,every_step,True,0.00046875,0.00521875,867.8232548545756,1999,0.00052,0.9995,0.0,0.0
LSC-CP-RA,"LSC-CP-RA (A=4), tamed",98886f115ea6a7a4c556fecc8bb0d7f3,8da7d73e85753d4e79f54062070fbc7b,True,1,50,0.25,43129877.96424731,5391.234745530914,50.0,6400.0,1.0915451839877184,0.23810102792631815,0.2377748471051523,0.38657559331751096,0.5149049372554927,0.7508937065842615,0.8835000000000001,0.38350000000000006,0.7477061776427686,0.026469638735485024,0.7611729941532581,0.2008247782830811,True,1.0,reject,pre_step,drift_diffusion_then_jump,iid_bank,4,every_step,True,0.00046875,0.00521875,867.8232548545756,1999,0.00052,0.9995,0.0,0.0
LSC-CP-RA,"LSC-CP-RA (A=4), tamed",98886f115ea6a7a4c556fecc8bb0d7f3,8da7d73e85753d4e79f54062070fbc7b,True,2,50,0.25,43129877.96424731,5391.234745530914,50.0,6400.0,1.0966995325780726,0.2416495432122414,0.2413254512626487,0.3894458909264497,0.5201533337701733,0.7608164460000001,0.888,0.388,0.7608162412474201,0.021076427422737187,0.8357324413347943,0.23560207539321076,True,1.0,reject,pre_step,drift_diffusion_then_jump,iid_bank,4,every_step,True,0.00046875,0.00521875,867.8232548545756,1999,0.00052,0.9995,0.0,0.0
LSC-CP-RA,"LSC-CP-RA (A=4), tamed",98886f115ea6a7a4c556fecc8bb0d7f3,8da7d73e85753d4e79f54062070fbc7b,True,3,50,0.25,43129877.96424731,5391.234745530914,50.0,6400.0,1.0969156002042548,0.24583536891703184,0.2455151240392388,0.39068610781857593,0.5217657327400868,0.7571541945842614,0.89,0.39,0.7541730591832861,0.0022130330995554504,0.7526668210425258,0.12328598583155836,True,1.0,reject,pre_step,drift_diffusion_then_jump,iid_bank,4,every_step,True,0.00046875,0.00521875,867.8232548545756,1999,0.00052,0.9995,0.0,0.0
LSC-CP-RA,"LSC-CP-RA (A=4), tamed",98886f115ea6a7a4c556fecc8bb0d7f3,8da7d73e85753d4e79f54062070fbc7b,True,0,54,0.27,46580268.20138709,5822.533525173387,54.0,6912.0,1.0771387656288298,0.22930650305022438,0.2289766293786888,0.38116447259214997,0.5056987685454689,0.7371534768704924,0.8795000000000001,0.37950000000000006,0.7362334720502498,0.014391533355663344,0.8098277765814803,0.2881089527432378,True,1.0,reject,pre_step,drift_diffusion_then_jump,iid_bank,4,every_step,True,0.00046875000000000004,0.00546875,734.8545913999402,2174,0.0005162037037037037,1.0064814814814815,0.0,0.0
LSC-CP-RA,"LSC-CP-RA (A=4), tamed",98886f115ea6a7a4c556fecc8bb0d7f3,8da7d73e85753d4e79f54062070fbc7b,True,1,54,0.27,46580268.20138709,5822.533525173387,54.0,6912.0,1.0780391987551092,0.2314696965897105,0.23114172711039704,0.38049931275705684,0.5073017949757878,0.7364953066971023,0.879,0.379,0.7364560812602784,0.005774754830771389,0.7624463282557958,0.1057506502761395,True,1.0,reject,pre_step,drift_diffusion_then_jump,iid_bank,4,every_step,True,0.00046875000000000004,0.00546875,734.8545913999402,2174,0.0005162037037037037,1.0064814814814815,0.0,0.0
LSC-CP-RA,"LSC-CP-RA (A=4), tamed",98886f115ea6a7a4c556fecc8bb0d7f3,8da7d73e85753d4e79f54062070fbc7b,True,2,54,0.27,46580268.20138709,5822.533525173387,54.0,6912.0,1.0790119532207725,0.2303253102776054,0.22999629787784803,0.37974964054428784,0.5072760650712141,0.7383686018530016,0.879,0.379,0.7382715485820422,0.01103247618137937,0.7986161647577111,0.21713967989175875,True,1.0,reject,pre_step,drift_diffusion_then_jump,iid_bank,4,every_step,True,0.00046875000000000004,0.00546875,734.8545913999402,2174,0.0005162037037037037,1.0064814814814815,0.0,0.0
LSC-CP-RA,"LSC-CP-RA (A=4), tamed",98886f115ea6a7a4c556fecc8bb0d7f3,8da7d73e85753d4e79f54062070fbc7b,True,3,54,0.27,46580268.20138709,5822.533525173387,54.0,6912.0,1.0840968094931804,0.23149208318086056,0.2311625893854915,0.3806830201953515,0.5079225259662496,0.7440638574769025,0.8795000000000001,0.37950000000000006,0.7371465043574574,0.029826437724866817,0.7729827729580013,0.4583066163106143,True,1.0,reject,pre_step,drift_diffusion_then_jump,iid_bank,4,every_step,True,0.00046875000000000004,0.00546875,734.8545913999402,2174,0.0005162037037037037,1.0064814814814815,0.0,0.0
LSC-CP-RA,"LSC-CP-RA (A=4), tamed",98886f115ea6a7a4c556fecc8bb0d7f3,8da7d73e85753d4e79f54062070fbc7b,True,0,58,0.29,50030658.43852688,6253.832304815861,58.0,7424.0,1.0672526566939669,0.22100565675779182,0.22067190494553457,0.3744254926465402,0.4965431549677164,0.7232100194788043,0.873,0.373,0.7223821041176149,0.01688260756673543,0.832757134635932,0.5026329880801917,True,1.0,reject,pre_step,drift_diffusion_then_jump,iid_bank,4,every_step,True,0.0005,0.004781250000000001,1955.996785848545,2327,0.0005150862068965518,1.0030172413793104,0.0,0.0
LSC-CP-RA,"LSC-CP-RA (A=4), tamed",98886f115ea6a7a4c556fecc8bb0d7f3,8da7d73e85753d4e79f54062070fbc7b,True,1,58,0.29,50030658.43852688,6253.832304815861,58.0,7424.0,1.0626238541247863,0.22299365550588257,0.2226619131196662,0.374298083835962,0.49744109892639754,0.7201574669203004,0.8725,0.37250000000000005,0.7198590573836587,0.006727873090608627,0.7203805969403482,0.017915361111532024,True,1.0,reject,pre_step,drift_diffusion_then_jump,iid_bank,4,every_step,True,0.0005,0.004781250000000001,1955.996785848545,2327,0.0005150862068965518,1.0030172413793104,0.0,0.0
LSC-CP-RA,"LSC-CP-RA (A=4), tamed",98886f115ea6a7a4c556fecc8bb0d7f3,8da7d73e85753d4e79f54062070fbc7b,True,2,58,0.29,50030658.43852688,6253.832304815861,58.0,7424.0,1.0654635651860789,0.221700432075559,0.22136655996986476,0.373248700518402,0.49677861397277334,0.7242525615099618,0.8715,0.37150000000000005,0.720313949869005,0.015528952456495992,0.7379509623275726,0.23355491530684047,True,1.0,reject,pre_step,drift_diffusion_then_jump,iid_bank,4,every_step,True,0.0005,0.004781250000000001,1955.996785848545,2327,0.0005150862068965518,1.0030172413793104,0.0,0.0
LSC-CP-RA,"LSC-CP-RA (A=4), tamed",98886f115ea6a7a4c556fecc8bb0d7f3,8da7d73e85753d4e79f54062070fbc7b,True,3,58,0.29,50030658.43852688,6253.832304815861,58.0,7424.0,1.0721385306310347,0.22698631116723023,0.2266560827443327,0.3771375860877587,0.5022011584178732,0.7301075905842614,0.875,0.375,0.7266787522374623,0.005421323735542494,0.736448955864314,0.21409801181214416,True,1.0,reject,pre_step,drift_diffusion_then_jump,iid_bank,4,every_step,True,0.0005,0.004781250000000001,1955.996785848545,2327,0.0005150862068965518,1.0030172413793104,0.0,0.0
LSC-CP-RA,"LSC-CP-RA (A=4), tamed",98886f115ea6a7a4c556fecc8bb0d7f3,8da7d73e85753d4e79f54062070fbc7b,True,0,62,0.31,53481048.67566667,6685.131084458333,62.0,7936.0,1.0561393112115594,0.21539222032193783,0.21505592048761402,0.3694440563713098,0.4902799328657039,0.7116162048386483,0.8685,0.36850000000000005,0.7116136671632252,0.004285605961925176,0.7715675387863519,0.22901932901037225,True,1.0,reject,pre_step,drift_diffusion_then_jump,iid_bank,4,every_step,True,0.000625,0.00490625,3348.755754264844,2484,0.0005221774193548387,1.0016129032258065,0.0,0.0
LSC-CP-RA,"LSC-CP-RA (A=4), tamed",98886f115ea6a7a4c556fecc8bb0d7f3,8da7d73e85753d4e79f54062070fbc7b,True,1,62,0.31,53481048.67566667,6685.131084458333,62.0,7936.0,1.0430739236696671,0.20749651847629158,0.20715533102559713,0.36099498784718764,0.4808092077746158,0.7001843023779307,0.8605,0.36050000000000004,0.6979122006768429,0.01586842878025918,0.7245769114161327,0.2130070574796098,True,1.0,reject,pre_step,drift_diffusion_then_jump,iid_bank,4,every_step,True,0.000625,0.00490625,3348.755754264844,2484,0.0005221774193548387,1.0016129032258065,0.0,0.0
LSC-CP-RA,"LSC-CP-RA (A=4), tamed",98886f115ea6a7a4c556fecc8bb0d7f3,8da7d73e85753d4e79f54062070fbc7b,True,2,62,0.31,53481048.67566667,6685.131084458333,62.0,7936.0,1.0538656441289842,0.2126560676487973,0.2123170098452034,0.36644231200136046,0.48787462647838387,0.7148892595099618,0.865,0.365,0.7115055911825982,0.02293076331048083,0.7635297182857954,0.32456963222887725,True,1.0,reject,pre_step,drift_diffusion_then_jump,iid_bank,4,every_step,True,0.000625,0.00490625,3348.755754264844,2484,0.0005221774193548387,1.0016129032258065,0.0,0.0
LSC-CP-RA,"LSC-CP-RA (A=4), tamed",98886f115ea6a7a4c556fecc8bb0d7f3,8da7d73e85753d4e79f54062070fbc7b,True,3,62,0.31,53481048.67566667,6685.131084458333,62.0,7936.0,1.0501071667786592,0.21560638853937808,0.21527081513935442,0.3671510351568298,0.4889488099403757,0.707489753925173,0.866,0.366,0.70471798709807,0.008946401198455578,0.6965144416189735,0.04825811479483366,True,1.0,reject,pre_step,drift_diffusion_then_jump,iid_bank,4,every_step,True,0.000625,0.00490625,3348.755754264844,2484,0.0005221774193548387,1.0016129032258065,0.0,0.0
LSC-CP-RA,"LSC-CP-RA (A=4), tamed",98886f115ea6a7a4c556fecc8bb0d7f3,8da7d73e85753d4e79f54062070fbc7b,True,0,67,0.335,57794036.4720914,7224.254559011425,67.0,8576.0,1.0347610306192059,0.20247580240381957,0.20213217329833932,0.359215589804884,0.475897047155097,0.6931904245842615,0.8585,0.35850000000000004,0.6918727377531152,0.008449349101718462,0.7562297183483094,0.26136339301388445,True,1.0,reject,pre_step,drift_diffusion_then_jump,iid_bank,4,every_step,True,0.000575,0.005125000000000001,796.7559938121115,2689,0.0005261194029850746,1.003358208955224,0.0,0.0
LSC-CP-RA,"LSC-CP-RA (A=4), tamed",98886f115ea6a7a4c556fecc8bb0d7f3,8da7d73e85753d4e79f54062070fbc7b,True,1,67,0.335,57794036.4720914,7224.254559011425,67.0,8576.0,1.0232433721304264,0.19574075732890706,0.19539391096385472,0.35217462007387884,0.46704487314394216,0.6779191078907572,0.85,0.35,0.676319205287996,0.009384452970700008,0.6888880706686948,0.14382331613432042,True,1.0,reject,pre_step,drift_diffusion_then_jump,iid_bank,4,every_step,True,0.000575,0.005125000000000001,796.7559938121115,2689,0.0005261194029850746,1.003358208955224,0.0,0.0
LSC-CP-RA,"LSC-CP-RA (A=4), tamed",98886f115ea6a7a4c556fecc8bb0d7f3,8da7d73e85753d4e79f54062070fbc7b,True,2,67,0.335,57794036.4720914,7224.254559011425,67.0,8576.0,1.0272757458811512,0.1999653022148189,0.1996216800175059,0.3541034617837073,0.471642655400878,0.6841904170429886,0.854,0.354,0.6823333202319234,0.005465283036983903,0.6898789843137465,0.11606710251798147,True,1.0,reject,pre_step,drift_diffusion_then_jump,iid_bank,4,every_step,True,0.000575,0.005125000000000001,796.7559938121115,2689,0.0005261194029850746,1.003358208955224,0.0,0.0
LSC-CP-RA,"LSC-CP-RA (A=4), tamed",98886f115ea6a7a4c556fecc8bb0d7f3,8da7d73e85753d4e79f54062070fbc7b,True,3,67,0.335,57794036.4720914,7224.254559011425,67.0,8576.0,1.0301988150324797,0.20058169462498532,0.20023821766955974,0.35528117773114903,0.47271420228012206,0.6846762092379401,0.8545,0.35450000000000004,0.6824100660046277,0.003154185196767134,0.6998007760597326,0.1593551890496131,True,1.0,reject,pre_step,drift_diffusion_then_jump,iid_bank,4,every_step,True,0.000575,0.005125000000000001,796.7559938121115,2689,0.0005261194029850746,1.003358208955224,0.0,0.0
LSC-CP-RA,"LSC-CP-RA (A=4), tamed",98886f115ea6a7a4c556fecc8bb0d7f3,8da7d73e85753d4e79f54062070fbc7b,True,0,71,0.355,61244426.70923118,7655.553338653898,71.0,9088.0,1.0255174388482877,0.1980898003980066,0.19774446117685962,0.35328778243061976,0.46825301951382603,0.6787405168151714,0.853,0.353,0.6711821851532198,0.004086684310925515,0.646697685817822,0.26437514717521304,True,1.0,reject,pre_step,drift_diffusion_then_jump,iid_bank,4,every_step,True,0.00053125,0.00509375,786.4927176929853,2852,0.0005264084507042254,1.004225352112676,0.0,0.0
LSC-CP-RA,"LSC-CP-RA (A=4), tamed",98886f115ea6a7a4c556fecc8bb0d7f3,8da7d73e85753d4e79f54062070fbc7b,True,1,71,0.355,61244426.70923118,7655.553338653898,71.0,9088.0,1.0020808023921792,0.18356410424662806,0.18321163390678452,0.3406379416072995,0.4526991441605821,0.6558014828737544,0.8395,0.3395,0.6549626220726832,0.0015003458709369477,0.6611097697160739,0.06197109216350161,True,1.0,reject,pre_step,drift_diffusion_then_jump,iid_bank,4,every_step,True,0.00053125,0.00509375,786.4927176929853,2852,0.0005264084507042254,1.004225352112676,0.0,0.0
LSC-CP-RA,"LSC-CP-RA (A=4), tamed",98886f115ea6a7a4c556fecc8bb0d7f3,8da7d73e85753d4e79f54062070fbc7b,True,2,71,0.355,61244426.70923118,7655.553338653898,71.0,9088.0,1.010328472893762,0.18764758121447955,0.18729597550053256,0.3440316529401213,0.45836600950038725,0.6702391604876718,0.844,0.344,0.6672070965291255,0.013492542897056925,0.7009996851724573,0.20504040784415667,True,1.0,reject,pre_step,drift_diffusion_then_jump,iid_bank,4,every_step,True,0.00053125,0.00509375,786.4927176929853,2852,0.0005264084507042254,1.004225352112676,0.0,0.0
LSC-CP-RA,"LSC-CP-RA (A=4), tamed",98886f115ea6a7a4c556fecc8bb0d7f3,8da7d73e85753d4e79f54062070fbc7b,True,3,71,0.355,61244426.70923118,7655.553338653898,71.0,9088.0,1.0096315988146345,0.18876342579387229,0.18841310354605634,0.346427884856169,0.45929386176624953,0.6686128585842614,0.8455,0.34550000000000003,0.6672226091632804,0.0029908938288479847,0.7089086250238728,0.1818294834858699,True,1.0,reject,pre_step,drift_diffusion_then_jump,iid_bank,4,every_step,True,0.00053125,0.00509375,786.4927176929853,2852,0.0005264084507042254,1.004225352112676,0.0,0.0
LSC-CP-RA,"LSC-CP-RA (A=4), tamed",98886f115ea6a7a4c556fecc8bb0d7f3,8da7d73e85753d4e79f54062070fbc7b,True,0,75,0.375,64694816.94637097,8086.8521182963705,75.0,9600.0,1.008584301911254,0.1872906811824857,0.18694048265648988,0.34485477058433744,0.45770616260071123,0.6625749105193914,0.8435,0.3435,0.6622654856876365,0.006345403927983773,0.6940988245954105,0.13090647161028446,True,1.0,reject,pre_step,drift_diffusion_then_jump,iid_bank,4,every_step,True,0.00046875,0.0044687500000000005,817.8392750981931,2995,0.0005233333333333333,0.9983333333333333,0.0,0.0
LSC-CP-RA,"LSC-CP-RA (A=4), tamed",98886f115ea6a7a4c556fecc8bb0d7f3,8da7d73e85753d4e79f54062070fbc7b,True,1,75,0.375,64694816.94637097,8086.8521182963705,75.0,9600.0,0.9954109641616551,0.17978973619435734,0.17943470419777507,0.33781128104352964,0.4477941020695414,0.6515181335099618,0.8365,0.3365,0.6484823747556111,0.00699072055520189,0.6557111096962165,0.15151944746880674,True,1.0,reject,pre_step,drift_diffusion_then_jump,iid_bank,4,every_step,True,0.00046875,0.0044687500000000005,817.8392750981931,2995,0.0005233333333333333,0.9983333333333333,0.0,0.0
LSC-CP-RA,"LSC-CP-RA (A=4), tamed",98886f115ea6a7a4c556fecc8bb0d7f3,8da7d73e85753d4e79f54062070fbc7b,True,2,75,0.375,64694816.94637097,8086.8521182963705,75.0,9600.0,1.0024493819280793,0.18284145537154628,0.18248749591312796,0.34095729050383405,0.45261500688572737,0.6613532685842614,0.84,0.33999999999999997,0.6589649410615463,0.012647448334627831,0.6956874250493873,0.21743752115077186,True,1.0,reject,pre_step,drift_diffusion_then_jump,iid_bank,4,every_step,True,0.00046875,0.0044687500000000005,817.8392750981931,2995,0.0005233333333333333,0.9983333333333333,0.0,0.0
LSC-CP-RA,"LSC-CP-RA (A=4), tamed",98886f115ea6a7a4c556fecc8bb0d7f3,8da7d73e85753d4e79f54062070fbc7b,True,3,75,0.375,64694816.94637097,8086.8521182963705,75.0,9600.0,0.9955800753159721,0.1796823053013411,0.1793272864252784,0.3384990462328859,0.4480299828721592,0.652585994505086,0.8375,0.3375,0.6491052100751733,0.00605616321884761,0.677413713889807,0.265296677436352,True,1.0,reject,pre_step,drift_diffusion_then_jump,iid_bank,4,every_step,True,0.00046875,0.0044687500000000005,817.8392750981931,2995,0.0005233333333333333,0.9983333333333333,0.0,0.0
LSC-CP-RA,"LSC-CP-RA (A=4), tamed",98886f115ea6a7a4c556fecc8bb0d7f3,8da7d73e85753d4e79f54062070fbc7b,True,0,79,0.395,68145207.18351075,8518.150897938844,79.0,10112.0,0.9941551607440929,0.18202466805855644,0.18167237767465272,0.34086915261331785,0.44988777941743624,0.6506937659798768,0.838,0.33799999999999997,0.6485285933665473,0.016063040922261185,0.6389214376933622,0.06906329605524786,True,1.0,reject,pre_step,drift_diffusion_then_jump,iid_bank,4,every_step,True,0.00028125000000000003,0.005,791.4547595299692,3155,0.0005110759493670886,0.9984177215189873,0.0,0.0
LSC-CP-RA,"LSC-CP-RA (A=4), tamed",98886f115ea6a7a4c556fecc8bb0d7f3,8da7d73e85753d4e79f54062070fbc7b,True,1,79,0.395,68145207.18351075,8518.150897938844,79.0,10112.0,0.9780079599445709,0.16976638643597597,0.16940602707335994,0.3283350592942733,0.43540808630848327,0.6331902135099619,0.8275,0.3275,0.6295359705604561,0.008236300909107652,0.6228163067386239,0.1666304970263598,True,1.0,reject,pre_step,drift_diffusion_then_jump,iid_bank,4,every_step,True,0.00028125000000000003,0.005,791.4547595299692,3155,0.0005110759493670886,0.9984177215189873,0.0,0.0
LSC-CP-RA,"LSC-CP-RA (A=4), tamed",98886f115ea6a7a4c556fecc8bb0d7f3,8da7d73e85753d4e79f54062070fbc7b,True,2,79,0.395,68145207.18351075,8518.150897938844,79.0,10112.0,0.987131693391981,0.17478982840754187,0.17443319081900077,0.3341611711582104,0.44181305464362763,0.6414293614417674,0.833,0.33299999999999996,0.6412101606879603,0.0005125968255801361,0.716387737587785,0.38641342668880807,True,1.0,reject,pre_step,drift_diffusion_then_jump,iid_bank,4,every_step,True,0.00028125000000000003,0.005,791.4547595299692,3155,0.0005110759493670886,0.9984177215189873,0.0,0.0
LSC-CP-RA,"LSC-CP-RA (A=4), tamed",98886f115ea6a7a4c556fecc8bb0d7f3,8da7d73e85753d4e79f54062070fbc7b,True,3,79,0.395,68145207.18351075,8518.150897938844,79.0,10112.0,0.9834545927146434,0.17134152494265242,0.17098184841295117,0.3333368341716074,0.4387298002480551,0.640136919509962,0.8310000000000001,0.331,0.6390030215277825,0.011442029858957481,0.7183978000068055,0.31569507353057535,True,1.0,reject,pre_step,drift_diffusion_then_jump,iid_bank,4,every_step,True,0.00028125000000000003,0.005,791.4547595299692,3155,0.0005110759493670886,0.9984177215189873,0.0,0.0
LSC-CP-RA,"LSC-CP-RA (A=4), tamed",98886f115ea6a7a4c556fecc8bb0d7f3,8da7d73e85753d4e79f54062070fbc7b,True,0,83,0.41500000000000004,71595597.42065054,8949.449677581319,83.0,10624.0,0.9810447374246971,0.17422126915499636,0.17386468972780678,0.331614412494408,0.4405575920246855,0.6379076744003526,0.8310000000000001,0.331,0.635558728284947,0.014563770653869934,0.631370325407843,0.06997623582051371,True,1.0,reject,pre_step,drift_diffusion_then_jump,iid_bank,4,every_step,True,0.000625,0.004875000000000001,4017.2799022763606,3311,0.000516566265060241,0.9972891566265061,0.0,0.0
LSC-CP-RA,"LSC-CP-RA (A=4), tamed",98886f115ea6a7a4c556fecc8bb0d7f3,8da7d73e85753d4e79f54062070fbc7b,True,1,83,0.41500000000000004,71595597.42065054,8949.449677581319,83.0,10624.0,0.9695189557751409,0.1621111606279544,0.16174627894238303,0.3223894879185428,0.427944336489223,0.6255680645842615,0.8215,0.3215,0.6240299171436536,0.017052162660397996,0.700478301671927,0.3074203755885686,True,1.0,reject,pre_step,drift_diffusion_then_jump,iid_bank,4,every_step,True,0.000625,0.004875000000000001,4017.2799022763606,3311,0.000516566265060241,0.9972891566265061,0.0,0.0
LSC-CP-RA,"LSC-CP-RA (A=4), tamed",98886f115ea6a7a4c556fecc8bb0d7f3,8da7d73e85753d4e79f54062070fbc7b,True,2,83,0.41500000000000004,71595597.42065054,8949.449677581319,83.0,10624.0,0.9719490113711597,0.16714326122942702,0.16678158735791293,0.3251609498454327,0.43100198256359507,0.6264910884590066,0.8245,0.3245,0.619860337716153,0.007419171217449061,0.5745700045217136,0.1829164548010015,True,1.0,reject,pre_step,drift_diffusion_then_jump,iid_bank,4,every_step,True,0.000625,0.004875000000000001,4017.2799022763606,3311,0.000516566265060241,0.9972891566265061,0.0,0.0
LSC-CP-RA,"LSC-CP-RA (A=4), tamed",98886f115ea6a7a4c556fecc8bb0d7f3,8da7d73e85753d4e79f54062070fbc7b,True,3,83,0.41500000000000004,71595597.42065054,8949.449677581319,83.0,10624.0,0.9649033195232852,0.16400225033586835,0.16364026339898785,0.3250950820081009,0.4282137766985213,0.6200940558095563,0.8235,0.3235,0.6193549446720017,0.012004541216109721,0.6490988891241176,0.1319667443645608,True,1.0,reject,pre_step,drift_diffusion_then_jump,iid_bank,4,every_step,True,0.000625,0.004875000000000001,4017.2799022763606,3311,0.000516566265060241,0.9972891566265061,0.0,0.0
LSC-CP-RA,"LSC-CP-RA (A=4), tamed",98886f115ea6a7a4c556fecc8bb0d7f3,8da7d73e85753d4e79f54062070fbc7b,True,0,88,0.44,75908585.21707527,9488.57315213441,88.0,11264.0,0.9659369619550877,0.1645185187869691,0.16415600011932685,0.32547063107480884,0.42958669090141677,0.6260584194788043,0.8230000000000001,0.32300000000000006,0.6243947231520235,0.002716327236016669,0.6445190265350468,0.13166024725448844,True,1.0,reject,pre_step,drift_diffusion_then_jump,iid_bank,4,every_step,True,0.000375,0.005375000000000001,805.8003200194663,3526,0.0005085227272727273,1.0017045454545455,0.0,0.0
LSC-CP-RA,"LSC-CP-RA (A=4), tamed",98886f115ea6a7a4c556fecc8bb0d7f3,8da7d73e85753d4e79f54062070fbc7b,True,1,88,0.44,75908585.21707527,9488.57315213441,88.0,11264.0,0.9540114675797065,0.15144679093939495,0.15107622348391325,0.31303140992743816,0.4148280002110743,0.6078359554788043,0.8115,0.3115,0.6072626553734289,0.025799726878132256,0.7386865658344086,0.5512054732265689,True,1.0,reject,pre_step,drift_diffusion_then_jump,iid_bank,4,every_step,True,0.000375,0.005375000000000001,805.8003200194663,3526,0.0005085227272727273,1.0017045454545455,0.0,0.0
LSC-CP-RA,"LSC-CP-RA (A=4), tamed",98886f115ea6a7a4c556fecc8bb0d7f3,8da7d73e85753d4e79f54062070fbc7b,True,2,88,0.44,75908585.21707527,9488.57315213441,88.0,11264.0,0.9586837158180354,0.1594637548152622,0.15909846407565342,0.3192089949524765,0.42253093137101205,0.6132425750638002,0.8185,0.3185,0.611217914190361,0.0020645125272924503,0.6237672907440751,0.14586111699699333,True,1.0,reject,pre_step,drift_diffusion_then_jump,iid_bank,4,every_step,True,0.000375,0.005375000000000001,805.8003200194663,3526,0.0005085227272727273,1.0017045454545455,0.0,0.0
LSC-CP-RA,"LSC-CP-RA (A=4), tamed",98886f115ea6a7a4c556fecc8bb0d7f3,8da7d73e85753d4e79f54062070fbc7b,True,3,88,0.44,75908585.21707527,9488.57315213441,88.0,11264.0,0.9561247869234343,0.15754999692799987,0.15718321147957381,0.31867848221032846,0.41979852402382606,0.6116178620226679,0.8170000000000001,0.31700000000000006,0.6067142176045781,0.009302989494256453,0.631161561432043,0.2761569919710315,True,1.0,reject,pre_step,drift_diffusion_then_jump,iid_bank,4,every_step,True,0.000375,0.005375000000000001,805.8003200194663,3526,0.0005085227272727273,1.0017045454545455,0.0,0.0
LSC-CP-RA,"LSC-CP-RA (A=4), tamed",98886f115ea6a7a4c556fecc8bb0d7f3,8da7d73e85753d4e79f54062070fbc7b,True,0,92,0.46,79358975.45421505,9919.871931776881,92.0,11776.0,0.9592172146919263,0.15865514595392116,0.15828940463683194,0.31922374126513864,0.42237751884696934,0.6164534937293,0.8180000000000001,0.31800000000000006,0.6145497537515716,0.00486357958603012,0.6770110584241643,0.275257438142967,True,1.0,reject,pre_step,drift_diffusion_then_jump,iid_bank,4,every_step,True,0.000625,0.0053750000000000004,3593.4583864830793,3698,0.0005135869565217391,1.004891304347826,0.0,0.0
LSC-CP-RA,"LSC-CP-RA (A=4), tamed",98886f115ea6a7a4c556fecc8bb0d7f3,8da7d73e85753d4e79f54062070fbc7b,True,1,92,0.46,79358975.45421505,9919.871931776881,92.0,11776.0,0.9360775080276901,0.1433612112340441,0.14298660927901674,0.30451440737855495,0.4035403900490625,0.5905538975525781,0.8035,0.3035,0.5890435214355036,0.01860217362336436,0.6727754580603945,0.3612916910743246,True,1.0,reject,pre_step,drift_diffusion_then_jump,iid_bank,4,every_step,True,0.000625,0.0053750000000000004,3593.4583864830793,3698,0.0005135869565217391,1.004891304347826,0.0,0.0
LSC-CP-RA,"LSC-CP-RA (A=4), tamed",98886f115ea6a7a4c556fecc8bb0d7f3,8da7d73e85753d4e79f54062070fbc7b,True,2,92,0.46,79358975.45421505,9919.871931776881,92.0,11776.0,0.9535930609109149,0.1544232370830716,0.1540546291452649,0.31390427696890183,0.4166018023814581,0.6081491790750639,0.8125,0.3125,0.6028817197087404,0.015031397130072954,0.6153303363032624,0.302762847115697,True,1.0,reject,pre_step,drift_diffusion_then_jump,iid_bank,4,every_step,True,0.000625,0.0053750000000000004,3593.4583864830793,3698,0.0005135869565217391,1.004891304347826,0.0,0.0
LSC-CP-RA,"LSC-CP-RA (A=4), tamed",98886f115ea6a7a4c556fecc8bb0d7f3,8da7d73e85753d4e79f54062070fbc7b,True,3,92,0.46,79358975.45421505,9919.871931776881,92.0,11776.0,0.9382511206802135,0.15010709600489336,0.14973802076121057,0.3109046481019887,0.4087242794432944,0.589751017754242,0.8085,0.3085,0.5844823485258094,0.011627895725278448,0.5513680436186306,0.11449063243897639,True,1.0,reject,pre_step,drift_diffusion_then_jump,iid_bank,4,every_step,True,0.000625,0.0053750000000000004,3593.4583864830793,3698,0.0005135869565217391,1.004891304347826,0.0,0.0
LSC-CP-RA,"LSC-CP-RA (A=4), tamed",98886f115ea6a7a4c556fecc8bb0d7f3,8da7d73e85753d4e79f54062070fbc7b,True,0,96,0.48,82809365.69135484,10351.170711419356,96.0,12288.0,0.9480383025600155,0.15285677699635725,0.1524877298107331,0.31261706907030096,0.4148896133164934,0.605427520324616,0.8125,0.3125,0.602640233874869,0.0059449076477947616,0.6500815080366433,0.25386361247007627,True,1.0,reject,pre_step,drift_diffusion_then_jump,iid_bank,4,every_step,True,0.00071875,0.00503125,1739.9084314269955,3859,0.0005221354166666666,1.0049479166666666,0.0,0.0
LSC-CP-RA,"LSC-CP-RA (A=4), tamed",98886f115ea6a7a4c556fecc8bb0d7f3,8da7d73e85753d4e79f54062070fbc7b,True,1,96,0.48,82809365.69135484,10351.170711419356,96.0,12288.0,0.9208390872757766,0.14035427518540833,0.13998001393880133,0.29939322740415325,0.39713569472032545,0.5745976710196996,0.799,0.29900000000000004,0.5733444735503892,0.011063353348498617,0.5848660406051668,0.08277738958574588,True,1.0,reject,pre_step,drift_diffusion_then_jump,iid_bank,4,every_step,True,0.00071875,0.00503125,1739.9084314269955,3859,0.0005221354166666666,1.0049479166666666,0.0,0.0
LSC-CP-RA,"LSC-CP-RA (A=4), tamed",98886f115ea6a7a4c556fecc8bb0d7f3,8da7d73e85753d4e79f54062070fbc7b,True,2,96,0.48,82809365.69135484,10351.170711419356,96.0,12288.0,0.9366824932744782,0.1466081837153107,0.14623638254973015,0.30789835916088426,0.40636509825116196,0.5907220299458477,0.8055,0.3055,0.5888511890678058,0.0015625112071655511,0.611801994902825,0.18068385251148877,True,1.0,reject,pre_step,drift_diffusion_then_jump,iid_bank,4,every_step,True,0.00071875,0.00503125,1739.9084314269955,3859,0.0005221354166666666,1.0049479166666666,0.0,0.0
LSC-CP-RA,"LSC-CP-RA (A=4), tamed",98886f115ea6a7a4c556fecc8bb0d7f3,8da7d73e85753d4e79f54062070fbc7b,True,3,96,0.48,82809365.69135484,10351.170711419356,96.0,12288.0,0.9229936309561814,0.14098210647353016,0.1406078678023489,0.3012672615311518,0.39880762592310476,0.5790656912422877,0.801,0.30100000000000005,0.5790654860949903,0.007413364961120994,0.6222690847453872,0.153836541194874,True,1.0,reject,pre_step,drift_diffusion_then_jump,iid_bank,4,every_step,True,0.00071875,0.00503125,1739.9084314269955,3859,0.0005221354166666666,1.0049479166666666,0.0,0.0
LSC-CP-RA,"LSC-CP-RA (A=4), tamed",98886f115ea6a7a4c556fecc8bb0d7f3,8da7d73e85753d4e79f54062070fbc7b,True,0,100,0.5,86259755.92849462,10782.469491061827,100.0,12800.0,0.9312207552575897,0.14572312868433324,0.14535078144294145,0.3055096571508811,0.4041942280437015,0.5873291327153571,0.804,0.30400000000000005,0.5824807619496164,0.001803057985534151,0.5797648295604955,0.1664797983248517,True,1.0,reject,pre_step,drift_diffusion_then_jump,iid_bank,4,every_step,True,0.00040625000000000004,0.005093749999999999,788.6990415215773,4022,0.0005175,1.0055,0.0,0.0
LSC-CP-RA,"LSC-CP-RA (A=4), tamed",98886f115ea6a7a4c556fecc8bb0d7f3,8da7d73e85753d4e79f54062070fbc7b,True,1,100,0.5,86259755.92849462,10782.469491061827,100.0,12800.0,0.9054857264680715,0.13265960333507054,0.13228130605470334,0.29178495059409637,0.38699642651687827,0.5606105486489293,0.7915,0.2915,0.5600340484269225,0.011860181049719865,0.5820896223629145,0.09301862642978465,True,1.0,reject,pre_step,drift_diffusion_then_jump,iid_bank,4,every_step,True,0.00040625000000000004,0.005093749999999999,788.6990415215773,4022,0.0005175,1.0055,0.0,0.0
LSC-CP-RA,"LSC-CP-RA (A=4), tamed",98886f115ea6a7a4c556fecc8bb0d7f3,8da7d73e85753d4e79f54062070fbc7b,True,2,100,0.5,86259755.92849462,10782.469491061827,100.0,12800.0,0.9238103265405891,0.1420222141258357,0.14164814157408956,0.303840253736246,0.39883860139989097,0.5792261687060827,0.8,0.30000000000000004,0.575353077524155,0.0024073161935848075,0.5568708347918747,0.09998374648209463,True,1.0,reject,pre_step,drift_diffusion_then_jump,iid_bank,4,every_step,True,0.00040625000000000004,0.005093749999999999,788.6990415215773,4022,0.0005175,1.0055,0.0,0.0
LSC-CP-RA,"LSC-CP-RA (A=4), tamed",98886f115ea6a7a4c556fecc8bb0d7f3,8da7d73e85753d4e79f54062070fbc7b,True,3,100,0.5,86259755.92849462,10782.469491061827,100.0,12800.0,0.9154750804204386,0.1392244117995155,0.13884990983446222,0.3005858572542924,0.3944381455648521,0.5694294397411692,0.798,0.29800000000000004,0.5662448106218257,0.01656744295417567,0.5501270496493161,0.10716999877291433,True,1.0,reject,pre_step,drift_diffusion_then_jump,iid_bank,4,every_step,True,0.00040625000000000004,0.005093749999999999,788.6990415215773,4022,0.0005175,1.0055,0.0,0.0
LSC-CP-RA,"LSC-CP-RA (A=4), tamed",98886f115ea6a7a4c556fecc8bb0d7f3,8da7d73e85753d4e79f54062070fbc7b,True,0,104,0.52,89710146.16563441,11213.7682707043,104.0,13312.0,0.9245921974448074,0.14127170667568756,0.14089679909036568,0.3019263236714276,0.398614453194492,0.5807561021206407,0.8005,0.3005,0.576611589343054,0.005187379928287106,0.6011709041019088,0.27112301595011223,True,1.0,reject,pre_step,drift_diffusion_then_jump,iid_bank,4,every_step,True,0.00034375,0.0045000000000000005,735.1914982790295,4166,0.0005108173076923077,1.0014423076923078,0.0,0.0
LSC-CP-RA,"LSC-CP-RA (A=4), tamed",98886f115ea6a7a4c556fecc8bb0d7f3,8da7d73e85753d4e79f54062070fbc7b,True,1,104,0.52,89710146.16563441,11213.7682707043,104.0,13312.0,0.9004312149137588,0.13102354787012982,0.13064388379358804,0.2897333508234746,0.3835696621317612,0.5562501774301438,0.7895,0.2895,0.5514280882956536,0.006439382354300194,0.5337971737327216,0.12389113683186415,True,1.0,reject,pre_step,drift_diffusion_then_jump,iid_bank,4,every_step,True,0.00034375,0.0045000000000000005,735.1914982790295,4166,0.0005108173076923077,1.0014423076923078,0.0,0.0
LSC-CP-RA,"LSC-CP-RA (A=4), tamed",98886f115ea6a7a4c556fecc8bb0d7f3,8da7d73e85753d4e79f54062070fbc7b,True,2,104,0.52,89710146.16563441,11213.7682707043,104.0,13312.0,0.9179538333644108,0.13775150513039947,0.13737505886201185,0.2981962961260488,0.39440559729046376,0.5742907236701149,0.7965,0.2965,0.5734262674886526,0.0008560749943129498,0.6023318286600036,0.11912111712143425,True,1.0,reject,pre_step,drift_diffusion_then_jump,iid_bank,4,every_step,True,0.00034375,0.0045000000000000005,735.1914982790295,4166,0.0005108173076923077,1.0014423076923078,0.0,0.0
LSC-CP-RA,"LSC-CP-RA (A=4), tamed",98886f115ea6a7a4c556fecc8bb0d7f3,8da7d73e85753d4e79f54062070fbc7b,True,3,104,0.52,89710146.16563441,11213.7682707043,104.0,13312.0,0.9043087822282658,0.13112977620937205,0.13075014225357307,0.29161358100833923,0.3852411777263467,0.5592399791841196,0.7895,0.2895,0.5581186404411276,0.003284403865046581,0.5954297247174871,0.1673559978979856,True,1.0,reject,pre_step,drift_diffusion_then_jump,iid_bank,4,every_step,True,0.00034375,0.0045000000000000005,735.1914982790295,4166,0.0005108173076923077,1.0014423076923078,0.0,0.0
LSC-CP-RA,"LSC-CP-RA (A=4), tamed",98886f115ea6a7a4c556fecc8bb0d7f3,8da7d73e85753d4e79f54062070fbc7b,True,0,108,0.54,93160536.40277418,11645.067050346774,108.0,13824.0,0.9058128154941634,0.13337131709753836,0.13299303249949224,0.29308766096884775,0.38726948452281473,0.560973107509962,0.793,0.29300000000000004,0.5590148858122345,0.008529756426306934,0.5742547714165641,0.1201834111685337,True,1.0,reject,pre_step,drift_diffusion_then_jump,iid_bank,4,every_step,True,0.00046875,0.00471875,873.4991365911807,4317,0.0005092592592592592,0.9993055555555556,0.0,0.0
LSC-CP-RA,"LSC-CP-RA (A=4), tamed",98886f115ea6a7a4c556fecc8bb0d7f3,8da7d73e85753d4e79f54062070fbc7b,True,1,108,0.54,93160536.40277418,11645.067050346774,108.0,13824.0,0.8900957478754882,0.12567479411874183,0.12529251004726838,0.2848318421555091,0.37633455286001866,0.5453476132425399,0.784,0.28400000000000003,0.5422628869515493,0.007079055075530749,0.5476208047424322,0.13078762293866986,True,1.0,reject,pre_step,drift_diffusion_then_jump,iid_bank,4,every_step,True,0.00046875,0.00471875,873.4991365911807,4317,0.0005092592592592592,0.9993055555555556,0.0,0.0
LSC-CP-RA,"LSC-CP-RA (A=4), tamed",98886f115ea6a7a4c556fecc8bb0d7f3,8da7d73e85753d4e79f54062070fbc7b,True,2,108,0.54,93160536.40277418,11645.067050346774,108.0,13824.0,0.9149687874411608,0.13488272819955005,0.13450433822587327,0.29573335082347463,0.3914106699668616,0.5709469333137229,0.7935,0.2935,0.5706177828484154,0.009350294529163694,0.623226320839304,0.1883859535246536,True,1.0,reject,pre_step,drift_diffusion_then_jump,iid_bank,4,every_step,True,0.00046875,0.00471875,873.4991365911807,4317,0.0005092592592592592,0.9993055555555556,0.0,0.0
LSC-CP-RA,"LSC-CP-RA (A=4), tamed",98886f115ea6a7a4c556fecc8bb0d7f3,8da7d73e85753d4e79f54062070fbc7b,True,3,108,0.54,93160536.40277418,11645.067050346774,108.0,13824.0,0.8798764222130653,0.12130268424573587,0.12091876287355141,0.2797521582140715,0.37033691743668684,0.5336990245730948,0.7785,0.27849999999999997,0.5333890937923493,0.015250763386171373,0.5333647952430679,0.027462800337265114,True,1.0,reject,pre_step,drift_diffusion_then_jump,iid_bank,4,every_step,True,0.00046875,0.00471875,873.4991365911807,4317,0.0005092592592592592,0.9993055555555556,0.0,0.0
LSC-CP-RA,"LSC-CP-RA (A=4), tamed",98886f115ea6a7a4c556fecc8bb0d7f3,8da7d73e85753d4e79f54062070fbc7b,True,0,113,0.5650000000000001,97473524.19919892,12184.190524899865,113.0,14464.0,0.8877203258449302,0.12349648097406596,0.12311278590624153,0.2842996507701587,0.37437326267679316,0.544374284459444,0.783,0.28300000000000003,0.5433876273385777,0.002155429890810745,0.6053773734916634,0.24794402556703032,True,1.0,reject,pre_step,drift_diffusion_then_jump,iid_bank,4,every_step,True,0.0003750000000000001,0.004875000000000001,816.2758362781789,4512,0.0005033185840707965,0.9982300884955753,0.0,0.0
LSC-CP-RA,"LSC-CP-RA (A=4), tamed",98886f115ea6a7a4c556fecc8bb0d7f3,8da7d73e85753d4e79f54062070fbc7b,True,1,113,0.5650000000000001,97473524.19919892,12184.190524899865,113.0,14464.0,0.8788378570694667,0.11877583018055649,0.11838885323887771,0.27953830066932095,0.3672144665243112,0.5360200462695348,0.7775,0.27749999999999997,0.5327428981493987,0.009631655944434936,0.5831720739317484,0.3048156143214963,True,1.0,reject,pre_step,drift_diffusion_then_jump,iid_bank,4,every_step,True,0.0003750000000000001,0.004875000000000001,816.2758362781789,4512,0.0005033185840707965,0.9982300884955753,0.0,0.0
LSC-CP-RA,"LSC-CP-RA (A=4), tamed",98886f115ea6a7a4c556fecc8bb0d7f3,8da7d73e85753d4e79f54062070fbc7b,True,2,113,0.5650000000000001,97473524.19919892,12184.190524899865,113.0,14464.0,0.8963290114045522,0.12894992951143014,0.12857000917261519,0.2871047141178854,0.3803520671570979,0.5503003188229277,0.786,0.28600000000000003,0.5456911586667487,0.01221701335755132,0.5104796856596245,0.09526263365333876,True,1.0,reject,pre_step,drift_diffusion_then_jump,iid_bank,4,every_step,True,0.0003750000000000001,0.004875000000000001,816.2758362781789,4512,0.0005033185840707965,0.9982300884955753,0.0,0.0
LSC-CP-RA,"LSC-CP-RA (A=4), tamed",98886f115ea6a7a4c556fecc8bb0d7f3,8da7d73e85753d4e79f54062070fbc7b,True,3,113,0.5650000000000001,97473524.19919892,12184.190524899865,113.0,14464.0,0.8713265011857046,0.11601217087324911,0.1156250324561311,0.2751364896850515,0.36346242686543534,0.5269939960827437,0.7725,0.27249999999999996,0.5261007466663636,0.009295339294075555,0.5422236816914155,0.0583496300120524,True,1.0,reject,pre_step,drift_diffusion_then_jump,iid_bank,4,every_step,True,0.0003750000000000001,0.004875000000000001,816.2758362781789,4512,0.0005033185840707965,0.9982300884955753,0.0,0.0
LSC-CP-RA,"LSC-CP-RA (A=4), tamed",98886f115ea6a7a4c556fecc8bb0d7f3,8da7d73e85753d4e79f54062070fbc7b,True,0,117,0.585,100923914.43633871,12615.489304542338,117.0,14976.0,0.8737641635277039,0.1197730485588826,0.11938854469662752,0.27993996557419604,0.3676637728960302,0.5301690712946536,0.778,0.278,0.5296695472492983,0.02127364299783352,0.5361846855899575,0.04317275124345066,True,1.0,reject,pre_step,drift_diffusion_then_jump,iid_bank,4,every_step,True,0.000375,0.0044062500000000004,1714.4062392208884,4653,0.0004989316239316239,0.9942307692307693,0.0,0.0
LSC-CP-RA,"LSC-CP-RA (A=4), tamed",98886f115ea6a7a4c556fecc8bb0d7f3,8da7d73e85753d4e79f54062070fbc7b,True,1,117,0.585,100923914.43633871,12615.489304542338,117.0,14976.0,0.8619999655142602,0.11333474789532838,0.11294623871080411,0.2719134815748772,0.3580710979228456,0.5184096373723145,0.7705,0.27049999999999996,0.5157916316096015,0.010920171107722698,0.5257289308305151,0.10368089137405112,True,1.0,reject,pre_step,drift_diffusion_then_jump,iid_bank,4,every_step,True,0.000375,0.0044062500000000004,1714.4062392208884,4653,0.0004989316239316239,0.9942307692307693,0.0,0.0
LSC-CP-RA,"LSC-CP-RA (A=4), tamed",98886f115ea6a7a4c556fecc8bb0d7f3,8da7d73e85753d4e79f54062070fbc7b,True,2,117,0.585,100923914.43633871,12615.489304542338,117.0,14976.0,0.8852427953184673,0.12166840575352111,0.12128422532748506,0.2804101872275411,0.3716451998303597,0.5375597113442108,0.779,0.279,0.536316960335443,0.008270069835793259,0.5532658111844705,0.09420745306955614,True,1.0,reject,pre_step,drift_diffusion_then_jump,iid_bank,4,every_step,True,0.000375,0.0044062500000000004,1714.4062392208884,4653,0.0004989316239316239,0.9942307692307693,0.0,0.0
LSC-CP-RA,"LSC-CP-RA (A=4), tamed",98886f115ea6a7a4c556fecc8bb0d7f3,8da7d73e85753d4e79f54062070fbc7b,True,3,117,0.585,100923914.43633871,12615.489304542338,117.0,14976.0,0.8585024594800509,0.10926002890839237,0.10886817425290851,0.2666703385583107,0.35394397389997795,0.5158478617865637,0.7655000000000001,0.2655,0.5145042765807145,0.00606560645096077,0.5589361208903079,0.18333570481286643,True,1.0,reject,pre_step,drift_diffusion_then_jump,iid_bank,4,every_step,True,0.000375,0.0044062500000000004,1714.4062392208884,4653,0.0004989316239316239,0.9942307692307693,0.0,0.0
LSC-CP-RA,"LSC-CP-RA (A=4), tamed",98886f115ea6a7a4c556fecc8bb0d7f3,8da7d73e85753d4e79f54062070fbc7b,True,0,121,0.605,104374304.6734785,13046.788084184813,121.0,15488.0,0.8643681241803881,0.11375881449716174,0.11337044234558502,0.27251649979906023,0.35937379351250126,0.5216420712198162,0.772,0.272,0.5194499768544584,0.00897785948066887,0.5533567968122113,0.21800086066579916,True,1.0,reject,pre_step,drift_diffusion_then_jump,iid_bank,4,every_step,True,0.00040625000000000004,0.005125,782.521151799322,4817,0.0004958677685950413,0.9952479338842976,0.0,0.0
LSC-CP-RA,"LSC-CP-RA (A=4), tamed",98886f115ea6a7a4c556fecc8bb0d7f3,8da7d73e85753d4e79f54062070fbc7b,True,1,121,0.605,104374304.6734785,13046.788084184813,121.0,15488.0,0.8505048343887212,0.1079518907532434,0.10756059516990679,0.2651933504317867,0.3494594917302918,0.5059341049761572,0.764,0.264,0.5018127868730395,0.009332243668941143,0.49147615768727543,0.15201831408034294,True,1.0,reject,pre_step,drift_diffusion_then_jump,iid_bank,4,every_step,True,0.00040625000000000004,0.005125,782.521151799322,4817,0.0004958677685950413,0.9952479338842976,0.0,0.0
LSC-CP-RA,"LSC-CP-RA (A=4), tamed",98886f115ea6a7a4c556fecc8bb0d7f3,8da7d73e85753d4e79f54062070fbc7b,True,2,121,0.605,104374304.6734785,13046.788084184813,121.0,15488.0,0.8812210417396349,0.1155544353490342,0.11516520160322652,0.2744157404549109,0.3646107416812492,0.5346870405842614,0.7725,0.27249999999999996,0.532322916997963,0.02301021332866171,0.6052851635940963,0.3493835307880676,True,1.0,reject,pre_step,drift_diffusion_then_jump,iid_bank,4,every_step,True,0.00040625000000000004,0.005125,782.521151799322,4817,0.0004958677685950413,0.9952479338842976,0.0,0.0
LSC-CP-RA,"LSC-CP-RA (A=4), tamed",98886f115ea6a7a4c556fecc8bb0d7f3,8da7d73e85753d4e79f54062070fbc7b,True,3,121,0.605,104374304.6734785,13046.788084184813,121.0,15488.0,0.8425644533948222,0.10328299539905672,0.10288802030060662,0.25899467538835774,0.3423828154470834,0.4984065581648458,0.7585000000000001,0.25850000000000006,0.4916257803195263,0.007620818796709394,0.47690206875216484,0.2478964162851255,True,1.0,reject,pre_step,drift_diffusion_then_jump,iid_bank,4,every_step,True,0.00040625000000000004,0.005125,782.521151799322,4817,0.0004958677685950413,0.9952479338842976,0.0,0.0
LSC-CP-RA,"LSC-CP-RA (A=4), tamed",98886f115ea6a7a4c556fecc8bb0d7f3,8da7d73e85753d4e79f54062070fbc7b,True,0,125,0.625,107824694.91061828,13478.086863827284,125.0,16000.0,0.8519222287914994,0.11024464849442261,0.10985548087374097,0.2676170690703009,0.35293095018209353,0.5087739017486719,0.7665000000000001,0.2665,0.5069167272613494,0.02495956623346196,0.49020474141322656,0.03461976595261029,True,1.0,reject,pre_step,drift_diffusion_then_jump,iid_bank,4,every_step,True,0.0006875000000000001,0.004687500000000001,847.0138365634496,4967,0.000502,0.9934,0.0,0.0
LSC-CP-RA,"LSC-CP-RA (A=4), tamed",98886f115ea6a7a4c556fecc8bb0d7f3,8da7d73e85753d4e79f54062070fbc7b,True,1,125,0.625,107824694.91061828,13478.086863827284,125.0,16000.0,0.847014888684352,0.1046804272424301,0.1042863283012907,0.26268799605305465,0.3455616636572766,0.5037725875099619,0.761,0.261,0.500970823187997,0.0067818792486193935,0.5392890686336368,0.23745578371754406,True,1.0,reject,pre_step,drift_diffusion_then_jump,iid_bank,4,every_step,True,0.0006875000000000001,0.004687500000000001,847.0138365634496,4967,0.000502,0.9934,0.0,0.0
LSC-CP-RA,"LSC-CP-RA (A=4), tamed",98886f115ea6a7a4c556fecc8bb0d7f3,8da7d73e85753d4e79f54062070fbc7b,True,2,125,0.625,107824694.91061828,13478.086863827284,125.0,16000.0,0.8775591509878224,0.11320107197072149,0.11281004287626317,0.27167434271991353,0.36149466198052976,0.5323906165842615,0.7705,0.27049999999999996,0.5295771257202612,0.030233467650941037,0.6162219488281401,0.4172876594473184,True,1.0,reject,pre_step,drift_diffusion_then_jump,iid_bank,4,every_step,True,0.0006875000000000001,0.004687500000000001,847.0138365634496,4967,0.000502,0.9934,0.0,0.0
LSC-CP-RA,"LSC-CP-RA (A=4), tamed",98886f115ea6a7a4c556fecc8bb0d7f3,8da7d73e85753d4e79f54062070fbc7b,True,3,125,0.625,107824694.91061828,13478.086863827284,125.0,16000.0,0.8293519814841397,0.09725606115663055,0.0968577871549996,0.25273663551605674,0.3330120341094952,0.48656285135260935,0.752,0.252,0.47998626646600095,0.011501267164673479,0.5001980536166044,0.3563253798399052,True,1.0,reject,pre_step,drift_diffusion_then_jump,iid_bank,4,every_step,True,0.0006875000000000001,0.004687500000000001,847.0138365634496,4967,0.000502,0.9934,0.0,0.0
LSC-CP-RA,"LSC-CP-RA (A=4), tamed",98886f115ea6a7a4c556fecc8bb0d7f3,8da7d73e85753d4e79f54062070fbc7b,True,0,129,0.645,111275085.14775807,13909.385643469759,129.0,16512.0,0.8396796543905299,0.10430989832034654,0.10391740666952187,0.2607656807866842,0.3447483503837786,0.4982485883570292,0.76,0.26,0.49811734610828473,0.02302252181190534,0.5058123428551541,0.010589559430299045,True,1.0,reject,pre_step,drift_diffusion_then_jump,iid_bank,4,every_step,True,0.00043750000000000006,0.00515625,777.0981062515472,5132,0.0005,0.9945736434108527,0.0,0.0
LSC-CP-RA,"LSC-CP-RA (A=4), tamed",98886f115ea6a7a4c556fecc8bb0d7f3,8da7d73e85753d4e79f54062070fbc7b,True,1,129,0.645,111275085.14775807,13909.385643469759,129.0,16512.0,0.829035776044589,0.09851282734623146,0.0981153331034953,0.2532810566914723,0.3338465967430546,0.48678764069005886,0.7525000000000001,0.25250000000000006,0.4778480052825658,0.007987623461729765,0.4366385148481107,0.26960920958821777,True,1.0,reject,pre_step,drift_diffusion_then_jump,iid_bank,4,every_step,True,0.00043750000000000006,0.00515625,777.0981062515472,5132,0.0005,0.9945736434108527,0.0,0.0
LSC-CP-RA,"LSC-CP-RA (A=4), tamed",98886f115ea6a7a4c556fecc8bb0d7f3,8da7d73e85753d4e79f54062070fbc7b,True,2,129,0.645,111275085.14775807,13909.385643469759,129.0,16512.0,0.859319792145859,0.11062319644753482,0.11023291049752626,0.2671242825674603,0.3554494295386025,0.5166956185467294,0.766,0.266,0.5148604697712128,0.004236979597268986,0.5319363487323704,0.08149191390198818,True,1.0,reject,pre_step,drift_diffusion_then_jump,iid_bank,4,every_step,True,0.00043750000000000006,0.00515625,777.0981062515472,5132,0.0005,0.9945736434108527,0.0,0.0
LSC-CP-RA,"LSC-CP-RA (A=4), tamed",98886f115ea6a7a4c556fecc8bb0d7f3,8da7d73e85753d4e79f54062070fbc7b,True,3,129,0.645,111275085.14775807,13909.385643469759,129.0,16512.0,0.8216385258099297,0.09587795271350119,0.09547927852241422,0.25056965692807576,0.33074807573297366,0.48116482729130255,0.749,0.249,0.4761182182898355,0.00374608625116446,0.46778148570970973,0.18970330038589756,True,1.0,reject,pre_step,drift_diffusion_then_jump,iid_bank,4,every_step,True,0.00043750000000000006,0.00515625,777.0981062515472,5132,0.0005,0.9945736434108527,0.0,0.0
LSC-CP-RA,"LSC-CP-RA (A=4), tamed",98886f115ea6a7a4c556fecc8bb0d7f3,8da7d73e85753d4e79f54062070fbc7b,True,0,133,0.665,114725475.38489784,14340.68442311223,133.0,17024.0,0.8307345346608723,0.0989242635696892,0.09852717314275194,0.2528363022814366,0.33486537420935203,0.48933759665630994,0.752,0.252,0.480093866350297,0.007820821364543984,0.44431525525659765,0.3073230729763651,True,1.0,reject,pre_step,drift_diffusion_then_jump,iid_bank,4,every_step,True,0.00043749999999999995,0.00471875,4129.202339991693,5283,0.0004981203007518797,0.9930451127819548,0.0,0.0
LSC-CP-RA,"LSC-CP-RA (A=4), tamed",98886f115ea6a7a4c556fecc8bb0d7f3,8da7d73e85753d4e79f54062070fbc7b,True,1,133,0.665,114725475.38489784,14340.68442311223,133.0,17024.0,0.8106539138731453,0.09250876472071867,0.09210929863350803,0.24683409849585652,0.3247355124377699,0.4698359507866581,0.7465,0.24650000000000002,0.4680133935613141,0.010501646034968726,0.47798693474200343,0.10637433856684197,True,1.0,reject,pre_step,drift_diffusion_then_jump,iid_bank,4,every_step,True,0.00043749999999999995,0.00471875,4129.202339991693,5283,0.0004981203007518797,0.9930451127819548,0.0,0.0
LSC-CP-RA,"LSC-CP-RA (A=4), tamed",98886f115ea6a7a4c556fecc8bb0d7f3,8da7d73e85753d4e79f54062070fbc7b,True,2,133,0.665,114725475.38489784,14340.68442311223,133.0,17024.0,0.8523155938026291,0.10727467162109061,0.10688290224559693,0.263715384441311,0.35090606824047843,0.5096960639344721,0.762,0.262,0.5090641039048721,0.007241742450186828,0.5386901806979474,0.09166924006533483,True,1.0,reject,pre_step,drift_diffusion_then_jump,iid_bank,4,every_step,True,0.00043749999999999995,0.00471875,4129.202339991693,5283,0.0004981203007518797,0.9930451127819548,0.0,0.0
LSC-CP-RA,"LSC-CP-RA (A=4), tamed",98886f115ea6a7a4c556fecc8bb0d7f3,8da7d73e85753d4e79f54062070fbc7b,True,3,133,0.665,114725475.38489784,14340.68442311223,133.0,17024.0,0.817030125333859,0.09320335798472235,0.09280320124902408,0.24713450948029092,0.32635875245149926,0.4748887554042968,0.7445,0.24450000000000002,0.46924522541203334,0.008239885136169578,0.45235466196920016,0.19682720384373964,True,1.0,reject,pre_step,drift_diffusion_then_jump,iid_bank,4,every_step,True,0.00043749999999999995,0.00471875,4129.202339991693,5283,0.0004981203007518797,0.9930451127819548,0.0,0.0
LSC-CP-RA,"LSC-CP-RA (A=4), tamed",98886f115ea6a7a4c556fecc8bb0d7f3,8da7d73e85753d4e79f54062070fbc7b,True,0,138,0.6900000000000001,119038463.18132257,14879.807897665321,138.0,17664.0,0.8191644076548822,0.09411092160757428,0.09371166798330766,0.24798612376577817,0.3289586786007142,0.479669774398219,0.747,0.247,0.4762856224967159,0.0005898824548529191,0.4931806492646141,0.20212342532021565,True,1.0,reject,pre_step,drift_diffusion_then_jump,iid_bank,4,every_step,True,0.00037500000000000006,0.004975,785.8101680816692,5482,0.000493659420289855,0.9931159420289855,0.0,0.0
LSC-CP-RA,"LSC-CP-RA (A=4), tamed",98886f115ea6a7a4c556fecc8bb0d7f3,8da7d73e85753d4e79f54062070fbc7b,True,1,138,0.6900000000000001,119038463.18132257,14879.807897665321,138.0,17664.0,0.8046420624460454,0.08889896499685734,0.08849627030113405,0.24299417767950737,0.3193582441653715,0.4667330395099619,0.7415,0.24150000000000002,0.4626433845494774,0.008293546452027067,0.4787630052119457,0.22210477747040713,True,1.0,reject,pre_step,drift_diffusion_then_jump,iid_bank,4,every_step,True,0.00037500000000000006,0.004975,785.8101680816692,5482,0.000493659420289855,0.9931159420289855,0.0,0.0
LSC-CP-RA,"LSC-CP-RA (A=4), tamed",98886f115ea6a7a4c556fecc8bb0d7f3,8da7d73e85753d4e79f54062070fbc7b,True,2,138,0.6900000000000001,119038463.18132257,14879.807897665321,138.0,17664.0,0.8264614814165356,0.09670524317871987,0.09630733134867397,0.2511061617044888,0.33384921361970166,0.48719606218656797,0.75,0.25,0.48601145630855636,0.0011324345309160488,0.5279932800120809,0.14887658408921756,True,1.0,reject,pre_step,drift_diffusion_then_jump,iid_bank,4,every_step,True,0.00037500000000000006,0.004975,785.8101680816692,5482,0.000493659420289855,0.9931159420289855,0.0,0.0
LSC-CP-RA,"LSC-CP-RA (A=4), tamed",98886f115ea6a7a4c556fecc8bb0d7f3,8da7d73e85753d4e79f54062070fbc7b,True,3,138,0.6900000000000001,119038463.18132257,14879.807897665321,138.0,17664.0,0.8066000648760062,0.08916792486066383,0.08876632433177067,0.2431759659787205,0.3206825449450766,0.46593628945734855,0.741,0.241,0.46506881704958,0.001955289609673727,0.4959184953631771,0.12731821659126108,True,1.0,reject,pre_step,drift_diffusion_then_jump,iid_bank,4,every_step,True,0.00037500000000000006,0.004975,785.8101680816692,5482,0.000493659420289855,0.9931159420289855,0.0,0.0
LSC-CP-RA,"LSC-CP-RA (A=4), tamed",98886f115ea6a7a4c556fecc8bb0d7f3,8da7d73e85753d4e79f54062070fbc7b,True,0,142,0.71,122488853.41846237,15311.106677307796,142.0,18176.0,0.8023057094099257,0.08943042222292208,0.08902984548412951,0.24238556480399465,0.3200657664483185,0.4641626449582278,0.741,0.241,0.46147953231756167,0.017134313520775213,0.45375774960305193,0.056583790578330295,True,1.0,reject,pre_step,drift_diffusion_then_jump,iid_bank,4,every_step,True,0.00034375,0.00515625,771.0428867653641,5647,0.0004894366197183099,0.9941901408450704,0.0,0.0
LSC-CP-RA,"LSC-CP-RA (A=4), tamed",98886f115ea6a7a4c556fecc8bb0d7f3,8da7d73e85753d4e79f54062070fbc7b,True,1,142,0.71,122488853.41846237,15311.106677307796,142.0,18176.0,0.7924291281640697,0.08549935474348391,0.08509553511220869,0.2367384792052818,0.3131192197805505,0.45545310373616177,0.7365,0.23650000000000002,0.4515370622154545,0.0016704747810643017,0.45050506649097016,0.1498950826873281,True,1.0,reject,pre_step,drift_diffusion_then_jump,iid_bank,4,every_step,True,0.00034375,0.00515625,771.0428867653641,5647,0.0004894366197183099,0.9941901408450704,0.0,0.0
LSC-CP-RA,"LSC-CP-RA (A=4), tamed",98886f115ea6a7a4c556fecc8bb0d7f3,8da7d73e85753d4e79f54062070fbc7b,True,2,142,0.71,122488853.41846237,15311.106677307796,142.0,18176.0,0.8164882283360065,0.09207073782777897,0.0916698702472043,0.24561092953183838,0.3259435470119439,0.47640349691688877,0.7435,0.24350000000000002,0.4727170725253847,0.009892898172805475,0.5002977482034848,0.2340654577390079,True,1.0,reject,pre_step,drift_diffusion_then_jump,iid_bank,4,every_step,True,0.00034375,0.00515625,771.0428867653641,5647,0.0004894366197183099,0.9941901408450704,0.0,0.0
LSC-CP-RA,"LSC-CP-RA (A=4), tamed",98886f115ea6a7a4c556fecc8bb0d7f3,8da7d73e85753d4e79f54062070fbc7b,True,3,142,0.71,122488853.41846237,15311.106677307796,142.0,18176.0,0.7968517456176629,0.08584737055502922,0.08544399467833008,0.23866634948814452,0.314659253393152,0.4566248498167428,0.737,0.237,0.4552059158307751,0.003035064286458944,0.47983282110676256,0.11967613691607093,True,1.0,reject,pre_step,drift_diffusion_then_jump,iid_bank,4,every_step,True,0.00034375,0.00515625,771.0428867653641,5647,0.0004894366197183099,0.9941901408450704,0.0,0.0
LSC-CP-RA,"LSC-CP-RA (A=4), tamed",98886f115ea6a7a4c556fecc8bb0d7f3,8da7d73e85753d4e79f54062070fbc7b,True,0,146,0.73,125939243.65560214,15742.405456950268,146.0,18688.0,0.7990762913410037,0.08810607987865626,0.0877043591287564,0.24128472217074037,0.3177707620050064,0.46057122063794265,0.74,0.24,0.45840522504377906,0.010783036974217786,0.475365772594546,0.10398336193730551,True,1.0,reject,pre_step,drift_diffusion_then_jump,iid_bank,4,every_step,True,0.00040625000000000004,0.00409375,721.681325757318,5778,0.00048715753424657536,0.9893835616438356,0.0,0.0
LSC-CP-RA,"LSC-CP-RA (A=4), tamed",98886f115ea6a7a4c556fecc8bb0d7f3,8da7d73e85753d4e79f54062070fbc7b,True,1,146,0.73,125939243.65560214,15742.405456950268,146.0,18688.0,0.7853117002202304,0.08284551815922159,0.08244070294771344,0.2332368024588154,0.30791226777356934,0.44671505738032846,0.732,0.23199999999999998,0.4411416958753059,0.005023758356267671,0.4214128545001072,0.15343822694022535,True,1.0,reject,pre_step,drift_diffusion_then_jump,iid_bank,4,every_step,True,0.00040625000000000004,0.00409375,721.681325757318,5778,0.00048715753424657536,0.9893835616438356,0.0,0.0
LSC-CP-RA,"LSC-CP-RA (A=4), tamed",98886f115ea6a7a4c556fecc8bb0d7f3,8da7d73e85753d4e79f54062070fbc7b,True,2,146,0.73,125939243.65560214,15742.405456950268,146.0,18688.0,0.8116261575845758,0.09110878010777912,0.09070773759353357,0.2439790404466166,0.32294772827853235,0.4714004351614616,0.7425,0.24250000000000002,0.4655453377569334,0.00590962283374552,0.46108314897111524,0.21421556523065333,True,1.0,reject,pre_step,drift_diffusion_then_jump,iid_bank,4,every_step,True,0.00040625000000000004,0.00409375,721.681325757318,5778,0.00048715753424657536,0.9893835616438356,0.0,0.0
LSC-CP-RA,"LSC-CP-RA (A=4), tamed",98886f115ea6a7a4c556fecc8bb0d7f3,8da7d73e85753d4e79f54062070fbc7b,True,3,146,0.73,125939243.65560214,15742.405456950268,146.0,18688.0,0.7802435775894343,0.08014985516430329,0.07974416591312272,0.2301120590198968,0.3046147330728917,0.4419400230943542,0.7295,0.2295,0.44121532567099014,0.011370996781117304,0.4710760698982861,0.09674563296561123,True,1.0,reject,pre_step,drift_diffusion_then_jump,iid_bank,4,every_step,True,0.00040625000000000004,0.00409375,721.681325757318,5778,0.00048715753424657536,0.9893835616438356,0.0,0.0
LSC-CP-RA,"LSC-CP-RA (A=4), tamed",98886f115ea6a7a4c556fecc8bb0d7f3,8da7d73e85753d4e79f54062070fbc7b,True,0,150,0.75,129389633.89274193,16173.704236592741,150.0,19200.0,0.7944093942498689,0.0861749772371293,0.0857719437890686,0.23767863833884562,0.3141757222352762,0.45636402595171915,0.7365,0.23650000000000002,0.4517626597667179,0.005501917445020932,0.4411229623858787,0.16033802624702098,True,1.0,reject,pre_step,drift_diffusion_then_jump,iid_bank,4,every_step,True,0.000375,0.00490625,795.6609215039687,5935,0.00048416666666666665,0.9891666666666666,0.0,0.0
LSC-CP-RA,"LSC-CP-RA (A=4), tamed",98886f115ea6a7a4c556fecc8bb0d7f3,8da7d73e85753d4e79f54062070fbc7b,True,1,150,0.75,129389633.89274193,16173.704236592741,150.0,19200.0,0.7665473616951899,0.07451553953385182,0.07410533094823013,0.22487121742365113,0.29596585108333734,0.4350321277233812,0.7225,0.2225,0.43397498816443414,0.006083562784112151,0.502644411379172,0.21478174020111884,True,1.0,reject,pre_step,drift_diffusion_then_jump,iid_bank,4,every_step,True,0.000375,0.00490625,795.6609215039687,5935,0.00048416666666666665,0.9891666666666666,0.0,0.0
LSC-CP-RA,"LSC-CP-RA (A=4), tamed",98886f115ea6a7a4c556fecc8bb0d7f3,8da7d73e85753d4e79f54062070fbc7b,True,2,150,0.75,129389633.89274193,16173.704236592741,150.0,19200.0,0.8071073389677869,0.08921453150122904,0.08881286264676358,0.2407001510458383,0.3206164836431806,0.4660656221715964,0.74,0.24,0.4634433057151474,0.00010578655454485109,0.46880912615117154,0.1087684328712687,True,1.0,reject,pre_step,drift_diffusion_then_jump,iid_bank,4,every_step,True,0.000375,0.00490625,795.6609215039687,5935,0.00048416666666666665,0.9891666666666666,0.0,0.0
LSC-CP-RA,"LSC-CP-RA (A=4), tamed",98886f115ea6a7a4c556fecc8bb0d7f3,8da7d73e85753d4e79f54062070fbc7b,True,3,150,0.75,129389633.89274193,16173.704236592741,150.0,19200.0,0.7750649133909279,0.07859157341454115,0.07818363235512482,0.22736631788820028,0.30006858387249913,0.4383178367637995,0.727,0.22699999999999998,0.4307080480929078,0.009579280394648393,0.4062678341859097,0.26461176840111567,True,1.0,reject,pre_step,drift_diffusion_then_jump,iid_bank,4,every_step,True,0.000375,0.00490625,795.6609215039687,5935,0.00048416666666666665,0.9891666666666666,0.0,0.0
LSC-CP-RA,"LSC-CP-RA (A=4), tamed",98886f115ea6a7a4c556fecc8bb0d7f3,8da7d73e85753d4e79f54062070fbc7b,True,0,154,0.77,132840024.12988171,16605.003016235212,154.0,19712.0,0.7835806997480432,0.0824714381953694,0.08206654981468786,0.23437522014595147,0.30821844974849627,0.44863218858426146,0.732,0.23199999999999998,0.44654025492771376,0.008124823112215296,0.46556492801572796,0.12092967678171929,True,1.0,reject,pre_step,drift_diffusion_then_jump,iid_bank,4,every_step,True,0.000375,0.004812500000000001,1771.9428437619733,6089,0.0004813311688311688,0.988474025974026,0.0,0.0
LSC-CP-RA,"LSC-CP-RA (A=4), tamed",98886f115ea6a7a4c556fecc8bb0d7f3,8da7d73e85753d4e79f54062070fbc7b,True,1,154,0.77,132840024.12988171,16605.003016235212,154.0,19712.0,0.7491444462960912,0.07173649992313502,0.07132691770945898,0.21846240813860407,0.2879544130257244,0.4171155365820196,0.7165,0.2165,0.41384281046820726,0.02144563341552741,0.39902971294748024,0.0227556951843636,True,1.0,reject,pre_step,drift_diffusion_then_jump,iid_bank,4,every_step,True,0.000375,0.004812500000000001,1771.9428437619733,6089,0.0004813311688311688,0.988474025974026,0.0,0.0
LSC-CP-RA,"LSC-CP-RA (A=4), tamed",98886f115ea6a7a4c556fecc8bb0d7f3,8da7d73e85753d4e79f54062070fbc7b,True,2,154,0.77,132840024.12988171,16605.003016235212,154.0,19712.0,0.8127174987014476,0.09048421172644994,0.09008276047178088,0.24272699220754645,0.3226799095662077,0.47043947583539797,0.7415,0.24150000000000002,0.46583136577325923,0.0069201924849758845,0.4657731874017622,0.18352576118633246,True,1.0,reject,pre_step,drift_diffusion_then_jump,iid_bank,4,every_step,True,0.000375,0.004812500000000001,1771.9428437619733,6089,0.0004813311688311688,0.988474025974026,0.0,0.0
LSC-CP-RA,"LSC-CP-RA (A=4), tamed",98886f115ea6a7a4c556fecc8bb0d7f3,8da7d73e85753d4e79f54062070fbc7b,True,3,154,0.77,132840024.12988171,16605.003016235212,154.0,19712.0,0.7571836831178352,0.07263147626592381,0.07222114371425392,0.21970622123775563,0.29041466645199904,0.42200316442459185,0.719,0.21899999999999997,0.4200751697024841,0.0023825286594403305,0.43502328296354054,0.13778762866930572,True,1.0,reject,pre_step,drift_diffusion_then_jump,iid_bank,4,every_step,True,0.000375,0.004812500000000001,1771.9428437619733,6089,0.0004813311688311688,0.988474025974026,0.0,0.0
LSC-CP-RA,"LSC-CP-RA (A=4), tamed",98886f115ea6a7a4c556fecc8bb0d7f3,8da7d73e85753d4e79f54062070fbc7b,True,0,158,0.79,136290414.3670215,17036.301795877687,158.0,20224.0,0.7812182354457782,0.07952271529581001,0.07911500140104877,0.22946314017843528,0.30357719461891214,0.4459363953326807,0.729,0.22899999999999998,0.4409618642052273,0.012249623137890131,0.4892550965434996,0.3513887274332558,True,1.0,reject,pre_step,drift_diffusion_then_jump,iid_bank,4,every_step,True,0.000375,0.005093750000000001,1046.8631573650655,6252,0.0004786392405063291,0.989240506329114,0.0,0.0
LSC-CP-RA,"LSC-CP-RA (A=4), tamed",98886f115ea6a7a4c556fecc8bb0d7f3,8da7d73e85753d4e79f54062070fbc7b,True,1,158,0.79,136290414.3670215,17036.301795877687,158.0,20224.0,0.7493595834885545,0.07054842871222544,0.07013752843160881,0.21691958997144972,0.28617945518935206,0.4171478475721139,0.7155,0.2155,0.4133976007843426,0.00924351853166372,0.4197011395055041,0.16734569461599513,True,1.0,reject,pre_step,drift_diffusion_then_jump,iid_bank,4,every_step,True,0.000375,0.005093750000000001,1046.8631573650655,6252,0.0004786392405063291,0.989240506329114,0.0,0.0
LSC-CP-RA,"LSC-CP-RA (A=4), tamed",98886f115ea6a7a4c556fecc8bb0d7f3,8da7d73e85753d4e79f54062070fbc7b,True,2,158,0.79,136290414.3670215,17036.301795877687,158.0,20224.0,0.7905380865775838,0.08293032180852766,0.0825252397584707,0.2327849740271602,0.3088885756906833,0.4490091201164714,0.731,0.23099999999999998,0.4427418387554204,0.0037240565934724135,0.43114690332668104,0.20165436449453622,True,1.0,reject,pre_step,drift_diffusion_then_jump,iid_bank,4,every_step,True,0.000375,0.005093750000000001,1046.8631573650655,6252,0.0004786392405063291,0.989240506329114,0.0,0.0
LSC-CP-RA,"LSC-CP-RA (A=4), tamed",98886f115ea6a7a4c556fecc8bb0d7f3,8da7d73e85753d4e79f54062070fbc7b,True,3,158,0.79,136290414.3670215,17036.301795877687,158.0,20224.0,0.7512327609249888,0.07104640965543052,0.07063533538583111,0.21591171101722828,0.2870068912496089,0.415611701819695,0.7155,0.2155,0.4123772960043642,0.004976589674209109,0.39644106836823473,0.06598312084683655,True,1.0,reject,pre_step,drift_diffusion_then_jump,iid_bank,4,every_step,True,0.000375,0.005093750000000001,1046.8631573650655,6252,0.0004786392405063291,0.989240506329114,0.0,0.0
LSC-CP-RA,"LSC-CP-RA (A=4), tamed",98886f115ea6a7a4c556fecc8bb0d7f3,8da7d73e85753d4e79f54062070fbc7b,True,0,163,0.8150000000000001,140603402.16344625,17575.42527043078,163.0,20864.0,0.7686118672259,0.07765582662051995,0.07724815362951831,0.226847615940312,0.29929750625640766,0.4340021440434266,0.726,0.22599999999999998,0.4317951712697877,0.008641161999916047,0.43167373257594477,0.04839206632115334,True,1.0,reject,pre_step,drift_diffusion_then_jump,iid_bank,4,every_step,True,0.0005,0.00505,787.4751256852281,6454,0.00047929447852760736,0.9898773006134969,0.0,0.0
LSC-CP-RA,"LSC-CP-RA (A=4), tamed",98886f115ea6a7a4c556fecc8bb0d7f3,8da7d73e85753d4e79f54062070fbc7b,True,1,163,0.8150000000000001,140603402.16344625,17575.42527043078,163.0,20864.0,0.7365095537233651,0.06657150291743952,0.06615726816405343,0.21018303730925664,0.2779280216139015,0.40628961006834297,0.71,0.21,0.40027374785678177,0.001969703081712071,0.391388937608699,0.13547972878227277,True,1.0,reject,pre_step,drift_diffusion_then_jump,iid_bank,4,every_step,True,0.0005,0.00505,787.4751256852281,6454,0.00047929447852760736,0.9898773006134969,0.0,0.0
LSC-CP-RA,"LSC-CP-RA (A=4), tamed",98886f115ea6a7a4c556fecc8bb0d7f3,8da7d73e85753d4e79f54062070fbc7b,True,2,163,0.8150000000000001,140603402.16344625,17575.42527043078,163.0,20864.0,0.7783608889667124,0.0794243399367569,0.07901794374615168,0.2278086352903595,0.3037595009191983,0.43975615924415323,0.7265,0.2265,0.4394556276023271,0.005859999853040865,0.44917570827212067,0.034901978501407416,True,1.0,reject,pre_step,drift_diffusion_then_jump,iid_bank,4,every_step,True,0.0005,0.00505,787.4751256852281,6454,0.00047929447852760736,0.9898773006134969,0.0,0.0
LSC-CP-RA,"LSC-CP-RA (A=4), tamed",98886f115ea6a7a4c556fecc8bb0d7f3,8da7d73e85753d4e79f54062070fbc7b,True,3,163,0.8150000000000001,140603402.16344625,17575.42527043078,163.0,20864.0,0.734960013844304,0.0654882331610056,0.06507357878782061,0.20921558980488397,0.275952205544692,0.40173215355137104,0.7085,0.20850000000000002,0.39697347234037045,0.004065641491543981,0.4069390872996269,0.16812252789156445,True,1.0,reject,pre_step,drift_diffusion_then_jump,iid_bank,4,every_step,True,0.0005,0.00505,787.4751256852281,6454,0.00047929447852760736,0.9898773006134969,0.0,0.0
LSC-CP-RA,"LSC-CP-RA (A=4), tamed",98886f115ea6a7a4c556fecc8bb0d7f3,8da7d73e85753d4e79f54062070fbc7b,True,0,167,0.835,144053792.400586,18006.72405007325,167.0,21376.0,0.7594138671009197,0.07357762232960174,0.07316749152951207,0.221148382513775,0.2919438624981262,0.4257961529021277,0.7205,0.2205,0.42214810085983556,0.0004818401705655173,0.4305062669795424,0.19753663500128027,True,1.0,reject,pre_step,drift_diffusion_then_jump,iid_bank,4,every_step,True,0.00046875,0.0053125,841.9767078629419,6624,0.00047904191616766467,0.9916167664670659,0.0,0.0
LSC-CP-RA,"LSC-CP-RA (A=4), tamed",98886f115ea6a7a4c556fecc8bb0d7f3,8da7d73e85753d4e79f54062070fbc7b,True,1,167,0.835,144053792.400586,18006.72405007325,167.0,21376.0,0.7239978873890927,0.062377885355998086,0.06196196587400249,0.20457946206348732,0.2706157428372539,0.3947422655490127,0.7035,0.20350000000000001,0.3923442970164172,0.0016242876915225635,0.41257442872079575,0.14366818855233,True,1.0,reject,pre_step,drift_diffusion_then_jump,iid_bank,4,every_step,True,0.00046875,0.0053125,841.9767078629419,6624,0.00047904191616766467,0.9916167664670659,0.0,0.0
LSC-CP-RA,"LSC-CP-RA (A=4), tamed",98886f115ea6a7a4c556fecc8bb0d7f3,8da7d73e85753d4e79f54062070fbc7b,True,2,167,0.835,144053792.400586,18006.72405007325,167.0,21376.0,0.7703838979602731,0.07584715060931835,0.07543805245647506,0.22392966662557506,0.2985510930233841,0.4359535782776316,0.722,0.22199999999999998,0.43529404293585694,0.0021983218717379627,0.47247074605048334,0.10917542598450647,True,1.0,reject,pre_step,drift_diffusion_then_jump,iid_bank,4,every_step,True,0.00046875,0.0053125,841.9767078629419,6624,0.00047904191616766467,0.9916167664670659,0.0,0.0
LSC-CP-RA,"LSC-CP-RA (A=4), tamed",98886f115ea6a7a4c556fecc8bb0d7f3,8da7d73e85753d4e79f54062070fbc7b,True,3,167,0.835,144053792.400586,18006.72405007325,167.0,21376.0,0.7299605403747446,0.06329680776008884,0.06288071447639942,0.2065872850481838,0.27180669623339926,0.3970848396680239,0.705,0.205,0.3921357781685337,0.01072309549042827,0.39481972139749766,0.2454309995857603,True,1.0,reject,pre_step,drift_diffusion_then_jump,iid_bank,4,every_step,True,0.00046875,0.0053125,841.9767078629419,6624,0.00047904191616766467,0.9916167664670659,0.0,0.0
LSC-CP-RA,"LSC-CP-RA (A=4), tamed",98886f115ea6a7a4c556fecc8bb0d7f3,8da7d73e85753d4e79f54062070fbc7b,True,0,171,0.855,147504182.6377258,18438.022829715726,171.0,21888.0,0.7476069853474445,0.07122898788513021,0.07081860504173898,0.21699632689819082,0.28695247937863555,0.41514848218229666,0.7165,0.2165,0.4122584935678305,0.015693431751877762,0.40506764447231947,0.06561735089259091,True,1.0,reject,pre_step,drift_diffusion_then_jump,iid_bank,4,every_step,True,0.00028125000000000003,0.00434375,744.9163480318703,6763,0.0004744152046783626,0.9887426900584795,0.0,0.0
LSC-CP-RA,"LSC-CP-RA (A=4), tamed",98886f115ea6a7a4c556fecc8bb0d7f3,8da7d73e85753d4e79f54062070fbc7b,True,1,171,0.855,147504182.6377258,18438.022829715726,171.0,21888.0,0.7170408485822569,0.06075442512931417,0.06033821118791227,0.20121325462178147,0.2658441169170427,0.3874172633057495,0.7005,0.2005,0.38040513095309103,0.006476603955752114,0.36185899810339356,0.15859277232939506,True,1.0,reject,pre_step,drift_diffusion_then_jump,iid_bank,4,every_step,True,0.00028125000000000003,0.00434375,744.9163480318703,6763,0.0004744152046783626,0.9887426900584795,0.0,0.0
LSC-CP-RA,"LSC-CP-RA (A=4), tamed",98886f115ea6a7a4c556fecc8bb0d7f3,8da7d73e85753d4e79f54062070fbc7b,True,2,171,0.855,147504182.6377258,18438.022829715726,171.0,21888.0,0.7626311209486727,0.07365037819637632,0.07324002865533008,0.22239241639592006,0.2930354763999957,0.42800801808799616,0.7185,0.2185,0.42467213271142784,0.006000079987470208,0.44506490293198975,0.15660025313350523,True,1.0,reject,pre_step,drift_diffusion_then_jump,iid_bank,4,every_step,True,0.00028125000000000003,0.00434375,744.9163480318703,6763,0.0004744152046783626,0.9887426900584795,0.0,0.0
LSC-CP-RA,"LSC-CP-RA (A=4), tamed",98886f115ea6a7a4c556fecc8bb0d7f3,8da7d73e85753d4e79f54062070fbc7b,True,3,171,0.855,147504182.6377258,18438.022829715726,171.0,21888.0,0.71718015250745,0.06077452423492635,0.06035800466593766,0.2025579752267917,0.2653126298508393,0.38335068177552534,0.7005,0.2005,0.37827174418687576,0.0012773613242633708,0.3528631290476809,0.12193669559409692,True,1.0,reject,pre_step,drift_diffusion_then_jump,iid_bank,4,every_step,True,0.00028125000000000003,0.00434375,744.9163480318703,6763,0.0004744152046783626,0.9887426900584795,0.0,0.0
LSC-CP-RA,"LSC-CP-RA (A=4), tamed",98886f115ea6a7a4c556fecc8bb0d7f3,8da7d73e85753d4e79f54062070fbc7b,True,0,175,0.875,150954572.8748656,18869.321609358198,175.0,22400.0,0.7438739573405888,0.06887810086803026,0.06846569253841783,0.21502682968742326,0.2833202557498089,0.4126150625272365,0.7135,0.2135,0.41034318313209267,0.0035805015416349173,0.4507084580999718,0.18749289329689034,True,1.0,reject,pre_step,drift_diffusion_then_jump,iid_bank,4,every_step,True,0.0004375,0.00496875,790.3800917575181,6922,0.00047357142857142856,0.9888571428571429,0.0,0.0
LSC-CP-RA,"LSC-CP-RA (A=4), tamed",98886f115ea6a7a4c556fecc8bb0d7f3,8da7d73e85753d4e79f54062070fbc7b,True,1,175,0.875,150954572.8748656,18869.321609358198,175.0,22400.0,0.7079720176816865,0.057012867232685616,0.0565935597754591,0.196190488713604,0.2592955537637504,0.380145102441054,0.6960000000000001,0.19600000000000004,0.3756056153041218,0.007313067744705082,0.3990220722427886,0.23358134969710032,True,1.0,reject,pre_step,drift_diffusion_then_jump,iid_bank,4,every_step,True,0.0004375,0.00496875,790.3800917575181,6922,0.00047357142857142856,0.9888571428571429,0.0,0.0
LSC-CP-RA,"LSC-CP-RA (A=4), tamed",98886f115ea6a7a4c556fecc8bb0d7f3,8da7d73e85753d4e79f54062070fbc7b,True,2,175,0.875,150954572.8748656,18869.321609358198,175.0,22400.0,0.7600796735894031,0.07268796620944729,0.0722769094199428,0.22072659801256622,0.2915358349624958,0.4264702740064937,0.718,0.21799999999999997,0.42376937598243225,0.007428882746038923,0.44174255591492956,0.16193478537672668,True,1.0,reject,pre_step,drift_diffusion_then_jump,iid_bank,4,every_step,True,0.0004375,0.00496875,790.3800917575181,6922,0.00047357142857142856,0.9888571428571429,0.0,0.0
LSC-CP-RA,"LSC-CP-RA (A=4), tamed",98886f115ea6a7a4c556fecc8bb0d7f3,8da7d73e85753d4e79f54062070fbc7b,True,3,175,0.875,150954572.8748656,18869.321609358198,175.0,22400.0,0.711368094729271,0.05772974227425598,0.05731117828629484,0.19933683262232055,0.2606013960610726,0.3774078852072439,0.6970000000000001,0.19700000000000004,0.3756772194148019,0.004374435696008816,0.39945543749983425,0.1689881900514173,True,1.0,reject,pre_step,drift_diffusion_then_jump,iid_bank,4,every_step,True,0.0004375,0.00496875,790.3800917575181,6922,0.00047357142857142856,0.9888571428571429,0.0,0.0
LSC-CP-RA,"LSC-CP-RA (A=4), tamed",98886f115ea6a7a4c556fecc8bb0d7f3,8da7d73e85753d4e79f54062070fbc7b,True,0,179,0.895,154404963.11200538,19300.620389000673,179.0,22912.0,0.7319397189058942,0.06505872047355832,0.06464417896476815,0.2085459696112601,0.2750856427447634,0.4009540625512775,0.7065,0.20650000000000002,0.3952347735336368,0.0008045793160726955,0.37872411820396773,0.19876960338473715,True,1.0,reject,pre_step,drift_diffusion_then_jump,iid_bank,4,every_step,True,0.00046875,0.00525,741.37171875426,7090,0.000473463687150838,0.9902234636871509,0.0,0.0
LSC-CP-RA,"LSC-CP-RA (A=4), tamed",98886f115ea6a7a4c556fecc8bb0d7f3,8da7d73e85753d4e79f54062070fbc7b,True,1,179,0.895,154404963.11200538,19300.620389000673,179.0,22912.0,0.6847798071710512,0.05168437370743317,0.05126231082091426,0.18957970779877475,0.24718743213448022,0.3614743788983755,0.6865,0.1865,0.3568940302319336,0.003931658967321394,0.36939225286010685,0.17421734089079266,True,1.0,reject,pre_step,drift_diffusion_then_jump,iid_bank,4,every_step,True,0.00046875,0.00525,741.37171875426,7090,0.000473463687150838,0.9902234636871509,0.0,0.0
LSC-CP-RA,"LSC-CP-RA (A=4), tamed",98886f115ea6a7a4c556fecc8bb0d7f3,8da7d73e85753d4e79f54062070fbc7b,True,2,179,0.895,154404963.11200538,19300.620389000673,179.0,22912.0,0.7567625431960088,0.07023520636464442,0.06982213337589083,0.21746250149325208,0.28754511233125946,0.42335774458426145,0.7155,0.2155,0.4211852711407661,0.020889594054660954,0.48829101224802923,0.32850790733394597,True,1.0,reject,pre_step,drift_diffusion_then_jump,iid_bank,4,every_step,True,0.00046875,0.00525,741.37171875426,7090,0.000473463687150838,0.9902234636871509,0.0,0.0
LSC-CP-RA,"LSC-CP-RA (A=4), tamed",98886f115ea6a7a4c556fecc8bb0d7f3,8da7d73e85753d4e79f54062070fbc7b,True,3,179,0.895,154404963.11200538,19300.620389000673,179.0,22912.0,0.7096923745337673,0.05716698445437729,0.05674775144205335,0.1972155345586501,0.259259777873704,0.3769540283246161,0.6960000000000001,0.19600000000000004,0.3730220338032197,0.006765232470352989,0.3951352439657688,0.2052780846348693,True,1.0,reject,pre_step,drift_diffusion_then_jump,iid_bank,4,every_step,True,0.00046875,0.00525,741.37171875426,7090,0.000473463687150838,0.9902234636871509,0.0,0.0
LSC-CP-RA,"LSC-CP-RA (A=4), tamed",98886f115ea6a7a4c556fecc8bb0d7f3,8da7d73e85753d4e79f54062070fbc7b,True,0,183,0.915,157855353.34914514,19731.919168643144,183.0,23424.0,0.7223432058932162,0.06247197328232823,0.06205578126446254,0.2035085678108317,0.27008133759258063,0.3945103965459753,0.7035,0.20350000000000001,0.38900831803136804,0.001490383228618275,0.37687770363697226,0.1650480799715085,True,1.0,reject,pre_step,drift_diffusion_then_jump,iid_bank,4,every_step,True,0.00034375,0.00425,778.4224900439999,7226,0.00047062841530054646,0.9871584699453552,0.0,0.0
LSC-CP-RA,"LSC-CP-RA (A=4), tamed",98886f115ea6a7a4c556fecc8bb0d7f3,8da7d73e85753d4e79f54062070fbc7b,True,1,183,0.915,157855353.34914514,19731.919168643144,183.0,23424.0,0.6722970322895789,0.047873984262055025,0.047450455841070105,0.18175839851397757,0.23943243384160307,0.35025852839506605,0.6805,0.1805,0.3475802845461988,0.0010141208015895797,0.39190342758267194,0.2401840449667808,True,1.0,reject,pre_step,drift_diffusion_then_jump,iid_bank,4,every_step,True,0.00034375,0.00425,778.4224900439999,7226,0.00047062841530054646,0.9871584699453552,0.0,0.0
LSC-CP-RA,"LSC-CP-RA (A=4), tamed",98886f115ea6a7a4c556fecc8bb0d7f3,8da7d73e85753d4e79f54062070fbc7b,True,2,183,0.915,157855353.34914514,19731.919168643144,183.0,23424.0,0.7436679717562196,0.06741910446886867,0.06700531006285182,0.21107116328491782,0.2812822059110432,0.4112674475099618,0.71,0.21,0.40887823672445056,0.008777168311105865,0.43953404917617567,0.18186434519158434,True,1.0,reject,pre_step,drift_diffusion_then_jump,iid_bank,4,every_step,True,0.00034375,0.00425,778.4224900439999,7226,0.00047062841530054646,0.9871584699453552,0.0,0.0
LSC-CP-RA,"LSC-CP-RA (A=4), tamed",98886f115ea6a7a4c556fecc8bb0d7f3,8da7d73e85753d4e79f54062070fbc7b,True,3,183,0.915,157855353.34914514,19731.919168643144,183.0,23424.0,0.6983624629705512,0.05495774416011867,0.05453808363132839,0.19413758608775877,0.25422456433888474,0.3698872231476876,0.6925,0.1925,0.3663255561074859,0.0013975422576774088,0.37906087324253007,0.20692663196560124,True,1.0,reject,pre_step,drift_diffusion_then_jump,iid_bank,4,every_step,True,0.00034375,0.00425,778.4224900439999,7226,0.00047062841530054646,0.9871584699453552,0.0,0.0
LSC-CP-RA,"LSC-CP-RA (A=4), tamed",98886f115ea6a7a4c556fecc8bb0d7f3,8da7d73e85753d4e79f54062070fbc7b,True,0,188,0.9400000000000001,162168341.1455699,20271.042643196237,188.0,24064.0,0.700072223022365,0.05554065398099739,0.05512085259632282,0.19422856976861358,0.25492320751951575,0.3726437497404121,0.6920000000000001,0.19200000000000003,0.3652105800884306,0.005105680401550905,0.3475211137968884,0.2674871962032114,True,1.0,reject,pre_step,drift_diffusion_then_jump,iid_bank,4,every_step,True,0.00042500000000000003,0.004725,713.3823384482662,7415,0.0004694148936170213,0.9860372340425532,0.0,0.0
LSC-CP-RA,"LSC-CP-RA (A=4), tamed",98886f115ea6a7a4c556fecc8bb0d7f3,8da7d73e85753d4e79f54062070fbc7b,True,1,188,0.9400000000000001,162168341.1455699,20271.042643196237,188.0,24064.0,0.660381509181089,0.04555461882358014,0.04512983715751839,0.1773996309424299,0.2334051331039798,0.3415430708996079,0.676,0.17600000000000002,0.33773466289716814,0.000666925509964611,0.36512982081777356,0.22061126906119488,True,1.0,reject,pre_step,drift_diffusion_then_jump,iid_bank,4,every_step,True,0.00042500000000000003,0.004725,713.3823384482662,7415,0.0004694148936170213,0.9860372340425532,0.0,0.0
LSC-CP-RA,"LSC-CP-RA (A=4), tamed",98886f115ea6a7a4c556fecc8bb0d7f3,8da7d73e85753d4e79f54062070fbc7b,True,2,188,0.9400000000000001,162168341.1455699,20271.042643196237,188.0,24064.0,0.7314482493473433,0.06337370830611277,0.06295764829842698,0.20623884668427628,0.2735833507296169,0.40199366157050115,0.7035,0.20350000000000001,0.39825243799492,0.01012883912102469,0.4230346104224295,0.19594947601862323,True,1.0,reject,pre_step,drift_diffusion_then_jump,iid_bank,4,every_step,True,0.00042500000000000003,0.004725,713.3823384482662,7415,0.0004694148936170213,0.9860372340425532,0.0,0.0
LSC-CP-RA,"LSC-CP-RA (A=4), tamed",98886f115ea6a7a4c556fecc8bb0d7f3,8da7d73e85753d4e79f54062070fbc7b,True,3,188,0.9400000000000001,162168341.1455699,20271.042643196237,188.0,24064.0,0.69283853325132,0.05416843651003589,0.05374794274436423,0.19227601553601026,0.2520629457452072,0.3677698168798784,0.6905,0.1905,0.36285087859108767,0.0006209167948163508,0.354432415858207,0.13668240293150358,True,1.0,reject,pre_step,drift_diffusion_then_jump,iid_bank,4,every_step,True,0.00042500000000000003,0.004725,713.3823384482662,7415,0.0004694148936170213,0.9860372340425532,0.0,0.0
LSC-CP-RA,"LSC-CP-RA (A=4), tamed",98886f115ea6a7a4c556fecc8bb0d7f3,8da7d73e85753d4e79f54062070fbc7b,True,0,192,0.96,165618731.38270968,20702.341422838712,192.0,24576.0,0.6856678893461926,0.051649444561354896,0.0512279648179097,0.18703889062120949,0.24785655432911313,0.3613112553089336,0.686,0.18600000000000003,0.3592346634743429,0.002195865817560372,0.3910525796026846,0.1480150513403694,True,1.0,reject,pre_step,drift_diffusion_then_jump,iid_bank,4,every_step,True,0.0006249999999999999,0.00521875,3590.2939757183117,7582,0.00047265625,0.9872395833333333,0.0,0.0
LSC-CP-RA,"LSC-CP-RA (A=4), tamed",98886f115ea6a7a4c556fecc8bb0d7f3,8da7d73e85753d4e79f54062070fbc7b,True,1,192,0.96,165618731.38270968,20702.341422838712,192.0,24576.0,0.6527086759599985,0.04492387462224201,0.04449892309200665,0.17514761034834592,0.2293358205199764,0.3340754894138006,0.6735,0.1735,0.3244367254674155,0.004066282138202815,0.2697846931005897,0.1783279934121197,True,1.0,reject,pre_step,drift_diffusion_then_jump,iid_bank,4,every_step,True,0.0006249999999999999,0.00521875,3590.2939757183117,7582,0.00047265625,0.9872395833333333,0.0,0.0
LSC-CP-RA,"LSC-CP-RA (A=4), tamed",98886f115ea6a7a4c556fecc8bb0d7f3,8da7d73e85753d4e79f54062070fbc7b,True,2,192,0.96,165618731.38270968,20702.341422838712,192.0,24576.0,0.7175845015400534,0.05856974445589824,0.058150275977283394,0.20019279849304794,0.26492784569963856,0.39241562437174726,0.6965,0.1965,0.38859866493772166,0.020206841348563764,0.4446380964379659,0.2669067229130754,True,1.0,reject,pre_step,drift_diffusion_then_jump,iid_bank,4,every_step,True,0.0006249999999999999,0.00521875,3590.2939757183117,7582,0.00047265625,0.9872395833333333,0.0,0.0
LSC-CP-RA,"LSC-CP-RA (A=4), tamed",98886f115ea6a7a4c556fecc8bb0d7f3,8da7d73e85753d4e79f54062070fbc7b,True,3,192,0.96,165618731.38270968,20702.341422838712,192.0,24576.0,0.681652523372361,0.050394171636275686,0.049971608975449056,0.18517033855831067,0.24498931846624836,0.3605546546461796,0.6845,0.1845,0.3564262139816591,0.0026534067786602167,0.3919534680024915,0.23152796566093936,True,1.0,reject,pre_step,drift_diffusion_then_jump,iid_bank,4,every_step,True,0.0006249999999999999,0.00521875,3590.2939757183117,7582,0.00047265625,0.9872395833333333,0.0,0.0
LSC-CP-RA,"LSC-CP-RA (A=4), tamed",98886f115ea6a7a4c556fecc8bb0d7f3,8da7d73e85753d4e79f54062070fbc7b,True,0,196,0.98,169069121.61984944,21133.64020248118,196.0,25088.0,0.6795050426580213,0.04822768878053929,0.04780249312732143,0.1834642391455139,0.24177792688949837,0.36022022032461615,0.6805,0.1805,0.35547388214486697,0.025403218579422293,0.41671569333369735,0.3727111277573133,True,1.0,reject,pre_step,drift_diffusion_then_jump,iid_bank,4,every_step,True,0.00021875,0.0051875,746.9950684458231,7748,0.00046747448979591835,0.988265306122449,0.0,0.0
LSC-CP-RA,"LSC-CP-RA (A=4), tamed",98886f115ea6a7a4c556fecc8bb0d7f3,8da7d73e85753d4e79f54062070fbc7b,True,1,196,0.98,169069121.61984944,21133.64020248118,196.0,25088.0,0.6436216501437543,0.042849333543692025,0.04242392021851449,0.17053945323711428,0.22611276021476284,0.32875221601284776,0.6695,0.16949999999999998,0.32390866678971914,0.01409998266829482,0.3148975693615766,0.10874221468740297,True,1.0,reject,pre_step,drift_diffusion_then_jump,iid_bank,4,every_step,True,0.00021875,0.0051875,746.9950684458231,7748,0.00046747448979591835,0.988265306122449,0.0,0.0
LSC-CP-RA,"LSC-CP-RA (A=4), tamed",98886f115ea6a7a4c556fecc8bb0d7f3,8da7d73e85753d4e79f54062070fbc7b,True,2,196,0.98,169069121.61984944,21133.64020248118,196.0,25088.0,0.7117581089867188,0.057364269709864746,0.05694498695702799,0.19636333791602234,0.26169080238386705,0.38641067070316126,0.6945,0.1945,0.3834037328713665,0.012428967501657118,0.4302155039800473,0.22957547047249605,True,1.0,reject,pre_step,drift_diffusion_then_jump,iid_bank,4,every_step,True,0.00021875,0.0051875,746.9950684458231,7748,0.00046747448979591835,0.988265306122449,0.0,0.0
LSC-CP-RA,"LSC-CP-RA (A=4), tamed",98886f115ea6a7a4c556fecc8bb0d7f3,8da7d73e85753d4e79f54062070fbc7b,True,3,196,0.98,169069121.61984944,21133.64020248118,196.0,25088.0,0.6747155580804511,0.04931408161794648,0.04889091408662727,0.18225040517677515,0.2414481250101499,0.354080282433502,0.681,0.18100000000000002,0.3463806748682319,0.0026594619776153516,0.33266760902794257,0.22760094170091694,True,1.0,reject,pre_step,drift_diffusion_then_jump,iid_bank,4,every_step,True,0.00021875,0.0051875,746.9950684458231,7748,0.00046747448979591835,0.988265306122449,0.0,0.0
LSC-CP-RA,"LSC-CP-RA (A=4), tamed",98886f115ea6a7a4c556fecc8bb0d7f3,8da7d73e85753d4e79f54062070fbc7b,True,0,200,1.0,172519511.85698923,21564.938982123655,200.0,25600.0,0.6609088257609496,0.045097481947344864,0.044671357054047456,0.17573207694567516,0.2320824108621114,0.3438250000077367,0.674,0.17400000000000002,0.33595265427650484,0.016785907164818648,0.35308548219277386,0.3386501390561715,True,1.0,reject,pre_step,drift_diffusion_then_jump,iid_bank,4,every_step,True,0.0006875,0.0058125,775.8291191798071,7934,0.000471875,0.99175,0.0,0.0
LSC-CP-RA,"LSC-CP-RA (A=4), tamed",98886f115ea6a7a4c556fecc8bb0d7f3,8da7d73e85753d4e79f54062070fbc7b,True,1,200,1.0,172519511.85698923,21564.938982123655,200.0,25600.0,0.6420919162042894,0.04141727772929915,0.04098911354738288,0.167957257011632,0.22342006590651486,0.3307883444403079,0.6675,0.16749999999999998,0.3222470097130694,0.010609868846468973,0.32538114317803624,0.27980772632235873,True,1.0,reject,pre_step,drift_diffusion_then_jump,iid_bank,4,every_step,True,0.0006875,0.0058125,775.8291191798071,7934,0.000471875,0.99175,0.0,0.0
LSC-CP-RA,"LSC-CP-RA (A=4), tamed",98886f115ea6a7a4c556fecc8bb0d7f3,8da7d73e85753d4e79f54062070fbc7b,True,2,200,1.0,172519511.85698923,21564.938982123655,200.0,25600.0,0.7012596977344847,0.055516832714085695,0.05509656388343043,0.19245642650793465,0.2571074076235362,0.3805464199473639,0.6910000000000001,0.19100000000000003,0.3752239363140216,0.013419894168260282,0.3639527396525313,0.2841669012712579,True,1.0,reject,pre_step,drift_diffusion_then_jump,iid_bank,4,every_step,True,0.0006875,0.0058125,775.8291191798071,7934,0.000471875,0.99175,0.0,0.0
LSC-CP-RA,"LSC-CP-RA (A=4), tamed",98886f115ea6a7a4c556fecc8bb0d7f3,8da7d73e85753d4e79f54062070fbc7b,True,3,200,1.0,172519511.85698923,21564.938982123655,200.0,25600.0,0.6757167198533889,0.04946137849420351,0.04903846198160022,0.18299114843849384,0.24203299160863634,0.3544900284188013,0.682,0.18200000000000002,0.34809834493870284,0.00012977472466124684,0.3428213830630901,0.20958381950358074,True,1.0,reject,pre_step,drift_diffusion_then_jump,iid_bank,4,every_step,True,0.0006875,0.0058125,775.8291191798071,7934,0.000471875,0.99175,0.0,0.0
LSC-CP-RA,"LSC-CP-RA (A=4), tamed",98886f115ea6a7a4c556fecc8bb0d7f3,8da7d73e85753d4e79f54062070fbc7b,True,0,204,1.02,175969902.09412903,21996.23776176613,204.0,26112.0,0.6536608797917199,0.04442331429793123,0.04399774566994241,0.17402755299782957,0.2299671337345567,0.3369127742226154,0.6735,0.1735,0.33175266289221755,0.00021897627120948115,0.33761226999754707,0.16785751248726022,True,1.0,reject,pre_step,drift_diffusion_then_jump,iid_bank,4,every_step,True,0.00053125,0.00421875,2174.755718641923,8069,0.0004730392156862745,0.9888480392156863,0.0,0.0
LSC-CP-RA,"LSC-CP-RA (A=4), tamed",98886f115ea6a7a4c556fecc8bb0d7f3,8da7d73e85753d4e79f54062070fbc7b,True,1,204,1.02,175969902.09412903,21996.23776176613,204.0,26112.0,0.6285415204609043,0.03988593455584166,0.03945930945922238,0.16594756703319136,0.2188317188589888,0.3158318297296516,0.665,0.165,0.31406391729880356,0.021794904597749687,0.31211203439749957,0.029793766190321036,True,1.0,reject,pre_step,drift_diffusion_then_jump,iid_bank,4,every_step,True,0.00053125,0.00421875,2174.755718641923,8069,0.0004730392156862745,0.9888480392156863,0.0,0.0
LSC-CP-RA,"LSC-CP-RA (A=4), tamed",98886f115ea6a7a4c556fecc8bb0d7f3,8da7d73e85753d4e79f54062070fbc7b,True,2,204,1.02,175969902.09412903,21996.23776176613,204.0,26112.0,0.693547690301745,0.05318187160977195,0.052760188229056926,0.18833888315851038,0.2513080304431727,0.3725437718020346,0.6865,0.1865,0.364497112783865,0.018568706529561774,0.32095952421214907,0.39978081783037955,True,1.0,reject,pre_step,drift_diffusion_then_jump,iid_bank,4,every_step,True,0.00053125,0.00421875,2174.755718641923,8069,0.0004730392156862745,0.9888480392156863,0.0,0.0
LSC-CP-RA,"LSC-CP-RA (A=4), tamed",98886f115ea6a7a4c556fecc8bb0d7f3,8da7d73e85753d4e79f54062070fbc7b,True,3,204,1.02,175969902.09412903,21996.23776176613,204.0,26112.0,0.6610743678303008,0.04653171429076175,0.04610741909601945,0.17805797202686174,0.2344962897923319,0.34246089467513063,0.677,0.17700000000000002,0.3364478408019379,0.0020139832776783217,0.31715990925569715,0.16552841876908098,True,1.0,reject,pre_step,drift_diffusion_then_jump,iid_bank,4,every_step,True,0.00053125,0.00421875,2174.755718641923,8069,0.0004730392156862745,0.9888480392156863,0.0,0.0
LSC-CP-RA,"LSC-CP-RA (A=4), tamed",98886f115ea6a7a4c556fecc8bb0d7f3,8da7d73e85753d4e79f54062070fbc7b,True,0,208,1.04,179420292.33126882,22427.5365414086,208.0,26624.0,0.6437958367144588,0.04212633214355366,0.041699377961451733,0.16994512772609105,0.22483656176577255,0.3301771190588809,0.6685,0.16849999999999998,0.32545819804702747,0.003562027133681367,0.3226999653689259,0.16671406521786258,True,1.0,reject,pre_step,drift_diffusion_then_jump,iid_bank,4,every_step,True,0.0005625000000000001,0.00534375,3426.122440413462,8240,0.0004747596153846154,0.9903846153846154,0.0,0.0
LSC-CP-RA,"LSC-CP-RA (A=4), tamed",98886f115ea6a7a4c556fecc8bb0d7f3,8da7d73e85753d4e79f54062070fbc7b,True,1,208,1.04,179420292.33126882,22427.5365414086,208.0,26624.0,0.6207817234406569,0.03692512126855518,0.03649570001535862,0.16161706503139622,0.21207291646930534,0.31088685703044583,0.66,0.16,0.30766787523184025,0.0038716942013636846,0.3494491474048827,0.1837840915591108,True,1.0,reject,pre_step,drift_diffusion_then_jump,iid_bank,4,every_step,True,0.0005625000000000001,0.00534375,3426.122440413462,8240,0.0004747596153846154,0.9903846153846154,0.0,0.0
LSC-CP-RA,"LSC-CP-RA (A=4), tamed",98886f115ea6a7a4c556fecc8bb0d7f3,8da7d73e85753d4e79f54062070fbc7b,True,2,208,1.04,179420292.33126882,22427.5365414086,208.0,26624.0,0.6824426771108444,0.05114969899219424,0.05072725746216,0.18481843556562666,0.24780929374716174,0.3650268546761082,0.6835,0.1835,0.36136712313818486,0.006243054488689004,0.38328760508960885,0.14240954252701343,True,1.0,reject,pre_step,drift_diffusion_then_jump,iid_bank,4,every_step,True,0.0005625000000000001,0.00534375,3426.122440413462,8240,0.0004747596153846154,0.9903846153846154,0.0,0.0
LSC-CP-RA,"LSC-CP-RA (A=4), tamed",98886f115ea6a7a4c556fecc8bb0d7f3,8da7d73e85753d4e79f54062070fbc7b,True,3,208,1.04,179420292.33126882,22427.5365414086,208.0,26624.0,0.6549237151974802,0.04398994142474488,0.0435637573063864,0.17389735508008192,0.2302279909093094,0.3378759065842615,0.6735,0.1735,0.33575936047239424,0.005099291450347265,0.37648587590379695,0.19869933209808688,True,1.0,reject,pre_step,drift_diffusion_then_jump,iid_bank,4,every_step,True,0.0005625000000000001,0.00534375,3426.122440413462,8240,0.0004747596153846154,0.9903846153846154,0.0,0.0
LSC-CP-RA,"LSC-CP-RA (A=4), tamed",98886f115ea6a7a4c556fecc8bb0d7f3,8da7d73e85753d4e79f54062070fbc7b,True,0,212,1.06,182870682.5684086,22858.835321051076,212.0,27136.0,0.6344048284791087,0.03876120378628678,0.03833085249587942,0.1639153318937393,0.21724481519085892,0.3255523403246161,0.663,0.163,0.31754963241611783,0.026235318079864123,0.32128599782312,0.34880760620676454,True,1.0,reject,pre_step,drift_diffusion_then_jump,iid_bank,4,every_step,True,0.0003125,0.004843750000000001,716.032696557129,8395,0.0004716981132075472,0.9899764150943396,0.0,0.0
LSC-CP-RA,"LSC-CP-RA (A=4), tamed",98886f115ea6a7a4c556fecc8bb0d7f3,8da7d73e85753d4e79f54062070fbc7b,True,1,212,1.06,182870682.5684086,22858.835321051076,212.0,27136.0,0.5997014490521277,0.03304659103661578,0.032615554251047674,0.15327473432893501,0.2014102612799586,0.29362668631021027,0.653,0.153,0.2934192072143513,0.00861825049609477,0.34707012499763423,0.1670220413405611,True,1.0,reject,pre_step,drift_diffusion_then_jump,iid_bank,4,every_step,True,0.0003125,0.004843750000000001,716.032696557129,8395,0.0004716981132075472,0.9899764150943396,0.0,0.0
LSC-CP-RA,"LSC-CP-RA (A=4), tamed",98886f115ea6a7a4c556fecc8bb0d7f3,8da7d73e85753d4e79f54062070fbc7b,True,2,212,1.06,182870682.5684086,22858.835321051076,212.0,27136.0,0.6849618538575883,0.050640342451799936,0.050217599928676804,0.18467950905057834,0.24799847875080275,0.36699800747880434,0.684,0.18400000000000002,0.36625651194455516,0.008302027769919618,0.44385865281445286,0.22703150231047708,True,1.0,reject,pre_step,drift_diffusion_then_jump,iid_bank,4,every_step,True,0.0003125,0.004843750000000001,716.032696557129,8395,0.0004716981132075472,0.9899764150943396,0.0,0.0
LSC-CP-RA,"LSC-CP-RA (A=4), tamed",98886f115ea6a7a4c556fecc8bb0d7f3,8da7d73e85753d4e79f54062070fbc7b,True,3,212,1.06,182870682.5684086,22858.835321051076,212.0,27136.0,0.6426362874036958,0.04227511776029391,0.041848600519673984,0.16971515737062226,0.22484367073579856,0.32799575667610825,0.6685,0.16849999999999998,0.32341144834979973,0.004198088468684524,0.31185314668399494,0.11496226530790687,True,1.0,reject,pre_step,drift_diffusion_then_jump,iid_bank,4,every_step,True,0.0003125,0.004843750000000001,716.032696557129,8395,0.0004716981132075472,0.9899764150943396,0.0,0.0
LSC-CP-RA,"LSC-CP-RA (A=4), tamed",98886f115ea6a7a4c556fecc8bb0d7f3,8da7d73e85753d4e79f54062070fbc7b,True,0,217,1.085,187183670.36483333,23397.958795604165,217.0,27776.0,0.6173861861496914,0.036658756469615694,0.03622920089893911,0.16060262365235456,0.2108787136967975,0.3094366056086453,0.659,0.159,0.30693098327382956,0.0005183672372778281,0.3312762143657486,0.15042845712543407,True,1.0,reject,pre_step,drift_diffusion_then_jump,iid_bank,4,every_step,True,0.0006000000000000001,0.004775000000000001,860.0752125826125,8586,0.0004746543778801843,0.9891705069124423,0.0,0.0
LSC-CP-RA,"LSC-CP-RA (A=4), tamed",98886f115ea6a7a4c556fecc8bb0d7f3,8da7d73e85753d4e79f54062070fbc7b,True,1,217,1.085,187183670.36483333,23397.958795604165,217.0,27776.0,0.5944546811371237,0.032228923205044446,0.03179694425881141,0.15001440737855487,0.1978920993135681,0.2898732739672054,0.6495,0.14949999999999997,0.2830417022312241,0.0033147627146010716,0.27415250740131364,0.1927980912501076,True,1.0,reject,pre_step,drift_diffusion_then_jump,iid_bank,4,every_step,True,0.0006000000000000001,0.004775000000000001,860.0752125826125,8586,0.0004746543778801843,0.9891705069124423,0.0,0.0
LSC-CP-RA,"LSC-CP-RA (A=4), tamed",98886f115ea6a7a4c556fecc8bb0d7f3,8da7d73e85753d4e79f54062070fbc7b,True,2,217,1.085,187183670.36483333,23397.958795604165,217.0,27776.0,0.6806012674421725,0.05009609596476783,0.0496732004660656,0.18253565312639264,0.2451953817766513,0.3615514831318012,0.682,0.18200000000000002,0.3567563449376384,0.006549493065198142,0.38084618862407027,0.21267632110215595,True,1.0,reject,pre_step,drift_diffusion_then_jump,iid_bank,4,every_step,True,0.0006000000000000001,0.004775000000000001,860.0752125826125,8586,0.0004746543778801843,0.9891705069124423,0.0,0.0
LSC-CP-RA,"LSC-CP-RA (A=4), tamed",98886f115ea6a7a4c556fecc8bb0d7f3,8da7d73e85753d4e79f54062070fbc7b,True,3,217,1.085,187183670.36483333,23397.958795604165,217.0,27776.0,0.6361150477298237,0.03932889969220177,0.038900000872367446,0.16509663682219933,0.21870952979273417,0.32115310423533655,0.664,0.164,0.3176209474508566,0.010891144267865971,0.3607140591040924,0.2577523857808285,True,1.0,reject,pre_step,drift_diffusion_then_jump,iid_bank,4,every_step,True,0.0006000000000000001,0.004775000000000001,860.0752125826125,8586,0.0004746543778801843,0.9891705069124423,0.0,0.0
LSC-CP-RA,"LSC-CP-RA (A=4), tamed",98886f115ea6a7a4c556fecc8bb0d7f3,8da7d73e85753d4e79f54062070fbc7b,True,0,221,1.105,190634060.60197312,23829.25757524664,221.0,28288.0,0.609478888985238,0.034890293316250265,0.03445906107878871,0.1561206189114181,0.20626515514206237,0.3051501332464558,0.655,0.155,0.30024769152937253,0.007635848180561733,0.31685165623905265,0.2090359030160761,True,1.0,reject,pre_step,drift_diffusion_then_jump,iid_bank,4,every_step,True,0.00053125,0.004656250000000001,867.2944048692436,8735,0.0004756787330316742,0.9881221719457014,0.0,0.0
LSC-CP-RA,"LSC-CP-RA (A=4), tamed",98886f115ea6a7a4c556fecc8bb0d7f3,8da7d73e85753d4e79f54062070fbc7b,True,1,221,1.105,190634060.60197312,23829.25757524664,221.0,28288.0,0.5863348040729917,0.03063412591071113,0.030201507154190232,0.1474170055438972,0.19457654023832274,0.285939545608516,0.646,0.14600000000000002,0.28138801134033237,0.004596023654050763,0.31769896146612814,0.1989422750646307,True,1.0,reject,pre_step,drift_diffusion_then_jump,iid_bank,4,every_step,True,0.00053125,0.004656250000000001,867.2944048692436,8735,0.0004756787330316742,0.9881221719457014,0.0,0.0
LSC-CP-RA,"LSC-CP-RA (A=4), tamed",98886f115ea6a7a4c556fecc8bb0d7f3,8da7d73e85753d4e79f54062070fbc7b,True,2,221,1.105,190634060.60197312,23829.25757524664,221.0,28288.0,0.6670511945192733,0.04760799386160064,0.04718435539166499,0.17917287089698197,0.23898790138230008,0.35080312811379566,0.6765,0.1765,0.3459241499723749,0.003368886224130452,0.35524934800186725,0.13050656802139937,True,1.0,reject,pre_step,drift_diffusion_then_jump,iid_bank,4,every_step,True,0.00053125,0.004656250000000001,867.2944048692436,8735,0.0004756787330316742,0.9881221719457014,0.0,0.0
LSC-CP-RA,"LSC-CP-RA (A=4), tamed",98886f115ea6a7a4c556fecc8bb0d7f3,8da7d73e85753d4e79f54062070fbc7b,True,3,221,1.105,190634060.60197312,23829.25757524664,221.0,28288.0,0.6175828884865939,0.03614126132669038,0.03571166031306894,0.15989934439065828,0.20994430297997801,0.3056133987763144,0.657,0.157,0.30256630957547936,0.0048870980863633395,0.31966752212409566,0.10805157227690698,True,1.0,reject,pre_step,drift_diffusion_then_jump,iid_bank,4,every_step,True,0.00053125,0.004656250000000001,867.2944048692436,8735,0.0004756787330316742,0.9881221719457014,0.0,0.0
LSC-CP-RA,"LSC-CP-RA (A=4), tamed",98886f115ea6a7a4c556fecc8bb0d7f3,8da7d73e85753d4e79f54062070fbc7b,True,0,225,1.125,194084450.8391129,24260.556354889115,225.0,28800.0,0.6115918329282743,0.03572316391554975,0.03529257762183158,0.1583379241528579,0.20825252298625696,0.3066755863246161,0.657,0.157,0.30275817223042584,0.0020592323748735986,0.30658134262566034,0.11400997131048485,True,1.0,reject,pre_step,drift_diffusion_then_jump,iid_bank,4,every_step,True,0.00053125,0.0054687500000000005,1595.9235192452147,8910,0.0004766666666666667,0.99,0.0,0.0
LSC-CP-RA,"LSC-CP-RA (A=4), tamed",98886f115ea6a7a4c556fecc8bb0d7f3,8da7d73e85753d4e79f54062070fbc7b,True,1,225,1.125,194084450.8391129,24260.556354889115,225.0,28800.0,0.5706908618784402,0.02848654227277292,0.028053183324960096,0.14199877039740488,0.18790572919244727,0.27569718488744765,0.6405,0.14049999999999999,0.27134873917091046,0.010313608868427249,0.28095669362105513,0.13182381785845265,True,1.0,reject,pre_step,drift_diffusion_then_jump,iid_bank,4,every_step,True,0.00053125,0.0054687500000000005,1595.9235192452147,8910,0.0004766666666666667,0.99,0.0,0.0
LSC-CP-RA,"LSC-CP-RA (A=4), tamed",98886f115ea6a7a4c556fecc8bb0d7f3,8da7d73e85753d4e79f54062070fbc7b,True,2,225,1.125,194084450.8391129,24260.556354889115,225.0,28800.0,0.6488956910389283,0.044073755220185196,0.04364870910021312,0.1737576662508865,0.22986882048509782,0.3349982276353204,0.6705,0.17049999999999998,0.3308758644647246,0.011080441175498557,0.3163889167125697,0.027797188985950627,True,1.0,reject,pre_step,drift_diffusion_then_jump,iid_bank,4,every_step,True,0.00053125,0.0054687500000000005,1595.9235192452147,8910,0.0004766666666666667,0.99,0.0,0.0
LSC-CP-RA,"LSC-CP-RA (A=4), tamed",98886f115ea6a7a4c556fecc8bb0d7f3,8da7d73e85753d4e79f54062070fbc7b,True,3,225,1.125,194084450.8391129,24260.556354889115,225.0,28800.0,0.5928166841225523,0.03177768298076611,0.03134498420912146,0.15028328109573813,0.19556436035184638,0.2863241523734162,0.648,0.14800000000000002,0.27625264399765087,0.006362252250476819,0.23509460911252997,0.20766489719763237,True,1.0,reject,pre_step,drift_diffusion_then_jump,iid_bank,4,every_step,True,0.00053125,0.0054687500000000005,1595.9235192452147,8910,0.0004766666666666667,0.99,0.0,0.0
LSC-CP-RA,"LSC-CP-RA (A=4), tamed",98886f115ea6a7a4c556fecc8bb0d7f3,8da7d73e85753d4e79f54062070fbc7b,True,0,229,1.145,197534841.07625267,24691.855134531583,229.0,29312.0,0.6115438820943462,0.03527465254211282,0.03484376993981764,0.1563752429385321,0.20789064073159239,0.3062076116394153,0.656,0.156,0.3031318629620608,0.004617897768650736,0.33363621385506215,0.17749470677049406,True,1.0,reject,pre_step,drift_diffusion_then_jump,iid_bank,4,every_step,True,0.0005,0.0053437499999999995,714.5952846439241,9081,0.00047707423580786024,0.9913755458515284,0.0,0.0
LSC-CP-RA,"LSC-CP-RA (A=4), tamed",98886f115ea6a7a4c556fecc8bb0d7f3,8da7d73e85753d4e79f54062070fbc7b,True,1,229,1.145,197534841.07625267,24691.855134531583,229.0,29312.0,0.5637379188787109,0.02613874857359333,0.025702722214346996,0.13711441249440798,0.18175997635295638,0.27237375627113136,0.636,0.136,0.26577332537771664,0.010618357136012113,0.30620241284126365,0.3398584727976829,True,1.0,reject,pre_step,drift_diffusion_then_jump,iid_bank,4,every_step,True,0.0005,0.0053437499999999995,714.5952846439241,9081,0.00047707423580786024,0.9913755458515284,0.0,0.0
LSC-CP-RA,"LSC-CP-RA (A=4), tamed",98886f115ea6a7a4c556fecc8bb0d7f3,8da7d73e85753d4e79f54062070fbc7b,True,2,229,1.145,197534841.07625267,24691.855134531583,229.0,29312.0,0.6537320981919743,0.042919290634005236,0.04249224604037649,0.17273697099062152,0.228223235207207,0.33721758848401695,0.6695,0.16949999999999998,0.3315408210906757,0.012919848602252704,0.34743559602317386,0.2717626337135818,True,1.0,reject,pre_step,drift_diffusion_then_jump,iid_bank,4,every_step,True,0.0005,0.0053437499999999995,714.5952846439241,9081,0.00047707423580786024,0.9913755458515284,0.0,0.0
LSC-CP-RA,"LSC-CP-RA (A=4), tamed",98886f115ea6a7a4c556fecc8bb0d7f3,8da7d73e85753d4e79f54062070fbc7b,True,3,229,1.145,197534841.07625267,24691.855134531583,229.0,29312.0,0.5907353658119487,0.030838013636205863,0.03040485449458341,0.146910187227541,0.19446403869395043,0.2868575880013574,0.646,0.14600000000000002,0.28043638729673787,0.007785860041526926,0.27029380186563984,0.22956348011667893,True,1.0,reject,pre_step,drift_diffusion_then_jump,iid_bank,4,every_step,True,0.0005,0.0053437499999999995,714.5952846439241,9081,0.00047707423580786024,0.9913755458515284,0.0,0.0
LSC-CP-RA,"LSC-CP-RA (A=4), tamed",98886f115ea6a7a4c556fecc8bb0d7f3,8da7d73e85753d4e79f54062070fbc7b,True,0,233,1.165,200985231.31339246,25123.153914174058,233.0,29824.0,0.6146677939945003,0.03581785374557345,0.03538698425878073,0.15829689468194258,0.2088846405995051,0.3092768372732694,0.657,0.157,0.3031676320054794,0.009091281842792509,0.3220317915369308,0.2630792715063687,True,1.0,reject,pre_step,drift_diffusion_then_jump,iid_bank,4,every_step,True,0.0004375,0.00428125,877.6427684331321,9218,0.0004763948497854077,0.9890557939914163,0.0,0.0
LSC-CP-RA,"LSC-CP-RA (A=4), tamed",98886f115ea6a7a4c556fecc8bb0d7f3,8da7d73e85753d4e79f54062070fbc7b,True,1,233,1.165,200985231.31339246,25123.153914174058,233.0,29824.0,0.5507913893402823,0.02522146560369276,0.024785092811066778,0.1344769720026922,0.17757937991725933,0.26386368530833504,0.6335000000000001,0.13350000000000004,0.2569806397082327,0.004617207998741213,0.2573420107522202,0.22679698724420094,True,1.0,reject,pre_step,drift_diffusion_then_jump,iid_bank,4,every_step,True,0.0004375,0.00428125,877.6427684331321,9218,0.0004763948497854077,0.9890557939914163,0.0,0.0
LSC-CP-RA,"LSC-CP-RA (A=4), tamed",98886f115ea6a7a4c556fecc8bb0d7f3,8da7d73e85753d4e79f54062070fbc7b,True,2,233,1.165,200985231.31339246,25123.153914174058,233.0,29824.0,0.6464369035853186,0.041834284342953554,0.04140736637345499,0.1714250224612463,0.2257914300612328,0.33157064983896534,0.6685,0.16849999999999998,0.3300489337992978,0.0018019188131895847,0.3866678965574972,0.18700758993231925,True,1.0,reject,pre_step,drift_diffusion_then_jump,iid_bank,4,every_step,True,0.0004375,0.00428125,877.6427684331321,9218,0.0004763948497854077,0.9890557939914163,0.0,0.0
LSC-CP-RA,"LSC-CP-RA (A=4), tamed",98886f115ea6a7a4c556fecc8bb0d7f3,8da7d73e85753d4e79f54062070fbc7b,True,3,233,1.165,200985231.31339246,25123.153914174058,233.0,29824.0,0.579797922013601,0.02953317970847602,0.029099567998373987,0.14482250898004473,0.19078642409004248,0.2793608404097644,0.644,0.14400000000000002,0.2751412240586522,0.0010792087946517315,0.28348103260361573,0.11788111318321548,True,1.0,reject,pre_step,drift_diffusion_then_jump,iid_bank,4,every_step,True,0.0004375,0.00428125,877.6427684331321,9218,0.0004763948497854077,0.9890557939914163,0.0,0.0
LSC-CP-RA,"LSC-CP-RA (A=4), tamed",98886f115ea6a7a4c556fecc8bb0d7f3,8da7d73e85753d4e79f54062070fbc7b,True,0,238,1.19,205298219.1098172,25662.27738872715,238.0,30464.0,0.6145963694329672,0.036737752412663194,0.03630846325034198,0.159964938403086,0.21043907812473003,0.30807048444936463,0.6585,0.15849999999999997,0.30346931301403557,0.005587954522701,0.29278690465676893,0.1533513142027293,True,1.0,reject,pre_step,drift_diffusion_then_jump,iid_bank,4,every_step,True,0.0004500000000000001,0.004725000000000001,815.6114811139025,9407,0.00047584033613445376,0.9881302521008404,0.0,0.0
LSC-CP-RA,"LSC-CP-RA (A=4), tamed",98886f115ea6a7a4c556fecc8bb0d7f3,8da7d73e85753d4e79f54062070fbc7b,True,1,238,1.19,205298219.1098172,25662.27738872715,238.0,30464.0,0.5463156616519578,0.024127030009341355,0.023690485371032244,0.13285203079901764,0.1743962867141324,0.25700416122458575,0.631,0.131,0.2527248371630786,0.0010402553749669918,0.2671582249768352,0.19316425730512787,True,1.0,reject,pre_step,drift_diffusion_then_jump,iid_bank,4,every_step,True,0.0004500000000000001,0.004725000000000001,815.6114811139025,9407,0.00047584033613445376,0.9881302521008404,0.0,0.0
LSC-CP-RA,"LSC-CP-RA (A=4), tamed",98886f115ea6a7a4c556fecc8bb0d7f3,8da7d73e85753d4e79f54062070fbc7b,True,2,238,1.19,205298219.1098172,25662.27738872715,238.0,30464.0,0.6282001884889595,0.03868047297717159,0.03825211141970597,0.16436015578989505,0.21612740203066833,0.31606611257523287,0.6625,0.16249999999999998,0.31286857307311694,0.0023157187242726085,0.3296713007433492,0.16177653407629233,True,1.0,reject,pre_step,drift_diffusion_then_jump,iid_bank,4,every_step,True,0.0004500000000000001,0.004725000000000001,815.6114811139025,9407,0.00047584033613445376,0.9881302521008404,0.0,0.0
LSC-CP-RA,"LSC-CP-RA (A=4), tamed",98886f115ea6a7a4c556fecc8bb0d7f3,8da7d73e85753d4e79f54062070fbc7b,True,3,238,1.19,205298219.1098172,25662.27738872715,238.0,30464.0,0.5579378206308105,0.025806624776905873,0.02537128116671572,0.13538088058267456,0.17947916300799618,0.26376499051558033,0.635,0.135,0.259167694958087,0.002171186793443969,0.2707250319919194,0.17441232947652574,True,1.0,reject,pre_step,drift_diffusion_then_jump,iid_bank,4,every_step,True,0.0004500000000000001,0.004725000000000001,815.6114811139025,9407,0.00047584033613445376,0.9881302521008404,0.0,0.0
LSC-CP-RA,"LSC-CP-RA (A=4), tamed",98886f115ea6a7a4c556fecc8bb0d7f3,8da7d73e85753d4e79f54062070fbc7b,True,0,242,1.21,208748609.346957,26093.576168369626,242.0,30976.0,0.6033558336317741,0.03418362087354576,0.03375294705968501,0.15523717730587966,0.20351476337172902,0.2968766679631665,0.6535,0.15349999999999997,0.2926008038085648,0.005533637124966795,0.29543804904164345,0.1695562854522853,True,1.0,reject,pre_step,drift_diffusion_then_jump,iid_bank,4,every_step,True,0.00075,0.00540625,888.06208425019,9580,0.00048037190082644626,0.9896694214876033,0.0,0.0
LSC-CP-RA,"LSC-CP-RA (A=4), tamed",98886f115ea6a7a4c556fecc8bb0d7f3,8da7d73e85753d4e79f54062070fbc7b,True,1,242,1.21,208748609.346957,26093.576168369626,242.0,30976.0,0.5404034971208037,0.023148567943272136,0.022711263895008993,0.12951917826250137,0.17049448682131044,0.2522050666431811,0.629,0.129,0.24579769138249236,0.0030069332959042905,0.2580111974302853,0.2694916667492978,True,1.0,reject,pre_step,drift_diffusion_then_jump,iid_bank,4,every_step,True,0.00075,0.00540625,888.06208425019,9580,0.00048037190082644626,0.9896694214876033,0.0,0.0
LSC-CP-RA,"LSC-CP-RA (A=4), tamed",98886f115ea6a7a4c556fecc8bb0d7f3,8da7d73e85753d4e79f54062070fbc7b,True,2,242,1.21,208748609.346957,26093.576168369626,242.0,30976.0,0.6155068320704441,0.03504608422835931,0.034614498277800276,0.156444490731666,0.20714759893013043,0.3064371488959349,0.656,0.156,0.3017313344582845,0.01649724695374244,0.3427270293860907,0.30952984579231735,True,1.0,reject,pre_step,drift_diffusion_then_jump,iid_bank,4,every_step,True,0.00075,0.00540625,888.06208425019,9580,0.00048037190082644626,0.9896694214876033,0.0,0.0
LSC-CP-RA,"LSC-CP-RA (A=4), tamed",98886f115ea6a7a4c556fecc8bb0d7f3,8da7d73e85753d4e79f54062070fbc7b,True,3,242,1.21,208748609.346957,26093.576168369626,242.0,30976.0,0.5512076448288793,0.02458593550843602,0.024149530727439972,0.13368856326429734,0.17553905137700831,0.2591798492399019,0.6315000000000001,0.13150000000000003,0.25259047370297205,0.0028599484775192474,0.24520434951933698,0.2154941610678539,True,1.0,reject,pre_step,drift_diffusion_then_jump,iid_bank,4,every_step,True,0.00075,0.00540625,888.06208425019,9580,0.00048037190082644626,0.9896694214876033,0.0,0.0
LSC-CP-RA,"LSC-CP-RA (A=4), tamed",98886f115ea6a7a4c556fecc8bb0d7f3,8da7d73e85753d4e79f54062070fbc7b,True,0,246,1.23,212198999.58409676,26524.874948012093,246.0,31488.0,0.5923364810892985,0.032133301234287925,0.031701654166987114,0.15000523079407274,0.1983482198629107,0.28927756901893015,0.648,0.14800000000000002,0.2839084548139724,0.00902778632189949,0.28568908406322424,0.10971195450013982,True,1.0,reject,pre_step,drift_diffusion_then_jump,iid_bank,4,every_step,True,0.00065625,0.0045000000000000005,851.4206059326133,9724,0.00048323170731707317,0.9882113821138211,0.0,0.0
LSC-CP-RA,"LSC-CP-RA (A=4), tamed",98886f115ea6a7a4c556fecc8bb0d7f3,8da7d73e85753d4e79f54062070fbc7b,True,1,246,1.23,212198999.58409676,26524.874948012093,246.0,31488.0,0.5260582575684725,0.0218477322289109,0.021410500392886833,0.12661054714680892,0.16603853930152843,0.24138908554896193,0.6255000000000001,0.12550000000000003,0.23900069724344264,0.01151535341176435,0.24696849502452606,0.04839031738729804,True,1.0,reject,pre_step,drift_diffusion_then_jump,iid_bank,4,every_step,True,0.00065625,0.0045000000000000005,851.4206059326133,9724,0.00048323170731707317,0.9882113821138211,0.0,0.0
LSC-CP-RA,"LSC-CP-RA (A=4), tamed",98886f115ea6a7a4c556fecc8bb0d7f3,8da7d73e85753d4e79f54062070fbc7b,True,2,246,1.23,212198999.58409676,26524.874948012093,246.0,31488.0,0.607340295705734,0.03342993269481309,0.032997906766653595,0.1534217820765431,0.20350795257357085,0.3002186351034264,0.653,0.153,0.29826406748184914,0.008621981396834899,0.35634470173731403,0.23396868380611358,True,1.0,reject,pre_step,drift_diffusion_then_jump,iid_bank,4,every_step,True,0.00065625,0.0045000000000000005,851.4206059326133,9724,0.00048323170731707317,0.9882113821138211,0.0,0.0
LSC-CP-RA,"LSC-CP-RA (A=4), tamed",98886f115ea6a7a4c556fecc8bb0d7f3,8da7d73e85753d4e79f54062070fbc7b,True,3,246,1.23,212198999.58409676,26524.874948012093,246.0,31488.0,0.5453749326000704,0.02308962844898943,0.022652256230109247,0.13140388355668353,0.17151587608300506,0.25344376170968674,0.629,0.129,0.24987282202850924,0.00643158099109542,0.2940605548556013,0.27767759586741236,True,1.0,reject,pre_step,drift_diffusion_then_jump,iid_bank,4,every_step,True,0.00065625,0.0045000000000000005,851.4206059326133,9724,0.00048323170731707317,0.9882113821138211,0.0,0.0
LSC-CP-RA,"LSC-CP-RA (A=4), tamed",98886f115ea6a7a4c556fecc8bb0d7f3,8da7d73e85753d4e79f54062070fbc7b,True,0,250,1.25,215649389.82123655,26956.17372765457,250.0,32000.0,0.5909909384954932,0.030248177631354567,0.029814846861166977,0.14900485792882362,0.19549603938066645,0.2884251652692765,0.6455,0.1455,0.2877280575866258,0.0030092646351179697,0.3608071999996689,0.21522387444450042,True,1.0,reject,pre_step,drift_diffusion_then_jump,iid_bank,4,every_step,True,0.00078125,0.004843750000000001,771.8087369874347,9879,0.000488,0.9879,0.0,0.0
LSC-CP-RA,"LSC-CP-RA (A=4), tamed",98886f115ea6a7a4c556fecc8bb0d7f3,8da7d73e85753d4e79f54062070fbc7b,True,1,250,1.25,215649389.82123655,26956.17372765457,250.0,32000.0,0.5338517967359774,0.02207800257523196,0.021640465711312507,0.12896757919803858,0.16685279500148095,0.24362675937882833,0.6265000000000001,0.12650000000000003,0.2398249338754554,0.00244936626989678,0.24980047291153748,0.1461263500193154,True,1.0,reject,pre_step,drift_diffusion_then_jump,iid_bank,4,every_step,True,0.00078125,0.004843750000000001,771.8087369874347,9879,0.000488,0.9879,0.0,0.0
LSC-CP-RA,"LSC-CP-RA (A=4), tamed",98886f115ea6a7a4c556fecc8bb0d7f3,8da7d73e85753d4e79f54062070fbc7b,True,2,250,1.25,215649389.82123655,26956.17372765457,250.0,32000.0,0.5958732760884764,0.03313717284735895,0.0327056757202735,0.1518752587265081,0.20010613240163952,0.29254181977630445,0.6505,0.15049999999999997,0.28524487297238216,0.00459275465379505,0.25568089507003233,0.09494071562708706,True,1.0,reject,pre_step,drift_diffusion_then_jump,iid_bank,4,every_step,True,0.00078125,0.004843750000000001,771.8087369874347,9879,0.000488,0.9879,0.0,0.0
LSC-CP-RA,"LSC-CP-RA (A=4), tamed",98886f115ea6a7a4c556fecc8bb0d7f3,8da7d73e85753d4e79f54062070fbc7b,True,3,250,1.25,215649389.82123655,26956.17372765457,250.0,32000.0,0.5237620920174612,0.02140277109569466,0.020965214258060416,0.1265580281228711,0.16375380089577543,0.23828161225914188,0.624,0.124,0.23452403745422312,0.008027934085259592,0.21509484171340346,0.07040197257686487,True,1.0,reject,pre_step,drift_diffusion_then_jump,iid_bank,4,every_step,True,0.00078125,0.004843750000000001,771.8087369874347,9879,0.000488,0.9879,0.0,0.0
LSC-CP-RA,"LSC-CP-RA (A=4), tamed",98886f115ea6a7a4c556fecc8bb0d7f3,8da7d73e85753d4e79f54062070fbc7b,True,0,280,1.4000000000000001,241527316.59978494,30190.914574973118,280.0,35840.0,0.5466936034834194,0.024461189155105423,0.024025128306547128,0.1331642214954482,0.17593713537490677,0.25936541592155105,0.6305000000000001,0.13050000000000003,0.255960158249812,0.005315973629242854,0.2564592845377024,0.09923685700150975,True,1.0,reject,pre_step,drift_diffusion_then_jump,iid_bank,4,every_step,True,0.0005083333333333335,0.005250000000000001,3549.6755944599367,11139,0.0004901785714285714,0.9945535714285715,0.0,0.0
LSC-CP-RA,"LSC-CP-RA (A=4), tamed",98886f115ea6a7a4c556fecc8bb0d7f3,8da7d73e85753d4e79f54062070fbc7b,True,1,280,1.4000000000000001,241527316.59978494,30190.914574973118,280.0,35840.0,0.478010605476993,0.015803580182854993,0.015362780730395098,0.11003949219330361,0.14336718653313898,0.2103211728364716,0.609,0.10899999999999999,0.2068199458194926,0.008618565039027248,0.21564193478214208,0.10611834012969268,True,1.0,reject,pre_step,drift_diffusion_then_jump,iid_bank,4,every_step,True,0.0005083333333333335,0.005250000000000001,3549.6755944599367,11139,0.0004901785714285714,0.9945535714285715,0.0,0.0
LSC-CP-RA,"LSC-CP-RA (A=4), tamed",98886f115ea6a7a4c556fecc8bb0d7f3,8da7d73e85753d4e79f54062070fbc7b,True,2,280,1.4000000000000001,241527316.59978494,30190.914574973118,280.0,35840.0,0.5396051112085531,0.022199032765975235,0.021760223436462778,0.12788263218513374,0.16751247708490735,0.2508542121737605,0.6255000000000001,0.12550000000000003,0.2405142976444311,0.018922773102293844,0.2299075088008436,0.365103731643727,True,1.0,reject,pre_step,drift_diffusion_then_jump,iid_bank,4,every_step,True,0.0005083333333333335,0.005250000000000001,3549.6755944599367,11139,0.0004901785714285714,0.9945535714285715,0.0,0.0
LSC-CP-RA,"LSC-CP-RA (A=4), tamed",98886f115ea6a7a4c556fecc8bb0d7f3,8da7d73e85753d4e79f54062070fbc7b,True,3,280,1.4000000000000001,241527316.59978494,30190.914574973118,280.0,35840.0,0.49211243793191384,0.016008049158364512,0.015565452010394276,0.10947979961281668,0.14426801776853912,0.2182358291118703,0.608,0.10799999999999998,0.20531719953634425,0.024179005904292228,0.1934144466099122,0.41868078258841257,True,1.0,reject,pre_step,drift_diffusion_then_jump,iid_bank,4,every_step,True,0.0005083333333333335,0.005250000000000001,3549.6755944599367,11139,0.0004901785714285714,0.9945535714285715,0.0,0.0
LSC-CP-RA,"LSC-CP-RA (A=4), tamed",98886f115ea6a7a4c556fecc8bb0d7f3,8da7d73e85753d4e79f54062070fbc7b,True,0,309,1.545,266542645.81904837,33317.83072738105,309.0,39552.0,0.529452934031061,0.021160190056518813,0.020721528356120178,0.12420376973940117,0.1637592428502226,0.2438856870152669,0.6225,0.12250000000000003,0.23320722185427445,0.01186587901315106,0.20934807268802386,0.3472439490809579,True,1.0,reject,pre_step,drift_diffusion_then_jump,iid_bank,4,every_step,True,0.00040517241379310354,0.004969827586206899,1790.114129623879,12292,0.00048220064724919094,0.9944983818770227,0.0,0.0
LSC-CP-RA,"LSC-CP-RA (A=4), tamed",98886f115ea6a7a4c556fecc8bb0d7f3,8da7d73e85753d4e79f54062070fbc7b,True,1,309,1.545,266542645.81904837,33317.83072738105,309.0,39552.0,0.42748385039864084,0.010123030750026185,0.009677194343765239,0.09082765144315125,0.11736459476638313,0.1786302298928422,0.588,0.08799999999999997,0.1665473436698588,0.018276501488097896,0.14854863588984293,0.3434894627125088,True,1.0,reject,pre_step,drift_diffusion_then_jump,iid_bank,4,every_step,True,0.00040517241379310354,0.004969827586206899,1790.114129623879,12292,0.00048220064724919094,0.9944983818770227,0.0,0.0
LSC-CP-RA,"LSC-CP-RA (A=4), tamed",98886f115ea6a7a4c556fecc8bb0d7f3,8da7d73e85753d4e79f54062070fbc7b,True,2,309,1.545,266542645.81904837,33317.83072738105,309.0,39552.0,0.4698516619187664,0.014388964147281302,0.013947239565997416,0.10715098253816957,0.13722494231911783,0.2004032713993838,0.6055,0.10550000000000001,0.19757161947075924,0.0017219379370865262,0.21854287168859787,0.14181504069284723,True,1.0,reject,pre_step,drift_diffusion_then_jump,iid_bank,4,every_step,True,0.00040517241379310354,0.004969827586206899,1790.114129623879,12292,0.00048220064724919094,0.9944983818770227,0.0,0.0
LSC-CP-RA,"LSC-CP-RA (A=4), tamed",98886f115ea6a7a4c556fecc8bb0d7f3,8da7d73e85753d4e79f54062070fbc7b,True,3,309,1.545,266542645.81904837,33317.83072738105,309.0,39552.0,0.4452282876293998,0.011746969707675858,0.011303532522620396,0.09863276876648464,0.12643613463378486,0.18976709535261355,0.594,0.09399999999999997,0.18171697980455892,0.0010346194450565616,0.19490088268447633,0.2575660492277686,True,1.0,reject,pre_step,drift_diffusion_then_jump,iid_bank,4,every_step,True,0.00040517241379310354,0.004969827586206899,1790.114129623879,12292,0.00048220064724919094,0.9944983818770227,0.0,0.0
LSC-CP-RA,"LSC-CP-RA (A=4), tamed",98886f115ea6a7a4c556fecc8bb0d7f3,8da7d73e85753d4e79f54062070fbc7b,True,0,339,1.695,292420572.59759676,36552.57157469959,339.0,43392.0,0.45031180044974806,0.012659813112685936,0.012217111513816659,0.09775955071476206,0.13049281480763425,0.1959908366831708,0.5975,0.0975,0.18828882746545583,0.0024726027996404554,0.20065390060750476,0.17598036943045436,True,1.0,reject,pre_step,drift_diffusion_then_jump,iid_bank,4,every_step,True,0.00047916666666666686,0.004912500000000001,2572.044668771754,13471,0.0004819321533923304,0.9934365781710914,3.687315634218289e-07,0.0
LSC-CP-RA,"LSC-CP-RA (A=4), tamed",98886f115ea6a7a4c556fecc8bb0d7f3,8da7d73e85753d4e79f54062070fbc7b,True,1,339,1.695,292420572.59759676,36552.57157469959,339.0,43392.0,0.3945383705737663,0.008616708537714346,0.008172031070538543,0.08571069690744892,0.10916162388309598,0.16089081659214954,0.5815,0.08150000000000002,0.1552826901610057,0.010254166611708526,0.132179223165438,0.04026805821025736,True,1.0,reject,pre_step,drift_diffusion_then_jump,iid_bank,4,every_step,True,0.00047916666666666686,0.004912500000000001,2572.044668771754,13471,0.0004819321533923304,0.9934365781710914,3.687315634218289e-07,0.0
LSC-CP-RA,"LSC-CP-RA (A=4), tamed",98886f115ea6a7a4c556fecc8bb0d7f3,8da7d73e85753d4e79f54062070fbc7b,True,2,339,1.695,292420572.59759676,36552.57157469959,339.0,43392.0,0.4569534923733334,0.012517116686205698,0.012073316311873472,0.09915017716360808,0.13123885844505914,0.19813368672163947,0.597,0.09699999999999998,0.19264375080682444,0.013849657460135112,0.22944126246587673,0.2634846371933889,True,1.0,reject,pre_step,drift_diffusion_then_jump,iid_bank,4,every_step,True,0.00047916666666666686,0.004912500000000001,2572.044668771754,13471,0.0004819321533923304,0.9934365781710914,3.687315634218289e-07,0.0
LSC-CP-RA,"LSC-CP-RA (A=4), tamed",98886f115ea6a7a4c556fecc8bb0d7f3,8da7d73e85753d4e79f54062070fbc7b,True,3,339,1.695,292420572.59759676,36552.57157469959,339.0,43392.0,0.4237392383197296,0.010178652920249776,0.009734281578885673,0.09107851831021413,0.11871631707345089,0.17592758797060773,0.588,0.08799999999999997,0.17050483538847944,0.0002645869727929684,0.17880014690229623,0.12445635421556756,True,1.0,reject,pre_step,drift_diffusion_then_jump,iid_bank,4,every_step,True,0.00047916666666666686,0.004912500000000001,2572.044668771754,13471,0.0004819321533923304,0.9934365781710914,3.687315634218289e-07,0.0
LSC-CP-RA,"LSC-CP-RA (A=4), tamed",98886f115ea6a7a4c556fecc8bb0d7f3,8da7d73e85753d4e79f54062070fbc7b,True,0,369,1.845,318298499.3761451,39787.31242201814,369.0,47232.0,0.4092122329877773,0.009314746325644663,0.008870010121318495,0.08733175968826645,0.11271574601342993,0.16956355844461585,0.5845,0.08449999999999999,0.15786269402093678,0.0038110333541115926,0.13196474614445017,0.2037085035581464,True,1.0,reject,pre_step,drift_diffusion_then_jump,iid_bank,4,every_step,True,0.0004416666666666668,0.004879166666666668,4721.103879793876,14642,0.00047865853658536585,0.9920054200542006,3.3875338753387533e-07,0.0
LSC-CP-RA,"LSC-CP-RA (A=4), tamed",98886f115ea6a7a4c556fecc8bb0d7f3,8da7d73e85753d4e79f54062070fbc7b,True,1,369,1.845,318298499.3761451,39787.31242201814,369.0,47232.0,0.3882777064524436,0.007766596659858904,0.0073215277407712165,0.08042862432318931,0.10503624900233345,0.15462551043331807,0.579,0.07899999999999999,0.14933584065432537,0.01196327843166567,0.15637155138888617,0.10552767855710343,True,1.0,reject,pre_step,drift_diffusion_then_jump,iid_bank,4,every_step,True,0.0004416666666666668,0.004879166666666668,4721.103879793876,14642,0.00047865853658536585,0.9920054200542006,3.3875338753387533e-07,0.0
LSC-CP-RA,"LSC-CP-RA (A=4), tamed",98886f115ea6a7a4c556fecc8bb0d7f3,8da7d73e85753d4e79f54062070fbc7b,True,2,369,1.845,318298499.3761451,39787.31242201814,369.0,47232.0,0.4274349463500279,0.010333730382644624,0.009889194185713879,0.09007776650017069,0.11741339088948599,0.17569005086045586,0.588,0.08799999999999997,0.16313147615327894,0.006102824884966274,0.10969758514670533,0.26424112418441525,True,1.0,reject,pre_step,drift_diffusion_then_jump,iid_bank,4,every_step,True,0.0004416666666666668,0.004879166666666668,4721.103879793876,14642,0.00047865853658536585,0.9920054200542006,3.3875338753387533e-07,0.0
LSC-CP-RA,"LSC-CP-RA (A=4), tamed",98886f115ea6a7a4c556fecc8bb0d7f3,8da7d73e85753d4e79f54062070fbc7b,True,3,369,1.845,318298499.3761451,39787.31242201814,369.0,47232.0,0.3863301455723953,0.007649967513625455,0.00720522180340466,0.07937322927255275,0.10547104849170726,0.15731217255953261,0.5775,0.07750000000000001,0.15057466161412325,0.013962141395301275,0.1464285328961636,0.0777401013439113,True,1.0,reject,pre_step,drift_diffusion_then_jump,iid_bank,4,every_step,True,0.0004416666666666668,0.004879166666666668,4721.103879793876,14642,0.00047865853658536585,0.9920054200542006,3.3875338753387533e-07,0.0
LSC-CP-RA,"LSC-CP-RA (A=4), tamed",98886f115ea6a7a4c556fecc8bb0d7f3,8da7d73e85753d4e79f54062070fbc7b,True,0,398,1.99,343313828.5954086,42914.22857442608,398.0,50944.0,0.3997651258463351,0.008308386832586057,0.007862737978368783,0.08297063107480879,0.10798598882389468,0.16063056488190242,0.581,0.08099999999999999,0.1524237264559043,0.0020619628962889047,0.12313982819098726,0.17618031618427643,True,1.0,reject,pre_step,drift_diffusion_then_jump,iid_bank,4,every_step,True,0.0005215517241379312,0.004982758620689656,4431.380859136274,15798,0.00048178391959798994,0.9923366834170855,3.14070351758794e-07,0.0
LSC-CP-RA,"LSC-CP-RA (A=4), tamed",98886f115ea6a7a4c556fecc8bb0d7f3,8da7d73e85753d4e79f54062070fbc7b,True,1,398,1.99,343313828.5954086,42914.22857442608,398.0,50944.0,0.36201289743427445,0.005803345809372251,0.005356177372994098,0.07120193982260198,0.09209952244059509,0.13932155561006737,0.5700000000000001,0.07000000000000003,0.12764125855283426,0.0030440973258013537,0.10174914317762881,0.23149874301856166,True,1.0,reject,pre_step,drift_diffusion_then_jump,iid_bank,4,every_step,True,0.0005215517241379312,0.004982758620689656,4431.380859136274,15798,0.00048178391959798994,0.9923366834170855,3.14070351758794e-07,0.0
LSC-CP-RA,"LSC-CP-RA (A=4), tamed",98886f115ea6a7a4c556fecc8bb0d7f3,8da7d73e85753d4e79f54062070fbc7b,True,2,398,1.99,343313828.5954086,42914.22857442608,398.0,50944.0,0.37274611208340847,0.005748334766794705,0.005300322683342462,0.07527716743962365,0.09488584148257083,0.14549087131183921,0.5705,0.07050000000000001,0.140016871547467,0.01471934016766252,0.20717603181772307,0.3399124934899135,True,1.0,reject,pre_step,drift_diffusion_then_jump,iid_bank,4,every_step,True,0.0005215517241379312,0.004982758620689656,4431.380859136274,15798,0.00048178391959798994,0.9923366834170855,3.14070351758794e-07,0.0
LSC-CP-RA,"LSC-CP-RA (A=4), tamed",98886f115ea6a7a4c556fecc8bb0d7f3,8da7d73e85753d4e79f54062070fbc7b,True,3,398,1.99,343313828.5954086,42914.22857442608,398.0,50944.0,0.35205533340225564,0.005616455924312369,0.0051699484770257875,0.07825339241136497,0.09402852930678972,0.14214821508853068,0.5675,0.0675,0.13843512073855352,0.008181580986418746,0.17249104011929214,0.12266127166120222,True,1.0,reject,pre_step,drift_diffusion_then_jump,iid_bank,4,every_step,True,0.0005215517241379312,0.004982758620689656,4431.380859136274,15798,0.00048178391959798994,0.9923366834170855,3.14070351758794e-07,0.0
LSC-CP-RA,"LSC-CP-RA (A=4), tamed",98886f115ea6a7a4c556fecc8bb0d7f3,8da7d73e85753d4e79f54062070fbc7b,True,0,428,2.14,369191755.373957,46148.96942174462,428.0,54784.0,0.32102425644752397,0.003961549214087645,0.0035139183192294254,0.07031873790970222,0.08095823720279713,0.12129875813020038,0.56,0.060000000000000026,0.11865618754782453,0.008029436986757399,0.16688929144700024,0.13573545703766532,True,1.0,reject,pre_step,drift_diffusion_then_jump,iid_bank,4,every_step,True,0.0004166666666666669,0.004970833333333333,2001.4329270062115,16991,0.0004772196261682243,0.992464953271028,2.9205607476635516e-07,0.0
LSC-CP-RA,"LSC-CP-RA (A=4), tamed",98886f115ea6a7a4c556fecc8bb0d7f3,8da7d73e85753d4e79f54062070fbc7b,True,1,428,2.14,369191755.373957,46148.96942174462,428.0,54784.0,0.3079835438969216,0.0034296163058016305,0.0029811287411970477,0.0587041061845886,0.07333991484530049,0.10940517253368656,0.556,0.05600000000000002,0.09970335596453882,0.001538733511110224,0.06114016766707856,0.1357385095145457,True,1.0,reject,pre_step,drift_diffusion_then_jump,iid_bank,4,every_step,True,0.0004166666666666669,0.004970833333333333,2001.4329270062115,16991,0.0004772196261682243,0.992464953271028,2.9205607476635516e-07,0.0
LSC-CP-RA,"LSC-CP-RA (A=4), tamed",98886f115ea6a7a4c556fecc8bb0d7f3,8da7d73e85753d4e79f54062070fbc7b,True,2,428,2.14,369191755.373957,46148.96942174462,428.0,54784.0,0.33916037365468005,0.00461816645712021,0.004170182248869336,0.06545203749644601,0.0848132471213461,0.12930662208962596,0.5625,0.0625,0.12099460582181466,0.006200567162639947,0.1138138680339498,0.2189960103092753,True,1.0,reject,pre_step,drift_diffusion_then_jump,iid_bank,4,every_step,True,0.0004166666666666669,0.004970833333333333,2001.4329270062115,16991,0.0004772196261682243,0.992464953271028,2.9205607476635516e-07,0.0
LSC-CP-RA,"LSC-CP-RA (A=4), tamed",98886f115ea6a7a4c556fecc8bb0d7f3,8da7d73e85753d4e79f54062070fbc7b,True,3,428,2.14,369191755.373957,46148.96942174462,428.0,54784.0,0.33722433242812566,0.0042645374562229055,0.003816113650353836,0.07027709228014711,0.08365542158797744,0.13075743701782827,0.5605,0.0605,0.12113816980638897,0.009184600127044917,0.15234925751258035,0.29987770578859296,True,1.0,reject,pre_step,drift_diffusion_then_jump,iid_bank,4,every_step,True,0.0004166666666666669,0.004970833333333333,2001.4329270062115,16991,0.0004772196261682243,0.992464953271028,2.9205607476635516e-07,0.0
LSC-CP-RA,"LSC-CP-RA (A=4), tamed",98886f115ea6a7a4c556fecc8bb0d7f3,8da7d73e85753d4e79f54062070fbc7b,True,0,458,2.29,395069682.15250534,49383.710269063165,458.0,58624.0,0.32082004902641453,0.004167418676891188,0.003720693145082943,0.06679946004428305,0.08125183100437641,0.12213796722810175,0.5595,0.0595,0.11297483667022637,0.015527087454658806,0.09878090879683712,0.08334323386718501,True,1.0,reject,pre_step,drift_diffusion_then_jump,iid_bank,4,every_step,True,0.00041250000000000016,0.005058333333333335,3972.4004829037344,18205,0.00047298034934497815,0.9937227074235808,2.729257641921397e-07,0.0
LSC-CP-RA,"LSC-CP-RA (A=4), tamed",98886f115ea6a7a4c556fecc8bb0d7f3,8da7d73e85753d4e79f54062070fbc7b,True,1,458,2.29,395069682.15250534,49383.710269063165,458.0,58624.0,0.2699717769904755,0.0023172411952820937,0.001868803443099254,0.055331619255817865,0.06438424565413961,0.09790127380373158,0.547,0.047000000000000014,0.09011008456552859,0.008879909722987023,0.0886550393859597,0.1202508172110367,True,1.0,reject,pre_step,drift_diffusion_then_jump,iid_bank,4,every_step,True,0.00041250000000000016,0.005058333333333335,3972.4004829037344,18205,0.00047298034934497815,0.9937227074235808,2.729257641921397e-07,0.0
LSC-CP-RA,"LSC-CP-RA (A=4), tamed",98886f115ea6a7a4c556fecc8bb0d7f3,8da7d73e85753d4e79f54062070fbc7b,True,2,458,2.29,395069682.15250534,49383.710269063165,458.0,58624.0,0.3127815187964387,0.003272868757781433,0.0028238447239148368,0.06021719312303708,0.07364254640199094,0.1157396835972328,0.554,0.05400000000000002,0.10179699620905173,0.012654115177972325,0.0584241363485041,0.32713877055228224,True,1.0,reject,pre_step,drift_diffusion_then_jump,iid_bank,4,every_step,True,0.00041250000000000016,0.005058333333333335,3972.4004829037344,18205,0.00047298034934497815,0.9937227074235808,2.729257641921397e-07,0.0
LSC-CP-RA,"LSC-CP-RA (A=4), tamed",98886f115ea6a7a4c556fecc8bb0d7f3,8da7d73e85753d4e79f54062070fbc7b,True,3,458,2.29,395069682.15250534,49383.710269063165,458.0,58624.0,0.3165495166033464,0.0032897457535348007,0.0028414189411726243,0.06599898026426165,0.0764417467501929,0.1183056954337452,0.5555,0.055499999999999994,0.11280994319326161,0.0009585814389950764,0.1876242781715557,0.22904363406029604,True,1.0,reject,pre_step,drift_diffusion_then_jump,iid_bank,4,every_step,True,0.00041250000000000016,0.005058333333333335,3972.4004829037344,18205,0.00047298034934497815,0.9937227074235808,2.729257641921397e-07,0.0
LSC-CP-RA,"LSC-CP-RA (A=4), tamed",98886f115ea6a7a4c556fecc8bb0d7f3,8da7d73e85753d4e79f54062070fbc7b,True,0,488,2.44,420947608.93105376,52618.45111638172,488.0,62464.0,0.34587333073762977,0.005594710171723638,0.005149066466370478,0.07688557479439484,0.0928519360779892,0.1362891965613448,0.5665,0.0665,0.13436269079353985,0.020638855583778093,0.14755277972421008,0.00025134800764059495,True,1.0,reject,pre_step,drift_diffusion_then_jump,iid_bank,4,every_step,True,0.0005041666666666669,0.004791666666666668,3438.2582254009276,19355,0.00047489754098360655,0.991547131147541,2.561475409836066e-07,0.0
LSC-CP-RA,"LSC-CP-RA (A=4), tamed",98886f115ea6a7a4c556fecc8bb0d7f3,8da7d73e85753d4e79f54062070fbc7b,True,1,488,2.44,420947608.93105376,52618.45111638172,488.0,62464.0,0.2580596842015837,0.0019239651878495412,0.0014755179001179064,0.049045571350685546,0.060940727199628196,0.09148458189875261,0.545,0.04500000000000001,0.08840397340092558,0.011984051851098299,0.1142454299778341,0.04935546321475137,True,1.0,reject,pre_step,drift_diffusion_then_jump,iid_bank,4,every_step,True,0.0005041666666666669,0.004791666666666668,3438.2582254009276,19355,0.00047489754098360655,0.991547131147541,2.561475409836066e-07,0.0
LSC-CP-RA,"LSC-CP-RA (A=4), tamed",98886f115ea6a7a4c556fecc8bb0d7f3,8da7d73e85753d4e79f54062070fbc7b,True,2,488,2.44,420947608.93105376,52618.45111638172,488.0,62464.0,0.28270012060171545,0.0026258872669328026,0.002176979564431303,0.06447777210485439,0.0687337230052006,0.10591373358795746,0.548,0.048000000000000015,0.09714385473734882,0.0011409085131370844,0.08846351372601993,0.16865149629689802,True,1.0,reject,pre_step,drift_diffusion_then_jump,iid_bank,4,every_step,True,0.0005041666666666669,0.004791666666666668,3438.2582254009276,19355,0.00047489754098360655,0.991547131147541,2.561475409836066e-07,0.0
LSC-CP-RA,"LSC-CP-RA (A=4), tamed",98886f115ea6a7a4c556fecc8bb0d7f3,8da7d73e85753d4e79f54062070fbc7b,True,3,488,2.44,420947608.93105376,52618.45111638172,488.0,62464.0,0.25032701987063033,0.0014983810578110823,0.0010484202927066866,0.053654658543729195,0.057051152466991426,0.08837164799267974,0.5405,0.04049999999999998,0.08572304216098864,0.004518826316094016,0.14902418109755328,0.2008508606316487,True,1.0,reject,pre_step,drift_diffusion_then_jump,iid_bank,4,every_step,True,0.0005041666666666669,0.004791666666666668,3438.2582254009276,19355,0.00047489754098360655,0.991547131147541,2.561475409836066e-07,0.0
LSC-CP-RA,"LSC-CP-RA (A=4), tamed",98886f115ea6a7a4c556fecc8bb0d7f3,8da7d73e85753d4e79f54062070fbc7b,True,0,517,2.585,445962938.1503172,55745.36726878965,517.0,66176.0,0.3164613917037239,0.004063376202224411,0.003616494871104936,0.06511449483237464,0.08086875535167158,0.11867723685836506,0.5595,0.0595,0.114684370541374,0.01710227076065951,0.11732759854842134,0.004805433612566357,True,1.0,reject,pre_step,drift_diffusion_then_jump,iid_bank,4,every_step,True,0.00047844827586206916,0.005081896551724139,4431.770339504182,20534,0.0004750967117988395,0.9929400386847196,2.4177949709864605e-07,0.0
LSC-CP-RA,"LSC-CP-RA (A=4), tamed",98886f115ea6a7a4c556fecc8bb0d7f3,8da7d73e85753d4e79f54062070fbc7b,True,1,517,2.585,445962938.1503172,55745.36726878965,517.0,66176.0,0.22374828245243433,0.0008066811455130773,0.00035577327157432226,0.039392005417832054,0.04398215325751505,0.07168951889589337,0.5325,0.03249999999999997,0.05977623285696204,0.017820092832885215,0.03429698580098528,0.39926109924885467,True,1.0,reject,pre_step,drift_diffusion_then_jump,iid_bank,4,every_step,True,0.00047844827586206916,0.005081896551724139,4431.770339504182,20534,0.0004750967117988395,0.9929400386847196,2.4177949709864605e-07,0.0
LSC-CP-RA,"LSC-CP-RA (A=4), tamed",98886f115ea6a7a4c556fecc8bb0d7f3,8da7d73e85753d4e79f54062070fbc7b,True,2,517,2.585,445962938.1503172,55745.36726878965,517.0,66176.0,0.27434058217369334,0.0020665526236210985,0.0016166753941356804,0.05178204464723801,0.0627927961861552,0.10060410805542398,0.5445,0.044499999999999984,0.08730191845700166,0.010990133873063024,0.07508780695363665,0.2559700561444035,True,1.0,reject,pre_step,drift_diffusion_then_jump,iid_bank,4,every_step,True,0.00047844827586206916,0.005081896551724139,4431.770339504182,20534,0.0004750967117988395,0.9929400386847196,2.4177949709864605e-07,0.0
LSC-CP-RA,"LSC-CP-RA (A=4), tamed",98886f115ea6a7a4c556fecc8bb0d7f3,8da7d73e85753d4e79f54062070fbc7b,True,3,517,2.585,445962938.1503172,55745.36726878965,517.0,66176.0,0.22611036110979554,0.001139396532740089,0.0006895131738968718,0.05204613443304207,0.04954526016214966,0.08022024000012656,0.534,0.034,0.06542287563245928,0.0005753057553747887,0.03645182995171323,0.2297280030815928,True,1.0,reject,pre_step,drift_diffusion_then_jump,iid_bank,4,every_step,True,0.00047844827586206916,0.005081896551724139,4431.770339504182,20534,0.0004750967117988395,0.9929400386847196,2.4177949709864605e-07,0.0
LSC-CP-RA,"LSC-CP-RA (A=4), tamed",98886f115ea6a7a4c556fecc8bb0d7f3,8da7d73e85753d4e79f54062070fbc7b,True,0,547,2.735,471840864.92886555,58980.1081161082,547.0,70016.0,0.3204539032583802,0.003719746715149408,0.0032712516026247584,0.06451875744130242,0.07967064723549118,0.1225674240843464,0.558,0.058000000000000024,0.11899091267047118,0.006509384798348505,0.16726764243607778,0.21918461729917704,True,1.0,reject,pre_step,drift_diffusion_then_jump,iid_bank,4,every_step,True,0.0005291666666666669,0.0050208333333333355,3611.3198632521458,21739,0.00047806215722120656,0.9935557586837295,2.2851919561243145e-07,0.0
LSC-CP-RA,"LSC-CP-RA (A=4), tamed",98886f115ea6a7a4c556fecc8bb0d7f3,8da7d73e85753d4e79f54062070fbc7b,True,1,547,2.735,471840864.92886555,58980.1081161082,547.0,70016.0,0.17240585628724614,0.00040833800305195567,-4.248456280320223e-05,0.03701627706645205,0.03502453082617048,0.058878943772459495,0.524,0.023999999999999994,0.042618443306731806,0.004707556830244153,0.022856392957511826,0.22521181575969773,True,1.0,reject,pre_step,drift_diffusion_then_jump,iid_bank,4,every_step,True,0.0005291666666666669,0.0050208333333333355,3611.3198632521458,21739,0.00047806215722120656,0.9935557586837295,2.2851919561243145e-07,0.0
LSC-CP-RA,"LSC-CP-RA (A=4), tamed",98886f115ea6a7a4c556fecc8bb0d7f3,8da7d73e85753d4e79f54062070fbc7b,True,2,547,2.735,471840864.92886555,58980.1081161082,547.0,70016.0,0.2703106036671095,0.0020329596621645463,0.0015836957079569114,0.051028749156887154,0.06023017640674529,0.09318766047689378,0.5445,0.044499999999999984,0.08133991390417818,0.004002483962967318,0.049337354635300715,0.2505055738766363,True,1.0,reject,pre_step,drift_diffusion_then_jump,iid_bank,4,every_step,True,0.0005291666666666669,0.0050208333333333355,3611.3198632521458,21739,0.00047806215722120656,0.9935557586837295,2.2851919561243145e-07,0.0
LSC-CP-RA,"LSC-CP-RA (A=4), tamed",98886f115ea6a7a4c556fecc8bb0d7f3,8da7d73e85753d4e79f54062070fbc7b,True,3,547,2.735,471840864.92886555,58980.1081161082,547.0,70016.0,0.16218886066076252,0.00022823918074243998,-0.00022373831285427137,0.034564104530104944,0.031605316303072735,0.055354598956710625,0.5205,0.020499999999999963,0.04346302253222634,0.021019160698289685,0.056988795277435625,0.316263700003372,True,1.0,reject,pre_step,drift_diffusion_then_jump,iid_bank,4,every_step,True,0.0005291666666666669,0.0050208333333333355,3611.3198632521458,21739,0.00047806215722120656,0.9935557586837295,2.2851919561243145e-07,0.0
LSC-CP-RA,"LSC-CP-RA (A=4), tamed",98886f115ea6a7a4c556fecc8bb0d7f3,8da7d73e85753d4e79f54062070fbc7b,True,0,577,2.8850000000000002,497718791.707414,62214.848963426746,577.0,73856.0,0.2706988411095297,0.0022511750054491353,0.001803028122253525,0.05990653169742555,0.06479371141063783,0.0972181131083532,0.547,0.047000000000000014,0.09316985407487273,0.014197443249828523,0.11136811267773652,0.05365146818333677,True,1.0,reject,pre_step,drift_diffusion_then_jump,iid_bank,4,every_step,True,0.00048750000000000014,0.0049791666666666665,2363.972334094167,22934,0.0004785528596187175,0.9936741767764298,6.499133448873484e-07,0.0
LSC-CP-RA,"LSC-CP-RA (A=4), tamed",98886f115ea6a7a4c556fecc8bb0d7f3,8da7d73e85753d4e79f54062070fbc7b,True,1,577,2.8850000000000002,497718791.707414,62214.848963426746,577.0,73856.0,0.16540454733505702,0.00039219298413251114,-5.866712334090529e-05,0.03320348311717902,0.035294909732008016,0.05850830972442969,0.5235,0.023499999999999965,0.04728310520750313,0.0038961494162886856,0.036314250129567974,0.17027362962679138,True,1.0,reject,pre_step,drift_diffusion_then_jump,iid_bank,4,every_step,True,0.00048750000000000014,0.0049791666666666665,2363.972334094167,22934,0.0004785528596187175,0.9936741767764298,6.499133448873484e-07,0.0
LSC-CP-RA,"LSC-CP-RA (A=4), tamed",98886f115ea6a7a4c556fecc8bb0d7f3,8da7d73e85753d4e79f54062070fbc7b,True,2,577,2.8850000000000002,497718791.707414,62214.848963426746,577.0,73856.0,0.2801910886409103,0.0024525072723463603,0.0020034598185542096,0.05788616834949223,0.06421264185606095,0.10014738899448823,0.547,0.047000000000000014,0.08347821801429636,0.0018422916211841,0.00990336087611548,0.22334319965056115,True,1.0,reject,pre_step,drift_diffusion_then_jump,iid_bank,4,every_step,True,0.00048750000000000014,0.0049791666666666665,2363.972334094167,22934,0.0004785528596187175,0.9936741767764298,6.499133448873484e-07,0.0
LSC-CP-RA,"LSC-CP-RA (A=4), tamed",98886f115ea6a7a4c556fecc8bb0d7f3,8da7d73e85753d4e79f54062070fbc7b,True,3,577,2.8850000000000002,497718791.707414,62214.848963426746,577.0,73856.0,0.1594717787897203,0.0004077941669472507,-4.233228507977138e-05,0.04947860871267418,0.03677374551392916,0.05751016882502225,0.5235,0.023499999999999965,0.05065141871281757,0.005182026811226925,0.06655447712094373,0.14194887485070928,True,1.0,reject,pre_step,drift_diffusion_then_jump,iid_bank,4,every_step,True,0.00048750000000000014,0.0049791666666666665,2363.972334094167,22934,0.0004785528596187175,0.9936741767764298,6.499133448873484e-07,0.0
LSC-CP-RA,"LSC-CP-RA (A=4), tamed",98886f115ea6a7a4c556fecc8bb0d7f3,8da7d73e85753d4e79f54062070fbc7b,True,0,606,3.0300000000000002,522734120.9266774,65341.76511583468,606.0,77568.0,0.2596471518784269,0.001981910731888026,0.0015331102068981695,0.055574919868725314,0.0604061426204527,0.09377329268374433,0.5435,0.04349999999999998,0.08192980116036923,0.007376908773048307,0.05684083163803981,0.12743551689037746,True,1.0,reject,pre_step,drift_diffusion_then_jump,iid_bank,4,every_step,True,0.00046982758620689674,0.005163793103448277,860.2356748851212,24132,0.00047813531353135314,0.9955445544554455,6.188118811881188e-07,0.0
LSC-CP-RA,"LSC-CP-RA (A=4), tamed",98886f115ea6a7a4c556fecc8bb0d7f3,8da7d73e85753d4e79f54062070fbc7b,True,1,606,3.0300000000000002,522734120.9266774,65341.76511583468,606.0,77568.0,0.09444611481123293,0.0001984756196642401,-0.0002516813431192588,0.03691885271358153,0.025122084099702523,0.04107952283593909,0.5145,0.014499999999999985,0.025361325892929318,0.011250587374961873,0.011255029698052752,0.09196538043130575,True,1.0,reject,pre_step,drift_diffusion_then_jump,iid_bank,4,every_step,True,0.00046982758620689674,0.005163793103448277,860.2356748851212,24132,0.00047813531353135314,0.9955445544554455,6.188118811881188e-07,0.0
LSC-CP-RA,"LSC-CP-RA (A=4), tamed",98886f115ea6a7a4c556fecc8bb0d7f3,8da7d73e85753d4e79f54062070fbc7b,True,2,606,3.0300000000000002,522734120.9266774,65341.76511583468,606.0,77568.0,0.19035906092597432,0.0006387071282565326,0.00018882658868446534,0.03941885271358159,0.04025080618811759,0.06358646944190409,0.5295,0.02949999999999997,0.05382977434685161,0.006607378177401313,0.06502629242177338,0.1217753508646161,True,1.0,reject,pre_step,drift_diffusion_then_jump,iid_bank,4,every_step,True,0.00046982758620689674,0.005163793103448277,860.2356748851212,24132,0.00047813531353135314,0.9955445544554455,6.188118811881188e-07,0.0
LSC-CP-RA,"LSC-CP-RA (A=4), tamed",98886f115ea6a7a4c556fecc8bb0d7f3,8da7d73e85753d4e79f54062070fbc7b,True,3,606,3.0300000000000002,522734120.9266774,65341.76511583468,606.0,77568.0,0.11418637408787433,8.968839183376431e-05,-0.0003619294493842906,0.031169874943054898,0.022060554609118772,0.03851410744565563,0.5135,0.013499999999999984,0.02762059054628062,0.012254919325531355,0.021681977394843694,0.2507852323654981,True,1.0,reject,pre_step,drift_diffusion_then_jump,iid_bank,4,every_step,True,0.00046982758620689674,0.005163793103448277,860.2356748851212,24132,0.00047813531353135314,0.9955445544554455,6.188118811881188e-07,0.0
LSC-CP-RA,"LSC-CP-RA (A=4), tamed",98886f115ea6a7a4c556fecc8bb0d7f3,8da7d73e85753d4e79f54062070fbc7b,True,0,636,3.18,548612047.7052258,68576.50596315323,636.0,81408.0,0.24451186944326636,0.00143346099298991,0.0009831763680397954,0.044570702942454465,0.05416844457651254,0.08419662033650123,0.54,0.04000000000000001,0.07751355839079672,0.010463479580067547,0.07676907956378642,0.18831732850497984,True,1.0,reject,pre_step,drift_diffusion_then_jump,iid_bank,4,every_step,True,0.00040833333333333346,0.005033333333333335,4155.188455883046,25340,0.0004748427672955975,0.9960691823899371,7.861635220125787e-07,0.0
LSC-CP-RA,"LSC-CP-RA (A=4), tamed",98886f115ea6a7a4c556fecc8bb0d7f3,8da7d73e85753d4e79f54062070fbc7b,True,1,636,3.18,548612047.7052258,68576.50596315323,636.0,81408.0,0.15982092619700358,0.00024190118417566353,-0.0002095778023166739,0.04365596015473272,0.03331828479794684,0.056300847549812114,0.52,0.020000000000000018,0.050057295776306424,0.015517315513093544,0.11212389272280868,0.3144990417066694,True,1.0,reject,pre_step,drift_diffusion_then_jump,iid_bank,4,every_step,True,0.00040833333333333346,0.005033333333333335,4155.188455883046,25340,0.0004748427672955975,0.9960691823899371,7.861635220125787e-07,0.0
LSC-CP-RA,"LSC-CP-RA (A=4), tamed",98886f115ea6a7a4c556fecc8bb0d7f3,8da7d73e85753d4e79f54062070fbc7b,True,2,636,3.18,548612047.7052258,68576.50596315323,636.0,81408.0,0.22631513086171276,0.001191356252088549,0.0007416859943761844,0.05061718228953227,0.04957818624589703,0.07635248171810492,0.5365,0.03649999999999998,0.06387487034244091,0.0046619367233419196,0.05066211833614033,0.13929035008356816,True,1.0,reject,pre_step,drift_diffusion_then_jump,iid_bank,4,every_step,True,0.00040833333333333346,0.005033333333333335,4155.188455883046,25340,0.0004748427672955975,0.9960691823899371,7.861635220125787e-07,0.0
LSC-CP-RA,"LSC-CP-RA (A=4), tamed",98886f115ea6a7a4c556fecc8bb0d7f3,8da7d73e85753d4e79f54062070fbc7b,True,3,636,3.18,548612047.7052258,68576.50596315323,636.0,81408.0,0.0953399307862222,0.00011596401903346543,-0.00033477335972398325,0.038423667824355134,0.021726935218341677,0.03536324901045529,0.511,0.01100000000000001,0.0256646875160436,0.0012664621811848686,0.04412797974768179,0.21979929781292784,True,1.0,reject,pre_step,drift_diffusion_then_jump,iid_bank,4,every_step,True,0.00040833333333333346,0.005033333333333335,4155.188455883046,25340,0.0004748427672955975,0.9960691823899371,7.861635220125787e-07,0.0
LSC-CP-RA,"LSC-CP-RA (A=4), tamed",98886f115ea6a7a4c556fecc8bb0d7f3,8da7d73e85753d4e79f54062070fbc7b,True,0,666,3.33,574489974.4837742,71811.24681047177,666.0,85248.0,0.1953992876620705,0.0007648255717013219,0.0003150232356571303,0.04191575142679649,0.04306664839515402,0.06593322516492948,0.5315,0.03149999999999997,0.059286804280845685,0.004288418150102391,0.047025221978799464,0.091677672948271,True,1.0,reject,pre_step,drift_diffusion_then_jump,iid_bank,4,every_step,True,0.0004958333333333336,0.0050208333333333355,3428.197885926638,26545,0.0004757882882882883,0.996433933933934,9.384384384384384e-07,0.0
LSC-CP-RA,"LSC-CP-RA (A=4), tamed",98886f115ea6a7a4c556fecc8bb0d7f3,8da7d73e85753d4e79f54062070fbc7b,True,1,666,3.33,574489974.4837742,71811.24681047177,666.0,85248.0,0.10462610357819903,0.00027367392108934574,-0.00017619958745929143,0.04280936676489844,0.025587368045129816,0.04227169198231427,0.513,0.013000000000000012,0.023221321066802546,0.011194905715580683,0.029768119668968338,0.17344205813839098,True,1.0,reject,pre_step,drift_diffusion_then_jump,iid_bank,4,every_step,True,0.0004958333333333336,0.0050208333333333355,3428.197885926638,26545,0.0004757882882882883,0.996433933933934,9.384384384384384e-07,0.0
LSC-CP-RA,"LSC-CP-RA (A=4), tamed",98886f115ea6a7a4c556fecc8bb0d7f3,8da7d73e85753d4e79f54062070fbc7b,True,2,666,3.33,574489974.4837742,71811.24681047177,666.0,85248.0,0.19170850639565526,0.0006257581137579793,0.00017467588387298782,0.052939557426372574,0.042814562601356326,0.06766279978881107,0.53,0.03,0.06442269205096096,0.007379474379636486,0.1005677333458744,0.13405449646585066,True,1.0,reject,pre_step,drift_diffusion_then_jump,iid_bank,4,every_step,True,0.0004958333333333336,0.0050208333333333355,3428.197885926638,26545,0.0004757882882882883,0.996433933933934,9.384384384384384e-07,0.0
LSC-CP-RA,"LSC-CP-RA (A=4), tamed",98886f115ea6a7a4c556fecc8bb0d7f3,8da7d73e85753d4e79f54062070fbc7b,True,3,666,3.33,574489974.4837742,71811.24681047177,666.0,85248.0,0.07303122806294245,0.0002157873634353047,-0.00023410357928776993,0.032798340424364525,0.024804588034376473,0.0395058683081617,0.5125,0.012499999999999983,0.020908586121875388,0.01687828268493219,0.013140242473378617,0.04656798268756235,True,1.0,reject,pre_step,drift_diffusion_then_jump,iid_bank,4,every_step,True,0.0004958333333333336,0.0050208333333333355,3428.197885926638,26545,0.0004757882882882883,0.996433933933934,9.384384384384384e-07,0.0
LSC-CP-RA,"LSC-CP-RA (A=4), tamed",98886f115ea6a7a4c556fecc8bb0d7f3,8da7d73e85753d4e79f54062070fbc7b,True,0,695,3.475,599505303.7030376,74938.16296287971,695.0,88960.0,0.14736971566705834,0.00020445861491158457,-0.0002468900009188202,0.033249266609515216,0.029001632476451558,0.04992852068423694,0.52,0.020000000000000018,0.03745556534623268,0.008474028822396895,0.0406913221244187,0.20801606169123643,True,1.0,reject,pre_step,drift_diffusion_then_jump,iid_bank,4,every_step,True,0.0004051724137931036,0.004728448275862071,897.0721648954037,27642,0.00047284172661870503,0.99431654676259,8.992805755395683e-07,0.0
LSC-CP-RA,"LSC-CP-RA (A=4), tamed",98886f115ea6a7a4c556fecc8bb0d7f3,8da7d73e85753d4e79f54062070fbc7b,True,1,695,3.475,599505303.7030376,74938.16296287971,695.0,88960.0,0.12083330175240944,0.00021065641476547547,-0.00024082788590906734,0.03333279246856691,0.02387282379831744,0.04359435842194865,0.513,0.013000000000000012,0.02011059228765779,0.008594353985515002,0.0017187102586617403,0.29617564114645656,True,1.0,reject,pre_step,drift_diffusion_then_jump,iid_bank,4,every_step,True,0.0004051724137931036,0.004728448275862071,897.0721648954037,27642,0.00047284172661870503,0.99431654676259,8.992805755395683e-07,0.0
LSC-CP-RA,"LSC-CP-RA (A=4), tamed",98886f115ea6a7a4c556fecc8bb0d7f3,8da7d73e85753d4e79f54062070fbc7b,True,2,695,3.475,599505303.7030376,74938.16296287971,695.0,88960.0,0.22805484949239446,0.001209093261660632,0.0007592693673617035,0.04958573483562745,0.05169763426829309,0.08043880358160832,0.5365,0.03649999999999998,0.07388698278076691,0.0009120004242584301,0.08348417891934753,0.15794305166830036,True,1.0,reject,pre_step,drift_diffusion_then_jump,iid_bank,4,every_step,True,0.0004051724137931036,0.004728448275862071,897.0721648954037,27642,0.00047284172661870503,0.99431654676259,8.992805755395683e-07,0.0
LSC-CP-RA,"LSC-CP-RA (A=4), tamed",98886f115ea6a7a4c556fecc8bb0d7f3,8da7d73e85753d4e79f54062070fbc7b,True,3,695,3.475,599505303.7030376,74938.16296287971,695.0,88960.0,0.14352852832188592,0.00028124795470618746,-0.00016931542575948644,0.04349898026426158,0.030234565690818584,0.049696750427130836,0.518,0.018000000000000016,0.03471492780289839,0.002080541048594564,0.0057377272244908155,0.2617595039722086,True,1.0,reject,pre_step,drift_diffusion_then_jump,iid_bank,4,every_step,True,0.0004051724137931036,0.004728448275862071,897.0721648954037,27642,0.00047284172661870503,0.99431654676259,8.992805755395683e-07,0.0
LSC-CP-RA,"LSC-CP-RA (A=4), tamed",98886f115ea6a7a4c556fecc8bb0d7f3,8da7d73e85753d4e79f54062070fbc7b,True,0,725,3.625,625383230.481586,78172.90381019824,725.0,92800.0,0.09659038381187965,0.00015184558432090878,-0.00029866566644698445,0.02686626990124022,0.018759070138975403,0.031147459265121392,0.5095000000000001,0.009500000000000036,0.009659959578999521,0.004028551409673731,0.05737077572952644,0.151528371383998,True,1.0,reject,pre_step,drift_diffusion_then_jump,iid_bank,4,every_step,True,0.0004458333333333336,0.005058333333333335,3830.850567110997,28856,0.00047172413793103446,0.9950344827586207,8.620689655172414e-07,0.0
LSC-CP-RA,"LSC-CP-RA (A=4), tamed",98886f115ea6a7a4c556fecc8bb0d7f3,8da7d73e85753d4e79f54062070fbc7b,True,1,725,3.625,625383230.481586,78172.90381019824,725.0,92800.0,0.14430063743234203,0.00035345946946463425,-9.717036835055204e-05,0.03371070043680391,0.018342383999087053,0.024585526626456557,0.502,0.0020000000000000018,0.002219659249334054,0.0053399261214123195,0.004508979659306504,0.17487985828346264,True,1.0,reject,pre_step,drift_diffusion_then_jump,iid_bank,4,every_step,True,0.0004458333333333336,0.005058333333333335,3830.850567110997,28856,0.00047172413793103446,0.9950344827586207,8.620689655172414e-07,0.0
LSC-CP-RA,"LSC-CP-RA (A=4), tamed",98886f115ea6a7a4c556fecc8bb0d7f3,8da7d73e85753d4e79f54062070fbc7b,True,2,725,3.625,625383230.481586,78172.90381019824,725.0,92800.0,0.13764202763896663,0.0002361318400603274,-0.00021402696246142217,0.03753845774415199,0.02947272749045274,0.04902723752714014,0.5195,0.01949999999999999,0.038568897588045416,0.00655953738100945,0.07559226606480668,0.14081901345850067,True,1.0,reject,pre_step,drift_diffusion_then_jump,iid_bank,4,every_step,True,0.0004458333333333336,0.005058333333333335,3830.850567110997,28856,0.00047172413793103446,0.9950344827586207,8.620689655172414e-07,0.0
LSC-CP-RA,"LSC-CP-RA (A=4), tamed",98886f115ea6a7a4c556fecc8bb0d7f3,8da7d73e85753d4e79f54062070fbc7b,True,3,725,3.625,625383230.481586,78172.90381019824,725.0,92800.0,0.17209430210067053,0.0002969400688640489,-0.0001548329500625778,0.035194705910636226,0.03190544464669592,0.05702090105970099,0.5215,0.021499999999999964,0.04339038894149763,0.018233258591613843,0.08448986577458892,0.3802188544889179,True,1.0,reject,pre_step,drift_diffusion_then_jump,iid_bank,4,every_step,True,0.0004458333333333336,0.005058333333333335,3830.850567110997,28856,0.00047172413793103446,0.9950344827586207,8.620689655172414e-07,0.0
LSC-CP-RA,"LSC-CP-RA (A=4), tamed",98886f115ea6a7a4c556fecc8bb0d7f3,8da7d73e85753d4e79f54062070fbc7b,True,0,755,3.775,651261157.2601343,81407.6446575168,755.0,96640.0,0.12697349393074936,0.00029390904372617044,-0.00015727234288076541,0.037093828687530306,0.023842025174449753,0.040542166337557244,0.5095000000000001,0.009500000000000036,0.017747781456314612,0.0046569258099879995,0.019949896080400324,0.30939222569124014,True,1.0,reject,pre_step,drift_diffusion_then_jump,iid_bank,4,every_step,True,0.00037500000000000017,0.004812500000000001,1758.5327313324126,30011,0.0004678807947019868,0.9937417218543046,8.278145695364238e-07,0.0
LSC-CP-RA,"LSC-CP-RA (A=4), tamed",98886f115ea6a7a4c556fecc8bb0d7f3,8da7d73e85753d4e79f54062070fbc7b,True,1,755,3.775,651261157.2601343,81407.6446575168,755.0,96640.0,0.1363538698685051,0.00020840233713725898,-0.00024307983594384908,0.030517680472121556,0.018232437243501227,0.031771439186829536,0.506,0.006000000000000005,0.01110664867662236,0.008936226458087893,0.0007793184441362064,0.28610409169613715,True,1.0,reject,pre_step,drift_diffusion_then_jump,iid_bank,4,every_step,True,0.00037500000000000017,0.004812500000000001,1758.5327313324126,30011,0.0004678807947019868,0.9937417218543046,8.278145695364238e-07,0.0
LSC-CP-RA,"LSC-CP-RA (A=4), tamed",98886f115ea6a7a4c556fecc8bb0d7f3,8da7d73e85753d4e79f54062070fbc7b,True,2,755,3.775,651261157.2601343,81407.6446575168,755.0,96640.0,0.12123636078882621,0.00015464792354813461,-0.0002972139682313468,0.025854778979195414,0.016627038579451227,0.029759521143806356,0.5085000000000001,0.008500000000000035,0.012491717348748647,0.01454552478211335,0.04252083553359467,0.2738172588786535,True,1.0,reject,pre_step,drift_diffusion_then_jump,iid_bank,4,every_step,True,0.00037500000000000017,0.004812500000000001,1758.5327313324126,30011,0.0004678807947019868,0.9937417218543046,8.278145695364238e-07,0.0
LSC-CP-RA,"LSC-CP-RA (A=4), tamed",98886f115ea6a7a4c556fecc8bb0d7f3,8da7d73e85753d4e79f54062070fbc7b,True,3,755,3.775,651261157.2601343,81407.6446575168,755.0,96640.0,0.06834655124374903,0.00022092536657403183,-0.0002284696539850417,0.034518266459449026,0.02194418762743856,0.034021593221619656,0.511,0.01100000000000001,0.016979535124197115,0.019203327500786238,0.035864724716861356,0.05460589483243805,True,1.0,reject,pre_step,drift_diffusion_then_jump,iid_bank,4,every_step,True,0.00037500000000000017,0.004812500000000001,1758.5327313324126,30011,0.0004678807947019868,0.9937417218543046,8.278145695364238e-07,0.0
LSC-CP-RA,"LSC-CP-RA (A=4), tamed",98886f115ea6a7a4c556fecc8bb0d7f3,8da7d73e85753d4e79f54062070fbc7b,True,0,784,3.92,676276486.4793978,84534.56080992472,784.0,100352.0,0.09235691706492608,0.00033270001405927285,-0.0001167254540405116,0.039064743520906164,0.02376430338587832,0.03611171510778237,0.509,0.009000000000000008,0.01649383210279576,0.02041676428984074,0.011479349039264428,0.09706145325956828,True,1.0,reject,pre_step,drift_diffusion_then_jump,iid_bank,4,every_step,True,0.000560344827586207,0.004788793103448276,2358.8357761778634,31122,0.00047130102040816326,0.9924107142857143,7.971938775510204e-07,0.0
LSC-CP-RA,"LSC-CP-RA (A=4), tamed",98886f115ea6a7a4c556fecc8bb0d7f3,8da7d73e85753d4e79f54062070fbc7b,True,1,784,3.92,676276486.4793978,84534.56080992472,784.0,100352.0,0.14640590852392688,0.0002623617207535567,-0.00018864543199459405,0.03331645116838389,0.0147173263939208,0.020673858577680858,0.502,0.0020000000000000018,0.008009271866297957,0.0013616641857070455,0.01616929699406448,0.19437820415062756,True,1.0,reject,pre_step,drift_diffusion_then_jump,iid_bank,4,every_step,True,0.000560344827586207,0.004788793103448276,2358.8357761778634,31122,0.00047130102040816326,0.9924107142857143,7.971938775510204e-07,0.0
LSC-CP-RA,"LSC-CP-RA (A=4), tamed",98886f115ea6a7a4c556fecc8bb0d7f3,8da7d73e85753d4e79f54062070fbc7b,True,2,784,3.92,676276486.4793978,84534.56080992472,784.0,100352.0,0.09558008358259384,0.00016977494528502834,-0.0002808665685295475,0.026214485477248695,0.0179986627972436,0.030179011378260685,0.508,0.008000000000000007,0.010442548170923454,0.006189788902197235,0.014027377100109949,0.10497211861267275,True,1.0,reject,pre_step,drift_diffusion_then_jump,iid_bank,4,every_step,True,0.000560344827586207,0.004788793103448276,2358.8357761778634,31122,0.00047130102040816326,0.9924107142857143,7.971938775510204e-07,0.0
LSC-CP-RA,"LSC-CP-RA (A=4), tamed",98886f115ea6a7a4c556fecc8bb0d7f3,8da7d73e85753d4e79f54062070fbc7b,True,3,784,3.92,676276486.4793978,84534.56080992472,784.0,100352.0,0.10038011225605331,0.00013362760088586612,-0.0003171043436245302,0.025398377869715105,0.016856242990875417,0.02897305146263065,0.5085000000000001,0.008500000000000035,0.01500130533108612,0.0019900684548437297,0.0023092431204823167,0.1517953468409966,True,1.0,reject,pre_step,drift_diffusion_then_jump,iid_bank,4,every_step,True,0.000560344827586207,0.004788793103448276,2358.8357761778634,31122,0.00047130102040816326,0.9924107142857143,7.971938775510204e-07,0.0
LSC-CP-RA,"LSC-CP-RA (A=4), tamed",98886f115ea6a7a4c556fecc8bb0d7f3,8da7d73e85753d4e79f54062070fbc7b,True,0,814,4.07,702154413.2579463,87769.30165724328,814.0,104192.0,0.10848233964253026,0.0002460988961053845,-0.00020408224241752482,0.029559355424902067,0.020950275175548184,0.03436362609487709,0.5085000000000001,0.008500000000000035,0.011379723256524553,0.008358915292417612,0.027287774671691564,0.18103358729662034,True,1.0,reject,pre_step,drift_diffusion_then_jump,iid_bank,4,every_step,True,0.0005833333333333335,0.0050500000000000015,4111.680736545837,32334,0.00047542997542997543,0.9930589680589681,7.678132678132678e-07,0.0
LSC-CP-RA,"LSC-CP-RA (A=4), tamed",98886f115ea6a7a4c556fecc8bb0d7f3,8da7d73e85753d4e79f54062070fbc7b,True,1,814,4.07,702154413.2579463,87769.30165724328,814.0,104192.0,0.20182613754481557,0.000623389125641638,0.0001716852118862633,0.025849239041322802,0.015950524501471806,0.028919450584912958,0.4935,0.0065000000000000335,0.01121864428939425,0.012537434527843394,0.016673613664074615,0.29030453567518444,True,1.0,reject,pre_step,drift_diffusion_then_jump,iid_bank,4,every_step,True,0.0005833333333333335,0.0050500000000000015,4111.680736545837,32334,0.00047542997542997543,0.9930589680589681,7.678132678132678e-07,0.0
LSC-CP-RA,"LSC-CP-RA (A=4), tamed",98886f115ea6a7a4c556fecc8bb0d7f3,8da7d73e85753d4e79f54062070fbc7b,True,2,814,4.07,702154413.2579463,87769.30165724328,814.0,104192.0,0.12976149589263464,0.00031915708254570685,-0.00013121942588034674,0.03253031738759815,0.01657024728074921,0.021058685056375114,0.502,0.0020000000000000018,0.006340085969232719,0.010020772496093677,0.0395432170019899,0.05846653301729321,True,1.0,reject,pre_step,drift_diffusion_then_jump,iid_bank,4,every_step,True,0.0005833333333333335,0.0050500000000000015,4111.680736545837,32334,0.00047542997542997543,0.9930589680589681,7.678132678132678e-07,0.0
LSC-CP-RA,"LSC-CP-RA (A=4), tamed",98886f115ea6a7a4c556fecc8bb0d7f3,8da7d73e85753d4e79f54062070fbc7b,True,3,814,4.07,702154413.2579463,87769.30165724328,814.0,104192.0,0.0697775160936251,0.00010765257691824903,-0.00034288302393603587,0.028397555109979322,0.019052692020551078,0.03183630906500512,0.511,0.01100000000000001,0.018358156264446736,0.006542281338645761,0.005163113093147264,0.0790438149598146,True,1.0,reject,pre_step,drift_diffusion_then_jump,iid_bank,4,every_step,True,0.0005833333333333335,0.0050500000000000015,4111.680736545837,32334,0.00047542997542997543,0.9930589680589681,7.678132678132678e-07,0.0
LSC-CP-RA,"LSC-CP-RA (A=4), tamed",98886f115ea6a7a4c556fecc8bb0d7f3,8da7d73e85753d4e79f54062070fbc7b,True,0,844,4.22,728032340.0364946,91004.04250456183,844.0,108032.0,0.10979338278827197,0.00010752553831983036,-0.00034404393950571155,0.02554860028571493,0.020198792777298476,0.036844648680827756,0.511,0.01100000000000001,0.022749766228080313,0.011789841320950067,0.01756244100556309,0.2806545163902835,True,1.0,reject,pre_step,drift_diffusion_then_jump,iid_bank,4,every_step,True,0.00045833333333333354,0.005266666666666667,3177.6173232878455,33598,0.0004748222748815166,0.9952014218009478,7.40521327014218e-07,0.0
LSC-CP-RA,"LSC-CP-RA (A=4), tamed",98886f115ea6a7a4c556fecc8bb0d7f3,8da7d73e85753d4e79f54062070fbc7b,True,1,844,4.22,728032340.0364946,91004.04250456183,844.0,108032.0,0.1881359838021345,0.0006956096421372182,0.0002449238887568539,0.02658195055064838,0.017321413195014252,0.028819642821094418,0.4925,0.007500000000000034,0.013004165073247807,0.00774640360456702,0.015603645453399075,0.06508560438132116,True,1.0,reject,pre_step,drift_diffusion_then_jump,iid_bank,4,every_step,True,0.00045833333333333354,0.005266666666666667,3177.6173232878455,33598,0.0004748222748815166,0.9952014218009478,7.40521327014218e-07,0.0
LSC-CP-RA,"LSC-CP-RA (A=4), tamed",98886f115ea6a7a4c556fecc8bb0d7f3,8da7d73e85753d4e79f54062070fbc7b,True,2,844,4.22,728032340.0364946,91004.04250456183,844.0,108032.0,0.1803874946841746,0.0005357943420536415,8.431378358297881e-05,0.025992675372523255,0.014693021929344968,0.02433760298629377,0.496,0.0040000000000000036,0.006785898653343376,0.006984325074258169,0.004559230900765844,0.23230255279823464,True,1.0,reject,pre_step,drift_diffusion_then_jump,iid_bank,4,every_step,True,0.00045833333333333354,0.005266666666666667,3177.6173232878455,33598,0.0004748222748815166,0.9952014218009478,7.40521327014218e-07,0.0
LSC-CP-RA,"LSC-CP-RA (A=4), tamed",98886f115ea6a7a4c556fecc8bb0d7f3,8da7d73e85753d4e79f54062070fbc7b,True,3,844,4.22,728032340.0364946,91004.04250456183,844.0,108032.0,0.13669764577888366,0.00013024259096983126,-0.00032164488171715355,0.02885218007292001,0.016210685561804366,0.029458206133395386,0.5065000000000001,0.0065000000000000335,0.020899494969337143,0.017863551628081953,0.0826544349202937,0.32471301888177206,True,1.0,reject,pre_step,drift_diffusion_then_jump,iid_bank,4,every_step,True,0.00045833333333333354,0.005266666666666667,3177.6173232878455,33598,0.0004748222748815166,0.9952014218009478,7.40521327014218e-07,0.0
LSC-CP-RA,"LSC-CP-RA (A=4), tamed",98886f115ea6a7a4c556fecc8bb0d7f3,8da7d73e85753d4e79f54062070fbc7b,True,0,873,4.365,753047669.255758,94130.95865696976,873.0,111744.0,0.10906675735561518,0.00015740797888741387,-0.0002935769779486286,0.035330169770431574,0.021402076062901735,0.0366840491528599,0.5105000000000001,0.010500000000000037,0.021907153952065956,0.0045008845514620255,0.03385259313352421,0.24817236317000224,True,1.0,reject,pre_step,drift_diffusion_then_jump,iid_bank,4,every_step,True,0.0004396551724137933,0.004866379310344829,4228.399279668885,34727,0.0004736540664375716,0.9944730813287515,7.15922107674685e-07,0.0
LSC-CP-RA,"LSC-CP-RA (A=4), tamed",98886f115ea6a7a4c556fecc8bb0d7f3,8da7d73e85753d4e79f54062070fbc7b,True,1,873,4.365,753047669.255758,94130.95865696976,873.0,111744.0,0.20768438704301304,0.0008046202909354205,0.00035303979675538333,0.022619956807784836,0.01703241744106416,0.030498119878531692,0.49,0.010000000000000009,0.0153548498616216,0.006132094640831642,0.010316900370004803,0.13628432707166638,True,1.0,reject,pre_step,drift_diffusion_then_jump,iid_bank,4,every_step,True,0.0004396551724137933,0.004866379310344829,4228.399279668885,34727,0.0004736540664375716,0.9944730813287515,7.15922107674685e-07,0.0
LSC-CP-RA,"LSC-CP-RA (A=4), tamed",98886f115ea6a7a4c556fecc8bb0d7f3,8da7d73e85753d4e79f54062070fbc7b,True,2,873,4.365,753047669.255758,94130.95865696976,873.0,111744.0,0.18499149231472853,0.0007073056404902633,0.00025763006909884645,0.03436324094538745,0.0192795158042768,0.028719745005493128,0.4925,0.007500000000000034,0.01434457130663691,0.017148170714148314,0.03207442402572937,0.019315278607439645,True,1.0,reject,pre_step,drift_diffusion_then_jump,iid_bank,4,every_step,True,0.0004396551724137933,0.004866379310344829,4228.399279668885,34727,0.0004736540664375716,0.9944730813287515,7.15922107674685e-07,0.0
LSC-CP-RA,"LSC-CP-RA (A=4), tamed",98886f115ea6a7a4c556fecc8bb0d7f3,8da7d73e85753d4e79f54062070fbc7b,True,3,873,4.365,753047669.255758,94130.95865696976,873.0,111744.0,0.14894093317842,0.0003813724080556913,-6.89768989081685e-05,0.029256076047515955,0.013602410092667048,0.01627765799080581,0.5,0.0,0.0009908321588451667,0.008563223354866145,0.02150088241590106,0.08979230968262042,True,1.0,reject,pre_step,drift_diffusion_then_jump,iid_bank,4,every_step,True,0.0004396551724137933,0.004866379310344829,4228.399279668885,34727,0.0004736540664375716,0.9944730813287515,7.15922107674685e-07,0.0
LSC-CP-RA,"LSC-CP-RA (A=4), tamed",98886f115ea6a7a4c556fecc8bb0d7f3,8da7d73e85753d4e79f54062070fbc7b,True,0,903,4.515,778925596.0343064,97365.6995042883,903.0,115584.0,0.1000550388485522,0.0002646298797998048,-0.00018561204477562931,0.036909300907084996,0.023307455674820114,0.03700020674616069,0.5095000000000001,0.009500000000000036,0.012932239061224338,0.009642522764474859,0.029604874970769985,0.16187361237933173,True,1.0,reject,pre_step,drift_diffusion_then_jump,iid_bank,4,every_step,True,0.0004708333333333335,0.0050625,4013.8732683263943,35942,0.0004735603543743079,0.9950719822812846,8.305647840531562e-07,0.0
LSC-CP-RA,"LSC-CP-RA (A=4), tamed",98886f115ea6a7a4c556fecc8bb0d7f3,8da7d73e85753d4e79f54062070fbc7b,True,1,903,4.515,778925596.0343064,97365.6995042883,903.0,115584.0,0.19371366123759468,0.0008000328216262176,0.00034972771140795444,0.02733228476801497,0.017606272549420057,0.02878607263357214,0.492,0.008000000000000007,0.017383669224546802,0.007851819615195876,0.02976730704727832,0.10113647531222159,True,1.0,reject,pre_step,drift_diffusion_then_jump,iid_bank,4,every_step,True,0.0004708333333333335,0.0050625,4013.8732683263943,35942,0.0004735603543743079,0.9950719822812846,8.305647840531562e-07,0.0
LSC-CP-RA,"LSC-CP-RA (A=4), tamed",98886f115ea6a7a4c556fecc8bb0d7f3,8da7d73e85753d4e79f54062070fbc7b,True,2,903,4.515,778925596.0343064,97365.6995042883,903.0,115584.0,0.1587384499897531,0.0006252477952241042,0.00017587587101330904,0.03409266117352289,0.019249413038579216,0.02411273580081486,0.497,0.0030000000000000027,0.007484273263818209,0.022863670172491246,0.014018103919868017,0.046615749709144505,True,1.0,reject,pre_step,drift_diffusion_then_jump,iid_bank,4,every_step,True,0.0004708333333333335,0.0050625,4013.8732683263943,35942,0.0004735603543743079,0.9950719822812846,8.305647840531562e-07,0.0
LSC-CP-RA,"LSC-CP-RA (A=4), tamed",98886f115ea6a7a4c556fecc8bb0d7f3,8da7d73e85753d4e79f54062070fbc7b,True,3,903,4.515,778925596.0343064,97365.6995042883,903.0,115584.0,0.14504931277479483,0.0001668071399381077,-0.0002853453915915294,0.02128671474434607,0.00864054827429551,0.01485315239623134,0.502,0.0020000000000000018,0.00448237082705044,0.016291033264355104,0.008416580917909797,0.21848482634415156,True,1.0,reject,pre_step,drift_diffusion_then_jump,iid_bank,4,every_step,True,0.0004708333333333335,0.0050625,4013.8732683263943,35942,0.0004735603543743079,0.9950719822812846,8.305647840531562e-07,0.0
LSC-CP-RA,"LSC-CP-RA (A=4), tamed",98886f115ea6a7a4c556fecc8bb0d7f3,8da7d73e85753d4e79f54062070fbc7b,True,0,933,4.665,804803522.8128548,100600.44035160684,933.0,119424.0,0.0998697980238966,0.00011447517830920351,-0.000336533388173077,0.03165466714641846,0.021658622926253177,0.0370944734847323,0.5135,0.013499999999999984,0.025739259420841355,0.0015787817087317135,0.052138216107620323,0.16777669254134586,True,1.0,reject,pre_step,drift_diffusion_then_jump,iid_bank,4,every_step,True,0.0004250000000000002,0.004883333333333335,1221.9274422561007,37114,0.0004719989281886388,0.9944801714898178,8.038585209003215e-07,0.0
LSC-CP-RA,"LSC-CP-RA (A=4), tamed",98886f115ea6a7a4c556fecc8bb0d7f3,8da7d73e85753d4e79f54062070fbc7b,True,1,933,4.665,804803522.8128548,100600.44035160684,933.0,119424.0,0.13742951312227314,0.0005398775373509634,9.092935546561876e-05,0.04368954462197627,0.022493211567509615,0.02403321049409921,0.5005000000000001,0.0005000000000000282,0.0007116640332403669,0.029990151141666033,0.007910317854208204,0.0005338894397970417,True,1.0,reject,pre_step,drift_diffusion_then_jump,iid_bank,4,every_step,True,0.0004250000000000002,0.004883333333333335,1221.9274422561007,37114,0.0004719989281886388,0.9944801714898178,8.038585209003215e-07,0.0
LSC-CP-RA,"LSC-CP-RA (A=4), tamed",98886f115ea6a7a4c556fecc8bb0d7f3,8da7d73e85753d4e79f54062070fbc7b,True,2,933,4.665,804803522.8128548,100600.44035160684,933.0,119424.0,0.16918623949009134,0.0006105244370123719,0.00016091101028126165,0.039305156005911446,0.020319999520753675,0.026751678012452512,0.4965,0.003500000000000031,0.005593581200796605,0.018631568753987526,0.016715290755760764,0.08876750784999021,True,1.0,reject,pre_step,drift_diffusion_then_jump,iid_bank,4,every_step,True,0.0004250000000000002,0.004883333333333335,1221.9274422561007,37114,0.0004719989281886388,0.9944801714898178,8.038585209003215e-07,0.0
LSC-CP-RA,"LSC-CP-RA (A=4), tamed",98886f115ea6a7a4c556fecc8bb0d7f3,8da7d73e85753d4e79f54062070fbc7b,True,3,933,4.665,804803522.8128548,100600.44035160684,933.0,119424.0,0.12085830324971754,0.00017524434831217572,-0.00027544807822621475,0.026651424786726663,0.012515286825783997,0.019163850198512345,0.5035000000000001,0.003500000000000031,0.0062399832332973495,0.0050306594479706535,0.021780812066140208,0.0918205216404896,True,1.0,reject,pre_step,drift_diffusion_then_jump,iid_bank,4,every_step,True,0.0004250000000000002,0.004883333333333335,1221.9274422561007,37114,0.0004719989281886388,0.9944801714898178,8.038585209003215e-07,0.0
LSC-CP-RA,"LSC-CP-RA (A=4), tamed",98886f115ea6a7a4c556fecc8bb0d7f3,8da7d73e85753d4e79f54062070fbc7b,True,0,962,4.8100000000000005,829818852.0321182,103727.35650401478,962.0,123136.0,0.12454243839348035,0.00020524659225440445,-0.00024593784692139575,0.029972190399643106,0.014584384002461787,0.02286270513131637,0.5045000000000001,0.004500000000000032,0.005944272654648424,0.0014134849766755941,0.015144782225227705,0.12882164260225826,True,1.0,reject,pre_step,drift_diffusion_then_jump,iid_bank,4,every_step,True,0.00037931034482758635,0.004896551724137932,4558.26822144974,38250,0.0004692047817047817,0.9940228690228691,9.095634095634096e-07,0.0
LSC-CP-RA,"LSC-CP-RA (A=4), tamed",98886f115ea6a7a4c556fecc8bb0d7f3,8da7d73e85753d4e79f54062070fbc7b,True,1,962,4.8100000000000005,829818852.0321182,103727.35650401478,962.0,123136.0,0.15475053560649213,0.00024174488084471868,-0.00020963042922395037,0.022022992224669316,0.013152634330091836,0.019836373827336384,0.501,0.0010000000000000009,0.00042822211961722793,0.00550924986907686,0.04204885241963145,0.19044510500287004,True,1.0,reject,pre_step,drift_diffusion_then_jump,iid_bank,4,every_step,True,0.00037931034482758635,0.004896551724137932,4558.26822144974,38250,0.0004692047817047817,0.9940228690228691,9.095634095634096e-07,0.0
LSC-CP-RA,"LSC-CP-RA (A=4), tamed",98886f115ea6a7a4c556fecc8bb0d7f3,8da7d73e85753d4e79f54062070fbc7b,True,2,962,4.8100000000000005,829818852.0321182,103727.35650401478,962.0,123136.0,0.11480236469982921,0.0003234051145906136,-0.00012654327515049246,0.042378101230706844,0.023843600637793633,0.03532278610037848,0.5075000000000001,0.007500000000000034,0.018862101383956515,0.012232120334480623,0.019435951296525342,0.17289402847620117,True,1.0,reject,pre_step,drift_diffusion_then_jump,iid_bank,4,every_step,True,0.00037931034482758635,0.004896551724137932,4558.26822144974,38250,0.0004692047817047817,0.9940228690228691,9.095634095634096e-07,0.0
LSC-CP-RA,"LSC-CP-RA (A=4), tamed",98886f115ea6a7a4c556fecc8bb0d7f3,8da7d73e85753d4e79f54062070fbc7b,True,3,962,4.8100000000000005,829818852.0321182,103727.35650401478,962.0,123136.0,0.08485704136985184,0.00022028387022310358,-0.0002291221364033591,0.03923743664597912,0.01992200176159073,0.02766937566839133,0.507,0.007000000000000006,0.013892841836921608,0.022085868471742653,0.0017251273049829804,0.00458816495941472,True,1.0,reject,pre_step,drift_diffusion_then_jump,iid_bank,4,every_step,True,0.00037931034482758635,0.004896551724137932,4558.26822144974,38250,0.0004692047817047817,0.9940228690228691,9.095634095634096e-07,0.0
LSC-CP-RA,"LSC-CP-RA (A=4), tamed",98886f115ea6a7a4c556fecc8bb0d7f3,8da7d73e85753d4e79f54062070fbc7b,True,0,992,4.96,855696778.8106667,106962.09735133333,992.0,126976.0,0.1224954130685388,0.0002182046214953548,-0.00023232844981169176,0.030982982455769498,0.01760507279853737,0.02717689350068911,0.5055000000000001,0.005500000000000033,0.011922415983996383,0.0040403195862031005,0.040136224392807326,0.15687169437320503,True,1.0,reject,pre_step,drift_diffusion_then_jump,iid_bank,4,every_step,True,0.00041666666666666686,0.004933333333333335,2270.254524023033,39434,0.00046761592741935486,0.9938004032258064,8.820564516129032e-07,0.0
LSC-CP-RA,"LSC-CP-RA (A=4), tamed",98886f115ea6a7a4c556fecc8bb0d7f3,8da7d73e85753d4e79f54062070fbc7b,True,1,992,4.96,855696778.8106667,106962.09735133333,992.0,126976.0,0.1587601058121153,0.0003942215366463664,-5.625049110824509e-05,0.02884049918857845,0.01337145285358008,0.017860124169323654,0.4975,0.00250000000000003,0.01035443491944602,0.007172250807332303,0.04764533954566113,0.0643610871436594,True,1.0,reject,pre_step,drift_diffusion_then_jump,iid_bank,4,every_step,True,0.00041666666666666686,0.004933333333333335,2270.254524023033,39434,0.00046761592741935486,0.9938004032258064,8.820564516129032e-07,0.0
LSC-CP-RA,"LSC-CP-RA (A=4), tamed",98886f115ea6a7a4c556fecc8bb0d7f3,8da7d73e85753d4e79f54062070fbc7b,True,2,992,4.96,855696778.8106667,106962.09735133333,992.0,126976.0,0.12391682684445791,0.00037632858256231305,-7.370863988420684e-05,0.0651123659859304,0.03443645638968338,0.051024390147679774,0.516,0.016000000000000014,0.039587230968386566,0.009638993577837707,0.06544119327407288,0.1879086776901805,True,1.0,reject,pre_step,drift_diffusion_then_jump,iid_bank,4,every_step,True,0.00041666666666666686,0.004933333333333335,2270.254524023033,39434,0.00046761592741935486,0.9938004032258064,8.820564516129032e-07,0.0
LSC-CP-RA,"LSC-CP-RA (A=4), tamed",98886f115ea6a7a4c556fecc8bb0d7f3,8da7d73e85753d4e79f54062070fbc7b,True,3,992,4.96,855696778.8106667,106962.09735133333,992.0,126976.0,0.10563912737986673,0.0001371087574205676,-0.0003139190874872355,0.03858569214911001,0.01928649494432681,0.030352863380277734,0.5075000000000001,0.007500000000000034,0.017478954072868817,0.00018765514363172642,0.0018277877288475329,0.15510960804949636,True,1.0,reject,pre_step,drift_diffusion_then_jump,iid_bank,4,every_step,True,0.00041666666666666686,0.004933333333333335,2270.254524023033,39434,0.00046761592741935486,0.9938004032258064,8.820564516129032e-07,0.0
LSC-CP-RA,"LSC-CP-RA (A=4), tamed",98886f115ea6a7a4c556fecc8bb0d7f3,8da7d73e85753d4e79f54062070fbc7b,True,0,1022,5.11,881574705.589215,110196.83819865188,1022.0,130816.0,0.14605872179933202,0.0003792451476963832,-7.113028876404304e-05,0.033880301115089856,0.017798195402795702,0.02240080551194262,0.501,0.0010000000000000009,0.0005939007422111108,0.009615398231414884,0.009668279817234015,0.10574568717969146,True,1.0,reject,pre_step,drift_diffusion_then_jump,iid_bank,4,every_step,True,0.00047916666666666686,0.005025000000000001,1683.2464670016016,40640,0.0004679549902152642,0.9941291585127201,8.561643835616439e-07,0.0
LSC-CP-RA,"LSC-CP-RA (A=4), tamed",98886f115ea6a7a4c556fecc8bb0d7f3,8da7d73e85753d4e79f54062070fbc7b,True,1,1022,5.11,881574705.589215,110196.83819865188,1022.0,130816.0,0.19104996361458296,0.0006077163418117815,0.0001563006179988724,0.026298064246777608,0.015690376283305222,0.026587133292221756,0.4945,0.005500000000000033,0.01294541553296057,0.0072045977249317605,0.012191662921821663,0.2072725934567553,True,1.0,reject,pre_step,drift_diffusion_then_jump,iid_bank,4,every_step,True,0.00047916666666666686,0.005025000000000001,1683.2464670016016,40640,0.0004679549902152642,0.9941291585127201,8.561643835616439e-07,0.0
LSC-CP-RA,"LSC-CP-RA (A=4), tamed",98886f115ea6a7a4c556fecc8bb0d7f3,8da7d73e85753d4e79f54062070fbc7b,True,2,1022,5.11,881574705.589215,110196.83819865188,1022.0,130816.0,0.15712555138301465,0.00032322773016513207,-0.0001279109175217341,0.04682797491779889,0.03324238548770801,0.05437752738120337,0.52,0.020000000000000018,0.04444451453599324,0.007138789377264532,0.05721077435502847,0.2693630661341079,True,1.0,reject,pre_step,drift_diffusion_then_jump,iid_bank,4,every_step,True,0.00047916666666666686,0.005025000000000001,1683.2464670016016,40640,0.0004679549902152642,0.9941291585127201,8.561643835616439e-07,0.0
LSC-CP-RA,"LSC-CP-RA (A=4), tamed",98886f115ea6a7a4c556fecc8bb0d7f3,8da7d73e85753d4e79f54062070fbc7b,True,3,1022,5.11,881574705.589215,110196.83819865188,1022.0,130816.0,0.10556783551176571,0.00014130115773169916,-0.0003090604133365593,0.029734705527301064,0.02486573882918659,0.041545471977138065,0.5155,0.015499999999999986,0.032396152488491155,0.006356861086395993,0.07925793287358268,0.1171787491020223,True,1.0,reject,pre_step,drift_diffusion_then_jump,iid_bank,4,every_step,True,0.00047916666666666686,0.005025000000000001,1683.2464670016016,40640,0.0004679549902152642,0.9941291585127201,8.561643835616439e-07,0.0
LSC-CP-RA,"LSC-CP-RA (A=4), tamed",98886f115ea6a7a4c556fecc8bb0d7f3,8da7d73e85753d4e79f54062070fbc7b,True,0,1052,5.26,907452632.3677634,113431.57904597043,1052.0,134656.0,0.12492624596417894,0.00036159025749027407,-8.817373682357132e-05,0.03839512165735415,0.01595588841794289,0.017972484090516654,0.501,0.0010000000000000009,0.002229358171993109,0.018087880548829816,0.021265557574375732,0.020910544060892433,True,1.0,reject,pre_step,drift_diffusion_then_jump,iid_bank,4,every_step,True,0.00042916666666666683,0.005020833333333334,882.8703211300058,41845,0.00046684885931558935,0.9944153992395437,8.317490494296578e-07,0.0
LSC-CP-RA,"LSC-CP-RA (A=4), tamed",98886f115ea6a7a4c556fecc8bb0d7f3,8da7d73e85753d4e79f54062070fbc7b,True,1,1052,5.26,907452632.3677634,113431.57904597043,1052.0,134656.0,0.1772552694261951,0.0008491115480179223,0.00039935666252022273,0.04392366782435514,0.022241817841343922,0.028515923268578276,0.4945,0.005500000000000033,0.016017497037521904,0.017622763526467633,0.007736496448836264,0.06488686410514044,True,1.0,reject,pre_step,drift_diffusion_then_jump,iid_bank,4,every_step,True,0.00042916666666666683,0.005020833333333334,882.8703211300058,41845,0.00046684885931558935,0.9944153992395437,8.317490494296578e-07,0.0
LSC-CP-RA,"LSC-CP-RA (A=4), tamed",98886f115ea6a7a4c556fecc8bb0d7f3,8da7d73e85753d4e79f54062070fbc7b,True,2,1052,5.26,907452632.3677634,113431.57904597043,1052.0,134656.0,0.09486984169926792,0.00017903742318736704,-0.0002712969239822005,0.03675248195353242,0.024445502993867753,0.03964225788530197,0.514,0.014000000000000012,0.026556555438929073,0.008104000976593473,0.032091532113779186,0.11946213853642307,True,1.0,reject,pre_step,drift_diffusion_then_jump,iid_bank,4,every_step,True,0.00042916666666666683,0.005020833333333334,882.8703211300058,41845,0.00046684885931558935,0.9944153992395437,8.317490494296578e-07,0.0
LSC-CP-RA,"LSC-CP-RA (A=4), tamed",98886f115ea6a7a4c556fecc8bb0d7f3,8da7d73e85753d4e79f54062070fbc7b,True,3,1052,5.26,907452632.3677634,113431.57904597043,1052.0,134656.0,0.18846370754707079,0.0008397933989697792,0.00039068919324269924,0.04971889325833978,0.043603525746915874,0.06919149962621243,0.529,0.028999999999999998,0.05252391333279973,0.015798664507664317,0.00884046363002573,0.10635597638066663,True,1.0,reject,pre_step,drift_diffusion_then_jump,iid_bank,4,every_step,True,0.00042916666666666683,0.005020833333333334,882.8703211300058,41845,0.00046684885931558935,0.9944153992395437,8.317490494296578e-07,0.0
LSC-CP-RA,"LSC-CP-RA (A=4), tamed",98886f115ea6a7a4c556fecc8bb0d7f3,8da7d73e85753d4e79f54062070fbc7b,True,0,1081,5.405,932467961.5870268,116558.49519837835,1081.0,138368.0,0.11022906777561664,0.0004042856517837423,-4.518460426639059e-05,0.037331636447776706,0.01971715371783415,0.025185608689510947,0.504,0.0040000000000000036,0.00561368405877161,0.024375724602710758,0.01846480668294475,0.0005644232981928399,True,1.0,reject,pre_step,drift_diffusion_then_jump,iid_bank,4,every_step,True,0.00041810344827586225,0.005030172413793103,1695.2453282029192,43012,0.0004655411655874191,0.99472710453284,1.0407030527289548e-06,0.0
LSC-CP-RA,"LSC-CP-RA (A=4), tamed",98886f115ea6a7a4c556fecc8bb0d7f3,8da7d73e85753d4e79f54062070fbc7b,True,1,1081,5.405,932467961.5870268,116558.49519837835,1081.0,138368.0,0.19779439649769015,0.0009676573401792288,0.0005176539769271571,0.043189824006168526,0.021759282583945525,0.03340442031485235,0.4915,0.008500000000000035,0.02007028977103941,0.013131465395810338,0.022429376286565425,0.10011461386044329,True,1.0,reject,pre_step,drift_diffusion_then_jump,iid_bank,4,every_step,True,0.00041810344827586225,0.005030172413793103,1695.2453282029192,43012,0.0004655411655874191,0.99472710453284,1.0407030527289548e-06,0.0
LSC-CP-RA,"LSC-CP-RA (A=4), tamed",98886f115ea6a7a4c556fecc8bb0d7f3,8da7d73e85753d4e79f54062070fbc7b,True,2,1081,5.405,932467961.5870268,116558.49519837835,1081.0,138368.0,0.09564719767819248,0.0001363476593363444,-0.00031435118852474186,0.0322980792016232,0.019820840012292763,0.03292814270720319,0.5105000000000001,0.010500000000000037,0.021173974363084862,0.0008686658766799971,0.02868092730258032,0.18003435237208476,True,1.0,reject,pre_step,drift_diffusion_then_jump,iid_bank,4,every_step,True,0.00041810344827586225,0.005030172413793103,1695.2453282029192,43012,0.0004655411655874191,0.99472710453284,1.0407030527289548e-06,0.0
LSC-CP-RA,"LSC-CP-RA (A=4), tamed",98886f115ea6a7a4c556fecc8bb0d7f3,8da7d73e85753d4e79f54062070fbc7b,True,3,1081,5.405,932467961.5870268,116558.49519837835,1081.0,138368.0,0.15905925244249386,0.00021716428334772608,-0.00023433646860426816,0.03763727434978403,0.031254269700204784,0.0534941446878138,0.52,0.020000000000000018,0.04502853633216463,0.015803077271373533,0.07655635962186241,0.31548926778021025,True,1.0,reject,pre_step,drift_diffusion_then_jump,iid_bank,4,every_step,True,0.00041810344827586225,0.005030172413793103,1695.2453282029192,43012,0.0004655411655874191,0.99472710453284,1.0407030527289548e-06,0.0
LSC-CP-RA,"LSC-CP-RA (A=4), tamed",98886f115ea6a7a4c556fecc8bb0d7f3,8da7d73e85753d4e79f54062070fbc7b,True,0,1111,5.555,958345888.3655752,119793.2360456969,1111.0,142208.0,0.15576795053532244,0.0004021589083179622,-4.856857740120901e-05,0.022195377142826586,0.012648845609645845,0.018015515700183546,0.499,0.0010000000000000009,0.00421491669631152,0.003464497808150613,0.018494051942804738,0.139766128788115,True,1.0,reject,pre_step,drift_diffusion_then_jump,iid_bank,4,every_step,True,0.00040416666666666677,0.0048958333333333345,900.7444256836656,44187,0.0004638838883888389,0.9943069306930693,1.0126012601260126e-06,0.0
LSC-CP-RA,"LSC-CP-RA (A=4), tamed",98886f115ea6a7a4c556fecc8bb0d7f3,8da7d73e85753d4e79f54062070fbc7b,True,1,1111,5.555,958345888.3655752,119793.2360456969,1111.0,142208.0,0.24034327886985535,0.0014505936514442874,0.0009991959008569529,0.04772532114191419,0.027332574619239866,0.047584530343794354,0.487,0.013000000000000012,0.019226297232274897,0.010157639840124855,0.05954230924923653,0.3237812045790921,True,1.0,reject,pre_step,drift_diffusion_then_jump,iid_bank,4,every_step,True,0.00040416666666666677,0.0048958333333333345,900.7444256836656,44187,0.0004638838883888389,0.9943069306930693,1.0126012601260126e-06,0.0
LSC-CP-RA,"LSC-CP-RA (A=4), tamed",98886f115ea6a7a4c556fecc8bb0d7f3,8da7d73e85753d4e79f54062070fbc7b,True,2,1111,5.555,958345888.3655752,119793.2360456969,1111.0,142208.0,0.11621278841941841,0.00010134709610720716,-0.0003501211203311705,0.028345756470260053,0.018014759631894143,0.032452275012123444,0.5085000000000001,0.008500000000000035,0.01309414127857339,0.009881212826761354,0.032922855477272084,0.24586047098510433,True,1.0,reject,pre_step,drift_diffusion_then_jump,iid_bank,4,every_step,True,0.00040416666666666677,0.0048958333333333345,900.7444256836656,44187,0.0004638838883888389,0.9943069306930693,1.0126012601260126e-06,0.0
LSC-CP-RA,"LSC-CP-RA (A=4), tamed",98886f115ea6a7a4c556fecc8bb0d7f3,8da7d73e85753d4e79f54062070fbc7b,True,3,1111,5.555,958345888.3655752,119793.2360456969,1111.0,142208.0,0.10379556620125807,0.00014760501680588511,-0.00030283918429696577,0.04264010529279305,0.024603264489667494,0.03927739458326065,0.514,0.014000000000000012,0.02900388070822251,0.0034616549202730607,0.018944488452104027,0.1635827379315581,True,1.0,reject,pre_step,drift_diffusion_then_jump,iid_bank,4,every_step,True,0.00040416666666666677,0.0048958333333333345,900.7444256836656,44187,0.0004638838883888389,0.9943069306930693,1.0126012601260126e-06,0.0
LSC-CP-RA,"LSC-CP-RA (A=4), tamed",98886f115ea6a7a4c556fecc8bb0d7f3,8da7d73e85753d4e79f54062070fbc7b,True,0,1141,5.705,984223815.1441237,123027.97689301545,1141.0,146048.0,0.09616542335877719,0.00013906695937149216,-0.0003109267686681738,0.028729063667107146,0.02336897085225909,0.038152240980458774,0.5145,0.014499999999999985,0.030110950578379814,0.01014896722516423,0.07293584538131845,0.09410273406751946,True,1.0,reject,pre_step,drift_diffusion_then_jump,iid_bank,4,every_step,True,0.0004625000000000002,0.004970833333333334,1499.697342921342,45380,0.00046384750219106047,0.9943032427695004,1.0955302366345311e-06,0.0
LSC-CP-RA,"LSC-CP-RA (A=4), tamed",98886f115ea6a7a4c556fecc8bb0d7f3,8da7d73e85753d4e79f54062070fbc7b,True,1,1141,5.705,984223815.1441237,123027.97689301545,1141.0,146048.0,0.23492662686096036,0.001393663510206311,0.00094321351040072,0.03801143465573037,0.026973359485976473,0.04425978666534387,0.485,0.015000000000000013,0.02706691277671382,0.004318218472409541,0.01421933001812655,0.19039684668067813,True,1.0,reject,pre_step,drift_diffusion_then_jump,iid_bank,4,every_step,True,0.0004625000000000002,0.004970833333333334,1499.697342921342,45380,0.00046384750219106047,0.9943032427695004,1.0955302366345311e-06,0.0
LSC-CP-RA,"LSC-CP-RA (A=4), tamed",98886f115ea6a7a4c556fecc8bb0d7f3,8da7d73e85753d4e79f54062070fbc7b,True,2,1141,5.705,984223815.1441237,123027.97689301545,1141.0,146048.0,0.123884021525702,0.00012206762811373117,-0.00032985989169065366,0.024412666225619606,0.015291327157098678,0.028362891544413626,0.5075000000000001,0.007500000000000034,0.011079096463391438,0.01386021187861397,0.0011110891459551549,0.2646652794310044,True,1.0,reject,pre_step,drift_diffusion_then_jump,iid_bank,4,every_step,True,0.0004625000000000002,0.004970833333333334,1499.697342921342,45380,0.00046384750219106047,0.9943032427695004,1.0955302366345311e-06,0.0
LSC-CP-RA,"LSC-CP-RA (A=4), tamed",98886f115ea6a7a4c556fecc8bb0d7f3,8da7d73e85753d4e79f54062070fbc7b,True,3,1141,5.705,984223815.1441237,123027.97689301545,1141.0,146048.0,0.07101801682001295,0.00014506327822816356,-0.00030544913078600633,0.024229406638970774,0.01827812826949735,0.03032129622934837,0.5105000000000001,0.010500000000000037,0.02045430345560284,0.008176681592723445,0.050714896651063386,0.08323112561349244,True,1.0,reject,pre_step,drift_diffusion_then_jump,iid_bank,4,every_step,True,0.0004625000000000002,0.004970833333333334,1499.697342921342,45380,0.00046384750219106047,0.9943032427695004,1.0955302366345311e-06,0.0
LSC-CP-RA,"LSC-CP-RA (A=4), tamed",98886f115ea6a7a4c556fecc8bb0d7f3,8da7d73e85753d4e79f54062070fbc7b,True,0,1170,5.8500000000000005,1009239144.3633871,126154.89304542339,1170.0,149760.0,0.12105266064337925,0.0002151825976928201,-0.00023596566806360908,0.03628011281927468,0.02630047802714803,0.04628048201051258,0.5145,0.014499999999999985,0.02495625010263433,0.002837237462119724,0.023340507101534125,0.2344252190638928,True,1.0,reject,pre_step,drift_diffusion_then_jump,iid_bank,4,every_step,True,0.00048275862068965534,0.0052801724137931045,1998.3879107862717,46605,0.00046431623931623934,0.9958333333333333,1.0683760683760685e-06,0.0
LSC-CP-RA,"LSC-CP-RA (A=4), tamed",98886f115ea6a7a4c556fecc8bb0d7f3,8da7d73e85753d4e79f54062070fbc7b,True,1,1170,5.8500000000000005,1009239144.3633871,126154.89304542339,1170.0,149760.0,0.20591860821975355,0.0010006137067365417,0.00055058797990859,0.035514369123832545,0.021553916131921095,0.033023520330842014,0.489,0.01100000000000001,0.020386669073452546,0.012678694141033287,0.006158146505395734,0.04862655798830395,True,1.0,reject,pre_step,drift_diffusion_then_jump,iid_bank,4,every_step,True,0.00048275862068965534,0.0052801724137931045,1998.3879107862717,46605,0.00046431623931623934,0.9958333333333333,1.0683760683760685e-06,0.0
LSC-CP-RA,"LSC-CP-RA (A=4), tamed",98886f115ea6a7a4c556fecc8bb0d7f3,8da7d73e85753d4e79f54062070fbc7b,True,2,1170,5.8500000000000005,1009239144.3633871,126154.89304542339,1170.0,149760.0,0.10860252660514216,0.00015384165454745968,-0.0002970027818318677,0.03661322599678074,0.01996531154283312,0.03183209521469775,0.509,0.009000000000000008,0.017028700628154356,0.0007624995939379264,0.012613886904689836,0.202814033202232,True,1.0,reject,pre_step,drift_diffusion_then_jump,iid_bank,4,every_step,True,0.00048275862068965534,0.0052801724137931045,1998.3879107862717,46605,0.00046431623931623934,0.9958333333333333,1.0683760683760685e-06,0.0
LSC-CP-RA,"LSC-CP-RA (A=4), tamed",98886f115ea6a7a4c556fecc8bb0d7f3,8da7d73e85753d4e79f54062070fbc7b,True,3,1170,5.8500000000000005,1009239144.3633871,126154.89304542339,1170.0,149760.0,0.11891108245441331,0.00011119783816304629,-0.00034016806993486526,0.025642682005293627,0.023666046058289307,0.04131077752388766,0.516,0.016000000000000014,0.030874858726750776,0.006633436702083162,0.05784268601181102,0.19292502028490077,True,1.0,reject,pre_step,drift_diffusion_then_jump,iid_bank,4,every_step,True,0.00048275862068965534,0.0052801724137931045,1998.3879107862717,46605,0.00046431623931623934,0.9958333333333333,1.0683760683760685e-06,0.0
LSC-CP-RA,"LSC-CP-RA (A=4), tamed",98886f115ea6a7a4c556fecc8bb0d7f3,8da7d73e85753d4e79f54062070fbc7b,True,0,1200,6.0,1035117071.1419355,129389.63389274193,1200.0,153600.0,0.11488394191043665,0.00013977110816032479,-0.0003111583397751305,0.02671090651720477,0.023393133817418442,0.04132245254108609,0.5145,0.014499999999999985,0.019827917071051505,0.003728861556319907,0.028398455515586805,0.2100183627699327,True,1.0,reject,pre_step,drift_diffusion_then_jump,iid_bank,4,every_step,True,0.0004458333333333335,0.004841666666666668,1649.1154876435553,47767,0.00046385416666666667,0.9951458333333333,1.0416666666666667e-06,0.0
LSC-CP-RA,"LSC-CP-RA (A=4), tamed",98886f115ea6a7a4c556fecc8bb0d7f3,8da7d73e85753d4e79f54062070fbc7b,True,1,1200,6.0,1035117071.1419355,129389.63389274193,1200.0,153600.0,0.23654793170708327,0.0014020794567954908,0.0009519618131342833,0.030457562305636315,0.025362027477798876,0.04164406046215069,0.483,0.017000000000000015,0.03075332735432901,0.008124988096534613,0.040018522675600146,0.07851738582786016,True,1.0,reject,pre_step,drift_diffusion_then_jump,iid_bank,4,every_step,True,0.0004458333333333335,0.004841666666666668,1649.1154876435553,47767,0.00046385416666666667,0.9951458333333333,1.0416666666666667e-06,0.0
LSC-CP-RA,"LSC-CP-RA (A=4), tamed",98886f115ea6a7a4c556fecc8bb0d7f3,8da7d73e85753d4e79f54062070fbc7b,True,2,1200,6.0,1035117071.1419355,129389.63389274193,1200.0,153600.0,0.09127945951892108,0.00012378433846560455,-0.0003268964336892166,0.027136102550016417,0.018012734807517413,0.030595884692266886,0.51,0.010000000000000009,0.017954278083883394,0.0028207172553113002,0.004998645464569581,0.142635414126408,True,1.0,reject,pre_step,drift_diffusion_then_jump,iid_bank,4,every_step,True,0.0004458333333333335,0.004841666666666668,1649.1154876435553,47767,0.00046385416666666667,0.9951458333333333,1.0416666666666667e-06,0.0
LSC-CP-RA,"LSC-CP-RA (A=4), tamed",98886f115ea6a7a4c556fecc8bb0d7f3,8da7d73e85753d4e79f54062070fbc7b,True,3,1200,6.0,1035117071.1419355,129389.63389274193,1200.0,153600.0,0.12129434302433072,0.00011397878506391734,-0.00033816793897534225,0.024838023485643998,0.020328689806654945,0.039215461420627734,0.5115000000000001,0.011500000000000038,0.01995728188055938,0.01950140672207834,0.03004134228407964,0.3435373185161107,True,1.0,reject,pre_step,drift_diffusion_then_jump,iid_bank,4,every_step,True,0.0004458333333333335,0.004841666666666668,1649.1154876435553,47767,0.00046385416666666667,0.9951458333333333,1.0416666666666667e-06,0.0
LSC-CP-RA,"LSC-CP-RA (A=4), tamed",98886f115ea6a7a4c556fecc8bb0d7f3,8da7d73e85753d4e79f54062070fbc7b,True,0,1230,6.15,1060994997.9204838,132624.37474006048,1230.0,157440.0,0.14694509914625656,0.00023511690402933105,-0.00021666759458938145,0.03183533943610484,0.027986405712080963,0.05082697755204682,0.5185,0.01849999999999999,0.0275509807644526,0.012870482499323654,0.015408871690354334,0.2784164595674089,True,1.0,reject,pre_step,drift_diffusion_then_jump,iid_bank,4,every_step,True,0.0005083333333333335,0.004933333333333334,3903.234553520367,48951,0.0004649390243902439,0.994939024390244,1.1178861788617887e-06,0.0
LSC-CP-RA,"LSC-CP-RA (A=4), tamed",98886f115ea6a7a4c556fecc8bb0d7f3,8da7d73e85753d4e79f54062070fbc7b,True,1,1230,6.15,1060994997.9204838,132624.37474006048,1230.0,157440.0,0.20430956000592343,0.000789139471616962,0.00033845911648577864,0.03759868994933474,0.01984820687356432,0.03203325502707268,0.4915,0.008500000000000035,0.023190817584721017,0.0028343487426892855,0.07890381098079202,0.15221255596641015,True,1.0,reject,pre_step,drift_diffusion_then_jump,iid_bank,4,every_step,True,0.0005083333333333335,0.004933333333333334,3903.234553520367,48951,0.0004649390243902439,0.994939024390244,1.1178861788617887e-06,0.0
LSC-CP-RA,"LSC-CP-RA (A=4), tamed",98886f115ea6a7a4c556fecc8bb0d7f3,8da7d73e85753d4e79f54062070fbc7b,True,2,1230,6.15,1060994997.9204838,132624.37474006048,1230.0,157440.0,0.13097224122839685,0.00027207164789189164,-0.00017852697374420856,0.03351732436571897,0.016779274250157152,0.023878317866123648,0.504,0.0040000000000000036,0.013486071426032866,0.004219541664157278,0.0723881850051541,0.1392482375389622,True,1.0,reject,pre_step,drift_diffusion_then_jump,iid_bank,4,every_step,True,0.0005083333333333335,0.004933333333333334,3903.234553520367,48951,0.0004649390243902439,0.994939024390244,1.1178861788617887e-06,0.0
LSC-CP-RA,"LSC-CP-RA (A=4), tamed",98886f115ea6a7a4c556fecc8bb0d7f3,8da7d73e85753d4e79f54062070fbc7b,True,3,1230,6.15,1060994997.9204838,132624.37474006048,1230.0,157440.0,0.15402460935402842,0.00032994726444168787,-0.0001211358209006752,0.032047047432779086,0.013000929838483402,0.016704066665069135,0.4995,0.0005000000000000282,0.0028342013844439694,0.000996294244950846,0.028269310858317916,0.15359177225367493,True,1.0,reject,pre_step,drift_diffusion_then_jump,iid_bank,4,every_step,True,0.0005083333333333335,0.004933333333333334,3903.234553520367,48951,0.0004649390243902439,0.994939024390244,1.1178861788617887e-06,0.0
LSC-CP-RA,"LSC-CP-RA (A=4), tamed",98886f115ea6a7a4c556fecc8bb0d7f3,8da7d73e85753d4e79f54062070fbc7b,True,0,1259,6.295,1086010327.1397474,135751.29089246842,1259.0,161152.0,0.11367478924286795,0.0002500220176978596,-0.00020017563337260125,0.04030781102876657,0.027787006845857522,0.04569921560728746,0.516,0.016000000000000014,0.02539624313125995,0.008389990193199748,0.012739395673929522,0.1298077538302994,True,1.0,reject,pre_step,drift_diffusion_then_jump,iid_bank,4,every_step,True,0.0005258620689655174,0.005090517241379312,1962.0124535575314,50132,0.00046634233518665606,0.995472597299444,1.0921366163621923e-06,0.0
LSC-CP-RA,"LSC-CP-RA (A=4), tamed",98886f115ea6a7a4c556fecc8bb0d7f3,8da7d73e85753d4e79f54062070fbc7b,True,1,1259,6.295,1086010327.1397474,135751.29089246842,1259.0,161152.0,0.186917098863924,0.000544604353021394,9.321725868682851e-05,0.03495992007982285,0.018761216176387173,0.028802968222771747,0.496,0.0040000000000000036,0.0038600432578187478,0.0044147449230161895,0.012996009627590314,0.24021866329615105,True,1.0,reject,pre_step,drift_diffusion_then_jump,iid_bank,4,every_step,True,0.0005258620689655174,0.005090517241379312,1962.0124535575314,50132,0.00046634233518665606,0.995472597299444,1.0921366163621923e-06,0.0
LSC-CP-RA,"LSC-CP-RA (A=4), tamed",98886f115ea6a7a4c556fecc8bb0d7f3,8da7d73e85753d4e79f54062070fbc7b,True,2,1259,6.295,1086010327.1397474,135751.29089246842,1259.0,161152.0,0.1376642836698213,0.0002303697059524712,-0.00022143769083260434,0.03205902646968728,0.01789532716994694,0.03191124861557749,0.5055000000000001,0.005500000000000033,0.008998019196683131,0.010980305442632288,0.021289640293203512,0.27312897084335497,True,1.0,reject,pre_step,drift_diffusion_then_jump,iid_bank,4,every_step,True,0.0005258620689655174,0.005090517241379312,1962.0124535575314,50132,0.00046634233518665606,0.995472597299444,1.0921366163621923e-06,0.0
LSC-CP-RA,"LSC-CP-RA (A=4), tamed",98886f115ea6a7a4c556fecc8bb0d7f3,8da7d73e85753d4e79f54062070fbc7b,True,3,1259,6.295,1086010327.1397474,135751.29089246842,1259.0,161152.0,0.1241569026743416,0.00019762836268311101,-0.00025345094330975204,0.024800276069508187,0.013333066849389402,0.022032780365447063,0.5045000000000001,0.004500000000000032,0.009098478966666561,0.0008957914219409613,0.02337160786297715,0.13416948036570642,True,1.0,reject,pre_step,drift_diffusion_then_jump,iid_bank,4,every_step,True,0.0005258620689655174,0.005090517241379312,1962.0124535575314,50132,0.00046634233518665606,0.995472597299444,1.0921366163621923e-06,0.0
LSC-CP-RA,"LSC-CP-RA (A=4), tamed",98886f115ea6a7a4c556fecc8bb0d7f3,8da7d73e85753d4e79f54062070fbc7b,True,0,1289,6.445,1111888253.9182956,138986.03173978697,1289.0,164992.0,0.12131011693441204,0.0002597428239491384,-0.00018971697875114213,0.03621811552304677,0.029758887697362905,0.04639237128333784,0.5195,0.01949999999999999,0.03672906307283111,0.016674583738408022,0.033903039513439814,0.04586148890294284,True,1.0,reject,pre_step,drift_diffusion_then_jump,iid_bank,4,every_step,True,0.00040416666666666677,0.005029166666666668,2971.698071697947,51339,0.00046489526764934057,0.9957137315748642,1.0667183863460046e-06,0.0
LSC-CP-RA,"LSC-CP-RA (A=4), tamed",98886f115ea6a7a4c556fecc8bb0d7f3,8da7d73e85753d4e79f54062070fbc7b,True,1,1289,6.445,1111888253.9182956,138986.03173978697,1289.0,164992.0,0.19761761255292082,0.0006860776751307363,0.00023502894168703214,0.03584487305568626,0.019493975250694996,0.030952936993209147,0.4935,0.0065000000000000335,0.01690742571845683,0.0016823681550663938,0.06295582568168559,0.2048887077125051,True,1.0,reject,pre_step,drift_diffusion_then_jump,iid_bank,4,every_step,True,0.00040416666666666677,0.005029166666666668,2971.698071697947,51339,0.00046489526764934057,0.9957137315748642,1.0667183863460046e-06,0.0
LSC-CP-RA,"LSC-CP-RA (A=4), tamed",98886f115ea6a7a4c556fecc8bb0d7f3,8da7d73e85753d4e79f54062070fbc7b,True,2,1289,6.445,1111888253.9182956,138986.03173978697,1289.0,164992.0,0.1141405217779723,0.00023723737747982643,-0.0002135794475119912,0.030544169132574905,0.020305645877566333,0.036428471653342696,0.51,0.010000000000000009,0.014980285730001458,0.0018108772872886814,0.025857913063875606,0.2656301789708245,True,1.0,reject,pre_step,drift_diffusion_then_jump,iid_bank,4,every_step,True,0.00040416666666666677,0.005029166666666668,2971.698071697947,51339,0.00046489526764934057,0.9957137315748642,1.0667183863460046e-06,0.0
LSC-CP-RA,"LSC-CP-RA (A=4), tamed",98886f115ea6a7a4c556fecc8bb0d7f3,8da7d73e85753d4e79f54062070fbc7b,True,3,1289,6.445,1111888253.9182956,138986.03173978697,1289.0,164992.0,0.20368056382154856,0.0006573567352250453,0.0002054409435809923,0.027062370425847027,0.01439294794477501,0.026476645894233493,0.492,0.008000000000000007,0.0066485462794199654,0.01455803403469158,0.03336250354545684,0.2637484285578543,True,1.0,reject,pre_step,drift_diffusion_then_jump,iid_bank,4,every_step,True,0.00040416666666666677,0.005029166666666668,2971.698071697947,51339,0.00046489526764934057,0.9957137315748642,1.0667183863460046e-06,0.0
LSC-CP-RA,"LSC-CP-RA (A=4), tamed",98886f115ea6a7a4c556fecc8bb0d7f3,8da7d73e85753d4e79f54062070fbc7b,True,0,1319,6.595,1137766180.696844,142220.77258710552,1319.0,168832.0,0.1187730954353035,0.00017320227761075113,-0.00027751288203692326,0.03629872921720004,0.026036241546421725,0.04482688881535637,0.515,0.015000000000000013,0.02419518325287816,0.0009815921752229784,0.009615549946074666,0.19965017215564573,True,1.0,reject,pre_step,drift_diffusion_then_jump,iid_bank,4,every_step,True,0.0004916666666666668,0.005125000000000001,4096.977967890899,52569,0.00046550416982562545,0.996379833206975,1.042456406368461e-06,0.0
LSC-CP-RA,"LSC-CP-RA (A=4), tamed",98886f115ea6a7a4c556fecc8bb0d7f3,8da7d73e85753d4e79f54062070fbc7b,True,1,1319,6.595,1137766180.696844,142220.77258710552,1319.0,168832.0,0.20408795241118885,0.0009745543620486297,0.0005241551973449443,0.029675729072369178,0.02046677751654115,0.033900157357412086,0.49,0.010000000000000009,0.01358749588265267,0.008450026543280864,0.018799210765174837,0.10681708046750071,True,1.0,reject,pre_step,drift_diffusion_then_jump,iid_bank,4,every_step,True,0.0004916666666666668,0.005125000000000001,4096.977967890899,52569,0.00046550416982562545,0.996379833206975,1.042456406368461e-06,0.0
LSC-CP-RA,"LSC-CP-RA (A=4), tamed",98886f115ea6a7a4c556fecc8bb0d7f3,8da7d73e85753d4e79f54062070fbc7b,True,2,1319,6.595,1137766180.696844,142220.77258710552,1319.0,168832.0,0.10735755655967112,0.0002622481049574521,-0.00018810863231788488,0.03937472108509016,0.020380977288163526,0.030415886898856687,0.507,0.007000000000000006,0.01349848625589407,0.009562320365237964,0.053643102572582146,0.1067281386438651,True,1.0,reject,pre_step,drift_diffusion_then_jump,iid_bank,4,every_step,True,0.0004916666666666668,0.005125000000000001,4096.977967890899,52569,0.00046550416982562545,0.996379833206975,1.042456406368461e-06,0.0
LSC-CP-RA,"LSC-CP-RA (A=4), tamed",98886f115ea6a7a4c556fecc8bb0d7f3,8da7d73e85753d4e79f54062070fbc7b,True,3,1319,6.595,1137766180.696844,142220.77258710552,1319.0,168832.0,0.20339833520420056,0.0008179579576704787,0.0003674904996311401,0.032306755665301334,0.019716721379208258,0.03292190243995233,0.4905,0.009500000000000036,0.0162509179072455,0.006152954013075251,0.03967862238099689,0.13712712658573356,True,1.0,reject,pre_step,drift_diffusion_then_jump,iid_bank,4,every_step,True,0.0004916666666666668,0.005125000000000001,4096.977967890899,52569,0.00046550416982562545,0.996379833206975,1.042456406368461e-06,0.0
LSC-CP-RA,"LSC-CP-RA (A=4), tamed",98886f115ea6a7a4c556fecc8bb0d7f3,8da7d73e85753d4e79f54062070fbc7b,True,0,1348,6.74,1162781509.9161074,145347.68873951343,1348.0,172544.0,0.13926179977827222,0.0003235827012797454,-0.0001263351897746734,0.035679476539094535,0.01805341670761007,0.02073671720513093,0.501,0.0010000000000000009,0.0029525757836392818,0.015661867009674646,0.024401159987064668,0.06023471983586981,True,1.0,reject,pre_step,drift_diffusion_then_jump,iid_bank,4,every_step,True,0.00045258620689655186,0.005008620689655174,1803.4304093734756,53731,0.00046522626112759644,0.9964948071216617,1.0200296735905045e-06,0.0
LSC-CP-RA,"LSC-CP-RA (A=4), tamed",98886f115ea6a7a4c556fecc8bb0d7f3,8da7d73e85753d4e79f54062070fbc7b,True,1,1348,6.74,1162781509.9161074,145347.68873951343,1348.0,172544.0,0.2335665795357436,0.0014258121136259128,0.0009757129693516164,0.042531677911296306,0.027548256997009603,0.04520560969251225,0.4855,0.014499999999999985,0.02546783308589078,0.009021207200806347,0.008003389607922217,0.14322634765977138,True,1.0,reject,pre_step,drift_diffusion_then_jump,iid_bank,4,every_step,True,0.00045258620689655186,0.005008620689655174,1803.4304093734756,53731,0.00046522626112759644,0.9964948071216617,1.0200296735905045e-06,0.0
LSC-CP-RA,"LSC-CP-RA (A=4), tamed",98886f115ea6a7a4c556fecc8bb0d7f3,8da7d73e85753d4e79f54062070fbc7b,True,2,1348,6.74,1162781509.9161074,145347.68873951343,1348.0,172544.0,0.15390683271773342,0.00031046808901502576,-0.00014008757425010288,0.03030727501260988,0.015250506344760733,0.019004257144998007,0.5,0.0,0.002937843286468751,0.005346391280067864,0.055516551661208294,0.13373706898566862,True,1.0,reject,pre_step,drift_diffusion_then_jump,iid_bank,4,every_step,True,0.00045258620689655186,0.005008620689655174,1803.4304093734756,53731,0.00046522626112759644,0.9964948071216617,1.0200296735905045e-06,0.0
LSC-CP-RA,"LSC-CP-RA (A=4), tamed",98886f115ea6a7a4c556fecc8bb0d7f3,8da7d73e85753d4e79f54062070fbc7b,True,3,1348,6.74,1162781509.9161074,145347.68873951343,1348.0,172544.0,0.2072611150407418,0.0004503408499922923,-2.773962692326215e-06,0.027864320505522455,0.016434191463826162,0.030010898017041616,0.4965,0.003500000000000031,0.01182328901406797,0.03310519441935689,0.08496043981251775,0.49185845823764385,True,1.0,reject,pre_step,drift_diffusion_then_jump,iid_bank,4,every_step,True,0.00045258620689655186,0.005008620689655174,1803.4304093734756,53731,0.00046522626112759644,0.9964948071216617,1.0200296735905045e-06,0.0
LSC-CP-RA,"LSC-CP-RA (A=4), tamed",98886f115ea6a7a4c556fecc8bb0d7f3,8da7d73e85753d4e79f54062070fbc7b,True,0,1378,6.890000000000001,1188659436.694656,148582.42958683198,1378.0,176384.0,0.14162605528308705,0.0001856468980231396,-0.0002663908029834072,0.02423528953041909,0.011203694659387076,0.01933962797842466,0.5035000000000001,0.003500000000000031,0.010306134949422925,0.015523298185930456,0.05094607411320376,0.24492056105204518,True,1.0,reject,pre_step,drift_diffusion_then_jump,iid_bank,4,every_step,True,0.0004666666666666669,0.005150000000000001,879.89063770655,54967,0.0004652576197387518,0.9972242380261248,9.97822931785196e-07,0.0
LSC-CP-RA,"LSC-CP-RA (A=4), tamed",98886f115ea6a7a4c556fecc8bb0d7f3,8da7d73e85753d4e79f54062070fbc7b,True,1,1378,6.890000000000001,1188659436.694656,148582.42958683198,1378.0,176384.0,0.20992975002600647,0.0008537470116063428,0.00040320543136351805,0.027411805797150413,0.019352323499043034,0.03326314574451539,0.4905,0.009500000000000036,0.018969244986045436,0.002736497326995324,0.049830448434893884,0.18976930726886054,True,1.0,reject,pre_step,drift_diffusion_then_jump,iid_bank,4,every_step,True,0.0004666666666666669,0.005150000000000001,879.89063770655,54967,0.0004652576197387518,0.9972242380261248,9.97822931785196e-07,0.0
LSC-CP-RA,"LSC-CP-RA (A=4), tamed",98886f115ea6a7a4c556fecc8bb0d7f3,8da7d73e85753d4e79f54062070fbc7b,True,2,1378,6.890000000000001,1188659436.694656,148582.42958683198,1378.0,176384.0,0.15698205801508527,0.00025608518857000995,-0.00019546744119924853,0.044504558080780576,0.021804380380356488,0.03100946288316505,0.5025000000000001,0.00250000000000003,0.005032813814128557,0.008574354206751456,0.03924247819589154,0.29143080988612724,True,1.0,reject,pre_step,drift_diffusion_then_jump,iid_bank,4,every_step,True,0.0004666666666666669,0.005150000000000001,879.89063770655,54967,0.0004652576197387518,0.9972242380261248,9.97822931785196e-07,0.0
LSC-CP-RA,"LSC-CP-RA (A=4), tamed",98886f115ea6a7a4c556fecc8bb0d7f3,8da7d73e85753d4e79f54062070fbc7b,True,3,1378,6.890000000000001,1188659436.694656,148582.42958683198,1378.0,176384.0,0.13853585673696206,0.0003028941509227723,-0.00014777529941201184,0.027013375807213635,0.013337499328811848,0.01752764969860393,0.501,0.0010000000000000009,0.00020040094408350318,0.006474694017920668,0.013272656995989018,0.09361871172536096,True,1.0,reject,pre_step,drift_diffusion_then_jump,iid_bank,4,every_step,True,0.0004666666666666669,0.005150000000000001,879.89063770655,54967,0.0004652576197387518,0.9972242380261248,9.97822931785196e-07,0.0
LSC-CP-RA,"LSC-CP-RA (A=4), tamed",98886f115ea6a7a4c556fecc8bb0d7f3,8da7d73e85753d4e79f54062070fbc7b,True,0,1408,7.04,1214537363.4732044,151817.17043415055,1408.0,180224.0,0.1087209759420793,0.00010242186785103247,-0.00034904526523626966,0.03200150840068827,0.02054240346013473,0.03620769275963685,0.5105000000000001,0.010500000000000037,0.02299532231289634,0.010348641938314529,0.017309237459473496,0.25765852925380883,True,1.0,reject,pre_step,drift_diffusion_then_jump,iid_bank,4,every_step,True,0.0005250000000000002,0.005200000000000001,1870.4684373875969,56215,0.00046653053977272727,0.9981356534090909,9.765625e-07,0.0
LSC-CP-RA,"LSC-CP-RA (A=4), tamed",98886f115ea6a7a4c556fecc8bb0d7f3,8da7d73e85753d4e79f54062070fbc7b,True,1,1408,7.04,1214537363.4732044,151817.17043415055,1408.0,180224.0,0.21096257147358824,0.0010068104040555914,0.0005561656832131501,0.046034982110677525,0.02330123922704684,0.03538089922611282,0.4905,0.009500000000000036,0.025764506405378057,0.002689637958367186,0.05721468568340251,0.18256322429147176,True,1.0,reject,pre_step,drift_diffusion_then_jump,iid_bank,4,every_step,True,0.0005250000000000002,0.005200000000000001,1870.4684373875969,56215,0.00046653053977272727,0.9981356534090909,9.765625e-07,0.0
LSC-CP-RA,"LSC-CP-RA (A=4), tamed",98886f115ea6a7a4c556fecc8bb0d7f3,8da7d73e85753d4e79f54062070fbc7b,True,2,1408,7.04,1214537363.4732044,151817.17043415055,1408.0,180224.0,0.15838698769246592,0.0002535226157467374,-0.0001982124389241502,0.02525586639644478,0.011285059157820508,0.01801417801739384,0.5005000000000001,0.0005000000000000282,0.0013863008847868335,0.01226253888863027,0.04871664377917868,0.26334291317410685,True,1.0,reject,pre_step,drift_diffusion_then_jump,iid_bank,4,every_step,True,0.0005250000000000002,0.005200000000000001,1870.4684373875969,56215,0.00046653053977272727,0.9981356534090909,9.765625e-07,0.0
LSC-CP-RA,"LSC-CP-RA (A=4), tamed",98886f115ea6a7a4c556fecc8bb0d7f3,8da7d73e85753d4e79f54062070fbc7b,True,3,1408,7.04,1214537363.4732044,151817.17043415055,1408.0,180224.0,0.1157376910728583,0.0001374624518013512,-0.0003144583559523406,0.023727882355369156,0.013994028208052012,0.02511328661971314,0.507,0.007000000000000006,0.019513220393884916,0.012494332632956962,0.09092155331585522,0.20235460913715786,True,1.0,reject,pre_step,drift_diffusion_then_jump,iid_bank,4,every_step,True,0.0005250000000000002,0.005200000000000001,1870.4684373875969,56215,0.00046653053977272727,0.9981356534090909,9.765625e-07,0.0
LSC-CP-RA,"LSC-CP-RA (A=4), tamed",98886f115ea6a7a4c556fecc8bb0d7f3,8da7d73e85753d4e79f54062070fbc7b,True,0,1438,7.19,1240415290.2517526,155051.91128146907,1438.0,184064.0,0.18204191854526297,0.0005998661825882268,0.00014888654196654194,0.03981223454390917,0.019305163527864263,0.02917383928562367,0.496,0.0040000000000000036,0.009750088338771026,0.0013472961005456252,0.016884947806836262,0.19122969682921764,True,1.0,reject,pre_step,drift_diffusion_then_jump,iid_bank,4,every_step,True,0.0004708333333333335,0.005025000000000002,866.014801050136,57421,0.0004666203059805285,0.998278859527121,9.561891515994437e-07,0.0
LSC-CP-RA,"LSC-CP-RA (A=4), tamed",98886f115ea6a7a4c556fecc8bb0d7f3,8da7d73e85753d4e79f54062070fbc7b,True,1,1438,7.19,1240415290.2517526,155051.91128146907,1438.0,184064.0,0.16016618289398335,0.0004385063989603699,-1.198280013470221e-05,0.035363240945387175,0.01789041944811449,0.02264758487085749,0.499,0.0010000000000000009,0.004916957761925278,0.007021485007062567,0.027383323716770335,0.14598425452389596,True,1.0,reject,pre_step,drift_diffusion_then_jump,iid_bank,4,every_step,True,0.0004708333333333335,0.005025000000000002,866.014801050136,57421,0.0004666203059805285,0.998278859527121,9.561891515994437e-07,0.0
LSC-CP-RA,"LSC-CP-RA (A=4), tamed",98886f115ea6a7a4c556fecc8bb0d7f3,8da7d73e85753d4e79f54062070fbc7b,True,2,1438,7.19,1240415290.2517526,155051.91128146907,1438.0,184064.0,0.1912190973221957,0.0005760577394293698,0.00012472721935818942,0.029800601153645523,0.01563229040686646,0.026295607809681397,0.494,0.006000000000000005,0.01654336518852051,0.005965740624725768,0.04045829541357532,0.1512314928938837,True,1.0,reject,pre_step,drift_diffusion_then_jump,iid_bank,4,every_step,True,0.0004708333333333335,0.005025000000000002,866.014801050136,57421,0.0004666203059805285,0.998278859527121,9.561891515994437e-07,0.0
LSC-CP-RA,"LSC-CP-RA (A=4), tamed",98886f115ea6a7a4c556fecc8bb0d7f3,8da7d73e85753d4e79f54062070fbc7b,True,3,1438,7.19,1240415290.2517526,155051.91128146907,1438.0,184064.0,0.08984241047895829,0.0001092824602181297,-0.0003414572469740973,0.037428161673192406,0.023844627457325896,0.039529249762619734,0.513,0.013000000000000012,0.030027610547674128,0.0021994702872527583,0.05150697100805814,0.11885235740402844,True,1.0,reject,pre_step,drift_diffusion_then_jump,iid_bank,4,every_step,True,0.0004708333333333335,0.005025000000000002,866.014801050136,57421,0.0004666203059805285,0.998278859527121,9.561891515994437e-07,0.0
LSC-CP-RA,"LSC-CP-RA (A=4), tamed",98886f115ea6a7a4c556fecc8bb0d7f3,8da7d73e85753d4e79f54062070fbc7b,True,0,1467,7.335,1265430619.4710162,158178.827433877,1467.0,187776.0,0.21359732272190665,0.001191624415243231,0.0007419357573500429,0.03309538209503646,0.022972011162301166,0.035329069506501797,0.4865,0.013499999999999984,0.028422113439881058,0.01652848297710796,0.04233524021508972,0.009345818331147338,True,1.0,reject,pre_step,drift_diffusion_then_jump,iid_bank,4,every_step,True,0.00043534482758620703,0.004771551724137931,3854.472518766974,58528,0.00046600204498977506,0.9974096796182685,9.372869802317655e-07,0.0
LSC-CP-RA,"LSC-CP-RA (A=4), tamed",98886f115ea6a7a4c556fecc8bb0d7f3,8da7d73e85753d4e79f54062070fbc7b,True,1,1467,7.335,1265430619.4710162,158178.827433877,1467.0,187776.0,0.10804165985332267,0.00018879603499588615,-0.0002615914687831289,0.03107491934298312,0.01816981707560142,0.02807772919373354,0.5065000000000001,0.0065000000000000335,0.01384850212694774,0.0072849556536407345,0.028255588638942453,0.12205256115345786,True,1.0,reject,pre_step,drift_diffusion_then_jump,iid_bank,4,every_step,True,0.00043534482758620703,0.004771551724137931,3854.472518766974,58528,0.00046600204498977506,0.9974096796182685,9.372869802317655e-07,0.0
LSC-CP-RA,"LSC-CP-RA (A=4), tamed",98886f115ea6a7a4c556fecc8bb0d7f3,8da7d73e85753d4e79f54062070fbc7b,True,2,1467,7.335,1265430619.4710162,158178.827433877,1467.0,187776.0,0.16598566691227415,0.0004242661327055197,-2.60747144593676e-05,0.030471550476567688,0.013528265493195434,0.018387301800655603,0.4965,0.003500000000000031,0.009189820680348534,0.006419316953628518,0.04296674924488243,0.08075241011101097,True,1.0,reject,pre_step,drift_diffusion_then_jump,iid_bank,4,every_step,True,0.00043534482758620703,0.004771551724137931,3854.472518766974,58528,0.00046600204498977506,0.9974096796182685,9.372869802317655e-07,0.0
LSC-CP-RA,"LSC-CP-RA (A=4), tamed",98886f115ea6a7a4c556fecc8bb0d7f3,8da7d73e85753d4e79f54062070fbc7b,True,3,1467,7.335,1265430619.4710162,158178.827433877,1467.0,187776.0,0.09952401229299573,0.00024383204335332032,-0.00020569131467162993,0.03231619912647443,0.018799494687134214,0.026090324807811045,0.506,0.006000000000000005,0.010259023757588122,0.019713062555446248,0.013328733992294386,0.025669379698749828,True,1.0,reject,pre_step,drift_diffusion_then_jump,iid_bank,4,every_step,True,0.00043534482758620703,0.004771551724137931,3854.472518766974,58528,0.00046600204498977506,0.9974096796182685,9.372869802317655e-07,0.0
LSC-CP-RA,"LSC-CP-RA (A=4), tamed",98886f115ea6a7a4c556fecc8bb0d7f3,8da7d73e85753d4e79f54062070fbc7b,True,0,1497,7.485,1291308546.2495644,161413.56828119556,1497.0,191616.0,0.1629178452102514,0.0004387389606298475,-1.210442984767024e-05,0.03198728729788325,0.013900395559941263,0.019629965056824825,0.4975,0.00250000000000003,0.00017648771366012895,0.0028973848698226057,0.016550923565198356,0.1253261201652679,True,1.0,reject,pre_step,drift_diffusion_then_jump,iid_bank,4,every_step,True,0.00046666666666666677,0.004970833333333334,857.740026995914,59721,0.00046601536406145624,0.9973446893787575,9.185036740146961e-07,0.0
LSC-CP-RA,"LSC-CP-RA (A=4), tamed",98886f115ea6a7a4c556fecc8bb0d7f3,8da7d73e85753d4e79f54062070fbc7b,True,1,1497,7.485,1291308546.2495644,161413.56828119556,1497.0,191616.0,0.13059718054879307,0.00014291233092689204,-0.0003085232902922952,0.039209101080585396,0.025671035024403595,0.04518430991663938,0.515,0.015000000000000013,0.03173699015334676,0.011483359309487295,0.059078928322961514,0.2825295784088212,True,1.0,reject,pre_step,drift_diffusion_then_jump,iid_bank,4,every_step,True,0.00046666666666666677,0.004970833333333334,857.740026995914,59721,0.00046601536406145624,0.9973446893787575,9.185036740146961e-07,0.0
LSC-CP-RA,"LSC-CP-RA (A=4), tamed",98886f115ea6a7a4c556fecc8bb0d7f3,8da7d73e85753d4e79f54062070fbc7b,True,2,1497,7.485,1291308546.2495644,161413.56828119556,1497.0,191616.0,0.25203280276211026,0.0013694078120062292,0.000917248537098736,0.03007661168870518,0.02553352853854884,0.04583050504311056,0.484,0.016000000000000014,0.03551502334586881,0.020803529910158325,0.08080747120672072,0.32600214996473953,True,1.0,reject,pre_step,drift_diffusion_then_jump,iid_bank,4,every_step,True,0.00046666666666666677,0.004970833333333334,857.740026995914,59721,0.00046601536406145624,0.9973446893787575,9.185036740146961e-07,0.0
LSC-CP-RA,"LSC-CP-RA (A=4), tamed",98886f115ea6a7a4c556fecc8bb0d7f3,8da7d73e85753d4e79f54062070fbc7b,True,3,1497,7.485,1291308546.2495644,161413.56828119556,1497.0,191616.0,0.15921341465401165,0.00039094697094888,-6.001219279161418e-05,0.03718874300695285,0.01974645242928075,0.027478604086212187,0.5015000000000001,0.001500000000000029,0.003304067142376801,0.0004387420565760136,0.06442518443961273,0.2453038314186694,True,1.0,reject,pre_step,drift_diffusion_then_jump,iid_bank,4,every_step,True,0.00046666666666666677,0.004970833333333334,857.740026995914,59721,0.00046601536406145624,0.9973446893787575,9.185036740146961e-07,0.0
LSC-CP-RA,"LSC-CP-RA (A=4), tamed",98886f115ea6a7a4c556fecc8bb0d7f3,8da7d73e85753d4e79f54062070fbc7b,True,0,1527,7.635,1317186473.028113,164648.3091285141,1527.0,195456.0,0.15238601536130128,0.0004138008652982972,-3.6959814936343705e-05,0.03146712174943864,0.016776015235714196,0.021720660401692113,0.5,0.0,0.0056857607958359525,0.006405164776530303,0.03930774308693869,0.12196028921492574,True,1.0,reject,pre_step,drift_diffusion_then_jump,iid_bank,4,every_step,True,0.00044166666666666687,0.0053125,3722.2493692341127,60996,0.00046553700065487885,0.9986247544204322,9.004584151931893e-07,0.0
LSC-CP-RA,"LSC-CP-RA (A=4), tamed",98886f115ea6a7a4c556fecc8bb0d7f3,8da7d73e85753d4e79f54062070fbc7b,True,1,1527,7.635,1317186473.028113,164648.3091285141,1527.0,195456.0,0.19408728230801087,0.00039747338890649964,-5.470651824690531e-05,0.04099757024803241,0.037801498386261796,0.06663829356326456,0.524,0.023999999999999994,0.057114814645479024,0.02685211621453243,0.13687860220567336,0.44159795059539897,True,1.0,reject,pre_step,drift_diffusion_then_jump,iid_bank,4,every_step,True,0.00044166666666666687,0.0053125,3722.2493692341127,60996,0.00046553700065487885,0.9986247544204322,9.004584151931893e-07,0.0
LSC-CP-RA,"LSC-CP-RA (A=4), tamed",98886f115ea6a7a4c556fecc8bb0d7f3,8da7d73e85753d4e79f54062070fbc7b,True,2,1527,7.635,1317186473.028113,164648.3091285141,1527.0,195456.0,0.20712911493703975,0.000705354953402626,0.00025380976759858953,0.025404574609274172,0.015027380022792525,0.02808014469632196,0.493,0.007000000000000006,0.01609626916001677,0.01399429737860991,0.019110758294636154,0.29228593998204466,True,1.0,reject,pre_step,drift_diffusion_then_jump,iid_bank,4,every_step,True,0.00044166666666666687,0.0053125,3722.2493692341127,60996,0.00046553700065487885,0.9986247544204322,9.004584151931893e-07,0.0
LSC-CP-RA,"LSC-CP-RA (A=4), tamed",98886f115ea6a7a4c556fecc8bb0d7f3,8da7d73e85753d4e79f54062070fbc7b,True,3,1527,7.635,1317186473.028113,164648.3091285141,1527.0,195456.0,0.12826729921045513,0.00033389910978587345,-0.00011623651070913343,0.038048645494824174,0.019173967472920852,0.024947542343002525,0.5035000000000001,0.003500000000000031,0.0005153876545149043,0.013089678696435958,0.027370326993001272,0.09375314191894335,True,1.0,reject,pre_step,drift_diffusion_then_jump,iid_bank,4,every_step,True,0.00044166666666666687,0.0053125,3722.2493692341127,60996,0.00046553700065487885,0.9986247544204322,9.004584151931893e-07,0.0
LSC-CP-RA,"LSC-CP-RA (A=4), tamed",98886f115ea6a7a4c556fecc8bb0d7f3,8da7d73e85753d4e79f54062070fbc7b,True,0,1556,7.78,1342201802.2473762,167775.22528092202,1556.0,199168.0,0.1257346742563928,0.00035188872681235495,-9.817211855345231e-05,0.04348934730199927,0.0217355195532103,0.029775959872347588,0.5045000000000001,0.004500000000000032,0.014120706889573098,0.013995404605470774,0.040916486060902695,0.10939219904624753,True,1.0,reject,pre_step,drift_diffusion_then_jump,iid_bank,4,every_step,True,0.0005129310344827589,0.0050646551724137946,3864.740201874852,62171,0.0004664203084832905,0.9988913881748072,8.836760925449871e-07,0.0
LSC-CP-RA,"LSC-CP-RA (A=4), tamed",98886f115ea6a7a4c556fecc8bb0d7f3,8da7d73e85753d4e79f54062070fbc7b,True,1,1556,7.78,1342201802.2473762,167775.22528092202,1556.0,199168.0,0.1526530642863503,0.0002626560783863807,-0.00018934584913155028,0.031378496748943996,0.029048306849232132,0.051475452935131505,0.5195,0.01949999999999999,0.029112860190884913,0.01723531359660324,0.04323419615721827,0.28063723253736883,True,1.0,reject,pre_step,drift_diffusion_then_jump,iid_bank,4,every_step,True,0.0005129310344827589,0.0050646551724137946,3864.740201874852,62171,0.0004664203084832905,0.9988913881748072,8.836760925449871e-07,0.0
LSC-CP-RA,"LSC-CP-RA (A=4), tamed",98886f115ea6a7a4c556fecc8bb0d7f3,8da7d73e85753d4e79f54062070fbc7b,True,2,1556,7.78,1342201802.2473762,167775.22528092202,1556.0,199168.0,0.2129514136235062,0.001127584769231027,0.0006772291620892323,0.04058501236237538,0.022984213658949794,0.03627903636597507,0.489,0.01100000000000001,0.021756348346396455,0.007813004530973222,0.0017585137405629837,0.13209124626862068,True,1.0,reject,pre_step,drift_diffusion_then_jump,iid_bank,4,every_step,True,0.0005129310344827589,0.0050646551724137946,3864.740201874852,62171,0.0004664203084832905,0.9988913881748072,8.836760925449871e-07,0.0
LSC-CP-RA,"LSC-CP-RA (A=4), tamed",98886f115ea6a7a4c556fecc8bb0d7f3,8da7d73e85753d4e79f54062070fbc7b,True,3,1556,7.78,1342201802.2473762,167775.22528092202,1556.0,199168.0,0.16418901378333556,0.000470521713876515,1.9710934991423734e-05,0.036292145337887466,0.01816265627657622,0.02354711967859212,0.5,0.0,0.004465631849176566,0.0010928508933397696,0.02488530513407978,0.23620035878881784,True,1.0,reject,pre_step,drift_diffusion_then_jump,iid_bank,4,every_step,True,0.0005129310344827589,0.0050646551724137946,3864.740201874852,62171,0.0004664203084832905,0.9988913881748072,8.836760925449871e-07,0.0
LSC-CP-RA,"LSC-CP-RA (A=4), tamed",98886f115ea6a7a4c556fecc8bb0d7f3,8da7d73e85753d4e79f54062070fbc7b,True,0,1586,7.930000000000001,1368079729.0259247,171009.96612824057,1586.0,203008.0,0.13007503627852365,0.00025654096990801456,-0.00019406005159094963,0.026454499845834256,0.01597608435328724,0.023024948578019455,0.503,0.0030000000000000027,0.004070783414341505,0.007250701871582832,0.009152289501055512,0.09560209502006567,True,1.0,reject,pre_step,drift_diffusion_then_jump,iid_bank,4,every_step,True,0.0004708333333333336,0.004904166666666668,4109.732780576178,63348,0.00046650378310214373,0.9985498108448928,8.669609079445145e-07,0.0
LSC-CP-RA,"LSC-CP-RA (A=4), tamed",98886f115ea6a7a4c556fecc8bb0d7f3,8da7d73e85753d4e79f54062070fbc7b,True,1,1586,7.930000000000001,1368079729.0259247,171009.96612824057,1586.0,203008.0,0.16192339365381028,0.0001463750539618669,-0.0003061070601964033,0.02468602842326706,0.025785353597732305,0.04846065648519149,0.518,0.018000000000000016,0.03449369650886435,0.028990048617839603,0.05954302741163861,0.4257046501200913,True,1.0,reject,pre_step,drift_diffusion_then_jump,iid_bank,4,every_step,True,0.0004708333333333336,0.004904166666666668,4109.732780576178,63348,0.00046650378310214373,0.9985498108448928,8.669609079445145e-07,0.0
LSC-CP-RA,"LSC-CP-RA (A=4), tamed",98886f115ea6a7a4c556fecc8bb0d7f3,8da7d73e85753d4e79f54062070fbc7b,True,2,1586,7.930000000000001,1368079729.0259247,171009.96612824057,1586.0,203008.0,0.21293538908738824,0.0010724913389468238,0.0006217164151225418,0.03798917748207886,0.02232507899529578,0.03652032148888444,0.4885,0.011500000000000038,0.024172469164146823,0.0021931391650533705,0.025181812448865422,0.15595949425313627,True,1.0,reject,pre_step,drift_diffusion_then_jump,iid_bank,4,every_step,True,0.0004708333333333336,0.004904166666666668,4109.732780576178,63348,0.00046650378310214373,0.9985498108448928,8.669609079445145e-07,0.0
LSC-CP-RA,"LSC-CP-RA (A=4), tamed",98886f115ea6a7a4c556fecc8bb0d7f3,8da7d73e85753d4e79f54062070fbc7b,True,3,1586,7.930000000000001,1368079729.0259247,171009.96612824057,1586.0,203008.0,0.2093003368930591,0.0007879191788254802,0.0003368460936226114,0.03409913775646717,0.01782740241995447,0.03096174891998542,0.492,0.008000000000000007,0.015414722352202065,0.006214933907652709,0.013600559928889012,0.26434764861234517,True,1.0,reject,pre_step,drift_diffusion_then_jump,iid_bank,4,every_step,True,0.0004708333333333336,0.004904166666666668,4109.732780576178,63348,0.00046650378310214373,0.9985498108448928,8.669609079445145e-07,0.0
LSC-CP-RA,"LSC-CP-RA (A=4), tamed",98886f115ea6a7a4c556fecc8bb0d7f3,8da7d73e85753d4e79f54062070fbc7b,True,0,1616,8.08,1393957655.8044732,174244.70697555915,1616.0,206848.0,0.18242889940063725,0.0004341585718038443,-1.73981860652761e-05,0.025898510891498194,0.014671268028255567,0.02481006086492648,0.496,0.0040000000000000036,0.0055663638094365624,0.007325264924185615,0.027728796297345447,0.22795385384951705,True,1.0,reject,pre_step,drift_diffusion_then_jump,iid_bank,4,every_step,True,0.0004041666666666668,0.004929166666666667,3061.5522741691793,64531,0.0004653465346534653,0.9983137376237624,8.508663366336634e-07,0.0
LSC-CP-RA,"LSC-CP-RA (A=4), tamed",98886f115ea6a7a4c556fecc8bb0d7f3,8da7d73e85753d4e79f54062070fbc7b,True,1,1616,8.08,1393957655.8044732,174244.70697555915,1616.0,206848.0,0.10726376652262835,0.00024862329415953344,-0.0002013351377166961,0.04042679524497428,0.029064063055648733,0.04683278143742998,0.516,0.016000000000000014,0.03324128686789246,0.013326783909177964,0.045808483816190806,0.09051608188227356,True,1.0,reject,pre_step,drift_diffusion_then_jump,iid_bank,4,every_step,True,0.0004041666666666668,0.004929166666666667,3061.5522741691793,64531,0.0004653465346534653,0.9983137376237624,8.508663366336634e-07,0.0
LSC-CP-RA,"LSC-CP-RA (A=4), tamed",98886f115ea6a7a4c556fecc8bb0d7f3,8da7d73e85753d4e79f54062070fbc7b,True,2,1616,8.08,1393957655.8044732,174244.70697555915,1616.0,206848.0,0.17839212869254,0.00044882108448074387,-2.6359701013056736e-06,0.03401065205897569,0.01777697943712104,0.02609533512828116,0.498,0.0020000000000000018,0.0008289699593498384,0.007326719062499487,0.009057624265557543,0.28659318424889346,True,1.0,reject,pre_step,drift_diffusion_then_jump,iid_bank,4,every_step,True,0.0004041666666666668,0.004929166666666667,3061.5522741691793,64531,0.0004653465346534653,0.9983137376237624,8.508663366336634e-07,0.0
LSC-CP-RA,"LSC-CP-RA (A=4), tamed",98886f115ea6a7a4c556fecc8bb0d7f3,8da7d73e85753d4e79f54062070fbc7b,True,3,1616,8.08,1393957655.8044732,174244.70697555915,1616.0,206848.0,0.17771613149109003,0.00036553705254160906,-8.629533800896816e-05,0.020136102550016355,0.01150324849033316,0.01928615612648749,0.498,0.0020000000000000018,0.010521802266901924,0.014505856136990403,0.05431537214364456,0.24850719613743266,True,1.0,reject,pre_step,drift_diffusion_then_jump,iid_bank,4,every_step,True,0.0004041666666666668,0.004929166666666667,3061.5522741691793,64531,0.0004653465346534653,0.9983137376237624,8.508663366336634e-07,0.0
LSC-CP-RA,"LSC-CP-RA (A=4), tamed",98886f115ea6a7a4c556fecc8bb0d7f3,8da7d73e85753d4e79f54062070fbc7b,True,0,1645,8.225,1418972985.0237365,177371.62312796706,1645.0,210560.0,0.1812285816072371,0.0005141389384386574,6.29927486609505e-05,0.023727918484254706,0.013805746891138814,0.023421318498077603,0.4955,0.004500000000000032,0.007260666100848824,0.002055098436164804,0.015732354358151505,0.1672281525821474,True,1.0,reject,pre_step,drift_diffusion_then_jump,iid_bank,4,every_step,True,0.0005474137931034485,0.005150862068965518,4069.697430603195,65726,0.0004667933130699088,0.9988753799392097,9.11854103343465e-07,0.0
LSC-CP-RA,"LSC-CP-RA (A=4), tamed",98886f115ea6a7a4c556fecc8bb0d7f3,8da7d73e85753d4e79f54062070fbc7b,True,1,1645,8.225,1418972985.0237365,177371.62312796706,1645.0,210560.0,0.10289959558158149,0.0002524020320134879,-0.0001981725581691185,0.03568960116045153,0.023196285713226142,0.038865749722936105,0.51,0.010000000000000009,0.009495791135087781,0.004762300697017219,0.05329656821228585,0.18967842255980571,True,1.0,reject,pre_step,drift_diffusion_then_jump,iid_bank,4,every_step,True,0.0005474137931034485,0.005150862068965518,4069.697430603195,65726,0.0004667933130699088,0.9988753799392097,9.11854103343465e-07,0.0
LSC-CP-RA,"LSC-CP-RA (A=4), tamed",98886f115ea6a7a4c556fecc8bb0d7f3,8da7d73e85753d4e79f54062070fbc7b,True,2,1645,8.225,1418972985.0237365,177371.62312796706,1645.0,210560.0,0.1439359048542351,0.0006105091077268643,0.00016118884263760513,0.04042728692957476,0.020560201467944555,0.02143436118549351,0.4985,0.001500000000000029,0.010608099868234357,0.025335884601138225,0.02200653961656816,0.011026515612060916,True,1.0,reject,pre_step,drift_diffusion_then_jump,iid_bank,4,every_step,True,0.0005474137931034485,0.005150862068965518,4069.697430603195,65726,0.0004667933130699088,0.9988753799392097,9.11854103343465e-07,0.0
LSC-CP-RA,"LSC-CP-RA (A=4), tamed",98886f115ea6a7a4c556fecc8bb0d7f3,8da7d73e85753d4e79f54062070fbc7b,True,3,1645,8.225,1418972985.0237365,177371.62312796706,1645.0,210560.0,0.18698985362885306,0.0005137994156833026,6.212922098514095e-05,0.025760409736404727,0.014947336049311387,0.02582198177376469,0.495,0.0050000000000000044,0.014208408126267827,0.007868373136669105,0.05996079118620504,0.18053049054989334,True,1.0,reject,pre_step,drift_diffusion_then_jump,iid_bank,4,every_step,True,0.0005474137931034485,0.005150862068965518,4069.697430603195,65726,0.0004667933130699088,0.9988753799392097,9.11854103343465e-07,0.0
LSC-CP-RA,"LSC-CP-RA (A=4), tamed",98886f115ea6a7a4c556fecc8bb0d7f3,8da7d73e85753d4e79f54062070fbc7b,True,0,1675,8.375,1444850911.802285,180606.3639752856,1675.0,214400.0,0.19146790631976265,0.0008000522252041842,0.00034988262320145846,0.03192483919173961,0.019170604377099727,0.029852552709301344,0.4935,0.0065000000000000335,0.006807896463335369,0.008407248799902733,0.03346326168050429,0.19950015859082393,True,1.0,reject,pre_step,drift_diffusion_then_jump,iid_bank,4,every_step,True,0.00042500000000000014,0.005120833333333335,1972.8395085307247,66955,0.000466044776119403,0.9993283582089553,8.955223880597015e-07,0.0
LSC-CP-RA,"LSC-CP-RA (A=4), tamed",98886f115ea6a7a4c556fecc8bb0d7f3,8da7d73e85753d4e79f54062070fbc7b,True,1,1675,8.375,1444850911.802285,180606.3639752856,1675.0,214400.0,0.1408753291892382,0.0003617400283738581,-8.880484491924356e-05,0.03928200796525408,0.01878816998090265,0.025747675865305634,0.503,0.0030000000000000027,0.007502173779815116,0.005764273734538805,0.04529971647611685,0.16069095753839446,True,1.0,reject,pre_step,drift_diffusion_then_jump,iid_bank,4,every_step,True,0.00042500000000000014,0.005120833333333335,1972.8395085307247,66955,0.000466044776119403,0.9993283582089553,8.955223880597015e-07,0.0
LSC-CP-RA,"LSC-CP-RA (A=4), tamed",98886f115ea6a7a4c556fecc8bb0d7f3,8da7d73e85753d4e79f54062070fbc7b,True,2,1675,8.375,1444850911.802285,180606.3639752856,1675.0,214400.0,0.16654267967114184,0.0005231721194801642,7.277238749403558e-05,0.03195992007982271,0.01773272268980196,0.024486629128803547,0.4975,0.00250000000000003,0.005456399764202673,0.008303716412565776,0.015017970325841616,0.15144920560744957,True,1.0,reject,pre_step,drift_diffusion_then_jump,iid_bank,4,every_step,True,0.00042500000000000014,0.005120833333333335,1972.8395085307247,66955,0.000466044776119403,0.9993283582089553,8.955223880597015e-07,0.0
LSC-CP-RA,"LSC-CP-RA (A=4), tamed",98886f115ea6a7a4c556fecc8bb0d7f3,8da7d73e85753d4e79f54062070fbc7b,True,3,1675,8.375,1444850911.802285,180606.3639752856,1675.0,214400.0,0.1951674117701209,0.0006603484566537476,0.00020879076048596623,0.02902854217471068,0.014023189298507195,0.024691560976594636,0.4935,0.0065000000000000335,0.011437776260325867,0.01020376137172918,0.024400985264604692,0.22544913238745556,True,1.0,reject,pre_step,drift_diffusion_then_jump,iid_bank,4,every_step,True,0.00042500000000000014,0.005120833333333335,1972.8395085307247,66955,0.000466044776119403,0.9993283582089553,8.955223880597015e-07,0.0
LSC-CP-RA,"LSC-CP-RA (A=4), tamed",98886f115ea6a7a4c556fecc8bb0d7f3,8da7d73e85753d4e79f54062070fbc7b,True,0,1705,8.525,1470728838.5808332,183841.10482260416,1705.0,218240.0,0.1716882345209002,0.0006193925284954105,0.00016956587010574786,0.031527396406425545,0.01636748182052261,0.02338113132630642,0.495,0.0050000000000000044,0.003893353347056487,0.015902376156384235,0.028139889186990032,0.04106050581105969,True,1.0,reject,pre_step,drift_diffusion_then_jump,iid_bank,4,every_step,True,0.0004958333333333336,0.004966666666666667,2608.854623433529,68147,0.0004665689149560117,0.9992228739002933,8.797653958944281e-07,0.0
LSC-CP-RA,"LSC-CP-RA (A=4), tamed",98886f115ea6a7a4c556fecc8bb0d7f3,8da7d73e85753d4e79f54062070fbc7b,True,1,1705,8.525,1470728838.5808332,183841.10482260416,1705.0,218240.0,0.1190307063139685,9.889277911279137e-05,-0.0003526599630190308,0.030197459413864536,0.018922040964704193,0.03435566118368442,0.51,0.010000000000000009,0.020020620540263958,0.0142547793852984,0.031246474801146916,0.3174270577841706,True,1.0,reject,pre_step,drift_diffusion_then_jump,iid_bank,4,every_step,True,0.0004958333333333336,0.004966666666666667,2608.854623433529,68147,0.0004665689149560117,0.9992228739002933,8.797653958944281e-07,0.0
LSC-CP-RA,"LSC-CP-RA (A=4), tamed",98886f115ea6a7a4c556fecc8bb0d7f3,8da7d73e85753d4e79f54062070fbc7b,True,2,1705,8.525,1470728838.5808332,183841.10482260416,1705.0,218240.0,0.19304571111611757,0.0009075721713527329,0.0004580021571424231,0.038949995839160256,0.0225022108685407,0.03386676891967404,0.4915,0.008500000000000035,0.015344627938781013,0.020731397599097368,0.032701991415182444,0.05593905289065437,True,1.0,reject,pre_step,drift_diffusion_then_jump,iid_bank,4,every_step,True,0.0004958333333333336,0.004966666666666667,2608.854623433529,68147,0.0004665689149560117,0.9992228739002933,8.797653958944281e-07,0.0
LSC-CP-RA,"LSC-CP-RA (A=4), tamed",98886f115ea6a7a4c556fecc8bb0d7f3,8da7d73e85753d4e79f54062070fbc7b,True,3,1705,8.525,1470728838.5808332,183841.10482260416,1705.0,218240.0,0.12690990008112876,0.00016518175841573335,-0.00028664068868788917,0.029533137321217096,0.015667649612831177,0.027400780824717197,0.506,0.006000000000000005,0.017871410578284695,0.010729052508915427,0.06394198186194655,0.22837337021964943,True,1.0,reject,pre_step,drift_diffusion_then_jump,iid_bank,4,every_step,True,0.0004958333333333336,0.004966666666666667,2608.854623433529,68147,0.0004665689149560117,0.9992228739002933,8.797653958944281e-07,0.0
LSC-CP-RA,"LSC-CP-RA (A=4), tamed",98886f115ea6a7a4c556fecc8bb0d7f3,8da7d73e85753d4e79f54062070fbc7b,True,0,1734,8.67,1495744167.8000968,186968.0209750121,1734.0,221952.0,0.09906539197461378,0.00016656915870316702,-0.0002837596867695247,0.033287178623058855,0.02004342463185743,0.03215256561422904,0.5085000000000001,0.008500000000000035,0.022541680748951114,0.006198712942871665,0.0745252316718272,0.15229622634063544,True,1.0,reject,pre_step,drift_diffusion_then_jump,iid_bank,4,every_step,True,0.0005258620689655174,0.005142241379310345,4049.5583625251606,69340,0.000467560553633218,0.9997116493656286,8.650519031141868e-07,0.0
LSC-CP-RA,"LSC-CP-RA (A=4), tamed",98886f115ea6a7a4c556fecc8bb0d7f3,8da7d73e85753d4e79f54062070fbc7b,True,1,1734,8.67,1495744167.8000968,186968.0209750121,1734.0,221952.0,0.15497534107858352,0.0001673484096629263,-0.0002850642480839438,0.030691743002758787,0.01602573967028788,0.028216194357739678,0.505,0.0050000000000000044,0.0074947304704451635,0.02323074210977183,0.033058757502689426,0.38715248910218614,True,1.0,reject,pre_step,drift_diffusion_then_jump,iid_bank,4,every_step,True,0.0005258620689655174,0.005142241379310345,4049.5583625251606,69340,0.000467560553633218,0.9997116493656286,8.650519031141868e-07,0.0
LSC-CP-RA,"LSC-CP-RA (A=4), tamed",98886f115ea6a7a4c556fecc8bb0d7f3,8da7d73e85753d4e79f54062070fbc7b,True,2,1734,8.67,1495744167.8000968,186968.0209750121,1734.0,221952.0,0.20915530419984482,0.0011615200446646323,0.0007116912009986764,0.038754714259074396,0.02536765841009401,0.03998069752281508,0.4885,0.011500000000000038,0.020853728136342023,0.018028712059824703,0.026035955103288645,0.09264836430754919,True,1.0,reject,pre_step,drift_diffusion_then_jump,iid_bank,4,every_step,True,0.0005258620689655174,0.005142241379310345,4049.5583625251606,69340,0.000467560553633218,0.9997116493656286,8.650519031141868e-07,0.0
LSC-CP-RA,"LSC-CP-RA (A=4), tamed",98886f115ea6a7a4c556fecc8bb0d7f3,8da7d73e85753d4e79f54062070fbc7b,True,3,1734,8.67,1495744167.8000968,186968.0209750121,1734.0,221952.0,0.10404939750252733,7.993838959252653e-05,-0.00037197433774183164,0.01882722736041753,0.013477543962413765,0.024611099798855153,0.508,0.008000000000000007,0.008746070611617324,0.013319262636946605,0.008986369577175737,0.18188543557921177,True,1.0,reject,pre_step,drift_diffusion_then_jump,iid_bank,4,every_step,True,0.0005258620689655174,0.005142241379310345,4049.5583625251606,69340,0.000467560553633218,0.9997116493656286,8.650519031141868e-07,0.0
LSC-CP-RA,"LSC-CP-RA (A=4), tamed",98886f115ea6a7a4c556fecc8bb0d7f3,8da7d73e85753d4e79f54062070fbc7b,True,0,1764,8.82,1521622094.5786452,190202.76182233065,1764.0,225792.0,0.11100052871810198,0.00013191171730142504,-0.0003195546367348312,0.02291060449630189,0.014370097204952878,0.025672504521901823,0.5065000000000001,0.0065000000000000335,0.012489415877636367,0.005021795498141857,0.03239763338153438,0.1475211623919156,True,1.0,reject,pre_step,drift_diffusion_then_jump,iid_bank,4,every_step,True,0.00039583333333333354,0.004779166666666668,1669.7464769074932,70487,0.0004663407029478458,0.9989654195011338,8.503401360544218e-07,0.0
LSC-CP-RA,"LSC-CP-RA (A=4), tamed",98886f115ea6a7a4c556fecc8bb0d7f3,8da7d73e85753d4e79f54062070fbc7b,True,1,1764,8.82,1521622094.5786452,190202.76182233065,1764.0,225792.0,0.1099078953440021,0.00023207627030641387,-0.00021799151802903705,0.04263745778422234,0.019117356835331993,0.024018379870055194,0.5045000000000001,0.004500000000000032,0.015163474264236108,0.01418795732883038,0.026659008665712774,0.058167365365285995,True,1.0,reject,pre_step,drift_diffusion_then_jump,iid_bank,4,every_step,True,0.00039583333333333354,0.004779166666666668,1669.7464769074932,70487,0.0004663407029478458,0.9989654195011338,8.503401360544218e-07,0.0
LSC-CP-RA,"LSC-CP-RA (A=4), tamed",98886f115ea6a7a4c556fecc8bb0d7f3,8da7d73e85753d4e79f54062070fbc7b,True,2,1764,8.82,1521622094.5786452,190202.76182233065,1764.0,225792.0,0.16412561529307473,0.0005813473537163993,0.00013095643628247,0.03521788639450568,0.018170952660473798,0.02444122105582082,0.498,0.0020000000000000018,0.0060077060200232416,0.010133250960441376,0.009317971408545457,0.13442241916859843,True,1.0,reject,pre_step,drift_diffusion_then_jump,iid_bank,4,every_step,True,0.00039583333333333354,0.004779166666666668,1669.7464769074932,70487,0.0004663407029478458,0.9989654195011338,8.503401360544218e-07,0.0
LSC-CP-RA,"LSC-CP-RA (A=4), tamed",98886f115ea6a7a4c556fecc8bb0d7f3,8da7d73e85753d4e79f54062070fbc7b,True,3,1764,8.82,1521622094.5786452,190202.76182233065,1764.0,225792.0,0.13991572904848112,0.0001974559343156379,-0.00025439070220578675,0.02384932750098137,0.010104872115158203,0.01724394245949422,0.503,0.0030000000000000027,0.0008531799247193323,0.011570028579479419,0.012464078716189576,0.1916673554418319,True,1.0,reject,pre_step,drift_diffusion_then_jump,iid_bank,4,every_step,True,0.00039583333333333354,0.004779166666666668,1669.7464769074932,70487,0.0004663407029478458,0.9989654195011338,8.503401360544218e-07,0.0
LSC-CP-RA,"LSC-CP-RA (A=4), tamed",98886f115ea6a7a4c556fecc8bb0d7f3,8da7d73e85753d4e79f54062070fbc7b,True,0,1794,8.97,1547500021.3571935,193437.50266964917,1794.0,229632.0,0.20895584887214425,0.000815082336730999,0.00036412781051498033,0.04068706814686357,0.02298589474975601,0.03741280476970607,0.492,0.008000000000000007,0.02468649146255268,0.0005522571363293372,0.11272351690652496,0.2359088813817799,True,1.0,reject,pre_step,drift_diffusion_then_jump,iid_bank,4,every_step,True,0.0005291666666666669,0.005116666666666668,4372.190002315604,71715,0.0004673913043478261,0.9993729096989966,8.361204013377926e-07,0.0
LSC-CP-RA,"LSC-CP-RA (A=4), tamed",98886f115ea6a7a4c556fecc8bb0d7f3,8da7d73e85753d4e79f54062070fbc7b,True,1,1794,8.97,1547500021.3571935,193437.50266964917,1794.0,229632.0,0.17628533435441834,0.00036168516696533093,-9.014531700335393e-05,0.022485425509923954,0.010873801171643084,0.01866707157242098,0.498,0.0020000000000000018,0.0019441500143732434,0.015032124102333566,0.007566507753283999,0.2878457991008575,True,1.0,reject,pre_step,drift_diffusion_then_jump,iid_bank,4,every_step,True,0.0005291666666666669,0.005116666666666668,4372.190002315604,71715,0.0004673913043478261,0.9993729096989966,8.361204013377926e-07,0.0
LSC-CP-RA,"LSC-CP-RA (A=4), tamed",98886f115ea6a7a4c556fecc8bb0d7f3,8da7d73e85753d4e79f54062070fbc7b,True,2,1794,8.97,1547500021.3571935,193437.50266964917,1794.0,229632.0,0.17560790583801408,0.0008327498477364026,0.0003837333508608376,0.04559455560770356,0.0228557899795178,0.030021939441723933,0.495,0.0050000000000000044,0.010155262932572153,0.026725442550589062,0.0025457438264672176,0.03655178917740998,True,1.0,reject,pre_step,drift_diffusion_then_jump,iid_bank,4,every_step,True,0.0005291666666666669,0.005116666666666668,4372.190002315604,71715,0.0004673913043478261,0.9993729096989966,8.361204013377926e-07,0.0
LSC-CP-RA,"LSC-CP-RA (A=4), tamed",98886f115ea6a7a4c556fecc8bb0d7f3,8da7d73e85753d4e79f54062070fbc7b,True,3,1794,8.97,1547500021.3571935,193437.50266964917,1794.0,229632.0,0.1384840210530354,0.00028275971129088084,-0.00016827263839558348,0.02655692120963085,0.013518216736697447,0.02000362621663277,0.502,0.0020000000000000018,0.0006822697690726782,0.0007755566525151636,0.02699159800315285,0.16028461857658816,True,1.0,reject,pre_step,drift_diffusion_then_jump,iid_bank,4,every_step,True,0.0005291666666666669,0.005116666666666668,4372.190002315604,71715,0.0004673913043478261,0.9993729096989966,8.361204013377926e-07,0.0
LSC-CP-RA,"LSC-CP-RA (A=4), tamed",98886f115ea6a7a4c556fecc8bb0d7f3,8da7d73e85753d4e79f54062070fbc7b,True,0,1823,9.115,1572515350.576457,196564.41882205714,1823.0,233344.0,0.19053487499379984,0.0005539108585913555,0.00010250428657565536,0.03542725931862792,0.015785824787105784,0.025698339613781006,0.495,0.0050000000000000044,0.014258157888287154,0.007356077340615053,0.06082395629395686,0.2233860094362322,True,1.0,reject,pre_step,drift_diffusion_then_jump,iid_bank,4,every_step,True,0.0005560344827586209,0.005271551724137932,3410.0744609689873,72938,0.0004688014262205156,1.000246845858475,8.228195282501372e-07,0.0
LSC-CP-RA,"LSC-CP-RA (A=4), tamed",98886f115ea6a7a4c556fecc8bb0d7f3,8da7d73e85753d4e79f54062070fbc7b,True,1,1823,9.115,1572515350.576457,196564.41882205714,1823.0,233344.0,0.17879057819408647,0.00048071656974835175,2.93299232926314e-05,0.043131408492342205,0.01733513468134858,0.024725907693815836,0.4975,0.00250000000000003,6.0552256080626314e-05,0.00698041154675455,0.021854434639879884,0.27102835725517826,True,1.0,reject,pre_step,drift_diffusion_then_jump,iid_bank,4,every_step,True,0.0005560344827586209,0.005271551724137932,3410.0744609689873,72938,0.0004688014262205156,1.000246845858475,8.228195282501372e-07,0.0
LSC-CP-RA,"LSC-CP-RA (A=4), tamed",98886f115ea6a7a4c556fecc8bb0d7f3,8da7d73e85753d4e79f54062070fbc7b,True,2,1823,9.115,1572515350.576457,196564.41882205714,1823.0,233344.0,0.1473395315490551,0.0004404781298542604,-9.46062596829389e-06,0.030688309641501127,0.018607607184387993,0.022268549128026078,0.5,0.0,0.0015473199518999151,0.01619338555725669,0.026680413144614373,0.0746240935223178,True,1.0,reject,pre_step,drift_diffusion_then_jump,iid_bank,4,every_step,True,0.0005560344827586209,0.005271551724137932,3410.0744609689873,72938,0.0004688014262205156,1.000246845858475,8.228195282501372e-07,0.0
LSC-CP-RA,"LSC-CP-RA (A=4), tamed",98886f115ea6a7a4c556fecc8bb0d7f3,8da7d73e85753d4e79f54062070fbc7b,True,3,1823,9.115,1572515350.576457,196564.41882205714,1823.0,233344.0,0.14230462980791075,0.00031027171588060565,-0.000140360132358186,0.026919183204789476,0.015202339917809754,0.02149473748290586,0.5015000000000001,0.001500000000000029,0.0022882904805558565,0.006003937224310585,0.012610450387211258,0.13080661246452274,True,1.0,reject,pre_step,drift_diffusion_then_jump,iid_bank,4,every_step,True,0.0005560344827586209,0.005271551724137932,3410.0744609689873,72938,0.0004688014262205156,1.000246845858475,8.228195282501372e-07,0.0
LSC-CP-RA,"LSC-CP-RA (A=4), tamed",98886f115ea6a7a4c556fecc8bb0d7f3,8da7d73e85753d4e79f54062070fbc7b,True,0,1853,9.265,1598393277.3550053,199799.15966937566,1853.0,237184.0,0.1441466558738332,0.00046230677799730113,1.2561616942630138e-05,0.03551846744802306,0.016670549152686998,0.017960739433265434,0.499,0.0010000000000000009,0.004288115320152058,0.017906049662917978,0.006106560941119415,0.033050693955355315,True,1.0,reject,pre_step,drift_diffusion_then_jump,iid_bank,4,every_step,True,0.0004125000000000001,0.004966666666666667,1170.6115238714124,74130,0.0004678899082568807,1.0001349163518618,8.094981111710739e-07,0.0
LSC-CP-RA,"LSC-CP-RA (A=4), tamed",98886f115ea6a7a4c556fecc8bb0d7f3,8da7d73e85753d4e79f54062070fbc7b,True,1,1853,9.265,1598393277.3550053,199799.15966937566,1853.0,237184.0,0.1122673712159012,0.00017808656327700234,-0.0002717708985456868,0.04067259515718802,0.028525233471676438,0.045029523768615826,0.5165,0.016499999999999987,0.039542721736288325,0.010203388428428717,0.09289444550617898,0.09705855186591317,True,1.0,reject,pre_step,drift_diffusion_then_jump,iid_bank,4,every_step,True,0.0004125000000000001,0.004966666666666667,1170.6115238714124,74130,0.0004678899082568807,1.0001349163518618,8.094981111710739e-07,0.0
LSC-CP-RA,"LSC-CP-RA (A=4), tamed",98886f115ea6a7a4c556fecc8bb0d7f3,8da7d73e85753d4e79f54062070fbc7b,True,2,1853,9.265,1598393277.3550053,199799.15966937566,1853.0,237184.0,0.17211524123847388,0.0003590482830898578,-9.226165316533752e-05,0.02988976803065191,0.013275829864943136,0.019728854878195885,0.498,0.0020000000000000018,0.008796636568883201,0.008049783682067768,0.07220942375571113,0.2386178617987037,True,1.0,reject,pre_step,drift_diffusion_then_jump,iid_bank,4,every_step,True,0.0004125000000000001,0.004966666666666667,1170.6115238714124,74130,0.0004678899082568807,1.0001349163518618,8.094981111710739e-07,0.0
LSC-CP-RA,"LSC-CP-RA (A=4), tamed",98886f115ea6a7a4c556fecc8bb0d7f3,8da7d73e85753d4e79f54062070fbc7b,True,3,1853,9.265,1598393277.3550053,199799.15966937566,1853.0,237184.0,0.11247908886341945,0.00028965469253283693,-0.00016053757418943437,0.02938270567707954,0.017197457790056457,0.02630169697269625,0.505,0.0050000000000000044,0.004897880666807097,0.013313704528186254,0.008507684668231768,0.0753593406212264,True,1.0,reject,pre_step,drift_diffusion_then_jump,iid_bank,4,every_step,True,0.0004125000000000001,0.004966666666666667,1170.6115238714124,74130,0.0004678899082568807,1.0001349163518618,8.094981111710739e-07,0.0
LSC-CP-RA,"LSC-CP-RA (A=4), tamed",98886f115ea6a7a4c556fecc8bb0d7f3,8da7d73e85753d4e79f54062070fbc7b,True,0,1883,9.415000000000001,1624271204.1335537,203033.9005166942,1883.0,241024.0,0.226430099917589,0.0011966552408860798,0.000745316622540626,0.0214429061210909,0.02062892285166652,0.035894370850945725,0.486,0.014000000000000012,0.019239551887310292,0.005635251759234627,0.02433983755284976,0.17599233720773289,True,1.0,reject,pre_step,drift_diffusion_then_jump,iid_bank,4,every_step,True,0.0005083333333333335,0.004770833333333335,1274.987281748032,75275,0.000468534253850239,0.9994025491237387,7.966011683483802e-07,0.0
LSC-CP-RA,"LSC-CP-RA (A=4), tamed",98886f115ea6a7a4c556fecc8bb0d7f3,8da7d73e85753d4e79f54062070fbc7b,True,1,1883,9.415000000000001,1624271204.1335537,203033.9005166942,1883.0,241024.0,0.12417628404124206,0.0001283554605602255,-0.0003232550965942549,0.03065330945827094,0.022749292055154687,0.040880734421432086,0.5135,0.013499999999999984,0.022961209117476105,0.013928503759539912,0.023374414232042888,0.31230952665876266,True,1.0,reject,pre_step,drift_diffusion_then_jump,iid_bank,4,every_step,True,0.0005083333333333335,0.004770833333333335,1274.987281748032,75275,0.000468534253850239,0.9994025491237387,7.966011683483802e-07,0.0
LSC-CP-RA,"LSC-CP-RA (A=4), tamed",98886f115ea6a7a4c556fecc8bb0d7f3,8da7d73e85753d4e79f54062070fbc7b,True,2,1883,9.415000000000001,1624271204.1335537,203033.9005166942,1883.0,241024.0,0.14543649320004387,0.00035279847027647193,-9.742709082249945e-05,0.031039954114956886,0.013959786751483618,0.017380252176708622,0.499,0.0010000000000000009,0.00033092139141335585,0.011863404987687676,0.003557078725235876,0.03054176539959219,True,1.0,reject,pre_step,drift_diffusion_then_jump,iid_bank,4,every_step,True,0.0005083333333333335,0.004770833333333335,1274.987281748032,75275,0.000468534253850239,0.9994025491237387,7.966011683483802e-07,0.0
LSC-CP-RA,"LSC-CP-RA (A=4), tamed",98886f115ea6a7a4c556fecc8bb0d7f3,8da7d73e85753d4e79f54062070fbc7b,True,3,1883,9.415000000000001,1624271204.1335537,203033.9005166942,1883.0,241024.0,0.14963033008271784,0.00039777924549611043,-5.238368490179113e-05,0.03316944391563714,0.019400176655154474,0.026302282080472077,0.5025000000000001,0.00250000000000003,0.0030671807597845106,0.007858654829921985,0.03971768539626764,0.1806453672170728,True,1.0,reject,pre_step,drift_diffusion_then_jump,iid_bank,4,every_step,True,0.0005083333333333335,0.004770833333333335,1274.987281748032,75275,0.000468534253850239,0.9994025491237387,7.966011683483802e-07,0.0
LSC-CP-RA,"LSC-CP-RA (A=4), tamed",98886f115ea6a7a4c556fecc8bb0d7f3,8da7d73e85753d4e79f54062070fbc7b,True,0,1912,9.56,1649286533.352817,206160.81666910212,1912.0,244736.0,0.21896912235638077,0.0009772915967872775,0.0005260541748273173,0.027687917516532545,0.019993951982570556,0.035759884140978096,0.489,0.01100000000000001,0.017694974922611816,0.005161825874522519,0.006872044388828374,0.2086443450926302,True,1.0,reject,pre_step,drift_diffusion_then_jump,iid_bank,4,every_step,True,0.00041379310344827596,0.005090517241379312,3806.7952853638158,76456,0.0004677039748953975,0.9996861924686192,8.498953974895398e-07,0.0
LSC-CP-RA,"LSC-CP-RA (A=4), tamed",98886f115ea6a7a4c556fecc8bb0d7f3,8da7d73e85753d4e79f54062070fbc7b,True,1,1912,9.56,1649286533.352817,206160.81666910212,1912.0,244736.0,0.14793703411881112,0.0002239407709804242,-0.00022777318279099124,0.021991921134112857,0.011434770188134815,0.01773980370827405,0.5015000000000001,0.001500000000000029,0.0006454000788557837,0.009905617110531617,0.009325257659392204,0.20907548812969445,True,1.0,reject,pre_step,drift_diffusion_then_jump,iid_bank,4,every_step,True,0.00041379310344827596,0.005090517241379312,3806.7952853638158,76456,0.0004677039748953975,0.9996861924686192,8.498953974895398e-07,0.0
LSC-CP-RA,"LSC-CP-RA (A=4), tamed",98886f115ea6a7a4c556fecc8bb0d7f3,8da7d73e85753d4e79f54062070fbc7b,True,2,1912,9.56,1649286533.352817,206160.81666910212,1912.0,244736.0,0.19245447573370864,0.0008357879328060314,0.00038569869594906603,0.03492850154647209,0.019885716616349764,0.030017907095171003,0.493,0.007000000000000006,0.015677006197259164,0.010304558264735308,0.0009676296957697486,0.09971355274847393,True,1.0,reject,pre_step,drift_diffusion_then_jump,iid_bank,4,every_step,True,0.00041379310344827596,0.005090517241379312,3806.7952853638158,76456,0.0004677039748953975,0.9996861924686192,8.498953974895398e-07,0.0
LSC-CP-RA,"LSC-CP-RA (A=4), tamed",98886f115ea6a7a4c556fecc8bb0d7f3,8da7d73e85753d4e79f54062070fbc7b,True,3,1912,9.56,1649286533.352817,206160.81666910212,1912.0,244736.0,0.20604929455811127,0.0009592357080695502,0.000508340297491916,0.03645081499098096,0.020105595528870087,0.03257887094916029,0.4905,0.009500000000000036,0.02111657178921226,0.0002872755959306694,0.016206725682748363,0.15921769899502192,True,1.0,reject,pre_step,drift_diffusion_then_jump,iid_bank,4,every_step,True,0.00041379310344827596,0.005090517241379312,3806.7952853638158,76456,0.0004677039748953975,0.9996861924686192,8.498953974895398e-07,0.0
LSC-CP-RA,"LSC-CP-RA (A=4), tamed",98886f115ea6a7a4c556fecc8bb0d7f3,8da7d73e85753d4e79f54062070fbc7b,True,0,1942,9.71,1675164460.1313655,209395.5575164207,1942.0,248576.0,0.2647385295759298,0.002013278088290882,0.0015629117070287135,0.05371816126241452,0.03608671991603807,0.05747545672912953,0.47900000000000004,0.02099999999999999,0.05059790528302241,0.005316502810765011,0.11852563162170174,0.19133724308336386,True,1.0,reject,pre_step,drift_diffusion_then_jump,iid_bank,4,every_step,True,0.0004791666666666668,0.005004166666666668,1664.7686602946749,77657,0.00046788105046343976,0.9997039134912461,8.367662203913492e-07,0.0
LSC-CP-RA,"LSC-CP-RA (A=4), tamed",98886f115ea6a7a4c556fecc8bb0d7f3,8da7d73e85753d4e79f54062070fbc7b,True,1,1942,9.71,1675164460.1313655,209395.5575164207,1942.0,248576.0,0.10899955028639732,0.00024219070621689376,-0.00020855082876014563,0.04248325507709047,0.02405671358358661,0.041034732805448754,0.5125,0.012499999999999983,0.017034271450225378,0.0008510469698665979,0.0035193286736889093,0.22942397051895902,True,1.0,reject,pre_step,drift_diffusion_then_jump,iid_bank,4,every_step,True,0.0004791666666666668,0.005004166666666668,1664.7686602946749,77657,0.00046788105046343976,0.9997039134912461,8.367662203913492e-07,0.0
LSC-CP-RA,"LSC-CP-RA (A=4), tamed",98886f115ea6a7a4c556fecc8bb0d7f3,8da7d73e85753d4e79f54062070fbc7b,True,2,1942,9.71,1675164460.1313655,209395.5575164207,1942.0,248576.0,0.19781163899484844,0.0007531458600206209,0.00030237059581872394,0.0370726193743785,0.019662435941617377,0.030035820546797466,0.493,0.007000000000000006,0.01809874044677965,0.0013765031039105757,0.045953457857244785,0.19069378005531779,True,1.0,reject,pre_step,drift_diffusion_then_jump,iid_bank,4,every_step,True,0.0004791666666666668,0.005004166666666668,1664.7686602946749,77657,0.00046788105046343976,0.9997039134912461,8.367662203913492e-07,0.0
LSC-CP-RA,"LSC-CP-RA (A=4), tamed",98886f115ea6a7a4c556fecc8bb0d7f3,8da7d73e85753d4e79f54062070fbc7b,True,3,1942,9.71,1675164460.1313655,209395.5575164207,1942.0,248576.0,0.24306492015652967,0.0014730540118920166,0.0010227920442288374,0.048022634104172124,0.029034028338264066,0.04736019566600709,0.4845,0.015499999999999986,0.030154594908118393,0.004334561003613846,0.0397015676683939,0.23568884065065376,True,1.0,reject,pre_step,drift_diffusion_then_jump,iid_bank,4,every_step,True,0.0004791666666666668,0.005004166666666668,1664.7686602946749,77657,0.00046788105046343976,0.9997039134912461,8.367662203913492e-07,0.0
LSC-CP-RA,"LSC-CP-RA (A=4), tamed",98886f115ea6a7a4c556fecc8bb0d7f3,8da7d73e85753d4e79f54062070fbc7b,True,0,1972,9.86,1701042386.909914,212630.29836373925,1972.0,252416.0,0.25121444870478715,0.001312807260639648,0.000861029479057196,0.030032307825494264,0.02414842782840443,0.044019476026822164,0.4855,0.014499999999999985,0.029340602954304486,0.020309566380174338,0.004164735864156153,0.5093492460432668,True,1.0,reject,pre_step,drift_diffusion_then_jump,iid_bank,4,every_step,True,0.0004583333333333335,0.004700000000000001,3600.9509541411,78785,0.00046773580121703856,0.9987956389452333,8.240365111561866e-07,0.0
LSC-CP-RA,"LSC-CP-RA (A=4), tamed",98886f115ea6a7a4c556fecc8bb0d7f3,8da7d73e85753d4e79f54062070fbc7b,True,1,1972,9.86,1701042386.909914,212630.29836373925,1972.0,252416.0,0.11114167675555704,0.0002062969667929737,-0.00024445752135959786,0.03521562082587726,0.02399458940495784,0.0414702209738211,0.513,0.013000000000000012,0.017293312886748256,0.0008256342503804026,0.0478169998070637,0.22870456269403505,True,1.0,reject,pre_step,drift_diffusion_then_jump,iid_bank,4,every_step,True,0.0004583333333333335,0.004700000000000001,3600.9509541411,78785,0.00046773580121703856,0.9987956389452333,8.240365111561866e-07,0.0
LSC-CP-RA,"LSC-CP-RA (A=4), tamed",98886f115ea6a7a4c556fecc8bb0d7f3,8da7d73e85753d4e79f54062070fbc7b,True,2,1972,9.86,1701042386.909914,212630.29836373925,1972.0,252416.0,0.153386704837388,0.0004564796444904706,6.35809332538706e-06,0.03077810801644354,0.01844151543386771,0.022826931641783423,0.4995,0.0005000000000000282,0.007058594835981201,0.014600286065499457,0.05367000937535233,0.0824643302487541,True,1.0,reject,pre_step,drift_diffusion_then_jump,iid_bank,4,every_step,True,0.0004583333333333335,0.004700000000000001,3600.9509541411,78785,0.00046773580121703856,0.9987956389452333,8.240365111561866e-07,0.0
LSC-CP-RA,"LSC-CP-RA (A=4), tamed",98886f115ea6a7a4c556fecc8bb0d7f3,8da7d73e85753d4e79f54062070fbc7b,True,3,1972,9.86,1701042386.909914,212630.29836373925,1972.0,252416.0,0.23979221318972915,0.0012899381573011626,0.0008388785785263808,0.033745869386820615,0.026732247069150974,0.04720517798780949,0.486,0.014000000000000012,0.02998393957714627,0.004187242339663055,0.06751416265737006,0.28054983861829086,True,1.0,reject,pre_step,drift_diffusion_then_jump,iid_bank,4,every_step,True,0.0004583333333333335,0.004700000000000001,3600.9509541411,78785,0.00046773580121703856,0.9987956389452333,8.240365111561866e-07,0.0
LSC-CP-RA,"LSC-CP-RA (A=4), tamed",98886f115ea6a7a4c556fecc8bb0d7f3,8da7d73e85753d4e79f54062070fbc7b,True,0,2002,10.01,1726920313.6884623,215865.0392110578,2002.0,256256.0,0.20665650326584178,0.0007903176158448044,0.00033872015192593086,0.02830515600591138,0.017426258080693657,0.030917222766915657,0.491,0.009000000000000008,0.017508073156865187,0.007524456899987264,0.03077162545671302,0.1866699705131608,True,1.0,reject,pre_step,drift_diffusion_then_jump,iid_bank,4,every_step,True,0.00044166666666666687,0.004862500000000001,3660.4504767887333,79952,0.00046734515484515485,0.9984015984015984,8.116883116883117e-07,0.0
LSC-CP-RA,"LSC-CP-RA (A=4), tamed",98886f115ea6a7a4c556fecc8bb0d7f3,8da7d73e85753d4e79f54062070fbc7b,True,1,2002,10.01,1726920313.6884623,215865.0392110578,2002.0,256256.0,0.10405340652509532,0.0001380814222567972,-0.00031300836667924603,0.03549524950293448,0.021169151290518756,0.03624629956457408,0.511,0.01100000000000001,0.023200374432361677,0.004764020576762729,0.02992440297866552,0.2360134511598485,True,1.0,reject,pre_step,drift_diffusion_then_jump,iid_bank,4,every_step,True,0.00044166666666666687,0.004862500000000001,3660.4504767887333,79952,0.00046734515484515485,0.9984015984015984,8.116883116883117e-07,0.0
LSC-CP-RA,"LSC-CP-RA (A=4), tamed",98886f115ea6a7a4c556fecc8bb0d7f3,8da7d73e85753d4e79f54062070fbc7b,True,2,2002,10.01,1726920313.6884623,215865.0392110578,2002.0,256256.0,0.10759292483821715,0.0002530560018486616,-0.00019753106357678352,0.037569402334576396,0.022954876276733937,0.03725146726821893,0.509,0.009000000000000008,0.011903543191955218,0.004825387841806972,0.013603897710626646,0.18323982945382944,True,1.0,reject,pre_step,drift_diffusion_then_jump,iid_bank,4,every_step,True,0.00044166666666666687,0.004862500000000001,3660.4504767887333,79952,0.00046734515484515485,0.9984015984015984,8.116883116883117e-07,0.0
LSC-CP-RA,"LSC-CP-RA (A=4), tamed",98886f115ea6a7a4c556fecc8bb0d7f3,8da7d73e85753d4e79f54062070fbc7b,True,3,2002,10.01,1726920313.6884623,215865.0392110578,2002.0,256256.0,0.19671236039078963,0.0009866401759073273,0.000537337418051953,0.04102263410417212,0.023255357432000134,0.03407934036259597,0.49,0.010000000000000009,0.017926428185870827,0.02336113008147278,0.022962886942083927,0.024163818097637235,True,1.0,reject,pre_step,drift_diffusion_then_jump,iid_bank,4,every_step,True,0.00044166666666666687,0.004862500000000001,3660.4504767887333,79952,0.00046734515484515485,0.9984015984015984,8.116883116883117e-07,0.0
LSC-CP-RA,"LSC-CP-RA (A=4), tamed",98886f115ea6a7a4c556fecc8bb0d7f3,8da7d73e85753d4e79f54062070fbc7b,True,0,2031,10.155,1751935642.9077258,218991.95536346573,2031.0,259968.0,0.22579232599058702,0.001194084314974253,0.000742882272772305,0.03902594598038836,0.022151495680761062,0.03754668082605336,0.4865,0.013499999999999984,0.027444186890306123,0.006352347871784403,0.016729920447543588,0.18155747608945527,True,1.0,reject,pre_step,drift_diffusion_then_jump,iid_bank,4,every_step,True,0.0004913793103448278,0.004780172413793105,851.3187182530609,81061,0.0004676883308714919,0.997796651895618,8.000984736582964e-07,0.0
LSC-CP-RA,"LSC-CP-RA (A=4), tamed",98886f115ea6a7a4c556fecc8bb0d7f3,8da7d73e85753d4e79f54062070fbc7b,True,1,2031,10.155,1751935642.9077258,218991.95536346573,2031.0,259968.0,0.0943109339086905,0.0002447156930908134,-0.00020507201638220174,0.03632910701707165,0.020717111002564875,0.030510242751715905,0.5075000000000001,0.007500000000000034,0.011664763642152694,0.017140150811799648,0.010017863625758105,0.06592204234120691,True,1.0,reject,pre_step,drift_diffusion_then_jump,iid_bank,4,every_step,True,0.0004913793103448278,0.004780172413793105,851.3187182530609,81061,0.0004676883308714919,0.997796651895618,8.000984736582964e-07,0.0
LSC-CP-RA,"LSC-CP-RA (A=4), tamed",98886f115ea6a7a4c556fecc8bb0d7f3,8da7d73e85753d4e79f54062070fbc7b,True,2,2031,10.155,1751935642.9077258,218991.95536346573,2031.0,259968.0,0.08856766886954351,0.0003964994257569243,-5.219690848679015e-05,0.047277080263343624,0.023430121013624787,0.02993618293218249,0.5065000000000001,0.0065000000000000335,0.005498934121547625,0.032691969650202934,0.017041522742177573,0.031048163524076577,True,1.0,reject,pre_step,drift_diffusion_then_jump,iid_bank,4,every_step,True,0.0004913793103448278,0.004780172413793105,851.3187182530609,81061,0.0004676883308714919,0.997796651895618,8.000984736582964e-07,0.0
LSC-CP-RA,"LSC-CP-RA (A=4), tamed",98886f115ea6a7a4c556fecc8bb0d7f3,8da7d73e85753d4e79f54062070fbc7b,True,3,2031,10.155,1751935642.9077258,218991.95536346573,2031.0,259968.0,0.18474757727822555,0.0007031280275969776,0.0002525856909918467,0.03836833538511361,0.019705497503114133,0.029105399491587473,0.4955,0.004500000000000032,0.007295066620920091,0.00511206631171357,0.022218875902766094,0.1919608388454742,True,1.0,reject,pre_step,drift_diffusion_then_jump,iid_bank,4,every_step,True,0.0004913793103448278,0.004780172413793105,851.3187182530609,81061,0.0004676883308714919,0.997796651895618,8.000984736582964e-07,0.0
LSC-CP-RA,"LSC-CP-RA (A=4), tamed",98886f115ea6a7a4c556fecc8bb0d7f3,8da7d73e85753d4e79f54062070fbc7b,True,0,2061,10.305,1777813569.686274,222226.69621078426,2061.0,263808.0,0.23471374708825624,0.0012043135823616158,0.0007528908789186106,0.03778358122652328,0.02502957971490181,0.043108673044625914,0.4865,0.013499999999999984,0.03440972065225583,0.009389932460437955,0.09471057777727357,0.28051925262027966,True,1.0,reject,pre_step,drift_diffusion_then_jump,iid_bank,4,every_step,True,0.00047500000000000016,0.005041666666666667,2697.846227392959,82271,0.0004677947598253275,0.997950024260068,7.884522076661815e-07,0.0
LSC-CP-RA,"LSC-CP-RA (A=4), tamed",98886f115ea6a7a4c556fecc8bb0d7f3,8da7d73e85753d4e79f54062070fbc7b,True,1,2061,10.305,1777813569.686274,222226.69621078426,2061.0,263808.0,0.09637963424816438,8.928965174614945e-05,-0.0003621614850995991,0.03353356172117339,0.02168033178966359,0.0368130326998433,0.512,0.01200000000000001,0.028394431762392074,0.0073199055315145145,0.060434892384266685,0.19879654321948792,True,1.0,reject,pre_step,drift_diffusion_then_jump,iid_bank,4,every_step,True,0.00047500000000000016,0.005041666666666667,2697.846227392959,82271,0.0004677947598253275,0.997950024260068,7.884522076661815e-07,0.0
LSC-CP-RA,"LSC-CP-RA (A=4), tamed",98886f115ea6a7a4c556fecc8bb0d7f3,8da7d73e85753d4e79f54062070fbc7b,True,2,2061,10.305,1777813569.686274,222226.69621078426,2061.0,263808.0,0.11484084224290576,0.00017376602265606333,-0.0002772378715635293,0.036209130720846416,0.023912072639721123,0.04159835834650353,0.5135,0.013499999999999984,0.022978338053327243,0.003290604351019022,0.012981898670000977,0.23654240822951633,True,1.0,reject,pre_step,drift_diffusion_then_jump,iid_bank,4,every_step,True,0.00047500000000000016,0.005041666666666667,2697.846227392959,82271,0.0004677947598253275,0.997950024260068,7.884522076661815e-07,0.0
LSC-CP-RA,"LSC-CP-RA (A=4), tamed",98886f115ea6a7a4c556fecc8bb0d7f3,8da7d73e85753d4e79f54062070fbc7b,True,3,2061,10.305,1777813569.686274,222226.69621078426,2061.0,263808.0,0.19880851338271852,0.0008034083139089043,0.0003527497316894168,0.02842816167319223,0.01871290342109359,0.03114492127157132,0.4925,0.007500000000000034,0.013658733570433092,0.003234051576072483,0.018068371854435272,0.1782356487370086,True,1.0,reject,pre_step,drift_diffusion_then_jump,iid_bank,4,every_step,True,0.00047500000000000016,0.005041666666666667,2697.846227392959,82271,0.0004677947598253275,0.997950024260068,7.884522076661815e-07,0.0
LSC-CP-RA,"LSC-CP-RA (A=4), tamed",98886f115ea6a7a4c556fecc8bb0d7f3,8da7d73e85753d4e79f54062070fbc7b,True,0,2091,10.455,1803691496.4648225,225461.4370581028,2091.0,267648.0,0.23603130634337874,0.0015720952980440295,0.0011225657762580221,0.04962042024341165,0.03046885822103763,0.04765933241148141,0.484,0.016000000000000014,0.034981965939129854,0.015201249747466172,0.056494062056252244,0.11424228815837989,True,1.0,reject,pre_step,drift_diffusion_then_jump,iid_bank,4,every_step,True,0.0004000000000000002,0.004825,4118.333348245158,83429,0.00046682209469153514,0.9974772835963653,8.369201339072214e-07,0.0
LSC-CP-RA,"LSC-CP-RA (A=4), tamed",98886f115ea6a7a4c556fecc8bb0d7f3,8da7d73e85753d4e79f54062070fbc7b,True,1,2091,10.455,1803691496.4648225,225461.4370581028,2091.0,267648.0,0.08068103438900796,0.00017165248039574532,-0.00027866210644988954,0.04572465686830651,0.024343277879273532,0.038628680127252304,0.512,0.01200000000000001,0.025657798983176272,0.010132096463181361,0.03620728865944371,0.08649288292491353,True,1.0,reject,pre_step,drift_diffusion_then_jump,iid_bank,4,every_step,True,0.0004000000000000002,0.004825,4118.333348245158,83429,0.00046682209469153514,0.9974772835963653,8.369201339072214e-07,0.0
LSC-CP-RA,"LSC-CP-RA (A=4), tamed",98886f115ea6a7a4c556fecc8bb0d7f3,8da7d73e85753d4e79f54062070fbc7b,True,2,2091,10.455,1803691496.4648225,225461.4370581028,2091.0,267648.0,0.13761665727659403,0.00021723719660771135,-0.0002345162471659723,0.0338869689007012,0.024429060431193177,0.045008332010289136,0.514,0.014000000000000012,0.015111789279395408,0.015402201284961503,0.05426623366230788,0.359010530193817,True,1.0,reject,pre_step,drift_diffusion_then_jump,iid_bank,4,every_step,True,0.0004000000000000002,0.004825,4118.333348245158,83429,0.00046682209469153514,0.9974772835963653,8.369201339072214e-07,0.0
LSC-CP-RA,"LSC-CP-RA (A=4), tamed",98886f115ea6a7a4c556fecc8bb0d7f3,8da7d73e85753d4e79f54062070fbc7b,True,3,2091,10.455,1803691496.4648225,225461.4370581028,2091.0,267648.0,0.183533287314365,0.0006225579918655022,0.0001712236495658992,0.0336326217928849,0.016704963517077457,0.025974356949468938,0.496,0.0040000000000000036,0.010769148046142986,0.0047024238981978606,0.004054478402407165,0.20080284130581771,True,1.0,reject,pre_step,drift_diffusion_then_jump,iid_bank,4,every_step,True,0.0004000000000000002,0.004825,4118.333348245158,83429,0.00046682209469153514,0.9974772835963653,8.369201339072214e-07,0.0
LSC-CP-RA,"LSC-CP-RA (A=4), tamed",98886f115ea6a7a4c556fecc8bb0d7f3,8da7d73e85753d4e79f54062070fbc7b,True,0,2120,10.6,1828706825.684086,228588.35321051077,2120.0,271360.0,0.22716956044770473,0.0011795022761672547,0.0007289591076775626,0.040378503083476125,0.02541229404380984,0.043363295288023,0.488,0.01200000000000001,0.020830997983012637,0.0036858367108866252,0.028572642778910015,0.2434490930812211,True,1.0,reject,pre_step,drift_diffusion_then_jump,iid_bank,4,every_step,True,0.0004094827586206897,0.0047974137931034505,826.218060201994,84542,0.0004660377358490566,0.9969575471698113,8.844339622641509e-07,0.0
LSC-CP-RA,"LSC-CP-RA (A=4), tamed",98886f115ea6a7a4c556fecc8bb0d7f3,8da7d73e85753d4e79f54062070fbc7b,True,1,2120,10.6,1828706825.684086,228588.35321051077,2120.0,271360.0,0.107918414331519,0.00025019967610773186,-0.0002001636700887932,0.028666217301059227,0.01751911778637677,0.0282232092295851,0.507,0.007000000000000006,0.013374207952304274,0.008794816926773863,0.035679007792056655,0.13038132598890673,True,1.0,reject,pre_step,drift_diffusion_then_jump,iid_bank,4,every_step,True,0.0004094827586206897,0.0047974137931034505,826.218060201994,84542,0.0004660377358490566,0.9969575471698113,8.844339622641509e-07,0.0
LSC-CP-RA,"LSC-CP-RA (A=4), tamed",98886f115ea6a7a4c556fecc8bb0d7f3,8da7d73e85753d4e79f54062070fbc7b,True,2,2120,10.6,1828706825.684086,228588.35321051077,2120.0,271360.0,0.10176391170196263,0.0002981450340113767,-0.00015188868440108028,0.03675550587720933,0.026485479042186146,0.04376839105915545,0.513,0.013000000000000012,0.02062921825131531,0.011735750004807644,0.011438911460697077,0.15329194285786085,True,1.0,reject,pre_step,drift_diffusion_then_jump,iid_bank,4,every_step,True,0.0004094827586206897,0.0047974137931034505,826.218060201994,84542,0.0004660377358490566,0.9969575471698113,8.844339622641509e-07,0.0
LSC-CP-RA,"LSC-CP-RA (A=4), tamed",98886f115ea6a7a4c556fecc8bb0d7f3,8da7d73e85753d4e79f54062070fbc7b,True,3,2120,10.6,1828706825.684086,228588.35321051077,2120.0,271360.0,0.19742915207203593,0.0008913962833821953,0.00044106072439831223,0.037719972480401875,0.01996756398306167,0.030670868580634753,0.492,0.008000000000000007,0.01514591001596727,0.00643714568523035,0.010155903048790143,0.16094547068635812,True,1.0,reject,pre_step,drift_diffusion_then_jump,iid_bank,4,every_step,True,0.0004094827586206897,0.0047974137931034505,826.218060201994,84542,0.0004660377358490566,0.9969575471698113,8.844339622641509e-07,0.0
LSC-CP-RA,"LSC-CP-RA (A=4), tamed",98886f115ea6a7a4c556fecc8bb0d7f3,8da7d73e85753d4e79f54062070fbc7b,True,0,2150,10.75,1854584752.4626343,231823.0940578293,2150.0,275200.0,0.2321989582348026,0.0008361701748312855,0.00038346672576961005,0.02886229978898136,0.02180489985019626,0.041407817109411174,0.491,0.009000000000000008,0.020806220876274706,0.026558202714080714,0.08642232898418511,0.4814298309974735,True,1.0,reject,pre_step,drift_diffusion_then_jump,iid_bank,4,every_step,True,0.0004625000000000002,0.005058333333333335,886.1214495618733,85756,0.00046598837209302325,0.9971627906976744,9.302325581395349e-07,0.0
LSC-CP-RA,"LSC-CP-RA (A=4), tamed",98886f115ea6a7a4c556fecc8bb0d7f3,8da7d73e85753d4e79f54062070fbc7b,True,1,2150,10.75,1854584752.4626343,231823.0940578293,2150.0,275200.0,0.13827202016422624,0.00028040720667132923,-0.00017112410276620693,0.03297879622932631,0.022179753641327654,0.04060024400208985,0.5095000000000001,0.009500000000000036,0.017092565771076828,0.013777445994426762,0.04403829336661118,0.42214795997971233,True,1.0,reject,pre_step,drift_diffusion_then_jump,iid_bank,4,every_step,True,0.0004625000000000002,0.005058333333333335,886.1214495618733,85756,0.00046598837209302325,0.9971627906976744,9.302325581395349e-07,0.0
LSC-CP-RA,"LSC-CP-RA (A=4), tamed",98886f115ea6a7a4c556fecc8bb0d7f3,8da7d73e85753d4e79f54062070fbc7b,True,2,2150,10.75,1854584752.4626343,231823.0940578293,2150.0,275200.0,0.080906984606114,0.0001093712388530177,-0.00034107927129500837,0.025715879154944832,0.01774576099674632,0.029374454409270924,0.5095000000000001,0.009500000000000036,0.013696445632141308,0.006459506284703154,0.007638820757322822,0.08082743155917538,True,1.0,reject,pre_step,drift_diffusion_then_jump,iid_bank,4,every_step,True,0.0004625000000000002,0.005058333333333335,886.1214495618733,85756,0.00046598837209302325,0.9971627906976744,9.302325581395349e-07,0.0
LSC-CP-RA,"LSC-CP-RA (A=4), tamed",98886f115ea6a7a4c556fecc8bb0d7f3,8da7d73e85753d4e79f54062070fbc7b,True,3,2150,10.75,1854584752.4626343,231823.0940578293,2150.0,275200.0,0.1938261705786164,0.0009081892141667991,0.000458230141600402,0.039768622381265634,0.022605913619410428,0.03343242809543206,0.493,0.007000000000000006,0.01862484379174516,0.014192688691904598,0.03121826803238605,0.1143939030751272,True,1.0,reject,pre_step,drift_diffusion_then_jump,iid_bank,4,every_step,True,0.0004625000000000002,0.005058333333333335,886.1214495618733,85756,0.00046598837209302325,0.9971627906976744,9.302325581395349e-07,0.0
LSC-CP-RA,"LSC-CP-RA (A=4), tamed",98886f115ea6a7a4c556fecc8bb0d7f3,8da7d73e85753d4e79f54062070fbc7b,True,0,2180,10.9,1880462679.2411828,235057.83490514784,2180.0,279040.0,0.15654813778190516,0.0003963087872550508,-5.4100607556950564e-05,0.03515580000076868,0.017345211816925773,0.02139637291321316,0.499,0.0010000000000000009,0.004023134805264154,0.008690068020551056,0.0017806232460122408,0.12736990894209865,True,1.0,reject,pre_step,drift_diffusion_then_jump,iid_bank,4,every_step,True,0.00047916666666666686,0.005050000000000001,4711.00539442905,86968,0.0004661697247706422,0.9973394495412844,9.174311926605505e-07,0.0
LSC-CP-RA,"LSC-CP-RA (A=4), tamed",98886f115ea6a7a4c556fecc8bb0d7f3,8da7d73e85753d4e79f54062070fbc7b,True,1,2180,10.9,1880462679.2411828,235057.83490514784,2180.0,279040.0,0.14148157235721345,0.0003465846644784554,-0.00010365097360842679,0.040785653767682284,0.019266339589103496,0.024595339995587447,0.502,0.0020000000000000018,0.00955606870397088,0.010740719329268344,0.012011044394414099,0.12485484768774235,True,1.0,reject,pre_step,drift_diffusion_then_jump,iid_bank,4,every_step,True,0.00047916666666666686,0.005050000000000001,4711.00539442905,86968,0.0004661697247706422,0.9973394495412844,9.174311926605505e-07,0.0
LSC-CP-RA,"LSC-CP-RA (A=4), tamed",98886f115ea6a7a4c556fecc8bb0d7f3,8da7d73e85753d4e79f54062070fbc7b,True,2,2180,10.9,1880462679.2411828,235057.83490514784,2180.0,279040.0,0.07426591826263718,8.89892500703926e-05,-0.0003614910891575063,0.023317803730657505,0.017271416957853048,0.028454524581365177,0.5095000000000001,0.009500000000000036,0.018428438050835473,0.0066716726819928684,0.028899735671760626,0.0677845551323778,True,1.0,reject,pre_step,drift_diffusion_then_jump,iid_bank,4,every_step,True,0.00047916666666666686,0.005050000000000001,4711.00539442905,86968,0.0004661697247706422,0.9973394495412844,9.174311926605505e-07,0.0
LSC-CP-RA,"LSC-CP-RA (A=4), tamed",98886f115ea6a7a4c556fecc8bb0d7f3,8da7d73e85753d4e79f54062070fbc7b,True,3,2180,10.9,1880462679.2411828,235057.83490514784,2180.0,279040.0,0.23166232233000686,0.0013499487594613724,0.0008993831501826755,0.03490408972339498,0.024912763850596754,0.04124189700121644,0.487,0.013000000000000012,0.02421221980910848,0.0005647183157563296,0.03152624702593195,0.23600200986554498,True,1.0,reject,pre_step,drift_diffusion_then_jump,iid_bank,4,every_step,True,0.00047916666666666686,0.005050000000000001,4711.00539442905,86968,0.0004661697247706422,0.9973394495412844,9.174311926605505e-07,0.0
LSC-CP-RA,"LSC-CP-RA (A=4), tamed",98886f115ea6a7a4c556fecc8bb0d7f3,8da7d73e85753d4e79f54062070fbc7b,True,0,2209,11.045,1905478008.4604461,238184.75105755575,2209.0,282752.0,0.15452673036619047,0.0002879365717015636,-0.00016369941546356959,0.02129804582972772,0.012609014665433063,0.019420682397656895,0.5,0.0,0.0025393643090313037,0.007581705239426806,0.009494594352466607,0.2195556013558425,True,1.0,reject,pre_step,drift_diffusion_then_jump,iid_bank,4,every_step,True,0.0004396551724137932,0.004948275862068966,1589.9709277880736,88116,0.0004658216387505659,0.9972385694884564,9.053870529651426e-07,0.0
LSC-CP-RA,"LSC-CP-RA (A=4), tamed",98886f115ea6a7a4c556fecc8bb0d7f3,8da7d73e85753d4e79f54062070fbc7b,True,1,2209,11.045,1905478008.4604461,238184.75105755575,2209.0,282752.0,0.16964540901818817,0.00030970150006093267,-0.00014195512593395687,0.03347904198499785,0.01694636998875209,0.0246848164420658,0.5005000000000001,0.0005000000000000282,0.005706890524068132,0.010626293959752897,0.08985543802098658,0.2920277637959564,True,1.0,reject,pre_step,drift_diffusion_then_jump,iid_bank,4,every_step,True,0.0004396551724137932,0.004948275862068966,1589.9709277880736,88116,0.0004658216387505659,0.9972385694884564,9.053870529651426e-07,0.0
LSC-CP-RA,"LSC-CP-RA (A=4), tamed",98886f115ea6a7a4c556fecc8bb0d7f3,8da7d73e85753d4e79f54062070fbc7b,True,2,2209,11.045,1905478008.4604461,238184.75105755575,2209.0,282752.0,0.08253891257829725,0.00011284115169651887,-0.00033752985727408813,0.03934728960858047,0.02058641042875796,0.03151531828614059,0.5095000000000001,0.009500000000000036,0.024088818100554805,0.006794603309048242,0.043432132763323604,0.09776691121575987,True,1.0,reject,pre_step,drift_diffusion_then_jump,iid_bank,4,every_step,True,0.0004396551724137932,0.004948275862068966,1589.9709277880736,88116,0.0004658216387505659,0.9972385694884564,9.053870529651426e-07,0.0
LSC-CP-RA,"LSC-CP-RA (A=4), tamed",98886f115ea6a7a4c556fecc8bb0d7f3,8da7d73e85753d4e79f54062070fbc7b,True,3,2209,11.045,1905478008.4604461,238184.75105755575,2209.0,282752.0,0.24848419787712242,0.0015653507496585783,0.001115316993376414,0.037809391419977745,0.029221923816823356,0.0486057448321209,0.4815,0.01849999999999999,0.03206432410764637,0.009103545047229988,0.056411641484144945,0.1383474987912151,True,1.0,reject,pre_step,drift_diffusion_then_jump,iid_bank,4,every_step,True,0.0004396551724137932,0.004948275862068966,1589.9709277880736,88116,0.0004658216387505659,0.9972385694884564,9.053870529651426e-07,0.0
LSC-CP-RA,"LSC-CP-RA (A=4), tamed",98886f115ea6a7a4c556fecc8bb0d7f3,8da7d73e85753d4e79f54062070fbc7b,True,0,2239,11.195,1931355935.2389946,241419.49190487433,2239.0,286592.0,0.05734839907078432,7.80706271815701e-05,-0.00037253812924309404,0.02531922947571208,0.018573331978959537,0.030283064882552467,0.5115000000000001,0.011500000000000038,0.021953212027467715,0.006576506428825013,0.04175232961427548,0.04813538338260337,True,1.0,reject,pre_step,drift_diffusion_then_jump,iid_bank,4,every_step,True,0.0004666666666666669,0.005150000000000002,4636.966590251024,89352,0.0004658329611433676,0.9976775346136668,8.932559178204555e-07,0.0
LSC-CP-RA,"LSC-CP-RA (A=4), tamed",98886f115ea6a7a4c556fecc8bb0d7f3,8da7d73e85753d4e79f54062070fbc7b,True,1,2239,11.195,1931355935.2389946,241419.49190487433,2239.0,286592.0,0.1698849827570839,0.0005051876124242405,5.47146975654611e-05,0.030563096708391913,0.01663910107435928,0.022837978683843886,0.498,0.0020000000000000018,0.0037782475665285365,0.005279394877015786,0.006177175150058262,0.17709580127116198,True,1.0,reject,pre_step,drift_diffusion_then_jump,iid_bank,4,every_step,True,0.0004666666666666669,0.005150000000000002,4636.966590251024,89352,0.0004658329611433676,0.9976775346136668,8.932559178204555e-07,0.0
LSC-CP-RA,"LSC-CP-RA (A=4), tamed",98886f115ea6a7a4c556fecc8bb0d7f3,8da7d73e85753d4e79f54062070fbc7b,True,2,2239,11.195,1931355935.2389946,241419.49190487433,2239.0,286592.0,0.05877688705419937,0.00032107455254926087,-0.00012781444680742826,0.04476596064205707,0.026604398138661785,0.03690553763873213,0.51,0.010000000000000009,0.027112578093427674,0.029977878484505616,0.05348477628706119,0.015925322768764016,True,1.0,reject,pre_step,drift_diffusion_then_jump,iid_bank,4,every_step,True,0.0004666666666666669,0.005150000000000002,4636.966590251024,89352,0.0004658329611433676,0.9976775346136668,8.932559178204555e-07,0.0
LSC-CP-RA,"LSC-CP-RA (A=4), tamed",98886f115ea6a7a4c556fecc8bb0d7f3,8da7d73e85753d4e79f54062070fbc7b,True,3,2239,11.195,1931355935.2389946,241419.49190487433,2239.0,286592.0,0.29189575438572235,0.0026760638038790807,0.0022252206766532057,0.03378812764465028,0.03789729366910672,0.06314487513492167,0.47200000000000003,0.027999999999999997,0.047766628939539,0.006100126065320732,0.03391327254153011,0.25172214845389196,True,1.0,reject,pre_step,drift_diffusion_then_jump,iid_bank,4,every_step,True,0.0004666666666666669,0.005150000000000002,4636.966590251024,89352,0.0004658329611433676,0.9976775346136668,8.932559178204555e-07,0.0
LSC-CP-RA,"LSC-CP-RA (A=4), tamed",98886f115ea6a7a4c556fecc8bb0d7f3,8da7d73e85753d4e79f54062070fbc7b,True,0,2269,11.345,1957233862.017543,244654.23275219288,2269.0,290432.0,0.14677481884102744,0.00041768676404896343,-3.28411950074603e-05,0.034054746551199694,0.01761401657375875,0.022773926752211446,0.5015000000000001,0.001500000000000029,0.0017811567312506665,0.007216122214638188,0.008691897077749814,0.15143089696086653,True,1.0,reject,pre_step,drift_diffusion_then_jump,iid_bank,4,every_step,True,0.00045000000000000004,0.005237500000000001,1722.2416828536184,90609,0.00046562362274129573,0.9983362714852357,8.81445570736007e-07,0.0
LSC-CP-RA,"LSC-CP-RA (A=4), tamed",98886f115ea6a7a4c556fecc8bb0d7f3,8da7d73e85753d4e79f54062070fbc7b,True,1,2269,11.345,1957233862.017543,244654.23275219288,2269.0,290432.0,0.15693773493181676,0.00044211076917910486,-9.153174488130134e-06,0.0351557477971422,0.019188489692688635,0.02640987716515629,0.5015000000000001,0.001500000000000029,0.0022665775641669407,0.0006217023312589109,0.018960348063943307,0.20267929911187388,True,1.0,reject,pre_step,drift_diffusion_then_jump,iid_bank,4,every_step,True,0.00045000000000000004,0.005237500000000001,1722.2416828536184,90609,0.00046562362274129573,0.9983362714852357,8.81445570736007e-07,0.0
LSC-CP-RA,"LSC-CP-RA (A=4), tamed",98886f115ea6a7a4c556fecc8bb0d7f3,8da7d73e85753d4e79f54062070fbc7b,True,2,2269,11.345,1957233862.017543,244654.23275219288,2269.0,290432.0,0.12091269602526904,0.00017988559828252537,-0.0002715044135641609,0.04353991837439142,0.02509345779047084,0.04136620921374953,0.512,0.01200000000000001,0.032233297976795604,0.009625672275211938,0.10912612323656093,0.3129656399228572,True,1.0,reject,pre_step,drift_diffusion_then_jump,iid_bank,4,every_step,True,0.00045000000000000004,0.005237500000000001,1722.2416828536184,90609,0.00046562362274129573,0.9983362714852357,8.81445570736007e-07,0.0
LSC-CP-RA,"LSC-CP-RA (A=4), tamed",98886f115ea6a7a4c556fecc8bb0d7f3,8da7d73e85753d4e79f54062070fbc7b,True,3,2269,11.345,1957233862.017543,244654.23275219288,2269.0,290432.0,0.30468241179252076,0.0033410596603168363,0.002891160887987243,0.04521389963649147,0.04498835782165307,0.0694795917467263,0.468,0.032,0.06348925608799856,0.004140622134028438,0.08721423504586348,0.12053019305989132,True,1.0,reject,pre_step,drift_diffusion_then_jump,iid_bank,4,every_step,True,0.00045000000000000004,0.005237500000000001,1722.2416828536184,90609,0.00046562362274129573,0.9983362714852357,8.81445570736007e-07,0.0
LSC-CP-RA,"LSC-CP-RA (A=4), tamed",98886f115ea6a7a4c556fecc8bb0d7f3,8da7d73e85753d4e79f54062070fbc7b,True,0,2298,11.49,1982249191.2368064,247781.1489046008,2298.0,294144.0,0.17578589896232302,0.0004899551362337329,3.894892722577925e-05,0.03482135155767224,0.016309803319314663,0.023906409827818862,0.498,0.0020000000000000018,0.006451605817188088,0.0016242074487992086,0.028175139043962332,0.23459178192221197,True,1.0,reject,pre_step,drift_diffusion_then_jump,iid_bank,4,every_step,True,0.0005215517241379312,0.0050387931034482775,1850.8784254778998,91778,0.00046632941688424715,0.9984551784160139,8.703220191470844e-07,0.0
LSC-CP-RA,"LSC-CP-RA (A=4), tamed",98886f115ea6a7a4c556fecc8bb0d7f3,8da7d73e85753d4e79f54062070fbc7b,True,1,2298,11.49,1982249191.2368064,247781.1489046008,2298.0,294144.0,0.1586630884117602,0.0004909014546129464,4.0796000680520805e-05,0.03424653399598532,0.019550424063105903,0.024081221911219575,0.5005000000000001,0.0005000000000000282,0.0014156650252982966,0.009793949723929773,0.002948987880773498,0.19127939888493917,True,1.0,reject,pre_step,drift_diffusion_then_jump,iid_bank,4,every_step,True,0.0005215517241379312,0.0050387931034482775,1850.8784254778998,91778,0.00046632941688424715,0.9984551784160139,8.703220191470844e-07,0.0
LSC-CP-RA,"LSC-CP-RA (A=4), tamed",98886f115ea6a7a4c556fecc8bb0d7f3,8da7d73e85753d4e79f54062070fbc7b,True,2,2298,11.49,1982249191.2368064,247781.1489046008,2298.0,294144.0,0.16685420136098875,0.00030013437087061945,-0.00015151686478731552,0.023417798212746366,0.013837644145221534,0.020493223147740353,0.5,0.0,0.000469226744239878,0.010231636354917195,0.019695411904406324,0.24580947143703702,True,1.0,reject,pre_step,drift_diffusion_then_jump,iid_bank,4,every_step,True,0.0005215517241379312,0.0050387931034482775,1850.8784254778998,91778,0.00046632941688424715,0.9984551784160139,8.703220191470844e-07,0.0
LSC-CP-RA,"LSC-CP-RA (A=4), tamed",98886f115ea6a7a4c556fecc8bb0d7f3,8da7d73e85753d4e79f54062070fbc7b,True,3,2298,11.49,1982249191.2368064,247781.1489046008,2298.0,294144.0,0.31662923551016353,0.0038143013696858574,0.003364343960840732,0.04065072047014956,0.04865877444000254,0.0759014262789699,0.465,0.035,0.07020438674958422,0.0010165937211282783,0.08001099740199547,0.12777756926734318,True,1.0,reject,pre_step,drift_diffusion_then_jump,iid_bank,4,every_step,True,0.0005215517241379312,0.0050387931034482775,1850.8784254778998,91778,0.00046632941688424715,0.9984551784160139,8.703220191470844e-07,0.0
LSC-CP-RA,"LSC-CP-RA (A=4), tamed",98886f115ea6a7a4c556fecc8bb0d7f3,8da7d73e85753d4e79f54062070fbc7b,True,0,2328,11.64,2008127118.0153549,251015.88975191937,2328.0,297984.0,0.1813460695158784,0.0008673110359048719,0.00041792989210842624,0.045038550039078806,0.02214556640949414,0.030426742742314015,0.4935,0.0065000000000000335,0.015439573081202564,0.022722197704346025,0.0205153929912911,0.031305660890714626,True,1.0,reject,pre_step,drift_diffusion_then_jump,iid_bank,4,every_step,True,0.0004250000000000002,0.0049541666666666675,2087.444636772395,92967,0.00046579682130584195,0.9983569587628865,8.591065292096219e-07,0.0
LSC-CP-RA,"LSC-CP-RA (A=4), tamed",98886f115ea6a7a4c556fecc8bb0d7f3,8da7d73e85753d4e79f54062070fbc7b,True,1,2328,11.64,2008127118.0153549,251015.88975191937,2328.0,297984.0,0.1192208807831061,0.00019266236691117822,-0.0002584826913949456,0.044656062255941986,0.023377452963423393,0.038443523077286074,0.509,0.009000000000000008,0.021372725735870048,0.0053475629778145795,0.02573927704952866,0.2713964203677498,True,1.0,reject,pre_step,drift_diffusion_then_jump,iid_bank,4,every_step,True,0.0004250000000000002,0.0049541666666666675,2087.444636772395,92967,0.00046579682130584195,0.9983569587628865,8.591065292096219e-07,0.0
LSC-CP-RA,"LSC-CP-RA (A=4), tamed",98886f115ea6a7a4c556fecc8bb0d7f3,8da7d73e85753d4e79f54062070fbc7b,True,2,2328,11.64,2008127118.0153549,251015.88975191937,2328.0,297984.0,0.16097899258365012,0.0004127700523347544,-3.7935669833677466e-05,0.036800691274483266,0.017853539168959716,0.02278139480110373,0.4995,0.0005000000000000282,0.002309385312273086,0.005138610121022125,0.03990589647035182,0.15700205871319695,True,1.0,reject,pre_step,drift_diffusion_then_jump,iid_bank,4,every_step,True,0.0004250000000000002,0.0049541666666666675,2087.444636772395,92967,0.00046579682130584195,0.9983569587628865,8.591065292096219e-07,0.0
LSC-CP-RA,"LSC-CP-RA (A=4), tamed",98886f115ea6a7a4c556fecc8bb0d7f3,8da7d73e85753d4e79f54062070fbc7b,True,3,2328,11.64,2008127118.0153549,251015.88975191937,2328.0,297984.0,0.29453602265083767,0.003364892958603427,0.0029156740470965836,0.04778190949947203,0.0441410388478995,0.0669623109951899,0.46900000000000003,0.031,0.05692551035125348,0.015059813609568762,0.034457195437045264,0.06656421478784369,True,1.0,reject,pre_step,drift_diffusion_then_jump,iid_bank,4,every_step,True,0.0004250000000000002,0.0049541666666666675,2087.444636772395,92967,0.00046579682130584195,0.9983569587628865,8.591065292096219e-07,0.0
LSC-CP-RA,"LSC-CP-RA (A=4), tamed",98886f115ea6a7a4c556fecc8bb0d7f3,8da7d73e85753d4e79f54062070fbc7b,True,0,2358,11.790000000000001,2034005044.793903,254250.6305992379,2358.0,301824.0,0.1967983204834248,0.0008742698535153526,0.00042334051431047737,0.039245052550097304,0.021330566965283203,0.03221808586002232,0.493,0.007000000000000006,0.019513294851205818,0.0019385707709420608,0.013365602910990305,0.13272582935178223,True,1.0,reject,pre_step,drift_diffusion_then_jump,iid_bank,4,every_step,True,0.0004791666666666668,0.005162500000000001,4466.885186803504,94206,0.0004659669211195929,0.9987913486005089,8.481764206955047e-07,0.0
LSC-CP-RA,"LSC-CP-RA (A=4), tamed",98886f115ea6a7a4c556fecc8bb0d7f3,8da7d73e85753d4e79f54062070fbc7b,True,1,2358,11.790000000000001,2034005044.793903,254250.6305992379,2358.0,301824.0,0.17524397664948285,0.0004191442545324886,-3.227096479452296e-05,0.03000296197246677,0.015965847972220486,0.024483044517860368,0.4985,0.001500000000000029,0.003843101182506927,0.006531854846270169,0.027748941521407538,0.24860749761250334,True,1.0,reject,pre_step,drift_diffusion_then_jump,iid_bank,4,every_step,True,0.0004791666666666668,0.005162500000000001,4466.885186803504,94206,0.0004659669211195929,0.9987913486005089,8.481764206955047e-07,0.0
LSC-CP-RA,"LSC-CP-RA (A=4), tamed",98886f115ea6a7a4c556fecc8bb0d7f3,8da7d73e85753d4e79f54062070fbc7b,True,2,2358,11.790000000000001,2034005044.793903,254250.6305992379,2358.0,301824.0,0.1528493712381525,0.00019341593497057552,-0.00025881003262462343,0.030851033892273838,0.016447036636726576,0.02759106100306812,0.5045000000000001,0.004500000000000032,0.009991877328870547,0.01934901334348116,0.014770819723548989,0.3496559122548514,True,1.0,reject,pre_step,drift_diffusion_then_jump,iid_bank,4,every_step,True,0.0004791666666666668,0.005162500000000001,4466.885186803504,94206,0.0004659669211195929,0.9987913486005089,8.481764206955047e-07,0.0
LSC-CP-RA,"LSC-CP-RA (A=4), tamed",98886f115ea6a7a4c556fecc8bb0d7f3,8da7d73e85753d4e79f54062070fbc7b,True,3,2358,11.790000000000001,2034005044.793903,254250.6305992379,2358.0,301824.0,0.25699978140707497,0.0020126425837875273,0.001562460113756714,0.03999497595797344,0.031640340591970226,0.0498963276914244,0.47900000000000004,0.02099999999999999,0.03704909387280761,0.006665356183446547,0.0007961344338775446,0.09832514742612675,True,1.0,reject,pre_step,drift_diffusion_then_jump,iid_bank,4,every_step,True,0.0004791666666666668,0.005162500000000001,4466.885186803504,94206,0.0004659669211195929,0.9987913486005089,8.481764206955047e-07,0.0
LSC-CP-RA,"LSC-CP-RA (A=4), tamed",98886f115ea6a7a4c556fecc8bb0d7f3,8da7d73e85753d4e79f54062070fbc7b,True,0,2388,11.94,2059882971.5724516,257485.37144655644,2388.0,305664.0,0.21955655335824353,0.0011587052599764114,0.0007081854059950432,0.043301237001931836,0.024434081172249846,0.037915057770032394,0.488,0.01200000000000001,0.03012114027447219,0.004923034712738805,0.059795336775684105,0.1534148409049524,True,1.0,reject,pre_step,drift_diffusion_then_jump,iid_bank,4,every_step,True,0.00044583333333333356,0.0050750000000000005,2199.858287808294,95424,0.000465713986599665,0.9989949748743718,8.375209380234506e-07,0.0
LSC-CP-RA,"LSC-CP-RA (A=4), tamed",98886f115ea6a7a4c556fecc8bb0d7f3,8da7d73e85753d4e79f54062070fbc7b,True,1,2388,11.94,2059882971.5724516,257485.37144655644,2388.0,305664.0,0.18544990518955848,0.000767715112081957,0.0003174925859912303,0.031155747797142253,0.01837880252950888,0.028980672755285562,0.4935,0.0065000000000000335,0.009276671610533046,0.011689500379479023,0.011325136917370582,0.11016887428071487,True,1.0,reject,pre_step,drift_diffusion_then_jump,iid_bank,4,every_step,True,0.00044583333333333356,0.0050750000000000005,2199.858287808294,95424,0.000465713986599665,0.9989949748743718,8.375209380234506e-07,0.0
LSC-CP-RA,"LSC-CP-RA (A=4), tamed",98886f115ea6a7a4c556fecc8bb0d7f3,8da7d73e85753d4e79f54062070fbc7b,True,2,2388,11.94,2059882971.5724516,257485.37144655644,2388.0,305664.0,0.1175632107885004,0.00021983136863090724,-0.0002306616881578849,0.033980548507257624,0.019832220822765173,0.02972732845796203,0.505,0.0050000000000000044,0.009065774845732639,0.008432420174417032,0.024042677255594495,0.11369278831470286,True,1.0,reject,pre_step,drift_diffusion_then_jump,iid_bank,4,every_step,True,0.00044583333333333356,0.0050750000000000005,2199.858287808294,95424,0.000465713986599665,0.9989949748743718,8.375209380234506e-07,0.0
LSC-CP-RA,"LSC-CP-RA (A=4), tamed",98886f115ea6a7a4c556fecc8bb0d7f3,8da7d73e85753d4e79f54062070fbc7b,True,3,2388,11.94,2059882971.5724516,257485.37144655644,2388.0,305664.0,0.24024258742570992,0.0012383446667283415,0.0007867390087097359,0.03646264701099772,0.024967829647967982,0.043957625366247144,0.4855,0.014499999999999985,0.031764739030905646,0.010761401975300955,0.0788356658426643,0.29132571626504167,True,1.0,reject,pre_step,drift_diffusion_then_jump,iid_bank,4,every_step,True,0.00044583333333333356,0.0050750000000000005,2199.858287808294,95424,0.000465713986599665,0.9989949748743718,8.375209380234506e-07,0.0
LSC-CP-RA,"LSC-CP-RA (A=4), tamed",98886f115ea6a7a4c556fecc8bb0d7f3,8da7d73e85753d4e79f54062070fbc7b,True,0,2417,12.085,2084898300.791715,260612.28759896435,2417.0,309376.0,0.1762688539148663,0.0006525263035096485,0.00020249495286017716,0.033057567191028425,0.01896747224575019,0.02612596125330511,0.4955,0.004500000000000032,0.008470957207882915,0.012445386907585676,0.0045438319828146265,0.12196343441655977,True,1.0,reject,pre_step,drift_diffusion_then_jump,iid_bank,4,every_step,True,0.00044396551724137944,0.005068965517241381,3672.3024418815385,96600,0.0004654530409598676,0.9991725279271825,8.274720728175424e-07,0.0
LSC-CP-RA,"LSC-CP-RA (A=4), tamed",98886f115ea6a7a4c556fecc8bb0d7f3,8da7d73e85753d4e79f54062070fbc7b,True,1,2417,12.085,2084898300.791715,260612.28759896435,2417.0,309376.0,0.1608547513755212,0.00032619911261277945,-0.00012525899664894702,0.02623709664290419,0.014970198841067721,0.02168613949975264,0.5005000000000001,0.0005000000000000282,0.005209920785363314,0.007298416681690734,0.011906861175110637,0.27175661050182465,True,1.0,reject,pre_step,drift_diffusion_then_jump,iid_bank,4,every_step,True,0.00044396551724137944,0.005068965517241381,3672.3024418815385,96600,0.0004654530409598676,0.9991725279271825,8.274720728175424e-07,0.0
LSC-CP-RA,"LSC-CP-RA (A=4), tamed",98886f115ea6a7a4c556fecc8bb0d7f3,8da7d73e85753d4e79f54062070fbc7b,True,2,2417,12.085,2084898300.791715,260612.28759896435,2417.0,309376.0,0.15162363324209513,0.0004811655629378686,3.0835893367497924e-05,0.039847289608580416,0.022030592144183996,0.03082507208070568,0.502,0.0020000000000000018,0.004216964262435139,0.009173279795549716,0.026914799944222034,0.22048720480486395,True,1.0,reject,pre_step,drift_diffusion_then_jump,iid_bank,4,every_step,True,0.00044396551724137944,0.005068965517241381,3672.3024418815385,96600,0.0004654530409598676,0.9991725279271825,8.274720728175424e-07,0.0
LSC-CP-RA,"LSC-CP-RA (A=4), tamed",98886f115ea6a7a4c556fecc8bb0d7f3,8da7d73e85753d4e79f54062070fbc7b,True,3,2417,12.085,2084898300.791715,260612.28759896435,2417.0,309376.0,0.1929375384041024,0.0006578800649614802,0.00020687110777473094,0.034102387971218284,0.019096514202880752,0.030023345556460843,0.495,0.0050000000000000044,0.01752747849453983,0.0013438559061653699,0.07825162365005514,0.21916977571876395,True,1.0,reject,pre_step,drift_diffusion_then_jump,iid_bank,4,every_step,True,0.00044396551724137944,0.005068965517241381,3672.3024418815385,96600,0.0004654530409598676,0.9991725279271825,8.274720728175424e-07,0.0
LSC-CP-RA,"LSC-CP-RA (A=4), tamed",98886f115ea6a7a4c556fecc8bb0d7f3,8da7d73e85753d4e79f54062070fbc7b,True,0,2447,12.235,2110776227.5702634,263847.0284462829,2447.0,313216.0,0.20815950956768675,0.0007543521520096963,0.0003019699832017553,0.02875227458382068,0.01866116543749755,0.03422886488474261,0.494,0.006000000000000005,0.007881586331680413,0.01894504253027196,0.030291352306384873,0.36633717923889,True,1.0,reject,pre_step,drift_diffusion_then_jump,iid_bank,4,every_step,True,0.0004875000000000002,0.004962500000000001,1708.188859337888,97791,0.00046572333469554556,0.9990907233346955,8.173273395995097e-07,0.0
LSC-CP-RA,"LSC-CP-RA (A=4), tamed",98886f115ea6a7a4c556fecc8bb0d7f3,8da7d73e85753d4e79f54062070fbc7b,True,1,2447,12.235,2110776227.5702634,263847.0284462829,2447.0,313216.0,0.14921986900645584,0.0002806439411933148,-0.00017054630458579467,0.044912144953419775,0.020006546054990464,0.029132397514100815,0.5035000000000001,0.003500000000000031,0.008860416443532871,0.004158584717353309,0.02771743618960542,0.26942852199310774,True,1.0,reject,pre_step,drift_diffusion_then_jump,iid_bank,4,every_step,True,0.0004875000000000002,0.004962500000000001,1708.188859337888,97791,0.00046572333469554556,0.9990907233346955,8.173273395995097e-07,0.0
LSC-CP-RA,"LSC-CP-RA (A=4), tamed",98886f115ea6a7a4c556fecc8bb0d7f3,8da7d73e85753d4e79f54062070fbc7b,True,2,2447,12.235,2110776227.5702634,263847.0284462829,2447.0,313216.0,0.14186343097839732,0.0002481330626180611,-0.00020346242852542495,0.038211510473910804,0.019062794926745324,0.03040636467829757,0.5055000000000001,0.005500000000000033,0.01098605308259861,0.00920173765292187,0.025106930390494473,0.284357750096942,True,1.0,reject,pre_step,drift_diffusion_then_jump,iid_bank,4,every_step,True,0.0004875000000000002,0.004962500000000001,1708.188859337888,97791,0.00046572333469554556,0.9990907233346955,8.173273395995097e-07,0.0
LSC-CP-RA,"LSC-CP-RA (A=4), tamed",98886f115ea6a7a4c556fecc8bb0d7f3,8da7d73e85753d4e79f54062070fbc7b,True,3,2447,12.235,2110776227.5702634,263847.0284462829,2447.0,313216.0,0.1899837196809549,0.000758115570852369,0.000307021270464336,0.041612983541641335,0.022250942806298347,0.032622009818254756,0.496,0.0040000000000000036,0.01012635283967623,0.0010526162677609863,0.006543426571391948,0.256403722540092,True,1.0,reject,pre_step,drift_diffusion_then_jump,iid_bank,4,every_step,True,0.0004875000000000002,0.004962500000000001,1708.188859337888,97791,0.00046572333469554556,0.9990907233346955,8.173273395995097e-07,0.0
LSC-CP-RA,"LSC-CP-RA (A=4), tamed",98886f115ea6a7a4c556fecc8bb0d7f3,8da7d73e85753d4e79f54062070fbc7b,True,0,2477,12.385,2136654154.3488119,267081.7692936015,2477.0,317056.0,0.19727772842778807,0.001006722566121332,0.0005572549461183574,0.042433568202537575,0.023910868092129382,0.035520842788524604,0.491,0.009000000000000008,0.017787038030645894,0.021273411918827367,0.014022114131503258,0.06325116191050728,True,1.0,reject,pre_step,drift_diffusion_then_jump,iid_bank,4,every_step,True,0.0004708333333333336,0.004920833333333335,4102.2470485399,98972,0.00046578522406136454,0.9989099717400081,8.074283407347598e-07,0.0
LSC-CP-RA,"LSC-CP-RA (A=4), tamed",98886f115ea6a7a4c556fecc8bb0d7f3,8da7d73e85753d4e79f54062070fbc7b,True,1,2477,12.385,2136654154.3488119,267081.7692936015,2477.0,317056.0,0.16547501774676576,0.00040873601724888964,-4.1857067144435156e-05,0.03694989223845724,0.016427593878714935,0.02215559716668919,0.4975,0.00250000000000003,0.004352661541643182,0.005430785329938126,0.04979539117168603,0.14434153179683118,True,1.0,reject,pre_step,drift_diffusion_then_jump,iid_bank,4,every_step,True,0.0004708333333333336,0.004920833333333335,4102.2470485399,98972,0.00046578522406136454,0.9989099717400081,8.074283407347598e-07,0.0
LSC-CP-RA,"LSC-CP-RA (A=4), tamed",98886f115ea6a7a4c556fecc8bb0d7f3,8da7d73e85753d4e79f54062070fbc7b,True,2,2477,12.385,2136654154.3488119,267081.7692936015,2477.0,317056.0,0.18395519836602228,0.0006228312011048454,0.00017220220007729825,0.031189362953068733,0.019420454236165213,0.028351614685470518,0.4965,0.003500000000000031,0.008507895096948706,0.0023061314103109964,0.01073153521786703,0.2522274854566907,True,1.0,reject,pre_step,drift_diffusion_then_jump,iid_bank,4,every_step,True,0.0004708333333333336,0.004920833333333335,4102.2470485399,98972,0.00046578522406136454,0.9989099717400081,8.074283407347598e-07,0.0
LSC-CP-RA,"LSC-CP-RA (A=4), tamed",98886f115ea6a7a4c556fecc8bb0d7f3,8da7d73e85753d4e79f54062070fbc7b,True,3,2477,12.385,2136654154.3488119,267081.7692936015,2477.0,317056.0,0.18122284272952743,0.0009171745117255714,0.00046757996371149524,0.043972545349686504,0.025075273130859464,0.034565662164366656,0.494,0.006000000000000005,0.010286798484891245,0.021454680635974444,0.006044076029974279,0.10712224097236567,True,1.0,reject,pre_step,drift_diffusion_then_jump,iid_bank,4,every_step,True,0.0004708333333333336,0.004920833333333335,4102.2470485399,98972,0.00046578522406136454,0.9989099717400081,8.074283407347598e-07,0.0
LSC-CP-RA,"LSC-CP-RA (A=4), tamed",98886f115ea6a7a4c556fecc8bb0d7f3,8da7d73e85753d4e79f54062070fbc7b,True,0,2506,12.530000000000001,2161669483.568075,270208.6854460094,2506.0,320768.0,0.15241278126987642,0.0003270562172229541,-0.0001244084484831598,0.03271551964176045,0.019573450654408107,0.03000856911933287,0.503,0.0030000000000000027,0.0061911636087168855,0.005286415550172507,0.00411185102619442,0.260167516538666,True,1.0,reject,pre_step,drift_diffusion_then_jump,iid_bank,4,every_step,True,0.0005215517241379312,0.005081896551724139,4261.025479562122,100151,0.00046643056664006385,0.9991121308858739,8.479648842777335e-07,0.0
LSC-CP-RA,"LSC-CP-RA (A=4), tamed",98886f115ea6a7a4c556fecc8bb0d7f3,8da7d73e85753d4e79f54062070fbc7b,True,1,2506,12.530000000000001,2161669483.568075,270208.6854460094,2506.0,320768.0,0.17193925356748285,0.00025727157936394907,-0.00019567572795964328,0.025728100601035225,0.012750307527765648,0.02155767772059059,0.501,0.0010000000000000009,0.0018885740116570016,0.02769923837090793,0.03099738742523687,0.34080973862586916,True,1.0,reject,pre_step,drift_diffusion_then_jump,iid_bank,4,every_step,True,0.0005215517241379312,0.005081896551724139,4261.025479562122,100151,0.00046643056664006385,0.9991121308858739,8.479648842777335e-07,0.0
LSC-CP-RA,"LSC-CP-RA (A=4), tamed",98886f115ea6a7a4c556fecc8bb0d7f3,8da7d73e85753d4e79f54062070fbc7b,True,2,2506,12.530000000000001,2161669483.568075,270208.6854460094,2506.0,320768.0,0.21256134969021587,0.0010136662663983165,0.0005632216691882075,0.045874549525208586,0.023048763016406414,0.03590481296072279,0.4895,0.010500000000000037,0.02313901813886548,0.004850158007190797,0.022598155145451854,0.20090850612772526,True,1.0,reject,pre_step,drift_diffusion_then_jump,iid_bank,4,every_step,True,0.0005215517241379312,0.005081896551724139,4261.025479562122,100151,0.00046643056664006385,0.9991121308858739,8.479648842777335e-07,0.0
LSC-CP-RA,"LSC-CP-RA (A=4), tamed",98886f115ea6a7a4c556fecc8bb0d7f3,8da7d73e85753d4e79f54062070fbc7b,True,3,2506,12.530000000000001,2161669483.568075,270208.6854460094,2506.0,320768.0,0.21798154700805256,0.0010471387061616877,0.0005961294025280672,0.050933653826176484,0.024720186383830906,0.038704185729229214,0.49,0.010000000000000009,0.02260739312236587,0.002502612799355264,0.027912603965287535,0.2724891081001434,True,1.0,reject,pre_step,drift_diffusion_then_jump,iid_bank,4,every_step,True,0.0005215517241379312,0.005081896551724139,4261.025479562122,100151,0.00046643056664006385,0.9991121308858739,8.479648842777335e-07,0.0
LSC-CP-RA,"LSC-CP-RA (A=4), tamed",98886f115ea6a7a4c556fecc8bb0d7f3,8da7d73e85753d4e79f54062070fbc7b,True,0,2536,12.68,2187547410.3466234,273443.42629332794,2536.0,324608.0,0.13898358003333933,0.0001878279418133788,-0.00026395416838709274,0.03711310177429675,0.01670984695975452,0.02938669465794256,0.506,0.006000000000000005,0.005222313776950698,0.01401098623455932,0.023144803821380105,0.30330513701214723,True,1.0,reject,pre_step,drift_diffusion_then_jump,iid_bank,4,every_step,True,0.0004333333333333335,0.005066666666666667,2256.475568339246,101367,0.0004660390378548896,0.9992803627760253,8.379337539432177e-07,0.0
LSC-CP-RA,"LSC-CP-RA (A=4), tamed",98886f115ea6a7a4c556fecc8bb0d7f3,8da7d73e85753d4e79f54062070fbc7b,True,1,2536,12.68,2187547410.3466234,273443.42629332794,2536.0,324608.0,0.19550116856071828,0.0006855752747535471,0.00023378708382615354,0.017795038159427512,0.012790002894814644,0.02347030557121354,0.4925,0.007500000000000034,0.015576429345867218,0.01231566069654999,0.0027485292053962625,0.18791251185300573,True,1.0,reject,pre_step,drift_diffusion_then_jump,iid_bank,4,every_step,True,0.0004333333333333335,0.005066666666666667,2256.475568339246,101367,0.0004660390378548896,0.9992803627760253,8.379337539432177e-07,0.0
LSC-CP-RA,"LSC-CP-RA (A=4), tamed",98886f115ea6a7a4c556fecc8bb0d7f3,8da7d73e85753d4e79f54062070fbc7b,True,2,2536,12.68,2187547410.3466234,273443.42629332794,2536.0,324608.0,0.21285353951549202,0.0010216878170230537,0.0005710682681254742,0.037982982455769504,0.023087296791645305,0.03658954625330948,0.4885,0.011500000000000038,0.02997114782899006,0.006431904213500705,0.08623838592268188,0.12346850432873702,True,1.0,reject,pre_step,drift_diffusion_then_jump,iid_bank,4,every_step,True,0.0004333333333333335,0.005066666666666667,2256.475568339246,101367,0.0004660390378548896,0.9992803627760253,8.379337539432177e-07,0.0
LSC-CP-RA,"LSC-CP-RA (A=4), tamed",98886f115ea6a7a4c556fecc8bb0d7f3,8da7d73e85753d4e79f54062070fbc7b,True,3,2536,12.68,2187547410.3466234,273443.42629332794,2536.0,324608.0,0.263830950967508,0.002094253738748497,0.0016442101931657405,0.038837866012123246,0.03308160195259974,0.05389474383032619,0.47850000000000004,0.021499999999999964,0.043037554981568374,0.006667478069316002,0.04811514855514012,0.1450381345752113,True,1.0,reject,pre_step,drift_diffusion_then_jump,iid_bank,4,every_step,True,0.0004333333333333335,0.005066666666666667,2256.475568339246,101367,0.0004660390378548896,0.9992803627760253,8.379337539432177e-07,0.0
LSC-CP-RA,"LSC-CP-RA (A=4), tamed",98886f115ea6a7a4c556fecc8bb0d7f3,8da7d73e85753d4e79f54062070fbc7b,True,0,2566,12.83,2213425337.125172,276678.1671406465,2566.0,328448.0,0.11759617972517757,0.00017483764622494569,-0.0002759110642207574,0.02945179217312177,0.016420933775661894,0.026663083164787903,0.506,0.006000000000000005,0.00911383455021326,0.0016719758869827572,0.0018333599163580991,0.16041377412404312,True,1.0,reject,pre_step,drift_diffusion_then_jump,iid_bank,4,every_step,True,0.0005083333333333335,0.005029166666666668,4573.235993628733,102574,0.00046653351519875295,0.99935697583788,8.28137178487919e-07,0.0
LSC-CP-RA,"LSC-CP-RA (A=4), tamed",98886f115ea6a7a4c556fecc8bb0d7f3,8da7d73e85753d4e79f54062070fbc7b,True,1,2566,12.83,2213425337.125172,276678.1671406465,2566.0,328448.0,0.1824431763920535,0.0004025627948742727,-4.917035298868111e-05,0.029814366458416758,0.013870063916670306,0.021614446062960826,0.499,0.0010000000000000009,0.0035752992720791336,0.01580567676318545,0.005561225595103229,0.3354202132678016,True,1.0,reject,pre_step,drift_diffusion_then_jump,iid_bank,4,every_step,True,0.0005083333333333335,0.005029166666666668,4573.235993628733,102574,0.00046653351519875295,0.99935697583788,8.28137178487919e-07,0.0
LSC-CP-RA,"LSC-CP-RA (A=4), tamed",98886f115ea6a7a4c556fecc8bb0d7f3,8da7d73e85753d4e79f54062070fbc7b,True,2,2566,12.83,2213425337.125172,276678.1671406465,2566.0,328448.0,0.225954948200787,0.001311463207363861,0.000861343607235221,0.024651789828872728,0.023795463499573122,0.03999078545818934,0.4855,0.014499999999999985,0.02348431400999304,0.011276286586313855,0.0062646126649828346,0.06668107611134,True,1.0,reject,pre_step,drift_diffusion_then_jump,iid_bank,4,every_step,True,0.0005083333333333335,0.005029166666666668,4573.235993628733,102574,0.00046653351519875295,0.99935697583788,8.28137178487919e-07,0.0
LSC-CP-RA,"LSC-CP-RA (A=4), tamed",98886f115ea6a7a4c556fecc8bb0d7f3,8da7d73e85753d4e79f54062070fbc7b,True,3,2566,12.83,2213425337.125172,276678.1671406465,2566.0,328448.0,0.24818831171170072,0.0018966545695419113,0.0014467310594761251,0.04263745778422212,0.031616903877187595,0.048303744810007945,0.4805,0.01949999999999999,0.04370150624897158,0.010584012311319113,0.05023849337835665,0.06293643482716804,True,1.0,reject,pre_step,drift_diffusion_then_jump,iid_bank,4,every_step,True,0.0005083333333333335,0.005029166666666668,4573.235993628733,102574,0.00046653351519875295,0.99935697583788,8.28137178487919e-07,0.0
LSC-CP-RA,"LSC-CP-RA (A=4), tamed",98886f115ea6a7a4c556fecc8bb0d7f3,8da7d73e85753d4e79f54062070fbc7b,True,0,2595,12.975,2238440666.344435,279805.0832930544,2595.0,332160.0,0.13410101192748658,0.00023668186954950432,-0.00021443204749049816,0.03169470591063617,0.019042990003120173,0.03026981918154972,0.5055000000000001,0.005500000000000033,0.004105222599119414,0.002239835546278157,0.05797056440009676,0.2299522726028197,True,1.0,reject,pre_step,drift_diffusion_then_jump,iid_bank,4,every_step,True,0.0004655172413793105,0.004840517241379312,3301.0383841439425,103697,0.0004665221579961464,0.9990077071290944,8.188824662813102e-07,0.0
LSC-CP-RA,"LSC-CP-RA (A=4), tamed",98886f115ea6a7a4c556fecc8bb0d7f3,8da7d73e85753d4e79f54062070fbc7b,True,1,2595,12.975,2238440666.344435,279805.0832930544,2595.0,332160.0,0.10171569562322946,0.0002699992515150518,-0.00017946178807570767,0.04108253029217346,0.01860804606716509,0.02329709817300589,0.5045000000000001,0.004500000000000032,0.007870529091492481,0.022862908079230415,0.0057504986419018135,0.00784732100900698,True,1.0,reject,pre_step,drift_diffusion_then_jump,iid_bank,4,every_step,True,0.0004655172413793105,0.004840517241379312,3301.0383841439425,103697,0.0004665221579961464,0.9990077071290944,8.188824662813102e-07,0.0
LSC-CP-RA,"LSC-CP-RA (A=4), tamed",98886f115ea6a7a4c556fecc8bb0d7f3,8da7d73e85753d4e79f54062070fbc7b,True,2,2595,12.975,2238440666.344435,279805.0832930544,2595.0,332160.0,0.22368994512539606,0.0012978601124713496,0.0008475431460985838,0.040963461890028585,0.025387010171807778,0.04087483781441595,0.486,0.014000000000000012,0.026892865666868267,0.008730328462744907,0.03593123648874316,0.12406906556194397,True,1.0,reject,pre_step,drift_diffusion_then_jump,iid_bank,4,every_step,True,0.0004655172413793105,0.004840517241379312,3301.0383841439425,103697,0.0004665221579961464,0.9990077071290944,8.188824662813102e-07,0.0
LSC-CP-RA,"LSC-CP-RA (A=4), tamed",98886f115ea6a7a4c556fecc8bb0d7f3,8da7d73e85753d4e79f54062070fbc7b,True,3,2595,12.975,2238440666.344435,279805.0832930544,2595.0,332160.0,0.24279444398250233,0.0016968631075849894,0.0012470294362421086,0.03867369742124327,0.028864886314619392,0.04664607465875195,0.4825,0.017499999999999988,0.030540044469820775,0.01226304526976052,0.007990756845958487,0.08260342091497763,True,1.0,reject,pre_step,drift_diffusion_then_jump,iid_bank,4,every_step,True,0.0004655172413793105,0.004840517241379312,3301.0383841439425,103697,0.0004665221579961464,0.9990077071290944,8.188824662813102e-07,0.0
LSC-CP-RA,"LSC-CP-RA (A=4), tamed",98886f115ea6a7a4c556fecc8bb0d7f3,8da7d73e85753d4e79f54062070fbc7b,True,0,2625,13.125,2264318593.122984,283039.824140373,2625.0,336000.0,0.14173735202250354,0.0002958122741371083,-0.0001558080133400308,0.036526167614939375,0.021851312850498947,0.03621732843061503,0.5065000000000001,0.0065000000000000335,0.01715760434495693,0.009852792585749559,0.08715159241278972,0.3320946397265213,True,1.0,reject,pre_step,drift_diffusion_then_jump,iid_bank,4,every_step,True,0.00039583333333333343,0.004875000000000001,2225.836610082729,104867,0.0004657142857142857,0.9987333333333334,8.095238095238095e-07,0.0
LSC-CP-RA,"LSC-CP-RA (A=4), tamed",98886f115ea6a7a4c556fecc8bb0d7f3,8da7d73e85753d4e79f54062070fbc7b,True,1,2625,13.125,2264318593.122984,283039.824140373,2625.0,336000.0,0.16400909034148697,0.0003172618773208402,-0.00013436992167803474,0.03688848859804894,0.016554254507441708,0.022963575936990215,0.5005000000000001,0.0005000000000000282,0.0019458897058704655,0.00783632258504241,0.012863056228120097,0.23276073593450708,True,1.0,reject,pre_step,drift_diffusion_then_jump,iid_bank,4,every_step,True,0.00039583333333333343,0.004875000000000001,2225.836610082729,104867,0.0004657142857142857,0.9987333333333334,8.095238095238095e-07,0.0
LSC-CP-RA,"LSC-CP-RA (A=4), tamed",98886f115ea6a7a4c556fecc8bb0d7f3,8da7d73e85753d4e79f54062070fbc7b,True,2,2625,13.125,2264318593.122984,283039.824140373,2625.0,336000.0,0.22094567005538182,0.001376155748900043,0.0009266537328642688,0.038702990978407126,0.026430431256446802,0.04112379354724795,0.486,0.014000000000000012,0.027686861845454394,0.018885068599329924,0.02453812224199943,0.053936893516990714,True,1.0,reject,pre_step,drift_diffusion_then_jump,iid_bank,4,every_step,True,0.00039583333333333343,0.004875000000000001,2225.836610082729,104867,0.0004657142857142857,0.9987333333333334,8.095238095238095e-07,0.0
LSC-CP-RA,"LSC-CP-RA (A=4), tamed",98886f115ea6a7a4c556fecc8bb0d7f3,8da7d73e85753d4e79f54062070fbc7b,True,3,2625,13.125,2264318593.122984,283039.824140373,2625.0,336000.0,0.25224579065062014,0.0014614785890064708,0.0010088335348461541,0.037659596052900396,0.026468786434347337,0.04722537842126153,0.4825,0.017499999999999988,0.03782068198305819,0.023490506303579295,0.07079135988063384,0.29488361444082767,True,1.0,reject,pre_step,drift_diffusion_then_jump,iid_bank,4,every_step,True,0.00039583333333333343,0.004875000000000001,2225.836610082729,104867,0.0004657142857142857,0.9987333333333334,8.095238095238095e-07,0.0
LSC-CP-RA,"LSC-CP-RA (A=4), tamed",98886f115ea6a7a4c556fecc8bb0d7f3,8da7d73e85753d4e79f54062070fbc7b,True,0,2655,13.275,2290196519.901532,286274.5649876915,2655.0,339840.0,0.09822963230609691,0.00015009708819491152,-0.0003005527712601763,0.0316550154310109,0.01750658945930727,0.028477157722733615,0.5075000000000001,0.007500000000000034,0.012619549926577756,0.006822904547923003,0.011320790088306212,0.08638943271048471,True,1.0,reject,pre_step,drift_diffusion_then_jump,iid_bank,4,every_step,True,0.00042916666666666683,0.005033333333333334,893.3239359000338,106075,0.00046530131826741996,0.9988229755178908,8.945386064030132e-07,0.0
LSC-CP-RA,"LSC-CP-RA (A=4), tamed",98886f115ea6a7a4c556fecc8bb0d7f3,8da7d73e85753d4e79f54062070fbc7b,True,1,2655,13.275,2290196519.901532,286274.5649876915,2655.0,339840.0,0.21426353381805058,0.0008609163754873528,0.0004096001708208119,0.0377846959864388,0.022997831717342807,0.038702304263780345,0.4925,0.007500000000000034,0.0114030639085032,0.00710006797764462,0.0045258351772079625,0.3273463117834806,True,1.0,reject,pre_step,drift_diffusion_then_jump,iid_bank,4,every_step,True,0.00042916666666666683,0.005033333333333334,893.3239359000338,106075,0.00046530131826741996,0.9988229755178908,8.945386064030132e-07,0.0
LSC-CP-RA,"LSC-CP-RA (A=4), tamed",98886f115ea6a7a4c556fecc8bb0d7f3,8da7d73e85753d4e79f54062070fbc7b,True,2,2655,13.275,2290196519.901532,286274.5649876915,2655.0,339840.0,0.22059880882297925,0.0010885678803068677,0.0006385373921897752,0.034103802391199256,0.02386005175761402,0.0394646449612148,0.4875,0.012499999999999983,0.019589099476392726,0.01070696589674025,0.02883761339503853,0.1315273660160029,True,1.0,reject,pre_step,drift_diffusion_then_jump,iid_bank,4,every_step,True,0.00042916666666666683,0.005033333333333334,893.3239359000338,106075,0.00046530131826741996,0.9988229755178908,8.945386064030132e-07,0.0
LSC-CP-RA,"LSC-CP-RA (A=4), tamed",98886f115ea6a7a4c556fecc8bb0d7f3,8da7d73e85753d4e79f54062070fbc7b,True,3,2655,13.275,2290196519.901532,286274.5649876915,2655.0,339840.0,0.2161048474052208,0.0007340535627795575,0.00028099568560335797,0.023158725582546336,0.014074770430993342,0.028751791925170155,0.492,0.008000000000000007,0.015830903250117268,0.03272580164447625,0.006740556623909896,0.37949877494082085,True,1.0,reject,pre_step,drift_diffusion_then_jump,iid_bank,4,every_step,True,0.00042916666666666683,0.005033333333333334,893.3239359000338,106075,0.00046530131826741996,0.9988229755178908,8.945386064030132e-07,0.0
LSC-CP-RA,"LSC-CP-RA (A=4), tamed",98886f115ea6a7a4c556fecc8bb0d7f3,8da7d73e85753d4e79f54062070fbc7b,True,0,2684,13.42,2315211849.1207957,289401.48114009947,2684.0,343552.0,0.11256013746578614,0.00024197022780947375,-0.0002080015100598409,0.03538010401085412,0.018751737663581784,0.025659070588514687,0.505,0.0050000000000000044,0.016833704468208383,0.014011484709403166,0.05834132423094621,0.06407310886900264,True,1.0,reject,pre_step,drift_diffusion_then_jump,iid_bank,4,every_step,True,0.00038793103448275877,0.00474137931034483,2129.49724489895,107175,0.00046446535022354695,0.998276825633383,8.848733233979135e-07,0.0
LSC-CP-RA,"LSC-CP-RA (A=4), tamed",98886f115ea6a7a4c556fecc8bb0d7f3,8da7d73e85753d4e79f54062070fbc7b,True,1,2684,13.42,2315211849.1207957,289401.48114009947,2684.0,343552.0,0.17668231238310517,0.0009056205373504378,0.0004563138288722346,0.04976731307921517,0.0239418961621587,0.031027213989726857,0.4945,0.005500000000000033,0.01273022495784152,0.023070546429643346,0.005105146050942181,0.06962184777362224,True,1.0,reject,pre_step,drift_diffusion_then_jump,iid_bank,4,every_step,True,0.00038793103448275877,0.00474137931034483,2129.49724489895,107175,0.00046446535022354695,0.998276825633383,8.848733233979135e-07,0.0
LSC-CP-RA,"LSC-CP-RA (A=4), tamed",98886f115ea6a7a4c556fecc8bb0d7f3,8da7d73e85753d4e79f54062070fbc7b,True,2,2684,13.42,2315211849.1207957,289401.48114009947,2684.0,343552.0,0.19126858381935952,0.0008132644705912684,0.00036261808808923934,0.03374162066843894,0.018409721761112878,0.030137817386566547,0.4935,0.0065000000000000335,0.007571126404013315,0.005010654329802189,0.04935953471015651,0.13938940400880184,True,1.0,reject,pre_step,drift_diffusion_then_jump,iid_bank,4,every_step,True,0.00038793103448275877,0.00474137931034483,2129.49724489895,107175,0.00046446535022354695,0.998276825633383,8.848733233979135e-07,0.0
LSC-CP-RA,"LSC-CP-RA (A=4), tamed",98886f115ea6a7a4c556fecc8bb0d7f3,8da7d73e85753d4e79f54062070fbc7b,True,3,2684,13.42,2315211849.1207957,289401.48114009947,2684.0,343552.0,0.16591285981660456,0.000508272894189421,5.801814167794017e-05,0.025882754608813396,0.01439460045999216,0.021044890016432526,0.4965,0.003500000000000031,0.0058013502041862845,0.010177599472741106,0.010941491782976674,0.04273736378629189,True,1.0,reject,pre_step,drift_diffusion_then_jump,iid_bank,4,every_step,True,0.00038793103448275877,0.00474137931034483,2129.49724489895,107175,0.00046446535022354695,0.998276825633383,8.848733233979135e-07,0.0
LSC-CP-RA,"LSC-CP-RA (A=4), tamed",98886f115ea6a7a4c556fecc8bb0d7f3,8da7d73e85753d4e79f54062070fbc7b,True,0,2714,13.57,2341089775.899344,292636.221987418,2714.0,347392.0,0.1665375116304084,0.00036484115891866065,-8.713937036519681e-05,0.034087879480827254,0.016070837107406765,0.02489977186706852,0.5015000000000001,0.001500000000000029,0.0020660514339867373,0.014590206939200101,0.026192935828037715,0.3193802242777476,True,1.0,reject,pre_step,drift_diffusion_then_jump,iid_bank,4,every_step,True,0.00043750000000000017,0.004929166666666668,1717.9665418316083,108358,0.00046416728076639644,0.9981392778187178,8.750921149594695e-07,0.0
LSC-CP-RA,"LSC-CP-RA (A=4), tamed",98886f115ea6a7a4c556fecc8bb0d7f3,8da7d73e85753d4e79f54062070fbc7b,True,1,2714,13.57,2341089775.899344,292636.221987418,2714.0,347392.0,0.1852088526235893,0.000728684508331856,0.00027824629484973773,0.051368746554437156,0.02438946353705488,0.032666490604152894,0.496,0.0040000000000000036,0.016249686325933085,0.008316771497233977,0.05004569145047264,0.1651142341969104,True,1.0,reject,pre_step,drift_diffusion_then_jump,iid_bank,4,every_step,True,0.00043750000000000017,0.004929166666666668,1717.9665418316083,108358,0.00046416728076639644,0.9981392778187178,8.750921149594695e-07,0.0
LSC-CP-RA,"LSC-CP-RA (A=4), tamed",98886f115ea6a7a4c556fecc8bb0d7f3,8da7d73e85753d4e79f54062070fbc7b,True,2,2714,13.57,2341089775.899344,292636.221987418,2714.0,347392.0,0.25018059380796087,0.0017768251604647345,0.001326062838159281,0.036186801643588284,0.029386481439540243,0.047217198196189095,0.4805,0.01949999999999999,0.03970452274852528,0.00015433456829483383,0.04527371229227703,0.1379681488524528,True,1.0,reject,pre_step,drift_diffusion_then_jump,iid_bank,4,every_step,True,0.00043750000000000017,0.004929166666666668,1717.9665418316083,108358,0.00046416728076639644,0.9981392778187178,8.750921149594695e-07,0.0
LSC-CP-RA,"LSC-CP-RA (A=4), tamed",98886f115ea6a7a4c556fecc8bb0d7f3,8da7d73e85753d4e79f54062070fbc7b,True,3,2714,13.57,2341089775.899344,292636.221987418,2714.0,347392.0,0.16105122252856144,0.00047212471845925474,2.1250407781114866e-05,0.031558084030694156,0.01715815030698923,0.02360471149564748,0.4995,0.0005000000000000282,0.0004897614107968441,0.001953028578392968,0.011054259544133483,0.21346008629534918,True,1.0,reject,pre_step,drift_diffusion_then_jump,iid_bank,4,every_step,True,0.00043750000000000017,0.004929166666666668,1717.9665418316083,108358,0.00046416728076639644,0.9981392778187178,8.750921149594695e-07,0.0
LSC-CP-RA,"LSC-CP-RA (A=4), tamed",98886f115ea6a7a4c556fecc8bb0d7f3,8da7d73e85753d4e79f54062070fbc7b,True,0,2744,13.72,2366967702.677892,295870.9628347365,2744.0,351232.0,0.1860023673270624,0.0006459402402091419,0.00019504546822024516,0.043449486512991936,0.021126136143331847,0.030133670925779458,0.496,0.0040000000000000036,0.010837742931614857,0.0003252209795154837,0.011304470386052465,0.23095796045616368,True,1.0,reject,pre_step,drift_diffusion_then_jump,iid_bank,4,every_step,True,0.0004875000000000002,0.0048958333333333345,3573.920927325647,109533,0.00046442237609329445,0.9979318513119534,8.655247813411079e-07,0.0
LSC-CP-RA,"LSC-CP-RA (A=4), tamed",98886f115ea6a7a4c556fecc8bb0d7f3,8da7d73e85753d4e79f54062070fbc7b,True,1,2744,13.72,2366967702.677892,295870.9628347365,2744.0,351232.0,0.16643059328128043,0.0005785955289069333,0.0001283049863236574,0.04015885841022315,0.019518525270517957,0.024543466783930316,0.4985,0.001500000000000029,0.004109823334131838,0.00799147748717599,0.01623658584866252,0.1921171104618521,True,1.0,reject,pre_step,drift_diffusion_then_jump,iid_bank,4,every_step,True,0.0004875000000000002,0.0048958333333333345,3573.920927325647,109533,0.00046442237609329445,0.9979318513119534,8.655247813411079e-07,0.0
LSC-CP-RA,"LSC-CP-RA (A=4), tamed",98886f115ea6a7a4c556fecc8bb0d7f3,8da7d73e85753d4e79f54062070fbc7b,True,2,2744,13.72,2366967702.677892,295870.9628347365,2744.0,351232.0,0.2570892999565982,0.0018543877087864313,0.00140381720904037,0.03747940592628979,0.03144343663323759,0.05268220562404325,0.4805,0.01949999999999999,0.0376512266973453,0.0021213968144582207,0.042013570735614916,0.2090308566769984,True,1.0,reject,pre_step,drift_diffusion_then_jump,iid_bank,4,every_step,True,0.0004875000000000002,0.0048958333333333345,3573.920927325647,109533,0.00046442237609329445,0.9979318513119534,8.655247813411079e-07,0.0
LSC-CP-RA,"LSC-CP-RA (A=4), tamed",98886f115ea6a7a4c556fecc8bb0d7f3,8da7d73e85753d4e79f54062070fbc7b,True,3,2744,13.72,2366967702.677892,295870.9628347365,2744.0,351232.0,0.1411705372242436,0.00043794467656554925,-1.2096280263773629e-05,0.03739605744088892,0.019826479843573133,0.0231128348617625,0.501,0.0010000000000000009,0.008081051628052017,0.015131152889690802,0.04994883044325695,0.08680968077988405,True,1.0,reject,pre_step,drift_diffusion_then_jump,iid_bank,4,every_step,True,0.0004875000000000002,0.0048958333333333345,3573.920927325647,109533,0.00046442237609329445,0.9979318513119534,8.655247813411079e-07,0.0
LSC-CP-RA,"LSC-CP-RA (A=4), tamed",98886f115ea6a7a4c556fecc8bb0d7f3,8da7d73e85753d4e79f54062070fbc7b,True,0,2773,13.865,2391983031.897156,298997.87898714445,2773.0,354944.0,0.1308639996211539,0.00023380670175454643,-0.000216894848221294,0.029476012014730157,0.01574748152483621,0.025078145756658614,0.5045000000000001,0.004500000000000032,0.0054946627159276895,0.002880513077652247,0.0310233304365315,0.17430300298814216,True,1.0,reject,pre_step,drift_diffusion_then_jump,iid_bank,4,every_step,True,0.00045258620689655186,0.0048706896551724155,1756.0974515890991,110663,0.00046429859358095927,0.997683014785431,8.56473133790119e-07,0.0
LSC-CP-RA,"LSC-CP-RA (A=4), tamed",98886f115ea6a7a4c556fecc8bb0d7f3,8da7d73e85753d4e79f54062070fbc7b,True,1,2773,13.865,2391983031.897156,298997.87898714445,2773.0,354944.0,0.15829371517966043,0.00040085326619931916,-5.009708511294342e-05,0.024605580382874997,0.011970469027398824,0.016653064071513846,0.4985,0.001500000000000029,0.006829607133570097,0.001054170706937585,0.014398581683985938,0.112867344874097,True,1.0,reject,pre_step,drift_diffusion_then_jump,iid_bank,4,every_step,True,0.00045258620689655186,0.0048706896551724155,1756.0974515890991,110663,0.00046429859358095927,0.997683014785431,8.56473133790119e-07,0.0
LSC-CP-RA,"LSC-CP-RA (A=4), tamed",98886f115ea6a7a4c556fecc8bb0d7f3,8da7d73e85753d4e79f54062070fbc7b,True,2,2773,13.865,2391983031.897156,298997.87898714445,2773.0,354944.0,0.27423917551241367,0.0023755521262117663,0.0019251792291246073,0.039767410402048675,0.03661372706741705,0.05931356907905873,0.47550000000000003,0.024499999999999966,0.050345037298344955,0.0022733669464289896,0.06333976078816322,0.16661133013821894,True,1.0,reject,pre_step,drift_diffusion_then_jump,iid_bank,4,every_step,True,0.00045258620689655186,0.0048706896551724155,1756.0974515890991,110663,0.00046429859358095927,0.997683014785431,8.56473133790119e-07,0.0
LSC-CP-RA,"LSC-CP-RA (A=4), tamed",98886f115ea6a7a4c556fecc8bb0d7f3,8da7d73e85753d4e79f54062070fbc7b,True,3,2773,13.865,2391983031.897156,298997.87898714445,2773.0,354944.0,0.13639706511065766,0.00029742134401078424,-0.0001532987013912468,0.024856184819802674,0.014203020380859107,0.02052211516864216,0.5025000000000001,0.00250000000000003,0.00806861121079123,0.004856780666804172,0.034514109111448456,0.11929565243868778,True,1.0,reject,pre_step,drift_diffusion_then_jump,iid_bank,4,every_step,True,0.00045258620689655186,0.0048706896551724155,1756.0974515890991,110663,0.00046429859358095927,0.997683014785431,8.56473133790119e-07,0.0
LSC-CP-RA,"LSC-CP-RA (A=4), tamed",98886f115ea6a7a4c556fecc8bb0d7f3,8da7d73e85753d4e79f54062070fbc7b,True,0,2803,14.015,2417860958.675704,302232.619834463,2803.0,358784.0,0.1317377978318201,0.00018188492575621495,-0.00026965915829624265,0.02387947027611792,0.013860298586380892,0.024575345880844698,0.5045000000000001,0.004500000000000032,0.00855523478497503,0.008110677974759284,0.02519932926372917,0.19939029842779632,True,1.0,reject,pre_step,drift_diffusion_then_jump,iid_bank,4,every_step,True,0.00047083333333333347,0.004970833333333334,860.5180190526766,111856,0.000464368533713878,0.9976453799500535,8.473064573671067e-07,0.0
LSC-CP-RA,"LSC-CP-RA (A=4), tamed",98886f115ea6a7a4c556fecc8bb0d7f3,8da7d73e85753d4e79f54062070fbc7b,True,1,2803,14.015,2417860958.675704,302232.619834463,2803.0,358784.0,0.19683458803398604,0.000661619137738545,0.00020964485136809596,0.025113616336906452,0.0150855229900287,0.027388384969100066,0.494,0.006000000000000005,0.010741835986439298,0.013666745846607764,0.015834667004596657,0.2692517995099305,True,1.0,reject,pre_step,drift_diffusion_then_jump,iid_bank,4,every_step,True,0.00047083333333333347,0.004970833333333334,860.5180190526766,111856,0.000464368533713878,0.9976453799500535,8.473064573671067e-07,0.0
LSC-CP-RA,"LSC-CP-RA (A=4), tamed",98886f115ea6a7a4c556fecc8bb0d7f3,8da7d73e85753d4e79f54062070fbc7b,True,2,2803,14.015,2417860958.675704,302232.619834463,2803.0,358784.0,0.2687301084514043,0.0024527093057937766,0.0020031146773462627,0.044358304408683935,0.037223833265189576,0.05706102671909563,0.47550000000000003,0.024499999999999966,0.05160802675740221,0.013314701290318864,0.07209445931421601,0.08855924585211195,True,1.0,reject,pre_step,drift_diffusion_then_jump,iid_bank,4,every_step,True,0.00047083333333333347,0.004970833333333334,860.5180190526766,111856,0.000464368533713878,0.9976453799500535,8.473064573671067e-07,0.0
LSC-CP-RA,"LSC-CP-RA (A=4), tamed",98886f115ea6a7a4c556fecc8bb0d7f3,8da7d73e85753d4e79f54062070fbc7b,True,3,2803,14.015,2417860958.675704,302232.619834463,2803.0,358784.0,0.17474026036060744,0.0004172338772135964,-3.427912916265097e-05,0.034237096642904086,0.01549051203603677,0.023088231847701382,0.4975,0.00250000000000003,0.009661885520145989,0.007326562104030043,0.0538173402169743,0.23512932132154785,True,1.0,reject,pre_step,drift_diffusion_then_jump,iid_bank,4,every_step,True,0.00047083333333333347,0.004970833333333334,860.5180190526766,111856,0.000464368533713878,0.9976453799500535,8.473064573671067e-07,0.0
LSC-CP-RA,"LSC-CP-RA (A=4), tamed",98886f115ea6a7a4c556fecc8bb0d7f3,8da7d73e85753d4e79f54062070fbc7b,True,0,2833,14.165000000000001,2443738885.4542527,305467.3606817816,2833.0,362624.0,0.12187860311954994,0.00021323452926647057,-0.00023757120119549668,0.026375565254599387,0.013199415428917598,0.020232389943448805,0.5035000000000001,0.003500000000000031,0.007695295624049562,0.0049481868640534055,0.0011826977474264583,0.08824569357058965,True,1.0,reject,pre_step,drift_diffusion_then_jump,iid_bank,4,every_step,True,0.0003958333333333335,0.004879166666666668,1703.472401480694,113027,0.0004636427815037063,0.9974144016943169,8.383339216378397e-07,0.0
LSC-CP-RA,"LSC-CP-RA (A=4), tamed",98886f115ea6a7a4c556fecc8bb0d7f3,8da7d73e85753d4e79f54062070fbc7b,True,1,2833,14.165000000000001,2443738885.4542527,305467.3606817816,2833.0,362624.0,0.2095517614931466,0.0009760350807604956,0.0005250742100999517,0.043249953233150784,0.023169060949583407,0.035120697567203124,0.4915,0.008500000000000035,0.020752463844109583,0.0010514884727146345,0.015253514004438654,0.22363130077230353,True,1.0,reject,pre_step,drift_diffusion_then_jump,iid_bank,4,every_step,True,0.0003958333333333335,0.004879166666666668,1703.472401480694,113027,0.0004636427815037063,0.9974144016943169,8.383339216378397e-07,0.0
LSC-CP-RA,"LSC-CP-RA (A=4), tamed",98886f115ea6a7a4c556fecc8bb0d7f3,8da7d73e85753d4e79f54062070fbc7b,True,2,2833,14.165000000000001,2443738885.4542527,305467.3606817816,2833.0,362624.0,0.2646680356551342,0.0018473125969943327,0.0013954952854327018,0.03446501938008123,0.028908107605607185,0.049639819324582876,0.481,0.019000000000000017,0.03628474846543609,0.020583668134402267,0.010565724561086244,0.32476597949816577,True,1.0,reject,pre_step,drift_diffusion_then_jump,iid_bank,4,every_step,True,0.0003958333333333335,0.004879166666666668,1703.472401480694,113027,0.0004636427815037063,0.9974144016943169,8.383339216378397e-07,0.0
LSC-CP-RA,"LSC-CP-RA (A=4), tamed",98886f115ea6a7a4c556fecc8bb0d7f3,8da7d73e85753d4e79f54062070fbc7b,True,3,2833,14.165000000000001,2443738885.4542527,305467.3606817816,2833.0,362624.0,0.19264758642982358,0.00040896142700974636,-4.428383848875672e-05,0.02813488353933946,0.01518803237652925,0.02778461032988628,0.5015000000000001,0.001500000000000029,0.004880183443893218,0.03719723296999655,0.0726757343213684,0.5606473079526711,True,1.0,reject,pre_step,drift_diffusion_then_jump,iid_bank,4,every_step,True,0.0003958333333333335,0.004879166666666668,1703.472401480694,113027,0.0004636427815037063,0.9974144016943169,8.383339216378397e-07,0.0
LSC-CP-RA,"LSC-CP-RA (A=4), tamed",98886f115ea6a7a4c556fecc8bb0d7f3,8da7d73e85753d4e79f54062070fbc7b,True,0,2862,14.31,2468754214.6735163,308594.27683418954,2862.0,366336.0,0.18186085587231077,0.0005340340306627667,8.198227057720775e-05,0.03653469538737758,0.016597037044919632,0.025540195265847665,0.4985,0.001500000000000029,0.004803771572309785,0.014975135368277881,0.02944197548422089,0.3332316052690679,True,1.0,reject,pre_step,drift_diffusion_then_jump,iid_bank,4,every_step,True,0.0004698275862068968,0.00522844827586207,918.9088167889382,114240,0.00046370545073375264,0.9979035639412998,8.298392732354997e-07,0.0
LSC-CP-RA,"LSC-CP-RA (A=4), tamed",98886f115ea6a7a4c556fecc8bb0d7f3,8da7d73e85753d4e79f54062070fbc7b,True,1,2862,14.31,2468754214.6735163,308594.27683418954,2862.0,366336.0,0.2061095561438014,0.0008199468210416949,0.0003694346110509894,0.028263732757984633,0.01990657286607219,0.03357315563063336,0.491,0.009000000000000008,0.016195996231479312,0.003520080284953764,0.04695014537842565,0.18621785602124896,True,1.0,reject,pre_step,drift_diffusion_then_jump,iid_bank,4,every_step,True,0.0004698275862068968,0.00522844827586207,918.9088167889382,114240,0.00046370545073375264,0.9979035639412998,8.298392732354997e-07,0.0
LSC-CP-RA,"LSC-CP-RA (A=4), tamed",98886f115ea6a7a4c556fecc8bb0d7f3,8da7d73e85753d4e79f54062070fbc7b,True,2,2862,14.31,2468754214.6735163,308594.27683418954,2862.0,366336.0,0.30801974148358735,0.002896457349082726,0.002445851148666356,0.03248082173749861,0.03974388452101144,0.06598919261806496,0.47100000000000003,0.028999999999999998,0.05189739315231196,0.015349516270991126,0.015388204858621607,0.4728723855138658,True,1.0,reject,pre_step,drift_diffusion_then_jump,iid_bank,4,every_step,True,0.0004698275862068968,0.00522844827586207,918.9088167889382,114240,0.00046370545073375264,0.9979035639412998,8.298392732354997e-07,0.0
LSC-CP-RA,"LSC-CP-RA (A=4), tamed",98886f115ea6a7a4c556fecc8bb0d7f3,8da7d73e85753d4e79f54062070fbc7b,True,3,2862,14.31,2468754214.6735163,308594.27683418954,2862.0,366336.0,0.14006695134509697,0.00015374491035491378,-0.0002984608576352965,0.024864307395870977,0.01530455017465972,0.02807146693798577,0.5055000000000001,0.005500000000000033,0.013854921205518598,0.018423029351317677,0.034085239562858,0.31567377305327315,True,1.0,reject,pre_step,drift_diffusion_then_jump,iid_bank,4,every_step,True,0.0004698275862068968,0.00522844827586207,918.9088167889382,114240,0.00046370545073375264,0.9979035639412998,8.298392732354997e-07,0.0
LSC-CP-RA,"LSC-CP-RA (A=4), tamed",98886f115ea6a7a4c556fecc8bb0d7f3,8da7d73e85753d4e79f54062070fbc7b,True,0,2892,14.46,2494632141.4520645,311829.0176815081,2892.0,370176.0,0.14905987821514483,0.0002721932668906524,-0.00017898692046014464,0.04190261191254041,0.01762697775128485,0.02552582981529314,0.5035000000000001,0.003500000000000031,0.012786448534743625,0.0052510222661799055,0.040851871161594056,0.2602689732532616,True,1.0,reject,pre_step,drift_diffusion_then_jump,iid_bank,4,every_step,True,0.0004625000000000002,0.005037500000000001,3593.4316859241867,115449,0.0004636929460580913,0.998003112033195,8.212309820193637e-07,0.0
LSC-CP-RA,"LSC-CP-RA (A=4), tamed",98886f115ea6a7a4c556fecc8bb0d7f3,8da7d73e85753d4e79f54062070fbc7b,True,1,2892,14.46,2494632141.4520645,311829.0176815081,2892.0,370176.0,0.18561393483979452,0.0004965630864037784,4.433133938763767e-05,0.03248972453835097,0.015870159068299517,0.025850195455596567,0.498,0.0020000000000000018,0.0053878733809846965,0.016869446177556924,0.013220385273210648,0.32774735911605857,True,1.0,reject,pre_step,drift_diffusion_then_jump,iid_bank,4,every_step,True,0.0004625000000000002,0.005037500000000001,3593.4316859241867,115449,0.0004636929460580913,0.998003112033195,8.212309820193637e-07,0.0
LSC-CP-RA,"LSC-CP-RA (A=4), tamed",98886f115ea6a7a4c556fecc8bb0d7f3,8da7d73e85753d4e79f54062070fbc7b,True,2,2892,14.46,2494632141.4520645,311829.0176815081,2892.0,370176.0,0.29411087051409074,0.0027065281703931854,0.002255416156499379,0.04132252191792757,0.0381548156807707,0.06423768793437287,0.47350000000000003,0.026499999999999968,0.04917890434520682,0.013587190248098624,0.01637781052618782,0.32587437157332777,True,1.0,reject,pre_step,drift_diffusion_then_jump,iid_bank,4,every_step,True,0.0004625000000000002,0.005037500000000001,3593.4316859241867,115449,0.0004636929460580913,0.998003112033195,8.212309820193637e-07,0.0
LSC-CP-RA,"LSC-CP-RA (A=4), tamed",98886f115ea6a7a4c556fecc8bb0d7f3,8da7d73e85753d4e79f54062070fbc7b,True,3,2892,14.46,2494632141.4520645,311829.0176815081,2892.0,370176.0,0.1283072118739327,0.00040515150126485544,-4.432625701789039e-05,0.044096080197656984,0.020579769584375244,0.02399942611382098,0.5025000000000001,0.00250000000000003,0.009368250091423901,0.021930091987466538,0.027169516536528264,0.04126168014204079,True,1.0,reject,pre_step,drift_diffusion_then_jump,iid_bank,4,every_step,True,0.0004625000000000002,0.005037500000000001,3593.4316859241867,115449,0.0004636929460580913,0.998003112033195,8.212309820193637e-07,0.0
LSC-CP-RA,"LSC-CP-RA (A=4), tamed",98886f115ea6a7a4c556fecc8bb0d7f3,8da7d73e85753d4e79f54062070fbc7b,True,0,2922,14.61,2520510068.2306128,315063.7585288266,2922.0,374016.0,0.10387970347536592,0.00032395111285310474,-0.00012555733945018854,0.04619105690440539,0.023892452094680793,0.03256931885947292,0.5065000000000001,0.0065000000000000335,0.02013782972667769,0.020533719718720644,0.04946161277237912,0.06724858286627666,True,1.0,reject,pre_step,drift_diffusion_then_jump,iid_bank,4,every_step,True,0.00042916666666666683,0.004720833333333334,847.903151044247,116582,0.00046333846680355923,0.9974503764544832,8.127994524298425e-07,0.0
LSC-CP-RA,"LSC-CP-RA (A=4), tamed",98886f115ea6a7a4c556fecc8bb0d7f3,8da7d73e85753d4e79f54062070fbc7b,True,1,2922,14.61,2520510068.2306128,315063.7585288266,2922.0,374016.0,0.21742048514218865,0.0011152469108347551,0.0006652497539553215,0.034959946436612044,0.023913897724007954,0.03873419548454412,0.4885,0.011500000000000038,0.02626635242752603,0.009472478497129178,0.07151532072086964,0.1907950977312386,True,1.0,reject,pre_step,drift_diffusion_then_jump,iid_bank,4,every_step,True,0.00042916666666666683,0.004720833333333334,847.903151044247,116582,0.00046333846680355923,0.9974503764544832,8.127994524298425e-07,0.0
LSC-CP-RA,"LSC-CP-RA (A=4), tamed",98886f115ea6a7a4c556fecc8bb0d7f3,8da7d73e85753d4e79f54062070fbc7b,True,2,2922,14.61,2520510068.2306128,315063.7585288266,2922.0,374016.0,0.2755585195402519,0.0020697524115115273,0.0016184396897628295,0.0331964181953559,0.03184484468648294,0.054392956024013575,0.47800000000000004,0.021999999999999992,0.037872873632688236,0.013708888848503742,0.00693041079205355,0.2819431166546359,True,1.0,reject,pre_step,drift_diffusion_then_jump,iid_bank,4,every_step,True,0.00042916666666666683,0.004720833333333334,847.903151044247,116582,0.00046333846680355923,0.9974503764544832,8.127994524298425e-07,0.0
LSC-CP-RA,"LSC-CP-RA (A=4), tamed",98886f115ea6a7a4c556fecc8bb0d7f3,8da7d73e85753d4e79f54062070fbc7b,True,3,2922,14.61,2520510068.2306128,315063.7585288266,2922.0,374016.0,0.12734413422787008,0.00012648574686469072,-0.00032503115379023395,0.028984187392323224,0.023208657006902916,0.0421170362415377,0.514,0.014000000000000012,0.030557118368186694,0.013065278930648794,0.07141822469335835,0.3310751409696079,True,1.0,reject,pre_step,drift_diffusion_then_jump,iid_bank,4,every_step,True,0.00042916666666666683,0.004720833333333334,847.903151044247,116582,0.00046333846680355923,0.9974503764544832,8.127994524298425e-07,0.0
LSC-CP-RA,"LSC-CP-RA (A=4), tamed",98886f115ea6a7a4c556fecc8bb0d7f3,8da7d73e85753d4e79f54062070fbc7b,True,0,2952,14.76,2546387995.009161,318298.49937614513,2952.0,377856.0,0.09971066453187812,0.0002768189567563528,-0.00017291159100718545,0.04313762841873903,0.02638935997285756,0.04149458383389379,0.513,0.013000000000000012,0.028483597696321285,0.014124586145342066,0.06937030464063684,0.14153225902204924,True,1.0,reject,pre_step,drift_diffusion_then_jump,iid_bank,4,every_step,True,0.0004958333333333336,0.005033333333333333,1386.1938755687302,117790,0.00046366869918699187,0.9975440379403794,8.04539295392954e-07,0.0
LSC-CP-RA,"LSC-CP-RA (A=4), tamed",98886f115ea6a7a4c556fecc8bb0d7f3,8da7d73e85753d4e79f54062070fbc7b,True,1,2952,14.76,2546387995.009161,318298.49937614513,2952.0,377856.0,0.21559644569661332,0.0012561697651409798,0.000806160557946578,0.039279968277731225,0.025504638118528503,0.03934564961701093,0.4875,0.012499999999999983,0.03070312673969507,0.013003765741285145,0.05526463655472708,0.08700922977677161,True,1.0,reject,pre_step,drift_diffusion_then_jump,iid_bank,4,every_step,True,0.0004958333333333336,0.005033333333333333,1386.1938755687302,117790,0.00046366869918699187,0.9975440379403794,8.04539295392954e-07,0.0
LSC-CP-RA,"LSC-CP-RA (A=4), tamed",98886f115ea6a7a4c556fecc8bb0d7f3,8da7d73e85753d4e79f54062070fbc7b,True,2,2952,14.76,2546387995.009161,318298.49937614513,2952.0,377856.0,0.275247838364365,0.0023927357944768524,0.0019428491193377306,0.03263745778422211,0.035875693285479675,0.056694682311219734,0.47400000000000003,0.025999999999999995,0.045799382165851235,0.010205309764143244,0.0428431051749716,0.057947090433344894,True,1.0,reject,pre_step,drift_diffusion_then_jump,iid_bank,4,every_step,True,0.0004958333333333336,0.005033333333333333,1386.1938755687302,117790,0.00046366869918699187,0.9975440379403794,8.04539295392954e-07,0.0
LSC-CP-RA,"LSC-CP-RA (A=4), tamed",98886f115ea6a7a4c556fecc8bb0d7f3,8da7d73e85753d4e79f54062070fbc7b,True,3,2952,14.76,2546387995.009161,318298.49937614513,2952.0,377856.0,0.13163738689439453,0.0002793173316818498,-0.0001713225157577991,0.030143895658460262,0.017657339713567016,0.027116615693433738,0.504,0.0040000000000000036,0.007570924083422211,0.00348717090334294,0.00988945348594991,0.18151721543474741,True,1.0,reject,pre_step,drift_diffusion_then_jump,iid_bank,4,every_step,True,0.0004958333333333336,0.005033333333333333,1386.1938755687302,117790,0.00046366869918699187,0.9975440379403794,8.04539295392954e-07,0.0
LSC-CP-RA,"LSC-CP-RA (A=4), tamed",98886f115ea6a7a4c556fecc8bb0d7f3,8da7d73e85753d4e79f54062070fbc7b,True,0,2981,14.905000000000001,2571403324.2284245,321425.4155285531,2981.0,381568.0,0.12772437440840959,0.00015277463590412932,-0.00029907472228640763,0.021864307395870974,0.016746610764312143,0.03163566483783849,0.5085000000000001,0.008500000000000035,0.013378687314068258,0.014895170486285969,0.01718254781573443,0.31140746659196716,True,1.0,reject,pre_step,drift_diffusion_then_jump,iid_bank,4,every_step,True,0.0004956896551724139,0.005150862068965519,868.9908714571687,118985,0.000463980207983898,0.9978614558872861,7.967125125796712e-07,0.0
LSC-CP-RA,"LSC-CP-RA (A=4), tamed",98886f115ea6a7a4c556fecc8bb0d7f3,8da7d73e85753d4e79f54062070fbc7b,True,1,2981,14.905000000000001,2571403324.2284245,321425.4155285531,2981.0,381568.0,0.20780381654290087,0.0008313005792911499,0.00038035847327255734,0.028219484128723105,0.018978631889106812,0.03246326145051056,0.489,0.01100000000000001,0.021074324928799043,0.002776863637205973,0.05449041513724913,0.1028640342004904,True,1.0,reject,pre_step,drift_diffusion_then_jump,iid_bank,4,every_step,True,0.0004956896551724139,0.005150862068965519,868.9908714571687,118985,0.000463980207983898,0.9978614558872861,7.967125125796712e-07,0.0
LSC-CP-RA,"LSC-CP-RA (A=4), tamed",98886f115ea6a7a4c556fecc8bb0d7f3,8da7d73e85753d4e79f54062070fbc7b,True,2,2981,14.905000000000001,2571403324.2284245,321425.4155285531,2981.0,381568.0,0.293250058102202,0.002639702016666967,0.0021894531471554624,0.04056442897011353,0.04038419892708577,0.06530162819912934,0.47200000000000003,0.027999999999999997,0.05981587942100397,0.0007082740017110289,0.1276329214597124,0.18763389608976577,True,1.0,reject,pre_step,drift_diffusion_then_jump,iid_bank,4,every_step,True,0.0004956896551724139,0.005150862068965519,868.9908714571687,118985,0.000463980207983898,0.9978614558872861,7.967125125796712e-07,0.0
LSC-CP-RA,"LSC-CP-RA (A=4), tamed",98886f115ea6a7a4c556fecc8bb0d7f3,8da7d73e85753d4e79f54062070fbc7b,True,3,2981,14.905000000000001,2571403324.2284245,321425.4155285531,2981.0,381568.0,0.13730297919361698,0.00038303473612277816,-6.711942394921344e-05,0.042391999413603054,0.022492479769471406,0.03284688994177347,0.505,0.0050000000000000044,0.011771904616997583,0.008412090798231686,0.028341059317753582,0.22069107722553027,True,1.0,reject,pre_step,drift_diffusion_then_jump,iid_bank,4,every_step,True,0.0004956896551724139,0.005150862068965519,868.9908714571687,118985,0.000463980207983898,0.9978614558872861,7.967125125796712e-07,0.0
LSC-CP-RA,"LSC-CP-RA (A=4), tamed",98886f115ea6a7a4c556fecc8bb0d7f3,8da7d73e85753d4e79f54062070fbc7b,True,0,3011,15.055,2597281251.0069733,324660.1563758717,3011.0,385408.0,0.15631892866663796,0.00041216817622813373,-3.860923061371757e-05,0.030997926445544888,0.016531228358614973,0.021297051962467645,0.5005000000000001,0.0005000000000000282,0.003228334727296134,0.0036363972113103715,0.024359175221345536,0.17190689190022923,True,1.0,reject,pre_step,drift_diffusion_then_jump,iid_bank,4,every_step,True,0.0005125000000000003,0.005008333333333334,1845.6543935818356,120187,0.00046446363334440386,0.9978993689804052,7.887744935237463e-07,0.0
LSC-CP-RA,"LSC-CP-RA (A=4), tamed",98886f115ea6a7a4c556fecc8bb0d7f3,8da7d73e85753d4e79f54062070fbc7b,True,1,3011,15.055,2597281251.0069733,324660.1563758717,3011.0,385408.0,0.18090099530254863,0.0006066964518565143,0.00015673876287325417,0.03195449984583432,0.019360383945014333,0.028647699405694147,0.4945,0.005500000000000033,0.011876031893974048,0.013964538043250596,0.06256138441009074,0.10921041422207078,True,1.0,reject,pre_step,drift_diffusion_then_jump,iid_bank,4,every_step,True,0.0005125000000000003,0.005008333333333334,1845.6543935818356,120187,0.00046446363334440386,0.9978993689804052,7.887744935237463e-07,0.0
LSC-CP-RA,"LSC-CP-RA (A=4), tamed",98886f115ea6a7a4c556fecc8bb0d7f3,8da7d73e85753d4e79f54062070fbc7b,True,2,3011,15.055,2597281251.0069733,324660.1563758717,3011.0,385408.0,0.2929653414901706,0.0028731089619086214,0.0024228883665712297,0.03770439097544559,0.040740343177393355,0.06556437004215004,0.47050000000000003,0.02949999999999997,0.0554967021371294,0.003081209628269077,0.05653060801183861,0.11473136753295854,True,1.0,reject,pre_step,drift_diffusion_then_jump,iid_bank,4,every_step,True,0.0005125000000000003,0.005008333333333334,1845.6543935818356,120187,0.00046446363334440386,0.9978993689804052,7.887744935237463e-07,0.0
LSC-CP-RA,"LSC-CP-RA (A=4), tamed",98886f115ea6a7a4c556fecc8bb0d7f3,8da7d73e85753d4e79f54062070fbc7b,True,3,3011,15.055,2597281251.0069733,324660.1563758717,3011.0,385408.0,0.19382111609897795,0.0007043467629762601,0.0002534713276847178,0.027912042997158548,0.01811212699482945,0.030496603928280776,0.492,0.008000000000000007,0.013751533391233289,0.0035968535739085983,0.03424805036802057,0.13417455606026507,True,1.0,reject,pre_step,drift_diffusion_then_jump,iid_bank,4,every_step,True,0.0005125000000000003,0.005008333333333334,1845.6543935818356,120187,0.00046446363334440386,0.9978993689804052,7.887744935237463e-07,0.0
LSC-CP-RA,"LSC-CP-RA (A=4), tamed",98886f115ea6a7a4c556fecc8bb0d7f3,8da7d73e85753d4e79f54062070fbc7b,True,0,3041,15.205,2623159177.7855215,327894.8972231902,3041.0,389248.0,0.12281882883699514,0.0001402233176954759,-0.0003112292517166715,0.03175227925778168,0.0162687339520182,0.027499956405989012,0.506,0.006000000000000005,0.011010277483886928,0.007002249365201441,0.012783998812010653,0.21502675492312961,True,1.0,reject,pre_step,drift_diffusion_then_jump,iid_bank,4,every_step,True,0.00040833333333333346,0.005066666666666668,1710.1233273612556,121403,0.00046390989805984874,0.9980516277540282,7.809930943768497e-07,0.0
LSC-CP-RA,"LSC-CP-RA (A=4), tamed",98886f115ea6a7a4c556fecc8bb0d7f3,8da7d73e85753d4e79f54062070fbc7b,True,1,3041,15.205,2623159177.7855215,327894.8972231902,3041.0,389248.0,0.17318620552058428,0.0004274375157816701,-2.3572028641005716e-05,0.03206120688341141,0.013716169348642324,0.020578200290774937,0.497,0.0030000000000000027,0.0009305307519908944,0.0021757841284886226,0.00870555332410827,0.18179446670577148,True,1.0,reject,pre_step,drift_diffusion_then_jump,iid_bank,4,every_step,True,0.00040833333333333346,0.005066666666666668,1710.1233273612556,121403,0.00046390989805984874,0.9980516277540282,7.809930943768497e-07,0.0
LSC-CP-RA,"LSC-CP-RA (A=4), tamed",98886f115ea6a7a4c556fecc8bb0d7f3,8da7d73e85753d4e79f54062070fbc7b,True,2,3041,15.205,2623159177.7855215,327894.8972231902,3041.0,389248.0,0.26454494366413683,0.002043064012847151,0.0015929952575046702,0.03868236121246993,0.034273815819140914,0.05790404333279618,0.47900000000000004,0.02099999999999999,0.037785228504582234,0.006517221819123176,0.04515034224607331,0.20718073075133214,True,1.0,reject,pre_step,drift_diffusion_then_jump,iid_bank,4,every_step,True,0.00040833333333333346,0.005066666666666668,1710.1233273612556,121403,0.00046390989805984874,0.9980516277540282,7.809930943768497e-07,0.0
LSC-CP-RA,"LSC-CP-RA (A=4), tamed",98886f115ea6a7a4c556fecc8bb0d7f3,8da7d73e85753d4e79f54062070fbc7b,True,3,3041,15.205,2623159177.7855215,327894.8972231902,3041.0,389248.0,0.23859346564808087,0.0010723780282948514,0.0006208648564440811,0.031041604851281823,0.0217879001742854,0.04041045468056245,0.487,0.013000000000000012,0.02189849333289223,0.014451005645108594,0.03510403782522426,0.36237249798682536,True,1.0,reject,pre_step,drift_diffusion_then_jump,iid_bank,4,every_step,True,0.00040833333333333346,0.005066666666666668,1710.1233273612556,121403,0.00046390989805984874,0.9980516277540282,7.809930943768497e-07,0.0
LSC-CP-RA,"LSC-CP-RA (A=4), tamed",98886f115ea6a7a4c556fecc8bb0d7f3,8da7d73e85753d4e79f54062070fbc7b,True,0,3070,15.35,2648174507.004785,331021.8133755981,3070.0,392960.0,0.13772275273808904,0.0002074720296544319,-0.00024369464993412304,0.02998260036216366,0.014485269335616408,0.02291483356166435,0.5035000000000001,0.003500000000000031,0.0038618747616060364,0.004343977361171536,0.013897282663760687,0.20481727646838144,True,1.0,reject,pre_step,drift_diffusion_then_jump,iid_bank,4,every_step,True,0.00048275862068965534,0.005043103448275864,4163.77675263923,122573,0.00046408794788273613,0.9981514657980456,8.143322475570032e-07,0.0
LSC-CP-RA,"LSC-CP-RA (A=4), tamed",98886f115ea6a7a4c556fecc8bb0d7f3,8da7d73e85753d4e79f54062070fbc7b,True,1,3070,15.35,2648174507.004785,331021.8133755981,3070.0,392960.0,0.18531559688123536,0.0007352830669609123,0.0002845980006672688,0.028196446467847247,0.01576123221191808,0.02595388544002227,0.493,0.007000000000000006,0.008412533615036117,0.004569774354289291,0.03309615108194755,0.11490364407025722,True,1.0,reject,pre_step,drift_diffusion_then_jump,iid_bank,4,every_step,True,0.00048275862068965534,0.005043103448275864,4163.77675263923,122573,0.00046408794788273613,0.9981514657980456,8.143322475570032e-07,0.0
LSC-CP-RA,"LSC-CP-RA (A=4), tamed",98886f115ea6a7a4c556fecc8bb0d7f3,8da7d73e85753d4e79f54062070fbc7b,True,2,3070,15.35,2648174507.004785,331021.8133755981,3070.0,392960.0,0.26259688345911897,0.0019630146039012475,0.001512159586845252,0.03361361633690646,0.03083456692499374,0.053017908787414705,0.47850000000000004,0.021499999999999964,0.0333461425994296,0.0017857108659343757,0.007814575244357247,0.22555584318900646,True,1.0,reject,pre_step,drift_diffusion_then_jump,iid_bank,4,every_step,True,0.00048275862068965534,0.005043103448275864,4163.77675263923,122573,0.00046408794788273613,0.9981514657980456,8.143322475570032e-07,0.0
LSC-CP-RA,"LSC-CP-RA (A=4), tamed",98886f115ea6a7a4c556fecc8bb0d7f3,8da7d73e85753d4e79f54062070fbc7b,True,3,3070,15.35,2648174507.004785,331021.8133755981,3070.0,392960.0,0.21126343364640568,0.0010169169381694099,0.0005662734597788877,0.03431711865004394,0.020681997228537037,0.034912632917536476,0.49,0.010000000000000009,0.01660907876460832,0.0021876583924141935,0.013246386119434322,0.19545606624119538,True,1.0,reject,pre_step,drift_diffusion_then_jump,iid_bank,4,every_step,True,0.00048275862068965534,0.005043103448275864,4163.77675263923,122573,0.00046408794788273613,0.9981514657980456,8.143322475570032e-07,0.0
LSC-CP-RA,"LSC-CP-RA (A=4), tamed",98886f115ea6a7a4c556fecc8bb0d7f3,8da7d73e85753d4e79f54062070fbc7b,True,0,3100,15.5,2674052433.7833333,334256.55422291666,3100.0,396800.0,0.07253892907980483,0.00019257967212860105,-0.0002567755820332973,0.0368296681088669,0.01871392468935688,0.026736682099673947,0.508,0.008000000000000007,0.017895613092151732,0.022208818605776504,0.03657325067633332,0.013800628347840016,True,1.0,reject,pre_step,drift_diffusion_then_jump,iid_bank,4,every_step,True,0.0004791666666666668,0.005191666666666667,4434.046830740992,123819,0.0004642338709677419,0.9985403225806452,8.064516129032258e-07,0.0
LSC-CP-RA,"LSC-CP-RA (A=4), tamed",98886f115ea6a7a4c556fecc8bb0d7f3,8da7d73e85753d4e79f54062070fbc7b,True,1,3100,15.5,2674052433.7833333,334256.55422291666,3100.0,396800.0,0.17006418002418622,0.00029218501801830943,-0.00016110439367522655,0.020830489595026647,0.015162760145060357,0.02898327237896855,0.503,0.0030000000000000027,0.009932659538276841,0.03273001763586314,0.06176572122131118,0.4453662255355836,True,1.0,reject,pre_step,drift_diffusion_then_jump,iid_bank,4,every_step,True,0.0004791666666666668,0.005191666666666667,4434.046830740992,123819,0.0004642338709677419,0.9985403225806452,8.064516129032258e-07,0.0
LSC-CP-RA,"LSC-CP-RA (A=4), tamed",98886f115ea6a7a4c556fecc8bb0d7f3,8da7d73e85753d4e79f54062070fbc7b,True,2,3100,15.5,2674052433.7833333,334256.55422291666,3100.0,396800.0,0.26334160964159964,0.00205509901851586,0.001605304628970905,0.03961178670813742,0.033680351863528746,0.05431360135231835,0.47800000000000004,0.021999999999999992,0.04437014560932732,0.010809966854255726,0.07797077198392857,0.10445400703692942,True,1.0,reject,pre_step,drift_diffusion_then_jump,iid_bank,4,every_step,True,0.0004791666666666668,0.005191666666666667,4434.046830740992,123819,0.0004642338709677419,0.9985403225806452,8.064516129032258e-07,0.0
LSC-CP-RA,"LSC-CP-RA (A=4), tamed",98886f115ea6a7a4c556fecc8bb0d7f3,8da7d73e85753d4e79f54062070fbc7b,True,3,3100,15.5,2674052433.7833333,334256.55422291666,3100.0,396800.0,0.25907751468904594,0.0018170854977561657,0.0013662387086006422,0.04088750070980257,0.030209580667504777,0.05119501045459785,0.4805,0.01949999999999999,0.03657351070142484,0.0033364559194152266,0.011895355653081037,0.21595742112426908,True,1.0,reject,pre_step,drift_diffusion_then_jump,iid_bank,4,every_step,True,0.0004791666666666668,0.005191666666666667,4434.046830740992,123819,0.0004642338709677419,0.9985403225806452,8.064516129032258e-07,0.0
LSC-CP-RA,"LSC-CP-RA (A=4), tamed",98886f115ea6a7a4c556fecc8bb0d7f3,8da7d73e85753d4e79f54062070fbc7b,True,0,3130,15.65,2699930360.5618815,337491.2950702352,3130.0,400640.0,0.09463428775268931,0.00016482415987084664,-0.000285656502653997,0.035473738202761895,0.024768198660535416,0.04053210753397163,0.5135,0.013499999999999984,0.02972891203418216,0.007058234165935984,0.06053897178312331,0.11375610125100655,True,1.0,reject,pre_step,drift_diffusion_then_jump,iid_bank,4,every_step,True,0.0004458333333333335,0.0048375,3732.2969836717907,124980,0.00046405750798722046,0.9982428115015974,7.987220447284345e-07,0.0
LSC-CP-RA,"LSC-CP-RA (A=4), tamed",98886f115ea6a7a4c556fecc8bb0d7f3,8da7d73e85753d4e79f54062070fbc7b,True,1,3130,15.65,2699930360.5618815,337491.2950702352,3130.0,400640.0,0.15367092679427924,0.00041750578576471575,-3.2454448040897255e-05,0.030524189798453283,0.014983156116748986,0.018119871832811656,0.4985,0.001500000000000029,0.0009312853016687212,0.012490786119053077,0.03361419293022541,0.07257006683043021,True,1.0,reject,pre_step,drift_diffusion_then_jump,iid_bank,4,every_step,True,0.0004458333333333335,0.0048375,3732.2969836717907,124980,0.00046405750798722046,0.9982428115015974,7.987220447284345e-07,0.0
LSC-CP-RA,"LSC-CP-RA (A=4), tamed",98886f115ea6a7a4c556fecc8bb0d7f3,8da7d73e85753d4e79f54062070fbc7b,True,2,3130,15.65,2699930360.5618815,337491.2950702352,3130.0,400640.0,0.2757582886176678,0.0019681552854738937,0.0015171180830776398,0.02825318985474369,0.03184851027029628,0.05493072723475073,0.47700000000000004,0.022999999999999993,0.04292850749169692,0.009723286417592902,0.06954424036565879,0.26118484875825476,True,1.0,reject,pre_step,drift_diffusion_then_jump,iid_bank,4,every_step,True,0.0004458333333333335,0.0048375,3732.2969836717907,124980,0.00046405750798722046,0.9982428115015974,7.987220447284345e-07,0.0
LSC-CP-RA,"LSC-CP-RA (A=4), tamed",98886f115ea6a7a4c556fecc8bb0d7f3,8da7d73e85753d4e79f54062070fbc7b,True,3,3130,15.65,2699930360.5618815,337491.2950702352,3130.0,400640.0,0.26192838132459434,0.0016709099880406475,0.001219957690971718,0.03856309670839192,0.028824666212830835,0.05011548025689113,0.4825,0.017499999999999988,0.034467921131579066,0.012674218357449307,0.014976779132128415,0.518741179089966,True,1.0,reject,pre_step,drift_diffusion_then_jump,iid_bank,4,every_step,True,0.0004458333333333335,0.0048375,3732.2969836717907,124980,0.00046405750798722046,0.9982428115015974,7.987220447284345e-07,0.0
LSC-CP-RA,"LSC-CP-RA (A=4), tamed",98886f115ea6a7a4c556fecc8bb0d7f3,8da7d73e85753d4e79f54062070fbc7b,True,0,3159,15.795,2724945689.781145,340618.21122264315,3159.0,404352.0,0.11416631909335262,0.00020615398630741133,-0.00024455255147137756,0.027330424861433777,0.01907414544004828,0.03275571058432005,0.5085000000000001,0.008500000000000035,0.012627153751045252,0.0007514585348779024,0.019244770151854263,0.2307691630085743,True,1.0,reject,pre_step,drift_diffusion_then_jump,iid_bank,4,every_step,True,0.0005043103448275864,0.004827586206896553,3713.5115809632566,126100,0.0004644270338714783,0.9979423868312757,7.913896802785691e-07,0.0
LSC-CP-RA,"LSC-CP-RA (A=4), tamed",98886f115ea6a7a4c556fecc8bb0d7f3,8da7d73e85753d4e79f54062070fbc7b,True,1,3159,15.795,2724945689.781145,340618.21122264315,3159.0,404352.0,0.20189666869109385,0.0007182399151695051,0.0002668789933004678,0.032350298598319824,0.015537257036982405,0.027700843087325556,0.492,0.008000000000000007,0.0075355591582144535,0.008189453878242214,0.05668229242026522,0.228248139618208,True,1.0,reject,pre_step,drift_diffusion_then_jump,iid_bank,4,every_step,True,0.0005043103448275864,0.004827586206896553,3713.5115809632566,126100,0.0004644270338714783,0.9979423868312757,7.913896802785691e-07,0.0
LSC-CP-RA,"LSC-CP-RA (A=4), tamed",98886f115ea6a7a4c556fecc8bb0d7f3,8da7d73e85753d4e79f54062070fbc7b,True,2,3159,15.795,2724945689.781145,340618.21122264315,3159.0,404352.0,0.2874220042068698,0.0026592423607888493,0.0022088611465899133,0.04620161114796484,0.040543557517380806,0.0650358950004464,0.47250000000000003,0.02749999999999997,0.05689789283422066,0.001807874676013066,0.09145388502206317,0.14503222807265115,True,1.0,reject,pre_step,drift_diffusion_then_jump,iid_bank,4,every_step,True,0.0005043103448275864,0.004827586206896553,3713.5115809632566,126100,0.0004644270338714783,0.9979423868312757,7.913896802785691e-07,0.0
LSC-CP-RA,"LSC-CP-RA (A=4), tamed",98886f115ea6a7a4c556fecc8bb0d7f3,8da7d73e85753d4e79f54062070fbc7b,True,3,3159,15.795,2724945689.781145,340618.21122264315,3159.0,404352.0,0.18951637616409764,0.0006158086857463996,0.00016418202300461093,0.04719040674100783,0.01745166754709306,0.026146020047479183,0.495,0.0050000000000000044,0.014963883429272186,0.009375064173257286,0.024132778961605345,0.2496984294692962,True,1.0,reject,pre_step,drift_diffusion_then_jump,iid_bank,4,every_step,True,0.0005043103448275864,0.004827586206896553,3713.5115809632566,126100,0.0004644270338714783,0.9979423868312757,7.913896802785691e-07,0.0
LSC-CP-RA,"LSC-CP-RA (A=4), tamed",98886f115ea6a7a4c556fecc8bb0d7f3,8da7d73e85753d4e79f54062070fbc7b,True,0,3189,15.945,2750823616.5596933,343852.95206996164,3189.0,408192.0,0.12835558438625705,0.00024239942881132404,-0.00020889784500466302,0.038926106798858884,0.02174590125399404,0.03674118499388594,0.508,0.008000000000000007,0.015195137140574,0.005495161051981334,0.003096898799820029,0.28276411580038785,True,1.0,reject,pre_step,drift_diffusion_then_jump,iid_bank,4,every_step,True,0.0005208333333333335,0.005125000000000001,2209.0497719363634,127330,0.0004649576669802446,0.9981969269363437,7.839448102853559e-07,0.0
LSC-CP-RA,"LSC-CP-RA (A=4), tamed",98886f115ea6a7a4c556fecc8bb0d7f3,8da7d73e85753d4e79f54062070fbc7b,True,1,3189,15.945,2750823616.5596933,343852.95206996164,3189.0,408192.0,0.20666113945304032,0.000841137453788221,0.0003894492288206708,0.028172339617580505,0.018560401154417237,0.03277942856227396,0.4925,0.007500000000000034,0.00961130906631736,0.010611985323422002,0.038307810608682095,0.2924493626460628,True,1.0,reject,pre_step,drift_diffusion_then_jump,iid_bank,4,every_step,True,0.0005208333333333335,0.005125000000000001,2209.0497719363634,127330,0.0004649576669802446,0.9981969269363437,7.839448102853559e-07,0.0
LSC-CP-RA,"LSC-CP-RA (A=4), tamed",98886f115ea6a7a4c556fecc8bb0d7f3,8da7d73e85753d4e79f54062070fbc7b,True,2,3189,15.945,2750823616.5596933,343852.95206996164,3189.0,408192.0,0.22800652440704466,0.0013389193526879284,0.0008887619270173674,0.041578897577876195,0.024965211917487285,0.040524732478123646,0.4855,0.014499999999999985,0.025697625926856624,0.008754844803049333,0.02060843105303816,0.14110625977908875,True,1.0,reject,pre_step,drift_diffusion_then_jump,iid_bank,4,every_step,True,0.0005208333333333335,0.005125000000000001,2209.0497719363634,127330,0.0004649576669802446,0.9981969269363437,7.839448102853559e-07,0.0
LSC-CP-RA,"LSC-CP-RA (A=4), tamed",98886f115ea6a7a4c556fecc8bb0d7f3,8da7d73e85753d4e79f54062070fbc7b,True,3,3189,15.945,2750823616.5596933,343852.95206996164,3189.0,408192.0,0.21717034074109223,0.0011047473124101703,0.0006538297732807674,0.03493936745687781,0.0211489704732062,0.03515424949098227,0.4885,0.011500000000000038,0.021485366557857936,0.001244270563611538,0.0036379354410637343,0.1933429257923146,True,1.0,reject,pre_step,drift_diffusion_then_jump,iid_bank,4,every_step,True,0.0005208333333333335,0.005125000000000001,2209.0497719363634,127330,0.0004649576669802446,0.9981969269363437,7.839448102853559e-07,0.0
LSC-CP-RA,"LSC-CP-RA (A=4), tamed",98886f115ea6a7a4c556fecc8bb0d7f3,8da7d73e85753d4e79f54062070fbc7b,True,0,3219,16.095,2776701543.338242,347087.69291728025,3219.0,412032.0,0.09063726215673518,0.00013120601272675891,-0.0003197681179551992,0.037097238268745225,0.02330823473700285,0.03629184817039591,0.511,0.01100000000000001,0.02252139528294996,0.0005493235799871599,0.021389522368973853,0.16362105100073532,True,1.0,reject,pre_step,drift_diffusion_then_jump,iid_bank,4,every_step,True,0.0004041666666666669,0.0050458333333333345,3901.749463431579,128541,0.0004643911152531842,0.9982991612301957,7.766387076731905e-07,0.0
LSC-CP-RA,"LSC-CP-RA (A=4), tamed",98886f115ea6a7a4c556fecc8bb0d7f3,8da7d73e85753d4e79f54062070fbc7b,True,1,3219,16.095,2776701543.338242,347087.69291728025,3219.0,412032.0,0.1944302858514738,0.0007829656734493762,0.0003322995479252411,0.026857041295720085,0.017199600638995637,0.02853106862010481,0.492,0.008000000000000007,0.017733226187738375,0.005135908427380209,0.019702037112010476,0.11217897647097297,True,1.0,reject,pre_step,drift_diffusion_then_jump,iid_bank,4,every_step,True,0.0004041666666666669,0.0050458333333333345,3901.749463431579,128541,0.0004643911152531842,0.9982991612301957,7.766387076731905e-07,0.0
LSC-CP-RA,"LSC-CP-RA (A=4), tamed",98886f115ea6a7a4c556fecc8bb0d7f3,8da7d73e85753d4e79f54062070fbc7b,True,2,3219,16.095,2776701543.338242,347087.69291728025,3219.0,412032.0,0.16419597213263523,0.0006351246896402207,0.00018504404158381504,0.03469274982927106,0.01902670759115332,0.024423042543188642,0.4985,0.001500000000000029,0.0010898033542536421,0.011449264365897438,0.04093578063827311,0.17087792692018555,True,1.0,reject,pre_step,drift_diffusion_then_jump,iid_bank,4,every_step,True,0.0004041666666666669,0.0050458333333333345,3901.749463431579,128541,0.0004643911152531842,0.9982991612301957,7.766387076731905e-07,0.0
LSC-CP-RA,"LSC-CP-RA (A=4), tamed",98886f115ea6a7a4c556fecc8bb0d7f3,8da7d73e85753d4e79f54062070fbc7b,True,3,3219,16.095,2776701543.338242,347087.69291728025,3219.0,412032.0,0.21870344802036892,0.000924714182640618,0.00047245494610193006,0.03326378363660498,0.020912340974073552,0.03722526996894031,0.4935,0.0065000000000000335,0.00867224400463111,0.022385190386058684,0.06643155366751963,0.4663844874478543,True,1.0,reject,pre_step,drift_diffusion_then_jump,iid_bank,4,every_step,True,0.0004041666666666669,0.0050458333333333345,3901.749463431579,128541,0.0004643911152531842,0.9982991612301957,7.766387076731905e-07,0.0
LSC-CP-RA,"LSC-CP-RA (A=4), tamed",98886f115ea6a7a4c556fecc8bb0d7f3,8da7d73e85753d4e79f54062070fbc7b,True,0,3248,16.240000000000002,2801716872.557505,350214.60906968813,3248.0,415744.0,0.16931336949357487,0.0004707404452541919,2.0404941531437792e-05,0.029322015751017894,0.01450289679858994,0.021698936942054797,0.497,0.0030000000000000027,0.007194321071728878,0.007252127510804174,0.03770587036311215,0.13939067776627068,True,1.0,reject,pre_step,drift_diffusion_then_jump,iid_bank,4,every_step,True,0.0004956896551724139,0.005004310344827587,4392.272781166801,129702,0.00046467056650246303,0.9983220443349754,7.69704433497537e-07,0.0
LSC-CP-RA,"LSC-CP-RA (A=4), tamed",98886f115ea6a7a4c556fecc8bb0d7f3,8da7d73e85753d4e79f54062070fbc7b,True,1,3248,16.240000000000002,2801716872.557505,350214.60906968813,3248.0,415744.0,0.22105144338011448,0.0011864219920800778,0.0007361174432310991,0.03576365716971622,0.02452013750288759,0.04006381198470867,0.486,0.014000000000000012,0.02989346404810353,0.009967480206895418,0.04617631176685409,0.07300529746621931,True,1.0,reject,pre_step,drift_diffusion_then_jump,iid_bank,4,every_step,True,0.0004956896551724139,0.005004310344827587,4392.272781166801,129702,0.00046467056650246303,0.9983220443349754,7.69704433497537e-07,0.0
LSC-CP-RA,"LSC-CP-RA (A=4), tamed",98886f115ea6a7a4c556fecc8bb0d7f3,8da7d73e85753d4e79f54062070fbc7b,True,2,3248,16.240000000000002,2801716872.557505,350214.60906968813,3248.0,415744.0,0.2044242497444244,0.000614091613874157,0.00016220929766075365,0.019381402612756005,0.01351946590881497,0.02656890942216815,0.4925,0.007500000000000034,0.01343439951485071,0.014858143009230385,0.039168252754723534,0.26854420226779874,True,1.0,reject,pre_step,drift_diffusion_then_jump,iid_bank,4,every_step,True,0.0004956896551724139,0.005004310344827587,4392.272781166801,129702,0.00046467056650246303,0.9983220443349754,7.69704433497537e-07,0.0
LSC-CP-RA,"LSC-CP-RA (A=4), tamed",98886f115ea6a7a4c556fecc8bb0d7f3,8da7d73e85753d4e79f54062070fbc7b,True,3,3248,16.240000000000002,2801716872.557505,350214.60906968813,3248.0,415744.0,0.2289746054198437,0.0010760146112207547,0.0006245197044789652,0.04310650604688446,0.024957755746186087,0.042318646840817487,0.489,0.01100000000000001,0.029079010926273716,0.009447534967052307,0.07696037213168044,0.31642440367966473,True,1.0,reject,pre_step,drift_diffusion_then_jump,iid_bank,4,every_step,True,0.0004956896551724139,0.005004310344827587,4392.272781166801,129702,0.00046467056650246303,0.9983220443349754,7.69704433497537e-07,0.0
LSC-CP-RA,"LSC-CP-RA (A=4), tamed",98886f115ea6a7a4c556fecc8bb0d7f3,8da7d73e85753d4e79f54062070fbc7b,True,0,3278,16.39,2827594799.336054,353449.34991700674,3278.0,419584.0,0.14870967633187418,0.0002929570432401718,-0.00015830111193415597,0.029921010971042272,0.016855471005872796,0.026563840564615727,0.5035000000000001,0.003500000000000031,0.0071984179974788325,0.005411630456543137,0.006105520321815799,0.26843832468048123,True,1.0,reject,pre_step,drift_diffusion_then_jump,iid_bank,4,every_step,True,0.0004916666666666668,0.005120833333333335,2163.952154170727,130931,0.0004649176327028676,0.9985585723001831,7.62660158633313e-07,0.0
LSC-CP-RA,"LSC-CP-RA (A=4), tamed",98886f115ea6a7a4c556fecc8bb0d7f3,8da7d73e85753d4e79f54062070fbc7b,True,1,3278,16.39,2827594799.336054,353449.34991700674,3278.0,419584.0,0.1888784941886392,0.000545957540542874,9.454545173881446e-05,0.028831372731015437,0.014647990859863042,0.02419308736267576,0.495,0.0050000000000000044,0.011053628260320468,0.008733383998250077,0.015540485554182817,0.25703183473753255,True,1.0,reject,pre_step,drift_diffusion_then_jump,iid_bank,4,every_step,True,0.0004916666666666668,0.005120833333333335,2163.952154170727,130931,0.0004649176327028676,0.9985585723001831,7.62660158633313e-07,0.0
LSC-CP-RA,"LSC-CP-RA (A=4), tamed",98886f115ea6a7a4c556fecc8bb0d7f3,8da7d73e85753d4e79f54062070fbc7b,True,2,3278,16.39,2827594799.336054,353449.34991700674,3278.0,419584.0,0.22541080337833275,0.000991104920097352,0.0005391757902354355,0.03358004898506914,0.020099424872883458,0.036763216863738166,0.489,0.01100000000000001,0.017476073017284825,0.01571300187071978,0.025167243174550307,0.3387398914777441,True,1.0,reject,pre_step,drift_diffusion_then_jump,iid_bank,4,every_step,True,0.0004916666666666668,0.005120833333333335,2163.952154170727,130931,0.0004649176327028676,0.9985585723001831,7.62660158633313e-07,0.0
LSC-CP-RA,"LSC-CP-RA (A=4), tamed",98886f115ea6a7a4c556fecc8bb0d7f3,8da7d73e85753d4e79f54062070fbc7b,True,3,3278,16.39,2827594799.336054,353449.34991700674,3278.0,419584.0,0.1730022744586839,0.00045135304380450325,5.311216078052183e-08,0.02830099923295462,0.012332697552862254,0.01970198291694984,0.4965,0.003500000000000031,0.012041646354105956,0.004604773740909951,0.04815709232794363,0.16098170783049193,True,1.0,reject,pre_step,drift_diffusion_then_jump,iid_bank,4,every_step,True,0.0004916666666666668,0.005120833333333335,2163.952154170727,130931,0.0004649176327028676,0.9985585723001831,7.62660158633313e-07,0.0
LSC-CP-RA,"LSC-CP-RA (A=4), tamed",98886f115ea6a7a4c556fecc8bb0d7f3,8da7d73e85753d4e79f54062070fbc7b,True,0,3308,16.54,2853472726.114602,356684.0907643253,3308.0,423424.0,0.21717557502280918,0.00092757491315687,0.00047606053966198214,0.03665943750388648,0.02163861143411826,0.03649823756778643,0.49,0.010000000000000009,0.024791590277397992,0.007460447954733773,0.04573715768016917,0.21828646940751784,True,1.0,reject,pre_step,drift_diffusion_then_jump,iid_bank,4,every_step,True,0.0005000000000000002,0.004925000000000001,1783.4897219894553,132113,0.000465235792019347,0.9984356106408706,7.557436517533252e-07,0.0
LSC-CP-RA,"LSC-CP-RA (A=4), tamed",98886f115ea6a7a4c556fecc8bb0d7f3,8da7d73e85753d4e79f54062070fbc7b,True,1,3308,16.54,2853472726.114602,356684.0907643253,3308.0,423424.0,0.2014330348974206,0.00076782201836334,0.00031640625025619595,0.03164309756477168,0.018399275208546756,0.030769188677211297,0.492,0.008000000000000007,0.021465005182444517,0.006557584631127655,0.047445520140577,0.18247598467375126,True,1.0,reject,pre_step,drift_diffusion_then_jump,iid_bank,4,every_step,True,0.0005000000000000002,0.004925000000000001,1783.4897219894553,132113,0.000465235792019347,0.9984356106408706,7.557436517533252e-07,0.0
LSC-CP-RA,"LSC-CP-RA (A=4), tamed",98886f115ea6a7a4c556fecc8bb0d7f3,8da7d73e85753d4e79f54062070fbc7b,True,2,3308,16.54,2853472726.114602,356684.0907643253,3308.0,423424.0,0.22485705945653386,0.000974227056213639,0.0005224247222347378,0.02160995120026188,0.017667849702674265,0.03353501499818648,0.489,0.01100000000000001,0.01072461213672263,0.016903875717232064,0.06567352362695378,0.31177440137660695,True,1.0,reject,pre_step,drift_diffusion_then_jump,iid_bank,4,every_step,True,0.0005000000000000002,0.004925000000000001,1783.4897219894553,132113,0.000465235792019347,0.9984356106408706,7.557436517533252e-07,0.0
LSC-CP-RA,"LSC-CP-RA (A=4), tamed",98886f115ea6a7a4c556fecc8bb0d7f3,8da7d73e85753d4e79f54062070fbc7b,True,3,3308,16.54,2853472726.114602,356684.0907643253,3308.0,423424.0,0.2419001979960762,0.0012595831925386047,0.0008077991809744001,0.030194928304318802,0.023552825332975535,0.04081994003591476,0.484,0.016000000000000014,0.03485263184349978,0.013424429562531981,0.08303238045216924,0.22088898470218477,True,1.0,reject,pre_step,drift_diffusion_then_jump,iid_bank,4,every_step,True,0.0005000000000000002,0.004925000000000001,1783.4897219894553,132113,0.000465235792019347,0.9984356106408706,7.557436517533252e-07,0.0
LSC-CP-RA,"LSC-CP-RA (A=4), tamed",98886f115ea6a7a4c556fecc8bb0d7f3,8da7d73e85753d4e79f54062070fbc7b,True,0,3338,16.69,2879350652.8931503,359918.8316116438,3338.0,427264.0,0.17454335024659595,0.0005548031572001344,0.00010475060161108107,0.04184181581411972,0.019276398925511057,0.026973799896929454,0.4965,0.003500000000000031,0.0039874267211263,0.012421029776587655,0.028601010196677726,0.13779407258893583,True,1.0,reject,pre_step,drift_diffusion_then_jump,iid_bank,4,every_step,True,0.0005541666666666668,0.0049583333333333346,3271.6322884346314,133303,0.0004660350509286998,0.9983747753145596,7.489514679448772e-07,0.0
LSC-CP-RA,"LSC-CP-RA (A=4), tamed",98886f115ea6a7a4c556fecc8bb0d7f3,8da7d73e85753d4e79f54062070fbc7b,True,1,3338,16.69,2879350652.8931503,359918.8316116438,3338.0,427264.0,0.20173823825661136,0.0008822836272035506,0.0004316902500175468,0.040217289248724114,0.020396173466561553,0.031420578385168305,0.4915,0.008500000000000035,0.022387592150952908,0.0040644440545519744,0.05310725027557504,0.1487866792617033,True,1.0,reject,pre_step,drift_diffusion_then_jump,iid_bank,4,every_step,True,0.0005541666666666668,0.0049583333333333346,3271.6322884346314,133303,0.0004660350509286998,0.9983747753145596,7.489514679448772e-07,0.0
LSC-CP-RA,"LSC-CP-RA (A=4), tamed",98886f115ea6a7a4c556fecc8bb0d7f3,8da7d73e85753d4e79f54062070fbc7b,True,2,3338,16.69,2879350652.8931503,359918.8316116438,3338.0,427264.0,0.16413263141305884,0.0004045212424373945,-4.6831582823703144e-05,0.029992070983146685,0.01488675317935301,0.01947684292210844,0.4995,0.0005000000000000282,0.00026959057357887493,0.005348386863156529,0.013839011842780146,0.21514338323973836,True,1.0,reject,pre_step,drift_diffusion_then_jump,iid_bank,4,every_step,True,0.0005541666666666668,0.0049583333333333346,3271.6322884346314,133303,0.0004660350509286998,0.9983747753145596,7.489514679448772e-07,0.0
LSC-CP-RA,"LSC-CP-RA (A=4), tamed",98886f115ea6a7a4c556fecc8bb0d7f3,8da7d73e85753d4e79f54062070fbc7b,True,3,3338,16.69,2879350652.8931503,359918.8316116438,3338.0,427264.0,0.2695705148500346,0.00201629731941555,0.0015653175356021842,0.03158790681319068,0.03146029712459845,0.05152303822283087,0.47700000000000004,0.022999999999999993,0.042934627269010095,0.007225331136967328,0.045067557282412504,0.20251034805626167,True,1.0,reject,pre_step,drift_diffusion_then_jump,iid_bank,4,every_step,True,0.0005541666666666668,0.0049583333333333346,3271.6322884346314,133303,0.0004660350509286998,0.9983747753145596,7.489514679448772e-07,0.0
LSC-CP-RA,"LSC-CP-RA (A=4), tamed",98886f115ea6a7a4c556fecc8bb0d7f3,8da7d73e85753d4e79f54062070fbc7b,True,0,3367,16.835,2904365982.112414,363045.7477640517,3367.0,430976.0,0.15491983407777074,0.0003350007918474507,-0.00011615328791869661,0.024811721856467017,0.011149850980793203,0.01508857962265676,0.499,0.0010000000000000009,0.002939747543676195,0.0012142473709944035,0.0022408693565723692,0.12155408470554396,True,1.0,reject,pre_step,drift_diffusion_then_jump,iid_bank,4,every_step,True,0.0004698275862068968,0.004879310344827588,4109.322215311206,134435,0.00046606771606771605,0.9981808731808732,7.425007425007425e-07,0.0
LSC-CP-RA,"LSC-CP-RA (A=4), tamed",98886f115ea6a7a4c556fecc8bb0d7f3,8da7d73e85753d4e79f54062070fbc7b,True,1,3367,16.835,2904365982.112414,363045.7477640517,3367.0,430976.0,0.1725837459748599,0.00042304753260902217,-2.828526708620327e-05,0.030956612974215092,0.015449771243767016,0.022415744869174956,0.4975,0.00250000000000003,0.010092700068946104,0.005594434006264026,0.05167531596495272,0.211790980232747,True,1.0,reject,pre_step,drift_diffusion_then_jump,iid_bank,4,every_step,True,0.0004698275862068968,0.004879310344827588,4109.322215311206,134435,0.00046606771606771605,0.9981808731808732,7.425007425007425e-07,0.0
LSC-CP-RA,"LSC-CP-RA (A=4), tamed",98886f115ea6a7a4c556fecc8bb0d7f3,8da7d73e85753d4e79f54062070fbc7b,True,2,3367,16.835,2904365982.112414,363045.7477640517,3367.0,430976.0,0.18651754769181586,0.0006043266755111354,0.0001534423007016894,0.03415986087340031,0.017905811148326255,0.027094614178955895,0.4955,0.004500000000000032,0.005428875958080021,0.0013612338558921522,0.017251297106795592,0.2239933260261765,True,1.0,reject,pre_step,drift_diffusion_then_jump,iid_bank,4,every_step,True,0.0004698275862068968,0.004879310344827588,4109.322215311206,134435,0.00046606771606771605,0.9981808731808732,7.425007425007425e-07,0.0
LSC-CP-RA,"LSC-CP-RA (A=4), tamed",98886f115ea6a7a4c556fecc8bb0d7f3,8da7d73e85753d4e79f54062070fbc7b,True,3,3367,16.835,2904365982.112414,363045.7477640517,3367.0,430976.0,0.276320786875241,0.0023919321717081887,0.0019429321669059973,0.043230133228121914,0.037554843404195085,0.05955682088001446,0.47600000000000003,0.023999999999999994,0.04730656729741864,0.014552624012879267,0.10542855200620885,0.2850245914273758,True,1.0,reject,pre_step,drift_diffusion_then_jump,iid_bank,4,every_step,True,0.0004698275862068968,0.004879310344827588,4109.322215311206,134435,0.00046606771606771605,0.9981808731808732,7.425007425007425e-07,0.0
LSC-CP-RA,"LSC-CP-RA (A=4), tamed",98886f115ea6a7a4c556fecc8bb0d7f3,8da7d73e85753d4e79f54062070fbc7b,True,0,3397,16.985,2930243908.890962,366280.48861137027,3397.0,434816.0,0.18921580052506545,0.0006958465148896309,0.0002452271538405659,0.0330768192157565,0.017633797803941628,0.027809620961619888,0.494,0.006000000000000005,0.017231240581855885,0.0024395808942815345,0.040672438682610626,0.1729340395615725,True,1.0,reject,pre_step,drift_diffusion_then_jump,iid_bank,4,every_step,True,0.00042916666666666683,0.004725000000000002,4731.32701472853,135569,0.0004657418310273771,0.9977112157786282,7.359434795407712e-07,0.0
LSC-CP-RA,"LSC-CP-RA (A=4), tamed",98886f115ea6a7a4c556fecc8bb0d7f3,8da7d73e85753d4e79f54062070fbc7b,True,1,3397,16.985,2930243908.890962,366280.48861137027,3397.0,434816.0,0.11781868844782778,0.00030251085131238753,-0.0001472244592004568,0.04042558354925574,0.02083643343199412,0.027438697561251432,0.504,0.0040000000000000036,0.005237260158899837,0.018120174571586545,0.020439521068008393,0.055331388176356966,True,1.0,reject,pre_step,drift_diffusion_then_jump,iid_bank,4,every_step,True,0.00042916666666666683,0.004725000000000002,4731.32701472853,135569,0.0004657418310273771,0.9977112157786282,7.359434795407712e-07,0.0
LSC-CP-RA,"LSC-CP-RA (A=4), tamed",98886f115ea6a7a4c556fecc8bb0d7f3,8da7d73e85753d4e79f54062070fbc7b,True,2,3397,16.985,2930243908.890962,366280.48861137027,3397.0,434816.0,0.16782817156174518,0.0007083816803270526,0.0002590253699247258,0.035271147416811255,0.018818729108153506,0.025223104125878557,0.495,0.0050000000000000044,0.008988120753477219,0.023175019950863462,0.006050124078714384,0.003621530341912038,True,1.0,reject,pre_step,drift_diffusion_then_jump,iid_bank,4,every_step,True,0.00042916666666666683,0.004725000000000002,4731.32701472853,135569,0.0004657418310273771,0.9977112157786282,7.359434795407712e-07,0.0
LSC-CP-RA,"LSC-CP-RA (A=4), tamed",98886f115ea6a7a4c556fecc8bb0d7f3,8da7d73e85753d4e79f54062070fbc7b,True,3,3397,16.985,2930243908.890962,366280.48861137027,3397.0,434816.0,0.2876903768269252,0.0027426075941862083,0.002292756779167071,0.04601875744130218,0.04058046747493362,0.0668219974510656,0.47400000000000003,0.025999999999999995,0.052495990629698966,0.005489937944307299,0.056901160662950874,0.20009370718422181,True,1.0,reject,pre_step,drift_diffusion_then_jump,iid_bank,4,every_step,True,0.00042916666666666683,0.004725000000000002,4731.32701472853,135569,0.0004657418310273771,0.9977112157786282,7.359434795407712e-07,0.0
LSC-CP-RA,"LSC-CP-RA (A=4), tamed",98886f115ea6a7a4c556fecc8bb0d7f3,8da7d73e85753d4e79f54062070fbc7b,True,0,3427,17.135,2956121835.669511,369515.2294586889,3427.0,438656.0,0.2150860074098148,0.0008626123308124178,0.0004111034086701215,0.025260912060408702,0.018796744178268623,0.034399321868047894,0.491,0.009000000000000008,0.01550884434561746,0.009674561663369441,0.0027412812491990814,0.27396140832071747,True,1.0,reject,pre_step,drift_diffusion_then_jump,iid_bank,4,every_step,True,0.0004708333333333336,0.005283333333333334,1709.897690513385,136837,0.0004657864021009629,0.9982273125182375,7.295010213014299e-07,0.0
LSC-CP-RA,"LSC-CP-RA (A=4), tamed",98886f115ea6a7a4c556fecc8bb0d7f3,8da7d73e85753d4e79f54062070fbc7b,True,1,3427,17.135,2956121835.669511,369515.2294586889,3427.0,438656.0,0.15889406777320378,0.000443161813675208,-7.701566311024699e-06,0.03379439045282173,0.017781373125676153,0.02434774875996096,0.5005000000000001,0.0005000000000000282,0.0016225347653707207,0.003507428330807194,0.013680831911345177,0.17768009151056707,True,1.0,reject,pre_step,drift_diffusion_then_jump,iid_bank,4,every_step,True,0.0004708333333333336,0.005283333333333334,1709.897690513385,136837,0.0004657864021009629,0.9982273125182375,7.295010213014299e-07,0.0
LSC-CP-RA,"LSC-CP-RA (A=4), tamed",98886f115ea6a7a4c556fecc8bb0d7f3,8da7d73e85753d4e79f54062070fbc7b,True,2,3427,17.135,2956121835.669511,369515.2294586889,3427.0,438656.0,0.1384238498213287,0.0001642226019564763,-0.0002876072043032085,0.021257410238871288,0.009815391014051784,0.017288370496786283,0.5025000000000001,0.00250000000000003,0.004927320720692636,0.011479254400799,0.020615005264615762,0.1980556743806402,True,1.0,reject,pre_step,drift_diffusion_then_jump,iid_bank,4,every_step,True,0.0004708333333333336,0.005283333333333334,1709.897690513385,136837,0.0004657864021009629,0.9982273125182375,7.295010213014299e-07,0.0
LSC-CP-RA,"LSC-CP-RA (A=4), tamed",98886f115ea6a7a4c556fecc8bb0d7f3,8da7d73e85753d4e79f54062070fbc7b,True,3,3427,17.135,2956121835.669511,369515.2294586889,3427.0,438656.0,0.29526689452329086,0.0025593251646456316,0.0021079702881456885,0.04335986294759958,0.03885017508707615,0.06637038517891722,0.47450000000000003,0.025499999999999967,0.05260847138151402,0.016295773500912603,0.059175536196951976,0.3377216886210549,True,1.0,reject,pre_step,drift_diffusion_then_jump,iid_bank,4,every_step,True,0.0004708333333333336,0.005283333333333334,1709.897690513385,136837,0.0004657864021009629,0.9982273125182375,7.295010213014299e-07,0.0
LSC-CP-RA,"LSC-CP-RA (A=4), tamed",98886f115ea6a7a4c556fecc8bb0d7f3,8da7d73e85753d4e79f54062070fbc7b,True,0,3456,17.28,2981137164.888774,372642.14561109676,3456.0,442368.0,0.18547865838958852,0.0010274001200288874,0.0005785040622173776,0.04871134576641292,0.02661636735478778,0.036137834780398316,0.493,0.007000000000000006,0.018740782381796797,0.028942353674208054,0.044394160872408966,0.05943894955019269,True,1.0,reject,pre_step,drift_diffusion_then_jump,iid_bank,4,every_step,True,0.00045258620689655197,0.004788793103448277,2000.324128289483,137948,0.0004656756365740741,0.9978877314814815,7.233796296296296e-07,0.0
LSC-CP-RA,"LSC-CP-RA (A=4), tamed",98886f115ea6a7a4c556fecc8bb0d7f3,8da7d73e85753d4e79f54062070fbc7b,True,1,3456,17.28,2981137164.888774,372642.14561109676,3456.0,442368.0,0.12730438293141277,0.0002532848120864184,-0.00019705239573797328,0.041607025708361944,0.017918798970438257,0.025067812938826366,0.5045000000000001,0.004500000000000032,0.009770655507620187,0.007712202738001439,0.0069223503637907136,0.13730742078417502,True,1.0,reject,pre_step,drift_diffusion_then_jump,iid_bank,4,every_step,True,0.00045258620689655197,0.004788793103448277,2000.324128289483,137948,0.0004656756365740741,0.9978877314814815,7.233796296296296e-07,0.0
LSC-CP-RA,"LSC-CP-RA (A=4), tamed",98886f115ea6a7a4c556fecc8bb0d7f3,8da7d73e85753d4e79f54062070fbc7b,True,2,3456,17.28,2981137164.888774,372642.14561109676,3456.0,442368.0,0.1592954056221435,0.0002718338663829645,-0.00017970736360184425,0.025427259318628104,0.01338737009056879,0.020163301481869053,0.4995,0.0005000000000000282,0.0032283026895193008,0.008169855533189163,0.00238832188203127,0.22431715311907252,True,1.0,reject,pre_step,drift_diffusion_then_jump,iid_bank,4,every_step,True,0.00045258620689655197,0.004788793103448277,2000.324128289483,137948,0.0004656756365740741,0.9978877314814815,7.233796296296296e-07,0.0
LSC-CP-RA,"LSC-CP-RA (A=4), tamed",98886f115ea6a7a4c556fecc8bb0d7f3,8da7d73e85753d4e79f54062070fbc7b,True,3,3456,17.28,2981137164.888774,372642.14561109676,3456.0,442368.0,0.2584663547810243,0.0017973952803714832,0.001346520952069441,0.04005038386418103,0.03018758849682951,0.0512761292314913,0.4815,0.01849999999999999,0.036810320991965156,0.005749194144320735,0.02546810997204522,0.2768207322427304,True,1.0,reject,pre_step,drift_diffusion_then_jump,iid_bank,4,every_step,True,0.00045258620689655197,0.004788793103448277,2000.324128289483,137948,0.0004656756365740741,0.9978877314814815,7.233796296296296e-07,0.0
LSC-CP-RA,"LSC-CP-RA (A=4), tamed",98886f115ea6a7a4c556fecc8bb0d7f3,8da7d73e85753d4e79f54062070fbc7b,True,0,3486,17.43,3007015091.6673226,375876.8864584153,3486.0,446208.0,0.2042953319517787,0.0007622809440046563,0.0003109153627798289,0.03348013823765872,0.018407977965664228,0.03136098804314734,0.4925,0.007500000000000034,0.01684583467589071,0.007199605484576099,0.030011339620238064,0.24424462950643433,True,1.0,reject,pre_step,drift_diffusion_then_jump,iid_bank,4,every_step,True,0.0004708333333333335,0.0050625,3992.0654451480746,139163,0.00046572002294893863,0.9980134825014343,7.53012048192771e-07,0.0
LSC-CP-RA,"LSC-CP-RA (A=4), tamed",98886f115ea6a7a4c556fecc8bb0d7f3,8da7d73e85753d4e79f54062070fbc7b,True,1,3486,17.43,3007015091.6673226,375876.8864584153,3486.0,446208.0,0.13304570432590135,0.00018540897035701498,-0.00026682470841399297,0.03283786601212335,0.02269992088587834,0.042717858251512766,0.512,0.01200000000000001,0.025812010645776935,0.020408293922483,0.06882148291063209,0.4007774305951236,True,1.0,reject,pre_step,drift_diffusion_then_jump,iid_bank,4,every_step,True,0.0004708333333333335,0.0050625,3992.0654451480746,139163,0.00046572002294893863,0.9980134825014343,7.53012048192771e-07,0.0
LSC-CP-RA,"LSC-CP-RA (A=4), tamed",98886f115ea6a7a4c556fecc8bb0d7f3,8da7d73e85753d4e79f54062070fbc7b,True,2,3486,17.43,3007015091.6673226,375876.8864584153,3486.0,446208.0,0.18754911815539835,0.000499157569377795,4.708770438521803e-05,0.030943574901689752,0.016325096134651364,0.026810878891262317,0.496,0.0040000000000000036,0.006787313504996022,0.013482492800510948,0.025078607775204945,0.28660063729532237,True,1.0,reject,pre_step,drift_diffusion_then_jump,iid_bank,4,every_step,True,0.0004708333333333335,0.0050625,3992.0654451480746,139163,0.00046572002294893863,0.9980134825014343,7.53012048192771e-07,0.0
LSC-CP-RA,"LSC-CP-RA (A=4), tamed",98886f115ea6a7a4c556fecc8bb0d7f3,8da7d73e85753d4e79f54062070fbc7b,True,3,3486,17.43,3007015091.6673226,375876.8864584153,3486.0,446208.0,0.27858642545591544,0.0025621948940385275,0.0021119075501426776,0.04129772737848256,0.03717134660066646,0.05938233922742768,0.47450000000000003,0.025499999999999967,0.046580861033243166,0.0033063901503629367,0.014380409652672264,0.1437880009517275,True,1.0,reject,pre_step,drift_diffusion_then_jump,iid_bank,4,every_step,True,0.0004708333333333335,0.0050625,3992.0654451480746,139163,0.00046572002294893863,0.9980134825014343,7.53012048192771e-07,0.0
LSC-CP-RA,"LSC-CP-RA (A=4), tamed",98886f115ea6a7a4c556fecc8bb0d7f3,8da7d73e85753d4e79f54062070fbc7b,True,0,3516,17.580000000000002,3032893018.445871,379111.62730573385,3516.0,450048.0,0.22773381835048742,0.001266554547839971,0.0008155716123887657,0.03672653879008539,0.02503208790543203,0.04246389916687663,0.488,0.01200000000000001,0.021764746547643023,0.0009810098112269516,0.004597092816964952,0.231397153154968,True,1.0,reject,pre_step,drift_diffusion_then_jump,iid_bank,4,every_step,True,0.0004458333333333335,0.004937500000000001,2090.567010820192,140348,0.00046555034129692834,0.9979237770193402,7.465870307167235e-07,0.0
LSC-CP-RA,"LSC-CP-RA (A=4), tamed",98886f115ea6a7a4c556fecc8bb0d7f3,8da7d73e85753d4e79f54062070fbc7b,True,1,3516,17.580000000000002,3032893018.445871,379111.62730573385,3516.0,450048.0,0.12087301789716795,0.00018265895899161055,-0.0002692548326964639,0.03945975850114347,0.022350394531022957,0.03885526779299721,0.511,0.01100000000000001,0.029263418733054936,0.0145329189680663,0.11266139848791137,0.32812329693297204,True,1.0,reject,pre_step,drift_diffusion_then_jump,iid_bank,4,every_step,True,0.0004458333333333335,0.004937500000000001,2090.567010820192,140348,0.00046555034129692834,0.9979237770193402,7.465870307167235e-07,0.0
LSC-CP-RA,"LSC-CP-RA (A=4), tamed",98886f115ea6a7a4c556fecc8bb0d7f3,8da7d73e85753d4e79f54062070fbc7b,True,2,3516,17.580000000000002,3032893018.445871,379111.62730573385,3516.0,450048.0,0.1955197347126025,0.0005933966354764175,0.00014153872512612242,0.03732163029546298,0.01877777020964874,0.02997210396186476,0.496,0.0040000000000000036,0.0003490261868830119,0.01357983929087847,0.04600591388898024,0.3288698295706002,True,1.0,reject,pre_step,drift_diffusion_then_jump,iid_bank,4,every_step,True,0.0004458333333333335,0.004937500000000001,2090.567010820192,140348,0.00046555034129692834,0.9979237770193402,7.465870307167235e-07,0.0
LSC-CP-RA,"LSC-CP-RA (A=4), tamed",98886f115ea6a7a4c556fecc8bb0d7f3,8da7d73e85753d4e79f54062070fbc7b,True,3,3516,17.580000000000002,3032893018.445871,379111.62730573385,3516.0,450048.0,0.2962848307439498,0.0029779883758648262,0.002528078227495789,0.04714408964128308,0.04235988440941094,0.06865710933082729,0.47050000000000003,0.02949999999999997,0.056452830175329566,0.005079213406552263,0.06379871133102324,0.13828172260521432,True,1.0,reject,pre_step,drift_diffusion_then_jump,iid_bank,4,every_step,True,0.0004458333333333335,0.004937500000000001,2090.567010820192,140348,0.00046555034129692834,0.9979237770193402,7.465870307167235e-07,0.0
LSC-CP-RA,"LSC-CP-RA (A=4), tamed",98886f115ea6a7a4c556fecc8bb0d7f3,8da7d73e85753d4e79f54062070fbc7b,True,0,3545,17.725,3057908347.6651344,382238.5434581418,3545.0,453760.0,0.21166677575664458,0.0009582364516775854,0.000507764067267602,0.023373828124174545,0.02018183256692805,0.03411782737061893,0.4885,0.011500000000000038,0.021578258461495633,0.007128377893783955,0.04078290568271982,0.08103425616842219,True,1.0,reject,pre_step,drift_diffusion_then_jump,iid_bank,4,every_step,True,0.0004741379310344829,0.004879310344827588,836.4439605695719,141480,0.0004656205923836389,0.9977433004231312,7.404795486600846e-07,0.0
LSC-CP-RA,"LSC-CP-RA (A=4), tamed",98886f115ea6a7a4c556fecc8bb0d7f3,8da7d73e85753d4e79f54062070fbc7b,True,1,3545,17.725,3057908347.6651344,382238.5434581418,3545.0,453760.0,0.13753126259892892,0.0002951005678661911,-0.00015548362361583745,0.037714673634428264,0.01961312550983438,0.027010710346575463,0.504,0.0040000000000000036,0.0198244646831595,0.00327579084091012,0.08990474918553884,0.18761401927845844,True,1.0,reject,pre_step,drift_diffusion_then_jump,iid_bank,4,every_step,True,0.0004741379310344829,0.004879310344827588,836.4439605695719,141480,0.0004656205923836389,0.9977433004231312,7.404795486600846e-07,0.0
LSC-CP-RA,"LSC-CP-RA (A=4), tamed",98886f115ea6a7a4c556fecc8bb0d7f3,8da7d73e85753d4e79f54062070fbc7b,True,2,3545,17.725,3057908347.6651344,382238.5434581418,3545.0,453760.0,0.20618545784849251,0.0009515549203863438,0.0005016333933888228,0.03414914846328326,0.022139233339806035,0.03484449595440451,0.4895,0.010500000000000037,0.018754215098143907,0.014122700860362158,0.020927346579347833,0.07478608470003845,True,1.0,reject,pre_step,drift_diffusion_then_jump,iid_bank,4,every_step,True,0.0004741379310344829,0.004879310344827588,836.4439605695719,141480,0.0004656205923836389,0.9977433004231312,7.404795486600846e-07,0.0
LSC-CP-RA,"LSC-CP-RA (A=4), tamed",98886f115ea6a7a4c556fecc8bb0d7f3,8da7d73e85753d4e79f54062070fbc7b,True,3,3545,17.725,3057908347.6651344,382238.5434581418,3545.0,453760.0,0.30158486555962355,0.0028154602579486543,0.0023641371656515364,0.048138760883159826,0.04147852172129154,0.0684921779942137,0.47200000000000003,0.027999999999999997,0.05827875494705623,0.01581587668601403,0.08568337044960422,0.34551979357668416,True,1.0,reject,pre_step,drift_diffusion_then_jump,iid_bank,4,every_step,True,0.0004741379310344829,0.004879310344827588,836.4439605695719,141480,0.0004656205923836389,0.9977433004231312,7.404795486600846e-07,0.0
LSC-CP-RA,"LSC-CP-RA (A=4), tamed",98886f115ea6a7a4c556fecc8bb0d7f3,8da7d73e85753d4e79f54062070fbc7b,True,0,3575,17.875,3083786274.4436827,385473.28430546034,3575.0,457600.0,0.20368019369937537,0.0007968094119612523,0.00034558459264710795,0.03031365077897552,0.017786387462014924,0.031056932932809058,0.4925,0.007500000000000034,0.017677247772514525,0.004486913683411808,0.04234775245196317,0.2453098324198829,True,1.0,reject,pre_step,drift_diffusion_then_jump,iid_bank,4,every_step,True,0.00040833333333333346,0.005029166666666668,1344.070449584889,142687,0.00046513986013986015,0.9978111888111888,7.342657342657343e-07,0.0
LSC-CP-RA,"LSC-CP-RA (A=4), tamed",98886f115ea6a7a4c556fecc8bb0d7f3,8da7d73e85753d4e79f54062070fbc7b,True,1,3575,17.875,3083786274.4436827,385473.28430546034,3575.0,457600.0,0.10531294174303163,0.0002724088521954826,-0.00017757346917091077,0.035009140431024544,0.01990877456809903,0.03026811602695947,0.5065000000000001,0.0065000000000000335,0.010435941945603034,0.013786686087163602,0.010895410421403164,0.11584209088664277,True,1.0,reject,pre_step,drift_diffusion_then_jump,iid_bank,4,every_step,True,0.00040833333333333346,0.005029166666666668,1344.070449584889,142687,0.00046513986013986015,0.9978111888111888,7.342657342657343e-07,0.0
LSC-CP-RA,"LSC-CP-RA (A=4), tamed",98886f115ea6a7a4c556fecc8bb0d7f3,8da7d73e85753d4e79f54062070fbc7b,True,2,3575,17.875,3083786274.4436827,385473.28430546034,3575.0,457600.0,0.1926234360886958,0.0008632552155969364,0.00041382998636285695,0.03640191668063064,0.0211816066110293,0.03130072601410192,0.4905,0.009500000000000036,0.015138346833401782,0.022463661396966872,0.029789386041681246,0.010182864282387905,True,1.0,reject,pre_step,drift_diffusion_then_jump,iid_bank,4,every_step,True,0.00040833333333333346,0.005029166666666668,1344.070449584889,142687,0.00046513986013986015,0.9978111888111888,7.342657342657343e-07,0.0
LSC-CP-RA,"LSC-CP-RA (A=4), tamed",98886f115ea6a7a4c556fecc8bb0d7f3,8da7d73e85753d4e79f54062070fbc7b,True,3,3575,17.875,3083786274.4436827,385473.28430546034,3575.0,457600.0,0.2727582974006661,0.0023367075288671657,0.0018865758326050974,0.03951728291671358,0.034897606773626196,0.057962327686248816,0.47650000000000003,0.023499999999999965,0.03808144055802769,0.0036573670738465625,0.01531781651816901,0.19348016648093347,True,1.0,reject,pre_step,drift_diffusion_then_jump,iid_bank,4,every_step,True,0.00040833333333333346,0.005029166666666668,1344.070449584889,142687,0.00046513986013986015,0.9978111888111888,7.342657342657343e-07,0.0
LSC-CP-RA,"LSC-CP-RA (A=4), tamed",98886f115ea6a7a4c556fecc8bb0d7f3,8da7d73e85753d4e79f54062070fbc7b,True,0,3605,18.025000000000002,3109664201.222231,388708.02515277884,3605.0,461440.0,0.17330642841679947,0.0006677647964626887,0.00021792157634514808,0.028385413924830516,0.015998371760284867,0.02295338349492563,0.4945,0.005500000000000033,0.012014687182836187,0.0164967198799999,0.004133133839831929,0.007039511635975271,True,1.0,reject,pre_step,drift_diffusion_then_jump,iid_bank,4,every_step,True,0.000591666666666667,0.005062500000000001,3307.2712000517313,143902,0.00046619278779472955,0.9979334257975034,7.281553398058253e-07,0.0
LSC-CP-RA,"LSC-CP-RA (A=4), tamed",98886f115ea6a7a4c556fecc8bb0d7f3,8da7d73e85753d4e79f54062070fbc7b,True,1,3605,18.025000000000002,3109664201.222231,388708.02515277884,3605.0,461440.0,0.1650892236095397,0.0004215621874489317,-2.9941489778195773e-05,0.030604996262795447,0.0183435973510413,0.025922983743109983,0.5005000000000001,0.0005000000000000282,0.000406361199009032,0.005647960576617983,0.0027692804965058636,0.2445974348485992,True,1.0,reject,pre_step,drift_diffusion_then_jump,iid_bank,4,every_step,True,0.000591666666666667,0.005062500000000001,3307.2712000517313,143902,0.00046619278779472955,0.9979334257975034,7.281553398058253e-07,0.0
LSC-CP-RA,"LSC-CP-RA (A=4), tamed",98886f115ea6a7a4c556fecc8bb0d7f3,8da7d73e85753d4e79f54062070fbc7b,True,2,3605,18.025000000000002,3109664201.222231,388708.02515277884,3605.0,461440.0,0.18666033812302094,0.0006707429033004919,0.00022029222083297384,0.02835648935257762,0.01692137283094374,0.02601038274227861,0.494,0.006000000000000005,0.004111380554206445,0.005808171051933875,0.04487571691726333,0.1150232958891958,True,1.0,reject,pre_step,drift_diffusion_then_jump,iid_bank,4,every_step,True,0.000591666666666667,0.005062500000000001,3307.2712000517313,143902,0.00046619278779472955,0.9979334257975034,7.281553398058253e-07,0.0
LSC-CP-RA,"LSC-CP-RA (A=4), tamed",98886f115ea6a7a4c556fecc8bb0d7f3,8da7d73e85753d4e79f54062070fbc7b,True,3,3605,18.025000000000002,3109664201.222231,388708.02515277884,3605.0,461440.0,0.26669254234647555,0.0018228240225087733,0.001371050791071915,0.033158356851159865,0.03029956891474762,0.054060961189715165,0.481,0.019000000000000017,0.03809594354749322,0.017352648487779065,0.030820603719722832,0.337514090499221,True,1.0,reject,pre_step,drift_diffusion_then_jump,iid_bank,4,every_step,True,0.000591666666666667,0.005062500000000001,3307.2712000517313,143902,0.00046619278779472955,0.9979334257975034,7.281553398058253e-07,0.0
LSC-CP-RA,"LSC-CP-RA (A=4), tamed",98886f115ea6a7a4c556fecc8bb0d7f3,8da7d73e85753d4e79f54062070fbc7b,True,0,3634,18.17,3134679530.4414945,391834.94130518683,3634.0,465152.0,0.23388960101772377,0.0013456225565554591,0.0008951928688307742,0.040238509777398734,0.026868294630061594,0.04404711126649955,0.486,0.014000000000000012,0.0276169834529801,0.003454924148436622,0.03273473986500144,0.19580164634708652,True,1.0,reject,pre_step,drift_diffusion_then_jump,iid_bank,4,every_step,True,0.0006034482758620691,0.005068965517241381,3265.042328007422,145078,0.00046728811227297743,0.9980599889928453,7.223445239405614e-07,0.0
LSC-CP-RA,"LSC-CP-RA (A=4), tamed",98886f115ea6a7a4c556fecc8bb0d7f3,8da7d73e85753d4e79f54062070fbc7b,True,1,3634,18.17,3134679530.4414945,391834.94130518683,3634.0,465152.0,0.19348755033972723,0.0010275605525805753,0.0005776884486403677,0.0379334733069511,0.021913298440699266,0.03237785407727384,0.4905,0.009500000000000036,0.020765349700096934,0.01728099852809306,0.008850369827432335,0.03931729790695526,True,1.0,reject,pre_step,drift_diffusion_then_jump,iid_bank,4,every_step,True,0.0006034482758620691,0.005068965517241381,3265.042328007422,145078,0.00046728811227297743,0.9980599889928453,7.223445239405614e-07,0.0
LSC-CP-RA,"LSC-CP-RA (A=4), tamed",98886f115ea6a7a4c556fecc8bb0d7f3,8da7d73e85753d4e79f54062070fbc7b,True,2,3634,18.17,3134679530.4414945,391834.94130518683,3634.0,465152.0,0.21540388050310258,0.0007508495746822996,0.0002992510444866925,0.04272419646157147,0.021602720122772267,0.036481664582940276,0.493,0.007000000000000006,0.017991095755572777,0.012763827470730127,0.0665595307925414,0.37130794624339225,True,1.0,reject,pre_step,drift_diffusion_then_jump,iid_bank,4,every_step,True,0.0006034482758620691,0.005068965517241381,3265.042328007422,145078,0.00046728811227297743,0.9980599889928453,7.223445239405614e-07,0.0
LSC-CP-RA,"LSC-CP-RA (A=4), tamed",98886f115ea6a7a4c556fecc8bb0d7f3,8da7d73e85753d4e79f54062070fbc7b,True,3,3634,18.17,3134679530.4414945,391834.94130518683,3634.0,465152.0,0.24614152979587,0.001844279835941598,0.0013940856691939674,0.03791575142679632,0.030551710424532696,0.0506167891613271,0.47950000000000004,0.020499999999999963,0.03462712866051961,0.011608981726724976,0.026331929691177557,0.12689652795533457,True,1.0,reject,pre_step,drift_diffusion_then_jump,iid_bank,4,every_step,True,0.0006034482758620691,0.005068965517241381,3265.042328007422,145078,0.00046728811227297743,0.9980599889928453,7.223445239405614e-07,0.0
LSC-CP-RA,"LSC-CP-RA (A=4), tamed",98886f115ea6a7a4c556fecc8bb0d7f3,8da7d73e85753d4e79f54062070fbc7b,True,0,3664,18.32,3160557457.2200427,395069.6821525053,3664.0,468992.0,0.19869263488386457,0.0008881674488143698,0.00043791032063644764,0.04222810060103524,0.02213229410303253,0.03358640145459353,0.4915,0.008500000000000035,0.015152194834084151,0.00940232562240495,0.010049893966037534,0.13566868879679272,True,1.0,reject,pre_step,drift_diffusion_then_jump,iid_bank,4,every_step,True,0.0004333333333333335,0.005079166666666668,3815.2601867643316,146297,0.0004670100982532751,0.9982055131004367,7.164301310043668e-07,0.0
LSC-CP-RA,"LSC-CP-RA (A=4), tamed",98886f115ea6a7a4c556fecc8bb0d7f3,8da7d73e85753d4e79f54062070fbc7b,True,1,3664,18.32,3160557457.2200427,395069.6821525053,3664.0,468992.0,0.21900686537736624,0.0009960273689203492,0.0005450359715847286,0.03507943536396535,0.022916527999710737,0.03842106447777814,0.4895,0.010500000000000037,0.0237814603093737,0.00211440524855111,0.049124223879949434,0.2641095758149238,True,1.0,reject,pre_step,drift_diffusion_then_jump,iid_bank,4,every_step,True,0.0004333333333333335,0.005079166666666668,3815.2601867643316,146297,0.0004670100982532751,0.9982055131004367,7.164301310043668e-07,0.0
LSC-CP-RA,"LSC-CP-RA (A=4), tamed",98886f115ea6a7a4c556fecc8bb0d7f3,8da7d73e85753d4e79f54062070fbc7b,True,2,3664,18.32,3160557457.2200427,395069.6821525053,3664.0,468992.0,0.2276376520945163,0.001131936045267179,0.0006801114852805767,0.03882941248416588,0.02416201763034454,0.04167643454421192,0.49,0.010000000000000009,0.02037651839435389,0.013183835197584703,0.0028611723699091666,0.35871470467368816,True,1.0,reject,pre_step,drift_diffusion_then_jump,iid_bank,4,every_step,True,0.0004333333333333335,0.005079166666666668,3815.2601867643316,146297,0.0004670100982532751,0.9982055131004367,7.164301310043668e-07,0.0
LSC-CP-RA,"LSC-CP-RA (A=4), tamed",98886f115ea6a7a4c556fecc8bb0d7f3,8da7d73e85753d4e79f54062070fbc7b,True,3,3664,18.32,3160557457.2200427,395069.6821525053,3664.0,468992.0,0.2399720428517213,0.0012416132667519841,0.0007902663705173785,0.035028901639767435,0.025540997690145503,0.04532960789061868,0.486,0.014000000000000012,0.03097302604904445,0.008205630299558786,0.08069348789785627,0.2866599587420221,True,1.0,reject,pre_step,drift_diffusion_then_jump,iid_bank,4,every_step,True,0.0004333333333333335,0.005079166666666668,3815.2601867643316,146297,0.0004670100982532751,0.9982055131004367,7.164301310043668e-07,0.0
LSC-CP-RA,"LSC-CP-RA (A=4), tamed",98886f115ea6a7a4c556fecc8bb0d7f3,8da7d73e85753d4e79f54062070fbc7b,True,0,3694,18.47,3186435383.9985914,398304.42299982393,3694.0,472832.0,0.23961471762273504,0.0013455509189690407,0.0008946760714847457,0.03566112445258168,0.025566367471406625,0.04310085904269151,0.4845,0.015499999999999986,0.0306951354357138,0.0018708044046172878,0.027362530207370412,0.18480977016451205,True,1.0,reject,pre_step,drift_diffusion_then_jump,iid_bank,4,every_step,True,0.0004583333333333335,0.005033333333333334,1021.125573505511,147505,0.0004669396318354088,0.998274228478614,7.1061180292366e-07,0.0
LSC-CP-RA,"LSC-CP-RA (A=4), tamed",98886f115ea6a7a4c556fecc8bb0d7f3,8da7d73e85753d4e79f54062070fbc7b,True,1,3694,18.47,3186435383.9985914,398304.42299982393,3694.0,472832.0,0.19883392277774808,0.0007150250952218107,0.0002632568035225713,0.04881966758169831,0.02089702788421238,0.03097271366753134,0.494,0.006000000000000005,0.01770619051446382,0.009668877128089282,0.030384293030944445,0.25017688763282886,True,1.0,reject,pre_step,drift_diffusion_then_jump,iid_bank,4,every_step,True,0.0004583333333333335,0.005033333333333334,1021.125573505511,147505,0.0004669396318354088,0.998274228478614,7.1061180292366e-07,0.0
LSC-CP-RA,"LSC-CP-RA (A=4), tamed",98886f115ea6a7a4c556fecc8bb0d7f3,8da7d73e85753d4e79f54062070fbc7b,True,2,3694,18.47,3186435383.9985914,398304.42299982393,3694.0,472832.0,0.20056979674982112,0.0009136737992596622,0.00046339007250040254,0.026885841042408487,0.01938789952022552,0.03213034231691478,0.49,0.010000000000000009,0.018087855200188078,0.010393706919359591,0.03338964281667197,0.09779228648413418,True,1.0,reject,pre_step,drift_diffusion_then_jump,iid_bank,4,every_step,True,0.0004583333333333335,0.005033333333333334,1021.125573505511,147505,0.0004669396318354088,0.998274228478614,7.1061180292366e-07,0.0
LSC-CP-RA,"LSC-CP-RA (A=4), tamed",98886f115ea6a7a4c556fecc8bb0d7f3,8da7d73e85753d4e79f54062070fbc7b,True,3,3694,18.47,3186435383.9985914,398304.42299982393,3694.0,472832.0,0.2107435768296367,0.0011550149519956587,0.0007052613686370224,0.040749694656403046,0.024311337778150227,0.03641644330710259,0.4875,0.012499999999999983,0.02732338629705071,0.0164855180960487,0.037081317326192194,0.03731481923690294,True,1.0,reject,pre_step,drift_diffusion_then_jump,iid_bank,4,every_step,True,0.0004583333333333335,0.005033333333333334,1021.125573505511,147505,0.0004669396318354088,0.998274228478614,7.1061180292366e-07,0.0
LSC-CP-RA,"LSC-CP-RA (A=4), tamed",98886f115ea6a7a4c556fecc8bb0d7f3,8da7d73e85753d4e79f54062070fbc7b,True,0,3723,18.615000000000002,3211450713.217855,401431.33915223187,3723.0,476544.0,0.2550472909530066,0.001995246995262545,0.0015447282218892244,0.042146112683170256,0.03278486266608164,0.054969655917052086,0.481,0.019000000000000017,0.025047887564171704,0.004018503863693845,0.04864795100341052,0.2195394565702934,True,1.0,reject,pre_step,drift_diffusion_then_jump,iid_bank,4,every_step,True,0.00046120689655172433,0.004900862068965518,4309.685524632592,148642,0.0004668949771689498,0.9981332258930969,7.050765511684126e-07,0.0
LSC-CP-RA,"LSC-CP-RA (A=4), tamed",98886f115ea6a7a4c556fecc8bb0d7f3,8da7d73e85753d4e79f54062070fbc7b,True,1,3723,18.615000000000002,3211450713.217855,401431.33915223187,3723.0,476544.0,0.13958685674263202,0.0003758104064329748,-7.434837699016317e-05,0.029641848414972416,0.015767654140349485,0.019054805483763614,0.5005000000000001,0.0005000000000000282,0.0033003862247010774,0.01303379445919739,0.01855164210643609,0.06837890734049668,True,1.0,reject,pre_step,drift_diffusion_then_jump,iid_bank,4,every_step,True,0.00046120689655172433,0.004900862068965518,4309.685524632592,148642,0.0004668949771689498,0.9981332258930969,7.050765511684126e-07,0.0
LSC-CP-RA,"LSC-CP-RA (A=4), tamed",98886f115ea6a7a4c556fecc8bb0d7f3,8da7d73e85753d4e79f54062070fbc7b,True,2,3723,18.615000000000002,3211450713.217855,401431.33915223187,3723.0,476544.0,0.20769519135750375,0.0010784792625917472,0.000628687772992742,0.032027341097502826,0.02321154169056662,0.037073107827212556,0.4895,0.010500000000000037,0.016360427373662584,0.01563416954749397,0.002176828624018388,0.10205014398828827,True,1.0,reject,pre_step,drift_diffusion_then_jump,iid_bank,4,every_step,True,0.00046120689655172433,0.004900862068965518,4309.685524632592,148642,0.0004668949771689498,0.9981332258930969,7.050765511684126e-07,0.0
LSC-CP-RA,"LSC-CP-RA (A=4), tamed",98886f115ea6a7a4c556fecc8bb0d7f3,8da7d73e85753d4e79f54062070fbc7b,True,3,3723,18.615000000000002,3211450713.217855,401431.33915223187,3723.0,476544.0,0.23617285895499854,0.0012822914953259934,0.0008309155898814646,0.0325970821733102,0.023243138213743093,0.04050330433213546,0.4865,0.013499999999999984,0.025064431452715155,0.009752342703485128,0.017794060559341858,0.24118047612250793,True,1.0,reject,pre_step,drift_diffusion_then_jump,iid_bank,4,every_step,True,0.00046120689655172433,0.004900862068965518,4309.685524632592,148642,0.0004668949771689498,0.9981332258930969,7.050765511684126e-07,0.0
LSC-CP-RA,"LSC-CP-RA (A=4), tamed",98886f115ea6a7a4c556fecc8bb0d7f3,8da7d73e85753d4e79f54062070fbc7b,True,0,3753,18.765,3237328639.996403,404666.0799995504,3753.0,480384.0,0.2521068849722999,0.0019863692121381282,0.001536877720163532,0.039270800050050014,0.03387087055040186,0.054664431354016725,0.47950000000000004,0.020499999999999963,0.03786371315715564,0.019227067535883546,0.062271987184595666,0.09407101185139,True,1.0,reject,pre_step,drift_diffusion_then_jump,iid_bank,4,every_step,True,0.0004833333333333335,0.004783333333333334,4758.841624438998,149790,0.0004670263788968825,0.9978017585931255,6.994404476418864e-07,0.0
LSC-CP-RA,"LSC-CP-RA (A=4), tamed",98886f115ea6a7a4c556fecc8bb0d7f3,8da7d73e85753d4e79f54062070fbc7b,True,1,3753,18.765,3237328639.996403,404666.0799995504,3753.0,480384.0,0.06752412892355174,0.00012641176243011198,-0.0003232804259641897,0.027172150249609284,0.020338993166969015,0.03176391096980499,0.5095000000000001,0.009500000000000036,0.023315748361407925,0.015366122635566803,0.04688898119846301,0.03410281135704152,True,1.0,reject,pre_step,drift_diffusion_then_jump,iid_bank,4,every_step,True,0.0004833333333333335,0.004783333333333334,4758.841624438998,149790,0.0004670263788968825,0.9978017585931255,6.994404476418864e-07,0.0
LSC-CP-RA,"LSC-CP-RA (A=4), tamed",98886f115ea6a7a4c556fecc8bb0d7f3,8da7d73e85753d4e79f54062070fbc7b,True,2,3753,18.765,3237328639.996403,404666.0799995504,3753.0,480384.0,0.21523458292241196,0.001196458830467484,0.0007465240202751966,0.03681394244457803,0.02460516974243913,0.04052423519234284,0.488,0.01200000000000001,0.022738369188000377,0.013397515005912464,0.027785997714175004,0.12362429346683379,True,1.0,reject,pre_step,drift_diffusion_then_jump,iid_bank,4,every_step,True,0.0004833333333333335,0.004783333333333334,4758.841624438998,149790,0.0004670263788968825,0.9978017585931255,6.994404476418864e-07,0.0
LSC-CP-RA,"LSC-CP-RA (A=4), tamed",98886f115ea6a7a4c556fecc8bb0d7f3,8da7d73e85753d4e79f54062070fbc7b,True,3,3753,18.765,3237328639.996403,404666.0799995504,3753.0,480384.0,0.2218616998650316,0.0010948688801541984,0.000644100710895934,0.029957915947213642,0.02178545968779483,0.03692422450989107,0.489,0.01100000000000001,0.016803728893216026,0.00215496494939027,0.03212724689500587,0.23098043113184252,True,1.0,reject,pre_step,drift_diffusion_then_jump,iid_bank,4,every_step,True,0.0004833333333333335,0.004783333333333334,4758.841624438998,149790,0.0004670263788968825,0.9978017585931255,6.994404476418864e-07,0.0
LSC-CP-RA,"LSC-CP-RA (A=4), tamed",98886f115ea6a7a4c556fecc8bb0d7f3,8da7d73e85753d4e79f54062070fbc7b,True,0,3783,18.915,3263206566.7749515,407900.8208468689,3783.0,484224.0,0.2723382146469039,0.0023882030677454535,0.0019389375974203649,0.04603787807515308,0.036951235375564696,0.0585340591065559,0.47550000000000003,0.024499999999999966,0.045934852718183546,0.01661114516217843,0.044089772961289235,0.08757118190716884,True,1.0,reject,pre_step,drift_diffusion_then_jump,iid_bank,4,every_step,True,0.00047916666666666686,0.004891666666666667,3854.0697299832796,150964,0.00046712265397832407,0.9976473698123183,7.269362939466032e-07,0.0
LSC-CP-RA,"LSC-CP-RA (A=4), tamed",98886f115ea6a7a4c556fecc8bb0d7f3,8da7d73e85753d4e79f54062070fbc7b,True,1,3783,18.915,3263206566.7749515,407900.8208468689,3783.0,484224.0,0.08760756255517926,0.00016287701591310988,-0.00028760359827595394,0.041008811354838914,0.022246794074390574,0.036308637769745813,0.5115000000000001,0.011500000000000038,0.023274364801441596,0.0057866289215581235,0.029662263132516426,0.1427476385141343,True,1.0,reject,pre_step,drift_diffusion_then_jump,iid_bank,4,every_step,True,0.00047916666666666686,0.004891666666666667,3854.0697299832796,150964,0.00046712265397832407,0.9976473698123183,7.269362939466032e-07,0.0
LSC-CP-RA,"LSC-CP-RA (A=4), tamed",98886f115ea6a7a4c556fecc8bb0d7f3,8da7d73e85753d4e79f54062070fbc7b,True,2,3783,18.915,3263206566.7749515,407900.8208468689,3783.0,484224.0,0.21455051332667527,0.0010819101853842827,0.0006313867314908794,0.036304725304210306,0.022916463381202134,0.03824396733253096,0.4895,0.010500000000000037,0.021009493769255202,0.0059097301540208536,0.02071987049919949,0.17253305207128256,True,1.0,reject,pre_step,drift_diffusion_then_jump,iid_bank,4,every_step,True,0.00047916666666666686,0.004891666666666667,3854.0697299832796,150964,0.00046712265397832407,0.9976473698123183,7.269362939466032e-07,0.0
LSC-CP-RA,"LSC-CP-RA (A=4), tamed",98886f115ea6a7a4c556fecc8bb0d7f3,8da7d73e85753d4e79f54062070fbc7b,True,3,3783,18.915,3263206566.7749515,407900.8208468689,3783.0,484224.0,0.20659569935396252,0.000551344157628475,9.98474651875414e-05,0.028265890154212353,0.016147168894187533,0.027458406430114178,0.496,0.0040000000000000036,0.006111023750694572,0.02044009857632101,0.04355322390168584,0.6162799107603091,True,1.0,reject,pre_step,drift_diffusion_then_jump,iid_bank,4,every_step,True,0.00047916666666666686,0.004891666666666667,3854.0697299832796,150964,0.00046712265397832407,0.9976473698123183,7.269362939466032e-07,0.0
LSC-CP-RA,"LSC-CP-RA (A=4), tamed",98886f115ea6a7a4c556fecc8bb0d7f3,8da7d73e85753d4e79f54062070fbc7b,True,0,3812,19.06,3288221895.994215,411027.73699927685,3812.0,487936.0,0.2716424541062687,0.002200568133988834,0.001750656551022578,0.04738556955699594,0.03556658929029071,0.057535015727176994,0.47700000000000004,0.022999999999999993,0.04675083180722575,0.006867825138952344,0.08231268830570901,0.18695866634478364,True,1.0,reject,pre_step,drift_diffusion_then_jump,iid_bank,4,every_step,True,0.00043103448275862085,0.00483189655172414,4570.171959143332,152085,0.000466848111227702,0.9974094963273872,7.214060860440714e-07,0.0
LSC-CP-RA,"LSC-CP-RA (A=4), tamed",98886f115ea6a7a4c556fecc8bb0d7f3,8da7d73e85753d4e79f54062070fbc7b,True,1,3812,19.06,3288221895.994215,411027.73699927685,3812.0,487936.0,0.13681132691316972,0.00021877668187009203,-0.00023252488629799117,0.025481433240659532,0.014341678295478067,0.023890017098811705,0.504,0.0040000000000000036,0.006755839076716268,0.00475270311383591,0.01672554489682992,0.20502188957090717,True,1.0,reject,pre_step,drift_diffusion_then_jump,iid_bank,4,every_step,True,0.00043103448275862085,0.00483189655172414,4570.171959143332,152085,0.000466848111227702,0.9974094963273872,7.214060860440714e-07,0.0
LSC-CP-RA,"LSC-CP-RA (A=4), tamed",98886f115ea6a7a4c556fecc8bb0d7f3,8da7d73e85753d4e79f54062070fbc7b,True,2,3812,19.06,3288221895.994215,411027.73699927685,3812.0,487936.0,0.21477831078340845,0.0009974425575050017,0.0005467456047804076,0.033741818003318436,0.021468257359413538,0.0362514963656026,0.489,0.01100000000000001,0.022010953093086,0.003126120877049665,0.0381739246645289,0.1715926136056466,True,1.0,reject,pre_step,drift_diffusion_then_jump,iid_bank,4,every_step,True,0.00043103448275862085,0.00483189655172414,4570.171959143332,152085,0.000466848111227702,0.9974094963273872,7.214060860440714e-07,0.0
LSC-CP-RA,"LSC-CP-RA (A=4), tamed",98886f115ea6a7a4c556fecc8bb0d7f3,8da7d73e85753d4e79f54062070fbc7b,True,3,3812,19.06,3288221895.994215,411027.73699927685,3812.0,487936.0,0.15406446913686755,0.0003652849813057246,-8.486284127506849e-05,0.03689107848444961,0.018292257310840703,0.021958534976500434,0.5005000000000001,0.0005000000000000282,0.0024654699371081125,0.009250058968028663,0.06382620008958648,0.17202748880032004,True,1.0,reject,pre_step,drift_diffusion_then_jump,iid_bank,4,every_step,True,0.00043103448275862085,0.00483189655172414,4570.171959143332,152085,0.000466848111227702,0.9974094963273872,7.214060860440714e-07,0.0
LSC-CP-RA,"LSC-CP-RA (A=4), tamed",98886f115ea6a7a4c556fecc8bb0d7f3,8da7d73e85753d4e79f54062070fbc7b,True,0,3842,19.21,3314099822.7727633,414262.4778465954,3842.0,491776.0,0.27388878218849855,0.002078685237461575,0.001627688313640352,0.036411191200987014,0.033120388313237256,0.05746300189717264,0.47750000000000004,0.022499999999999964,0.039902085792266014,0.00739231401841367,0.04934844704046388,0.3062501880373739,True,1.0,reject,pre_step,drift_diffusion_then_jump,iid_bank,4,every_step,True,0.00036666666666666683,0.005016666666666668,1658.888538659084,153289,0.00046606585111920874,0.9974557522123894,7.157730348776679e-07,0.0
LSC-CP-RA,"LSC-CP-RA (A=4), tamed",98886f115ea6a7a4c556fecc8bb0d7f3,8da7d73e85753d4e79f54062070fbc7b,True,1,3842,19.21,3314099822.7727633,414262.4778465954,3842.0,491776.0,0.13636942549549952,0.0003055227340510447,-0.0001450322899094747,0.025856750371582193,0.012575829517895272,0.01690955396868731,0.5015000000000001,0.001500000000000029,0.005124667383778218,0.006927054488004569,0.026041737489509276,0.09032820503291739,True,1.0,reject,pre_step,drift_diffusion_then_jump,iid_bank,4,every_step,True,0.00036666666666666683,0.005016666666666668,1658.888538659084,153289,0.00046606585111920874,0.9974557522123894,7.157730348776679e-07,0.0
LSC-CP-RA,"LSC-CP-RA (A=4), tamed",98886f115ea6a7a4c556fecc8bb0d7f3,8da7d73e85753d4e79f54062070fbc7b,True,2,3842,19.21,3314099822.7727633,414262.4778465954,3842.0,491776.0,0.19440498852637378,0.0007690369095842975,0.0003184343406480439,0.027155651920058088,0.01750112611744511,0.02935854450357374,0.491,0.009000000000000008,0.012425200497337677,0.006615476353423522,0.01255285949084035,0.10904532292081626,True,1.0,reject,pre_step,drift_diffusion_then_jump,iid_bank,4,every_step,True,0.00036666666666666683,0.005016666666666668,1658.888538659084,153289,0.00046606585111920874,0.9974557522123894,7.157730348776679e-07,0.0
LSC-CP-RA,"LSC-CP-RA (A=4), tamed",98886f115ea6a7a4c556fecc8bb0d7f3,8da7d73e85753d4e79f54062070fbc7b,True,3,3842,19.21,3314099822.7727633,414262.4778465954,3842.0,491776.0,0.11316643401250646,0.0002638807997477066,-0.0001859233341903188,0.03150864083082272,0.016649748819262757,0.021625019004613527,0.503,0.0030000000000000027,0.00853273032020915,0.018615421778834795,0.02057416736204116,0.012544764895387694,True,1.0,reject,pre_step,drift_diffusion_then_jump,iid_bank,4,every_step,True,0.00036666666666666683,0.005016666666666668,1658.888538659084,153289,0.00046606585111920874,0.9974557522123894,7.157730348776679e-07,0.0
LSC-CP-RA,"LSC-CP-RA (A=4), tamed",98886f115ea6a7a4c556fecc8bb0d7f3,8da7d73e85753d4e79f54062070fbc7b,True,0,3872,19.36,3339977749.551312,417497.218693914,3872.0,495616.0,0.23965201604288694,0.0015950321436967174,0.0011444600587254827,0.034558663725384575,0.027654177401056173,0.046028278764500385,0.483,0.017000000000000015,0.03009622101884829,0.004665594327677325,0.0017536392233986084,0.10729080839383631,True,1.0,reject,pre_step,drift_diffusion_then_jump,iid_bank,4,every_step,True,0.0005375000000000002,0.005075000000000001,4757.083370351452,154507,0.00046661931818181817,0.9975916838842975,7.425103305785124e-07,0.0
LSC-CP-RA,"LSC-CP-RA (A=4), tamed",98886f115ea6a7a4c556fecc8bb0d7f3,8da7d73e85753d4e79f54062070fbc7b,True,1,3872,19.36,3339977749.551312,417497.218693914,3872.0,495616.0,0.15606583550251799,0.0004041793358995349,-4.651527258248134e-05,0.030934514142315517,0.01579051181333106,0.02021518495460979,0.4995,0.0005000000000000282,0.0011077569843544605,0.005454205421024594,0.008820921461751792,0.1312296320412082,True,1.0,reject,pre_step,drift_diffusion_then_jump,iid_bank,4,every_step,True,0.0005375000000000002,0.005075000000000001,4757.083370351452,154507,0.00046661931818181817,0.9975916838842975,7.425103305785124e-07,0.0
LSC-CP-RA,"LSC-CP-RA (A=4), tamed",98886f115ea6a7a4c556fecc8bb0d7f3,8da7d73e85753d4e79f54062070fbc7b,True,2,3872,19.36,3339977749.551312,417497.218693914,3872.0,495616.0,0.21437164561161554,0.001061497439891812,0.0006108216864318949,0.0321446136288327,0.022478248895070198,0.03641781394324274,0.488,0.01200000000000001,0.02223812567987332,0.006165819507410908,0.032601796540395224,0.09779626138500352,True,1.0,reject,pre_step,drift_diffusion_then_jump,iid_bank,4,every_step,True,0.0005375000000000002,0.005075000000000001,4757.083370351452,154507,0.00046661931818181817,0.9975916838842975,7.425103305785124e-07,0.0
LSC-CP-RA,"LSC-CP-RA (A=4), tamed",98886f115ea6a7a4c556fecc8bb0d7f3,8da7d73e85753d4e79f54062070fbc7b,True,3,3872,19.36,3339977749.551312,417497.218693914,3872.0,495616.0,0.16244165254909493,0.0005086763841966047,5.8018119169944704e-05,0.03910125576669973,0.018614941412778505,0.02437994131672068,0.5005000000000001,0.0005000000000000282,7.49939171234607e-05,0.001948128850299491,0.027177565186650897,0.2475837593513558,True,1.0,reject,pre_step,drift_diffusion_then_jump,iid_bank,4,every_step,True,0.0005375000000000002,0.005075000000000001,4757.083370351452,154507,0.00046661931818181817,0.9975916838842975,7.425103305785124e-07,0.0
LSC-CP-RA,"LSC-CP-RA (A=4), tamed",98886f115ea6a7a4c556fecc8bb0d7f3,8da7d73e85753d4e79f54062070fbc7b,True,0,3902,19.51,3365855676.32986,420731.9595412325,3902.0,499456.0,0.20614149259338968,0.0007392411332460824,0.0002880241389444649,0.03602662000112164,0.01797764239577266,0.030692216112931124,0.4915,0.008500000000000035,0.01997679944205893,0.004457403373695601,0.05074626716784217,0.19656122179770652,True,1.0,reject,pre_step,drift_diffusion_then_jump,iid_bank,4,every_step,True,0.0004416666666666668,0.005112500000000001,3934.9667162158703,155734,0.0004664274730907227,0.9977831881086622,7.368016401845207e-07,0.0
LSC-CP-RA,"LSC-CP-RA (A=4), tamed",98886f115ea6a7a4c556fecc8bb0d7f3,8da7d73e85753d4e79f54062070fbc7b,True,1,3902,19.51,3365855676.32986,420731.9595412325,3902.0,499456.0,0.16559656900163877,0.0005221251400511218,7.182660063875801e-05,0.03590730951123877,0.01943401945862025,0.025183159071018403,0.499,0.0010000000000000009,0.004463111870874584,0.007405729682055995,0.035044993404278066,0.21450194542700662,True,1.0,reject,pre_step,drift_diffusion_then_jump,iid_bank,4,every_step,True,0.0004416666666666668,0.005112500000000001,3934.9667162158703,155734,0.0004664274730907227,0.9977831881086622,7.368016401845207e-07,0.0
LSC-CP-RA,"LSC-CP-RA (A=4), tamed",98886f115ea6a7a4c556fecc8bb0d7f3,8da7d73e85753d4e79f54062070fbc7b,True,2,3902,19.51,3365855676.32986,420731.9595412325,3902.0,499456.0,0.2133423887288995,0.0008852590946848427,0.00043419258144794526,0.02544068343023448,0.01763460238520975,0.030858545754013974,0.4895,0.010500000000000037,0.018096391220523155,0.0035341217583518825,0.00038054020728379664,0.16925780526861034,True,1.0,reject,pre_step,drift_diffusion_then_jump,iid_bank,4,every_step,True,0.0004416666666666668,0.005112500000000001,3934.9667162158703,155734,0.0004664274730907227,0.9977831881086622,7.368016401845207e-07,0.0
LSC-CP-RA,"LSC-CP-RA (A=4), tamed",98886f115ea6a7a4c556fecc8bb0d7f3,8da7d73e85753d4e79f54062070fbc7b,True,3,3902,19.51,3365855676.32986,420731.9595412325,3902.0,499456.0,0.10664777667246976,0.0003683038918304016,-8.097692935760126e-05,0.03155038386418102,0.018672237261938535,0.02391415211712699,0.504,0.0040000000000000036,0.0033657427454086572,0.0259955462697804,0.00649052448674825,0.018029714037074873,True,1.0,reject,pre_step,drift_diffusion_then_jump,iid_bank,4,every_step,True,0.0004416666666666668,0.005112500000000001,3934.9667162158703,155734,0.0004664274730907227,0.9977831881086622,7.368016401845207e-07,0.0
LSC-CP-RA,"LSC-CP-RA (A=4), tamed",98886f115ea6a7a4c556fecc8bb0d7f3,8da7d73e85753d4e79f54062070fbc7b,True,0,3931,19.655,3390871005.549124,423858.8756936405,3931.0,503168.0,0.22665626851589776,0.0010188798391144172,0.0005675176910189261,0.030632718471672093,0.021380571932703915,0.03779008243640102,0.4885,0.011500000000000038,0.02558959780551356,0.00924058940205208,0.04707939596070549,0.23426520997566247,True,1.0,reject,pre_step,drift_diffusion_then_jump,iid_bank,4,every_step,True,0.0004784482758620691,0.005047413793103449,3877.504547369143,156905,0.0004665161536504706,0.9978694988552531,7.313660646146018e-07,0.0
LSC-CP-RA,"LSC-CP-RA (A=4), tamed",98886f115ea6a7a4c556fecc8bb0d7f3,8da7d73e85753d4e79f54062070fbc7b,True,1,3931,19.655,3390871005.549124,423858.8756936405,3931.0,503168.0,0.160743989137345,0.000326126564206608,-0.00012556768666271978,0.03457742619406998,0.015311884591972955,0.021651813340869026,0.501,0.0010000000000000009,0.002554808886275224,0.00993515270591716,0.019583130792486223,0.252860797157452,True,1.0,reject,pre_step,drift_diffusion_then_jump,iid_bank,4,every_step,True,0.0004784482758620691,0.005047413793103449,3877.504547369143,156905,0.0004665161536504706,0.9978694988552531,7.313660646146018e-07,0.0
LSC-CP-RA,"LSC-CP-RA (A=4), tamed",98886f115ea6a7a4c556fecc8bb0d7f3,8da7d73e85753d4e79f54062070fbc7b,True,2,3931,19.655,3390871005.549124,423858.8756936405,3931.0,503168.0,0.23556575597313198,0.0013884237428404278,0.0009380556387226235,0.03896425920386412,0.026985322144662524,0.04430287107890937,0.4845,0.015499999999999986,0.03441252802140191,0.006650868961472489,0.06968937081825397,0.13124494315640256,True,1.0,reject,pre_step,drift_diffusion_then_jump,iid_bank,4,every_step,True,0.0004784482758620691,0.005047413793103449,3877.504547369143,156905,0.0004665161536504706,0.9978694988552531,7.313660646146018e-07,0.0
LSC-CP-RA,"LSC-CP-RA (A=4), tamed",98886f115ea6a7a4c556fecc8bb0d7f3,8da7d73e85753d4e79f54062070fbc7b,True,3,3931,19.655,3390871005.549124,423858.8756936405,3931.0,503168.0,0.1321969674458212,0.0003808430388163586,-6.898494404694588e-05,0.043680494940738196,0.02090010181222673,0.028524978614323543,0.5035000000000001,0.003500000000000031,0.0056403252804381855,0.014250623780854843,0.013935627839234521,0.13859979963250824,True,1.0,reject,pre_step,drift_diffusion_then_jump,iid_bank,4,every_step,True,0.0004784482758620691,0.005047413793103449,3877.504547369143,156905,0.0004665161536504706,0.9978694988552531,7.313660646146018e-07,0.0
LSC-CP-RA,"LSC-CP-RA (A=4), tamed",98886f115ea6a7a4c556fecc8bb0d7f3,8da7d73e85753d4e79f54062070fbc7b,True,0,3961,19.805,3416748932.327672,427093.616540959,3961.0,507008.0,0.17959135165672768,0.0006758990205076865,0.00022588869270501188,0.03560371350316538,0.020075789294801884,0.02880860219562579,0.494,0.006000000000000005,0.007903421115257856,0.015966234398556378,0.022923371276816703,0.06337222089166705,True,1.0,reject,pre_step,drift_diffusion_then_jump,iid_bank,4,every_step,True,0.0004458333333333335,0.0052333333333333355,4151.031014644538,158161,0.0004663595051754607,0.9982390810401414,7.258268114112598e-07,0.0
LSC-CP-RA,"LSC-CP-RA (A=4), tamed",98886f115ea6a7a4c556fecc8bb0d7f3,8da7d73e85753d4e79f54062070fbc7b,True,1,3961,19.805,3416748932.327672,427093.616540959,3961.0,507008.0,0.1313911735555199,0.00048459474023132554,3.5183948271955146e-05,0.037055418246831145,0.023157815917382973,0.029550802447762127,0.503,0.0030000000000000027,0.0049840125216528055,0.02282098449748715,0.024806192910081088,0.09432257803140176,True,1.0,reject,pre_step,drift_diffusion_then_jump,iid_bank,4,every_step,True,0.0004458333333333335,0.0052333333333333355,4151.031014644538,158161,0.0004663595051754607,0.9982390810401414,7.258268114112598e-07,0.0
LSC-CP-RA,"LSC-CP-RA (A=4), tamed",98886f115ea6a7a4c556fecc8bb0d7f3,8da7d73e85753d4e79f54062070fbc7b,True,2,3961,19.805,3416748932.327672,427093.616540959,3961.0,507008.0,0.2170259496458497,0.001123150985526733,0.0006731151193893892,0.031025322402536415,0.022140686926338086,0.036789340173761474,0.487,0.013000000000000012,0.02015312024876472,0.011276328373467925,0.005426864855133237,0.09646543841537103,True,1.0,reject,pre_step,drift_diffusion_then_jump,iid_bank,4,every_step,True,0.0004458333333333335,0.0052333333333333355,4151.031014644538,158161,0.0004663595051754607,0.9982390810401414,7.258268114112598e-07,0.0
LSC-CP-RA,"LSC-CP-RA (A=4), tamed",98886f115ea6a7a4c556fecc8bb0d7f3,8da7d73e85753d4e79f54062070fbc7b,True,3,3961,19.805,3416748932.327672,427093.616540959,3961.0,507008.0,0.08640330883079628,8.05316367894493e-05,-0.00037068784562799273,0.03578011281927462,0.021201652971104188,0.03487309678399571,0.512,0.01200000000000001,0.02779108108514995,0.003345768184210174,0.049432138917625774,0.1518773774695893,True,1.0,reject,pre_step,drift_diffusion_then_jump,iid_bank,4,every_step,True,0.0004458333333333335,0.0052333333333333355,4151.031014644538,158161,0.0004663595051754607,0.9982390810401414,7.258268114112598e-07,0.0
LSC-CP-RA,"LSC-CP-RA (A=4), tamed",98886f115ea6a7a4c556fecc8bb0d7f3,8da7d73e85753d4e79f54062070fbc7b,True,0,3991,19.955000000000002,3442626859.1062202,430328.35738827754,3991.0,510848.0,0.1907362015569138,0.0009202246672619374,0.00047070849636954293,0.03885296078525291,0.023460590789063658,0.03452474711025698,0.4915,0.008500000000000035,0.013854920309228505,0.021391051370470593,0.011135798436521767,0.049165055876777664,True,1.0,reject,pre_step,drift_diffusion_then_jump,iid_bank,4,every_step,True,0.0005125000000000003,0.0049250000000000006,3336.599249236938,159343,0.0004667063392633425,0.9981395640190428,7.20370834377349e-07,0.0
LSC-CP-RA,"LSC-CP-RA (A=4), tamed",98886f115ea6a7a4c556fecc8bb0d7f3,8da7d73e85753d4e79f54062070fbc7b,True,1,3991,19.955000000000002,3442626859.1062202,430328.35738827754,3991.0,510848.0,0.1183058061737511,0.00022852511826754185,-0.0002223588218861483,0.039415155397415136,0.024430770105324545,0.04189628780086001,0.513,0.013000000000000012,0.023603533946676972,0.0026525210984532643,0.01912232106395721,0.2800714400914567,True,1.0,reject,pre_step,drift_diffusion_then_jump,iid_bank,4,every_step,True,0.0005125000000000003,0.0049250000000000006,3336.599249236938,159343,0.0004667063392633425,0.9981395640190428,7.20370834377349e-07,0.0
LSC-CP-RA,"LSC-CP-RA (A=4), tamed",98886f115ea6a7a4c556fecc8bb0d7f3,8da7d73e85753d4e79f54062070fbc7b,True,2,3991,19.955000000000002,3442626859.1062202,430328.35738827754,3991.0,510848.0,0.21850137324033994,0.001027684048689359,0.0005763767587836366,0.03858594764470963,0.021032906200629035,0.036320341222284114,0.491,0.009000000000000008,0.01216419206548321,0.009414747031673665,0.06028439073619488,0.3290035249564135,True,1.0,reject,pre_step,drift_diffusion_then_jump,iid_bank,4,every_step,True,0.0005125000000000003,0.0049250000000000006,3336.599249236938,159343,0.0004667063392633425,0.9981395640190428,7.20370834377349e-07,0.0
LSC-CP-RA,"LSC-CP-RA (A=4), tamed",98886f115ea6a7a4c556fecc8bb0d7f3,8da7d73e85753d4e79f54062070fbc7b,True,3,3991,19.955000000000002,3442626859.1062202,430328.35738827754,3991.0,510848.0,0.09136109595048218,0.00014111043701414694,-0.00030969283402582093,0.029492377814838017,0.02292302166628868,0.0393436900394371,0.5125,0.012499999999999983,0.023350463064824276,0.003136593827532508,0.03775865539684396,0.12940610361789384,True,1.0,reject,pre_step,drift_diffusion_then_jump,iid_bank,4,every_step,True,0.0005125000000000003,0.0049250000000000006,3336.599249236938,159343,0.0004667063392633425,0.9981395640190428,7.20370834377349e-07,0.0
LSC-CP-RA,"LSC-CP-RA (A=4), tamed",98886f115ea6a7a4c556fecc8bb0d7f3,8da7d73e85753d4e79f54062070fbc7b,True,0,4020,20.1,3467642188.325484,433455.2735406855,4020.0,514560.0,0.21266128859917446,0.0010795386007775853,0.0006294252215603979,0.03027266079662777,0.021817453172557438,0.036002453356090355,0.489,0.01100000000000001,0.01633528028114969,0.008961699105433985,0.022029833439480867,0.1540776318237106,True,1.0,reject,pre_step,drift_diffusion_then_jump,iid_bank,4,every_step,True,0.00048275862068965534,0.005073275862068967,4204.9601870810575,160520,0.0004668221393034826,0.9982587064676617,7.151741293532338e-07,0.0
LSC-CP-RA,"LSC-CP-RA (A=4), tamed",98886f115ea6a7a4c556fecc8bb0d7f3,8da7d73e85753d4e79f54062070fbc7b,True,1,4020,20.1,3467642188.325484,433455.2735406855,4020.0,514560.0,0.1220377547696268,0.0003536372941425059,-9.530158792148136e-05,0.03857987126769147,0.03249360109468029,0.04979897074127929,0.52,0.020000000000000018,0.040037283434608203,0.025144999485582353,0.051775656197208725,0.006677603733741488,True,1.0,reject,pre_step,drift_diffusion_then_jump,iid_bank,4,every_step,True,0.00048275862068965534,0.005073275862068967,4204.9601870810575,160520,0.0004668221393034826,0.9982587064676617,7.151741293532338e-07,0.0
LSC-CP-RA,"LSC-CP-RA (A=4), tamed",98886f115ea6a7a4c556fecc8bb0d7f3,8da7d73e85753d4e79f54062070fbc7b,True,2,4020,20.1,3467642188.325484,433455.2735406855,4020.0,514560.0,0.23830214881094114,0.001578826195043348,0.001128966548001653,0.04241258433211981,0.028568095888106056,0.04590582087159077,0.4825,0.017499999999999988,0.03264329268645065,0.012444485892543766,0.03602016326348115,0.10051307739328263,True,1.0,reject,pre_step,drift_diffusion_then_jump,iid_bank,4,every_step,True,0.00048275862068965534,0.005073275862068967,4204.9601870810575,160520,0.0004668221393034826,0.9982587064676617,7.151741293532338e-07,0.0
LSC-CP-RA,"LSC-CP-RA (A=4), tamed",98886f115ea6a7a4c556fecc8bb0d7f3,8da7d73e85753d4e79f54062070fbc7b,True,3,4020,20.1,3467642188.325484,433455.2735406855,4020.0,514560.0,0.12193946634989086,0.00015308169970362773,-0.00029894294157284396,0.0283479542633433,0.018635446173094556,0.03480372586185371,0.5095000000000001,0.009500000000000036,0.02131070671608384,0.015732805072186773,0.09002898087463726,0.30094304714187115,True,1.0,reject,pre_step,drift_diffusion_then_jump,iid_bank,4,every_step,True,0.00048275862068965534,0.005073275862068967,4204.9601870810575,160520,0.0004668221393034826,0.9982587064676617,7.151741293532338e-07,0.0
LSC-CP-RA,"LSC-CP-RA (A=4), tamed",98886f115ea6a7a4c556fecc8bb0d7f3,8da7d73e85753d4e79f54062070fbc7b,True,0,4050,20.25,3493520115.104032,436690.014388004,4050.0,518400.0,0.20098372534769868,0.000888522612219167,0.0004382252248571472,0.03538543274296846,0.019134558462933535,0.030891427126384825,0.4895,0.010500000000000037,0.015524869322360746,0.009488389081107163,0.0018682637219830176,0.04940730372358637,True,1.0,reject,pre_step,drift_diffusion_then_jump,iid_bank,4,every_step,True,0.0004041666666666668,0.004841666666666668,4459.63223813373,161682,0.000466358024691358,0.9980370370370371,7.407407407407407e-07,0.0
LSC-CP-RA,"LSC-CP-RA (A=4), tamed",98886f115ea6a7a4c556fecc8bb0d7f3,8da7d73e85753d4e79f54062070fbc7b,True,1,4050,20.25,3493520115.104032,436690.014388004,4050.0,518400.0,0.17852905847335523,0.0003050195481594242,-0.0001470403351762073,0.03609708217331031,0.03336269546640221,0.05815704418888825,0.523,0.022999999999999993,0.04838749723165165,0.021984309609694774,0.10832398630836038,0.3545034247803892,True,1.0,reject,pre_step,drift_diffusion_then_jump,iid_bank,4,every_step,True,0.0004041666666666668,0.004841666666666668,4459.63223813373,161682,0.000466358024691358,0.9980370370370371,7.407407407407407e-07,0.0
LSC-CP-RA,"LSC-CP-RA (A=4), tamed",98886f115ea6a7a4c556fecc8bb0d7f3,8da7d73e85753d4e79f54062070fbc7b,True,2,4050,20.25,3493520115.104032,436690.014388004,4050.0,518400.0,0.26403402109639473,0.0020425036292633925,0.0015926570715334432,0.03713762841873894,0.03410065758161982,0.055208108897232065,0.47850000000000004,0.021499999999999964,0.04555914452375238,0.008492038595202867,0.07688831189978607,0.14908099438443723,True,1.0,reject,pre_step,drift_diffusion_then_jump,iid_bank,4,every_step,True,0.0004041666666666668,0.004841666666666668,4459.63223813373,161682,0.000466358024691358,0.9980370370370371,7.407407407407407e-07,0.0
LSC-CP-RA,"LSC-CP-RA (A=4), tamed",98886f115ea6a7a4c556fecc8bb0d7f3,8da7d73e85753d4e79f54062070fbc7b,True,3,4050,20.25,3493520115.104032,436690.014388004,4050.0,518400.0,0.2149207325978245,0.0008353462324545147,0.0003829356669136086,0.030309360926405793,0.018183332117073885,0.03378187542778931,0.4945,0.005500000000000033,0.010968807839122728,0.023732512498618297,0.039600892819331844,0.441749828735407,True,1.0,reject,pre_step,drift_diffusion_then_jump,iid_bank,4,every_step,True,0.0004041666666666668,0.004841666666666668,4459.63223813373,161682,0.000466358024691358,0.9980370370370371,7.407407407407407e-07,0.0
LSC-CP-RA,"LSC-CP-RA (A=4), tamed",98886f115ea6a7a4c556fecc8bb0d7f3,8da7d73e85753d4e79f54062070fbc7b,True,0,4080,20.400000000000002,3519398041.8825808,439924.7552353226,4080.0,522240.0,0.21907736887704926,0.0011323535265783669,0.0006820283257416015,0.03295375969160999,0.022778943475217757,0.03802032831918605,0.4875,0.012499999999999983,0.01812708669314601,0.005566652976514375,0.022482437386613333,0.17765493496204476,True,1.0,reject,pre_step,drift_diffusion_then_jump,iid_bank,4,every_step,True,0.00037916666666666676,0.004916666666666668,1659.5931524392593,162862,0.00046571691176470586,0.9979289215686274,7.352941176470589e-07,0.0
LSC-CP-RA,"LSC-CP-RA (A=4), tamed",98886f115ea6a7a4c556fecc8bb0d7f3,8da7d73e85753d4e79f54062070fbc7b,True,1,4080,20.400000000000002,3519398041.8825808,439924.7552353226,4080.0,522240.0,0.1576242238312228,0.0002754699595696186,-0.00017609631821302596,0.03873105172913072,0.029967318252052743,0.05045376612015944,0.52,0.020000000000000018,0.037520403046907326,0.013861759172429489,0.020845898792410025,0.3038861863650143,True,1.0,reject,pre_step,drift_diffusion_then_jump,iid_bank,4,every_step,True,0.00037916666666666676,0.004916666666666668,1659.5931524392593,162862,0.00046571691176470586,0.9979289215686274,7.352941176470589e-07,0.0
LSC-CP-RA,"LSC-CP-RA (A=4), tamed",98886f115ea6a7a4c556fecc8bb0d7f3,8da7d73e85753d4e79f54062070fbc7b,True,2,4080,20.400000000000002,3519398041.8825808,439924.7552353226,4080.0,522240.0,0.2565896678540088,0.00154508670911635,0.0010933351879809372,0.0331106816389074,0.027133114843903884,0.04772208246374742,0.4825,0.017499999999999988,0.03652503839328014,0.017197925231151157,0.055430132869959556,0.31488012725732706,True,1.0,reject,pre_step,drift_diffusion_then_jump,iid_bank,4,every_step,True,0.00037916666666666676,0.004916666666666668,1659.5931524392593,162862,0.00046571691176470586,0.9979289215686274,7.352941176470589e-07,0.0
LSC-CP-RA,"LSC-CP-RA (A=4), tamed",98886f115ea6a7a4c556fecc8bb0d7f3,8da7d73e85753d4e79f54062070fbc7b,True,3,4080,20.400000000000002,3519398041.8825808,439924.7552353226,4080.0,522240.0,0.1980464542633555,0.000822835613259687,0.0003729136441735781,0.04182949210904002,0.022328080056612208,0.0333307839189321,0.492,0.008000000000000007,0.022434659159957362,0.012523774044427838,0.08813370589839264,0.13569610059049697,True,1.0,reject,pre_step,drift_diffusion_then_jump,iid_bank,4,every_step,True,0.00037916666666666676,0.004916666666666668,1659.5931524392593,162862,0.00046571691176470586,0.9979289215686274,7.352941176470589e-07,0.0
LSC-CP-RA,"LSC-CP-RA (A=4), tamed",98886f115ea6a7a4c556fecc8bb0d7f3,8da7d73e85753d4e79f54062070fbc7b,True,0,4109,20.545,3544413371.101844,443051.67138773046,4109.0,525952.0,0.18185411588068073,0.000715367549286583,0.0002649660578102342,0.030813520258782562,0.016936356963147468,0.026090598764768512,0.494,0.006000000000000005,0.011442955363014656,0.008434316434826727,0.0042554001529943875,0.0888203215324449,True,1.0,reject,pre_step,drift_diffusion_then_jump,iid_bank,4,every_step,True,0.00048275862068965534,0.004969827586206898,4297.841696749179,164015,0.00046583718666342173,0.9979009491360429,7.301046483329277e-07,0.0
LSC-CP-RA,"LSC-CP-RA (A=4), tamed",98886f115ea6a7a4c556fecc8bb0d7f3,8da7d73e85753d4e79f54062070fbc7b,True,1,4109,20.545,3544413371.101844,443051.67138773046,4109.0,525952.0,0.13080023846162647,0.00029549812823992383,-0.0001545742756229318,0.046880987971306465,0.03137354721384019,0.05042282604418476,0.5185,0.01849999999999999,0.0367588097063216,0.0070712744288157214,0.02769485218715636,0.16639941877585873,True,1.0,reject,pre_step,drift_diffusion_then_jump,iid_bank,4,every_step,True,0.00048275862068965534,0.004969827586206898,4297.841696749179,164015,0.00046583718666342173,0.9979009491360429,7.301046483329277e-07,0.0
LSC-CP-RA,"LSC-CP-RA (A=4), tamed",98886f115ea6a7a4c556fecc8bb0d7f3,8da7d73e85753d4e79f54062070fbc7b,True,2,4109,20.545,3544413371.101844,443051.67138773046,4109.0,525952.0,0.2119589149243371,0.0007991900228744298,0.0003466130722777905,0.025654658543729114,0.017536316533248112,0.033886819418003936,0.491,0.009000000000000008,0.015211557280108692,0.017826498438081928,0.00707324639820708,0.2580696918407158,True,1.0,reject,pre_step,drift_diffusion_then_jump,iid_bank,4,every_step,True,0.00048275862068965534,0.004969827586206898,4297.841696749179,164015,0.00046583718666342173,0.9979009491360429,7.301046483329277e-07,0.0
LSC-CP-RA,"LSC-CP-RA (A=4), tamed",98886f115ea6a7a4c556fecc8bb0d7f3,8da7d73e85753d4e79f54062070fbc7b,True,3,4109,20.545,3544413371.101844,443051.67138773046,4109.0,525952.0,0.18546471315790994,0.0007002574971906039,0.0002496426246630934,0.03814294688949116,0.019942404818662326,0.02984708028415585,0.4955,0.004500000000000032,0.008089799041327152,0.00406053946688556,0.00038499833256409893,0.2088412075062186,True,1.0,reject,pre_step,drift_diffusion_then_jump,iid_bank,4,every_step,True,0.00048275862068965534,0.004969827586206898,4297.841696749179,164015,0.00046583718666342173,0.9979009491360429,7.301046483329277e-07,0.0
LSC-CP-RA,"LSC-CP-RA (A=4), tamed",98886f115ea6a7a4c556fecc8bb0d7f3,8da7d73e85753d4e79f54062070fbc7b,True,0,4139,20.695,3570291297.8803926,446286.41223504907,4139.0,529792.0,0.1930821740824534,0.0005824165306715923,0.00013092643068002285,0.034151909342174935,0.017383181896312463,0.028326229252589694,0.4965,0.003500000000000031,0.005566893009572163,0.010520317469603024,0.023943286737616646,0.31998234716912266,True,1.0,reject,pre_step,drift_diffusion_then_jump,iid_bank,4,every_step,True,0.0005083333333333335,0.004750000000000001,3677.2170472412663,165155,0.00046614520415559315,0.9975537569461222,7.24812756704518e-07,0.0
LSC-CP-RA,"LSC-CP-RA (A=4), tamed",98886f115ea6a7a4c556fecc8bb0d7f3,8da7d73e85753d4e79f54062070fbc7b,True,1,4139,20.695,3570291297.8803926,446286.41223504907,4139.0,529792.0,0.07739006165847227,0.000153187219371409,-0.0002967542002320078,0.03190398168768005,0.023278612130558225,0.037279099292519935,0.513,0.013000000000000012,0.026346053989519787,0.013524874463758385,0.03306940025388604,0.05769279048647713,True,1.0,reject,pre_step,drift_diffusion_then_jump,iid_bank,4,every_step,True,0.0005083333333333335,0.004750000000000001,3677.2170472412663,165155,0.00046614520415559315,0.9975537569461222,7.24812756704518e-07,0.0
LSC-CP-RA,"LSC-CP-RA (A=4), tamed",98886f115ea6a7a4c556fecc8bb0d7f3,8da7d73e85753d4e79f54062070fbc7b,True,2,4139,20.695,3570291297.8803926,446286.41223504907,4139.0,529792.0,0.21509931309034314,0.0008860338909604248,0.0004343431070629178,0.027742586848567674,0.018347679212507368,0.03325511802383748,0.4905,0.009500000000000036,0.018277298836310813,0.011745179194486366,0.003058478088029028,0.25443070399632794,True,1.0,reject,pre_step,drift_diffusion_then_jump,iid_bank,4,every_step,True,0.0005083333333333335,0.004750000000000001,3677.2170472412663,165155,0.00046614520415559315,0.9975537569461222,7.24812756704518e-07,0.0
LSC-CP-RA,"LSC-CP-RA (A=4), tamed",98886f115ea6a7a4c556fecc8bb0d7f3,8da7d73e85753d4e79f54062070fbc7b,True,3,4139,20.695,3570291297.8803926,446286.41223504907,4139.0,529792.0,0.1909495118292731,0.0006521732158798477,0.00020137307869849685,0.030320691286775447,0.016758946084505927,0.02689891948688401,0.494,0.006000000000000005,0.015181791435812254,0.0017854650972134456,0.045407729413330405,0.16347627874214432,True,1.0,reject,pre_step,drift_diffusion_then_jump,iid_bank,4,every_step,True,0.0005083333333333335,0.004750000000000001,3677.2170472412663,165155,0.00046614520415559315,0.9975537569461222,7.24812756704518e-07,0.0
LSC-CP-RA,"LSC-CP-RA (A=4), tamed",98886f115ea6a7a4c556fecc8bb0d7f3,8da7d73e85753d4e79f54062070fbc7b,True,0,4169,20.845,3596169224.658941,449521.1530823676,4169.0,533632.0,0.16444415939052862,0.0003973698134105419,-5.312880868901804e-05,0.03257152709277933,0.01573356373266277,0.022121100697512074,0.498,0.0020000000000000018,0.0031701232503562222,0.005893097989399965,0.05841421490598835,0.16567397203620227,True,1.0,reject,pre_step,drift_diffusion_then_jump,iid_bank,4,every_step,True,0.0005375000000000002,0.0051083333333333345,3189.6721130280575,166381,0.0004666586711441593,0.9977272727272727,7.195970256656273e-07,0.0
LSC-CP-RA,"LSC-CP-RA (A=4), tamed",98886f115ea6a7a4c556fecc8bb0d7f3,8da7d73e85753d4e79f54062070fbc7b,True,1,4169,20.845,3596169224.658941,449521.1530823676,4169.0,533632.0,0.09994981741621499,0.00012604488259426727,-0.00032439391381244853,0.030671811088985312,0.023536779005270538,0.03947501850727811,0.514,0.014000000000000012,0.027718446775367816,0.003279035974827038,0.010729208514630554,0.1390977436089943,True,1.0,reject,pre_step,drift_diffusion_then_jump,iid_bank,4,every_step,True,0.0005375000000000002,0.0051083333333333345,3189.6721130280575,166381,0.0004666586711441593,0.9977272727272727,7.195970256656273e-07,0.0
LSC-CP-RA,"LSC-CP-RA (A=4), tamed",98886f115ea6a7a4c556fecc8bb0d7f3,8da7d73e85753d4e79f54062070fbc7b,True,2,4169,20.845,3596169224.658941,449521.1530823676,4169.0,533632.0,0.13436311728344016,0.00032330901058175154,-0.0001275280042050131,0.04783166895895463,0.0209941736623718,0.028128436116941644,0.5035000000000001,0.003500000000000031,0.013236685431823918,0.005514592711036492,0.037326168530168666,0.156602576049658,True,1.0,reject,pre_step,drift_diffusion_then_jump,iid_bank,4,every_step,True,0.0005375000000000002,0.0051083333333333345,3189.6721130280575,166381,0.0004666586711441593,0.9977272727272727,7.195970256656273e-07,0.0
LSC-CP-RA,"LSC-CP-RA (A=4), tamed",98886f115ea6a7a4c556fecc8bb0d7f3,8da7d73e85753d4e79f54062070fbc7b,True,3,4169,20.845,3596169224.658941,449521.1530823676,4169.0,533632.0,0.2092037811405135,0.001026246904202388,0.0005759404995011597,0.032114000826012234,0.020475459757844237,0.03313998101356572,0.4875,0.012499999999999983,0.022598896027705966,0.00907452385741403,0.03500538368064631,0.09037134761625032,True,1.0,reject,pre_step,drift_diffusion_then_jump,iid_bank,4,every_step,True,0.0005375000000000002,0.0051083333333333345,3189.6721130280575,166381,0.0004666586711441593,0.9977272727272727,7.195970256656273e-07,0.0
LSC-CP-RA,"LSC-CP-RA (A=4), tamed",98886f115ea6a7a4c556fecc8bb0d7f3,8da7d73e85753d4e79f54062070fbc7b,True,0,4198,20.990000000000002,3621184553.8782043,452648.06923477555,4198.0,537344.0,0.13943119834525802,0.00021774634521198877,-0.00023326519134447832,0.03404935530451736,0.016650521511034185,0.02495052268052646,0.5035000000000001,0.003500000000000031,0.010299946296929052,0.0010513954954344262,0.024135035476094295,0.175468278599192,True,1.0,reject,pre_step,drift_diffusion_then_jump,iid_bank,4,every_step,True,0.00044827586206896573,0.004784482758620692,841.7782601608014,167491,0.0004665316817532158,0.997445212005717,7.146260123868509e-07,0.0
LSC-CP-RA,"LSC-CP-RA (A=4), tamed",98886f115ea6a7a4c556fecc8bb0d7f3,8da7d73e85753d4e79f54062070fbc7b,True,1,4198,20.990000000000002,3621184553.8782043,452648.06923477555,4198.0,537344.0,0.1154704464103192,0.0001581884650333487,-0.0002929875183137476,0.026931423390274434,0.019833663484604098,0.0351736721669786,0.509,0.009000000000000008,0.019416236802827704,0.005791911503552405,0.04178883893820608,0.246870999589489,True,1.0,reject,pre_step,drift_diffusion_then_jump,iid_bank,4,every_step,True,0.00044827586206896573,0.004784482758620692,841.7782601608014,167491,0.0004665316817532158,0.997445212005717,7.146260123868509e-07,0.0
LSC-CP-RA,"LSC-CP-RA (A=4), tamed",98886f115ea6a7a4c556fecc8bb0d7f3,8da7d73e85753d4e79f54062070fbc7b,True,2,4198,20.990000000000002,3621184553.8782043,452648.06923477555,4198.0,537344.0,0.16427248070492165,0.0004800080865313694,2.945271881660272e-05,0.02428820869536691,0.013405758243384311,0.01961846536049082,0.4975,0.00250000000000003,0.004331036396926745,0.005746472421430671,0.011715383463220005,0.11656874224483682,True,1.0,reject,pre_step,drift_diffusion_then_jump,iid_bank,4,every_step,True,0.00044827586206896573,0.004784482758620692,841.7782601608014,167491,0.0004665316817532158,0.997445212005717,7.146260123868509e-07,0.0
LSC-CP-RA,"LSC-CP-RA (A=4), tamed",98886f115ea6a7a4c556fecc8bb0d7f3,8da7d73e85753d4e79f54062070fbc7b,True,3,4198,20.990000000000002,3621184553.8782043,452648.06923477555,4198.0,537344.0,0.27028104039460604,0.0016886318800993783,0.0012368565627007833,0.031681994109070466,0.0286649780765296,0.05130535848095885,0.481,0.019000000000000017,0.0379553919330355,0.0208526634710392,0.06284961139259662,0.43643947070603695,True,1.0,reject,pre_step,drift_diffusion_then_jump,iid_bank,4,every_step,True,0.00044827586206896573,0.004784482758620692,841.7782601608014,167491,0.0004665316817532158,0.997445212005717,7.146260123868509e-07,0.0
LSC-CP-RA,"LSC-CP-RA (A=4), tamed",98886f115ea6a7a4c556fecc8bb0d7f3,8da7d73e85753d4e79f54062070fbc7b,True,0,4228,21.14,3647062480.6567526,455882.81008209405,4228.0,541184.0,0.13709559968369245,0.0004391968644408273,-1.0213836058037273e-05,0.03616928505855416,0.01825045716041437,0.019808373576113758,0.5005000000000001,0.0005000000000000282,0.0029881358057256726,0.022384669414863723,0.010588478549046638,0.0279521197506577,True,1.0,reject,pre_step,drift_diffusion_then_jump,iid_bank,4,every_step,True,0.00042083333333333355,0.0049250000000000006,2320.8849535142435,168673,0.000466207426679281,0.9973569063386944,7.095553453169347e-07,0.0
LSC-CP-RA,"LSC-CP-RA (A=4), tamed",98886f115ea6a7a4c556fecc8bb0d7f3,8da7d73e85753d4e79f54062070fbc7b,True,1,4228,21.14,3647062480.6567526,455882.81008209405,4228.0,541184.0,0.12173566584854156,0.0002327028614979021,-0.00021773614283226994,0.028305082004196624,0.01680012217490129,0.024356165989379126,0.504,0.0040000000000000036,0.00734623198685526,0.008724445848322437,0.003942355177689684,0.09177824962731418,True,1.0,reject,pre_step,drift_diffusion_then_jump,iid_bank,4,every_step,True,0.00042083333333333355,0.0049250000000000006,2320.8849535142435,168673,0.000466207426679281,0.9973569063386944,7.095553453169347e-07,0.0
LSC-CP-RA,"LSC-CP-RA (A=4), tamed",98886f115ea6a7a4c556fecc8bb0d7f3,8da7d73e85753d4e79f54062070fbc7b,True,2,4228,21.14,3647062480.6567526,455882.81008209405,4228.0,541184.0,0.12624555108494676,0.00016637558592191848,-0.0002846540024964428,0.03597018194578838,0.018216725048130458,0.030030977413539932,0.5065000000000001,0.0065000000000000335,0.014456601424032874,0.004171286588177225,0.00024872527743839484,0.2414809706425164,True,1.0,reject,pre_step,drift_diffusion_then_jump,iid_bank,4,every_step,True,0.00042083333333333355,0.0049250000000000006,2320.8849535142435,168673,0.000466207426679281,0.9973569063386944,7.095553453169347e-07,0.0
LSC-CP-RA,"LSC-CP-RA (A=4), tamed",98886f115ea6a7a4c556fecc8bb0d7f3,8da7d73e85753d4e79f54062070fbc7b,True,3,4228,21.14,3647062480.6567526,455882.81008209405,4228.0,541184.0,0.2542642909729705,0.0015838068301260444,0.0011330834993468208,0.03177880389301302,0.027685016775504764,0.04863140916626199,0.4815,0.01849999999999999,0.027733989471602296,0.0019925684754347195,0.020870364413473917,0.23725506624446246,True,1.0,reject,pre_step,drift_diffusion_then_jump,iid_bank,4,every_step,True,0.00042083333333333355,0.0049250000000000006,2320.8849535142435,168673,0.000466207426679281,0.9973569063386944,7.095553453169347e-07,0.0
LSC-CP-RA,"LSC-CP-RA (A=4), tamed",98886f115ea6a7a4c556fecc8bb0d7f3,8da7d73e85753d4e79f54062070fbc7b,True,0,4258,21.29,3672940407.435301,459117.5509294126,4258.0,545024.0,0.09666613973081699,0.0002819863592145033,-0.00016734795708384098,0.0440060853554749,0.030183138681983072,0.045139692384061576,0.5165,0.016499999999999987,0.0348956845494275,0.021281810266188028,0.019640500041344683,0.00442276625121496,True,1.0,reject,pre_step,drift_diffusion_then_jump,iid_bank,4,every_step,True,0.0004458333333333335,0.004975,4673.910260888332,169867,0.0004660638797557539,0.9973403006106153,7.045561296383278e-07,0.0
LSC-CP-RA,"LSC-CP-RA (A=4), tamed",98886f115ea6a7a4c556fecc8bb0d7f3,8da7d73e85753d4e79f54062070fbc7b,True,1,4258,21.29,3672940407.435301,459117.5509294126,4258.0,545024.0,0.13481916024725832,0.0002636319469414561,-0.0001872783671832412,0.026610935017181064,0.01658941968336792,0.026504486276203155,0.5045000000000001,0.004500000000000032,0.006439484844013263,0.0013159066257929508,0.004894879364906957,0.22470496287457242,True,1.0,reject,pre_step,drift_diffusion_then_jump,iid_bank,4,every_step,True,0.0004458333333333335,0.004975,4673.910260888332,169867,0.0004660638797557539,0.9973403006106153,7.045561296383278e-07,0.0
LSC-CP-RA,"LSC-CP-RA (A=4), tamed",98886f115ea6a7a4c556fecc8bb0d7f3,8da7d73e85753d4e79f54062070fbc7b,True,2,4258,21.29,3672940407.435301,459117.5509294126,4258.0,545024.0,0.15144669130318889,0.00026856129456009903,-0.00018265476130197023,0.028538550039079014,0.0152076852195192,0.022124174031731,0.5015000000000001,0.001500000000000029,0.005923793871425676,0.004074880020026983,0.00769429661016995,0.2046033765247698,True,1.0,reject,pre_step,drift_diffusion_then_jump,iid_bank,4,every_step,True,0.0004458333333333335,0.004975,4673.910260888332,169867,0.0004660638797557539,0.9973403006106153,7.045561296383278e-07,0.0
LSC-CP-RA,"LSC-CP-RA (A=4), tamed",98886f115ea6a7a4c556fecc8bb0d7f3,8da7d73e85753d4e79f54062070fbc7b,True,3,4258,21.29,3672940407.435301,459117.5509294126,4258.0,545024.0,0.19261855210189271,0.000715496057938414,0.0002650786722013798,0.030392700622774216,0.019604763046822567,0.03122295323293642,0.4935,0.0065000000000000335,0.014934305074074708,0.007481550832011075,0.04977964831812306,0.16097408745682473,True,1.0,reject,pre_step,drift_diffusion_then_jump,iid_bank,4,every_step,True,0.0004458333333333335,0.004975,4673.910260888332,169867,0.0004660638797557539,0.9973403006106153,7.045561296383278e-07,0.0
LSC-CP-RA,"LSC-CP-RA (A=4), tamed",98886f115ea6a7a4c556fecc8bb0d7f3,8da7d73e85753d4e79f54062070fbc7b,True,0,4288,21.44,3698818334.2138495,462352.2917767312,4288.0,548864.0,0.17231847178139492,0.0003888733691358448,-6.203224669010243e-05,0.034835468370040146,0.032986862289025545,0.057016937294548875,0.5225,0.022499999999999964,0.03914655280896176,0.006555501580926548,0.029078577384170103,0.3090417383780818,True,1.0,reject,pre_step,drift_diffusion_then_jump,iid_bank,4,every_step,True,0.0004916666666666668,0.004933333333333334,3717.951598406169,171051,0.0004662430037313433,0.997265625,6.996268656716418e-07,0.0
LSC-CP-RA,"LSC-CP-RA (A=4), tamed",98886f115ea6a7a4c556fecc8bb0d7f3,8da7d73e85753d4e79f54062070fbc7b,True,1,4288,21.44,3698818334.2138495,462352.2917767312,4288.0,548864.0,0.15096703146150933,0.00024029910346023975,-0.00021124238162162357,0.023136456023354457,0.013320505645905005,0.02084072167594228,0.502,0.0020000000000000018,0.0038275871186657815,0.008300726293153704,0.01146399868133773,0.2150697007787058,True,1.0,reject,pre_step,drift_diffusion_then_jump,iid_bank,4,every_step,True,0.0004916666666666668,0.004933333333333334,3717.951598406169,171051,0.0004662430037313433,0.997265625,6.996268656716418e-07,0.0
LSC-CP-RA,"LSC-CP-RA (A=4), tamed",98886f115ea6a7a4c556fecc8bb0d7f3,8da7d73e85753d4e79f54062070fbc7b,True,2,4288,21.44,3698818334.2138495,462352.2917767312,4288.0,548864.0,0.10864747362360953,0.0001632487895959489,-0.00028741901303985795,0.02462041149792643,0.013149986054336257,0.020735329833039218,0.5055000000000001,0.005500000000000033,0.008827512462054344,0.00394487440348501,0.01905621102496398,0.08316170474792461,True,1.0,reject,pre_step,drift_diffusion_then_jump,iid_bank,4,every_step,True,0.0004916666666666668,0.004933333333333334,3717.951598406169,171051,0.0004662430037313433,0.997265625,6.996268656716418e-07,0.0
LSC-CP-RA,"LSC-CP-RA (A=4), tamed",98886f115ea6a7a4c556fecc8bb0d7f3,8da7d73e85753d4e79f54062070fbc7b,True,3,4288,21.44,3698818334.2138495,462352.2917767312,4288.0,548864.0,0.14085815806176902,0.00043252045426533936,-1.743563826339667e-05,0.037073512863989744,0.021181395911769586,0.027322258203318274,0.502,0.0020000000000000018,0.003549441880410219,0.01609109829226185,0.010272998105855073,0.09923777701100722,True,1.0,reject,pre_step,drift_diffusion_then_jump,iid_bank,4,every_step,True,0.0004916666666666668,0.004933333333333334,3717.951598406169,171051,0.0004662430037313433,0.997265625,6.996268656716418e-07,0.0
LSC-CP-RA,"LSC-CP-RA (A=4), tamed",98886f115ea6a7a4c556fecc8bb0d7f3,8da7d73e85753d4e79f54062070fbc7b,True,0,4317,21.585,3723833663.4331126,465479.2079291391,4317.0,552576.0,0.10403862660279405,8.815570412512574e-05,-0.0003630845538619143,0.026867909359582276,0.02241063852889393,0.037321427818278935,0.5145,0.014499999999999985,0.027655752349799792,0.00617468655495701,0.0007533994016742943,0.1684284944083615,True,1.0,reject,pre_step,drift_diffusion_then_jump,iid_bank,4,every_step,True,0.0004439655172413795,0.004987068965517242,2520.401773255889,172208,0.0004660933518647209,0.9972666203381978,6.949270326615706e-07,0.0
LSC-CP-RA,"LSC-CP-RA (A=4), tamed",98886f115ea6a7a4c556fecc8bb0d7f3,8da7d73e85753d4e79f54062070fbc7b,True,1,4317,21.585,3723833663.4331126,465479.2079291391,4317.0,552576.0,0.12424939262806747,0.00020435709884181197,-0.0002462888913723482,0.03355474655119983,0.01478108926172102,0.021549290533376328,0.5045000000000001,0.004500000000000032,0.01173111907180126,0.004010500685376561,0.037391156663259616,0.1238996365624746,True,1.0,reject,pre_step,drift_diffusion_then_jump,iid_bank,4,every_step,True,0.0004439655172413795,0.004987068965517242,2520.401773255889,172208,0.0004660933518647209,0.9972666203381978,6.949270326615706e-07,0.0
LSC-CP-RA,"LSC-CP-RA (A=4), tamed",98886f115ea6a7a4c556fecc8bb0d7f3,8da7d73e85753d4e79f54062070fbc7b,True,2,4317,21.585,3723833663.4331126,465479.2079291391,4317.0,552576.0,0.19833369662816722,0.00033762729683706194,-0.00011635483324268225,0.020112012883516245,0.011659764918626409,0.023328229580495907,0.499,0.0010000000000000009,0.0020875434367971114,0.04489031481687111,0.001107352919479816,0.5301048345516365,True,1.0,reject,pre_step,drift_diffusion_then_jump,iid_bank,4,every_step,True,0.0004439655172413795,0.004987068965517242,2520.401773255889,172208,0.0004660933518647209,0.9972666203381978,6.949270326615706e-07,0.0
LSC-CP-RA,"LSC-CP-RA (A=4), tamed",98886f115ea6a7a4c556fecc8bb0d7f3,8da7d73e85753d4e79f54062070fbc7b,True,3,4317,21.585,3723833663.4331126,465479.2079291391,4317.0,552576.0,0.1476778858489199,0.0002854262813392072,-0.00016587126221878634,0.033401916680630556,0.020623171353878974,0.03300473665828285,0.504,0.0040000000000000036,0.005944745124773411,0.004767393048628277,0.04000732089546979,0.27336761616934535,True,1.0,reject,pre_step,drift_diffusion_then_jump,iid_bank,4,every_step,True,0.0004439655172413795,0.004987068965517242,2520.401773255889,172208,0.0004660933518647209,0.9972666203381978,6.949270326615706e-07,0.0
LSC-CP-RA,"LSC-CP-RA (A=4), tamed",98886f115ea6a7a4c556fecc8bb0d7f3,8da7d73e85753d4e79f54062070fbc7b,True,0,4347,21.735,3749711590.2116613,468713.9487764577,4347.0,556416.0,0.12387109981361358,0.00017293872916523956,-0.00027880686225312257,0.02293230321331452,0.016352568898648907,0.03058330302428493,0.508,0.008000000000000007,0.017252048990804576,0.011127376695648339,0.04576167937024679,0.27570024663567183,True,1.0,reject,pre_step,drift_diffusion_then_jump,iid_bank,4,every_step,True,0.0005500000000000002,0.005000000000000001,2683.5795766906153,173408,0.0004666724177593743,0.997285484242006,6.901311249137336e-07,0.0
LSC-CP-RA,"LSC-CP-RA (A=4), tamed",98886f115ea6a7a4c556fecc8bb0d7f3,8da7d73e85753d4e79f54062070fbc7b,True,1,4347,21.735,3749711590.2116613,468713.9487764577,4347.0,556416.0,0.1845925962621153,0.0006129374304231217,0.00016210725846055318,0.022693463669406166,0.013448731125536701,0.022534057656946355,0.4925,0.007500000000000034,0.008380612030391177,0.002256362189480554,0.019558750118806353,0.09272474249587048,True,1.0,reject,pre_step,drift_diffusion_then_jump,iid_bank,4,every_step,True,0.0005500000000000002,0.005000000000000001,2683.5795766906153,173408,0.0004666724177593743,0.997285484242006,6.901311249137336e-07,0.0
LSC-CP-RA,"LSC-CP-RA (A=4), tamed",98886f115ea6a7a4c556fecc8bb0d7f3,8da7d73e85753d4e79f54062070fbc7b,True,2,4347,21.735,3749711590.2116613,468713.9487764577,4347.0,556416.0,0.13767352547031794,0.0002863614089239075,-0.00016448391227064096,0.02687694859502268,0.015434814113443822,0.023979386789932722,0.504,0.0040000000000000036,0.006852307827765149,0.0004441999963898935,0.02650257303255555,0.20755978817816556,True,1.0,reject,pre_step,drift_diffusion_then_jump,iid_bank,4,every_step,True,0.0005500000000000002,0.005000000000000001,2683.5795766906153,173408,0.0004666724177593743,0.997285484242006,6.901311249137336e-07,0.0
LSC-CP-RA,"LSC-CP-RA (A=4), tamed",98886f115ea6a7a4c556fecc8bb0d7f3,8da7d73e85753d4e79f54062070fbc7b,True,3,4347,21.735,3749711590.2116613,468713.9487764577,4347.0,556416.0,0.0665473718400288,0.0001838804927186688,-0.0002656791398610858,0.03100195816245377,0.020988626195456522,0.03196724249286007,0.5095000000000001,0.009500000000000036,0.020293968318428127,0.019158465835266147,0.025230371850030225,0.02418479589773892,True,1.0,reject,pre_step,drift_diffusion_then_jump,iid_bank,4,every_step,True,0.0005500000000000002,0.005000000000000001,2683.5795766906153,173408,0.0004666724177593743,0.997285484242006,6.901311249137336e-07,0.0
LSC-CP-RA,"LSC-CP-RA (A=4), tamed",98886f115ea6a7a4c556fecc8bb0d7f3,8da7d73e85753d4e79f54062070fbc7b,True,0,4377,21.885,3775589516.9902096,471948.6896237762,4377.0,560256.0,0.12458605850599279,0.00014549931676721695,-0.0003063310638734551,0.0314026119125404,0.019166347273856566,0.03549017593233656,0.509,0.009000000000000008,0.016487090329769104,0.013725531300741278,0.017760318544272274,0.2969407795054534,True,1.0,reject,pre_step,drift_diffusion_then_jump,iid_bank,4,every_step,True,0.0005458333333333335,0.004816666666666668,1628.7087211407209,174564,0.00046721498743431577,0.9970527758738862,6.854009595613434e-07,0.0
LSC-CP-RA,"LSC-CP-RA (A=4), tamed",98886f115ea6a7a4c556fecc8bb0d7f3,8da7d73e85753d4e79f54062070fbc7b,True,1,4377,21.885,3775589516.9902096,471948.6896237762,4377.0,560256.0,0.15046184060355064,0.0003022830662455789,-0.00014842770997613997,0.02338502058139169,0.011127911719672376,0.014389315281724427,0.499,0.0010000000000000009,0.0016955122497736513,0.00367931350364048,0.005886412437791662,0.0656404608884803,True,1.0,reject,pre_step,drift_diffusion_then_jump,iid_bank,4,every_step,True,0.0005458333333333335,0.004816666666666668,1628.7087211407209,174564,0.00046721498743431577,0.9970527758738862,6.854009595613434e-07,0.0
LSC-CP-RA,"LSC-CP-RA (A=4), tamed",98886f115ea6a7a4c556fecc8bb0d7f3,8da7d73e85753d4e79f54062070fbc7b,True,2,4377,21.885,3775589516.9902096,471948.6896237762,4377.0,560256.0,0.10954081288744276,0.00011250913822447028,-0.0003385977154779507,0.0316069486719055,0.021473893095806842,0.038281972873348225,0.5125,0.012499999999999983,0.024355104524471486,0.006819414743687302,0.014230257783717653,0.24275203777156207,True,1.0,reject,pre_step,drift_diffusion_then_jump,iid_bank,4,every_step,True,0.0005458333333333335,0.004816666666666668,1628.7087211407209,174564,0.00046721498743431577,0.9970527758738862,6.854009595613434e-07,0.0
LSC-CP-RA,"LSC-CP-RA (A=4), tamed",98886f115ea6a7a4c556fecc8bb0d7f3,8da7d73e85753d4e79f54062070fbc7b,True,3,4377,21.885,3775589516.9902096,471948.6896237762,4377.0,560256.0,0.07938516200339454,0.00017206485589116305,-0.0002776188608225594,0.03890237023690701,0.02019988746028016,0.028741808771207668,0.5075000000000001,0.007500000000000034,0.019506858366020334,0.017990251502176036,0.03684646613988526,0.018198753411861168,True,1.0,reject,pre_step,drift_diffusion_then_jump,iid_bank,4,every_step,True,0.0005458333333333335,0.004816666666666668,1628.7087211407209,174564,0.00046721498743431577,0.9970527758738862,6.854009595613434e-07,0.0
LSC-CP-RA,"LSC-CP-RA (A=4), tamed",98886f115ea6a7a4c556fecc8bb0d7f3,8da7d73e85753d4e79f54062070fbc7b,True,0,4406,22.03,3800604846.209473,475075.6057761841,4406.0,563968.0,0.12112844146976186,0.00018351810785943723,-0.00026719638209105057,0.02675662553681546,0.01586252496410764,0.025329653785971358,0.505,0.0050000000000000044,0.011841813825381015,0.0021519374898052446,0.030420258535238966,0.14889716300364964,True,1.0,reject,pre_step,drift_diffusion_then_jump,iid_bank,4,every_step,True,0.00040948275862068983,0.005034482758620691,3412.2088133896004,175732,0.0004668349977303677,0.9971175669541534,6.808896958692692e-07,0.0
LSC-CP-RA,"LSC-CP-RA (A=4), tamed",98886f115ea6a7a4c556fecc8bb0d7f3,8da7d73e85753d4e79f54062070fbc7b,True,1,4406,22.03,3800604846.209473,475075.6057761841,4406.0,563968.0,0.16819115294433173,0.00036612329873175753,-8.562358428010342e-05,0.028944492660987642,0.013931533689184514,0.020895170545973434,0.5,0.0,0.00551599190134201,0.011817179441578785,0.04197943580340227,0.2900933176118107,True,1.0,reject,pre_step,drift_diffusion_then_jump,iid_bank,4,every_step,True,0.00040948275862068983,0.005034482758620691,3412.2088133896004,175732,0.0004668349977303677,0.9971175669541534,6.808896958692692e-07,0.0
LSC-CP-RA,"LSC-CP-RA (A=4), tamed",98886f115ea6a7a4c556fecc8bb0d7f3,8da7d73e85753d4e79f54062070fbc7b,True,2,4406,22.03,3800604846.209473,475075.6057761841,4406.0,563968.0,0.09350865944839488,0.0002826291908432088,-0.00016714514798232827,0.048349239041323155,0.02509201922033479,0.03823179963018339,0.51,0.010000000000000009,0.025155346667098014,0.014757912285391694,0.05541302971258536,0.13065740547655424,True,1.0,reject,pre_step,drift_diffusion_then_jump,iid_bank,4,every_step,True,0.00040948275862068983,0.005034482758620691,3412.2088133896004,175732,0.0004668349977303677,0.9971175669541534,6.808896958692692e-07,0.0
LSC-CP-RA,"LSC-CP-RA (A=4), tamed",98886f115ea6a7a4c556fecc8bb0d7f3,8da7d73e85753d4e79f54062070fbc7b,True,3,4406,22.03,3800604846.209473,475075.6057761841,4406.0,563968.0,0.15362682206253597,0.000414890989290706,-3.605157028041539e-05,0.030449868140405123,0.019358072070654934,0.030341054560734992,0.503,0.0030000000000000027,0.007974191848084684,0.0024628186884632086,0.05631885545100889,0.3017225034764045,True,1.0,reject,pre_step,drift_diffusion_then_jump,iid_bank,4,every_step,True,0.00040948275862068983,0.005034482758620691,3412.2088133896004,175732,0.0004668349977303677,0.9971175669541534,6.808896958692692e-07,0.0
LSC-CP-RA,"LSC-CP-RA (A=4), tamed",98886f115ea6a7a4c556fecc8bb0d7f3,8da7d73e85753d4e79f54062070fbc7b,True,0,4436,22.18,3826482772.9880214,478310.3466235027,4436.0,567808.0,0.11776614048133335,0.00013347530325158452,-0.0003179505917563219,0.02865079334288012,0.018265469468588584,0.03248898130977263,0.509,0.009000000000000008,0.011477943530540732,0.009579448646960254,0.028494762004469452,0.2640824447034712,True,1.0,reject,pre_step,drift_diffusion_then_jump,iid_bank,4,every_step,True,0.0005041666666666669,0.005020833333333335,1388.1364610205203,176937,0.0004670874661857529,0.9971652389540127,6.762849413886384e-07,0.0
LSC-CP-RA,"LSC-CP-RA (A=4), tamed",98886f115ea6a7a4c556fecc8bb0d7f3,8da7d73e85753d4e79f54062070fbc7b,True,1,4436,22.18,3826482772.9880214,478310.3466235027,4436.0,567808.0,0.19038273903270397,0.00045971279166612256,6.978876698982006e-06,0.03729871531126572,0.015647585488642736,0.024958866385027027,0.4965,0.003500000000000031,0.005343629614149248,0.024451760287660496,0.05397674819064463,0.36183245154996235,True,1.0,reject,pre_step,drift_diffusion_then_jump,iid_bank,4,every_step,True,0.0005041666666666669,0.005020833333333335,1388.1364610205203,176937,0.0004670874661857529,0.9971652389540127,6.762849413886384e-07,0.0
LSC-CP-RA,"LSC-CP-RA (A=4), tamed",98886f115ea6a7a4c556fecc8bb0d7f3,8da7d73e85753d4e79f54062070fbc7b,True,2,4436,22.18,3826482772.9880214,478310.3466235027,4436.0,567808.0,0.09199696623061689,0.00013097620986179948,-0.0003201749856138747,0.034789019130457954,0.021185159698579776,0.035310171587109467,0.5115000000000001,0.011500000000000038,0.026223320873284498,0.0013128507619888374,0.06946491392694415,0.17097480230461726,True,1.0,reject,pre_step,drift_diffusion_then_jump,iid_bank,4,every_step,True,0.0005041666666666669,0.005020833333333335,1388.1364610205203,176937,0.0004670874661857529,0.9971652389540127,6.762849413886384e-07,0.0
LSC-CP-RA,"LSC-CP-RA (A=4), tamed",98886f115ea6a7a4c556fecc8bb0d7f3,8da7d73e85753d4e79f54062070fbc7b,True,3,4436,22.18,3826482772.9880214,478310.3466235027,4436.0,567808.0,0.08002561418302373,0.00018380303910447982,-0.0002662463972082918,0.036794390452821624,0.020097499640091145,0.03039230860723706,0.509,0.009000000000000008,0.014641578896113158,0.014179598198357124,0.0013452506748422516,0.05127493418207563,True,1.0,reject,pre_step,drift_diffusion_then_jump,iid_bank,4,every_step,True,0.0005041666666666669,0.005020833333333335,1388.1364610205203,176937,0.0004670874661857529,0.9971652389540127,6.762849413886384e-07,0.0
LSC-CP-RA,"LSC-CP-RA (A=4), tamed",98886f115ea6a7a4c556fecc8bb0d7f3,8da7d73e85753d4e79f54062070fbc7b,True,0,4466,22.330000000000002,3852360699.7665696,481545.0874708212,4466.0,571648.0,0.12540771863841482,0.0001423120847424686,-0.00030894844653506226,0.029023953009669645,0.024901067625154493,0.043647118246889265,0.515,0.015000000000000013,0.03483014875996558,0.008910128213301616,0.10014794083030884,0.2798678342143822,True,1.0,reject,pre_step,drift_diffusion_then_jump,iid_bank,4,every_step,True,0.00040000000000000013,0.004758333333333335,4833.172077543701,178079,0.00046663681146439767,0.99685960591133,6.717420510523959e-07,0.0
LSC-CP-RA,"LSC-CP-RA (A=4), tamed",98886f115ea6a7a4c556fecc8bb0d7f3,8da7d73e85753d4e79f54062070fbc7b,True,1,4466,22.330000000000002,3852360699.7665696,481545.0874708212,4466.0,571648.0,0.18377194275958386,0.0006305332833415056,0.00017995600483289298,0.027111330518465926,0.017026381053576324,0.027086929300077035,0.495,0.0050000000000000044,0.006346754133995716,0.004647795190775406,0.005489201648715139,0.16384643934780774,True,1.0,reject,pre_step,drift_diffusion_then_jump,iid_bank,4,every_step,True,0.00040000000000000013,0.004758333333333335,4833.172077543701,178079,0.00046663681146439767,0.99685960591133,6.717420510523959e-07,0.0
LSC-CP-RA,"LSC-CP-RA (A=4), tamed",98886f115ea6a7a4c556fecc8bb0d7f3,8da7d73e85753d4e79f54062070fbc7b,True,2,4466,22.330000000000002,3852360699.7665696,481545.0874708212,4466.0,571648.0,0.11346482509547155,0.0001407605576172477,-0.00031048458073823504,0.028026253417479025,0.02363001281690629,0.04212239544703969,0.514,0.014000000000000012,0.02348125153654204,0.00507668288241403,0.020797944294468178,0.20386684058780802,True,1.0,reject,pre_step,drift_diffusion_then_jump,iid_bank,4,every_step,True,0.00040000000000000013,0.004758333333333335,4833.172077543701,178079,0.00046663681146439767,0.99685960591133,6.717420510523959e-07,0.0
LSC-CP-RA,"LSC-CP-RA (A=4), tamed",98886f115ea6a7a4c556fecc8bb0d7f3,8da7d73e85753d4e79f54062070fbc7b,True,3,4466,22.330000000000002,3852360699.7665696,481545.0874708212,4466.0,571648.0,0.1714378052728803,0.0004986416634585877,4.787527671101799e-05,0.029515494703426612,0.014154772934607708,0.02161913795946368,0.4965,0.003500000000000031,0.01230120620635029,0.0029213160656879067,0.050519523653796604,0.14393712211464382,True,1.0,reject,pre_step,drift_diffusion_then_jump,iid_bank,4,every_step,True,0.00040000000000000013,0.004758333333333335,4833.172077543701,178079,0.00046663681146439767,0.99685960591133,6.717420510523959e-07,0.0
LSC-CP-RA,"LSC-CP-RA (A=4), tamed",98886f115ea6a7a4c556fecc8bb0d7f3,8da7d73e85753d4e79f54062070fbc7b,True,0,4495,22.475,3877376028.985833,484672.00362322916,4495.0,575360.0,0.20061304247219178,0.000804382255694458,0.0003543348402093027,0.045395121657354265,0.04256269035453419,0.06901293983277484,0.529,0.028999999999999998,0.052654591987419654,0.0001346327909266254,0.017538282388957983,0.23362931683007548,True,1.0,reject,pre_step,drift_diffusion_then_jump,iid_bank,4,every_step,True,0.00041810344827586214,0.004844827586206897,2226.9533532490277,179203,0.00046632369299221357,0.9966796440489433,6.674082313681869e-07,0.0
LSC-CP-RA,"LSC-CP-RA (A=4), tamed",98886f115ea6a7a4c556fecc8bb0d7f3,8da7d73e85753d4e79f54062070fbc7b,True,1,4495,22.475,3877376028.985833,484672.00362322916,4495.0,575360.0,0.20730844542412405,0.000998262498047131,0.0005478082233472126,0.03419723991431922,0.020387839832348584,0.030678023839356937,0.489,0.01100000000000001,0.026563794118441182,0.006184662172342703,0.04076132168996177,0.05481959898620936,True,1.0,reject,pre_step,drift_diffusion_then_jump,iid_bank,4,every_step,True,0.00041810344827586214,0.004844827586206897,2226.9533532490277,179203,0.00046632369299221357,0.9966796440489433,6.674082313681869e-07,0.0
LSC-CP-RA,"LSC-CP-RA (A=4), tamed",98886f115ea6a7a4c556fecc8bb0d7f3,8da7d73e85753d4e79f54062070fbc7b,True,2,4495,22.475,3877376028.985833,484672.00362322916,4495.0,575360.0,0.15012558851942637,0.0003576100294095941,-9.241579548968648e-05,0.036307889118796566,0.03469346306097379,0.056401054833118386,0.522,0.021999999999999992,0.046067253169184856,0.009413596538139224,0.0744457981899388,0.10016610965905703,True,1.0,reject,pre_step,drift_diffusion_then_jump,iid_bank,4,every_step,True,0.00041810344827586214,0.004844827586206897,2226.9533532490277,179203,0.00046632369299221357,0.9966796440489433,6.674082313681869e-07,0.0
LSC-CP-RA,"LSC-CP-RA (A=4), tamed",98886f115ea6a7a4c556fecc8bb0d7f3,8da7d73e85753d4e79f54062070fbc7b,True,3,4495,22.475,3877376028.985833,484672.00362322916,4495.0,575360.0,0.09372259514664069,0.00010589852074349704,-0.00034512048392099093,0.037375875340802556,0.022870352505925798,0.03860624137858361,0.512,0.01200000000000001,0.025009737424547457,0.0020462574858454152,0.033172279365632405,0.16630259641494438,True,1.0,reject,pre_step,drift_diffusion_then_jump,iid_bank,4,every_step,True,0.00041810344827586214,0.004844827586206897,2226.9533532490277,179203,0.00046632369299221357,0.9966796440489433,6.674082313681869e-07,0.0
LSC-CP-RA,"LSC-CP-RA (A=4), tamed",98886f115ea6a7a4c556fecc8bb0d7f3,8da7d73e85753d4e79f54062070fbc7b,True,0,4525,22.625,3903253955.7643814,487906.74447054765,4525.0,579200.0,0.10972456052708844,0.00018811664608708867,-0.000262706836670068,0.033336318684542565,0.026274966603241242,0.044680278630816514,0.5145,0.014499999999999985,0.02953857259891497,0.0028143019491689847,0.062021215201781235,0.15789315814911886,True,1.0,reject,pre_step,drift_diffusion_then_jump,iid_bank,4,every_step,True,0.0004750000000000002,0.004854166666666668,3389.2308546595877,180368,0.00046638121546961327,0.9965082872928177,6.629834254143647e-07,0.0
LSC-CP-RA,"LSC-CP-RA (A=4), tamed",98886f115ea6a7a4c556fecc8bb0d7f3,8da7d73e85753d4e79f54062070fbc7b,True,1,4525,22.625,3903253955.7643814,487906.74447054765,4525.0,579200.0,0.2336112967377555,0.001346896459637259,0.0008962732054241807,0.03128617380024032,0.02393651132959994,0.04099343776770557,0.4865,0.013499999999999984,0.02165560916837906,0.0003542841918522388,0.04378674211010974,0.2396838379182561,True,1.0,reject,pre_step,drift_diffusion_then_jump,iid_bank,4,every_step,True,0.0004750000000000002,0.004854166666666668,3389.2308546595877,180368,0.00046638121546961327,0.9965082872928177,6.629834254143647e-07,0.0
LSC-CP-RA,"LSC-CP-RA (A=4), tamed",98886f115ea6a7a4c556fecc8bb0d7f3,8da7d73e85753d4e79f54062070fbc7b,True,2,4525,22.625,3903253955.7643814,487906.74447054765,4525.0,579200.0,0.15866844594574792,0.0003486635698932705,-0.00010201404436294137,0.035519452699623755,0.032659716628453635,0.05553099635577809,0.5215,0.021499999999999964,0.0377307965915491,0.0032761300178313357,0.0035102863672306283,0.22743314495591693,True,1.0,reject,pre_step,drift_diffusion_then_jump,iid_bank,4,every_step,True,0.0004750000000000002,0.004854166666666668,3389.2308546595877,180368,0.00046638121546961327,0.9965082872928177,6.629834254143647e-07,0.0
LSC-CP-RA,"LSC-CP-RA (A=4), tamed",98886f115ea6a7a4c556fecc8bb0d7f3,8da7d73e85753d4e79f54062070fbc7b,True,3,4525,22.625,3903253955.7643814,487906.74447054765,4525.0,579200.0,0.10731244063564517,0.0002957979400876054,-0.00015437266029638685,0.03736869760147199,0.022549845334047032,0.03322506366157346,0.507,0.007000000000000006,0.022106708249285137,0.012455283711359844,0.06413882645165922,0.12367192729927534,True,1.0,reject,pre_step,drift_diffusion_then_jump,iid_bank,4,every_step,True,0.0004750000000000002,0.004854166666666668,3389.2308546595877,180368,0.00046638121546961327,0.9965082872928177,6.629834254143647e-07,0.0
LSC-CP-RA,"LSC-CP-RA (A=4), tamed",98886f115ea6a7a4c556fecc8bb0d7f3,8da7d73e85753d4e79f54062070fbc7b,True,0,4555,22.775000000000002,3929131882.54293,491141.48531786626,4555.0,583040.0,0.16193349138007385,0.0002323011310106926,-0.00021990323516585253,0.03116073799041863,0.02921691011501317,0.05044893400251955,0.5205,0.020499999999999963,0.03565281760659516,0.02288058717729824,0.0009662348337724828,0.3185340540241436,True,1.0,reject,pre_step,drift_diffusion_then_jump,iid_bank,4,every_step,True,0.0004833333333333335,0.004937500000000001,2050.591848036648,181553,0.00046649286498353455,0.9964489571899012,6.586169045005489e-07,0.0
LSC-CP-RA,"LSC-CP-RA (A=4), tamed",98886f115ea6a7a4c556fecc8bb0d7f3,8da7d73e85753d4e79f54062070fbc7b,True,1,4555,22.775000000000002,3929131882.54293,491141.48531786626,4555.0,583040.0,0.23841808085542962,0.0011253468514600407,0.0006727424261411263,0.022212158225937334,0.02064546554562711,0.03919284363688994,0.4865,0.013499999999999984,0.026175197225944174,0.02666022742131402,0.017767583008463612,0.34053159592267546,True,1.0,reject,pre_step,drift_diffusion_then_jump,iid_bank,4,every_step,True,0.0004833333333333335,0.004937500000000001,2050.591848036648,181553,0.00046649286498353455,0.9964489571899012,6.586169045005489e-07,0.0
LSC-CP-RA,"LSC-CP-RA (A=4), tamed",98886f115ea6a7a4c556fecc8bb0d7f3,8da7d73e85753d4e79f54062070fbc7b,True,2,4555,22.775000000000002,3929131882.54293,491141.48531786626,4555.0,583040.0,0.15094596370839986,0.0001230724449737819,-0.00032884713224767825,0.02518086829889299,0.0271811256801067,0.04778838121385588,0.5185,0.01849999999999999,0.040384733784210855,0.02058424783949675,0.08873811404697635,0.3034945256844849,True,1.0,reject,pre_step,drift_diffusion_then_jump,iid_bank,4,every_step,True,0.0004833333333333335,0.004937500000000001,2050.591848036648,181553,0.00046649286498353455,0.9964489571899012,6.586169045005489e-07,0.0
LSC-CP-RA,"LSC-CP-RA (A=4), tamed",98886f115ea6a7a4c556fecc8bb0d7f3,8da7d73e85753d4e79f54062070fbc7b,True,3,4555,22.775000000000002,3929131882.54293,491141.48531786626,4555.0,583040.0,0.1466897550396602,0.0003376949497043702,-0.00011356923094130167,0.030718115523046707,0.017292792044187724,0.027222019593025372,0.503,0.0030000000000000027,0.010819836338965544,0.002578519253899847,0.05541269728988269,0.21978329359090132,True,1.0,reject,pre_step,drift_diffusion_then_jump,iid_bank,4,every_step,True,0.0004833333333333335,0.004937500000000001,2050.591848036648,181553,0.00046649286498353455,0.9964489571899012,6.586169045005489e-07,0.0
LSC-CP-RA,"LSC-CP-RA (A=4), tamed",98886f115ea6a7a4c556fecc8bb0d7f3,8da7d73e85753d4e79f54062070fbc7b,True,0,4584,22.92,3954147211.7621937,494268.4014702742,4584.0,586752.0,0.11596842491903898,0.0002367790619521859,-0.00021281549279250633,0.04022922118322114,0.028998705964578896,0.0455714929053955,0.5185,0.01849999999999999,0.03735201357733767,0.015199055057847799,0.06475346843331561,0.06398007927189775,True,1.0,reject,pre_step,drift_diffusion_then_jump,iid_bank,4,every_step,True,0.0004956896551724139,0.005094827586206898,4659.806528462454,182735,0.00046667757417102965,0.996591404886562,6.544502617801047e-07,0.0
LSC-CP-RA,"LSC-CP-RA (A=4), tamed",98886f115ea6a7a4c556fecc8bb0d7f3,8da7d73e85753d4e79f54062070fbc7b,True,1,4584,22.92,3954147211.7621937,494268.4014702742,4584.0,586752.0,0.1792787743170932,0.0005587648832853231,0.00010835075123660776,0.030046409836742116,0.01580781504286981,0.024718896183608837,0.495,0.0050000000000000044,0.012565394660250603,0.007433735176559653,0.06373394233529353,0.13270755265683587,True,1.0,reject,pre_step,drift_diffusion_then_jump,iid_bank,4,every_step,True,0.0004956896551724139,0.005094827586206898,4659.806528462454,182735,0.00046667757417102965,0.996591404886562,6.544502617801047e-07,0.0
LSC-CP-RA,"LSC-CP-RA (A=4), tamed",98886f115ea6a7a4c556fecc8bb0d7f3,8da7d73e85753d4e79f54062070fbc7b,True,2,4584,22.92,3954147211.7621937,494268.4014702742,4584.0,586752.0,0.13169879624548106,0.00028632380867388285,-0.00016366705284720506,0.03178955615866397,0.02878006271553802,0.04787303999386312,0.519,0.019000000000000017,0.029926660290582396,0.008970921255878617,0.022628368521508485,0.1411286927574985,True,1.0,reject,pre_step,drift_diffusion_then_jump,iid_bank,4,every_step,True,0.0004956896551724139,0.005094827586206898,4659.806528462454,182735,0.00046667757417102965,0.996591404886562,6.544502617801047e-07,0.0
LSC-CP-RA,"LSC-CP-RA (A=4), tamed",98886f115ea6a7a4c556fecc8bb0d7f3,8da7d73e85753d4e79f54062070fbc7b,True,3,4584,22.92,3954147211.7621937,494268.4014702742,4584.0,586752.0,0.18566170866606377,0.0006279213269319017,0.0001769527927840686,0.030144956780866983,0.017097170086030487,0.0269593629902508,0.4955,0.004500000000000032,0.008539695676855133,0.0010295711305069455,0.007856838749698652,0.22139743414623803,True,1.0,reject,pre_step,drift_diffusion_then_jump,iid_bank,4,every_step,True,0.0004956896551724139,0.005094827586206898,4659.806528462454,182735,0.00046667757417102965,0.996591404886562,6.544502617801047e-07,0.0
LSC-CP-RA,"LSC-CP-RA (A=4), tamed",98886f115ea6a7a4c556fecc8bb0d7f3,8da7d73e85753d4e79f54062070fbc7b,True,0,4614,23.07,3980025138.540742,497503.14231759275,4614.0,590592.0,0.15532057074024408,0.00048116654803675996,3.136267890957445e-05,0.04886294574283856,0.03646665506359381,0.059086596599869395,0.521,0.02099999999999999,0.04132903303327456,0.00877383296070089,0.02234047056208826,0.18977894597716272,True,1.0,reject,pre_step,drift_diffusion_then_jump,iid_bank,4,every_step,True,0.0005250000000000002,0.004925000000000001,4128.842154913277,183917,0.0004670567837017772,0.9965160381447767,6.501950585175552e-07,0.0
LSC-CP-RA,"LSC-CP-RA (A=4), tamed",98886f115ea6a7a4c556fecc8bb0d7f3,8da7d73e85753d4e79f54062070fbc7b,True,1,4614,23.07,3980025138.540742,497503.14231759275,4614.0,590592.0,0.18396359942695867,0.0006418263662532064,0.00019166327737707434,0.027815772412388418,0.017457302751010165,0.02697786662664935,0.494,0.006000000000000005,0.010247676502351451,0.010807067987563812,0.02859874171967597,0.1133914498313019,True,1.0,reject,pre_step,drift_diffusion_then_jump,iid_bank,4,every_step,True,0.0005250000000000002,0.004925000000000001,4128.842154913277,183917,0.0004670567837017772,0.9965160381447767,6.501950585175552e-07,0.0
LSC-CP-RA,"LSC-CP-RA (A=4), tamed",98886f115ea6a7a4c556fecc8bb0d7f3,8da7d73e85753d4e79f54062070fbc7b,True,2,4614,23.07,3980025138.540742,497503.14231759275,4614.0,590592.0,0.11800123455376757,0.0001577170198431288,-0.0002931769994591882,0.02641519356651012,0.023558709874193756,0.041356222420918506,0.5155,0.015499999999999986,0.0273821501000149,0.002098178836722142,0.03623398213039325,0.19706519091275154,True,1.0,reject,pre_step,drift_diffusion_then_jump,iid_bank,4,every_step,True,0.0005250000000000002,0.004925000000000001,4128.842154913277,183917,0.0004670567837017772,0.9965160381447767,6.501950585175552e-07,0.0
LSC-CP-RA,"LSC-CP-RA (A=4), tamed",98886f115ea6a7a4c556fecc8bb0d7f3,8da7d73e85753d4e79f54062070fbc7b,True,3,4614,23.07,3980025138.540742,497503.14231759275,4614.0,590592.0,0.22781067658250723,0.0013694841439934047,0.0009193741663572341,0.04977363623715236,0.02815547390108262,0.043249390510941274,0.487,0.013000000000000012,0.030787083874670957,0.009488600846091155,0.038175134913171586,0.15810964746081446,True,1.0,reject,pre_step,drift_diffusion_then_jump,iid_bank,4,every_step,True,0.0005250000000000002,0.004925000000000001,4128.842154913277,183917,0.0004670567837017772,0.9965160381447767,6.501950585175552e-07,0.0
LSC-CP-RA,"LSC-CP-RA (A=4), tamed",98886f115ea6a7a4c556fecc8bb0d7f3,8da7d73e85753d4e79f54062070fbc7b,True,0,4644,23.22,4005903065.31929,500737.8831649113,4644.0,594432.0,0.11884481276242956,0.00014396913810976741,-0.00030738384324402457,0.028297463266884648,0.022038508972699055,0.03979245591295015,0.512,0.01200000000000001,0.015460223585778973,0.01089616334100929,0.055067559430997684,0.3006875897725664,True,1.0,reject,pre_step,drift_diffusion_then_jump,iid_bank,4,every_step,True,0.00041250000000000016,0.004870833333333334,1056.7728694769824,185086,0.0004667043496985357,0.9963716623600345,6.459948320413437e-07,0.0
LSC-CP-RA,"LSC-CP-RA (A=4), tamed",98886f115ea6a7a4c556fecc8bb0d7f3,8da7d73e85753d4e79f54062070fbc7b,True,1,4644,23.22,4005903065.31929,500737.8831649113,4644.0,594432.0,0.15008289702999214,0.0003864185378672502,-6.357949213131597e-05,0.03545955639525866,0.018700988000911002,0.02172606579452576,0.5005000000000001,0.0005000000000000282,0.0015564376516792667,0.013327326400057071,0.04267233838925997,0.09952562893241945,True,1.0,reject,pre_step,drift_diffusion_then_jump,iid_bank,4,every_step,True,0.00041250000000000016,0.004870833333333334,1056.7728694769824,185086,0.0004667043496985357,0.9963716623600345,6.459948320413437e-07,0.0
LSC-CP-RA,"LSC-CP-RA (A=4), tamed",98886f115ea6a7a4c556fecc8bb0d7f3,8da7d73e85753d4e79f54062070fbc7b,True,2,4644,23.22,4005903065.31929,500737.8831649113,4644.0,594432.0,0.11432581616872563,0.00019745677104443526,-0.00025285586518186687,0.040788821878569026,0.026757421535387915,0.04464198599293383,0.5155,0.015499999999999986,0.031438430533830115,0.005510864238495894,0.056639021674219824,0.16676642743254322,True,1.0,reject,pre_step,drift_diffusion_then_jump,iid_bank,4,every_step,True,0.00041250000000000016,0.004870833333333334,1056.7728694769824,185086,0.0004667043496985357,0.9963716623600345,6.459948320413437e-07,0.0
LSC-CP-RA,"LSC-CP-RA (A=4), tamed",98886f115ea6a7a4c556fecc8bb0d7f3,8da7d73e85753d4e79f54062070fbc7b,True,3,4644,23.22,4005903065.31929,500737.8831649113,4644.0,594432.0,0.24791016994246418,0.0014467523496208834,0.0009955548517832646,0.03532042077080516,0.02803028141942813,0.04952736875601916,0.485,0.015000000000000013,0.027635577817796877,0.008411853883840914,0.021504678548097372,0.3414229115960149,True,1.0,reject,pre_step,drift_diffusion_then_jump,iid_bank,4,every_step,True,0.00041250000000000016,0.004870833333333334,1056.7728694769824,185086,0.0004667043496985357,0.9963716623600345,6.459948320413437e-07,0.0
LSC-CP-RA,"LSC-CP-RA (A=4), tamed",98886f115ea6a7a4c556fecc8bb0d7f3,8da7d73e85753d4e79f54062070fbc7b,True,0,4673,23.365000000000002,4030918394.5385537,503864.79931731924,4673.0,598144.0,0.08841490004382277,0.0001726581404380978,-0.0002776983586804116,0.035493467497617726,0.02303388765173171,0.03793146518019899,0.511,0.01100000000000001,0.022919755143720376,0.0067436069976988255,0.032937107121316304,0.1453306227833181,True,1.0,reject,pre_step,drift_diffusion_then_jump,iid_bank,4,every_step,True,0.00042241379310344843,0.00488793103448276,2146.1677483015574,186220,0.0004664294885512519,0.9962550823881875,6.419858763107212e-07,0.0
LSC-CP-RA,"LSC-CP-RA (A=4), tamed",98886f115ea6a7a4c556fecc8bb0d7f3,8da7d73e85753d4e79f54062070fbc7b,True,1,4673,23.365000000000002,4030918394.5385537,503864.79931731924,4673.0,598144.0,0.166462698597979,0.0005105896251987874,6.0438901043236015e-05,0.03327955070658006,0.018781231490896055,0.02504470637008131,0.4985,0.001500000000000029,0.0031262729981753764,0.010882053355917742,0.03194126357383994,0.15806046561434528,True,1.0,reject,pre_step,drift_diffusion_then_jump,iid_bank,4,every_step,True,0.00042241379310344843,0.00488793103448276,2146.1677483015574,186220,0.0004664294885512519,0.9962550823881875,6.419858763107212e-07,0.0
LSC-CP-RA,"LSC-CP-RA (A=4), tamed",98886f115ea6a7a4c556fecc8bb0d7f3,8da7d73e85753d4e79f54062070fbc7b,True,2,4673,23.365000000000002,4030918394.5385537,503864.79931731924,4673.0,598144.0,0.1431576112827261,0.0001433924280291876,-0.00030877119326888636,0.03608178178147592,0.026499187551101557,0.047689282484786565,0.5155,0.015499999999999986,0.034592673555683406,0.022009563504315044,0.07474351769974122,0.40590693031381175,True,1.0,reject,pre_step,drift_diffusion_then_jump,iid_bank,4,every_step,True,0.00042241379310344843,0.00488793103448276,2146.1677483015574,186220,0.0004664294885512519,0.9962550823881875,6.419858763107212e-07,0.0
LSC-CP-RA,"LSC-CP-RA (A=4), tamed",98886f115ea6a7a4c556fecc8bb0d7f3,8da7d73e85753d4e79f54062070fbc7b,True,3,4673,23.365000000000002,4030918394.5385537,503864.79931731924,4673.0,598144.0,0.26915318236967034,0.0018258514204576581,0.0013748246597651281,0.04485515287605574,0.03391583801404581,0.057163211340148685,0.47950000000000004,0.020499999999999963,0.04896757540681422,0.006193780512364411,0.13446902836248853,0.2812086875279539,True,1.0,reject,pre_step,drift_diffusion_then_jump,iid_bank,4,every_step,True,0.00042241379310344843,0.00488793103448276,2146.1677483015574,186220,0.0004664294885512519,0.9962550823881875,6.419858763107212e-07,0.0
LSC-CP-RA,"LSC-CP-RA (A=4), tamed",98886f115ea6a7a4c556fecc8bb0d7f3,8da7d73e85753d4e79f54062070fbc7b,True,0,4703,23.515,4056796321.317102,507099.5401646377,4703.0,601984.0,0.11069934123999553,0.00018451881893044586,-0.0002663159323710307,0.03761124172254404,0.02092823448167609,0.03444813232946921,0.509,0.009000000000000008,0.016737366982339148,0.00034487070070310377,0.0065195601693518335,0.22648883183502255,True,1.0,reject,pre_step,drift_diffusion_then_jump,iid_bank,4,every_step,True,0.0005041666666666669,0.005220833333333333,3907.1384603713022,187473,0.00046667021050393365,0.9965607059323836,6.37890708058686e-07,0.0
LSC-CP-RA,"LSC-CP-RA (A=4), tamed",98886f115ea6a7a4c556fecc8bb0d7f3,8da7d73e85753d4e79f54062070fbc7b,True,1,4703,23.515,4056796321.317102,507099.5401646377,4703.0,601984.0,0.18301502734081737,0.0007140737235237227,0.00026391975253203803,0.03560383688755697,0.02178211392088222,0.03156412461822237,0.4955,0.004500000000000032,0.007802511611744694,0.010849636755942083,0.007578247281699239,0.18846531875015737,True,1.0,reject,pre_step,drift_diffusion_then_jump,iid_bank,4,every_step,True,0.0005041666666666669,0.005220833333333333,3907.1384603713022,187473,0.00046667021050393365,0.9965607059323836,6.37890708058686e-07,0.0
LSC-CP-RA,"LSC-CP-RA (A=4), tamed",98886f115ea6a7a4c556fecc8bb0d7f3,8da7d73e85753d4e79f54062070fbc7b,True,2,4703,23.515,4056796321.317102,507099.5401646377,4703.0,601984.0,0.10117852829507851,0.000151808847150825,-0.0002988817128688481,0.03371744912298569,0.02371353596230423,0.03980284406123333,0.513,0.013000000000000012,0.026659041394110888,0.0015271772818942209,0.044246353048820575,0.17368589608621832,True,1.0,reject,pre_step,drift_diffusion_then_jump,iid_bank,4,every_step,True,0.0005041666666666669,0.005220833333333333,3907.1384603713022,187473,0.00046667021050393365,0.9965607059323836,6.37890708058686e-07,0.0
LSC-CP-RA,"LSC-CP-RA (A=4), tamed",98886f115ea6a7a4c556fecc8bb0d7f3,8da7d73e85753d4e79f54062070fbc7b,True,3,4703,23.515,4056796321.317102,507099.5401646377,4703.0,601984.0,0.23133713205025738,0.0013226531227923388,0.0008717469370452813,0.034781062677705143,0.02514771348490364,0.0407201401306631,0.4845,0.015499999999999986,0.02909212379441129,0.0018845211001849993,0.03861211287243227,0.08734614626632997,True,1.0,reject,pre_step,drift_diffusion_then_jump,iid_bank,4,every_step,True,0.0005041666666666669,0.005220833333333333,3907.1384603713022,187473,0.00046667021050393365,0.9965607059323836,6.37890708058686e-07,0.0
LSC-CP-RA,"LSC-CP-RA (A=4), tamed",98886f115ea6a7a4c556fecc8bb0d7f3,8da7d73e85753d4e79f54062070fbc7b,True,0,4733,23.665,4082674248.09565,510334.2810119563,4733.0,605824.0,0.07198388551595049,0.00020160132895896687,-0.00024839956457423096,0.03425221339772144,0.022956409643032232,0.03698625076006498,0.5115000000000001,0.011500000000000038,0.021502890295324515,0.01482968973014287,0.014374608803080134,0.0674367171442748,True,1.0,reject,pre_step,drift_diffusion_then_jump,iid_bank,4,every_step,True,0.00045000000000000015,0.005066666666666668,4689.358599670344,188689,0.00046656454679907036,0.9966670188041411,6.60257764631312e-07,0.0
LSC-CP-RA,"LSC-CP-RA (A=4), tamed",98886f115ea6a7a4c556fecc8bb0d7f3,8da7d73e85753d4e79f54062070fbc7b,True,1,4733,23.665,4082674248.09565,510334.2810119563,4733.0,605824.0,0.18755826209840842,0.0008336764258782825,0.0003837470052362457,0.04433253746246804,0.0215775515075658,0.02945681740294798,0.4945,0.005500000000000033,0.012617952197443553,0.011252832744417796,0.016150372185613365,0.1615751408187659,True,1.0,reject,pre_step,drift_diffusion_then_jump,iid_bank,4,every_step,True,0.00045000000000000015,0.005066666666666668,4689.358599670344,188689,0.00046656454679907036,0.9966670188041411,6.60257764631312e-07,0.0
LSC-CP-RA,"LSC-CP-RA (A=4), tamed",98886f115ea6a7a4c556fecc8bb0d7f3,8da7d73e85753d4e79f54062070fbc7b,True,2,4733,23.665,4082674248.09565,510334.2810119563,4733.0,605824.0,0.1470544242809948,0.00036405439431674846,-8.650164713230879e-05,0.02841221621003409,0.015028487566026878,0.02044744908201988,0.502,0.0020000000000000018,0.002770730434322677,0.0039013026162694198,0.018470533738541375,0.17230933627249556,True,1.0,reject,pre_step,drift_diffusion_then_jump,iid_bank,4,every_step,True,0.00045000000000000015,0.005066666666666668,4689.358599670344,188689,0.00046656454679907036,0.9966670188041411,6.60257764631312e-07,0.0
LSC-CP-RA,"LSC-CP-RA (A=4), tamed",98886f115ea6a7a4c556fecc8bb0d7f3,8da7d73e85753d4e79f54062070fbc7b,True,3,4733,23.665,4082674248.09565,510334.2810119563,4733.0,605824.0,0.2559025273441974,0.0015118047683656544,0.0010600547482046974,0.03172611718258539,0.02654909919324182,0.04846384278534299,0.483,0.017000000000000015,0.030303088516714326,0.01617934997193793,0.017487112920748005,0.3456517143382768,True,1.0,reject,pre_step,drift_diffusion_then_jump,iid_bank,4,every_step,True,0.00045000000000000015,0.005066666666666668,4689.358599670344,188689,0.00046656454679907036,0.9966670188041411,6.60257764631312e-07,0.0
LSC-CP-RA,"LSC-CP-RA (A=4), tamed",98886f115ea6a7a4c556fecc8bb0d7f3,8da7d73e85753d4e79f54062070fbc7b,True,0,4762,23.81,4107689577.3149137,513461.1971643642,4762.0,609536.0,0.08492907482538463,0.00016093632441072092,-0.00028906319531607494,0.033432245296053376,0.02225789105805733,0.03617124827872943,0.513,0.013000000000000012,0.027832274667233026,0.011197306098554183,0.07337957306601911,0.1021842283078721,True,1.0,reject,pre_step,drift_diffusion_then_jump,iid_bank,4,every_step,True,0.00046551724137931056,0.004823275862068967,2116.1775426267955,189808,0.0004665581688366233,0.9964720705585888,6.562368752624948e-07,0.0
LSC-CP-RA,"LSC-CP-RA (A=4), tamed",98886f115ea6a7a4c556fecc8bb0d7f3,8da7d73e85753d4e79f54062070fbc7b,True,1,4762,23.81,4107689577.3149137,513461.1971643642,4762.0,609536.0,0.15892547866794593,0.0006050341973632412,0.00015507133736214485,0.036454237287302516,0.016567994914979768,0.020801131596679706,0.497,0.0030000000000000027,0.012704989417734689,0.015690843558026635,0.025719358531899834,0.02645217226656882,True,1.0,reject,pre_step,drift_diffusion_then_jump,iid_bank,4,every_step,True,0.00046551724137931056,0.004823275862068967,2116.1775426267955,189808,0.0004665581688366233,0.9964720705585888,6.562368752624948e-07,0.0
LSC-CP-RA,"LSC-CP-RA (A=4), tamed",98886f115ea6a7a4c556fecc8bb0d7f3,8da7d73e85753d4e79f54062070fbc7b,True,2,4762,23.81,4107689577.3149137,513461.1971643642,4762.0,609536.0,0.13155011454795135,0.0002788390491830217,-0.0001720491283856429,0.02802422052435477,0.018163408874068202,0.02863988503374508,0.5045000000000001,0.004500000000000032,0.0048812011061901105,0.003292528277636597,0.029191573842941892,0.1717979074420567,True,1.0,reject,pre_step,drift_diffusion_then_jump,iid_bank,4,every_step,True,0.00046551724137931056,0.004823275862068967,2116.1775426267955,189808,0.0004665581688366233,0.9964720705585888,6.562368752624948e-07,0.0
LSC-CP-RA,"LSC-CP-RA (A=4), tamed",98886f115ea6a7a4c556fecc8bb0d7f3,8da7d73e85753d4e79f54062070fbc7b,True,3,4762,23.81,4107689577.3149137,513461.1971643642,4762.0,609536.0,0.150457533654797,0.00032516196636334094,-0.00012543538009568422,0.02803285595997318,0.014723215149801709,0.018633512086153964,0.5,0.0,0.0027553646525877353,0.004150635451498519,0.0198208451809326,0.13071489584160523,True,1.0,reject,pre_step,drift_diffusion_then_jump,iid_bank,4,every_step,True,0.00046551724137931056,0.004823275862068967,2116.1775426267955,189808,0.0004665581688366233,0.9964720705585888,6.562368752624948e-07,0.0
LSC-CP-RA,"LSC-CP-RA (A=4), tamed",98886f115ea6a7a4c556fecc8bb0d7f3,8da7d73e85753d4e79f54062070fbc7b,True,0,4792,23.96,4133567504.0934625,516695.9380116828,4792.0,613376.0,0.08396953186128256,0.00014718647061850998,-0.0003031678248197611,0.03825227925778174,0.020703945267729142,0.03213772050037481,0.5095000000000001,0.009500000000000036,0.01728462898346277,0.008616755849136015,0.004066756385134127,0.09567241945797311,True,1.0,reject,pre_step,drift_diffusion_then_jump,iid_bank,4,every_step,True,0.0005125000000000002,0.0049916666666666686,2174.4716524410323,191006,0.00046684578464106845,0.9964837228714524,6.521285475792988e-07,0.0
LSC-CP-RA,"LSC-CP-RA (A=4), tamed",98886f115ea6a7a4c556fecc8bb0d7f3,8da7d73e85753d4e79f54062070fbc7b,True,1,4792,23.96,4133567504.0934625,516695.9380116828,4792.0,613376.0,0.17286936389371405,0.0005176693131895282,6.662319393568872e-05,0.025956782440602122,0.014113316760893424,0.02169506621607479,0.497,0.0030000000000000027,0.004412627823983075,0.0015290727351998656,0.012103013795497237,0.19875804526897067,True,1.0,reject,pre_step,drift_diffusion_then_jump,iid_bank,4,every_step,True,0.0005125000000000002,0.0049916666666666686,2174.4716524410323,191006,0.00046684578464106845,0.9964837228714524,6.521285475792988e-07,0.0
LSC-CP-RA,"LSC-CP-RA (A=4), tamed",98886f115ea6a7a4c556fecc8bb0d7f3,8da7d73e85753d4e79f54062070fbc7b,True,2,4792,23.96,4133567504.0934625,516695.9380116828,4792.0,613376.0,0.12121945219781302,0.0002953215470175019,-0.00015518496783772928,0.04651434623024231,0.02826690985171315,0.04570941082009286,0.5145,0.014499999999999985,0.027944909450043413,0.0033281533317357503,0.002821617314947804,0.23047384395439396,True,1.0,reject,pre_step,drift_diffusion_then_jump,iid_bank,4,every_step,True,0.0005125000000000002,0.0049916666666666686,2174.4716524410323,191006,0.00046684578464106845,0.9964837228714524,6.521285475792988e-07,0.0
LSC-CP-RA,"LSC-CP-RA (A=4), tamed",98886f115ea6a7a4c556fecc8bb0d7f3,8da7d73e85753d4e79f54062070fbc7b,True,3,4792,23.96,4133567504.0934625,516695.9380116828,4792.0,613376.0,0.145832768802562,0.0002775530331169396,-0.00017342620210836213,0.031264414478094915,0.015489184134056042,0.02156953498818144,0.502,0.0020000000000000018,0.007683332084888389,0.00047354301498370166,0.029985999280894567,0.1712876418607735,True,1.0,reject,pre_step,drift_diffusion_then_jump,iid_bank,4,every_step,True,0.0005125000000000002,0.0049916666666666686,2174.4716524410323,191006,0.00046684578464106845,0.9964837228714524,6.521285475792988e-07,0.0
LSC-CP-RA,"LSC-CP-RA (A=4), tamed",98886f115ea6a7a4c556fecc8bb0d7f3,8da7d73e85753d4e79f54062070fbc7b,True,0,4822,24.11,4159445430.8720107,519930.6788590013,4822.0,617216.0,0.11570390649927761,9.809012868622347e-05,-0.00035405550447331624,0.027920455345906592,0.019926967742257193,0.03714073935528389,0.5125,0.012499999999999983,0.022554377894146337,0.018068768849587857,0.05168959950165365,0.3072496818115672,True,1.0,reject,pre_step,drift_diffusion_then_jump,iid_bank,4,every_step,True,0.0005291666666666669,0.005033333333333335,4647.284503894805,192214,0.0004672335130651182,0.9965470759021153,6.480713396930734e-07,0.0
LSC-CP-RA,"LSC-CP-RA (A=4), tamed",98886f115ea6a7a4c556fecc8bb0d7f3,8da7d73e85753d4e79f54062070fbc7b,True,1,4822,24.11,4159445430.8720107,519930.6788590013,4822.0,617216.0,0.10190161823863494,7.89568001400287e-05,-0.00037234734579494333,0.029671637792530015,0.01934766455940435,0.03362440894570566,0.5095000000000001,0.009500000000000036,0.01975117423936246,0.007238728532036776,0.0015134668246738064,0.19763752826436087,True,1.0,reject,pre_step,drift_diffusion_then_jump,iid_bank,4,every_step,True,0.0005291666666666669,0.005033333333333335,4647.284503894805,192214,0.0004672335130651182,0.9965470759021153,6.480713396930734e-07,0.0
LSC-CP-RA,"LSC-CP-RA (A=4), tamed",98886f115ea6a7a4c556fecc8bb0d7f3,8da7d73e85753d4e79f54062070fbc7b,True,2,4822,24.11,4159445430.8720107,519930.6788590013,4822.0,617216.0,0.13634440617819155,0.0001766761628595459,-0.00027566227763109463,0.024669285058554258,0.013851829054879977,0.025912425950968015,0.5045000000000001,0.004500000000000032,0.011445215141668599,0.01600475405161572,0.03321053929567774,0.25128654068438216,True,1.0,reject,pre_step,drift_diffusion_then_jump,iid_bank,4,every_step,True,0.0005291666666666669,0.005033333333333335,4647.284503894805,192214,0.0004672335130651182,0.9965470759021153,6.480713396930734e-07,0.0
LSC-CP-RA,"LSC-CP-RA (A=4), tamed",98886f115ea6a7a4c556fecc8bb0d7f3,8da7d73e85753d4e79f54062070fbc7b,True,3,4822,24.11,4159445430.8720107,519930.6788590013,4822.0,617216.0,0.13830212201480593,6.938925562094411e-05,-0.00038344282253643946,0.0308827546088134,0.014844281284541334,0.028558383554572228,0.507,0.007000000000000006,0.01267634532661869,0.029014320064403076,0.023028351213707075,0.3567205317652008,True,1.0,reject,pre_step,drift_diffusion_then_jump,iid_bank,4,every_step,True,0.0005291666666666669,0.005033333333333335,4647.284503894805,192214,0.0004672335130651182,0.9965470759021153,6.480713396930734e-07,0.0
LSC-CP-RA,"LSC-CP-RA (A=4), tamed",98886f115ea6a7a4c556fecc8bb0d7f3,8da7d73e85753d4e79f54062070fbc7b,True,0,4852,24.26,4185323357.650559,523165.41970631987,4852.0,621056.0,0.14099352938225315,0.00023352498842077463,-0.00021707226702516458,0.0355151314248765,0.029219230269776294,0.04795705557040783,0.52,0.020000000000000018,0.03395437932626337,0.0009395819462668653,0.0006241649498634198,0.16976927540915787,True,1.0,reject,pre_step,drift_diffusion_then_jump,iid_bank,4,every_step,True,0.00043333333333333353,0.005345833333333334,1948.2360865747612,193497,0.00046702390766694145,0.9969960840890354,6.440643033800495e-07,0.0
LSC-CP-RA,"LSC-CP-RA (A=4), tamed",98886f115ea6a7a4c556fecc8bb0d7f3,8da7d73e85753d4e79f54062070fbc7b,True,1,4852,24.26,4185323357.650559,523165.41970631987,4852.0,621056.0,0.0874052565167493,0.00014847505439885555,-0.00030215581901116284,0.03520195863509623,0.023412900805659803,0.03939104126796001,0.5125,0.012499999999999983,0.02740385356432314,0.0056841197432199175,0.06731639241266762,0.11660240962634083,True,1.0,reject,pre_step,drift_diffusion_then_jump,iid_bank,4,every_step,True,0.00043333333333333353,0.005345833333333334,1948.2360865747612,193497,0.00046702390766694145,0.9969960840890354,6.440643033800495e-07,0.0
LSC-CP-RA,"LSC-CP-RA (A=4), tamed",98886f115ea6a7a4c556fecc8bb0d7f3,8da7d73e85753d4e79f54062070fbc7b,True,2,4852,24.26,4185323357.650559,523165.41970631987,4852.0,621056.0,0.10408950315381615,0.0001673596985456438,-0.00028349714462783115,0.02655511257779164,0.022337014900115908,0.038805420357622696,0.5115000000000001,0.011500000000000038,0.025574360318050347,0.0012487406441065163,0.053648773122954733,0.22199654204318275,True,1.0,reject,pre_step,drift_diffusion_then_jump,iid_bank,4,every_step,True,0.00043333333333333353,0.005345833333333334,1948.2360865747612,193497,0.00046702390766694145,0.9969960840890354,6.440643033800495e-07,0.0
LSC-CP-RA,"LSC-CP-RA (A=4), tamed",98886f115ea6a7a4c556fecc8bb0d7f3,8da7d73e85753d4e79f54062070fbc7b,True,3,4852,24.26,4185323357.650559,523165.41970631987,4852.0,621056.0,0.14845996302729744,0.0002506420741574811,-0.00020070841992581023,0.03617835204788644,0.028800208377891472,0.0502682499384261,0.5175,0.017499999999999988,0.03632360036661256,0.010912445095446865,0.043887106058588046,0.3152445937521854,True,1.0,reject,pre_step,drift_diffusion_then_jump,iid_bank,4,every_step,True,0.00043333333333333353,0.005345833333333334,1948.2360865747612,193497,0.00046702390766694145,0.9969960840890354,6.440643033800495e-07,0.0
LSC-CP-RA,"LSC-CP-RA (A=4), tamed",98886f115ea6a7a4c556fecc8bb0d7f3,8da7d73e85753d4e79f54062070fbc7b,True,0,4881,24.405,4210338686.8698225,526292.3358587278,4881.0,624768.0,0.11406284820646324,0.00017080868190655352,-0.0002803604989483066,0.029032307825494263,0.023319737747695513,0.04052610131818604,0.515,0.015000000000000013,0.02479425071615864,0.002681039429610399,0.006806365634601633,0.1895638819464459,True,1.0,reject,pre_step,drift_diffusion_then_jump,iid_bank,4,every_step,True,0.0004870689655172416,0.0052112068965517256,4221.396544798381,194706,0.00046714300348289284,0.9972649047326367,6.402376562179881e-07,0.0
LSC-CP-RA,"LSC-CP-RA (A=4), tamed",98886f115ea6a7a4c556fecc8bb0d7f3,8da7d73e85753d4e79f54062070fbc7b,True,1,4881,24.405,4210338686.8698225,526292.3358587278,4881.0,624768.0,0.12112154098112439,0.0003402230090208125,-0.00010964001444646598,0.045880117241211216,0.029440176466936453,0.04701162213370524,0.5155,0.015499999999999986,0.028893915310672987,0.010098112030095696,0.0014561090750482956,0.1932132323161625,True,1.0,reject,pre_step,drift_diffusion_then_jump,iid_bank,4,every_step,True,0.0004870689655172416,0.0052112068965517256,4221.396544798381,194706,0.00046714300348289284,0.9972649047326367,6.402376562179881e-07,0.0
LSC-CP-RA,"LSC-CP-RA (A=4), tamed",98886f115ea6a7a4c556fecc8bb0d7f3,8da7d73e85753d4e79f54062070fbc7b,True,2,4881,24.405,4210338686.8698225,526292.3358587278,4881.0,624768.0,0.11733591791096186,0.00018129907901220932,-0.0002698332541264392,0.03243522247114716,0.025055272642915058,0.04386274596938307,0.514,0.014000000000000012,0.02738375379206982,0.0038686231726940967,0.0037543626501963883,0.2238501131347036,True,1.0,reject,pre_step,drift_diffusion_then_jump,iid_bank,4,every_step,True,0.0004870689655172416,0.0052112068965517256,4221.396544798381,194706,0.00046714300348289284,0.9972649047326367,6.402376562179881e-07,0.0
LSC-CP-RA,"LSC-CP-RA (A=4), tamed",98886f115ea6a7a4c556fecc8bb0d7f3,8da7d73e85753d4e79f54062070fbc7b,True,3,4881,24.405,4210338686.8698225,526292.3358587278,4881.0,624768.0,0.1339544959012281,0.000253887412854259,-0.00019693578734991668,0.03465596015473271,0.02799359336066069,0.047863423788948485,0.5175,0.017499999999999988,0.03142617057380063,0.0005314551749830976,0.036303938350263625,0.2117887803063262,True,1.0,reject,pre_step,drift_diffusion_then_jump,iid_bank,4,every_step,True,0.0004870689655172416,0.0052112068965517256,4221.396544798381,194706,0.00046714300348289284,0.9972649047326367,6.402376562179881e-07,0.0
LSC-CP-RA,"LSC-CP-RA (A=4), tamed",98886f115ea6a7a4c556fecc8bb0d7f3,8da7d73e85753d4e79f54062070fbc7b,True,0,4911,24.555,4236216613.6483707,529527.0767060464,4911.0,628608.0,0.10060821271415091,0.00029646210407374696,-0.00015336672925114758,0.03302257673938691,0.02065174802952506,0.03158283234733239,0.5065000000000001,0.0065000000000000335,0.010881737725725767,0.016625308348497514,0.0067705674007892715,0.09157294236183355,True,1.0,reject,pre_step,drift_diffusion_then_jump,iid_bank,4,every_step,True,0.00045000000000000015,0.005054166666666668,2017.183696453917,195919,0.00046703828140908166,0.9973477906739971,6.363266137242924e-07,0.0
LSC-CP-RA,"LSC-CP-RA (A=4), tamed",98886f115ea6a7a4c556fecc8bb0d7f3,8da7d73e85753d4e79f54062070fbc7b,True,1,4911,24.555,4236216613.6483707,529527.0767060464,4911.0,628608.0,0.13724128301457023,0.00021299918014927588,-0.00023781128265631946,0.027639887656081497,0.027492290092923432,0.04621325428987619,0.52,0.020000000000000018,0.03449192485633884,0.002063116605075299,0.024677931517926483,0.1779855915916876,True,1.0,reject,pre_step,drift_diffusion_then_jump,iid_bank,4,every_step,True,0.00045000000000000015,0.005054166666666668,2017.183696453917,195919,0.00046703828140908166,0.9973477906739971,6.363266137242924e-07,0.0
LSC-CP-RA,"LSC-CP-RA (A=4), tamed",98886f115ea6a7a4c556fecc8bb0d7f3,8da7d73e85753d4e79f54062070fbc7b,True,2,4911,24.555,4236216613.6483707,529527.0767060464,4911.0,628608.0,0.06678457302824942,0.0001757649739764222,-0.00027423317652308654,0.039569960522753966,0.02091490876065522,0.031219905445510288,0.51,0.010000000000000009,0.020059076771566545,0.015661544993577303,0.029713244345435513,0.037145489752917205,True,1.0,reject,pre_step,drift_diffusion_then_jump,iid_bank,4,every_step,True,0.00045000000000000015,0.005054166666666668,2017.183696453917,195919,0.00046703828140908166,0.9973477906739971,6.363266137242924e-07,0.0
LSC-CP-RA,"LSC-CP-RA (A=4), tamed",98886f115ea6a7a4c556fecc8bb0d7f3,8da7d73e85753d4e79f54062070fbc7b,True,3,4911,24.555,4236216613.6483707,529527.0767060464,4911.0,628608.0,0.16583565584877036,0.00036602035237487396,-8.524272770393804e-05,0.047738438545236184,0.035700651161180506,0.05959931632992462,0.521,0.02099999999999999,0.04755281587471935,0.009867242797057196,0.060371347771257994,0.2898053013641523,True,1.0,reject,pre_step,drift_diffusion_then_jump,iid_bank,4,every_step,True,0.00045000000000000015,0.005054166666666668,2017.183696453917,195919,0.00046703828140908166,0.9973477906739971,6.363266137242924e-07,0.0
LSC-CP-RA,"LSC-CP-RA (A=4), tamed",98886f115ea6a7a4c556fecc8bb0d7f3,8da7d73e85753d4e79f54062070fbc7b,True,0,4941,24.705000000000002,4262094540.4269195,532761.8175533649,4941.0,632448.0,0.1199143572132917,0.00017247209691195753,-0.0002784279051564198,0.03255529497460219,0.01757013092397945,0.028884833249149665,0.5065000000000001,0.0065000000000000335,0.00975147909049444,0.00028859821408699915,0.029018189470713756,0.18780226664547606,True,1.0,reject,pre_step,drift_diffusion_then_jump,iid_bank,4,every_step,True,0.0004583333333333335,0.0049875000000000015,2142.000054515336,197116,0.0004669854280510018,0.9973487148350536,6.324630641570532e-07,0.0
LSC-CP-RA,"LSC-CP-RA (A=4), tamed",98886f115ea6a7a4c556fecc8bb0d7f3,8da7d73e85753d4e79f54062070fbc7b,True,1,4941,24.705000000000002,4262094540.4269195,532761.8175533649,4941.0,632448.0,0.09674738059796646,0.00019477689020130917,-0.0002554107464999289,0.043324093496143856,0.027240584518451814,0.04289237577948511,0.515,0.015000000000000013,0.031122736568160635,0.01195741648833537,0.05305453297525299,0.07226533475369046,True,1.0,reject,pre_step,drift_diffusion_then_jump,iid_bank,4,every_step,True,0.0004583333333333335,0.0049875000000000015,2142.000054515336,197116,0.0004669854280510018,0.9973487148350536,6.324630641570532e-07,0.0
LSC-CP-RA,"LSC-CP-RA (A=4), tamed",98886f115ea6a7a4c556fecc8bb0d7f3,8da7d73e85753d4e79f54062070fbc7b,True,2,4941,24.705000000000002,4262094540.4269195,532761.8175533649,4941.0,632448.0,0.17856666625199027,0.0004187740393973849,-3.310436895942459e-05,0.029929541261454973,0.01609411229151271,0.025135007342205834,0.498,0.0020000000000000018,0.004743566523332374,0.011974306647113409,0.029583103864497185,0.30873850766277255,True,1.0,reject,pre_step,drift_diffusion_then_jump,iid_bank,4,every_step,True,0.0004583333333333335,0.0049875000000000015,2142.000054515336,197116,0.0004669854280510018,0.9973487148350536,6.324630641570532e-07,0.0
LSC-CP-RA,"LSC-CP-RA (A=4), tamed",98886f115ea6a7a4c556fecc8bb0d7f3,8da7d73e85753d4e79f54062070fbc7b,True,3,4941,24.705000000000002,4262094540.4269195,532761.8175533649,4941.0,632448.0,0.11609654075089967,7.732644958347024e-05,-0.0003742691865652459,0.033032855959973406,0.02239719273323809,0.03945045858514089,0.513,0.013000000000000012,0.026235776740354225,0.015534757950484646,0.01540812144200162,0.2816844494317913,True,1.0,reject,pre_step,drift_diffusion_then_jump,iid_bank,4,every_step,True,0.0004583333333333335,0.0049875000000000015,2142.000054515336,197116,0.0004669854280510018,0.9973487148350536,6.324630641570532e-07,0.0
LSC-CP-RA,"LSC-CP-RA (A=4), tamed",98886f115ea6a7a4c556fecc8bb0d7f3,8da7d73e85753d4e79f54062070fbc7b,True,0,4970,24.85,4287109869.6461825,535888.7337057728,4970.0,636160.0,0.12953041437995974,0.00026337029786049904,-0.00018696438698651008,0.029697360719364796,0.028642493696299808,0.04836283111904682,0.5185,0.01849999999999999,0.029949440334824332,0.006638857608937565,2.1813074644346174e-05,0.12166254958667133,True,1.0,reject,pre_step,drift_diffusion_then_jump,iid_bank,4,every_step,True,0.00043534482758620703,0.005004310344827587,4270.422609783731,198277,0.00046680080482897383,0.9973692152917505,6.287726358148894e-07,0.0
LSC-CP-RA,"LSC-CP-RA (A=4), tamed",98886f115ea6a7a4c556fecc8bb0d7f3,8da7d73e85753d4e79f54062070fbc7b,True,1,4970,24.85,4287109869.6461825,535888.7337057728,4970.0,636160.0,0.1631699922513638,0.0003684847222344967,-8.19980239495921e-05,0.04285103389227385,0.03477757858828107,0.05728699542516789,0.5225,0.022499999999999964,0.04947455563633446,0.0004146052305942227,0.09707275211878044,0.24060935232874747,True,1.0,reject,pre_step,drift_diffusion_then_jump,iid_bank,4,every_step,True,0.00043534482758620703,0.005004310344827587,4270.422609783731,198277,0.00046680080482897383,0.9973692152917505,6.287726358148894e-07,0.0
LSC-CP-RA,"LSC-CP-RA (A=4), tamed",98886f115ea6a7a4c556fecc8bb0d7f3,8da7d73e85753d4e79f54062070fbc7b,True,2,4970,24.85,4287109869.6461825,535888.7337057728,4970.0,636160.0,0.20093726713158305,0.0007492814765240885,0.00029819574662171,0.032857338292358707,0.017080752438035876,0.027890557245849157,0.493,0.007000000000000006,0.0170991880786645,0.006056436558010692,0.03252951194655332,0.26887857892557754,True,1.0,reject,pre_step,drift_diffusion_then_jump,iid_bank,4,every_step,True,0.00043534482758620703,0.005004310344827587,4270.422609783731,198277,0.00046680080482897383,0.9973692152917505,6.287726358148894e-07,0.0
LSC-CP-RA,"LSC-CP-RA (A=4), tamed",98886f115ea6a7a4c556fecc8bb0d7f3,8da7d73e85753d4e79f54062070fbc7b,True,3,4970,24.85,4287109869.6461825,535888.7337057728,4970.0,636160.0,0.10679321775330251,8.225166572506382e-05,-0.00036876613209291254,0.022669165665779062,0.015631988746943448,0.0276090925875563,0.5075000000000001,0.007500000000000034,0.014582362671493888,0.0035078557189065496,0.005645081686432916,0.16373334663600347,True,1.0,reject,pre_step,drift_diffusion_then_jump,iid_bank,4,every_step,True,0.00043534482758620703,0.005004310344827587,4270.422609783731,198277,0.00046680080482897383,0.9973692152917505,6.287726358148894e-07,0.0
LSC-CP-RA,"LSC-CP-RA (A=4), tamed",98886f115ea6a7a4c556fecc8bb0d7f3,8da7d73e85753d4e79f54062070fbc7b,True,0,5000,25.0,4312987796.424731,539123.4745530915,5000.0,640000.0,0.17202211380619725,0.00035458954385569896,-9.6953119469112e-05,0.03322844057759189,0.0326562386754588,0.05555788033925577,0.5235,0.023499999999999965,0.04030211582635838,0.01699065055063198,0.001975448524375746,0.2835472824956856,True,1.0,reject,pre_step,drift_diffusion_then_jump,iid_bank,4,every_step,True,0.0004958333333333336,0.004841666666666668,4296.344906740401,199439,0.000466975,0.997195,6.25e-07,0.0
LSC-CP-RA,"LSC-CP-RA (A=4), tamed",98886f115ea6a7a4c556fecc8bb0d7f3,8da7d73e85753d4e79f54062070fbc7b,True,1,5000,25.0,4312987796.424731,539123.4745530915,5000.0,640000.0,0.12759868143448938,0.00021713026999570229,-0.0002336464492369572,0.04136217097502137,0.028007142784757764,0.04528647943565901,0.5155,0.015499999999999986,0.03131923600937791,0.00396138926119316,0.01839945977077103,0.25299635308898283,True,1.0,reject,pre_step,drift_diffusion_then_jump,iid_bank,4,every_step,True,0.0004958333333333336,0.004841666666666668,4296.344906740401,199439,0.000466975,0.997195,6.25e-07,0.0
LSC-CP-RA,"LSC-CP-RA (A=4), tamed",98886f115ea6a7a4c556fecc8bb0d7f3,8da7d73e85753d4e79f54062070fbc7b,True,2,5000,25.0,4312987796.424731,539123.4745530915,5000.0,640000.0,0.15472110901376226,0.0003874332621106591,-6.356469056334468e-05,0.031150511477823994,0.01779782476036124,0.02323547547291762,0.501,0.0010000000000000009,0.004995150446158058,0.0008205609309475115,0.04852507722006169,0.20055619949485493,True,1.0,reject,pre_step,drift_diffusion_then_jump,iid_bank,4,every_step,True,0.0004958333333333336,0.004841666666666668,4296.344906740401,199439,0.000466975,0.997195,6.25e-07,0.0
LSC-CP-RA,"LSC-CP-RA (A=4), tamed",98886f115ea6a7a4c556fecc8bb0d7f3,8da7d73e85753d4e79f54062070fbc7b,True,3,5000,25.0,4312987796.424731,539123.4745530915,5000.0,640000.0,0.16249299039192905,0.00041253424667186955,-3.8096539784038264e-05,0.03615361199991873,0.016622650923987983,0.021207990919487905,0.498,0.0020000000000000018,0.004583767270729312,0.005577295474724853,0.02320545404645754,0.12096934383142599,True,1.0,reject,pre_step,drift_diffusion_then_jump,iid_bank,4,every_step,True,0.0004958333333333336,0.004841666666666668,4296.344906740401,199439,0.000466975,0.997195,6.25e-07,0.0
